season,team,g,mp,fg_per_100_poss,fga_per_100_poss,fg_percent,x3p_per_100_poss,x3pa_per_100_poss,x3p_percent,x2p_per_100_poss,x2pa_per_100_poss,x2p_percent,ft_per_100_poss,fta_per_100_poss,ft_percent,orb_per_100_poss,drb_per_100_poss,trb_per_100_poss,ast_per_100_poss,stl_per_100_poss,blk_per_100_poss,tov_per_100_poss,pf_per_100_poss,pts_per_100_poss,lg,mov,sos,srs,o_rtg,d_rtg,n_rtg,pace,f_tr,x3p_ar,ts_percent,e_fg_percent,tov_percent,orb_percent,ft_fga,opp_e_fg_percent,opp_tov_percent,drb_percent,opp_ft_fga,era,cluster,cluster_label,team_full,user_id
2025,Atlanta Hawks,82,19780,42.0,89.0,0.472,13.1,36.5,0.358,29.0,52.5,0.552,17.4,22.5,0.775,11.5,31.6,43.1,28.7,9.4,5.0,15.1,18.5,114.6,NBA,-1.13,-0.28,-1.41,114.6,115.7,-1.1,102.6,0.252,0.41,0.579,0.546,13.2,26.3,0.196,0.56,13.8,76.0,0.202,2016-present,3,Fast & Flawed D,Atlanta Hawks,Atlanta Hawks_2025
2025,Boston Celtics,82,19830,43.2,93.3,0.462,18.4,50.0,0.368,24.7,43.3,0.571,15.8,19.8,0.799,11.8,35.2,47.0,27.1,7.4,5.7,12.3,16.5,120.6,NBA,9.11,-0.83,8.28,120.6,111.1,9.5,95.7,0.212,0.536,0.591,0.561,10.8,25.7,0.169,0.522,11.6,76.0,0.154,2016-present,1,Pace & Space,Boston Celtics,Boston Celtics_2025
2025,Brooklyn Nets,82,19780,38.8,88.8,0.437,14.0,40.7,0.344,24.8,48.2,0.515,16.8,21.3,0.787,11.3,31.4,42.6,26.0,8.0,4.4,15.7,21.4,108.5,NBA,-7.11,0.16,-6.95,108.5,115.8,-7.3,96.4,0.24,0.458,0.552,0.516,13.7,24.5,0.189,0.557,13.7,75.0,0.218,2016-present,2,Rebuilder,Brooklyn Nets,Brooklyn Nets_2025
2025,Chicago Bulls,82,19755,41.9,89.1,0.47,15.0,40.7,0.367,26.9,48.4,0.556,15.5,19.1,0.809,9.7,34.7,44.4,28.2,7.3,4.6,14.2,17.1,114.1,NBA,-1.56,-0.27,-1.83,114.1,115.6,-1.5,102.8,0.214,0.457,0.585,0.553,12.7,22.3,0.173,0.539,10.8,76.6,0.178,2016-present,1,Pace & Space,Chicago Bulls,Chicago Bulls_2025
2025,Charlotte Hornets,82,19755,39.1,91.0,0.43,13.3,39.1,0.339,25.9,51.8,0.499,15.8,20.2,0.783,12.5,33.6,46.1,24.8,7.6,4.6,15.8,19.1,107.3,NBA,-9.11,0.01,-9.1,107.3,116.6,-9.3,97.6,0.222,0.43,0.537,0.503,13.7,26.5,0.174,0.547,11.9,74.5,0.19,2016-present,2,Rebuilder,Charlotte Hornets,Charlotte Hornets_2025
2025,Cleveland Cavaliers,82,19755,44.5,90.6,0.491,15.9,41.4,0.383,28.6,49.2,0.581,16.9,21.8,0.776,11.2,34.2,45.3,28.0,8.2,4.3,13.2,18.1,121.7,NBA,9.54,-0.73,8.81,121.7,112.2,9.5,99.8,0.241,0.457,0.607,0.578,11.6,25.9,0.187,0.528,12.6,74.8,0.181,2016-present,1,Pace & Space,Cleveland Cavaliers,Cleveland Cavaliers_2025
2025,Dallas Mavericks,82,19730,42.2,88.2,0.479,12.5,34.3,0.364,29.7,53.9,0.552,17.9,23.2,0.77,10.2,33.1,43.3,25.4,7.8,5.5,14.1,17.9,114.8,NBA,-1.2,0.46,-0.74,114.8,116.0,-1.2,99.2,0.263,0.389,0.583,0.549,12.5,23.3,0.203,0.54,11.6,73.1,0.179,2016-present,3,Fast & Flawed D,Dallas Mavericks,Dallas Mavericks_2025
2025,Denver Nuggets,82,19855,45.1,89.1,0.506,11.9,31.7,0.376,33.2,57.4,0.578,17.8,23.1,0.77,11.1,34.3,45.4,30.8,7.9,4.9,14.2,17.5,119.9,NBA,3.89,0.08,3.97,119.9,116.0,3.9,99.8,0.259,0.356,0.604,0.573,12.5,26.7,0.2,0.542,11.3,74.6,0.173,2016-present,1,Pace & Space,Denver Nuggets,Denver Nuggets_2025
2025,Detroit Pistons,82,19805,42.5,89.4,0.476,12.8,35.2,0.362,29.8,54.2,0.55,17.2,22.2,0.774,11.3,33.3,44.6,26.3,7.9,5.2,14.8,20.6,115.0,NBA,1.9,-0.17,1.73,115.0,113.1,1.9,99.8,0.248,0.394,0.58,0.547,13.0,26.2,0.192,0.539,13.3,76.0,0.214,2016-present,3,Fast & Flawed D,Detroit Pistons,Detroit Pistons_2025
2025,Golden State Warriors,82,19730,41.2,91.4,0.451,15.6,42.8,0.364,25.6,48.5,0.528,17.0,22.3,0.764,12.7,33.2,45.9,29.4,9.5,4.8,14.2,19.4,115.0,NBA,3.3,0.25,3.56,115.0,111.7,3.3,98.7,0.244,0.469,0.568,0.536,12.3,27.3,0.187,0.541,14.1,75.6,0.189,2016-present,3,Fast & Flawed D,Golden State Warriors,Golden State Warriors_2025
2025,Houston Rockets,82,19780,42.9,94.2,0.455,12.8,36.2,0.353,30.1,58.1,0.518,16.8,22.8,0.738,14.8,34.1,48.9,23.6,8.5,5.1,14.0,19.2,115.3,NBA,4.51,0.45,4.97,115.3,110.8,4.5,98.6,0.242,0.384,0.553,0.523,11.8,31.7,0.178,0.528,12.8,76.2,0.186,2016-present,3,Fast & Flawed D,Houston Rockets,Houston Rockets_2025
2025,Indiana Pacers,82,19855,43.3,88.7,0.488,13.1,35.5,0.368,30.2,53.2,0.568,16.9,21.4,0.789,9.1,32.4,41.5,29.0,8.4,5.4,13.1,18.6,116.5,NBA,2.23,-0.55,1.68,116.5,114.3,2.2,99.9,0.241,0.4,0.594,0.562,11.8,21.3,0.19,0.546,13.1,74.5,0.19,2016-present,1,Pace & Space,Indiana Pacers,Indiana Pacers_2025
2025,Los Angeles Clippers,82,19805,42.4,87.9,0.482,12.7,34.0,0.373,29.7,53.9,0.55,17.6,22.1,0.797,10.5,34.2,44.6,25.7,9.6,4.6,15.2,18.7,115.1,NBA,4.66,0.18,4.84,115.1,110.3,4.8,97.5,0.251,0.387,0.589,0.554,13.4,24.4,0.2,0.536,13.7,77.5,0.189,2016-present,1,Pace & Space,Los Angeles Clippers,Los Angeles Clippers_2025
2025,Los Angeles Lakers,82,19730,41.8,87.3,0.479,13.6,37.2,0.366,28.2,50.2,0.562,18.6,23.7,0.785,9.9,33.5,43.4,26.6,7.9,4.6,14.3,17.6,115.9,NBA,1.22,0.23,1.45,115.9,114.7,1.2,97.6,0.271,0.425,0.593,0.557,12.7,23.3,0.213,0.539,12.2,74.5,0.178,2016-present,1,Pace & Space,Los Angeles Lakers,Los Angeles Lakers_2025
2025,Memphis Grizzlies,82,19705,43.3,90.3,0.479,13.5,36.6,0.367,29.8,53.6,0.556,17.7,22.5,0.786,12.5,33.3,45.7,27.5,8.6,5.4,15.2,20.2,117.7,NBA,4.85,-0.06,4.79,117.7,113.0,4.7,103.3,0.249,0.406,0.588,0.554,13.1,28.7,0.196,0.533,12.9,74.9,0.206,2016-present,1,Pace & Space,Memphis Grizzlies,Memphis Grizzlies_2025
2025,Miami Heat,82,19930,41.5,89.3,0.465,14.1,38.3,0.367,27.5,51.0,0.538,16.4,20.7,0.791,10.0,34.5,44.5,27.1,8.4,3.9,13.9,16.0,113.5,NBA,0.56,-0.45,0.11,113.5,112.9,0.6,96.2,0.232,0.429,0.576,0.544,12.4,22.3,0.183,0.543,12.5,75.8,0.157,2016-present,3,Fast & Flawed D,Miami Heat,Miami Heat_2025
2025,Milwaukee Bucks,82,19755,42.2,86.7,0.486,14.2,36.7,0.387,28.0,49.9,0.56,17.4,23.2,0.75,8.2,35.3,43.5,25.6,7.4,4.7,13.4,18.0,115.9,NBA,2.48,-0.36,2.12,115.9,113.4,2.5,99.3,0.268,0.424,0.598,0.568,12.2,19.3,0.201,0.533,11.4,76.2,0.174,2016-present,1,Pace & Space,Milwaukee Bucks,Milwaukee Bucks_2025
2025,Minnesota Timberwolves,82,19830,41.8,89.3,0.468,15.3,40.7,0.377,26.5,48.7,0.545,17.6,22.3,0.789,11.3,33.9,45.2,26.6,8.1,5.1,14.8,18.6,116.6,NBA,5.0,0.15,5.15,116.6,111.5,5.1,97.3,0.249,0.455,0.588,0.554,13.0,25.8,0.196,0.532,13.2,75.1,0.178,2016-present,1,Pace & Space,Minnesota Timberwolves,Minnesota Timberwolves_2025
2025,New Orleans Pelicans,82,19755,40.8,90.3,0.452,12.1,34.8,0.347,28.8,55.5,0.518,16.6,22.1,0.754,12.2,31.7,43.8,26.0,8.6,5.3,14.7,18.4,110.4,NBA,-9.43,0.84,-8.59,110.4,119.9,-9.5,99.1,0.244,0.385,0.552,0.519,12.8,26.3,0.184,0.564,12.3,72.7,0.19,2016-present,2,Rebuilder,New Orleans Pelicans,New Orleans Pelicans_2025
2025,New York Knicks,82,19880,44.3,91.3,0.486,12.9,34.9,0.369,31.5,56.4,0.558,16.9,21.2,0.8,11.1,32.5,43.6,28.1,8.4,4.0,13.6,17.6,118.5,NBA,4.1,-0.51,3.59,118.5,114.3,4.2,96.7,0.232,0.382,0.589,0.556,11.9,26.0,0.186,0.549,13.1,74.5,0.176,2016-present,1,Pace & Space,New York Knicks,New York Knicks_2025
2025,Oklahoma City Thunder,82,19705,44.6,92.6,0.482,14.5,38.8,0.374,30.1,53.8,0.559,16.7,20.4,0.819,10.6,34.1,44.7,26.8,10.3,5.7,11.7,19.9,120.3,NBA,12.87,-0.16,12.7,120.3,107.5,12.8,100.0,0.22,0.419,0.593,0.56,10.3,24.2,0.18,0.513,14.9,74.6,0.211,2016-present,1,Pace & Space,Oklahoma City Thunder,Oklahoma City Thunder_2025
2025,Orlando Magic,82,19730,39.6,89.0,0.445,11.7,36.6,0.318,28.0,52.4,0.533,18.5,23.9,0.775,11.6,31.9,43.4,23.9,9.2,6.2,14.7,20.9,109.4,NBA,-0.12,-0.58,-0.7,109.4,109.6,-0.2,96.1,0.269,0.411,0.55,0.51,12.9,25.3,0.208,0.538,15.0,77.0,0.22,2016-present,4,Defensive Powerhouse,Orlando Magic,Orlando Magic_2025
2025,Philadelphia 76ers,82,19805,40.5,89.2,0.454,13.0,38.0,0.341,27.5,51.3,0.537,17.9,23.0,0.78,10.6,30.0,40.6,23.7,9.4,4.6,13.9,19.4,111.9,NBA,-6.23,-0.06,-6.29,111.9,118.2,-6.3,97.4,0.257,0.426,0.563,0.527,12.3,23.4,0.201,0.57,14.3,71.8,0.194,2016-present,3,Fast & Flawed D,Philadelphia 76ers,Philadelphia 76ers_2025
2025,Phoenix Suns,82,19830,42.2,88.2,0.478,14.7,38.8,0.378,27.5,49.4,0.556,17.2,21.2,0.81,9.8,33.7,43.4,28.4,7.4,4.9,14.4,18.3,116.2,NBA,-3.0,0.45,-2.55,116.2,119.3,-3.1,97.1,0.241,0.44,0.595,0.561,12.8,22.6,0.195,0.552,10.9,74.1,0.191,2016-present,1,Pace & Space,Phoenix Suns,Phoenix Suns_2025
2025,Portland Trail Blazers,82,19780,40.8,90.9,0.45,13.0,38.0,0.342,27.9,52.8,0.527,17.0,22.4,0.762,13.5,31.6,45.1,24.0,8.3,5.3,16.1,19.1,111.7,NBA,-2.98,0.31,-2.67,111.7,114.7,-3.0,98.8,0.246,0.418,0.555,0.521,13.8,29.2,0.187,0.543,13.6,72.5,0.204,2016-present,2,Rebuilder,Portland Trail Blazers,Portland Trail Blazers_2025
2025,Sacramento Kings,82,19880,43.4,90.8,0.478,12.7,35.5,0.357,30.7,55.3,0.555,17.2,21.4,0.806,11.1,33.5,44.6,26.7,7.6,4.4,13.4,19.0,116.7,NBA,0.48,0.11,0.58,116.7,116.2,0.5,98.2,0.235,0.391,0.582,0.548,11.8,25.4,0.19,0.557,12.5,76.9,0.2,2016-present,3,Fast & Flawed D,Sacramento Kings,Sacramento Kings_2025
2025,San Antonio Spurs,82,19730,42.0,90.2,0.465,14.2,39.8,0.357,27.8,50.4,0.551,16.3,21.1,0.774,11.0,32.9,43.9,28.8,8.3,5.6,13.9,16.7,114.4,NBA,-2.76,0.31,-2.45,114.4,117.2,-2.8,99.3,0.234,0.441,0.575,0.544,12.3,24.3,0.181,0.551,12.0,73.0,0.158,2016-present,3,Fast & Flawed D,San Antonio Spurs,San Antonio Spurs_2025
2025,Toronto Raptors,82,19805,41.5,90.7,0.458,11.8,33.9,0.348,29.7,56.8,0.523,15.7,21.0,0.748,12.6,32.4,45.0,28.4,8.1,4.2,15.3,21.1,110.5,NBA,-4.29,-0.11,-4.4,110.5,114.8,-4.3,99.7,0.232,0.373,0.553,0.522,13.3,27.3,0.173,0.541,13.2,73.9,0.222,2016-present,2,Rebuilder,Toronto Raptors,Toronto Raptors_2025
2025,Utah Jazz,82,19805,40.0,88.1,0.454,13.9,39.6,0.35,26.2,48.5,0.54,17.2,22.2,0.774,11.9,33.2,45.1,25.4,6.7,4.4,17.1,18.8,111.2,NBA,-9.34,0.83,-8.51,111.2,120.4,-9.2,100.0,0.252,0.449,0.568,0.533,14.9,26.9,0.195,0.559,10.3,74.1,0.185,2016-present,2,Rebuilder,Utah Jazz,Utah Jazz_2025
2025,Washington Wizards,82,19730,39.0,88.9,0.439,13.0,38.7,0.335,26.0,50.2,0.519,15.9,20.4,0.778,10.5,32.7,43.2,24.8,7.5,5.1,15.4,19.5,106.8,NBA,-12.44,0.3,-12.14,106.8,119.1,-12.3,100.9,0.229,0.435,0.546,0.512,13.6,22.7,0.178,0.548,11.4,71.9,0.202,2016-present,2,Rebuilder,Washington Wizards,Washington Wizards_2025
2024,Atlanta Hawks,82,19855,42.6,91.6,0.465,13.6,37.3,0.364,29.0,54.3,0.535,18.4,23.0,0.797,12.4,31.9,44.2,26.3,7.4,4.5,13.4,18.4,117.2,NBA,-2.18,-0.19,-2.38,117.2,119.4,-2.2,100.1,0.251,0.408,0.576,0.539,11.6,27.1,0.2,0.572,12.4,75.2,0.192,2016-present,3,Fast & Flawed D,Atlanta Hawks,Atlanta Hawks_2024
2024,Boston Celtics,82,19830,44.9,92.1,0.487,16.8,43.4,0.388,28.0,48.8,0.575,16.6,20.6,0.807,10.9,36.4,47.3,27.5,6.9,6.7,12.2,16.5,123.2,NBA,11.34,-0.6,10.75,123.2,111.6,11.6,97.2,0.224,0.471,0.609,0.578,10.8,24.9,0.18,0.523,10.8,76.3,0.145,2016-present,1,Pace & Space,Boston Celtics,Boston Celtics_2024
2024,Brooklyn Nets,82,19805,41.7,91.4,0.456,13.6,37.6,0.362,28.1,53.7,0.522,16.2,21.4,0.756,11.7,33.4,45.2,26.3,7.0,5.3,13.5,19.0,113.2,NBA,-2.89,-0.13,-3.02,113.2,116.1,-2.9,96.9,0.234,0.412,0.561,0.531,11.8,25.2,0.177,0.543,11.4,76.0,0.193,2016-present,3,Fast & Flawed D,Brooklyn Nets,Brooklyn Nets_2024
2024,Chicago Bulls,82,19980,43.0,91.6,0.47,11.7,32.8,0.358,31.3,58.7,0.532,17.1,21.6,0.791,11.4,33.4,44.8,25.6,8.0,4.9,12.5,19.2,114.9,NBA,-1.44,-0.33,-1.77,114.9,116.3,-1.4,96.3,0.236,0.358,0.568,0.534,11.0,25.1,0.187,0.556,12.7,76.4,0.195,2016-present,3,Fast & Flawed D,Chicago Bulls,Chicago Bulls_2024
2024,Charlotte Hornets,82,19730,41.0,89.2,0.46,12.4,34.9,0.355,28.7,54.3,0.528,14.9,18.9,0.786,9.6,31.7,41.3,25.4,7.0,4.6,14.1,18.4,109.3,NBA,-10.24,0.13,-10.12,109.3,119.8,-10.5,97.3,0.212,0.391,0.56,0.529,12.6,21.1,0.167,0.572,12.3,74.5,0.188,2016-present,2,Rebuilder,Charlotte Hornets,Charlotte Hornets_2024
2024,Cleveland Cavaliers,82,19805,42.7,89.2,0.479,13.8,37.6,0.367,28.9,51.5,0.561,15.9,20.8,0.765,10.1,34.2,44.3,28.7,7.5,4.7,13.9,17.9,115.2,NBA,2.41,-0.44,1.98,115.2,112.7,2.5,97.2,0.234,0.422,0.586,0.557,12.4,23.2,0.179,0.535,12.3,76.9,0.19,2016-present,1,Pace & Space,Cleveland Cavaliers,Cleveland Cavaliers_2024
2024,Dallas Mavericks,82,19705,43.0,89.5,0.481,14.6,39.5,0.369,28.5,50.0,0.569,17.0,22.4,0.758,9.7,33.2,42.9,25.6,6.9,4.9,12.5,18.3,117.6,NBA,2.21,0.09,2.3,117.6,115.4,2.2,100.1,0.251,0.441,0.592,0.562,11.2,22.2,0.19,0.548,12.1,75.2,0.184,2016-present,1,Pace & Space,Dallas Mavericks,Dallas Mavericks_2024
2024,Denver Nuggets,82,19705,45.4,91.5,0.496,12.0,32.2,0.374,33.4,59.4,0.562,15.6,20.5,0.762,11.1,34.8,45.8,30.4,7.4,5.7,13.0,18.7,118.5,NBA,5.26,-0.03,5.23,118.5,113.0,5.5,96.8,0.224,0.352,0.589,0.562,11.5,25.5,0.17,0.526,11.2,75.6,0.195,2016-present,1,Pace & Space,Denver Nuggets,Denver Nuggets_2024
2024,Detroit Pistons,82,19755,40.8,88.1,0.463,11.0,31.7,0.348,29.8,56.4,0.528,17.0,21.7,0.785,10.5,32.8,43.3,25.4,6.5,4.7,15.2,20.6,109.7,NBA,-9.11,0.05,-9.06,109.7,118.8,-9.1,99.8,0.246,0.36,0.562,0.526,13.5,23.9,0.193,0.558,11.1,77.3,0.221,2016-present,2,Rebuilder,Detroit Pistons,Detroit Pistons_2024
2024,Golden State Warriors,82,19830,43.7,91.7,0.477,14.8,38.9,0.38,28.9,52.8,0.548,15.6,20.1,0.78,12.2,34.6,46.7,29.3,7.0,4.6,14.3,19.5,117.8,NBA,2.61,0.16,2.77,117.8,115.2,2.6,99.2,0.219,0.425,0.586,0.557,12.5,27.5,0.171,0.539,11.5,76.1,0.195,2016-present,1,Pace & Space,Golden State Warriors,Golden State Warriors_2024
2024,Houston Rockets,82,19855,41.8,91.1,0.459,12.7,36.2,0.352,29.1,54.9,0.53,18.1,23.4,0.773,11.5,34.0,45.5,24.9,7.8,4.6,12.8,20.8,114.5,NBA,1.12,0.12,1.24,114.5,113.4,1.1,99.0,0.257,0.397,0.565,0.529,11.2,25.1,0.199,0.533,12.2,76.0,0.219,2016-present,3,Fast & Flawed D,Houston Rockets,Houston Rockets_2024
2024,Indiana Pacers,82,19705,46.1,91.0,0.507,13.0,34.6,0.374,33.2,56.4,0.589,15.8,20.2,0.782,9.9,30.9,40.8,30.2,7.6,5.8,12.7,21.0,121.0,NBA,3.05,-0.3,2.75,121.0,118.0,3.0,101.7,0.222,0.38,0.606,0.578,11.3,23.8,0.173,0.556,12.1,74.1,0.228,2016-present,1,Pace & Space,Indiana Pacers,Indiana Pacers_2024
2024,Los Angeles Clippers,82,19705,43.5,89.0,0.489,13.0,34.1,0.381,30.5,55.0,0.555,18.8,22.8,0.825,10.3,33.8,44.1,26.3,8.0,5.2,13.5,19.0,118.8,NBA,3.28,0.13,3.41,118.8,115.4,3.4,97.2,0.256,0.383,0.599,0.561,12.0,24.4,0.211,0.541,11.7,74.8,0.183,2016-present,1,Pace & Space,Los Angeles Clippers,Los Angeles Clippers_2024
2024,Los Angeles Lakers,82,19855,42.9,86.0,0.499,11.6,30.8,0.377,31.3,55.2,0.567,18.6,23.8,0.782,8.1,34.2,42.3,28.0,7.2,5.4,13.7,15.4,115.9,NBA,0.6,0.48,1.07,115.9,115.3,0.6,100.9,0.276,0.358,0.601,0.566,12.5,19.9,0.216,0.55,11.7,76.2,0.153,2016-present,1,Pace & Space,Los Angeles Lakers,Los Angeles Lakers_2024
2024,Memphis Grizzlies,82,19780,38.9,89.3,0.435,13.2,38.3,0.346,25.6,51.1,0.502,16.3,21.3,0.764,11.1,32.1,43.2,25.0,8.3,6.2,15.3,19.3,107.2,NBA,-7.0,0.43,-6.57,107.2,114.3,-7.1,98.2,0.238,0.428,0.543,0.509,13.4,23.8,0.182,0.551,13.5,74.8,0.195,2016-present,2,Rebuilder,Memphis Grizzlies,Memphis Grizzlies_2024
2024,Miami Heat,82,19755,41.2,88.7,0.465,12.9,34.9,0.37,28.3,53.8,0.527,18.7,22.8,0.818,9.7,34.1,43.8,26.7,7.8,3.5,13.1,17.9,114.0,NBA,1.76,-0.66,1.1,114.0,112.2,1.8,96.2,0.257,0.394,0.578,0.538,11.7,21.8,0.21,0.543,12.7,78.1,0.174,2016-present,0,Playoff Team,Miami Heat,Miami Heat_2024
2024,Milwaukee Bucks,82,19805,42.9,88.1,0.487,14.1,37.9,0.373,28.8,50.2,0.574,18.4,23.8,0.774,9.4,34.6,43.9,26.4,6.8,5.0,12.8,19.1,118.4,NBA,2.62,-0.18,2.44,118.4,115.8,2.6,99.9,0.27,0.43,0.601,0.568,11.5,21.8,0.209,0.539,10.6,77.2,0.189,2016-present,1,Pace & Space,Milwaukee Bucks,Milwaukee Bucks_2024
2024,Minnesota Timberwolves,82,19805,42.2,87.0,0.485,12.9,33.5,0.387,29.3,53.6,0.546,18.2,23.5,0.777,9.6,35.0,44.6,27.3,8.1,6.2,14.5,19.3,115.6,NBA,6.45,-0.07,6.39,115.6,109.0,6.6,97.1,0.27,0.384,0.594,0.559,13.0,23.2,0.209,0.515,12.9,76.9,0.197,2016-present,1,Pace & Space,Minnesota Timberwolves,Minnesota Timberwolves_2024
2024,New Orleans Pelicans,82,19705,43.3,89.1,0.486,12.7,33.3,0.383,30.6,55.9,0.548,18.0,23.3,0.771,10.6,34.2,44.8,27.5,8.5,4.7,13.3,18.8,117.4,NBA,4.41,0.05,4.46,117.4,112.9,4.5,97.9,0.261,0.373,0.591,0.558,11.8,24.4,0.202,0.541,12.9,76.9,0.186,2016-present,1,Pace & Space,New Orleans Pelicans,New Orleans Pelicans_2024
2024,New York Knicks,82,19730,43.3,92.9,0.465,13.8,37.5,0.369,29.4,55.4,0.531,17.8,22.9,0.78,13.3,34.1,47.3,25.5,7.8,4.3,13.9,18.5,118.2,NBA,4.59,-0.23,4.36,118.2,113.4,4.8,95.2,0.246,0.404,0.574,0.54,11.9,29.4,0.192,0.543,12.3,76.1,0.176,2016-present,3,Fast & Flawed D,New York Knicks,New York Knicks_2024
2024,Oklahoma City Thunder,82,19805,44.3,88.9,0.499,13.2,34.0,0.389,31.1,54.9,0.567,17.6,21.4,0.825,8.8,33.1,41.8,27.0,8.4,6.5,12.6,18.8,119.5,NBA,7.41,-0.05,7.36,119.5,112.1,7.4,99.8,0.24,0.383,0.608,0.573,11.4,21.1,0.198,0.53,13.6,73.8,0.202,2016-present,1,Pace & Space,Oklahoma City Thunder,Oklahoma City Thunder_2024
2024,Orlando Magic,82,19780,41.5,87.2,0.476,11.3,32.1,0.352,30.2,55.0,0.549,19.0,25.1,0.759,10.8,32.6,43.4,25.3,8.4,5.3,15.1,20.3,113.4,NBA,2.02,-0.55,1.48,113.4,111.3,2.1,96.9,0.287,0.369,0.577,0.541,13.3,25.3,0.218,0.543,13.8,78.1,0.206,2016-present,0,Playoff Team,Orlando Magic,Orlando Magic_2024
2024,Philadelphia 76ers,82,19780,42.3,91.2,0.464,12.3,34.0,0.363,30.0,57.2,0.525,19.9,24.1,0.826,11.3,32.5,43.8,25.4,8.6,6.1,12.2,20.7,116.9,NBA,3.05,-0.54,2.51,116.9,113.8,3.1,97.5,0.264,0.373,0.574,0.532,10.7,24.8,0.218,0.537,13.1,74.3,0.215,2016-present,3,Fast & Flawed D,Philadelphia 76ers,Philadelphia 76ers_2024
2024,Phoenix Suns,82,19780,43.0,87.2,0.493,12.6,33.0,0.382,30.4,54.2,0.561,19.1,23.6,0.808,10.3,34.3,44.6,27.4,7.5,6.1,15.1,18.2,117.6,NBA,3.06,0.02,3.08,117.6,114.6,3.0,98.3,0.271,0.378,0.603,0.565,13.4,25.0,0.219,0.536,11.3,75.6,0.178,2016-present,1,Pace & Space,Phoenix Suns,Phoenix Suns_2024
2024,Portland Trail Blazers,82,19880,40.1,91.3,0.439,11.7,33.8,0.345,28.4,57.5,0.494,16.5,20.9,0.791,12.9,30.7,43.5,23.5,7.8,4.4,15.5,20.5,108.3,NBA,-9.02,0.74,-8.29,108.3,117.5,-9.2,97.2,0.228,0.37,0.539,0.503,13.4,27.5,0.181,0.558,12.8,74.0,0.216,2016-present,2,Rebuilder,Portland Trail Blazers,Portland Trail Blazers_2024
2024,Sacramento Kings,82,19855,43.5,91.2,0.477,14.4,39.4,0.366,29.0,51.8,0.561,15.6,20.9,0.745,10.9,33.3,44.1,28.4,7.6,4.2,13.2,20.0,116.9,NBA,1.74,0.55,2.29,116.9,115.2,1.7,98.8,0.229,0.432,0.582,0.556,11.6,24.5,0.171,0.555,12.5,78.4,0.213,2016-present,3,Fast & Flawed D,Sacramento Kings,Sacramento Kings_2024
2024,San Antonio Spurs,82,19830,41.2,89.0,0.462,12.4,35.7,0.347,28.8,53.3,0.539,15.3,19.6,0.782,10.2,33.3,43.4,29.3,7.0,6.2,14.9,16.9,110.0,NBA,-6.49,0.69,-5.8,110.0,116.4,-6.4,101.1,0.22,0.401,0.563,0.532,13.2,22.9,0.172,0.555,11.7,76.4,0.174,2016-present,3,Fast & Flawed D,San Antonio Spurs,San Antonio Spurs_2024
2024,Toronto Raptors,82,19805,42.3,89.7,0.471,11.5,33.1,0.347,30.8,56.6,0.543,16.3,21.6,0.756,10.9,31.8,42.6,28.5,7.7,4.7,14.0,18.4,112.3,NBA,-6.44,-0.01,-6.45,112.3,118.8,-6.5,99.4,0.241,0.369,0.566,0.535,12.4,24.2,0.182,0.566,12.2,73.9,0.172,2016-present,3,Fast & Flawed D,Toronto Raptors,Toronto Raptors_2024
2024,Utah Jazz,82,19805,41.9,89.8,0.467,12.9,36.5,0.354,29.0,53.3,0.544,18.7,22.6,0.83,12.2,33.2,45.4,27.2,6.5,5.6,15.7,18.6,115.5,NBA,-4.89,0.68,-4.22,115.5,120.4,-4.9,99.5,0.251,0.406,0.579,0.539,13.6,28.1,0.209,0.567,10.9,75.2,0.182,2016-present,3,Fast & Flawed D,Utah Jazz,Utah Jazz_2024
2024,Washington Wizards,82,19730,41.7,88.8,0.47,12.0,34.5,0.348,29.7,54.2,0.548,15.0,19.6,0.764,8.9,31.0,39.9,27.1,7.4,4.9,13.6,19.4,110.5,NBA,-9.29,0.0,-9.29,110.5,119.6,-9.1,102.7,0.221,0.389,0.567,0.538,12.2,20.0,0.169,0.562,12.0,72.5,0.201,2016-present,3,Fast & Flawed D,Washington Wizards,Washington Wizards_2024
2023,Atlanta Hawks,82,19855,43.9,90.9,0.483,10.6,30.1,0.352,33.3,60.9,0.548,18.2,22.2,0.818,11.0,32.6,43.7,24.6,7.0,4.8,12.7,18.5,116.6,NBA,0.29,0.02,0.32,116.6,116.3,0.3,100.7,0.244,0.331,0.579,0.541,11.2,25.1,0.2,0.552,12.4,75.8,0.206,2016-present,3,Fast & Flawed D,Atlanta Hawks,Atlanta Hawks_2023
2023,Boston Celtics,82,19980,42.2,88.8,0.475,16.0,42.6,0.377,26.2,46.2,0.567,17.5,21.6,0.812,9.7,35.6,45.3,26.7,6.4,5.2,13.4,18.8,118.0,NBA,6.52,-0.15,6.38,118.0,111.5,6.5,98.5,0.243,0.48,0.6,0.566,12.0,22.1,0.197,0.528,11.3,78.5,0.18,2016-present,1,Pace & Space,Boston Celtics,Boston Celtics_2023
2023,Brooklyn Nets,82,19730,42.0,86.3,0.487,13.0,34.3,0.378,29.1,52.0,0.559,17.9,22.4,0.8,8.3,32.8,41.1,25.9,7.2,6.3,13.9,21.4,115.0,NBA,0.85,0.18,1.03,115.0,114.1,0.9,98.3,0.26,0.397,0.598,0.562,12.7,19.6,0.208,0.53,12.2,73.7,0.212,2016-present,1,Pace & Space,Brooklyn Nets,Brooklyn Nets_2023
2023,Chicago Bulls,82,19905,42.7,87.1,0.49,10.4,29.0,0.361,32.2,58.1,0.555,17.7,21.9,0.809,8.5,34.0,42.5,24.5,7.9,4.5,13.4,19.0,113.5,NBA,1.29,0.07,1.37,113.5,112.2,1.3,98.5,0.251,0.333,0.587,0.55,12.2,20.1,0.203,0.544,13.5,77.8,0.197,2016-present,0,Playoff Team,Chicago Bulls,Chicago Bulls_2023
2023,Charlotte Hornets,82,19830,40.6,89.0,0.457,10.6,32.0,0.33,30.1,56.9,0.528,17.4,23.2,0.749,10.8,33.0,43.8,24.7,7.6,5.1,14.0,19.9,109.2,NBA,-6.24,0.35,-5.89,109.2,115.3,-6.1,100.8,0.261,0.36,0.55,0.516,12.3,23.8,0.195,0.544,12.5,75.5,0.211,2016-present,2,Rebuilder,Charlotte Hornets,Charlotte Hornets_2023
2023,Cleveland Cavaliers,82,19880,43.0,88.1,0.488,12.0,32.7,0.367,31.0,55.4,0.559,18.2,23.3,0.78,10.0,32.5,42.5,25.8,7.4,4.8,13.8,19.7,116.1,NBA,5.38,-0.15,5.23,116.1,110.6,5.5,95.7,0.264,0.371,0.59,0.556,12.3,23.6,0.206,0.535,14.4,76.3,0.21,2016-present,1,Pace & Space,Cleveland Cavaliers,Cleveland Cavaliers_2023
2023,Dallas Mavericks,82,19930,40.9,86.2,0.475,15.5,41.9,0.371,25.4,44.2,0.574,19.4,25.7,0.755,7.8,31.9,39.7,23.4,6.4,3.8,12.5,21.2,116.8,NBA,0.07,-0.22,-0.14,116.8,116.7,0.1,96.6,0.298,0.487,0.599,0.565,11.4,18.0,0.225,0.549,11.9,75.5,0.226,2016-present,0,Playoff Team,Dallas Mavericks,Dallas Mavericks_2023
2023,Denver Nuggets,82,19755,44.2,87.8,0.504,12.0,31.7,0.379,32.3,56.1,0.575,17.1,22.7,0.751,10.3,33.4,43.7,29.3,7.7,4.6,14.8,18.9,117.6,NBA,3.33,-0.29,3.04,117.6,114.2,3.4,98.1,0.259,0.361,0.601,0.573,13.1,24.8,0.194,0.543,12.2,76.4,0.201,2016-present,1,Pace & Space,Denver Nuggets,Denver Nuggets_2023
2023,Detroit Pistons,82,19805,39.7,87.4,0.454,11.4,32.5,0.351,28.3,54.8,0.516,19.9,25.8,0.771,11.2,31.4,42.6,23.1,7.0,3.8,15.1,22.2,110.7,NBA,-8.22,0.49,-7.73,110.7,118.9,-8.2,99.0,0.295,0.372,0.561,0.52,13.3,24.9,0.227,0.557,11.9,74.0,0.231,2016-present,2,Rebuilder,Detroit Pistons,Detroit Pistons_2023
2023,Golden State Warriors,82,19830,42.1,88.0,0.479,16.2,42.2,0.385,25.9,45.9,0.564,15.6,19.7,0.794,10.3,33.3,43.6,29.1,7.0,3.8,15.9,20.9,116.1,NBA,1.8,-0.15,1.66,116.1,114.4,1.7,101.6,0.224,0.479,0.6,0.571,14.1,24.4,0.178,0.54,12.3,76.0,0.214,2016-present,1,Pace & Space,Golden State Warriors,Golden State Warriors_2023
2023,Houston Rockets,82,19755,40.8,89.4,0.457,10.5,32.1,0.327,30.3,57.3,0.53,19.2,25.5,0.754,13.5,33.1,46.6,22.5,7.4,4.6,16.3,20.6,111.4,NBA,-7.85,0.24,-7.62,111.4,119.3,-7.9,99.0,0.285,0.359,0.554,0.516,14.0,30.2,0.215,0.564,11.8,75.8,0.218,2016-present,2,Rebuilder,Houston Rockets,Houston Rockets_2023
2023,Indiana Pacers,82,19755,41.4,88.3,0.469,13.4,36.4,0.367,28.0,51.8,0.54,18.4,23.4,0.79,10.0,30.9,40.9,26.6,7.6,5.7,14.7,20.9,114.6,NBA,-3.18,0.28,-2.91,114.6,117.7,-3.1,101.1,0.265,0.413,0.581,0.545,13.0,23.4,0.209,0.554,13.0,72.2,0.229,2016-present,3,Fast & Flawed D,Indiana Pacers,Indiana Pacers_2023
2023,Los Angeles Clippers,82,19830,41.6,87.2,0.477,12.9,33.8,0.381,28.8,53.4,0.539,18.9,24.2,0.781,9.9,33.9,43.8,24.2,7.2,4.5,14.4,19.7,115.0,NBA,0.5,-0.19,0.31,115.0,114.5,0.5,98.0,0.278,0.387,0.588,0.551,12.8,22.9,0.217,0.543,11.7,76.6,0.195,2016-present,0,Playoff Team,Los Angeles Clippers,Los Angeles Clippers_2023
2023,Los Angeles Lakers,82,19880,41.9,87.0,0.482,10.5,30.5,0.346,31.4,56.5,0.555,20.2,26.0,0.775,9.7,34.9,44.7,24.7,6.3,4.5,13.8,17.5,114.5,NBA,0.57,-0.15,0.43,114.5,113.9,0.6,101.3,0.299,0.351,0.582,0.542,12.3,22.8,0.232,0.535,10.9,76.3,0.171,2016-present,0,Playoff Team,Los Angeles Lakers,Los Angeles Lakers_2023
2023,Memphis Grizzlies,82,19780,43.0,90.6,0.475,11.8,33.7,0.351,31.2,56.9,0.548,17.2,23.5,0.733,11.9,34.0,45.9,25.6,8.2,5.7,13.4,19.7,115.1,NBA,3.94,-0.34,3.6,115.1,111.2,3.9,101.1,0.259,0.372,0.57,0.54,11.7,26.5,0.19,0.526,13.1,75.9,0.206,2016-present,3,Fast & Flawed D,Memphis Grizzlies,Memphis Grizzlies_2023
2023,Miami Heat,82,19805,40.5,88.0,0.46,12.3,35.9,0.344,28.1,52.1,0.54,19.7,23.7,0.831,10.0,31.9,41.9,24.6,8.2,3.1,13.9,19.1,113.0,NBA,-0.32,0.18,-0.13,113.0,113.3,-0.3,96.3,0.27,0.408,0.574,0.53,12.4,22.8,0.224,0.561,14.5,77.7,0.198,2016-present,0,Playoff Team,Miami Heat,Miami Heat_2023
2023,Milwaukee Bucks,82,19830,42.2,89.2,0.473,14.7,39.8,0.368,27.5,49.4,0.557,16.4,22.1,0.743,11.0,37.0,48.0,25.5,6.3,4.9,14.4,17.8,115.4,NBA,3.63,-0.02,3.61,115.4,111.9,3.5,100.5,0.248,0.446,0.583,0.555,12.7,25.0,0.184,0.52,10.4,77.8,0.175,2016-present,1,Pace & Space,Milwaukee Bucks,Milwaukee Bucks_2023
2023,Minnesota Timberwolves,82,19830,42.1,85.9,0.49,11.9,32.7,0.365,30.2,53.1,0.568,17.6,23.3,0.755,9.0,32.2,41.1,25.7,7.9,5.3,15.1,21.2,113.7,NBA,-0.04,-0.18,-0.22,113.7,113.8,-0.1,101.0,0.271,0.381,0.592,0.56,13.6,21.5,0.205,0.54,13.3,74.3,0.225,2016-present,0,Playoff Team,Minnesota Timberwolves,Minnesota Timberwolves_2023
2023,New Orleans Pelicans,82,19855,42.1,87.6,0.48,11.0,30.1,0.364,31.1,57.5,0.541,19.3,24.4,0.793,10.6,33.2,43.7,25.9,8.3,4.1,14.6,20.5,114.4,NBA,1.89,-0.26,1.63,114.4,112.5,1.9,99.1,0.279,0.344,0.582,0.543,12.9,24.7,0.221,0.543,13.4,77.4,0.212,2016-present,0,Playoff Team,New Orleans Pelicans,New Orleans Pelicans_2023
2023,New York Knicks,82,19955,42.6,90.7,0.47,12.8,36.3,0.354,29.8,54.5,0.547,19.7,25.8,0.761,12.8,34.6,47.3,23.3,6.5,4.2,13.2,20.6,117.8,NBA,2.93,0.06,2.99,117.8,114.8,3.0,97.1,0.285,0.4,0.577,0.541,11.4,28.3,0.217,0.536,11.4,77.1,0.21,2016-present,3,Fast & Flawed D,New York Knicks,New York Knicks_2023
2023,Oklahoma City Thunder,82,19855,42.3,90.8,0.465,11.9,33.5,0.356,30.4,57.3,0.53,18.8,23.3,0.809,11.2,31.6,42.8,23.9,8.1,4.1,12.8,20.6,115.2,NBA,1.09,-0.12,0.96,115.2,114.2,1.0,101.1,0.256,0.369,0.57,0.531,11.2,24.7,0.207,0.547,14.4,72.9,0.222,2016-present,3,Fast & Flawed D,Oklahoma City Thunder,Oklahoma City Thunder_2023
2023,Orlando Magic,82,19780,40.6,86.4,0.47,10.8,31.2,0.346,29.8,55.3,0.539,19.6,25.0,0.784,10.2,33.1,43.3,23.3,7.4,4.7,15.1,20.2,111.6,NBA,-2.56,0.17,-2.39,111.6,114.2,-2.6,99.3,0.29,0.361,0.573,0.532,13.4,23.8,0.227,0.55,13.1,77.7,0.211,2016-present,0,Playoff Team,Orlando Magic,Orlando Magic_2023
2023,Philadelphia 76ers,82,19880,41.7,85.6,0.487,12.9,33.3,0.387,28.8,52.3,0.551,21.4,25.6,0.835,8.9,32.9,41.8,25.7,7.9,4.8,14.0,20.9,117.7,NBA,4.32,0.06,4.37,117.7,113.3,4.4,96.9,0.3,0.389,0.608,0.563,12.6,21.6,0.25,0.541,13.0,77.2,0.217,2016-present,1,Pace & Space,Philadelphia 76ers,Philadelphia 76ers_2023
2023,Phoenix Suns,82,19780,42.7,91.3,0.467,12.4,33.0,0.374,30.3,58.2,0.52,17.4,22.0,0.793,12.0,32.8,44.8,27.6,7.2,5.3,13.7,21.5,115.1,NBA,2.07,0.01,2.08,115.1,113.0,2.1,98.2,0.241,0.362,0.57,0.535,12.0,26.6,0.191,0.532,12.9,76.0,0.234,2016-present,3,Fast & Flawed D,Phoenix Suns,Phoenix Suns_2023
2023,Portland Trail Blazers,82,19730,40.9,86.4,0.474,13.0,35.7,0.365,27.9,50.7,0.55,19.9,24.9,0.796,9.6,31.5,41.0,24.5,6.8,4.6,14.6,20.3,114.8,NBA,-4.01,0.05,-3.96,114.8,118.8,-4.0,98.6,0.289,0.413,0.589,0.549,13.1,22.4,0.23,0.563,12.1,74.9,0.217,2016-present,0,Playoff Team,Portland Trail Blazers,Portland Trail Blazers_2023
2023,Sacramento Kings,82,19830,43.1,87.3,0.494,13.6,36.9,0.369,29.5,50.3,0.586,19.6,24.8,0.79,9.4,32.6,42.0,27.0,6.9,3.3,13.3,19.5,119.4,NBA,2.65,-0.35,2.3,119.4,116.8,2.6,100.3,0.284,0.423,0.608,0.572,12.0,22.7,0.225,0.563,12.6,77.2,0.203,2016-present,1,Pace & Space,Sacramento Kings,Sacramento Kings_2023
2023,San Antonio Spurs,82,19855,42.0,90.3,0.465,10.8,31.4,0.345,31.2,58.9,0.529,15.4,20.7,0.743,11.5,31.1,42.6,26.5,6.8,3.8,14.9,19.4,110.2,NBA,-10.04,0.22,-9.82,110.2,120.0,-9.8,101.6,0.229,0.348,0.554,0.525,13.0,25.6,0.17,0.576,12.0,74.9,0.201,2016-present,2,Rebuilder,San Antonio Spurs,San Antonio Spurs_2023
2023,Toronto Raptors,82,19805,42.9,93.5,0.459,11.0,32.8,0.335,31.9,60.7,0.525,18.8,24.0,0.784,13.0,31.0,44.0,24.5,9.6,5.3,11.9,20.5,115.5,NBA,1.48,0.12,1.59,115.5,114.0,1.5,97.1,0.257,0.351,0.555,0.517,10.3,27.8,0.201,0.565,15.3,76.7,0.223,2016-present,3,Fast & Flawed D,Toronto Raptors,Toronto Raptors_2023
2023,Utah Jazz,82,19805,42.0,88.8,0.473,13.2,37.4,0.353,28.8,51.4,0.56,18.5,23.6,0.786,11.7,33.7,45.4,25.7,6.0,5.2,15.2,20.2,115.8,NBA,-0.94,-0.09,-1.03,115.8,116.7,-0.9,100.5,0.265,0.421,0.584,0.547,13.3,26.8,0.209,0.541,10.9,75.2,0.205,2016-present,3,Fast & Flawed D,Utah Jazz,Utah Jazz_2023
2023,Washington Wizards,82,19755,42.6,87.9,0.485,11.4,32.1,0.356,31.2,55.8,0.559,17.8,22.7,0.785,9.5,34.6,44.1,25.7,6.9,5.2,14.3,19.0,114.4,NBA,-1.21,0.15,-1.06,114.4,115.6,-1.2,98.6,0.258,0.365,0.585,0.55,12.7,22.6,0.202,0.54,11.0,76.1,0.194,2016-present,0,Playoff Team,Washington Wizards,Washington Wizards_2023
2022,Atlanta Hawks,82,19705,42.4,90.3,0.47,13.2,35.2,0.374,29.2,55.1,0.531,18.5,22.8,0.812,10.3,34.7,45.0,25.2,7.3,4.3,12.1,19.1,116.5,NBA,1.56,-0.01,1.55,116.5,114.9,1.6,97.7,0.253,0.39,0.581,0.543,10.8,23.0,0.205,0.543,11.5,76.9,0.177,2016-present,3,Fast & Flawed D,Atlanta Hawks,Atlanta Hawks_2022
2022,Boston Celtics,82,19905,41.7,89.5,0.466,13.5,38.0,0.356,28.2,51.5,0.547,17.4,21.4,0.816,10.8,36.4,47.2,25.4,7.4,6.0,14.0,19.0,114.4,NBA,7.28,-0.26,7.02,114.4,106.9,7.5,96.6,0.239,0.425,0.578,0.542,12.4,24.0,0.195,0.502,12.5,77.3,0.183,2016-present,1,Pace & Space,Boston Celtics,Boston Celtics_2022
2022,Brooklyn Nets,82,19755,42.2,89.0,0.475,11.5,31.9,0.361,30.7,57.0,0.538,17.6,21.9,0.805,10.4,34.3,44.7,25.4,7.1,5.5,14.1,20.5,113.6,NBA,0.78,0.04,0.82,113.6,112.8,0.8,99.0,0.246,0.359,0.576,0.54,12.5,23.9,0.198,0.521,11.7,75.1,0.201,2016-present,3,Fast & Flawed D,Brooklyn Nets,Brooklyn Nets_2022
2022,Chicago Bulls,82,19730,42.3,88.2,0.48,10.8,29.3,0.369,31.6,58.9,0.535,17.8,21.9,0.813,8.8,34.2,42.9,24.2,7.2,4.2,13.0,19.1,113.2,NBA,-0.39,0.02,-0.38,113.2,113.6,-0.4,98.3,0.248,0.332,0.579,0.541,11.8,20.4,0.201,0.541,11.9,78.3,0.199,2016-present,0,Playoff Team,Chicago Bulls,Chicago Bulls_2022
2022,Charlotte Hornets,82,19880,42.3,90.5,0.468,13.8,37.8,0.365,28.5,52.7,0.542,15.7,21.2,0.74,10.7,33.4,44.1,27.8,8.5,4.9,13.1,19.7,114.1,NBA,0.44,0.09,0.53,114.1,113.7,0.4,100.0,0.234,0.418,0.572,0.544,11.6,23.3,0.173,0.544,13.1,74.8,0.187,2016-present,3,Fast & Flawed D,Charlotte Hornets,Charlotte Hornets_2022
2022,Cleveland Cavaliers,82,19730,41.2,87.8,0.469,12.1,34.0,0.355,29.1,53.8,0.541,17.4,22.9,0.76,10.6,35.3,45.9,26.1,7.3,4.3,14.9,18.1,111.9,NBA,2.12,-0.08,2.04,111.9,109.7,2.2,96.1,0.261,0.387,0.571,0.538,13.2,24.0,0.198,0.52,12.3,76.5,0.172,2016-present,0,Playoff Team,Cleveland Cavaliers,Cleveland Cavaliers_2022
2022,Dallas Mavericks,82,19755,41.0,88.9,0.461,13.7,39.0,0.35,27.4,49.9,0.548,17.1,22.2,0.771,9.7,35.3,44.9,24.4,7.0,4.1,13.1,20.5,112.8,NBA,3.3,-0.18,3.12,112.8,109.4,3.4,95.4,0.249,0.439,0.572,0.538,11.7,21.3,0.192,0.521,12.2,78.0,0.185,2016-present,0,Playoff Team,Dallas Mavericks,Dallas Mavericks_2022
2022,Denver Nuggets,82,19805,42.3,87.7,0.483,12.9,36.5,0.353,29.4,51.2,0.575,17.0,21.4,0.795,9.3,35.5,44.8,28.2,7.3,3.8,14.7,20.3,114.5,NBA,2.3,-0.15,2.16,114.5,112.1,2.4,97.8,0.244,0.416,0.59,0.556,13.2,21.9,0.194,0.537,11.7,78.3,0.188,2016-present,1,Pace & Space,Denver Nuggets,Denver Nuggets_2022
2022,Detroit Pistons,82,19780,38.6,89.6,0.431,11.4,35.0,0.326,27.2,54.6,0.498,17.4,22.3,0.782,11.1,32.4,43.5,23.7,7.8,4.8,14.3,22.2,106.0,NBA,-7.72,0.37,-7.36,106.0,113.8,-7.8,98.4,0.249,0.391,0.533,0.494,12.6,23.4,0.194,0.541,13.1,75.6,0.226,2016-present,2,Rebuilder,Detroit Pistons,Detroit Pistons_2022
2022,Golden State Warriors,82,19730,41.1,87.6,0.469,14.5,39.9,0.364,26.5,47.6,0.557,15.8,20.6,0.769,9.9,36.2,46.1,27.5,8.9,4.6,15.1,21.3,112.5,NBA,5.54,-0.02,5.52,112.5,106.9,5.6,98.4,0.235,0.456,0.582,0.552,13.5,22.8,0.181,0.509,13.0,78.7,0.201,2016-present,1,Pace & Space,Golden State Warriors,Golden State Warriors_2022
2022,Houston Rockets,82,19755,38.9,85.3,0.456,13.3,38.2,0.349,25.6,47.1,0.543,17.3,24.2,0.713,9.5,32.0,41.5,23.3,7.2,4.6,16.3,20.4,108.4,NBA,-8.48,0.22,-8.26,108.4,116.7,-8.3,100.9,0.284,0.448,0.565,0.534,14.5,21.7,0.202,0.554,12.3,74.4,0.206,2016-present,2,Rebuilder,Houston Rockets,Houston Rockets_2022
2022,Indiana Pacers,82,19880,41.9,90.4,0.463,12.3,35.7,0.344,29.6,54.7,0.541,16.6,21.6,0.768,11.4,32.9,44.3,25.6,7.2,5.6,14.6,20.6,112.6,NBA,-3.48,0.22,-3.26,112.6,116.1,-3.5,98.0,0.239,0.395,0.564,0.531,12.7,25.5,0.184,0.552,11.9,76.2,0.204,2016-present,3,Fast & Flawed D,Indiana Pacers,Indiana Pacers_2022
2022,Los Angeles Clippers,82,19780,40.7,88.8,0.458,13.0,34.7,0.374,27.7,54.1,0.512,15.8,19.9,0.793,9.3,35.4,44.7,24.4,7.5,5.0,13.9,18.9,110.1,NBA,0.02,0.06,0.09,110.1,110.1,0.0,98.0,0.224,0.391,0.564,0.531,12.5,20.6,0.178,0.514,12.0,74.4,0.167,2016-present,3,Fast & Flawed D,Los Angeles Clippers,Los Angeles Clippers_2022
2022,Los Angeles Lakers,82,19980,41.0,87.3,0.469,11.8,33.9,0.347,29.2,53.4,0.546,16.6,22.6,0.732,9.4,33.9,43.3,23.6,7.5,5.1,14.3,19.8,110.3,NBA,-3.05,-0.03,-3.08,110.3,113.3,-3.0,100.1,0.259,0.388,0.567,0.537,12.8,21.1,0.19,0.54,12.2,75.8,0.192,2016-present,0,Playoff Team,Los Angeles Lakers,Los Angeles Lakers_2022
2022,Memphis Grizzlies,82,19780,43.2,93.6,0.461,11.4,32.4,0.353,31.8,61.2,0.519,16.8,23.0,0.734,14.0,34.7,48.8,25.8,9.7,6.4,13.1,19.6,114.6,NBA,5.68,-0.32,5.37,114.6,109.0,5.6,100.3,0.245,0.346,0.553,0.522,11.2,30.0,0.18,0.523,13.3,77.8,0.195,2016-present,3,Fast & Flawed D,Memphis Grizzlies,Memphis Grizzlies_2022
2022,Miami Heat,82,19855,40.9,87.6,0.467,14.0,37.0,0.379,26.9,50.6,0.531,17.8,22.1,0.808,10.2,35.0,45.2,26.3,7.6,3.3,15.0,21.2,113.7,NBA,4.45,-0.22,4.23,113.7,109.1,4.6,95.9,0.252,0.422,0.584,0.547,13.4,23.5,0.204,0.524,13.8,78.0,0.209,2016-present,0,Playoff Team,Miami Heat,Miami Heat_2022
2022,Milwaukee Bucks,82,19755,41.7,89.1,0.468,14.0,38.3,0.366,27.7,50.8,0.544,17.7,22.9,0.776,10.2,36.3,46.6,23.8,7.6,4.0,13.4,18.2,115.1,NBA,3.35,-0.14,3.22,115.1,111.8,3.3,99.9,0.257,0.43,0.58,0.546,11.9,23.0,0.199,0.536,11.6,78.6,0.165,2016-present,0,Playoff Team,Milwaukee Bucks,Milwaukee Bucks_2022
2022,Minnesota Timberwolves,82,19780,41.0,89.7,0.457,14.6,40.7,0.358,26.5,49.0,0.54,17.7,22.8,0.778,11.1,32.5,43.5,25.3,8.7,5.5,14.1,21.5,114.3,NBA,2.63,-0.1,2.53,114.3,111.7,2.6,100.9,0.254,0.454,0.573,0.539,12.4,24.4,0.198,0.535,14.2,74.9,0.227,2016-present,3,Fast & Flawed D,Minnesota Timberwolves,Minnesota Timberwolves_2022
2022,New Orleans Pelicans,82,19755,41.2,90.1,0.457,10.9,32.8,0.332,30.2,57.3,0.528,18.8,23.8,0.789,12.3,34.1,46.3,25.6,8.5,4.1,14.4,20.1,112.0,NBA,-0.99,0.15,-0.84,112.0,113.0,-1.0,97.2,0.264,0.365,0.557,0.517,12.5,26.9,0.208,0.547,13.0,78.2,0.196,2016-present,3,Fast & Flawed D,New Orleans Pelicans,New Orleans Pelicans_2022
2022,New York Knicks,82,19780,39.1,89.4,0.437,13.7,38.3,0.357,25.4,51.1,0.497,18.6,25.0,0.744,11.9,35.9,47.8,22.7,7.2,5.0,13.7,21.1,110.4,NBA,-0.12,0.11,-0.01,110.4,110.5,-0.1,95.9,0.28,0.428,0.55,0.513,12.0,25.1,0.208,0.521,11.7,78.8,0.198,2016-present,0,Playoff Team,New York Knicks,New York Knicks_2022
2022,Oklahoma City Thunder,82,19805,38.6,89.9,0.43,12.2,37.7,0.323,26.4,52.2,0.507,15.2,20.1,0.756,10.5,35.5,46.0,22.4,7.6,4.7,14.1,18.4,104.6,NBA,-8.1,0.2,-7.9,104.6,112.8,-8.2,98.6,0.223,0.419,0.53,0.497,12.5,21.8,0.169,0.533,11.8,76.1,0.169,2016-present,2,Rebuilder,Oklahoma City Thunder,Oklahoma City Thunder_2022
2022,Orlando Magic,82,19780,38.4,88.5,0.434,12.2,36.9,0.331,26.2,51.6,0.507,15.5,19.7,0.787,9.1,35.3,44.4,23.8,6.8,4.5,14.5,19.7,104.5,NBA,-8.0,0.33,-7.67,104.5,112.5,-8.0,99.2,0.223,0.417,0.538,0.503,13.0,19.8,0.175,0.532,11.7,77.2,0.196,2016-present,2,Rebuilder,Orlando Magic,Orlando Magic_2022
2022,Philadelphia 76ers,82,19805,40.7,87.3,0.466,12.0,32.8,0.364,28.7,54.4,0.527,20.2,24.6,0.821,8.8,34.9,43.7,24.5,8.0,5.5,12.9,20.0,113.5,NBA,2.61,-0.04,2.57,113.5,110.8,2.7,96.2,0.282,0.376,0.578,0.534,11.6,20.1,0.232,0.524,12.1,76.8,0.192,2016-present,0,Playoff Team,Philadelphia 76ers,Philadelphia 76ers_2022
2022,Phoenix Suns,82,19730,43.7,90.1,0.485,11.6,31.9,0.364,32.1,58.2,0.551,15.9,19.9,0.797,9.8,35.5,45.3,27.4,8.6,4.4,12.9,19.9,114.8,NBA,7.5,-0.56,6.94,114.8,107.3,7.5,99.8,0.221,0.354,0.581,0.549,11.6,22.3,0.176,0.51,13.0,77.1,0.195,2016-present,1,Pace & Space,Phoenix Suns,Phoenix Suns_2022
2022,Portland Trail Blazers,82,19730,39.1,88.4,0.442,12.9,37.4,0.346,26.2,51.1,0.513,16.7,21.9,0.76,10.6,32.9,43.5,23.3,8.1,4.5,14.7,21.4,107.8,NBA,-8.88,0.33,-8.55,107.8,116.9,-9.1,98.3,0.248,0.422,0.55,0.515,13.0,22.9,0.188,0.559,12.7,76.9,0.222,2016-present,2,Rebuilder,Portland Trail Blazers,Portland Trail Blazers_2022
2022,Sacramento Kings,82,19805,40.3,87.7,0.46,11.4,33.1,0.344,29.0,54.7,0.53,17.8,23.2,0.768,9.5,33.2,42.8,23.6,7.1,4.5,14.0,18.9,109.9,NBA,-5.46,0.2,-5.26,109.9,115.3,-5.4,99.8,0.264,0.377,0.561,0.525,12.5,21.3,0.203,0.551,11.9,76.0,0.176,2016-present,2,Rebuilder,Sacramento Kings,Sacramento Kings_2022
2022,San Antonio Spurs,82,19805,43.0,92.1,0.467,11.2,31.8,0.352,31.7,60.3,0.527,15.3,20.3,0.754,10.9,34.1,45.0,27.7,7.6,4.9,12.6,18.0,112.4,NBA,0.12,-0.1,0.02,112.4,112.3,0.1,100.0,0.22,0.345,0.556,0.527,11.1,23.7,0.166,0.532,12.1,75.1,0.176,2016-present,3,Fast & Flawed D,San Antonio Spurs,San Antonio Spurs_2022
2022,Toronto Raptors,82,19855,41.9,94.3,0.445,12.3,35.3,0.349,29.6,58.9,0.503,16.7,22.0,0.759,13.8,33.0,46.8,22.8,9.3,4.7,12.9,20.2,112.9,NBA,2.29,0.08,2.38,112.9,110.5,2.4,96.0,0.234,0.375,0.543,0.51,11.0,28.4,0.177,0.535,14.4,75.6,0.199,2016-present,3,Fast & Flawed D,Toronto Raptors,Toronto Raptors_2022
2022,Utah Jazz,82,19730,41.7,88.5,0.471,14.9,41.4,0.36,26.7,47.1,0.568,18.4,24.0,0.767,11.1,36.5,47.6,23.0,7.4,5.0,14.4,19.4,116.7,NBA,6.04,-0.37,5.67,116.7,110.5,6.2,97.1,0.271,0.468,0.589,0.555,12.7,25.4,0.208,0.521,10.9,78.3,0.164,2016-present,1,Pace & Space,Utah Jazz,Utah Jazz_2022
2022,Washington Wizards,82,19830,41.5,88.0,0.472,10.7,31.3,0.342,30.8,56.7,0.543,17.4,22.2,0.783,9.2,34.9,44.1,25.6,6.5,5.1,13.4,19.3,111.1,NBA,-3.38,0.15,-3.23,111.1,114.5,-3.4,97.0,0.252,0.356,0.568,0.532,12.1,20.9,0.197,0.529,10.7,76.9,0.202,2016-present,0,Playoff Team,Washington Wizards,Washington Wizards_2022
2021,Atlanta Hawks,72,17405,41.5,88.8,0.468,12.6,33.9,0.373,28.9,54.8,0.526,20.0,24.7,0.812,10.7,35.7,46.4,24.5,7.1,4.8,13.5,19.7,115.7,NBA,2.32,-0.18,2.14,115.7,113.3,2.4,97.6,0.278,0.382,0.581,0.539,11.9,24.4,0.226,0.53,11.1,77.8,0.19,2016-present,0,Playoff Team,Atlanta Hawks,Atlanta Hawks_2021
2021,Boston Celtics,72,17380,42.0,90.0,0.466,13.8,36.8,0.374,28.2,53.2,0.53,16.3,21.0,0.775,10.8,34.0,44.8,23.7,7.8,5.4,14.2,20.7,114.0,NBA,1.46,-0.14,1.32,114.0,112.5,1.5,98.3,0.234,0.409,0.574,0.543,12.5,24.3,0.181,0.539,12.8,78.1,0.215,2016-present,3,Fast & Flawed D,Boston Celtics,Boston Celtics_2021
2021,Brooklyn Nets,72,17405,43.0,87.1,0.494,14.1,36.0,0.392,28.9,51.1,0.565,18.1,22.5,0.804,8.9,35.5,44.3,26.7,6.7,5.3,13.5,19.0,118.3,NBA,4.5,-0.27,4.24,118.3,113.8,4.5,99.5,0.258,0.413,0.61,0.575,12.2,21.4,0.208,0.531,11.1,77.3,0.187,2016-present,1,Pace & Space,Brooklyn Nets,Brooklyn Nets_2021
2021,Chicago Bulls,72,17380,42.3,89.0,0.476,12.6,34.1,0.37,29.7,54.9,0.542,13.9,17.5,0.791,9.7,35.5,45.1,26.9,6.7,4.2,15.2,19.0,111.1,NBA,-0.89,-0.05,-0.94,111.1,112.0,-0.9,99.0,0.197,0.383,0.575,0.547,13.6,22.3,0.156,0.538,11.6,80.3,0.196,2016-present,3,Fast & Flawed D,Chicago Bulls,Chicago Bulls_2021
2021,Charlotte Hornets,72,17355,40.4,89.0,0.455,13.9,37.5,0.369,26.6,51.5,0.517,16.1,21.2,0.761,10.7,33.6,44.3,27.2,7.9,4.8,15.0,18.3,110.9,NBA,-1.93,-0.01,-1.94,110.9,112.8,-1.9,98.3,0.238,0.422,0.564,0.532,13.3,23.5,0.181,0.55,13.2,75.7,0.163,2016-present,3,Fast & Flawed D,Charlotte Hornets,Charlotte Hornets_2021
2021,Cleveland Cavaliers,72,17430,39.3,87.4,0.45,10.2,30.3,0.336,29.1,57.1,0.51,17.0,22.8,0.743,10.6,32.9,43.5,24.3,7.9,4.6,15.8,18.5,105.8,NBA,-8.44,0.25,-8.19,105.8,114.4,-8.6,97.3,0.261,0.347,0.543,0.508,13.9,23.6,0.194,0.556,13.0,76.6,0.183,2016-present,2,Rebuilder,Cleveland Cavaliers,Cleveland Cavaliers_2021
2021,Dallas Mavericks,72,17305,42.2,89.6,0.47,14.2,39.1,0.362,28.0,50.5,0.554,16.9,21.7,0.778,9.4,35.1,44.5,23.5,6.4,4.4,12.4,19.9,115.4,NBA,2.26,-0.01,2.26,115.4,113.0,2.4,97.3,0.242,0.436,0.582,0.55,11.1,21.1,0.189,0.534,11.5,77.8,0.197,2016-present,3,Fast & Flawed D,Dallas Mavericks,Dallas Mavericks_2021
2021,Denver Nuggets,72,17480,44.0,90.8,0.485,13.1,34.8,0.377,30.9,56.0,0.552,16.0,19.9,0.803,10.7,34.5,45.2,27.3,8.2,4.6,13.7,19.4,117.1,NBA,4.93,-0.11,4.82,117.1,112.1,5.0,97.1,0.219,0.383,0.588,0.557,12.1,24.7,0.176,0.545,12.9,78.9,0.2,2016-present,1,Pace & Space,Denver Nuggets,Denver Nuggets_2021
2021,Detroit Pistons,72,17430,39.2,86.7,0.452,11.7,33.3,0.351,27.5,53.4,0.515,18.0,23.7,0.759,9.8,33.5,43.3,24.5,7.5,5.2,15.1,20.8,108.0,NBA,-4.47,0.09,-4.38,108.0,112.5,-4.5,97.9,0.273,0.385,0.556,0.519,13.5,21.9,0.207,0.541,12.6,76.9,0.195,2016-present,2,Rebuilder,Detroit Pistons,Detroit Pistons_2021
2021,Golden State Warriors,72,17305,40.3,86.1,0.468,14.2,37.9,0.376,26.1,48.3,0.541,16.2,20.6,0.785,7.8,34.3,42.0,27.0,8.0,4.6,14.7,20.7,111.1,NBA,1.06,0.04,1.1,111.1,110.1,1.0,102.2,0.239,0.439,0.583,0.551,13.3,17.9,0.188,0.522,13.1,76.6,0.223,2016-present,0,Playoff Team,Golden State Warriors,Golden State Warriors_2021
2021,Houston Rockets,72,17305,38.6,87.1,0.444,13.6,40.0,0.339,25.1,47.2,0.532,16.3,22.0,0.74,9.2,32.8,41.9,23.2,7.5,4.9,14.5,19.2,107.1,NBA,-7.9,0.4,-7.5,107.1,114.9,-7.8,101.4,0.252,0.459,0.553,0.521,13.0,19.8,0.187,0.555,12.9,77.1,0.201,2016-present,2,Rebuilder,Houston Rockets,Houston Rockets_2021
2021,Indiana Pacers,72,17455,42.2,88.9,0.474,12.0,33.1,0.364,30.1,55.8,0.54,16.0,20.2,0.792,8.8,32.8,41.6,26.7,8.3,6.2,13.2,19.7,112.4,NBA,-0.04,-0.08,-0.13,112.4,112.4,0.0,101.6,0.227,0.372,0.575,0.542,11.9,20.2,0.18,0.531,12.7,74.9,0.201,2016-present,3,Fast & Flawed D,Indiana Pacers,Indiana Pacers_2021
2021,Los Angeles Clippers,72,17280,43.1,89.4,0.482,14.7,35.8,0.411,28.4,53.6,0.529,16.7,19.9,0.839,9.7,35.8,45.5,25.2,7.3,4.2,13.6,19.8,117.6,NBA,6.18,-0.16,6.02,117.6,111.2,6.4,96.9,0.222,0.4,0.599,0.564,12.2,22.7,0.186,0.531,11.9,79.1,0.186,2016-present,1,Pace & Space,Los Angeles Clippers,Los Angeles Clippers_2021
2021,Los Angeles Lakers,72,17455,40.8,86.4,0.472,11.1,31.3,0.354,29.7,55.0,0.539,17.3,23.4,0.739,9.7,34.7,44.4,24.7,7.8,5.4,15.3,19.2,109.9,NBA,2.79,-0.03,2.77,109.9,107.1,2.8,98.7,0.271,0.363,0.569,0.536,13.6,22.5,0.2,0.526,13.7,79.7,0.184,2016-present,0,Playoff Team,Los Angeles Lakers,Los Angeles Lakers_2021
2021,Memphis Grizzlies,72,17405,42.4,90.8,0.467,11.0,31.0,0.356,31.3,59.8,0.525,16.3,21.1,0.771,11.0,34.9,46.0,26.6,9.0,5.0,13.1,18.5,112.0,NBA,1.03,0.04,1.07,112.0,111.0,1.0,100.4,0.232,0.342,0.56,0.528,11.6,24.2,0.179,0.535,13.1,78.3,0.196,2016-present,3,Fast & Flawed D,Memphis Grizzlies,Memphis Grizzlies_2021
2021,Miami Heat,72,17380,40.4,86.2,0.468,13.3,37.2,0.358,27.0,48.9,0.553,17.2,21.7,0.79,8.3,34.4,42.7,27.1,8.1,4.1,14.5,19.5,111.2,NBA,0.03,-0.09,-0.06,111.2,111.2,0.0,96.6,0.252,0.432,0.581,0.546,13.1,19.4,0.199,0.542,13.8,77.9,0.183,2016-present,0,Playoff Team,Miami Heat,Miami Heat_2021
2021,Milwaukee Bucks,72,17330,43.6,89.6,0.487,14.1,36.2,0.389,29.6,53.4,0.554,15.8,20.9,0.76,10.0,36.9,46.9,24.9,7.9,4.5,13.5,16.9,117.2,NBA,5.89,-0.32,5.57,117.2,111.4,5.8,102.2,0.233,0.404,0.593,0.566,12.0,23.3,0.177,0.536,11.5,79.7,0.157,2016-present,1,Pace & Space,Milwaukee Bucks,Milwaukee Bucks_2021
2021,Minnesota Timberwolves,72,17405,39.8,88.8,0.448,12.8,36.7,0.349,27.0,52.1,0.518,17.2,22.6,0.761,10.3,32.2,42.5,25.0,8.6,5.4,13.9,20.4,109.5,NBA,-5.56,0.31,-5.25,109.5,115.0,-5.5,101.6,0.254,0.413,0.555,0.52,12.4,22.7,0.193,0.556,13.3,76.8,0.207,2016-present,2,Rebuilder,Minnesota Timberwolves,Minnesota Timberwolves_2021
2021,New Orleans Pelicans,72,17430,42.1,88.2,0.477,10.5,30.1,0.348,31.6,58.1,0.544,18.8,25.8,0.729,11.6,35.3,47.0,25.8,7.5,4.3,14.5,17.8,113.5,NBA,-0.29,0.1,-0.2,113.5,113.8,-0.3,100.1,0.293,0.342,0.57,0.537,12.7,26.3,0.214,0.55,11.9,80.0,0.186,2016-present,0,Playoff Team,New Orleans Pelicans,New Orleans Pelicans_2021
2021,New York Knicks,72,17430,40.7,89.3,0.456,12.2,31.0,0.392,28.6,58.3,0.49,17.0,21.6,0.784,10.0,36.7,46.6,22.1,7.3,5.2,13.4,21.1,110.6,NBA,2.31,-0.18,2.13,110.6,108.2,2.4,95.9,0.242,0.347,0.559,0.524,11.9,21.9,0.19,0.509,11.7,78.6,0.196,2016-present,0,Playoff Team,New York Knicks,New York Knicks_2021
2021,Oklahoma City Thunder,72,17355,38.3,86.8,0.441,11.7,34.6,0.339,26.5,52.2,0.509,15.2,21.0,0.725,9.8,35.2,45.0,21.7,6.9,4.3,15.9,17.9,103.5,NBA,-10.64,0.51,-10.13,103.5,114.0,-10.5,101.0,0.242,0.399,0.539,0.509,14.2,21.2,0.176,0.547,11.5,77.9,0.167,2016-present,2,Rebuilder,Oklahoma City Thunder,Oklahoma City Thunder_2021
2021,Orlando Magic,72,17330,38.7,90.2,0.429,11.0,32.1,0.343,27.7,58.0,0.476,16.8,21.7,0.775,10.5,35.4,45.9,22.1,7.0,4.5,13.0,17.4,105.1,NBA,-9.31,0.29,-9.02,105.1,114.5,-9.4,98.7,0.24,0.356,0.527,0.49,11.5,21.6,0.186,0.547,11.5,78.2,0.169,2016-present,2,Rebuilder,Orlando Magic,Orlando Magic_2021
2021,Philadelphia 76ers,72,17430,41.2,86.6,0.476,11.2,30.0,0.374,30.0,56.6,0.531,19.5,25.4,0.767,10.0,34.9,44.9,23.6,9.1,6.2,14.4,20.1,113.2,NBA,5.58,-0.31,5.28,113.2,107.6,5.6,99.5,0.293,0.347,0.579,0.541,12.8,23.2,0.225,0.521,13.8,78.2,0.2,2016-present,0,Playoff Team,Philadelphia 76ers,Philadelphia 76ers_2021
2021,Phoenix Suns,72,17480,44.0,89.8,0.49,13.3,35.2,0.378,30.8,54.6,0.563,15.9,19.0,0.834,8.9,34.8,43.7,27.4,7.3,4.4,12.7,19.4,117.2,NBA,5.82,-0.15,5.67,117.2,111.3,5.9,97.2,0.212,0.392,0.597,0.564,11.5,20.8,0.177,0.534,12.4,78.5,0.194,2016-present,1,Pace & Space,Phoenix Suns,Phoenix Suns_2021
2021,Portland Trail Blazers,72,17305,41.9,92.4,0.453,16.0,41.4,0.385,25.9,51.0,0.509,18.1,22.0,0.823,10.8,34.4,45.2,21.6,7.0,5.1,11.3,19.2,117.8,NBA,1.79,0.01,1.81,117.8,116.0,1.8,98.4,0.238,0.448,0.577,0.54,9.9,23.0,0.195,0.546,11.2,77.5,0.203,2016-present,3,Fast & Flawed D,Portland Trail Blazers,Portland Trail Blazers_2021
2021,Sacramento Kings,72,17305,42.5,88.5,0.481,12.1,33.3,0.364,30.4,55.2,0.551,16.4,22.0,0.745,9.3,32.0,41.3,25.5,7.5,5.0,13.4,19.4,113.6,NBA,-3.68,0.23,-3.45,113.6,117.2,-3.6,100.0,0.248,0.376,0.578,0.549,12.0,21.3,0.185,0.557,12.1,75.0,0.199,2016-present,3,Fast & Flawed D,Sacramento Kings,Sacramento Kings_2021
2021,San Antonio Spurs,72,17480,41.8,90.5,0.462,9.9,28.4,0.35,31.9,62.1,0.514,17.4,22.0,0.792,9.3,34.6,43.8,24.4,7.0,5.1,11.4,17.9,111.0,NBA,-1.74,0.15,-1.58,111.0,112.8,-1.8,98.9,0.243,0.314,0.554,0.517,10.2,20.0,0.192,0.541,11.8,77.3,0.174,2016-present,3,Fast & Flawed D,San Antonio Spurs,San Antonio Spurs_2021
2021,Toronto Raptors,72,17305,40.0,89.3,0.448,14.6,39.6,0.368,25.4,49.7,0.512,17.5,21.5,0.815,9.5,32.4,41.9,24.3,8.6,5.4,13.3,21.3,112.0,NBA,-0.47,-0.07,-0.54,112.0,112.5,-0.5,99.2,0.241,0.444,0.567,0.529,11.9,20.8,0.196,0.543,14.4,76.3,0.234,2016-present,3,Fast & Flawed D,Toronto Raptors,Toronto Raptors_2021
2021,Utah Jazz,72,17355,41.7,89.0,0.468,16.9,43.5,0.389,24.8,45.6,0.544,17.3,21.7,0.799,10.7,38.0,48.8,23.9,6.7,5.2,14.4,18.7,117.6,NBA,9.25,-0.29,8.97,117.6,108.3,9.3,98.5,0.244,0.488,0.597,0.563,12.7,24.5,0.195,0.507,10.3,79.3,0.159,2016-present,1,Pace & Space,Utah Jazz,Utah Jazz_2021
2021,Washington Wizards,72,17405,41.2,86.7,0.475,9.7,27.7,0.351,31.5,59.1,0.533,19.2,25.0,0.769,9.2,33.9,43.1,24.3,7.0,3.9,13.7,20.6,111.2,NBA,-1.83,-0.01,-1.85,111.2,113.0,-1.8,104.1,0.288,0.319,0.569,0.531,12.3,21.3,0.221,0.539,12.5,77.6,0.217,2016-present,0,Playoff Team,Washington Wizards,Washington Wizards_2021
2020,Atlanta Hawks,67,16280,39.0,86.8,0.449,11.5,34.6,0.333,27.4,52.2,0.525,17.7,22.4,0.79,9.5,32.0,41.5,23.0,7.5,4.9,15.5,22.2,107.2,NBA,-7.97,0.27,-7.71,107.2,114.8,-7.6,103.0,0.258,0.398,0.554,0.515,13.8,21.6,0.204,0.543,12.7,74.9,0.233,2016-present,2,Rebuilder,Atlanta Hawks,Atlanta Hawks_2020
2020,Boston Celtics,72,17430,41.1,89.3,0.461,12.5,34.4,0.364,28.6,54.8,0.522,18.5,23.1,0.801,10.6,35.3,45.9,22.9,8.2,5.6,13.8,21.5,113.3,NBA,6.31,-0.47,5.83,113.3,107.0,6.3,99.5,0.259,0.386,0.57,0.531,12.2,23.9,0.207,0.509,13.5,77.4,0.215,2016-present,0,Playoff Team,Boston Celtics,Boston Celtics_2020
2020,Brooklyn Nets,72,17480,39.4,88.0,0.448,12.7,37.2,0.343,26.6,50.8,0.524,17.5,23.4,0.745,10.4,36.3,46.7,23.8,6.3,4.4,14.9,20.4,108.9,NBA,-0.57,-0.44,-1.01,108.9,109.5,-0.6,101.4,0.267,0.423,0.554,0.52,13.1,23.2,0.199,0.511,11.0,77.8,0.187,2016-present,0,Playoff Team,Brooklyn Nets,Brooklyn Nets_2020
2020,Chicago Bulls,65,15675,39.5,88.5,0.447,12.2,35.1,0.348,27.3,53.5,0.511,15.5,20.5,0.755,10.4,31.4,41.8,23.2,10.0,4.1,15.4,21.8,106.7,NBA,-3.08,-0.93,-4.0,106.7,109.8,-3.1,99.7,0.231,0.396,0.547,0.515,13.7,22.8,0.175,0.546,16.3,75.6,0.239,2016-present,2,Rebuilder,Chicago Bulls,Chicago Bulls_2020
2020,Charlotte Hornets,65,15750,38.6,88.8,0.434,12.5,35.5,0.352,26.1,53.4,0.489,16.7,22.4,0.748,11.4,32.9,44.2,24.6,6.8,4.3,15.1,19.5,106.3,NBA,-6.75,-0.28,-7.03,106.3,113.3,-7.0,95.8,0.252,0.399,0.539,0.504,13.3,23.9,0.188,0.546,13.1,74.4,0.159,2016-present,2,Rebuilder,Charlotte Hornets,Charlotte Hornets_2020
2020,Cleveland Cavaliers,65,15725,40.5,88.4,0.458,11.2,32.0,0.351,29.3,56.4,0.519,15.2,20.0,0.758,10.9,33.6,44.5,23.2,6.9,3.3,16.6,18.4,107.5,NBA,-7.89,0.12,-7.77,107.5,115.4,-7.9,98.7,0.227,0.362,0.553,0.522,14.6,24.6,0.172,0.56,11.7,77.4,0.164,2016-present,2,Rebuilder,Cleveland Cavaliers,Cleveland Cavaliers_2020
2020,Dallas Mavericks,75,18175,41.5,90.0,0.461,15.1,41.1,0.367,26.4,48.9,0.541,18.5,23.8,0.779,10.5,36.3,46.8,24.6,6.1,4.8,12.7,19.4,116.7,NBA,4.95,-0.07,4.87,116.7,111.7,5.0,99.3,0.264,0.457,0.581,0.545,11.2,23.2,0.206,0.525,10.6,77.7,0.175,2016-present,1,Pace & Space,Dallas Mavericks,Dallas Mavericks_2020
2020,Denver Nuggets,73,17745,42.7,90.4,0.473,11.2,31.1,0.359,31.6,59.2,0.533,16.5,21.3,0.777,10.9,33.9,44.9,27.2,8.2,4.7,14.0,20.7,113.1,NBA,2.11,0.24,2.35,113.1,111.0,2.1,97.1,0.235,0.344,0.567,0.535,12.3,24.8,0.183,0.533,12.9,76.8,0.198,2016-present,3,Fast & Flawed D,Denver Nuggets,Denver Nuggets_2020
2020,Detroit Pistons,66,15965,40.0,87.2,0.459,12.2,33.2,0.367,27.8,53.9,0.515,16.9,22.7,0.743,9.9,32.5,42.4,24.5,7.5,4.6,15.5,20.0,109.0,NBA,-3.56,-0.82,-4.38,109.0,112.7,-3.7,97.6,0.261,0.381,0.561,0.529,13.8,22.6,0.194,0.541,12.7,75.9,0.186,2016-present,2,Rebuilder,Detroit Pistons,Detroit Pistons_2020
2020,Golden State Warriors,65,15725,38.2,87.2,0.438,10.3,30.9,0.334,27.9,56.3,0.495,18.5,23.0,0.803,9.8,32.5,42.4,25.3,8.1,4.5,14.7,19.8,105.2,NBA,-8.71,0.59,-8.12,105.2,113.8,-8.6,100.3,0.264,0.355,0.54,0.497,13.2,21.5,0.212,0.553,13.7,76.4,0.193,2016-present,2,Rebuilder,Golden State Warriors,Golden State Warriors_2020
2020,Houston Rockets,72,17380,39.1,86.7,0.451,15.0,43.4,0.345,24.1,43.3,0.557,19.8,25.0,0.791,9.4,33.1,42.4,20.7,8.3,4.9,14.1,20.8,112.9,NBA,2.96,0.17,3.13,112.9,110.1,2.8,103.7,0.288,0.501,0.578,0.537,12.6,21.0,0.228,0.529,13.7,75.6,0.197,2016-present,0,Playoff Team,Houston Rockets,Houston Rockets_2020
2020,Indiana Pacers,73,17620,42.3,88.9,0.476,10.2,28.2,0.363,32.1,60.7,0.529,15.1,19.2,0.787,8.8,34.3,43.0,26.0,7.5,5.2,13.3,19.9,110.0,NBA,1.96,-0.33,1.63,110.0,108.0,2.0,98.9,0.216,0.317,0.565,0.534,12.0,20.0,0.17,0.511,13.0,76.7,0.192,2016-present,3,Fast & Flawed D,Indiana Pacers,Indiana Pacers_2020
2020,Los Angeles Clippers,72,17380,40.7,87.4,0.466,12.2,32.8,0.371,28.5,54.6,0.522,20.4,25.8,0.791,10.4,36.2,46.7,23.2,6.9,4.6,14.3,21.7,113.9,NBA,6.44,0.21,6.66,113.9,107.6,6.3,101.5,0.295,0.375,0.577,0.535,12.6,23.5,0.233,0.506,12.2,77.6,0.206,2016-present,0,Playoff Team,Los Angeles Clippers,Los Angeles Clippers_2020
2020,Los Angeles Lakers,71,17090,41.8,87.2,0.48,10.9,31.2,0.349,30.9,56.0,0.552,17.5,24.0,0.729,10.5,34.6,45.2,25.1,8.5,6.5,15.0,20.5,112.0,NBA,5.79,0.49,6.28,112.0,106.3,5.7,100.9,0.276,0.358,0.573,0.542,13.3,24.5,0.201,0.515,14.1,78.8,0.205,2016-present,0,Playoff Team,Los Angeles Lakers,Los Angeles Lakers_2020
2020,Memphis Grizzlies,73,17570,41.3,88.1,0.468,10.6,30.5,0.347,30.7,57.6,0.532,16.1,21.1,0.763,10.0,35.1,45.1,26.1,7.7,5.3,14.8,20.5,109.2,NBA,-1.07,0.16,-0.91,109.2,110.3,-1.1,102.8,0.24,0.346,0.561,0.528,13.2,23.0,0.183,0.521,12.7,77.8,0.217,2016-present,0,Playoff Team,Memphis Grizzlies,Memphis Grizzlies_2020
2020,Miami Heat,73,17745,39.6,84.7,0.468,13.5,35.5,0.379,26.1,49.2,0.532,19.8,25.3,0.783,8.5,36.0,44.5,26.0,7.5,4.6,15.0,20.6,112.5,NBA,2.95,-0.35,2.59,112.5,109.5,3.0,98.3,0.299,0.419,0.587,0.547,13.5,20.3,0.234,0.523,12.6,79.5,0.213,2016-present,0,Playoff Team,Miami Heat,Miami Heat_2020
2020,Milwaukee Bucks,73,17595,41.0,86.1,0.476,13.1,36.9,0.355,27.9,49.3,0.567,17.3,23.4,0.742,9.0,40.0,49.0,24.5,6.8,5.6,14.3,18.6,112.4,NBA,10.08,-0.67,9.41,112.4,102.9,9.5,105.1,0.271,0.428,0.583,0.552,12.9,20.7,0.201,0.489,12.0,81.6,0.178,2016-present,0,Playoff Team,Milwaukee Bucks,Milwaukee Bucks_2020
2020,Minnesota Timberwolves,64,15560,38.6,87.5,0.441,12.7,37.9,0.336,25.9,49.6,0.521,18.2,24.2,0.753,10.1,32.7,42.8,22.7,8.3,5.4,14.6,20.4,108.1,NBA,-4.3,0.28,-4.02,108.1,112.2,-4.1,103.4,0.277,0.433,0.551,0.514,13.0,22.1,0.209,0.541,13.2,77.2,0.218,2016-present,2,Rebuilder,Minnesota Timberwolves,Minnesota Timberwolves_2020
2020,New Orleans Pelicans,72,17430,40.7,87.6,0.465,13.0,35.3,0.37,27.6,52.3,0.528,16.3,22.4,0.729,10.6,33.9,44.4,25.6,7.2,4.8,15.7,20.2,110.7,NBA,-1.29,0.74,-0.55,110.7,111.9,-1.2,103.7,0.256,0.403,0.568,0.539,13.9,24.2,0.186,0.532,12.4,77.8,0.212,2016-present,0,Playoff Team,New Orleans Pelicans,New Orleans Pelicans_2020
2020,New York Knicks,66,15965,40.2,89.9,0.447,9.6,28.5,0.337,30.6,61.4,0.499,16.4,23.6,0.694,12.1,34.7,46.8,22.2,7.7,4.8,14.4,22.3,106.5,NBA,-6.45,-0.26,-6.72,106.5,113.0,-6.5,98.6,0.263,0.318,0.531,0.501,12.6,25.8,0.182,0.541,12.4,78.3,0.224,2016-present,2,Rebuilder,New York Knicks,New York Knicks_2020
2020,Oklahoma City Thunder,72,17430,40.1,85.8,0.468,10.7,30.3,0.355,29.4,55.6,0.529,19.8,24.9,0.796,8.3,34.8,43.0,21.8,7.7,4.9,13.7,19.4,110.8,NBA,1.99,0.34,2.33,110.8,108.8,2.0,98.8,0.29,0.353,0.573,0.53,12.4,19.3,0.231,0.518,12.6,76.8,0.173,2016-present,0,Playoff Team,Oklahoma City Thunder,Oklahoma City Thunder_2020
2020,Orlando Magic,73,17570,39.8,89.6,0.444,11.2,32.6,0.343,28.6,57.0,0.502,17.8,22.9,0.774,10.4,34.6,45.0,24.2,8.3,5.5,13.0,18.5,108.5,NBA,-1.01,0.09,-0.93,108.5,109.5,-1.0,98.6,0.256,0.364,0.544,0.506,11.5,22.3,0.198,0.535,13.2,79.1,0.176,2016-present,4,Defensive Powerhouse,Orlando Magic,Orlando Magic_2020
2020,Philadelphia 76ers,73,17595,41.3,88.4,0.468,11.7,31.8,0.368,29.6,56.6,0.524,17.0,22.6,0.755,10.5,35.2,45.7,26.0,8.1,5.4,14.3,21.1,111.3,NBA,2.38,-0.13,2.25,111.3,109.0,2.3,99.0,0.255,0.36,0.566,0.534,12.7,23.9,0.193,0.523,12.5,80.3,0.214,2016-present,0,Playoff Team,Philadelphia 76ers,Philadelphia 76ers_2020
2020,Phoenix Suns,73,17595,40.5,86.5,0.468,11.2,31.2,0.358,29.3,55.3,0.529,19.5,23.4,0.834,9.6,33.2,42.8,26.7,7.5,3.9,14.5,21.7,111.7,NBA,0.22,0.35,0.56,111.7,111.4,0.3,101.3,0.271,0.361,0.576,0.532,13.0,22.2,0.226,0.539,13.7,78.8,0.221,2016-present,0,Playoff Team,Phoenix Suns,Phoenix Suns_2020
2020,Portland Trail Blazers,74,17835,41.7,90.2,0.463,12.7,33.7,0.377,29.0,56.4,0.514,17.5,21.8,0.804,10.1,34.7,44.8,20.4,6.2,6.0,12.6,21.5,113.7,NBA,-1.15,0.54,-0.61,113.7,114.8,-1.1,100.7,0.242,0.374,0.57,0.533,11.2,22.4,0.194,0.53,11.2,75.3,0.208,2016-present,3,Fast & Flawed D,Portland Trail Blazers,Portland Trail Blazers_2020
2020,Sacramento Kings,72,17455,40.9,88.4,0.462,12.7,34.9,0.364,28.2,53.5,0.527,15.7,20.3,0.77,9.7,33.0,42.6,23.8,7.7,4.1,14.5,22.2,110.2,NBA,-2.04,0.46,-1.59,110.2,112.2,-2.0,98.9,0.23,0.395,0.566,0.534,13.0,21.9,0.177,0.543,13.6,78.4,0.225,2016-present,3,Fast & Flawed D,Sacramento Kings,Sacramento Kings_2020
2020,San Antonio Spurs,71,17215,41.6,88.1,0.472,10.5,28.0,0.376,31.0,60.1,0.516,18.7,23.1,0.81,8.9,35.1,44.0,24.3,7.2,5.4,12.4,19.1,112.4,NBA,-1.11,0.46,-0.65,112.4,113.5,-1.1,100.5,0.262,0.318,0.572,0.531,11.2,20.1,0.212,0.542,11.7,79.2,0.193,2016-present,0,Playoff Team,San Antonio Spurs,San Antonio Spurs_2020
2020,Toronto Raptors,72,17380,39.6,86.6,0.458,13.6,36.4,0.374,26.0,50.2,0.519,18.2,22.9,0.796,9.4,35.3,44.7,24.9,8.7,4.9,14.6,21.3,111.1,NBA,6.24,-0.26,5.97,111.1,105.0,6.1,100.9,0.264,0.421,0.574,0.536,13.1,21.3,0.21,0.502,14.6,76.7,0.202,2016-present,0,Playoff Team,Toronto Raptors,Toronto Raptors_2020
2020,Utah Jazz,72,17355,40.5,85.9,0.471,13.5,35.6,0.38,27.0,50.4,0.535,17.9,23.0,0.779,9.2,36.1,45.3,22.6,6.1,4.1,15.3,20.6,112.3,NBA,2.47,0.05,2.52,112.3,109.9,2.4,98.6,0.268,0.414,0.585,0.549,13.7,21.6,0.208,0.518,11.1,78.9,0.185,2016-present,0,Playoff Team,Utah Jazz,Utah Jazz_2020
2020,Washington Wizards,72,17355,40.3,88.1,0.457,11.6,31.6,0.368,28.6,56.6,0.506,18.8,23.8,0.788,9.9,30.9,40.8,24.3,7.7,4.2,13.7,22.0,110.9,NBA,-4.67,-0.57,-5.24,110.9,115.5,-4.6,102.7,0.27,0.358,0.562,0.523,12.2,22.2,0.213,0.558,13.9,75.3,0.231,2016-present,3,Fast & Flawed D,Washington Wizards,Washington Wizards_2020
2019,Atlanta Hawks,82,19855,39.5,87.6,0.451,12.4,35.3,0.352,27.1,52.2,0.518,16.8,22.3,0.752,11.1,32.9,44.0,24.6,7.9,4.9,16.3,22.5,108.1,NBA,-6.02,-0.04,-6.06,108.1,113.9,-5.8,103.9,0.255,0.403,0.555,0.522,14.3,24.7,0.192,0.541,12.8,76.4,0.237,2016-present,2,Rebuilder,Atlanta Hawks,Atlanta Hawks_2019
2019,Boston Celtics,82,19780,42.0,90.4,0.465,12.6,34.4,0.365,29.5,55.9,0.527,15.6,19.5,0.802,9.8,34.7,44.5,26.2,8.6,5.3,12.8,20.3,112.2,NBA,4.44,-0.54,3.9,112.2,107.8,4.4,99.6,0.215,0.381,0.567,0.534,11.5,21.6,0.173,0.514,13.4,77.0,0.198,2016-present,3,Fast & Flawed D,Boston Celtics,Boston Celtics_2019
2019,Brooklyn Nets,82,19980,39.3,87.6,0.449,12.5,35.3,0.353,26.8,52.3,0.513,18.5,24.9,0.745,10.7,34.8,45.5,23.3,6.4,4.0,14.7,21.0,109.6,NBA,-0.07,-0.33,-0.4,109.6,109.7,-0.1,100.8,0.284,0.403,0.556,0.52,13.0,23.8,0.211,0.512,11.6,76.4,0.19,2016-present,0,Playoff Team,Brooklyn Nets,Brooklyn Nets_2019
2019,Chicago Bulls,82,19905,39.8,87.8,0.453,9.1,25.9,0.351,30.7,61.9,0.496,16.2,20.6,0.783,8.7,34.1,42.8,21.9,7.3,4.3,14.1,20.3,104.8,NBA,-8.41,0.1,-8.32,104.8,113.2,-8.4,99.0,0.235,0.295,0.541,0.505,12.7,19.4,0.184,0.541,11.9,77.3,0.188,2016-present,2,Rebuilder,Chicago Bulls,Chicago Bulls_2019
2019,Charlotte Hornets,82,19830,40.4,90.3,0.448,12.0,34.1,0.351,28.4,56.1,0.507,18.5,23.2,0.797,10.0,34.1,44.0,23.4,7.2,5.0,12.3,19.0,111.4,NBA,-1.1,-0.22,-1.32,111.4,112.5,-1.1,98.7,0.257,0.378,0.554,0.514,10.9,21.7,0.205,0.538,12.1,77.1,0.179,2016-present,3,Fast & Flawed D,Charlotte Hornets,Charlotte Hornets_2019
2019,Cleveland Cavaliers,82,19755,40.1,90.3,0.444,10.6,30.0,0.355,29.4,60.3,0.488,16.9,21.3,0.792,11.0,32.9,44.0,21.3,6.7,2.5,13.9,20.6,107.7,NBA,-9.61,0.22,-9.39,107.7,117.6,-9.9,96.6,0.236,0.332,0.54,0.503,12.2,23.7,0.187,0.564,11.5,77.0,0.181,2016-present,2,Rebuilder,Cleveland Cavaliers,Cleveland Cavaliers_2019
2019,Dallas Mavericks,82,19780,39.0,87.3,0.447,12.5,36.8,0.34,26.5,50.5,0.524,18.9,25.5,0.742,10.2,35.4,45.6,23.5,6.5,4.3,14.3,20.2,109.4,NBA,-1.28,0.42,-0.87,109.4,110.7,-1.3,99.0,0.291,0.422,0.555,0.519,12.7,22.7,0.216,0.522,11.6,77.5,0.191,2016-present,0,Playoff Team,Dallas Mavericks,Dallas Mavericks_2019
2019,Denver Nuggets,82,19730,42.8,91.9,0.466,11.2,32.0,0.351,31.6,59.9,0.527,16.1,21.3,0.755,12.1,35.3,47.3,27.9,7.9,4.5,13.7,20.5,113.0,NBA,3.95,0.24,4.19,113.0,108.9,4.1,97.7,0.232,0.348,0.558,0.527,11.9,26.6,0.175,0.521,12.3,78.0,0.194,2016-present,3,Fast & Flawed D,Denver Nuggets,Denver Nuggets_2019
2019,Detroit Pistons,82,19855,39.5,89.9,0.44,12.3,35.4,0.348,27.2,54.4,0.5,17.6,23.5,0.747,11.6,34.2,45.8,22.9,7.1,4.1,14.1,22.5,109.0,NBA,-0.24,-0.31,-0.56,109.0,109.2,-0.2,97.4,0.262,0.394,0.544,0.509,12.3,24.8,0.195,0.526,12.8,78.7,0.211,2016-present,4,Defensive Powerhouse,Detroit Pistons,Detroit Pistons_2019
2019,Golden State Warriors,82,19805,43.4,88.4,0.491,13.1,33.9,0.385,30.3,54.5,0.557,16.1,20.1,0.801,9.6,35.9,45.5,29.0,7.5,6.3,14.0,21.1,115.9,NBA,6.46,-0.04,6.42,115.9,109.5,6.4,100.9,0.227,0.384,0.596,0.565,12.6,22.5,0.182,0.508,11.7,77.1,0.205,2016-present,1,Pace & Space,Golden State Warriors,Golden State Warriors_2019
2019,Houston Rockets,82,19830,39.8,88.6,0.449,16.4,46.0,0.356,23.4,42.6,0.551,19.6,24.7,0.791,10.3,32.3,42.7,21.5,8.7,5.0,13.5,22.3,115.5,NBA,4.77,0.19,4.96,115.5,110.7,4.8,97.9,0.279,0.519,0.581,0.542,12.0,22.8,0.221,0.525,13.4,74.4,0.21,2016-present,0,Playoff Team,Houston Rockets,Houston Rockets_2019
2019,Indiana Pacers,82,19705,42.1,88.6,0.475,9.7,25.8,0.374,32.4,62.7,0.517,16.1,21.4,0.752,9.5,34.3,43.8,26.4,8.8,5.0,13.9,19.8,109.9,NBA,3.33,-0.57,2.76,109.9,106.5,3.4,98.1,0.242,0.292,0.561,0.53,12.4,21.9,0.182,0.516,14.1,76.2,0.184,2016-present,4,Defensive Powerhouse,Indiana Pacers,Indiana Pacers_2019
2019,Los Angeles Clippers,82,19830,40.3,85.4,0.471,9.8,25.2,0.388,30.5,60.2,0.507,22.1,27.8,0.792,9.5,34.9,44.4,23.4,6.7,4.6,14.2,22.8,112.4,NBA,0.85,0.23,1.09,112.4,111.5,0.9,101.7,0.326,0.295,0.575,0.529,12.7,22.0,0.258,0.514,11.4,76.0,0.224,2016-present,0,Playoff Team,Los Angeles Clippers,Los Angeles Clippers_2019
2019,Los Angeles Lakers,82,19780,41.1,87.3,0.47,10.0,29.9,0.333,31.1,57.4,0.541,15.7,22.5,0.699,9.8,35.1,44.9,24.7,7.3,5.2,15.1,20.0,107.8,NBA,-1.72,0.39,-1.33,107.8,109.5,-1.7,103.2,0.257,0.342,0.554,0.527,13.4,22.2,0.18,0.516,12.2,76.4,0.192,2016-present,2,Rebuilder,Los Angeles Lakers,Los Angeles Lakers_2019
2019,Memphis Grizzlies,82,19880,38.9,86.5,0.45,10.1,29.6,0.342,28.8,56.9,0.505,18.2,23.5,0.772,9.0,33.8,42.8,24.5,8.5,5.6,14.3,22.5,106.1,NBA,-2.6,0.51,-2.08,106.1,108.8,-2.7,96.6,0.272,0.342,0.548,0.508,12.9,20.0,0.21,0.521,13.9,77.6,0.232,2016-present,4,Defensive Powerhouse,Memphis Grizzlies,Memphis Grizzlies_2019
2019,Miami Heat,82,19730,40.3,89.4,0.45,11.5,32.9,0.349,28.8,56.5,0.509,15.3,22.1,0.695,11.4,35.6,47.1,24.7,7.8,5.5,15.0,21.2,107.3,NBA,-0.23,-0.22,-0.45,107.3,107.6,-0.3,98.2,0.247,0.368,0.542,0.515,13.1,24.8,0.172,0.51,12.7,77.6,0.201,2016-present,4,Defensive Powerhouse,Miami Heat,Miami Heat_2019
2019,Milwaukee Bucks,82,19780,41.8,87.8,0.476,13.0,36.8,0.353,28.8,50.9,0.565,17.3,22.4,0.773,9.0,39.0,47.9,25.1,7.2,5.7,13.4,18.9,113.8,NBA,8.87,-0.82,8.04,113.8,105.2,8.6,103.3,0.255,0.419,0.583,0.55,12.0,20.8,0.197,0.503,11.5,80.3,0.162,2016-present,0,Playoff Team,Milwaukee Bucks,Milwaukee Bucks_2019
2019,Minnesota Timberwolves,82,19830,41.2,90.4,0.456,10.0,28.5,0.351,31.2,61.9,0.504,19.0,24.1,0.787,11.2,33.2,44.4,24.4,8.3,5.0,13.0,20.1,111.4,NBA,-1.5,0.48,-1.02,111.4,112.9,-1.5,100.2,0.267,0.315,0.552,0.511,11.4,24.6,0.21,0.538,12.9,74.9,0.19,2016-present,3,Fast & Flawed D,Minnesota Timberwolves,Minnesota Timberwolves_2019
2019,New Orleans Pelicans,82,19755,42.1,89.0,0.473,9.9,28.8,0.344,32.2,60.2,0.536,17.2,22.6,0.761,10.7,34.9,45.6,26.1,7.2,5.2,14.3,20.4,111.4,NBA,-1.33,0.23,-1.1,111.4,112.6,-1.2,103.3,0.254,0.324,0.563,0.529,12.6,24.1,0.193,0.532,11.6,76.8,0.193,2016-present,3,Fast & Flawed D,New Orleans Pelicans,New Orleans Pelicans_2019
2019,New York Knicks,82,19780,38.2,88.2,0.433,10.0,29.5,0.34,28.2,58.7,0.479,18.1,23.8,0.759,10.4,34.2,44.7,20.1,6.8,5.1,14.0,20.9,104.5,NBA,-9.21,0.28,-8.93,104.5,113.7,-9.2,99.6,0.27,0.334,0.529,0.49,12.4,22.1,0.205,0.533,11.7,76.1,0.203,2016-present,2,Rebuilder,New York Knicks,New York Knicks_2019
2019,Oklahoma City Thunder,82,19855,41.1,90.6,0.454,11.0,31.5,0.348,30.1,59.1,0.51,17.2,24.1,0.713,12.1,34.2,46.3,22.5,9.0,5.0,13.5,21.6,110.3,NBA,3.4,0.15,3.56,110.3,107.0,3.3,102.8,0.266,0.347,0.545,0.514,11.7,26.0,0.19,0.523,14.4,78.2,0.206,2016-present,4,Defensive Powerhouse,Oklahoma City Thunder,Oklahoma City Thunder_2019
2019,Orlando Magic,82,19780,41.0,90.4,0.454,11.6,32.6,0.356,29.4,57.8,0.509,15.2,19.5,0.782,10.2,35.9,46.1,25.9,6.7,5.5,13.4,18.9,108.9,NBA,0.71,-0.43,0.28,108.9,108.1,0.8,98.1,0.216,0.36,0.55,0.518,11.9,22.0,0.168,0.515,11.8,79.7,0.186,2016-present,3,Fast & Flawed D,Orlando Magic,Orlando Magic_2019
2019,Philadelphia 76ers,82,19805,40.6,86.2,0.471,10.6,29.5,0.359,30.0,56.7,0.529,20.8,26.9,0.771,10.6,36.1,46.7,26.3,7.2,5.2,14.6,20.8,112.6,NBA,2.7,-0.44,2.25,112.6,110.0,2.6,101.6,0.312,0.342,0.574,0.532,12.9,24.5,0.241,0.512,11.1,78.6,0.206,2016-present,0,Playoff Team,Philadelphia 76ers,Philadelphia 76ers_2019
2019,Phoenix Suns,82,19880,39.5,86.0,0.459,9.5,28.8,0.329,30.0,57.2,0.525,17.4,22.3,0.779,9.0,30.8,39.8,23.5,8.8,5.0,15.4,23.2,105.9,NBA,-9.34,0.73,-8.61,105.9,115.1,-9.2,100.5,0.259,0.335,0.552,0.514,13.8,20.5,0.202,0.545,13.5,72.5,0.236,2016-present,2,Rebuilder,Phoenix Suns,Phoenix Suns_2019
2019,Portland Trail Blazers,82,19855,42.3,90.6,0.467,11.0,30.7,0.359,31.3,59.8,0.523,19.0,23.3,0.814,11.8,36.2,48.0,23.0,6.7,5.0,13.8,20.4,114.7,NBA,4.2,0.24,4.43,114.7,110.5,4.2,99.1,0.258,0.339,0.568,0.528,12.1,26.6,0.21,0.516,11.0,77.9,0.195,2016-present,0,Playoff Team,Portland Trail Blazers,Portland Trail Blazers_2019
2019,Sacramento Kings,82,19730,41.8,90.1,0.464,10.9,29.0,0.378,30.8,61.1,0.504,16.0,22.0,0.726,10.7,33.2,43.9,24.6,8.0,4.3,12.9,20.7,110.4,NBA,-1.12,0.31,-0.81,110.4,111.5,-1.1,103.1,0.244,0.321,0.554,0.524,11.5,23.1,0.177,0.533,13.6,75.5,0.207,2016-present,3,Fast & Flawed D,Sacramento Kings,Sacramento Kings_2019
2019,San Antonio Spurs,82,19805,42.8,89.4,0.478,10.0,25.5,0.392,32.7,63.8,0.513,17.4,21.2,0.819,9.3,35.9,45.2,24.8,6.2,4.8,12.2,18.3,112.9,NBA,1.68,0.12,1.8,112.9,111.2,1.7,98.3,0.237,0.286,0.572,0.534,11.0,21.0,0.194,0.528,11.0,79.4,0.17,2016-present,0,Playoff Team,San Antonio Spurs,San Antonio Spurs_2019
2019,Toronto Raptors,82,19880,41.7,88.1,0.474,12.2,33.4,0.366,29.5,54.7,0.539,17.5,21.7,0.804,9.5,35.2,44.7,25.1,8.2,5.3,13.9,20.8,113.1,NBA,6.09,-0.6,5.49,113.1,107.1,6.0,100.2,0.247,0.379,0.579,0.543,12.4,21.9,0.198,0.509,13.1,77.1,0.19,2016-present,0,Playoff Team,Toronto Raptors,Toronto Raptors_2019
2019,Utah Jazz,82,19755,40.1,85.8,0.468,12.0,33.8,0.356,28.1,52.0,0.541,18.7,25.3,0.736,9.9,36.1,46.0,25.8,8.0,5.8,15.0,20.9,110.9,NBA,5.26,0.03,5.28,110.9,105.7,5.2,100.3,0.295,0.394,0.572,0.538,13.4,22.9,0.217,0.507,12.4,80.3,0.189,2016-present,0,Playoff Team,Utah Jazz,Utah Jazz_2019
2019,Washington Wizards,82,19930,41.1,87.8,0.468,11.0,32.4,0.341,30.0,55.3,0.543,17.9,23.3,0.768,9.4,31.8,41.3,25.6,8.1,4.5,13.7,20.2,111.1,NBA,-2.9,-0.4,-3.3,111.1,113.9,-2.8,101.4,0.266,0.37,0.567,0.531,12.3,21.3,0.204,0.546,13.5,74.1,0.199,2016-present,3,Fast & Flawed D,Washington Wizards,Washington Wizards_2019
2018,Atlanta Hawks,82,19705,38.8,87.0,0.446,11.4,31.5,0.36,27.4,55.4,0.495,16.1,20.5,0.785,9.2,33.4,42.6,24.1,7.9,4.3,15.8,19.9,105.0,NBA,-5.45,0.15,-5.3,105.0,110.6,-5.6,98.3,0.236,0.363,0.547,0.512,14.1,21.1,0.185,0.536,13.6,76.2,0.183,2016-present,2,Rebuilder,Atlanta Hawks,Atlanta Hawks_2018
2018,Boston Celtics,82,19805,39.6,88.0,0.45,11.8,31.4,0.377,27.8,56.6,0.491,16.5,21.4,0.771,9.7,36.3,46.0,23.2,7.6,4.7,14.5,20.4,107.6,NBA,3.59,-0.35,3.23,107.6,103.9,3.7,96.0,0.243,0.357,0.552,0.518,13.0,21.5,0.188,0.495,13.0,78.4,0.191,2016-present,4,Defensive Powerhouse,Boston Celtics,Boston Celtics_2018
2018,Brooklyn Nets,82,19855,38.3,87.0,0.441,12.7,35.7,0.356,25.6,51.2,0.5,17.5,22.6,0.772,9.7,34.9,44.6,23.7,6.3,4.8,15.2,20.6,106.9,NBA,-3.74,0.07,-3.67,106.9,110.6,-3.7,98.9,0.26,0.411,0.551,0.514,13.6,21.0,0.201,0.517,11.0,77.0,0.201,2016-present,2,Rebuilder,Brooklyn Nets,Brooklyn Nets_2018
2018,Chicago Bulls,82,19855,39.0,89.6,0.435,11.1,31.3,0.355,27.8,58.2,0.478,14.7,19.4,0.759,9.7,35.3,45.0,23.6,7.7,3.6,14.1,19.3,103.8,NBA,-7.04,0.2,-6.84,103.8,110.9,-7.1,98.3,0.216,0.35,0.529,0.497,12.6,20.6,0.164,0.542,12.4,80.6,0.184,2016-present,2,Rebuilder,Chicago Bulls,Chicago Bulls_2018
2018,Charlotte Hornets,82,19780,39.4,87.6,0.45,10.2,27.5,0.369,29.3,60.1,0.487,20.4,27.3,0.747,10.2,35.8,46.0,21.8,6.9,4.6,12.8,17.4,109.4,NBA,0.26,-0.19,0.07,109.4,109.1,0.3,98.4,0.312,0.314,0.549,0.508,11.4,22.2,0.233,0.532,12.4,80.7,0.165,2016-present,0,Playoff Team,Charlotte Hornets,Charlotte Hornets_2018
2018,Cleveland Cavaliers,82,19730,41.1,86.3,0.476,12.2,32.7,0.372,28.9,53.6,0.54,18.5,23.7,0.779,8.6,34.3,42.9,23.8,7.2,3.9,14.0,18.9,112.9,NBA,0.94,-0.35,0.59,112.9,111.9,1.0,98.0,0.275,0.379,0.584,0.547,12.6,20.1,0.214,0.54,12.2,77.3,0.166,2016-present,0,Playoff Team,Cleveland Cavaliers,Cleveland Cavaliers_2018
2018,Dallas Mavericks,82,19805,39.6,89.2,0.444,12.3,34.1,0.36,27.4,55.2,0.496,14.8,19.4,0.763,8.4,34.4,42.9,23.5,7.3,3.9,12.8,20.0,106.3,NBA,-3.04,0.34,-2.7,106.3,109.5,-3.2,95.6,0.217,0.382,0.544,0.513,11.5,18.0,0.166,0.532,12.8,78.9,0.193,2016-present,2,Rebuilder,Dallas Mavericks,Dallas Mavericks_2018
2018,Denver Nuggets,82,19880,41.6,88.6,0.47,11.7,31.6,0.371,29.9,56.9,0.525,17.5,22.8,0.767,11.2,34.3,45.5,25.7,7.8,5.0,15.3,19.1,112.5,NBA,1.48,0.09,1.57,112.5,111.0,1.5,96.8,0.258,0.357,0.57,0.536,13.4,25.7,0.198,0.539,12.6,77.5,0.173,2016-present,0,Playoff Team,Denver Nuggets,Denver Nuggets_2018
2018,Detroit Pistons,82,19805,40.4,89.8,0.45,11.2,29.9,0.373,29.2,59.9,0.488,15.2,20.4,0.745,10.5,34.7,45.2,23.5,7.9,4.0,13.9,19.0,107.2,NBA,-0.15,-0.11,-0.26,107.2,107.3,-0.1,96.2,0.227,0.333,0.543,0.512,12.3,22.7,0.169,0.524,13.7,78.5,0.172,2016-present,4,Defensive Powerhouse,Detroit Pistons,Detroit Pistons_2018
2018,Golden State Warriors,82,19730,42.9,85.3,0.503,11.3,28.9,0.391,31.6,56.3,0.56,16.6,20.4,0.815,8.4,35.1,43.6,29.3,8.0,7.5,15.5,19.6,113.6,NBA,5.98,-0.19,5.79,113.6,107.7,5.9,99.6,0.239,0.339,0.603,0.569,14.1,21.0,0.195,0.504,12.6,76.3,0.186,2016-present,1,Pace & Space,Golden State Warriors,Golden State Warriors_2018
2018,Houston Rockets,82,19755,39.5,86.0,0.46,15.6,43.2,0.362,23.9,42.8,0.558,20.0,25.7,0.781,9.2,35.2,44.4,22.0,8.7,4.9,14.1,19.9,114.7,NBA,8.48,-0.27,8.21,114.7,106.1,8.6,97.6,0.298,0.502,0.59,0.551,12.7,21.3,0.233,0.521,13.4,79.9,0.171,2016-present,0,Playoff Team,Houston Rockets,Houston Rockets_2018
2018,Indiana Pacers,82,19755,42.3,89.6,0.472,9.4,25.4,0.369,32.9,64.2,0.513,15.5,19.9,0.779,10.0,34.0,43.9,23.0,9.1,4.3,13.8,19.5,109.5,NBA,1.38,-0.2,1.18,109.5,108.1,1.4,96.0,0.222,0.284,0.557,0.525,12.3,22.7,0.173,0.527,14.2,76.2,0.174,2016-present,4,Defensive Powerhouse,Indiana Pacers,Indiana Pacers_2018
2018,Los Angeles Clippers,82,19705,40.7,86.4,0.471,9.6,27.1,0.354,31.2,59.3,0.525,19.2,25.8,0.743,10.3,34.1,44.4,22.6,7.7,4.6,14.9,20.2,110.3,NBA,0.04,0.11,0.15,110.3,110.2,0.1,98.7,0.299,0.314,0.564,0.527,13.2,23.5,0.222,0.52,12.6,76.1,0.203,2016-present,0,Playoff Team,Los Angeles Clippers,Los Angeles Clippers_2018
2018,Los Angeles Lakers,82,19905,40.1,87.1,0.461,9.9,28.6,0.345,30.2,58.4,0.517,16.4,23.0,0.714,10.5,35.2,45.7,23.4,7.6,4.7,15.6,20.9,106.5,NBA,-1.55,0.11,-1.44,106.5,108.0,-1.5,100.3,0.264,0.329,0.548,0.517,13.8,23.6,0.188,0.514,12.5,77.7,0.19,2016-present,4,Defensive Powerhouse,Los Angeles Lakers,Los Angeles Lakers_2018
2018,Memphis Grizzlies,82,19705,38.7,87.1,0.444,9.7,27.6,0.352,28.9,59.5,0.486,17.5,22.2,0.786,10.0,32.6,42.6,22.7,7.9,5.1,15.7,24.4,104.5,NBA,-6.21,0.39,-5.81,104.5,111.0,-6.5,94.9,0.255,0.317,0.539,0.5,14.0,22.4,0.201,0.529,13.8,76.5,0.256,2016-present,2,Rebuilder,Memphis Grizzlies,Memphis Grizzlies_2018
2018,Miami Heat,82,19930,40.1,88.1,0.455,11.4,31.6,0.36,28.7,56.6,0.508,15.2,20.2,0.755,9.6,35.3,44.9,23.5,7.8,5.5,14.8,20.8,106.8,NBA,0.48,-0.33,0.15,106.8,106.3,0.5,95.6,0.229,0.358,0.551,0.52,13.3,21.5,0.173,0.507,13.1,79.0,0.215,2016-present,4,Defensive Powerhouse,Miami Heat,Miami Heat_2018
2018,Milwaukee Bucks,82,19830,41.0,85.6,0.478,9.0,25.4,0.355,31.9,60.1,0.531,18.8,24.1,0.783,8.7,32.4,41.1,24.0,9.1,5.6,14.3,22.0,109.8,NBA,-0.3,-0.15,-0.45,109.8,110.1,-0.3,96.3,0.281,0.297,0.571,0.531,12.9,20.4,0.22,0.528,14.2,75.9,0.22,2016-present,4,Defensive Powerhouse,Milwaukee Bucks,Milwaukee Bucks_2018
2018,Minnesota Timberwolves,82,19805,42.5,89.2,0.476,8.3,23.3,0.357,34.2,65.9,0.519,20.1,25.0,0.804,10.7,32.7,43.4,23.5,8.7,4.4,12.9,18.9,113.4,NBA,2.23,0.12,2.35,113.4,111.1,2.3,96.0,0.28,0.261,0.566,0.523,11.4,24.4,0.225,0.539,13.9,76.4,0.189,2016-present,0,Playoff Team,Minnesota Timberwolves,Minnesota Timberwolves_2018
2018,New Orleans Pelicans,82,19955,41.9,86.6,0.483,10.0,27.7,0.362,31.9,59.0,0.54,15.8,20.5,0.772,8.5,35.0,43.5,26.3,7.9,5.8,14.6,18.8,109.6,NBA,1.3,0.18,1.48,109.6,108.3,1.3,100.5,0.237,0.319,0.573,0.541,13.3,20.0,0.183,0.513,12.5,76.7,0.175,2016-present,0,Playoff Team,New Orleans Pelicans,New Orleans Pelicans_2018
2018,New York Knicks,82,19830,41.7,89.9,0.464,8.4,23.9,0.352,33.3,66.0,0.504,15.3,19.5,0.787,10.7,34.4,45.1,23.9,6.9,5.3,15.1,21.0,107.1,NBA,-3.56,0.03,-3.53,107.1,110.7,-3.6,96.8,0.216,0.266,0.544,0.51,13.3,24.1,0.17,0.522,12.1,76.7,0.208,2016-present,2,Rebuilder,New York Knicks,New York Knicks_2018
2018,Oklahoma City Thunder,82,19830,40.9,90.4,0.453,11.0,31.2,0.354,29.9,59.2,0.505,17.8,24.8,0.716,12.8,33.4,46.2,21.9,9.3,5.2,14.4,20.7,110.7,NBA,3.41,0.0,3.42,110.7,107.2,3.5,96.7,0.275,0.345,0.546,0.514,12.4,27.7,0.197,0.525,14.7,77.4,0.193,2016-present,4,Defensive Powerhouse,Oklahoma City Thunder,Oklahoma City Thunder_2018
2018,Orlando Magic,82,19730,39.5,87.4,0.452,10.5,29.8,0.351,29.0,57.5,0.504,15.8,20.8,0.757,9.0,33.4,42.4,23.8,7.7,5.0,14.8,19.6,105.2,NBA,-4.82,-0.1,-4.92,105.2,110.1,-4.9,98.1,0.238,0.342,0.545,0.512,13.3,20.0,0.18,0.525,12.8,75.6,0.187,2016-present,2,Rebuilder,Orlando Magic,Orlando Magic_2018
2018,Philadelphia 76ers,82,19780,40.7,86.3,0.472,11.0,29.7,0.369,29.8,56.6,0.526,17.1,22.7,0.752,10.9,36.4,47.3,27.0,8.3,5.1,16.4,22.0,109.5,NBA,4.5,-0.2,4.3,109.5,105.0,4.5,99.8,0.263,0.344,0.568,0.535,14.6,25.3,0.198,0.492,12.6,78.6,0.218,2016-present,4,Defensive Powerhouse,Philadelphia 76ers,Philadelphia 76ers_2018
2018,Phoenix Suns,82,19705,38.3,86.7,0.442,9.3,27.8,0.334,29.0,59.0,0.492,17.7,23.8,0.741,10.2,33.7,43.9,21.2,6.9,4.5,15.7,22.0,103.5,NBA,-9.37,0.57,-8.8,103.5,112.9,-9.4,100.3,0.275,0.32,0.532,0.495,13.9,22.5,0.203,0.533,11.9,76.5,0.212,2016-present,2,Rebuilder,Phoenix Suns,Phoenix Suns_2018
2018,Portland Trail Blazers,82,19755,40.6,89.8,0.452,10.6,29.1,0.366,29.9,60.7,0.493,17.3,21.6,0.8,10.5,36.4,46.9,20.1,7.2,5.3,14.0,20.1,109.1,NBA,2.6,0.0,2.6,109.1,106.4,2.7,96.5,0.24,0.324,0.549,0.511,12.3,23.3,0.192,0.503,11.7,79.1,0.193,2016-present,4,Defensive Powerhouse,Portland Trail Blazers,Portland Trail Blazers_2018
2018,Sacramento Kings,82,19755,40.7,90.4,0.45,9.4,25.2,0.375,31.2,65.2,0.479,12.9,17.6,0.735,9.9,33.0,42.9,22.6,8.2,4.4,14.4,21.0,103.7,NBA,-6.99,0.39,-6.6,103.7,111.1,-7.4,94.9,0.194,0.278,0.529,0.502,12.8,21.5,0.143,0.542,13.5,77.6,0.199,2016-present,2,Rebuilder,Sacramento Kings,Sacramento Kings_2018
2018,San Antonio Spurs,82,19730,41.0,89.6,0.457,8.9,25.3,0.352,32.1,64.3,0.499,17.0,22.0,0.772,10.9,35.6,46.4,23.9,8.0,5.9,13.8,18.0,107.9,NBA,2.89,0.0,2.89,107.9,104.8,3.1,95.0,0.245,0.282,0.543,0.507,12.2,23.7,0.189,0.507,13.2,78.6,0.17,2016-present,4,Defensive Powerhouse,San Antonio Spurs,San Antonio Spurs_2018
2018,Toronto Raptors,82,19830,42.0,89.1,0.472,12.0,33.6,0.358,30.0,55.5,0.541,17.7,22.2,0.794,9.9,34.9,44.8,24.8,7.8,6.2,13.6,22.2,113.8,NBA,7.78,-0.49,7.29,113.8,105.9,7.9,97.4,0.25,0.377,0.575,0.539,12.1,23.0,0.198,0.501,13.0,77.7,0.212,2016-present,0,Playoff Team,Toronto Raptors,Toronto Raptors_2018
2018,Utah Jazz,82,19755,39.8,86.3,0.462,11.3,30.8,0.366,28.6,55.5,0.515,17.5,22.4,0.779,9.4,35.6,45.0,23.3,9.0,5.3,15.3,20.4,108.4,NBA,4.3,0.17,4.47,108.4,103.9,4.5,95.7,0.26,0.357,0.564,0.527,13.7,21.5,0.202,0.506,14.0,79.8,0.19,2016-present,4,Defensive Powerhouse,Utah Jazz,Utah Jazz_2018
2018,Washington Wizards,82,19855,41.0,87.8,0.467,10.2,27.2,0.375,30.8,60.6,0.508,17.2,22.3,0.772,10.3,33.9,44.2,25.8,8.1,4.4,15.0,21.8,109.3,NBA,0.59,-0.06,0.53,109.3,108.7,0.6,96.6,0.254,0.31,0.56,0.525,13.3,23.5,0.196,0.522,13.6,77.1,0.212,2016-present,4,Defensive Powerhouse,Washington Wizards,Washington Wizards_2018
2017,Atlanta Hawks,82,19880,38.7,85.8,0.451,9.0,26.5,0.341,29.7,59.3,0.501,18.4,25.3,0.728,10.4,34.6,45.1,24.0,8.3,4.9,16.0,18.5,104.9,NBA,-0.85,-0.38,-1.23,104.9,105.7,-0.8,97.4,0.295,0.309,0.541,0.504,14.2,23.6,0.215,0.507,13.8,76.1,0.179,2016-present,4,Defensive Powerhouse,Atlanta Hawks,Atlanta Hawks_2017
2017,Boston Celtics,82,19755,39.8,87.6,0.454,12.4,34.4,0.359,27.4,53.2,0.515,19.3,23.9,0.807,9.3,33.9,43.2,26.0,7.7,4.3,13.7,21.2,111.2,NBA,2.63,-0.39,2.25,111.2,108.4,2.8,96.8,0.273,0.393,0.567,0.525,12.2,21.2,0.22,0.503,12.6,75.3,0.223,2016-present,0,Playoff Team,Boston Celtics,Boston Celtics_2017
2017,Brooklyn Nets,82,19755,37.2,83.8,0.444,10.5,31.1,0.338,26.7,52.7,0.506,19.1,24.2,0.788,8.7,34.5,43.2,21.1,7.1,4.6,16.3,20.7,104.1,NBA,-6.73,-0.01,-6.74,104.1,110.7,-6.6,101.3,0.289,0.371,0.551,0.507,14.7,19.6,0.228,0.513,11.6,76.1,0.212,2016-present,2,Rebuilder,Brooklyn Nets,Brooklyn Nets_2017
2017,Chicago Bulls,82,19780,40.4,90.9,0.444,7.9,23.3,0.34,32.4,67.6,0.479,18.8,23.5,0.798,12.7,35.6,48.3,23.6,8.2,5.0,14.2,18.5,107.4,NBA,0.43,-0.39,0.03,107.4,107.0,0.4,95.3,0.259,0.256,0.53,0.487,12.3,27.0,0.206,0.507,12.4,76.8,0.169,2016-present,4,Defensive Powerhouse,Chicago Bulls,Chicago Bulls_2017
2017,Charlotte Hornets,82,19830,39.1,88.5,0.442,10.4,29.7,0.351,28.7,58.9,0.488,20.1,24.7,0.815,9.1,36.1,45.2,23.9,7.2,4.9,11.9,17.2,108.8,NBA,0.2,-0.26,-0.07,108.8,108.6,0.2,95.7,0.279,0.335,0.547,0.501,10.7,19.9,0.227,0.523,12.1,79.6,0.164,2016-present,0,Playoff Team,Charlotte Hornets,Charlotte Hornets_2017
2017,Cleveland Cavaliers,82,19880,41.1,87.4,0.47,13.4,34.9,0.384,27.7,52.5,0.528,18.0,24.0,0.748,9.6,35.4,45.0,23.3,6.8,4.1,14.1,18.7,113.6,NBA,3.18,-0.31,2.87,113.6,110.3,3.3,96.2,0.275,0.399,0.58,0.547,12.6,21.9,0.206,0.516,11.4,75.8,0.174,2016-present,0,Playoff Team,Cleveland Cavaliers,Cleveland Cavaliers_2017
2017,Dallas Mavericks,82,19780,39.0,88.8,0.44,11.6,32.5,0.355,27.5,56.3,0.489,16.0,19.9,0.801,8.5,33.1,41.6,22.4,8.1,4.0,12.8,20.6,105.6,NBA,-2.93,0.4,-2.53,105.6,108.8,-3.2,92.2,0.225,0.366,0.541,0.505,11.6,18.1,0.18,0.529,14.4,77.6,0.218,2016-present,4,Defensive Powerhouse,Dallas Mavericks,Dallas Mavericks_2017
2017,Denver Nuggets,82,19755,41.7,88.9,0.469,10.8,29.2,0.368,31.0,59.7,0.519,19.0,24.5,0.774,11.9,35.1,47.0,25.7,7.0,4.0,15.2,19.4,113.2,NBA,0.51,0.19,0.7,113.2,112.7,0.5,98.3,0.276,0.329,0.568,0.53,13.2,27.3,0.214,0.532,10.9,78.7,0.194,2016-present,0,Playoff Team,Denver Nuggets,Denver Nuggets_2017
2017,Detroit Pistons,82,19805,41.7,92.9,0.449,8.0,24.4,0.33,33.6,68.5,0.492,14.5,20.2,0.719,11.6,36.2,47.8,22.1,7.3,4.0,12.4,18.7,106.0,NBA,-1.12,-0.17,-1.29,106.0,107.1,-1.1,95.0,0.218,0.263,0.521,0.492,10.9,24.1,0.157,0.516,12.1,81.2,0.197,2016-present,4,Defensive Powerhouse,Detroit Pistons,Detroit Pistons_2017
2017,Golden State Warriors,82,19780,43.0,86.8,0.495,11.9,31.2,0.383,31.0,55.7,0.557,17.7,22.5,0.788,9.4,34.9,44.3,30.3,9.5,6.7,14.7,19.3,115.6,NBA,11.63,-0.28,11.35,115.6,104.0,11.6,99.8,0.259,0.359,0.597,0.563,13.2,22.8,0.204,0.486,13.5,74.9,0.198,2016-present,1,Pace & Space,Golden State Warriors,Golden State Warriors_2017
2017,Houston Rockets,82,19780,40.1,86.8,0.462,14.3,40.1,0.357,25.8,46.7,0.552,20.2,26.4,0.766,10.8,33.3,44.1,25.1,8.1,4.3,15.0,19.8,114.7,NBA,5.77,0.08,5.84,114.7,109.0,5.7,100.0,0.304,0.462,0.583,0.545,13.3,24.6,0.233,0.519,13.2,75.8,0.194,2016-present,0,Playoff Team,Houston Rockets,Houston Rockets_2017
2017,Indiana Pacers,82,19855,40.6,87.4,0.465,8.9,23.8,0.376,31.7,63.6,0.498,18.5,22.8,0.81,9.4,34.1,43.4,23.2,8.4,5.2,14.2,20.1,108.6,NBA,-0.22,-0.42,-0.64,108.6,108.8,-0.2,95.9,0.261,0.272,0.558,0.516,12.8,21.2,0.212,0.512,13.6,75.5,0.225,2016-present,4,Defensive Powerhouse,Indiana Pacers,Indiana Pacers_2017
2017,Los Angeles Clippers,82,19755,41.0,86.3,0.475,10.6,28.4,0.375,30.4,57.9,0.525,20.1,26.9,0.745,9.3,35.3,44.6,23.4,7.7,4.4,13.4,20.6,112.7,NBA,4.29,0.13,4.42,112.7,108.2,4.5,96.1,0.312,0.329,0.574,0.537,12.0,21.5,0.233,0.506,12.1,76.9,0.211,2016-present,0,Playoff Team,Los Angeles Clippers,Los Angeles Clippers_2017
2017,Los Angeles Lakers,82,19705,39.9,88.6,0.45,9.0,26.1,0.346,30.8,62.5,0.493,17.3,22.9,0.754,11.5,32.6,44.1,21.2,8.3,4.0,15.4,21.0,106.0,NBA,-6.88,0.58,-6.29,106.0,113.0,-7.0,98.5,0.259,0.295,0.537,0.501,13.5,25.0,0.195,0.542,13.0,75.8,0.213,2016-present,2,Rebuilder,Los Angeles Lakers,Los Angeles Lakers_2017
2017,Memphis Grizzlies,82,19905,39.0,89.6,0.435,10.0,28.3,0.354,29.0,61.2,0.473,19.7,25.1,0.784,11.6,34.3,45.8,22.8,8.5,4.5,13.8,24.0,107.7,NBA,0.49,0.47,0.96,107.7,107.1,0.6,92.3,0.28,0.316,0.535,0.491,12.1,24.8,0.219,0.506,13.6,77.5,0.256,2016-present,4,Defensive Powerhouse,Memphis Grizzlies,Memphis Grizzlies_2017
2017,Miami Heat,82,19780,40.8,89.7,0.455,10.3,28.2,0.365,30.5,61.5,0.496,15.9,22.5,0.706,11.1,34.5,45.6,22.2,7.5,6.0,14.0,21.4,107.8,NBA,1.06,-0.29,0.77,107.8,106.7,1.1,95.2,0.251,0.314,0.541,0.512,12.4,24.2,0.177,0.496,12.6,76.4,0.22,2016-present,4,Defensive Powerhouse,Miami Heat,Miami Heat_2017
2017,Milwaukee Bucks,82,19780,40.9,86.2,0.474,9.2,25.0,0.37,31.6,61.2,0.516,18.1,23.6,0.768,9.3,33.2,42.5,25.5,8.6,5.6,14.7,21.3,109.1,NBA,-0.18,-0.26,-0.45,109.1,109.3,-0.2,94.5,0.274,0.29,0.565,0.527,13.2,21.5,0.21,0.518,13.6,75.4,0.215,2016-present,4,Defensive Powerhouse,Milwaukee Bucks,Milwaukee Bucks_2017
2017,Minnesota Timberwolves,82,19805,41.4,88.6,0.467,7.7,22.1,0.349,33.7,66.6,0.507,20.3,25.4,0.799,12.0,32.5,44.5,24.8,8.4,4.7,14.7,21.1,110.8,NBA,-1.11,0.47,-0.64,110.8,112.0,-1.2,94.6,0.287,0.249,0.555,0.511,12.9,27.2,0.229,0.535,13.2,75.9,0.212,2016-present,4,Defensive Powerhouse,Minnesota Timberwolves,Minnesota Timberwolves_2017
2017,New Orleans Pelicans,82,19905,39.5,87.7,0.45,9.4,27.0,0.35,30.0,60.7,0.495,16.8,22.4,0.75,8.6,35.4,44.1,23.0,7.8,5.6,13.0,18.3,105.2,NBA,-2.1,0.41,-1.69,105.2,107.4,-2.2,98.0,0.256,0.308,0.539,0.504,11.7,18.5,0.192,0.509,12.4,76.8,0.177,2016-present,4,Defensive Powerhouse,New Orleans Pelicans,New Orleans Pelicans_2017
2017,New York Knicks,82,19855,40.9,91.4,0.447,8.9,25.5,0.348,32.0,65.9,0.485,17.2,21.8,0.788,12.4,34.3,46.7,22.5,7.3,5.7,14.3,21.0,107.7,NBA,-3.67,-0.2,-3.87,107.7,111.5,-3.8,96.0,0.239,0.279,0.534,0.496,12.4,26.6,0.188,0.511,11.7,74.1,0.214,2016-present,4,Defensive Powerhouse,New York Knicks,New York Knicks_2017
2017,Oklahoma City Thunder,82,19805,40.1,88.8,0.452,8.6,26.2,0.327,31.5,62.6,0.504,19.5,26.2,0.745,12.4,34.9,47.4,21.3,8.0,5.1,15.2,21.2,108.3,NBA,0.76,0.39,1.14,108.3,107.5,0.8,97.8,0.295,0.295,0.54,0.5,13.2,27.9,0.22,0.511,12.5,79.0,0.218,2016-present,4,Defensive Powerhouse,Oklahoma City Thunder,Oklahoma City Thunder_2017
2017,Orlando Magic,82,19805,39.3,89.3,0.44,8.8,26.8,0.328,30.5,62.5,0.488,16.4,21.9,0.747,10.1,34.2,44.3,22.8,7.3,5.0,13.7,19.8,103.7,NBA,-6.57,-0.04,-6.61,103.7,110.5,-6.8,96.8,0.246,0.3,0.524,0.489,12.1,21.6,0.184,0.523,11.9,77.4,0.201,2016-present,2,Rebuilder,Orlando Magic,Orlando Magic_2017
2017,Philadelphia 76ers,82,19830,37.9,85.9,0.442,10.2,30.0,0.34,27.7,55.9,0.496,17.1,22.2,0.771,9.9,33.2,43.2,23.9,8.5,5.2,16.8,22.0,103.2,NBA,-5.7,-0.14,-5.83,103.2,108.9,-5.7,98.5,0.258,0.349,0.539,0.501,14.9,22.4,0.199,0.512,13.5,75.3,0.234,2016-present,2,Rebuilder,Philadelphia 76ers,Philadelphia 76ers_2017
2017,Phoenix Suns,82,19830,39.5,87.6,0.45,7.4,22.4,0.332,32.0,65.3,0.491,20.2,26.1,0.776,11.8,32.7,44.5,19.4,8.1,4.8,15.3,24.5,106.6,NBA,-5.63,0.49,-5.14,106.6,112.2,-5.6,100.3,0.297,0.255,0.538,0.493,13.4,26.0,0.231,0.525,13.1,76.4,0.264,2016-present,4,Defensive Powerhouse,Phoenix Suns,Phoenix Suns_2017
2017,Portland Trail Blazers,82,19930,40.4,87.9,0.459,10.6,28.3,0.375,29.8,59.6,0.499,18.8,24.2,0.78,10.3,34.3,44.6,21.6,7.2,5.1,14.0,21.6,110.3,NBA,-0.52,0.3,-0.23,110.3,110.8,-0.5,96.7,0.275,0.322,0.559,0.52,12.5,23.0,0.214,0.508,11.6,76.8,0.241,2016-present,4,Defensive Powerhouse,Portland Trail Blazers,Portland Trail Blazers_2017
2017,Sacramento Kings,82,19880,39.5,85.7,0.461,9.4,24.9,0.376,30.1,60.8,0.496,18.9,24.3,0.775,9.1,33.7,42.8,23.5,8.0,4.1,15.3,21.2,107.3,NBA,-3.88,0.58,-3.29,107.3,111.3,-4.0,94.9,0.284,0.291,0.556,0.516,13.7,21.0,0.22,0.528,12.9,76.3,0.227,2016-present,4,Defensive Powerhouse,Sacramento Kings,Sacramento Kings_2017
2017,San Antonio Spurs,82,19805,41.5,88.3,0.469,9.7,24.8,0.391,31.8,63.5,0.5,18.5,23.2,0.797,10.6,35.7,46.3,25.1,8.4,6.2,14.2,19.3,111.1,NBA,7.2,-0.06,7.13,111.1,103.5,7.6,94.2,0.263,0.281,0.564,0.524,12.6,24.0,0.21,0.492,13.5,77.6,0.192,2016-present,4,Defensive Powerhouse,San Antonio Spurs,San Antonio Spurs_2017
2017,Toronto Raptors,82,19780,41.1,88.6,0.464,9.3,25.6,0.363,31.9,63.1,0.505,20.7,26.0,0.796,11.2,34.3,45.4,19.4,8.7,5.1,13.3,21.9,112.3,NBA,4.21,-0.56,3.65,112.3,107.8,4.5,94.7,0.293,0.289,0.561,0.517,11.8,25.0,0.233,0.507,13.5,76.3,0.223,2016-present,4,Defensive Powerhouse,Toronto Raptors,Toronto Raptors_2017
2017,Utah Jazz,82,19755,40.2,86.5,0.466,10.5,28.2,0.372,29.8,58.2,0.511,18.6,24.9,0.747,10.2,36.8,47.0,21.9,7.3,5.4,14.8,20.5,109.6,NBA,3.94,0.06,4.0,109.6,105.3,4.3,91.6,0.288,0.327,0.563,0.526,13.2,23.2,0.215,0.493,11.8,78.9,0.195,2016-present,4,Defensive Powerhouse,Utah Jazz,Utah Jazz_2017
2017,Washington Wizards,82,19855,42.1,88.6,0.475,9.4,25.2,0.372,32.7,63.4,0.515,17.6,22.5,0.784,10.5,33.2,43.6,24.3,8.6,4.2,14.4,21.7,111.2,NBA,1.8,-0.45,1.36,111.2,109.3,1.9,97.4,0.254,0.284,0.564,0.528,12.8,24.1,0.199,0.524,13.8,75.5,0.213,2016-present,4,Defensive Powerhouse,Washington Wizards,Washington Wizards_2017
2016,Atlanta Hawks,82,19830,39.5,86.3,0.458,10.2,29.0,0.35,29.3,57.3,0.512,16.0,20.4,0.783,8.5,34.5,43.0,26.2,9.3,6.1,15.3,19.6,105.1,NBA,3.61,-0.12,3.49,105.1,101.4,3.7,97.1,0.237,0.336,0.552,0.516,13.8,19.1,0.185,0.48,14.4,74.6,0.194,2016-present,4,Defensive Powerhouse,Atlanta Hawks,Atlanta Hawks_2016
2016,Boston Celtics,82,19780,39.6,90.2,0.439,8.8,26.4,0.335,30.8,63.8,0.483,18.7,23.8,0.788,11.7,33.7,45.4,24.4,9.3,4.3,13.9,22.1,106.8,NBA,3.21,-0.37,2.84,106.8,103.6,3.2,98.5,0.264,0.293,0.531,0.488,12.1,25.1,0.208,0.487,14.6,74.6,0.231,2016-present,4,Defensive Powerhouse,Boston Celtics,Boston Celtics_2016
2016,Brooklyn Nets,82,19755,40.0,88.3,0.453,6.8,19.2,0.352,33.2,69.0,0.481,16.4,21.7,0.757,11.0,33.3,44.4,23.3,8.0,4.2,15.5,18.8,103.2,NBA,-7.35,0.24,-7.12,103.2,110.9,-7.7,95.2,0.246,0.218,0.527,0.492,13.6,24.1,0.186,0.534,13.1,75.7,0.176,2016-present,2,Rebuilder,Brooklyn Nets,Brooklyn Nets_2016
2016,Chicago Bulls,82,19905,39.9,90.3,0.441,8.2,22.1,0.371,31.7,68.2,0.464,17.1,21.7,0.787,11.4,36.4,47.8,23.6,6.2,5.9,14.4,19.5,105.0,NBA,-1.48,0.01,-1.46,105.0,106.5,-1.5,95.7,0.24,0.244,0.526,0.487,12.6,24.5,0.189,0.485,10.7,74.9,0.182,2016-present,4,Defensive Powerhouse,Chicago Bulls,Chicago Bulls_2016
2016,Charlotte Hornets,82,19855,38.4,87.5,0.439,11.0,30.5,0.362,27.3,57.0,0.479,19.4,24.5,0.79,9.3,36.3,45.5,22.5,7.5,5.5,13.0,18.8,107.2,NBA,2.72,-0.36,2.36,107.2,104.3,2.9,95.6,0.28,0.348,0.545,0.502,11.7,20.0,0.222,0.496,12.5,79.8,0.191,2016-present,4,Defensive Powerhouse,Charlotte Hornets,Charlotte Hornets_2016
2016,Cleveland Cavaliers,82,19855,41.1,89.3,0.46,11.4,31.5,0.362,29.7,57.8,0.514,17.3,23.1,0.748,11.3,36.0,47.3,24.1,7.1,4.1,14.4,21.6,110.9,NBA,6.0,-0.55,5.45,110.9,104.5,6.4,93.3,0.259,0.352,0.558,0.524,12.7,25.1,0.194,0.496,12.6,78.5,0.205,2016-present,4,Defensive Powerhouse,Cleveland Cavaliers,Cleveland Cavaliers_2016
2016,Dallas Mavericks,82,20005,39.0,87.8,0.444,10.3,29.8,0.344,28.7,58.0,0.495,18.5,23.3,0.794,9.6,35.4,44.9,23.1,7.1,3.9,13.3,20.3,106.7,NBA,-0.3,0.29,-0.02,106.7,107.0,-0.3,94.3,0.265,0.339,0.544,0.502,12.0,20.6,0.211,0.504,12.8,76.2,0.198,2016-present,4,Defensive Powerhouse,Dallas Mavericks,Dallas Mavericks_2016
2016,Denver Nuggets,82,19830,39.1,88.5,0.442,8.3,24.6,0.338,30.8,64.0,0.482,19.1,25.0,0.766,11.9,34.4,46.3,23.5,7.7,5.0,15.2,21.8,105.6,NBA,-3.1,0.29,-2.81,105.6,108.9,-3.3,95.7,0.282,0.277,0.531,0.489,13.2,25.8,0.216,0.515,12.6,77.3,0.216,2016-present,4,Defensive Powerhouse,Denver Nuggets,Denver Nuggets_2016
2016,Detroit Pistons,82,19880,39.5,90.0,0.439,9.4,27.3,0.345,30.1,62.7,0.48,17.8,26.6,0.668,13.0,35.3,48.2,20.2,7.3,3.9,14.1,19.8,106.1,NBA,0.61,-0.18,0.43,106.1,105.5,0.6,95.1,0.296,0.303,0.522,0.491,12.2,27.0,0.197,0.504,12.5,79.3,0.196,2016-present,4,Defensive Powerhouse,Detroit Pistons,Detroit Pistons_2016
2016,Golden State Warriors,82,19880,42.4,87.0,0.487,13.1,31.5,0.416,29.3,55.5,0.528,16.6,21.8,0.763,9.9,36.1,46.0,28.8,8.4,6.1,15.1,20.7,114.5,NBA,10.76,-0.38,10.38,114.5,103.8,10.7,99.3,0.25,0.362,0.593,0.563,13.5,23.5,0.191,0.479,12.6,76.0,0.208,2016-present,1,Pace & Space,Golden State Warriors,Golden State Warriors_2016
2016,Houston Rockets,82,19830,38.4,84.9,0.452,10.9,31.4,0.347,27.5,53.5,0.514,20.7,29.8,0.694,11.5,32.2,43.8,22.6,10.2,5.3,16.2,22.2,108.3,NBA,0.2,0.14,0.34,108.3,108.1,0.2,97.6,0.352,0.37,0.553,0.516,14.2,25.7,0.244,0.516,14.8,72.8,0.219,2016-present,4,Defensive Powerhouse,Houston Rockets,Houston Rockets_2016
2016,Indiana Pacers,82,19880,39.3,87.3,0.45,8.3,23.6,0.351,31.0,63.7,0.486,17.9,23.4,0.764,10.6,34.7,45.3,21.7,9.3,4.9,15.2,20.5,104.6,NBA,1.71,-0.09,1.62,104.6,102.9,1.7,96.6,0.268,0.27,0.536,0.497,13.5,23.4,0.205,0.489,14.3,76.0,0.205,2016-present,4,Defensive Powerhouse,Indiana Pacers,Indiana Pacers_2016
2016,Los Angeles Clippers,82,19830,39.7,85.4,0.465,10.1,27.7,0.364,29.6,57.7,0.513,18.8,27.2,0.692,9.1,34.5,43.6,23.7,9.0,5.8,13.4,22.1,108.3,NBA,4.28,-0.15,4.13,108.3,103.8,4.5,95.8,0.318,0.324,0.556,0.524,12.1,20.1,0.22,0.48,13.8,73.8,0.222,2016-present,4,Defensive Powerhouse,Los Angeles Clippers,Los Angeles Clippers_2016
2016,Los Angeles Lakers,82,19730,36.7,88.5,0.414,8.1,25.7,0.317,28.5,62.9,0.454,20.1,25.8,0.781,11.2,33.7,44.8,18.8,7.5,4.3,14.3,21.2,101.6,NBA,-9.56,0.64,-8.92,101.6,111.6,-10.0,95.6,0.292,0.29,0.509,0.46,12.5,23.1,0.228,0.523,11.6,74.7,0.202,2016-present,2,Rebuilder,Los Angeles Lakers,Los Angeles Lakers_2016
2016,Memphis Grizzlies,82,19830,39.2,89.0,0.44,6.5,19.7,0.331,32.6,69.3,0.471,20.6,26.3,0.783,11.9,32.4,44.3,22.0,9.4,4.5,14.1,23.1,105.4,NBA,-2.24,0.11,-2.14,105.4,107.8,-2.4,93.3,0.295,0.222,0.524,0.477,12.3,25.3,0.231,0.518,15.2,75.1,0.251,2016-present,4,Defensive Powerhouse,Memphis Grizzlies,Memphis Grizzlies_2016
2016,Miami Heat,82,19830,40.7,86.6,0.47,6.4,19.1,0.336,34.3,67.5,0.508,18.2,24.4,0.744,10.4,36.4,46.8,22.1,7.2,6.9,14.9,19.4,106.1,NBA,1.65,-0.14,1.5,106.1,104.4,1.7,93.6,0.282,0.221,0.545,0.508,13.3,23.8,0.21,0.485,12.1,77.8,0.196,2016-present,4,Defensive Powerhouse,Miami Heat,Miami Heat_2016
2016,Milwaukee Bucks,82,19830,40.4,86.6,0.467,5.7,16.4,0.345,34.7,70.2,0.495,17.9,23.9,0.747,11.0,32.9,43.9,24.3,8.6,6.1,16.0,21.8,104.3,NBA,-4.18,0.2,-3.98,104.3,108.7,-4.4,94.2,0.276,0.189,0.537,0.499,14.2,24.9,0.207,0.51,14.2,73.1,0.221,2016-present,4,Defensive Powerhouse,Milwaukee Bucks,Milwaukee Bucks_2016
2016,Minnesota Timberwolves,82,19880,39.2,84.5,0.464,5.8,17.1,0.338,33.5,67.5,0.496,22.2,28.1,0.792,10.4,32.8,43.2,24.3,8.3,4.8,15.6,21.5,106.5,NBA,-3.54,0.15,-3.38,106.5,110.1,-3.6,95.2,0.332,0.202,0.549,0.498,13.9,24.3,0.263,0.524,13.6,74.7,0.2,2016-present,4,Defensive Powerhouse,Minnesota Timberwolves,Minnesota Timberwolves_2016
2016,New Orleans Pelicans,82,19780,39.5,88.3,0.448,8.8,24.5,0.36,30.7,63.8,0.482,17.7,22.9,0.776,9.8,34.0,43.8,22.8,7.9,4.3,13.8,21.5,105.6,NBA,-3.79,0.24,-3.56,105.6,109.5,-3.9,96.8,0.259,0.277,0.537,0.498,12.3,21.2,0.201,0.523,12.7,78.8,0.225,2016-present,4,Defensive Powerhouse,New Orleans Pelicans,New Orleans Pelicans_2016
2016,New York Knicks,82,19805,39.2,89.3,0.439,7.9,22.9,0.346,31.3,66.5,0.471,18.3,22.7,0.805,11.0,36.2,47.2,21.8,6.1,6.0,14.3,21.0,104.6,NBA,-2.73,0.0,-2.74,104.6,107.6,-3.0,93.4,0.255,0.256,0.527,0.483,12.6,23.7,0.205,0.487,10.5,75.8,0.204,2016-present,4,Defensive Powerhouse,New York Knicks,New York Knicks_2016
2016,Oklahoma City Thunder,82,19830,42.2,88.6,0.476,8.5,24.3,0.349,33.7,64.3,0.524,20.2,25.9,0.782,13.4,36.5,49.9,23.6,7.5,6.1,16.3,21.2,113.1,NBA,7.28,-0.19,7.09,113.1,105.6,7.5,96.7,0.292,0.275,0.565,0.524,14.0,31.1,0.228,0.484,11.7,76.0,0.205,2016-present,4,Defensive Powerhouse,Oklahoma City Thunder,Oklahoma City Thunder_2016
2016,Orlando Magic,82,19905,40.7,89.4,0.455,8.0,22.8,0.35,32.7,66.6,0.492,15.7,20.7,0.757,10.6,34.0,44.6,24.3,8.5,5.2,14.5,21.4,105.1,NBA,-1.62,-0.06,-1.68,105.1,106.8,-1.7,96.0,0.232,0.255,0.533,0.5,12.8,23.1,0.175,0.513,13.8,76.5,0.215,2016-present,4,Defensive Powerhouse,Orlando Magic,Orlando Magic_2016
2016,Philadelphia 76ers,82,19805,36.7,85.2,0.431,9.5,27.9,0.339,27.3,57.3,0.476,15.9,22.9,0.694,9.6,32.2,41.8,21.8,8.4,6.1,16.6,22.0,98.8,NBA,-10.23,0.31,-9.92,98.8,109.2,-10.4,97.9,0.269,0.327,0.519,0.487,14.8,20.6,0.186,0.51,13.5,74.0,0.24,2016-present,2,Rebuilder,Philadelphia 76ers,Philadelphia 76ers_2016
2016,Phoenix Suns,82,19705,37.7,86.8,0.435,9.1,26.2,0.348,28.6,60.6,0.472,17.7,23.5,0.751,11.7,33.8,45.4,21.0,7.8,3.9,17.4,23.0,102.2,NBA,-6.66,0.34,-6.32,102.2,109.0,-6.8,98.5,0.271,0.302,0.526,0.487,15.2,25.4,0.204,0.523,13.5,77.1,0.237,2016-present,2,Rebuilder,Phoenix Suns,Phoenix Suns_2016
2016,Portland Trail Blazers,82,19805,40.0,88.9,0.45,10.9,29.5,0.37,29.1,59.4,0.49,18.0,23.8,0.754,12.0,35.1,47.1,22.1,7.1,4.8,15.1,22.5,108.8,NBA,0.83,0.15,0.98,108.8,108.0,0.8,96.0,0.268,0.332,0.548,0.511,13.2,25.9,0.202,0.503,12.1,76.2,0.225,2016-present,4,Defensive Powerhouse,Portland Trail Blazers,Portland Trail Blazers_2016
2016,Sacramento Kings,82,19805,39.8,85.9,0.464,8.0,22.3,0.359,31.8,63.6,0.5,18.4,25.3,0.725,10.5,33.5,44.0,24.4,8.9,4.5,16.1,20.3,106.0,NBA,-2.48,0.16,-2.32,106.0,108.4,-2.4,100.0,0.295,0.26,0.546,0.51,14.2,23.9,0.214,0.521,14.0,74.9,0.202,2016-present,4,Defensive Powerhouse,Sacramento Kings,Sacramento Kings_2016
2016,San Antonio Spurs,82,19705,42.7,88.3,0.484,7.4,19.7,0.375,35.3,68.6,0.515,17.4,21.7,0.803,10.0,36.8,46.8,26.1,8.8,6.3,13.9,18.6,110.3,NBA,10.63,-0.36,10.28,110.3,99.0,11.3,93.8,0.246,0.223,0.564,0.526,12.4,23.0,0.197,0.477,14.1,79.1,0.182,2016-present,4,Defensive Powerhouse,San Antonio Spurs,San Antonio Spurs_2016
2016,Toronto Raptors,82,19780,39.3,87.1,0.451,9.2,25.0,0.37,30.0,62.1,0.483,22.2,28.6,0.777,10.9,35.6,46.5,20.1,8.3,5.9,14.0,21.0,110.0,NBA,4.5,-0.42,4.08,110.0,105.2,4.8,92.9,0.328,0.287,0.552,0.504,12.3,24.6,0.255,0.498,12.7,77.7,0.201,2016-present,4,Defensive Powerhouse,Toronto Raptors,Toronto Raptors_2016
2016,Utah Jazz,82,19955,39.1,87.1,0.449,9.2,25.9,0.355,29.9,61.3,0.488,18.5,24.9,0.744,11.6,35.2,46.9,20.6,8.3,5.6,16.2,21.9,105.9,NBA,1.79,0.05,1.84,105.9,103.9,2.0,91.0,0.286,0.297,0.54,0.501,14.2,25.9,0.213,0.495,13.5,77.7,0.21,2016-present,4,Defensive Powerhouse,Utah Jazz,Utah Jazz_2016
2016,Washington Wizards,82,19755,40.0,86.8,0.46,8.7,24.5,0.358,31.2,62.3,0.501,16.6,22.8,0.73,9.2,33.2,42.3,24.7,8.7,4.0,14.6,21.1,105.3,NBA,-0.5,0.0,-0.5,105.3,105.8,-0.5,98.5,0.263,0.282,0.544,0.511,13.1,20.6,0.192,0.515,14.6,77.7,0.218,2016-present,4,Defensive Powerhouse,Washington Wizards,Washington Wizards_2016
2015,Atlanta Hawks,82,19730,40.4,86.7,0.466,10.6,27.9,0.38,29.8,58.9,0.506,17.5,22.5,0.778,9.3,33.8,43.1,27.3,9.6,4.9,15.1,18.9,108.9,NBA,5.43,-0.68,4.75,108.9,103.1,5.8,93.9,0.259,0.321,0.563,0.527,13.5,21.4,0.201,0.492,14.9,73.4,0.185,2008-2015,4,Contender,Atlanta Hawks,Atlanta Hawks_2015
2015,Boston Celtics,82,19880,40.2,90.8,0.443,8.3,25.5,0.327,31.9,65.4,0.488,15.9,21.1,0.754,11.5,33.8,45.3,25.3,8.5,3.7,14.3,21.9,104.7,NBA,0.16,-0.56,-0.4,104.7,104.5,0.2,95.8,0.233,0.28,0.523,0.489,12.5,24.7,0.176,0.494,13.7,75.0,0.208,2008-2015,1,Modern Offense,Boston Celtics,Boston Celtics_2015
2015,Brooklyn Nets,82,19930,39.9,88.4,0.451,7.0,21.2,0.331,32.8,67.2,0.489,17.6,23.6,0.748,11.0,34.1,45.1,22.3,7.5,4.4,14.7,20.5,104.4,NBA,-2.88,-0.25,-3.13,104.4,107.4,-3.0,92.7,0.267,0.24,0.529,0.491,13.0,23.9,0.2,0.506,12.9,73.7,0.185,2008-2015,3,Fast & Flawed D,Brooklyn Nets,Brooklyn Nets_2015
2015,Chicago Bulls,82,19880,39.0,88.4,0.442,8.4,23.7,0.353,30.7,64.7,0.474,21.1,26.9,0.783,12.5,36.3,48.8,23.2,6.7,6.2,14.9,19.5,107.5,NBA,3.0,-0.46,2.54,107.5,104.3,3.2,92.8,0.304,0.269,0.536,0.489,12.9,27.0,0.238,0.473,11.3,74.4,0.182,2008-2015,1,Modern Offense,Chicago Bulls,Chicago Bulls_2015
2015,Charlotte Hornets,82,19905,37.8,89.9,0.42,6.5,20.3,0.318,31.3,69.6,0.45,18.1,24.2,0.748,10.6,36.2,46.9,21.5,6.5,5.8,12.7,19.4,100.1,NBA,-3.17,-0.27,-3.44,100.1,103.5,-3.4,93.0,0.269,0.226,0.498,0.456,11.2,22.1,0.202,0.487,12.0,79.3,0.188,2008-2015,3,Fast & Flawed D,Charlotte Hornets,Charlotte Hornets_2015
2015,Cleveland Cavaliers,82,19780,40.6,88.6,0.458,10.9,29.6,0.367,29.7,58.9,0.504,19.1,25.4,0.751,12.0,34.3,46.3,23.8,7.9,4.5,15.4,19.8,111.1,NBA,4.48,-0.4,4.08,111.1,106.3,4.8,92.3,0.287,0.334,0.557,0.52,13.4,26.8,0.216,0.502,12.6,74.7,0.177,2008-2015,1,Modern Offense,Cleveland Cavaliers,Cleveland Cavaliers_2015
2015,Dallas Mavericks,82,19880,41.3,89.3,0.463,9.3,26.4,0.352,32.0,62.8,0.509,17.6,23.4,0.752,10.9,33.1,44.0,23.4,8.4,4.7,13.5,20.9,109.5,NBA,2.9,0.46,3.36,109.5,106.4,3.1,95.2,0.262,0.296,0.55,0.515,11.9,23.6,0.197,0.503,14.7,72.2,0.204,2008-2015,1,Modern Offense,Dallas Mavericks,Dallas Mavericks_2015
2015,Denver Nuggets,82,19880,38.9,89.9,0.433,8.3,25.5,0.325,30.6,64.4,0.476,18.4,25.0,0.734,12.7,33.3,46.0,22.5,8.1,4.6,14.6,23.6,104.5,NBA,-3.55,0.48,-3.07,104.5,108.2,-3.7,96.1,0.278,0.284,0.518,0.479,12.7,26.6,0.204,0.504,13.0,74.7,0.239,2008-2015,3,Fast & Flawed D,Denver Nuggets,Denver Nuggets_2015
2015,Detroit Pistons,82,19830,39.7,91.8,0.432,9.2,26.6,0.344,30.5,65.1,0.468,16.8,24.0,0.703,13.7,34.3,48.0,23.1,8.1,5.0,14.3,20.3,105.3,NBA,-1.0,-0.39,-1.39,105.3,106.4,-1.1,92.8,0.261,0.29,0.515,0.482,12.3,27.7,0.184,0.502,13.2,75.0,0.192,2008-2015,1,Modern Offense,Detroit Pistons,Detroit Pistons_2015
2015,Golden State Warriors,82,19730,42.2,88.3,0.478,10.9,27.4,0.398,31.3,60.9,0.514,16.3,21.2,0.768,10.6,34.8,45.4,27.8,9.4,6.1,14.7,20.2,111.6,NBA,10.1,-0.09,10.01,111.6,101.4,10.2,98.3,0.239,0.311,0.571,0.54,13.1,24.1,0.184,0.47,14.3,74.5,0.217,2008-2015,4,Contender,Golden State Warriors,Golden State Warriors_2015
2015,Houston Rockets,82,19805,38.1,85.8,0.444,11.7,33.6,0.348,26.3,52.1,0.506,19.1,26.8,0.715,12.0,32.9,45.0,22.8,9.8,5.1,17.1,22.6,107.0,NBA,3.44,0.38,3.82,107.0,103.4,3.6,96.5,0.312,0.392,0.548,0.512,15.0,26.8,0.223,0.486,14.6,72.9,0.208,2008-2015,4,Contender,Houston Rockets,Houston Rockets_2015
2015,Indiana Pacers,82,19855,38.9,88.5,0.439,7.9,22.6,0.352,31.0,66.0,0.469,17.8,23.6,0.756,11.1,36.6,47.7,22.8,6.6,4.9,14.9,22.6,103.5,NBA,0.28,-0.51,-0.23,103.5,103.2,0.3,93.2,0.266,0.255,0.523,0.484,13.1,24.0,0.201,0.478,12.0,77.9,0.217,2008-2015,1,Modern Offense,Indiana Pacers,Indiana Pacers_2015
2015,Los Angeles Clippers,82,19730,41.5,87.7,0.473,10.6,28.3,0.376,30.8,59.4,0.519,18.9,26.5,0.71,10.1,34.8,44.9,26.1,8.2,5.3,13.0,22.5,112.4,NBA,6.59,0.22,6.8,112.4,105.5,6.9,94.7,0.303,0.322,0.565,0.533,11.6,22.8,0.215,0.493,13.2,75.7,0.231,2008-2015,4,Contender,Los Angeles Clippers,Los Angeles Clippers_2015
2015,Los Angeles Lakers,82,19930,39.1,89.9,0.435,6.8,19.8,0.344,32.3,70.1,0.461,18.4,24.8,0.741,12.2,33.9,46.1,22.0,7.4,4.7,13.9,22.3,103.4,NBA,-6.84,0.67,-6.17,103.4,110.6,-7.2,94.0,0.276,0.22,0.513,0.473,12.1,25.4,0.204,0.518,12.1,76.3,0.231,2008-2015,3,Fast & Flawed D,Los Angeles Lakers,Los Angeles Lakers_2015
2015,Memphis Grizzlies,82,19905,40.6,88.7,0.458,5.5,16.3,0.339,35.1,72.3,0.485,18.9,24.5,0.773,11.2,34.5,45.8,23.3,9.2,4.5,14.3,20.5,105.7,NBA,3.24,0.38,3.62,105.7,102.2,3.5,92.0,0.276,0.184,0.531,0.489,12.6,24.7,0.214,0.492,14.5,75.3,0.183,2008-2015,1,Modern Offense,Memphis Grizzlies,Memphis Grizzlies_2015
2015,Miami Heat,82,19730,38.6,84.7,0.456,7.4,22.2,0.335,31.2,62.5,0.499,19.2,26.0,0.741,10.0,32.9,42.9,21.8,8.6,5.0,16.2,21.9,103.9,NBA,-2.6,-0.32,-2.92,103.9,106.7,-2.8,90.9,0.306,0.262,0.54,0.5,14.5,23.2,0.227,0.505,14.2,73.4,0.213,2008-2015,0,Balanced,Miami Heat,Miami Heat_2015
2015,Milwaukee Bucks,82,19930,39.5,86.0,0.459,7.0,19.2,0.363,32.5,66.8,0.486,16.8,22.2,0.757,11.2,32.9,44.2,24.7,10.1,5.2,17.6,23.2,102.7,NBA,0.43,-0.52,-0.09,102.7,102.2,0.5,94.1,0.258,0.223,0.536,0.499,15.5,25.4,0.195,0.487,15.9,73.3,0.221,2008-2015,0,Balanced,Milwaukee Bucks,Milwaukee Bucks_2015
2015,Minnesota Timberwolves,82,19805,38.3,87.5,0.438,5.2,15.7,0.332,33.1,71.8,0.461,21.0,27.1,0.776,12.2,30.9,43.1,22.7,8.6,4.2,15.8,20.2,102.9,NBA,-8.79,0.79,-8.0,102.9,112.2,-9.3,94.4,0.309,0.179,0.517,0.468,13.7,26.6,0.24,0.537,13.9,71.6,0.187,2008-2015,3,Fast & Flawed D,Minnesota Timberwolves,Minnesota Timberwolves_2015
2015,New Orleans Pelicans,82,19780,41.3,90.2,0.457,7.8,21.0,0.37,33.5,69.2,0.484,17.9,23.8,0.751,12.5,34.8,47.3,24.0,7.3,6.8,14.4,20.3,108.2,NBA,0.79,0.34,1.13,108.2,107.3,0.9,91.4,0.263,0.233,0.537,0.501,12.5,27.1,0.198,0.496,11.7,75.1,0.195,2008-2015,1,Modern Offense,New Orleans Pelicans,New Orleans Pelicans_2015
2015,New York Knicks,82,19855,38.2,89.2,0.428,7.4,21.4,0.347,30.8,67.8,0.454,16.1,20.9,0.769,11.5,32.4,43.9,23.1,7.6,5.1,16.0,23.4,99.9,NBA,-9.32,-0.18,-9.5,99.9,110.0,-10.1,91.2,0.234,0.24,0.508,0.47,14.0,24.5,0.18,0.512,13.3,73.1,0.234,2008-2015,3,Fast & Flawed D,New York Knicks,New York Knicks_2015
2015,Oklahoma City Thunder,82,19830,40.3,90.0,0.447,8.0,23.6,0.339,32.3,66.4,0.486,19.3,25.5,0.754,13.3,36.0,49.3,21.3,7.6,5.7,15.2,23.1,107.8,NBA,2.18,0.28,2.47,107.8,105.5,2.3,95.7,0.284,0.262,0.532,0.492,13.1,28.9,0.214,0.489,12.4,75.6,0.213,2008-2015,1,Modern Offense,Oklahoma City Thunder,Oklahoma City Thunder_2015
2015,Orlando Magic,82,19755,39.8,87.9,0.453,7.2,20.7,0.347,32.6,67.2,0.486,14.8,20.3,0.729,10.6,33.7,44.4,21.9,8.4,4.1,15.8,22.2,101.6,NBA,-5.72,-0.15,-5.87,101.6,107.7,-6.1,93.8,0.23,0.235,0.524,0.494,14.0,23.1,0.168,0.514,13.6,76.0,0.21,2008-2015,3,Fast & Flawed D,Orlando Magic,Orlando Magic_2015
2015,Philadelphia 76ers,82,19805,35.0,85.8,0.408,8.8,27.3,0.32,26.2,58.4,0.449,16.7,24.7,0.676,12.4,32.1,44.5,21.3,10.0,6.2,18.4,22.5,95.5,NBA,-8.98,-0.07,-9.04,95.5,104.8,-9.3,95.7,0.288,0.319,0.494,0.459,16.0,25.5,0.195,0.497,15.2,73.0,0.225,2008-2015,0,Balanced,Philadelphia 76ers,Philadelphia 76ers_2015
2015,Phoenix Suns,82,19880,39.8,88.3,0.452,8.8,25.7,0.341,31.1,62.6,0.497,16.8,22.2,0.76,11.2,33.1,44.4,20.8,8.8,4.8,15.5,21.9,105.3,NBA,-0.9,0.52,-0.38,105.3,106.2,-0.9,96.3,0.251,0.291,0.537,0.501,13.7,24.5,0.191,0.497,14.0,73.5,0.221,2008-2015,1,Modern Offense,Phoenix Suns,Phoenix Suns_2015
2015,Portland Trail Blazers,82,19855,40.7,90.4,0.45,10.4,28.6,0.362,30.4,61.8,0.491,16.3,20.4,0.801,11.3,37.0,48.2,23.1,6.7,4.8,14.3,19.2,108.2,NBA,4.23,0.18,4.41,108.2,103.7,4.5,94.2,0.225,0.316,0.544,0.508,12.6,24.2,0.18,0.476,11.3,76.2,0.182,2008-2015,1,Modern Offense,Portland Trail Blazers,Portland Trail Blazers_2015
2015,Sacramento Kings,82,19855,38.2,83.9,0.455,5.8,17.1,0.341,32.3,66.8,0.484,23.2,30.4,0.762,11.3,34.6,45.9,21.1,7.0,4.1,16.9,21.5,105.3,NBA,-3.71,0.64,-3.07,105.3,109.2,-3.9,95.4,0.363,0.204,0.542,0.49,14.8,26.5,0.276,0.507,11.8,75.2,0.2,2008-2015,2,Iso Scorers,Sacramento Kings,Sacramento Kings_2015
2015,San Antonio Spurs,82,19955,41.1,87.9,0.468,8.7,23.7,0.367,32.5,64.2,0.505,17.5,22.5,0.78,10.3,35.6,45.9,25.7,8.4,5.7,14.7,20.1,108.5,NBA,6.2,0.14,6.34,108.5,102.0,6.5,93.8,0.256,0.269,0.555,0.517,13.1,23.4,0.2,0.484,13.3,77.3,0.19,2008-2015,1,Modern Offense,San Antonio Spurs,San Antonio Spurs_2015
2015,Toronto Raptors,82,19855,40.5,88.9,0.455,9.5,26.8,0.352,31.0,62.1,0.499,20.6,26.2,0.787,11.5,32.9,44.4,22.1,8.0,4.6,13.8,22.3,111.0,NBA,3.07,-0.62,2.45,111.0,107.7,3.3,92.8,0.295,0.302,0.553,0.508,12.0,25.6,0.232,0.506,13.4,73.3,0.208,2008-2015,1,Modern Offense,Toronto Raptors,Toronto Raptors_2015
2015,Utah Jazz,82,19705,39.1,87.5,0.447,8.2,24.0,0.343,30.9,63.5,0.486,18.7,26.0,0.721,13.3,35.3,48.6,22.0,8.4,6.6,16.9,21.3,105.1,NBA,0.22,0.49,0.71,105.1,104.9,0.2,90.4,0.297,0.274,0.531,0.494,14.6,29.1,0.214,0.491,12.8,76.3,0.199,2008-2015,0,Balanced,Utah Jazz,Utah Jazz_2015
2015,Washington Wizards,82,19955,40.3,87.2,0.462,6.4,17.7,0.36,33.9,69.4,0.488,16.8,22.6,0.742,11.1,36.0,47.0,25.3,7.7,4.9,15.8,21.9,103.7,NBA,0.72,-0.55,0.17,103.7,103.0,0.7,93.7,0.259,0.203,0.534,0.499,14.0,24.9,0.192,0.481,12.9,77.3,0.21,2008-2015,0,Balanced,Washington Wizards,Washington Wizards_2015
2014,Atlanta Hawks,82,19830,39.1,85.5,0.458,9.8,27.1,0.363,29.3,58.5,0.502,17.8,22.8,0.781,9.1,32.8,41.9,26.1,8.7,4.2,16.0,20.2,105.9,NBA,-0.48,-0.4,-0.88,105.9,106.4,-0.5,94.6,0.266,0.316,0.554,0.515,14.3,21.0,0.208,0.51,14.0,74.4,0.196,2008-2015,1,Modern Offense,Atlanta Hawks,Atlanta Hawks_2014
2014,Boston Celtics,82,19730,39.1,89.7,0.435,7.5,22.5,0.333,31.6,67.2,0.47,17.3,22.2,0.777,12.8,32.7,45.4,22.5,7.6,4.5,16.4,22.7,102.9,NBA,-4.46,-0.51,-4.97,102.9,107.7,-4.8,93.3,0.248,0.251,0.517,0.477,14.2,27.4,0.193,0.505,13.4,74.2,0.227,2008-2015,3,Fast & Flawed D,Boston Celtics,Boston Celtics_2014
2014,Brooklyn Nets,82,19880,38.7,84.4,0.459,9.4,25.4,0.369,29.3,59.0,0.497,19.9,26.4,0.753,9.5,31.8,41.3,22.6,9.3,4.1,15.7,23.5,106.7,NBA,-1.0,-0.58,-1.58,106.7,107.7,-1.0,91.4,0.313,0.301,0.555,0.514,14.1,21.7,0.236,0.509,14.9,72.3,0.236,2008-2015,2,Iso Scorers,Brooklyn Nets,Brooklyn Nets_2014
2014,Charlotte Bobcats,82,19905,38.8,87.8,0.442,6.7,19.2,0.351,32.1,68.6,0.468,19.2,26.1,0.737,10.1,35.5,45.6,23.2,6.5,5.5,13.2,19.5,103.6,NBA,-0.22,-0.67,-0.89,103.6,103.8,-0.2,92.4,0.297,0.219,0.522,0.481,11.7,21.9,0.219,0.491,12.6,77.6,0.183,2008-2015,1,Modern Offense,Charlotte Bobcats,Charlotte Bobcats_2014
2014,Chicago Bulls,82,19930,38.0,87.8,0.432,6.8,19.5,0.348,31.2,68.3,0.456,19.8,25.5,0.779,12.5,35.8,48.3,24.8,7.9,5.7,16.3,20.9,102.5,NBA,1.85,-0.66,1.2,102.5,100.5,2.0,90.2,0.29,0.222,0.518,0.471,14.2,27.2,0.226,0.471,13.7,75.4,0.189,2008-2015,0,Balanced,Chicago Bulls,Chicago Bulls_2014
2014,Cleveland Cavaliers,82,19930,39.3,90.0,0.437,7.6,21.2,0.356,31.7,68.7,0.461,18.1,24.1,0.751,12.8,34.0,46.8,22.5,7.5,3.9,15.0,21.2,104.2,NBA,-3.29,-0.57,-3.86,104.2,107.7,-3.5,93.1,0.268,0.236,0.518,0.479,13.0,27.2,0.201,0.508,13.0,75.8,0.199,2008-2015,3,Fast & Flawed D,Cleveland Cavaliers,Cleveland Cavaliers_2014
2014,Dallas Mavericks,82,19830,42.0,88.7,0.474,9.3,24.3,0.384,32.7,64.4,0.508,17.8,22.4,0.795,10.9,32.5,43.4,25.0,9.1,4.6,14.4,21.2,111.2,NBA,2.4,0.5,2.91,111.2,108.7,2.5,93.5,0.253,0.274,0.564,0.526,12.7,24.6,0.201,0.515,14.8,72.7,0.229,2008-2015,1,Modern Offense,Dallas Mavericks,Dallas Mavericks_2014
2014,Denver Nuggets,82,19755,39.0,87.2,0.447,8.7,24.3,0.358,30.3,63.0,0.481,19.4,26.7,0.726,12.5,33.7,46.2,22.8,7.6,5.7,16.2,23.4,106.0,NBA,-2.15,0.75,-1.4,106.0,108.2,-2.2,98.1,0.306,0.278,0.536,0.497,14.0,27.5,0.222,0.5,12.8,74.5,0.233,2008-2015,2,Iso Scorers,Denver Nuggets,Denver Nuggets_2014
2014,Detroit Pistons,82,19780,40.7,91.1,0.447,6.5,20.2,0.321,34.2,70.9,0.483,18.1,27.0,0.67,15.3,32.3,47.6,21.9,8.8,5.0,15.2,21.3,105.9,NBA,-3.66,-0.48,-4.13,105.9,109.7,-3.8,94.9,0.296,0.222,0.514,0.482,12.9,31.4,0.199,0.52,13.8,73.4,0.218,2008-2015,3,Fast & Flawed D,Detroit Pistons,Detroit Pistons_2014
2014,Golden State Warriors,82,19830,40.7,88.1,0.462,9.7,25.6,0.38,31.0,62.5,0.496,16.4,21.8,0.753,11.3,35.5,46.7,24.0,8.1,5.1,15.7,22.4,107.5,NBA,4.8,0.34,5.15,107.5,102.6,4.9,96.2,0.247,0.291,0.55,0.517,13.8,25.1,0.186,0.477,13.6,76.3,0.224,2008-2015,1,Modern Offense,Golden State Warriors,Golden State Warriors_2014
2014,Houston Rockets,82,19830,39.2,83.0,0.472,9.8,27.4,0.358,29.4,55.6,0.529,22.8,32.0,0.712,11.6,35.1,46.7,22.1,7.8,5.8,16.6,21.1,111.0,NBA,4.56,0.5,5.06,111.0,106.3,4.7,96.3,0.386,0.33,0.571,0.531,14.6,27.4,0.275,0.489,12.5,74.1,0.193,2008-2015,4,Contender,Houston Rockets,Houston Rockets_2014
2014,Indiana Pacers,82,19780,38.7,86.2,0.449,7.2,20.2,0.357,31.5,66.0,0.477,19.5,25.0,0.779,10.9,37.1,48.1,21.7,7.2,5.9,16.2,22.0,104.1,NBA,4.4,-0.77,3.63,104.1,99.3,4.8,92.5,0.29,0.235,0.535,0.49,14.3,24.9,0.226,0.46,12.9,76.8,0.197,2008-2015,0,Balanced,Indiana Pacers,Indiana Pacers_2014
2014,Los Angeles Clippers,82,19755,40.6,85.6,0.474,8.8,24.9,0.352,31.8,60.7,0.525,22.0,30.2,0.73,10.9,33.8,44.6,25.5,8.9,5.0,14.4,22.4,112.1,NBA,6.98,0.3,7.27,112.1,104.8,7.3,95.9,0.353,0.291,0.567,0.526,12.7,25.0,0.258,0.484,13.8,72.5,0.222,2008-2015,4,Contender,Los Angeles Clippers,Los Angeles Clippers_2014
2014,Los Angeles Lakers,82,19705,38.7,86.2,0.45,9.6,25.1,0.381,29.2,61.1,0.478,17.2,22.6,0.757,9.2,32.3,41.5,24.8,7.5,5.5,15.3,20.1,104.2,NBA,-6.29,0.96,-5.33,104.2,110.6,-6.4,98.7,0.263,0.291,0.542,0.505,13.7,20.2,0.199,0.513,12.4,71.0,0.192,2008-2015,1,Modern Offense,Los Angeles Lakers,Los Angeles Lakers_2014
2014,Memphis Grizzlies,82,19805,42.1,90.7,0.464,5.5,15.5,0.353,36.6,75.2,0.487,16.7,22.5,0.741,12.8,34.1,46.9,24.2,8.5,5.1,15.2,21.1,106.3,NBA,1.57,0.61,2.18,106.3,104.6,1.7,89.9,0.248,0.171,0.529,0.494,13.1,28.3,0.184,0.497,13.8,75.7,0.199,2008-2015,1,Modern Offense,Memphis Grizzlies,Memphis Grizzlies_2014
2014,Miami Heat,82,19880,41.6,83.0,0.501,8.8,24.2,0.364,32.8,58.8,0.558,18.9,24.9,0.76,8.3,31.7,40.0,24.4,9.7,4.9,16.0,21.1,110.9,NBA,4.76,-0.61,4.15,110.9,105.8,5.1,91.2,0.3,0.292,0.59,0.554,14.6,20.6,0.228,0.511,15.8,73.0,0.212,2008-2015,4,Contender,Miami Heat,Miami Heat_2014
2014,Milwaukee Bucks,82,19880,38.8,88.6,0.438,7.2,20.4,0.353,31.6,68.2,0.464,18.1,24.2,0.747,12.8,31.6,44.3,23.2,7.1,5.3,16.3,22.5,103.0,NBA,-8.18,-0.23,-8.41,103.0,111.8,-8.8,91.8,0.274,0.231,0.519,0.479,14.1,27.1,0.204,0.52,13.2,71.4,0.225,2008-2015,3,Fast & Flawed D,Milwaukee Bucks,Milwaukee Bucks_2014
2014,Minnesota Timberwolves,82,19855,39.6,89.1,0.444,7.5,21.8,0.341,32.2,67.3,0.478,22.2,28.6,0.778,12.7,32.8,45.6,24.4,8.9,3.7,14.2,18.7,108.9,NBA,2.67,0.43,3.1,108.9,106.2,2.7,97.3,0.321,0.245,0.535,0.486,12.2,27.4,0.249,0.518,14.8,74.4,0.177,2008-2015,1,Modern Offense,Minnesota Timberwolves,Minnesota Timberwolves_2014
2014,New Orleans Pelicans,82,19855,40.7,88.7,0.459,6.4,17.1,0.373,34.3,71.6,0.479,19.5,25.4,0.769,12.2,32.6,44.8,22.9,8.5,6.9,14.8,24.4,107.2,NBA,-2.71,0.73,-1.98,107.2,110.1,-2.9,92.2,0.286,0.193,0.537,0.495,12.9,26.9,0.22,0.515,13.6,73.8,0.249,2008-2015,2,Iso Scorers,New Orleans Pelicans,New Orleans Pelicans_2014
2014,New York Knicks,82,19855,40.5,90.2,0.449,10.2,27.3,0.372,30.4,63.0,0.482,17.0,22.4,0.761,11.7,32.6,44.3,22.0,8.5,4.9,14.2,24.3,108.3,NBA,-0.79,-0.61,-1.4,108.3,109.1,-0.8,90.3,0.248,0.302,0.541,0.505,12.5,25.1,0.189,0.514,14.0,74.3,0.245,2008-2015,1,Modern Offense,New York Knicks,New York Knicks_2014
2014,Oklahoma City Thunder,82,19805,40.6,86.1,0.471,8.4,23.3,0.361,32.1,62.8,0.512,21.0,26.1,0.806,11.3,35.3,46.6,22.8,8.6,6.4,15.9,23.6,110.5,NBA,6.34,0.32,6.66,110.5,103.9,6.6,95.4,0.303,0.271,0.566,0.52,14.0,26.5,0.244,0.488,13.9,75.6,0.221,2008-2015,4,Contender,Oklahoma City Thunder,Oklahoma City Thunder_2014
2014,Orlando Magic,82,19955,38.8,87.1,0.445,7.2,20.5,0.353,31.6,66.6,0.474,16.8,22.0,0.763,10.2,34.1,44.3,22.2,8.1,4.5,15.7,21.6,101.7,NBA,-5.44,-0.44,-5.88,101.7,107.4,-5.7,93.6,0.253,0.235,0.525,0.487,13.9,22.4,0.193,0.504,13.0,75.5,0.211,2008-2015,3,Fast & Flawed D,Orlando Magic,Orlando Magic_2014
2014,Philadelphia 76ers,82,19855,37.9,87.2,0.435,7.0,22.5,0.312,30.9,64.6,0.477,16.6,23.4,0.71,11.6,31.2,42.7,21.8,9.3,4.0,16.9,22.5,99.4,NBA,-10.45,-0.21,-10.66,99.4,109.9,-10.5,99.2,0.268,0.258,0.51,0.475,14.8,24.8,0.19,0.524,14.9,72.4,0.244,2008-2015,3,Fast & Flawed D,Philadelphia 76ers,Philadelphia 76ers_2014
2014,Phoenix Suns,82,19755,40.2,86.8,0.463,9.7,26.1,0.372,30.5,60.8,0.503,19.3,25.4,0.758,11.8,33.0,44.8,19.8,8.7,4.7,16.0,22.8,109.5,NBA,2.63,0.39,3.02,109.5,106.7,2.8,95.8,0.293,0.3,0.558,0.519,14.0,26.4,0.222,0.496,13.9,73.7,0.237,2008-2015,4,Contender,Phoenix Suns,Phoenix Suns_2014
2014,Portland Trail Blazers,82,19855,40.9,90.9,0.45,9.8,26.4,0.372,31.1,64.5,0.481,20.0,24.5,0.815,13.0,35.5,48.5,24.3,5.8,4.9,14.3,20.1,111.5,NBA,3.99,0.45,4.44,111.5,107.4,4.1,94.9,0.27,0.29,0.548,0.504,12.4,28.0,0.22,0.488,10.9,74.7,0.194,2008-2015,1,Modern Offense,Portland Trail Blazers,Portland Trail Blazers_2014
2014,Sacramento Kings,82,19830,38.8,86.8,0.447,6.3,18.9,0.333,32.5,67.9,0.479,21.8,28.7,0.759,12.7,34.1,46.8,19.8,7.5,4.1,16.0,23.7,105.7,NBA,-2.9,0.82,-2.08,105.7,108.8,-3.1,94.4,0.331,0.218,0.532,0.484,13.9,27.8,0.251,0.512,12.7,76.6,0.234,2008-2015,3,Fast & Flawed D,Sacramento Kings,Sacramento Kings_2014
2014,San Antonio Spurs,82,19755,42.5,87.5,0.486,8.9,22.5,0.397,33.6,65.1,0.517,16.5,21.0,0.785,9.7,35.6,45.4,26.4,7.7,5.4,15.1,19.1,110.5,NBA,7.72,0.28,8.0,110.5,102.4,8.1,95.0,0.24,0.257,0.571,0.537,13.5,22.7,0.188,0.482,12.8,76.4,0.184,2008-2015,4,Contender,San Antonio Spurs,San Antonio Spurs_2014
2014,Toronto Raptors,82,19955,39.2,88.0,0.445,9.3,25.1,0.372,29.8,62.9,0.475,21.1,26.9,0.782,12.2,33.4,45.7,22.7,7.6,4.5,15.2,24.6,108.8,NBA,3.24,-0.69,2.55,108.8,105.3,3.5,91.8,0.306,0.285,0.545,0.498,13.2,27.2,0.239,0.493,14.1,74.9,0.237,2008-2015,1,Modern Offense,Toronto Raptors,Toronto Raptors_2014
2014,Utah Jazz,82,19780,39.2,88.3,0.444,7.2,20.9,0.344,32.0,67.4,0.474,17.9,23.9,0.747,12.0,32.9,44.9,22.1,7.6,4.9,15.9,22.6,103.5,NBA,-7.17,0.91,-6.27,103.5,111.3,-7.8,91.4,0.271,0.237,0.523,0.484,13.9,25.5,0.202,0.518,12.1,74.5,0.227,2008-2015,3,Fast & Flawed D,Utah Jazz,Utah Jazz_2014
2014,Washington Wizards,82,20055,40.8,88.8,0.459,8.3,21.9,0.38,32.5,67.0,0.485,16.1,22.0,0.731,11.4,33.0,44.4,24.5,8.6,4.8,15.5,21.5,106.0,NBA,1.27,-0.79,0.48,106.0,104.6,1.4,93.2,0.248,0.246,0.538,0.506,13.6,25.2,0.181,0.504,15.0,75.7,0.22,2008-2015,1,Modern Offense,Washington Wizards,Washington Wizards_2014
2013,Atlanta Hawks,82,19855,40.2,86.7,0.464,9.2,24.8,0.371,31.0,61.9,0.501,15.1,21.1,0.715,9.9,33.8,43.7,26.2,8.7,4.8,15.9,19.2,104.8,NBA,0.4,-0.48,-0.08,104.8,104.4,0.4,92.6,0.244,0.286,0.546,0.517,14.2,22.2,0.174,0.496,14.2,73.6,0.181,2008-2015,1,Modern Offense,Atlanta Hawks,Atlanta Hawks_2013
2013,Boston Celtics,81,19840,39.6,85.2,0.465,6.6,18.3,0.358,33.0,66.8,0.494,17.4,22.4,0.776,8.6,33.4,42.0,24.3,8.8,4.8,15.6,22.6,103.1,NBA,-0.22,-0.4,-0.62,103.1,103.3,-0.2,91.7,0.263,0.215,0.542,0.503,14.1,20.1,0.204,0.482,14.2,73.3,0.216,2008-2015,0,Balanced,Boston Celtics,Boston Celtics_2013
2013,Brooklyn Nets,82,19855,40.1,89.1,0.45,8.6,24.0,0.357,31.5,65.1,0.484,19.5,26.7,0.731,14.3,33.5,47.8,22.7,8.2,5.3,16.4,20.4,108.2,NBA,1.78,-0.53,1.25,108.2,106.2,2.0,88.8,0.299,0.269,0.536,0.498,14.0,30.9,0.219,0.503,13.1,73.7,0.174,2008-2015,1,Modern Offense,Brooklyn Nets,Brooklyn Nets_2013
2013,Charlotte Bobcats,82,19805,37.4,88.1,0.425,6.2,18.5,0.335,31.2,69.6,0.448,20.5,27.3,0.75,12.2,31.7,43.8,21.0,7.8,6.3,15.3,20.7,101.5,NBA,-9.23,-0.06,-9.29,101.5,111.5,-10.0,91.5,0.31,0.21,0.507,0.46,13.2,25.7,0.233,0.524,13.2,71.1,0.197,2008-2015,3,Fast & Flawed D,Charlotte Bobcats,Charlotte Bobcats_2013
2013,Chicago Bulls,82,19830,39.6,90.7,0.437,6.0,17.1,0.353,33.6,73.6,0.456,18.2,23.5,0.773,13.9,34.1,48.0,25.5,8.0,5.6,15.9,21.9,103.5,NBA,0.32,-0.33,-0.02,103.5,103.2,0.3,89.3,0.259,0.189,0.512,0.47,13.6,29.4,0.201,0.477,13.2,73.6,0.206,2008-2015,0,Balanced,Chicago Bulls,Chicago Bulls_2013
2013,Cleveland Cavaliers,82,19730,39.5,91.0,0.434,7.2,20.8,0.346,32.2,70.1,0.46,18.2,24.1,0.756,13.2,31.1,44.3,22.3,8.5,4.4,15.1,22.9,104.3,NBA,-4.68,-0.19,-4.87,104.3,109.4,-5.1,92.3,0.265,0.229,0.514,0.473,13.0,28.1,0.2,0.523,14.4,72.6,0.225,2008-2015,3,Fast & Flawed D,Cleveland Cavaliers,Cleveland Cavaliers_2013
2013,Dallas Mavericks,82,19980,40.6,88.0,0.462,7.7,20.8,0.372,32.9,67.2,0.489,16.9,21.3,0.793,9.8,34.1,43.9,24.3,8.3,5.8,14.6,21.7,105.9,NBA,-0.6,0.36,-0.24,105.9,106.5,-0.6,94.1,0.242,0.236,0.544,0.506,13.0,21.8,0.192,0.492,13.3,73.1,0.227,2008-2015,1,Modern Offense,Dallas Mavericks,Dallas Mavericks_2013
2013,Denver Nuggets,82,19905,42.3,88.6,0.478,6.6,19.3,0.343,35.7,69.3,0.516,19.1,27.2,0.701,13.8,33.0,46.8,25.4,9.7,6.8,15.9,21.3,110.4,NBA,5.09,0.28,5.37,110.4,105.1,5.3,95.1,0.308,0.217,0.549,0.515,13.6,31.4,0.216,0.493,14.3,71.8,0.193,2008-2015,4,Contender,Denver Nuggets,Denver Nuggets_2013
2013,Detroit Pistons,82,19805,39.7,88.6,0.449,6.8,19.2,0.356,32.9,69.4,0.474,17.4,24.9,0.699,13.2,32.9,46.1,23.2,7.7,5.3,16.6,21.7,103.8,NBA,-3.99,-0.34,-4.33,103.8,108.1,-4.3,90.8,0.282,0.217,0.521,0.487,14.3,28.3,0.197,0.505,13.1,73.0,0.209,2008-2015,3,Fast & Flawed D,Detroit Pistons,Detroit Pistons_2013
2013,Golden State Warriors,82,19805,40.2,87.7,0.458,8.4,20.9,0.403,31.7,66.8,0.475,17.7,22.4,0.79,11.4,35.9,47.3,23.7,7.3,4.4,15.9,22.5,106.4,NBA,0.89,0.42,1.32,106.4,105.5,0.9,94.5,0.255,0.239,0.545,0.506,14.0,25.4,0.201,0.486,12.4,75.5,0.211,2008-2015,1,Modern Offense,Golden State Warriors,Golden State Warriors_2013
2013,Houston Rockets,82,19780,39.4,85.6,0.461,10.9,29.9,0.366,28.5,55.7,0.511,19.9,26.3,0.754,11.5,33.5,45.0,24.0,8.6,4.5,17.0,21.0,109.7,NBA,3.48,0.22,3.69,109.7,106.1,3.6,96.1,0.308,0.349,0.564,0.525,14.9,26.4,0.232,0.502,13.5,75.2,0.196,2008-2015,4,Contender,Houston Rockets,Houston Rockets_2013
2013,Indiana Pacers,81,19590,38.7,88.6,0.436,7.5,21.7,0.347,31.1,66.9,0.465,19.4,26.0,0.746,14.2,36.3,50.5,22.3,7.9,7.0,16.7,22.1,104.3,NBA,4.02,-0.69,3.34,104.3,99.8,4.5,90.2,0.293,0.245,0.521,0.479,14.3,30.3,0.219,0.453,12.9,74.6,0.197,2008-2015,0,Balanced,Indiana Pacers,Indiana Pacers_2013
2013,Los Angeles Clippers,82,19730,42.2,88.2,0.478,8.4,23.4,0.358,33.8,64.8,0.522,17.9,25.2,0.711,12.5,33.0,45.6,26.1,10.5,6.2,16.0,22.9,110.6,NBA,6.45,-0.02,6.43,110.6,103.6,7.0,91.1,0.286,0.265,0.557,0.526,13.9,28.8,0.203,0.492,15.4,73.5,0.229,2008-2015,4,Contender,Los Angeles Clippers,Los Angeles Clippers_2013
2013,Los Angeles Lakers,82,19755,39.1,85.4,0.458,9.2,25.9,0.355,29.9,59.5,0.503,20.4,29.4,0.692,12.1,35.1,47.3,23.4,7.4,5.5,15.8,18.9,107.8,NBA,1.16,0.32,1.48,107.8,106.6,1.2,94.4,0.345,0.303,0.548,0.512,13.9,27.0,0.239,0.496,11.9,74.3,0.163,2008-2015,4,Contender,Los Angeles Lakers,Los Angeles Lakers_2013
2013,Memphis Grizzlies,82,19805,40.6,91.5,0.444,5.2,15.2,0.345,35.4,76.4,0.463,18.5,23.9,0.773,14.5,33.5,48.0,23.5,9.6,6.0,15.7,22.7,104.9,NBA,4.15,0.18,4.32,104.9,100.3,4.6,88.4,0.261,0.166,0.514,0.472,13.3,31.0,0.202,0.475,15.2,74.3,0.209,2008-2015,0,Balanced,Memphis Grizzlies,Memphis Grizzlies_2013
2013,Miami Heat,82,19880,41.9,84.5,0.496,9.5,24.1,0.396,32.4,60.4,0.536,18.9,25.1,0.754,9.0,33.2,42.2,25.2,9.5,5.9,15.2,20.4,112.3,NBA,7.87,-0.84,7.03,112.3,103.7,8.6,90.7,0.297,0.285,0.588,0.552,13.7,22.2,0.224,0.487,14.8,73.0,0.2,2008-2015,4,Contender,Miami Heat,Miami Heat_2013
2013,Milwaukee Bucks,82,19830,40.0,92.0,0.435,7.7,21.3,0.36,32.3,70.6,0.457,16.0,21.7,0.736,13.7,32.4,46.1,24.0,8.8,7.0,14.8,19.9,103.6,NBA,-1.5,-0.33,-1.83,103.6,105.2,-1.6,94.7,0.236,0.232,0.51,0.476,12.7,27.9,0.174,0.492,14.4,71.3,0.201,2008-2015,0,Balanced,Milwaukee Bucks,Milwaukee Bucks_2013
2013,Minnesota Timberwolves,82,19730,38.6,87.8,0.439,5.9,19.3,0.305,32.7,68.5,0.477,19.9,26.8,0.742,12.7,32.4,45.2,24.1,9.2,5.1,15.9,19.8,102.9,NBA,-2.37,0.54,-1.83,102.9,105.4,-2.5,92.8,0.305,0.22,0.516,0.473,13.8,27.4,0.226,0.511,15.0,74.0,0.187,2008-2015,0,Balanced,Minnesota Timberwolves,Minnesota Timberwolves_2013
2013,New Orleans Hornets,82,19780,40.5,90.3,0.448,7.3,20.2,0.363,33.2,70.1,0.473,17.4,22.4,0.776,13.5,33.2,46.8,23.6,7.1,6.0,16.4,22.9,105.7,NBA,-3.87,0.75,-3.12,105.7,110.1,-4.4,88.5,0.248,0.224,0.528,0.489,14.0,29.2,0.193,0.52,13.1,74.4,0.208,2008-2015,3,Fast & Flawed D,New Orleans Hornets,New Orleans Hornets_2013
2013,New York Knicks,82,19730,40.6,90.6,0.448,12.1,32.1,0.376,28.5,58.5,0.487,17.8,23.4,0.759,12.1,33.0,45.1,21.4,9.1,4.0,13.4,22.4,111.1,NBA,4.23,-0.5,3.73,111.1,106.3,4.8,89.8,0.258,0.354,0.55,0.515,11.7,25.6,0.196,0.508,14.8,74.7,0.216,2008-2015,1,Modern Offense,New York Knicks,New York Knicks_2013
2013,Oklahoma City Thunder,82,19830,40.5,84.3,0.481,7.8,20.6,0.377,32.8,63.7,0.514,23.6,28.5,0.828,11.1,35.3,46.4,22.7,8.8,8.1,16.2,21.4,112.4,NBA,9.21,-0.06,9.15,112.4,102.6,9.8,93.3,0.338,0.244,0.58,0.527,14.4,26.7,0.28,0.469,13.5,73.4,0.197,2008-2015,4,Contender,Oklahoma City Thunder,Oklahoma City Thunder_2013
2013,Orlando Magic,82,19780,40.7,90.9,0.448,6.7,20.2,0.329,34.1,70.6,0.482,13.5,17.9,0.755,11.7,34.4,46.1,24.6,7.0,4.7,15.7,20.9,101.6,NBA,-6.99,-0.14,-7.12,101.6,109.1,-7.5,92.2,0.197,0.223,0.514,0.485,13.7,25.4,0.149,0.508,11.8,74.6,0.195,2008-2015,3,Fast & Flawed D,Orlando Magic,Orlando Magic_2013
2013,Philadelphia 76ers,82,19755,40.8,92.0,0.444,6.9,19.2,0.36,33.9,72.9,0.466,13.4,18.4,0.729,12.0,33.3,45.2,24.9,8.1,5.1,14.3,20.1,102.0,NBA,-3.34,-0.17,-3.51,102.0,105.7,-3.7,91.0,0.2,0.209,0.509,0.481,12.5,24.9,0.146,0.495,13.7,73.4,0.2,2008-2015,1,Modern Offense,Philadelphia 76ers,Philadelphia 76ers_2013
2013,Phoenix Suns,82,19805,39.7,89.7,0.443,6.2,18.9,0.33,33.5,70.8,0.473,15.6,21.0,0.744,12.4,31.8,44.3,24.1,8.5,5.6,16.6,21.9,101.2,NBA,-6.46,0.71,-5.75,101.2,108.1,-6.9,93.4,0.234,0.21,0.512,0.477,14.3,27.0,0.174,0.512,14.2,71.9,0.208,2008-2015,3,Fast & Flawed D,Phoenix Suns,Phoenix Suns_2013
2013,Portland Trail Blazers,82,19855,39.8,88.8,0.448,8.9,25.2,0.353,30.9,63.6,0.486,17.2,22.2,0.776,11.6,32.7,44.3,23.6,7.1,4.7,15.9,20.1,105.8,NBA,-3.17,0.65,-2.53,105.8,109.2,-3.4,91.4,0.25,0.284,0.536,0.498,13.9,25.3,0.194,0.512,12.5,73.3,0.189,2008-2015,1,Modern Offense,Portland Trail Blazers,Portland Trail Blazers_2013
2013,Sacramento Kings,82,19830,39.9,89.2,0.447,7.9,21.7,0.363,32.0,67.5,0.474,18.6,24.2,0.769,12.2,30.8,43.0,22.1,8.7,4.4,15.5,22.2,106.2,NBA,-4.88,0.62,-4.26,106.2,111.4,-5.2,93.6,0.271,0.243,0.532,0.491,13.4,26.6,0.208,0.517,13.6,71.0,0.227,2008-2015,3,Fast & Flawed D,Sacramento Kings,Sacramento Kings_2013
2013,San Antonio Spurs,82,19880,41.1,85.6,0.481,8.5,22.6,0.376,32.6,62.9,0.519,17.5,22.1,0.791,8.5,34.9,43.4,26.4,8.9,5.7,15.5,18.3,108.3,NBA,6.4,0.27,6.67,108.3,101.6,6.7,94.2,0.258,0.264,0.568,0.531,14.0,20.5,0.204,0.48,13.7,74.9,0.179,2008-2015,4,Contender,San Antonio Spurs,San Antonio Spurs_2013
2013,Toronto Raptors,82,19980,39.6,88.8,0.446,7.6,22.1,0.343,32.0,66.7,0.48,19.2,24.3,0.788,11.6,32.2,43.8,23.5,7.9,5.2,14.9,24.4,105.9,NBA,-1.48,-0.48,-1.96,105.9,107.5,-1.6,90.4,0.274,0.249,0.532,0.488,13.0,25.5,0.216,0.5,13.6,73.4,0.247,2008-2015,2,Iso Scorers,Toronto Raptors,Toronto Raptors_2013
2013,Utah Jazz,82,19880,40.4,89.1,0.454,6.7,18.4,0.366,33.7,70.7,0.477,19.1,25.0,0.764,13.1,32.6,45.8,24.7,9.2,6.8,16.1,23.2,106.7,NBA,-0.09,0.38,0.3,106.7,106.8,-0.1,90.9,0.281,0.206,0.533,0.492,13.8,28.8,0.214,0.501,14.0,73.2,0.226,2008-2015,2,Iso Scorers,Utah Jazz,Utah Jazz_2013
2013,Washington Wizards,82,19855,38.2,87.8,0.435,7.1,19.6,0.365,31.0,68.2,0.455,16.8,22.9,0.733,11.6,34.8,46.4,23.3,7.8,4.9,16.2,22.0,100.2,NBA,-2.54,-0.25,-2.78,100.2,103.0,-2.8,92.2,0.261,0.223,0.512,0.475,14.2,24.6,0.191,0.483,13.7,74.6,0.206,2008-2015,0,Balanced,Washington Wizards,Washington Wizards_2013
2012,Atlanta Hawks,66,16165,40.0,88.0,0.454,8.1,21.9,0.37,31.9,66.1,0.482,16.9,22.8,0.74,10.7,34.0,44.7,24.4,8.8,5.0,15.2,19.4,104.9,NBA,3.44,-0.77,2.67,104.9,101.2,3.7,90.2,0.259,0.249,0.535,0.5,13.4,23.9,0.192,0.48,14.4,74.4,0.186,2008-2015,1,Modern Offense,Atlanta Hawks,Atlanta Hawks_2012
2012,Boston Celtics,66,15940,39.0,84.7,0.46,6.0,16.5,0.367,33.0,68.3,0.483,16.9,21.8,0.778,8.5,34.2,42.7,25.9,8.3,6.0,16.3,21.9,101.0,NBA,2.52,-0.26,2.26,101.0,98.2,2.8,90.4,0.257,0.194,0.535,0.496,14.7,19.7,0.2,0.452,14.9,72.4,0.216,2008-2015,0,Balanced,Boston Celtics,Boston Celtics_2012
2012,Charlotte Bobcats,66,15890,36.4,87.8,0.414,4.4,14.8,0.295,32.0,73.0,0.439,18.1,24.2,0.746,11.2,31.4,42.6,22.0,6.6,6.0,15.9,20.7,95.2,NBA,-13.91,-0.05,-13.96,95.2,110.4,-15.2,91.1,0.276,0.169,0.483,0.439,13.9,23.6,0.206,0.512,12.8,70.9,0.206,2008-2015,3,Fast & Flawed D,Charlotte Bobcats,Charlotte Bobcats_2012
2012,Chicago Bulls,66,15940,41.7,92.3,0.452,7.1,18.9,0.375,34.6,73.4,0.471,17.0,23.5,0.722,15.5,36.6,52.0,25.8,7.7,6.6,15.6,19.2,107.4,NBA,8.18,-0.76,7.43,107.4,98.3,9.1,89.1,0.255,0.205,0.523,0.49,13.2,32.6,0.184,0.45,12.8,74.3,0.175,2008-2015,0,Balanced,Chicago Bulls,Chicago Bulls_2012
2012,Cleveland Cavaliers,66,15965,37.2,88.2,0.422,7.2,21.0,0.346,30.0,67.3,0.446,19.4,27.1,0.716,13.8,32.1,45.9,21.5,7.7,4.3,16.7,21.7,101.1,NBA,-7.2,-0.14,-7.34,101.1,108.9,-7.8,91.3,0.307,0.238,0.505,0.463,14.3,28.9,0.22,0.508,13.1,72.2,0.202,2008-2015,3,Fast & Flawed D,Cleveland Cavaliers,Cleveland Cavaliers_2012
2012,Dallas Mavericks,66,16065,39.2,88.4,0.443,8.1,23.9,0.339,31.1,64.5,0.482,16.8,21.8,0.771,10.9,35.2,46.1,22.5,9.2,5.5,15.1,20.0,103.3,NBA,0.95,0.83,1.78,103.3,102.3,1.0,91.4,0.246,0.271,0.527,0.489,13.4,23.4,0.19,0.479,13.9,74.8,0.203,2008-2015,0,Balanced,Dallas Mavericks,Dallas Mavericks_2012
2012,Denver Nuggets,66,16040,40.9,85.9,0.476,6.9,20.8,0.332,33.9,65.0,0.522,20.5,28.0,0.735,11.7,33.4,45.2,25.1,8.6,5.2,16.1,20.6,109.2,NBA,2.88,0.29,3.16,109.2,106.2,3.0,94.2,0.326,0.243,0.556,0.516,14.1,27.7,0.239,0.508,14.3,74.3,0.185,2008-2015,4,Contender,Denver Nuggets,Denver Nuggets_2012
2012,Detroit Pistons,66,15965,38.6,88.1,0.438,5.3,15.4,0.346,33.3,72.7,0.457,18.5,24.6,0.752,13.1,31.7,44.8,20.8,7.7,4.7,17.4,21.8,101.0,NBA,-4.79,-0.4,-5.19,101.0,106.3,-5.3,89.2,0.279,0.175,0.51,0.468,15.0,28.1,0.21,0.5,14.2,72.8,0.226,2008-2015,3,Fast & Flawed D,Detroit Pistons,Detroit Pistons_2012
2012,Golden State Warriors,66,15915,40.6,88.9,0.457,8.6,22.1,0.388,32.1,66.8,0.48,15.5,20.2,0.77,10.5,31.8,42.2,24.0,8.6,5.9,14.9,23.0,105.4,NBA,-3.41,0.62,-2.79,105.4,109.1,-3.7,92.3,0.227,0.248,0.539,0.505,13.3,22.9,0.175,0.496,13.6,69.1,0.237,2008-2015,1,Modern Offense,Golden State Warriors,Golden State Warriors_2012
2012,Houston Rockets,66,16065,40.6,90.3,0.449,7.8,21.7,0.359,32.8,68.6,0.477,16.6,21.2,0.782,12.5,32.8,45.3,22.9,8.1,5.2,15.6,21.9,105.5,NBA,0.23,0.35,0.57,105.5,105.2,0.3,91.7,0.235,0.24,0.529,0.492,13.5,27.5,0.184,0.49,13.8,73.4,0.21,2008-2015,1,Modern Offense,Houston Rockets,Houston Rockets_2012
2012,Indiana Pacers,66,15990,38.9,88.9,0.438,6.5,17.6,0.368,32.5,71.3,0.455,22.3,28.5,0.782,13.7,34.2,47.9,20.3,8.7,5.9,15.3,23.7,106.7,NBA,3.3,-0.71,2.6,106.7,103.1,3.6,90.7,0.321,0.198,0.526,0.474,13.1,29.2,0.251,0.476,14.1,72.3,0.222,2008-2015,2,Iso Scorers,Indiana Pacers,Indiana Pacers_2012
2012,Los Angeles Clippers,66,15965,41.1,90.5,0.455,8.7,24.3,0.357,32.5,66.2,0.49,17.6,25.9,0.68,13.5,32.8,46.2,23.3,9.4,5.3,14.8,23.6,108.5,NBA,2.56,0.26,2.82,108.5,105.7,2.8,89.2,0.287,0.269,0.533,0.502,12.7,29.5,0.195,0.492,14.2,73.2,0.245,2008-2015,1,Modern Offense,Los Angeles Clippers,Los Angeles Clippers_2012
2012,Los Angeles Lakers,66,16065,40.1,87.8,0.457,6.0,18.3,0.326,34.1,69.4,0.491,19.8,26.2,0.756,13.2,37.1,50.3,24.5,6.4,5.8,16.5,18.3,106.0,NBA,1.42,0.54,1.96,106.0,104.4,1.6,90.5,0.299,0.209,0.534,0.491,14.2,29.1,0.226,0.476,10.7,74.8,0.158,2008-2015,0,Balanced,Los Angeles Lakers,Los Angeles Lakers_2012
2012,Memphis Grizzlies,66,15940,40.2,89.9,0.447,4.6,14.1,0.326,35.6,75.8,0.47,18.9,24.9,0.759,13.8,32.2,46.0,21.4,10.5,5.7,15.8,21.8,104.0,NBA,2.02,0.42,2.43,104.0,101.8,2.2,90.8,0.277,0.157,0.515,0.473,13.6,29.8,0.211,0.485,16.3,72.7,0.227,2008-2015,0,Balanced,Memphis Grizzlies,Memphis Grizzlies_2012
2012,Miami Heat,66,16040,40.1,85.5,0.469,6.1,16.9,0.359,34.1,68.6,0.496,20.3,26.2,0.775,11.3,33.8,45.0,21.6,9.6,5.8,16.4,21.0,106.6,NBA,5.98,-0.27,5.72,106.6,100.2,6.4,91.2,0.307,0.198,0.549,0.505,14.5,26.6,0.238,0.479,15.8,73.9,0.2,2008-2015,0,Balanced,Miami Heat,Miami Heat_2012
2012,Milwaukee Bucks,66,15865,40.4,91.2,0.443,7.0,20.4,0.345,33.3,70.8,0.471,17.7,22.8,0.774,13.2,32.0,45.2,25.0,8.8,5.4,15.0,20.5,105.5,NBA,0.27,-0.5,-0.23,105.5,105.2,0.3,93.7,0.25,0.224,0.521,0.481,12.9,27.7,0.194,0.489,14.6,70.9,0.217,2008-2015,1,Modern Offense,Milwaukee Bucks,Milwaukee Bucks_2012
2012,Minnesota Timberwolves,66,15940,38.0,87.7,0.433,7.6,23.0,0.332,30.4,64.7,0.469,20.7,26.8,0.771,12.9,33.7,46.6,20.8,7.0,4.7,16.2,19.6,104.3,NBA,-2.2,0.37,-1.83,104.3,106.6,-2.3,93.3,0.306,0.262,0.524,0.477,14.0,27.5,0.236,0.491,12.2,73.0,0.187,2008-2015,3,Fast & Flawed D,Minnesota Timberwolves,Minnesota Timberwolves_2012
2012,New Jersey Nets,66,15890,37.9,89.1,0.425,8.5,24.8,0.342,29.4,64.3,0.457,18.6,24.0,0.777,13.1,31.5,44.6,22.0,8.3,4.4,16.7,21.2,102.9,NBA,-5.98,-0.39,-6.37,102.9,109.6,-6.7,90.1,0.269,0.278,0.516,0.473,14.3,27.8,0.209,0.513,13.7,70.7,0.209,2008-2015,3,Fast & Flawed D,New Jersey Nets,New Jersey Nets_2012
2012,New Orleans Hornets,66,15940,39.2,87.0,0.451,4.4,13.2,0.333,34.8,73.8,0.472,18.0,23.8,0.757,12.3,33.9,46.3,23.3,8.3,5.4,17.5,22.6,100.9,NBA,-3.76,0.65,-3.11,100.9,105.1,-4.2,88.3,0.274,0.152,0.517,0.476,15.2,27.5,0.207,0.485,13.5,73.1,0.218,2008-2015,0,Balanced,New Orleans Hornets,New Orleans Hornets_2012
2012,New York Knicks,66,15940,38.2,86.2,0.443,8.4,24.9,0.336,29.9,61.4,0.487,19.6,26.4,0.741,12.0,32.5,44.5,21.5,10.1,4.5,17.1,22.5,104.4,NBA,3.2,-0.81,2.39,104.4,101.0,3.4,93.2,0.306,0.288,0.533,0.492,14.9,26.6,0.227,0.485,15.9,73.7,0.224,2008-2015,0,Balanced,New York Knicks,New York Knicks_2012
2012,Oklahoma City Thunder,66,15990,39.7,84.4,0.471,7.6,21.3,0.358,32.1,63.1,0.509,22.7,28.1,0.806,11.7,34.8,46.5,19.8,8.0,8.7,17.4,21.8,109.8,NBA,6.12,0.32,6.44,109.8,103.2,6.6,93.0,0.334,0.252,0.567,0.516,15.3,27.8,0.269,0.465,13.0,72.1,0.207,2008-2015,4,Contender,Oklahoma City Thunder,Oklahoma City Thunder_2012
2012,Orlando Magic,66,15965,38.4,87.2,0.441,11.3,30.1,0.375,27.1,57.0,0.475,16.8,25.5,0.66,12.5,34.8,47.3,22.3,7.6,4.6,16.6,19.7,105.0,NBA,0.79,-0.33,0.46,105.0,104.1,0.9,89.0,0.292,0.346,0.533,0.506,14.5,26.5,0.193,0.488,12.9,75.5,0.19,2008-2015,1,Modern Offense,Orlando Magic,Orlando Magic_2012
2012,Philadelphia 76ers,66,15915,41.6,92.8,0.448,5.9,16.2,0.362,35.7,76.6,0.466,14.9,20.1,0.742,11.8,36.1,47.9,24.4,8.8,5.7,12.4,19.5,103.9,NBA,4.24,-0.65,3.59,103.9,99.2,4.7,89.7,0.217,0.175,0.511,0.48,10.9,24.4,0.161,0.46,13.5,75.2,0.192,2008-2015,1,Modern Offense,Philadelphia 76ers,Philadelphia 76ers_2012
2012,Phoenix Suns,66,15840,40.8,89.1,0.458,7.3,21.2,0.343,33.6,67.9,0.494,17.3,22.9,0.757,11.7,33.3,45.0,24.3,7.1,6.0,15.2,20.2,106.2,NBA,-0.24,0.53,0.29,106.2,106.5,-0.3,92.6,0.257,0.238,0.536,0.499,13.3,25.8,0.194,0.491,13.1,71.7,0.2,2008-2015,1,Modern Offense,Phoenix Suns,Phoenix Suns_2012
2012,Portland Trail Blazers,66,15965,39.6,89.3,0.443,7.9,22.8,0.346,31.7,66.5,0.477,18.7,23.5,0.796,12.1,32.1,44.2,22.2,8.7,5.3,15.4,20.6,105.7,NBA,-0.62,0.41,-0.22,105.7,106.4,-0.7,91.2,0.263,0.255,0.531,0.488,13.4,26.3,0.209,0.504,14.1,72.8,0.199,2008-2015,1,Modern Offense,Portland Trail Blazers,Portland Trail Blazers_2012
2012,Sacramento Kings,66,15915,39.7,91.0,0.436,6.5,20.7,0.316,33.1,70.3,0.471,18.0,24.4,0.736,14.0,31.0,45.1,20.2,8.9,5.1,15.2,20.5,103.8,NBA,-5.68,0.73,-4.95,103.8,109.8,-6.0,94.7,0.268,0.228,0.51,0.472,13.0,29.1,0.197,0.515,13.9,70.5,0.199,2008-2015,3,Fast & Flawed D,Sacramento Kings,Sacramento Kings_2012
2012,San Antonio Spurs,66,15940,42.3,88.5,0.478,8.9,22.8,0.393,33.4,65.8,0.507,17.3,23.1,0.748,11.1,34.9,46.0,24.8,7.9,4.7,14.5,18.5,110.9,NBA,7.17,0.11,7.28,110.9,103.2,7.7,92.9,0.261,0.257,0.562,0.528,12.8,25.1,0.195,0.489,12.9,76.0,0.168,2008-2015,4,Contender,San Antonio Spurs,San Antonio Spurs_2012
2012,Toronto Raptors,66,15965,38.2,86.8,0.44,6.1,18.1,0.34,32.0,68.7,0.467,18.3,23.7,0.77,11.7,34.9,46.7,23.3,7.2,5.4,16.9,25.8,100.8,NBA,-3.3,-0.36,-3.67,100.8,104.5,-3.7,89.3,0.274,0.209,0.518,0.475,14.8,25.9,0.211,0.475,12.8,75.4,0.26,2008-2015,0,Balanced,Toronto Raptors,Toronto Raptors_2012
2012,Utah Jazz,66,16165,41.0,89.8,0.456,4.4,13.7,0.323,36.5,76.1,0.48,20.4,27.1,0.754,14.0,33.4,47.4,23.4,8.8,6.3,15.2,23.4,106.8,NBA,0.62,0.3,0.92,106.8,106.1,0.7,91.4,0.302,0.153,0.525,0.481,13.0,30.2,0.227,0.493,13.8,73.8,0.245,2008-2015,2,Iso Scorers,Utah Jazz,Utah Jazz_2012
2012,Washington Wizards,66,15865,39.5,89.5,0.441,5.6,17.6,0.32,33.8,71.9,0.47,16.5,22.7,0.727,12.7,32.3,45.0,20.6,8.6,6.8,16.5,23.0,101.0,NBA,-4.8,-0.34,-5.14,101.0,106.2,-5.2,92.5,0.253,0.196,0.508,0.472,14.2,27.3,0.184,0.492,14.2,70.9,0.229,2008-2015,0,Balanced,Washington Wizards,Washington Wizards_2012
2011,Atlanta Hawks,82,19730,40.5,87.6,0.462,6.8,19.4,0.352,33.6,68.1,0.494,18.3,23.5,0.779,10.4,33.5,43.9,24.5,6.8,4.6,15.2,21.2,106.1,NBA,-0.82,-0.28,-1.1,106.1,107.0,-0.9,89.3,0.269,0.222,0.542,0.501,13.5,23.4,0.209,0.495,12.3,74.6,0.211,2008-2015,1,Modern Offense,Atlanta Hawks,Atlanta Hawks_2011
2011,Boston Celtics,82,19780,40.6,83.5,0.486,5.5,15.0,0.365,35.1,68.5,0.513,19.6,25.4,0.77,8.6,34.1,42.7,25.8,9.1,4.6,16.0,22.5,106.2,NBA,5.37,-0.54,4.83,106.2,100.3,5.9,90.4,0.305,0.18,0.561,0.519,14.5,21.1,0.235,0.469,14.8,74.7,0.235,2008-2015,4,Contender,Boston Celtics,Boston Celtics_2011
2011,Charlotte Bobcats,82,19805,38.8,86.0,0.451,5.3,16.3,0.327,33.5,69.8,0.48,20.4,27.0,0.756,11.5,33.0,44.5,23.4,7.1,5.9,16.1,22.1,103.4,NBA,-4.0,-0.08,-4.08,103.4,107.8,-4.4,89.6,0.314,0.189,0.528,0.482,14.1,25.7,0.237,0.5,12.9,75.2,0.229,2008-2015,3,Fast & Flawed D,Charlotte Bobcats,Charlotte Bobcats_2011
2011,Chicago Bulls,82,19830,40.7,88.2,0.462,6.8,19.0,0.361,33.9,69.3,0.489,20.0,26.9,0.743,13.0,35.5,48.5,24.5,7.9,6.3,15.6,22.0,108.3,NBA,7.32,-0.79,6.53,108.3,100.3,8.0,90.4,0.305,0.215,0.541,0.501,13.5,29.4,0.227,0.463,13.6,76.2,0.222,2008-2015,4,Contender,Chicago Bulls,Chicago Bulls_2011
2011,Cleveland Cavaliers,82,19755,37.7,86.8,0.434,6.6,19.4,0.342,31.0,67.3,0.461,20.2,27.1,0.745,11.2,32.0,43.2,22.5,7.1,4.5,15.2,21.5,102.2,NBA,-9.01,0.14,-8.88,102.2,111.8,-9.6,93.0,0.312,0.224,0.518,0.472,13.4,24.2,0.233,0.524,12.7,73.3,0.211,2008-2015,3,Fast & Flawed D,Cleveland Cavaliers,Cleveland Cavaliers_2011
2011,Dallas Mavericks,82,19705,40.9,86.2,0.475,8.6,23.6,0.365,32.3,62.6,0.516,19.2,24.7,0.777,10.4,34.9,45.3,26.1,7.4,4.7,15.3,21.0,109.7,NBA,4.23,0.18,4.41,109.7,105.0,4.7,91.3,0.286,0.274,0.565,0.525,13.6,24.1,0.222,0.488,13.0,74.8,0.206,2008-2015,4,Contender,Dallas Mavericks,Dallas Mavericks_2011
2011,Denver Nuggets,82,19705,40.1,84.3,0.476,8.4,21.7,0.388,31.6,62.6,0.506,23.7,31.0,0.765,10.1,33.8,43.9,23.1,7.7,4.5,14.7,21.9,112.3,NBA,4.76,0.05,4.81,112.3,107.3,5.0,95.6,0.367,0.258,0.574,0.526,13.1,23.9,0.281,0.5,12.7,75.4,0.224,2008-2015,4,Contender,Denver Nuggets,Denver Nuggets_2011
2011,Detroit Pistons,82,19880,41.4,90.0,0.46,6.4,17.0,0.376,35.0,73.0,0.479,18.5,25.1,0.737,12.6,30.3,42.9,23.4,8.1,4.4,14.4,22.1,107.7,NBA,-3.6,-0.18,-3.78,107.7,111.7,-4.0,89.2,0.279,0.189,0.533,0.495,12.5,27.4,0.206,0.526,13.8,72.1,0.235,2008-2015,2,Iso Scorers,Detroit Pistons,Detroit Pistons_2011
2011,Golden State Warriors,82,19830,41.5,90.0,0.461,8.7,22.3,0.392,32.8,67.6,0.484,16.5,21.6,0.761,12.2,30.3,42.4,23.6,9.4,5.2,15.3,23.1,108.2,NBA,-2.33,0.33,-2.0,108.2,110.7,-2.5,94.8,0.241,0.248,0.544,0.51,13.3,26.7,0.183,0.509,14.5,69.3,0.259,2008-2015,1,Modern Offense,Golden State Warriors,Golden State Warriors_2011
2011,Houston Rockets,82,19880,40.6,89.4,0.454,8.7,23.6,0.367,31.9,65.8,0.486,21.4,26.7,0.801,12.3,32.7,45.0,25.1,7.4,4.8,14.2,21.0,111.3,NBA,2.18,0.19,2.37,111.3,109.0,2.3,94.2,0.299,0.264,0.55,0.503,12.3,27.4,0.239,0.5,12.6,72.7,0.219,2008-2015,1,Modern Offense,Houston Rockets,Houston Rockets_2011
2011,Indiana Pacers,82,19780,38.5,86.9,0.442,7.5,21.2,0.354,31.0,65.8,0.471,20.4,26.1,0.782,11.7,34.0,45.7,20.6,7.5,5.8,16.2,22.8,104.8,NBA,-1.07,-0.3,-1.38,104.8,106.0,-1.2,94.7,0.3,0.244,0.533,0.486,14.1,25.9,0.235,0.487,12.8,74.1,0.237,2008-2015,2,Iso Scorers,Indiana Pacers,Indiana Pacers_2011
2011,Los Angeles Clippers,82,19855,39.3,85.8,0.457,6.7,19.8,0.338,32.6,66.1,0.493,20.1,28.5,0.707,12.4,32.6,45.0,23.6,7.6,5.2,17.5,22.6,105.3,NBA,-3.13,0.42,-2.71,105.3,108.7,-3.4,92.8,0.332,0.23,0.535,0.496,15.1,28.4,0.234,0.499,12.8,73.2,0.25,2008-2015,2,Iso Scorers,Los Angeles Clippers,Los Angeles Clippers_2011
2011,Los Angeles Lakers,82,19830,41.7,90.1,0.463,7.0,19.8,0.352,34.7,70.3,0.494,20.6,26.4,0.779,13.2,34.9,48.1,24.0,8.0,5.6,14.3,20.7,111.0,NBA,6.11,-0.1,6.01,111.0,104.3,6.7,90.7,0.293,0.22,0.545,0.502,12.3,29.2,0.228,0.477,12.8,72.3,0.181,2008-2015,1,Modern Offense,Los Angeles Lakers,Los Angeles Lakers_2011
2011,Memphis Grizzlies,82,19880,42.0,89.3,0.471,4.1,12.2,0.334,38.0,77.2,0.492,19.5,26.0,0.75,12.7,31.4,44.1,22.2,10.1,5.8,15.0,22.4,107.6,NBA,2.34,0.2,2.55,107.6,105.1,2.5,91.9,0.291,0.136,0.534,0.493,13.0,28.9,0.218,0.502,15.7,72.5,0.228,2008-2015,2,Iso Scorers,Memphis Grizzlies,Memphis Grizzlies_2011
2011,Miami Heat,82,19780,40.5,84.1,0.481,7.3,19.7,0.37,33.2,64.4,0.515,23.5,30.5,0.769,10.5,35.6,46.1,21.9,7.3,5.7,15.2,22.3,111.7,NBA,7.46,-0.71,6.76,111.7,103.5,8.2,90.9,0.363,0.235,0.573,0.524,13.5,25.2,0.279,0.475,12.6,75.5,0.223,2008-2015,4,Contender,Miami Heat,Miami Heat_2011
2011,Milwaukee Bucks,82,19830,37.9,88.2,0.43,6.5,19.1,0.342,31.4,69.2,0.454,19.2,25.4,0.757,11.6,33.4,45.1,20.8,8.3,5.4,14.9,22.7,101.6,NBA,-0.84,-0.17,-1.02,101.6,102.5,-0.9,89.8,0.287,0.216,0.511,0.467,13.0,24.7,0.217,0.481,14.7,74.8,0.236,2008-2015,0,Balanced,Milwaukee Bucks,Milwaukee Bucks_2011
2011,Minnesota Timberwolves,82,19780,38.9,88.2,0.441,7.4,19.7,0.376,31.5,68.5,0.459,19.1,24.9,0.768,13.6,32.1,45.8,20.8,7.4,5.3,17.6,23.0,104.2,NBA,-6.63,0.67,-5.97,104.2,111.1,-6.9,96.5,0.282,0.223,0.526,0.483,15.1,29.6,0.217,0.514,13.1,73.7,0.251,2008-2015,3,Fast & Flawed D,Minnesota Timberwolves,Minnesota Timberwolves_2011
2011,New Jersey Nets,82,20005,38.9,88.6,0.44,6.1,17.8,0.343,32.8,70.7,0.464,19.0,25.1,0.759,12.1,32.6,44.7,23.0,6.1,5.1,15.4,24.1,103.1,NBA,-6.24,-0.04,-6.28,103.1,109.9,-6.8,89.9,0.283,0.201,0.517,0.474,13.4,26.1,0.215,0.503,11.8,74.2,0.241,2008-2015,3,Fast & Flawed D,New Jersey Nets,New Jersey Nets_2011
2011,New Orleans Hornets,82,19830,40.2,87.5,0.459,6.1,16.8,0.36,34.1,70.7,0.482,19.8,25.9,0.765,11.2,33.7,44.9,23.1,8.5,4.9,14.6,23.5,106.2,NBA,0.89,0.39,1.28,106.2,105.2,1.0,88.7,0.296,0.192,0.537,0.493,12.8,25.1,0.226,0.501,14.4,76.2,0.22,2008-2015,2,Iso Scorers,New Orleans Hornets,New Orleans Hornets_2011
2011,New York Knicks,82,19780,39.9,87.2,0.457,9.7,26.4,0.368,30.2,60.8,0.496,21.4,26.5,0.809,10.8,31.4,42.1,22.3,7.9,6.0,14.3,22.1,110.9,NBA,0.78,-0.3,0.48,110.9,110.1,0.8,95.6,0.304,0.303,0.561,0.513,12.6,24.2,0.246,0.511,13.8,71.9,0.24,2008-2015,2,Iso Scorers,New York Knicks,New York Knicks_2011
2011,Oklahoma City Thunder,82,20005,39.7,85.5,0.464,6.3,18.2,0.347,33.4,67.4,0.495,25.6,31.1,0.823,11.7,33.7,45.4,21.6,8.5,6.3,15.0,23.8,111.2,NBA,3.79,0.02,3.81,111.2,107.2,4.0,92.7,0.363,0.212,0.561,0.501,13.1,27.4,0.299,0.493,12.9,73.6,0.228,2008-2015,2,Iso Scorers,Oklahoma City Thunder,Oklahoma City Thunder_2011
2011,Orlando Magic,82,19830,39.2,85.0,0.461,10.2,27.9,0.366,29.0,57.1,0.507,19.3,27.9,0.692,11.5,35.5,47.0,21.7,7.3,5.1,16.2,21.8,107.9,NBA,5.46,-0.54,4.92,107.9,102.0,5.9,91.2,0.328,0.328,0.554,0.521,14.3,26.1,0.227,0.475,13.3,76.9,0.219,2008-2015,4,Contender,Orlando Magic,Orlando Magic_2011
2011,Philadelphia 76ers,82,19930,41.0,89.0,0.461,5.8,16.4,0.355,35.2,72.6,0.485,18.7,24.3,0.77,11.2,33.9,45.0,24.4,8.2,4.7,14.0,20.9,106.6,NBA,1.5,-0.5,1.01,106.6,105.0,1.6,91.7,0.273,0.184,0.535,0.494,12.3,24.6,0.21,0.487,13.5,74.5,0.231,2008-2015,1,Modern Offense,Philadelphia 76ers,Philadelphia 76ers_2011
2011,Phoenix Suns,82,20005,40.9,87.0,0.47,8.9,23.6,0.377,32.0,63.4,0.505,18.7,24.6,0.759,10.4,31.5,41.9,24.7,6.9,4.5,14.9,21.2,109.5,NBA,-0.89,0.43,-0.46,109.5,110.4,-0.9,94.4,0.283,0.271,0.559,0.522,13.2,23.7,0.215,0.513,13.1,71.6,0.211,2008-2015,1,Modern Offense,Phoenix Suns,Phoenix Suns_2011
2011,Portland Trail Blazers,82,19805,40.7,91.0,0.447,7.1,20.7,0.345,33.5,70.2,0.477,20.3,25.3,0.804,13.7,30.7,44.5,23.9,9.1,4.9,14.7,21.8,108.8,NBA,1.52,0.32,1.85,108.8,107.1,1.7,87.9,0.278,0.228,0.533,0.486,12.6,29.5,0.224,0.51,15.4,72.0,0.231,2008-2015,2,Iso Scorers,Portland Trail Blazers,Portland Trail Blazers_2011
2011,Sacramento Kings,82,19855,39.8,88.6,0.449,5.4,16.2,0.335,34.4,72.4,0.475,18.5,25.2,0.734,13.6,32.1,45.7,21.3,7.7,5.0,16.8,22.9,103.5,NBA,-5.34,0.54,-4.8,103.5,109.0,-5.5,95.2,0.284,0.183,0.519,0.48,14.4,29.9,0.208,0.513,13.5,74.4,0.233,2008-2015,3,Fast & Flawed D,Sacramento Kings,Sacramento Kings_2011
2011,San Antonio Spurs,82,19780,41.4,87.1,0.475,9.0,22.7,0.397,32.4,64.4,0.503,20.0,26.1,0.767,10.9,34.2,45.1,24.1,7.9,4.9,14.5,20.5,111.8,NBA,5.71,0.16,5.86,111.8,105.6,6.2,92.3,0.299,0.261,0.567,0.527,12.8,24.9,0.229,0.491,12.6,74.6,0.19,2008-2015,4,Contender,San Antonio Spurs,San Antonio Spurs_2011
2011,Toronto Raptors,82,19780,41.1,88.3,0.465,4.5,14.3,0.316,36.6,74.0,0.494,19.5,25.8,0.755,12.6,30.6,43.2,23.5,7.6,4.6,15.8,23.6,106.1,NBA,-6.28,0.01,-6.28,106.1,112.9,-6.8,92.9,0.293,0.162,0.533,0.491,13.7,28.2,0.221,0.522,13.0,72.0,0.251,2008-2015,3,Fast & Flawed D,Toronto Raptors,Toronto Raptors_2011
2011,Utah Jazz,82,19880,40.6,87.4,0.465,5.8,16.7,0.346,34.9,70.7,0.493,21.1,27.3,0.771,11.9,31.0,42.9,25.5,8.3,6.4,15.6,24.7,108.1,NBA,-1.83,0.39,-1.44,108.1,110.1,-2.0,91.0,0.313,0.191,0.544,0.498,13.5,27.0,0.241,0.505,13.8,71.7,0.275,2008-2015,2,Iso Scorers,Utah Jazz,Utah Jazz_2011
2011,Washington Wizards,82,19930,39.1,88.4,0.443,5.0,15.2,0.332,34.1,73.2,0.465,19.1,25.7,0.745,13.0,30.5,43.5,20.4,8.5,6.4,16.1,23.7,102.4,NBA,-7.4,0.11,-7.3,102.4,110.2,-7.8,93.8,0.29,0.172,0.513,0.471,13.9,28.0,0.216,0.512,14.4,70.5,0.249,2008-2015,3,Fast & Flawed D,Washington Wizards,Washington Wizards_2011
2010,Atlanta Hawks,82,19855,42.7,91.2,0.468,7.0,19.5,0.36,35.6,71.7,0.497,19.5,25.7,0.759,13.0,32.9,45.9,24.0,7.9,5.5,13.1,21.9,111.9,NBA,4.66,-0.22,4.44,111.9,106.7,5.2,90.1,0.281,0.214,0.545,0.506,11.4,28.2,0.213,0.496,13.2,72.7,0.208,2008-2015,1,Modern Offense,Atlanta Hawks,Atlanta Hawks_2010
2010,Boston Celtics,82,19780,40.2,83.3,0.483,6.6,19.0,0.348,33.6,64.4,0.523,20.6,27.7,0.746,9.5,32.4,41.9,25.6,9.3,5.3,16.1,24.0,107.7,NBA,3.66,-0.29,3.37,107.7,103.8,3.9,91.6,0.332,0.228,0.564,0.522,14.5,22.8,0.248,0.487,14.9,73.8,0.251,2008-2015,4,Contender,Boston Celtics,Boston Celtics_2010
2010,Charlotte Bobcats,82,19880,38.2,84.3,0.453,6.1,17.8,0.346,32.0,66.5,0.482,21.9,29.1,0.751,11.5,33.3,44.7,22.2,8.4,6.0,17.2,21.3,104.4,NBA,1.46,-0.17,1.3,104.4,102.8,1.6,90.4,0.346,0.211,0.538,0.49,15.1,26.5,0.26,0.491,14.7,74.2,0.194,2008-2015,0,Balanced,Charlotte Bobcats,Charlotte Bobcats_2010
2010,Chicago Bulls,82,19905,39.9,88.4,0.451,4.6,13.8,0.33,35.3,74.6,0.474,19.2,25.4,0.754,12.1,35.2,47.3,22.1,6.9,6.2,15.2,21.3,103.5,NBA,-1.63,0.0,-1.64,103.5,105.3,-1.8,93.1,0.287,0.156,0.52,0.477,13.3,26.6,0.217,0.484,12.3,74.8,0.212,2008-2015,0,Balanced,Chicago Bulls,Chicago Bulls_2010
2010,Cleveland Cavaliers,82,19780,41.2,84.9,0.485,8.0,21.0,0.381,33.2,63.9,0.52,20.8,29.0,0.72,10.5,35.8,46.3,24.4,7.5,5.6,15.1,21.1,111.2,NBA,6.52,-0.36,6.17,111.2,104.1,7.1,91.4,0.341,0.248,0.57,0.532,13.4,25.1,0.246,0.482,12.3,77.2,0.218,2008-2015,4,Contender,Cleveland Cavaliers,Cleveland Cavaliers_2010
2010,Dallas Mavericks,82,19880,41.0,88.2,0.464,7.3,19.6,0.372,33.7,68.7,0.491,19.9,24.4,0.816,10.9,33.8,44.6,25.0,8.1,5.9,13.8,20.4,109.2,NBA,2.72,-0.06,2.66,109.2,106.3,2.9,92.5,0.277,0.222,0.552,0.506,12.3,24.3,0.226,0.495,13.6,73.7,0.206,2008-2015,1,Modern Offense,Dallas Mavericks,Dallas Mavericks_2010
2010,Denver Nuggets,82,19780,40.0,85.5,0.468,7.0,19.4,0.359,33.0,66.1,0.5,24.8,32.1,0.772,11.4,32.1,43.5,22.0,8.7,5.3,14.5,23.6,111.8,NBA,4.09,0.06,4.15,111.8,107.5,4.3,94.8,0.376,0.227,0.561,0.509,12.7,26.1,0.29,0.495,13.8,72.4,0.251,2008-2015,4,Contender,Denver Nuggets,Denver Nuggets_2010
2010,Detroit Pistons,82,19780,40.3,90.5,0.445,5.1,16.3,0.314,35.2,74.2,0.474,19.9,27.4,0.728,14.4,30.7,45.2,21.8,8.2,4.3,15.1,25.0,105.6,NBA,-5.11,0.09,-5.02,105.6,111.4,-5.8,88.5,0.303,0.18,0.515,0.474,12.8,30.3,0.22,0.526,14.2,73.4,0.264,2008-2015,3,Fast & Flawed D,Detroit Pistons,Detroit Pistons_2010
2010,Golden State Warriors,82,19730,40.4,86.0,0.469,7.7,20.4,0.375,32.7,65.5,0.499,19.8,25.3,0.782,9.1,29.1,38.2,22.3,9.2,4.1,14.6,22.9,108.1,NBA,-3.6,0.32,-3.28,108.1,111.7,-3.6,100.4,0.294,0.238,0.557,0.514,13.1,20.9,0.23,0.525,15.1,68.5,0.26,2008-2015,2,Iso Scorers,Golden State Warriors,Golden State Warriors_2010
2010,Houston Rockets,82,19905,39.7,88.8,0.447,8.3,23.6,0.351,31.4,65.2,0.481,20.0,25.9,0.772,12.4,31.7,44.1,22.9,7.5,4.1,15.2,21.9,107.6,NBA,-0.37,0.35,-0.02,107.6,108.0,-0.4,94.0,0.292,0.265,0.537,0.494,13.2,26.9,0.225,0.511,13.6,73.8,0.215,2008-2015,1,Modern Offense,Houston Rockets,Houston Rockets_2010
2010,Indiana Pacers,82,19705,37.9,85.6,0.443,8.3,23.8,0.348,29.6,61.8,0.479,19.6,25.3,0.775,9.9,32.9,42.7,21.7,7.3,5.5,15.5,23.2,103.7,NBA,-3.01,-0.1,-3.11,103.7,106.8,-3.1,97.1,0.296,0.278,0.536,0.491,13.8,21.6,0.229,0.49,13.4,73.0,0.258,2008-2015,2,Iso Scorers,Indiana Pacers,Indiana Pacers_2010
2010,Los Angeles Clippers,82,19705,39.5,86.8,0.455,6.4,19.2,0.332,33.1,67.7,0.49,17.9,24.6,0.73,12.2,32.9,45.1,23.8,7.0,6.1,16.9,20.8,103.3,NBA,-6.35,0.34,-6.01,103.3,110.1,-6.8,92.6,0.283,0.221,0.529,0.491,14.8,27.1,0.206,0.509,12.2,74.0,0.214,2008-2015,3,Fast & Flawed D,Los Angeles Clippers,Los Angeles Clippers_2010
2010,Los Angeles Lakers,82,19830,41.0,89.7,0.457,6.9,20.4,0.341,34.1,69.3,0.492,19.8,25.9,0.765,12.7,34.7,47.4,22.6,8.0,5.2,14.3,20.8,108.8,NBA,4.72,0.06,4.78,108.8,103.7,5.1,92.8,0.289,0.227,0.538,0.496,12.4,27.6,0.221,0.484,13.2,74.4,0.195,2008-2015,1,Modern Offense,Los Angeles Lakers,Los Angeles Lakers_2010
2010,Memphis Grizzlies,82,19905,41.5,88.6,0.469,4.4,13.1,0.337,37.1,75.5,0.492,20.8,28.4,0.733,13.8,32.2,46.0,19.9,8.3,5.1,16.1,21.3,108.3,NBA,-1.51,0.13,-1.39,108.3,109.9,-1.6,93.6,0.32,0.148,0.536,0.494,13.7,31.3,0.235,0.52,13.2,73.3,0.205,2008-2015,2,Iso Scorers,Memphis Grizzlies,Memphis Grizzlies_2010
2010,Miami Heat,82,19880,40.2,87.8,0.458,6.7,19.2,0.346,33.5,68.6,0.489,19.6,26.0,0.752,11.8,34.4,46.2,20.9,8.2,6.2,14.5,23.0,106.6,NBA,2.28,-0.29,1.99,106.6,104.1,2.5,89.6,0.296,0.219,0.537,0.496,12.8,26.1,0.223,0.48,13.9,74.9,0.246,2008-2015,2,Iso Scorers,Miami Heat,Miami Heat_2010
2010,Milwaukee Bucks,82,19980,40.0,91.7,0.436,8.5,23.8,0.356,31.5,67.9,0.464,16.6,21.9,0.755,12.6,33.5,46.2,22.8,7.6,5.0,14.2,23.9,104.9,NBA,1.7,-0.32,1.37,104.9,103.1,1.8,91.7,0.239,0.259,0.518,0.482,12.3,26.2,0.181,0.486,14.6,76.4,0.266,2008-2015,1,Modern Offense,Milwaukee Bucks,Milwaukee Bucks_2010
2010,Minnesota Timberwolves,82,19780,39.2,87.4,0.449,5.1,14.9,0.341,34.1,72.5,0.471,18.1,24.3,0.746,12.1,32.3,44.4,20.5,7.5,3.9,16.8,21.5,101.7,NBA,-9.6,0.54,-9.06,101.7,111.6,-9.9,96.1,0.278,0.171,0.518,0.478,14.6,26.7,0.207,0.525,13.0,73.6,0.22,2008-2015,3,Fast & Flawed D,Minnesota Timberwolves,Minnesota Timberwolves_2010
2010,New Jersey Nets,82,19780,37.4,87.0,0.429,5.0,15.7,0.318,32.4,71.3,0.454,20.9,26.8,0.78,11.9,31.3,43.2,20.5,7.6,5.2,15.7,21.8,100.6,NBA,-9.12,0.19,-8.93,100.6,110.5,-9.9,91.4,0.307,0.181,0.509,0.458,13.7,25.1,0.24,0.517,13.3,71.8,0.229,2008-2015,3,Fast & Flawed D,New Jersey Nets,New Jersey Nets_2010
2010,New Orleans Hornets,82,19830,41.5,89.4,0.464,7.5,20.5,0.363,34.1,68.9,0.495,16.9,21.7,0.778,11.1,32.0,43.1,23.9,8.2,3.9,14.4,21.0,107.4,NBA,-2.46,0.19,-2.27,107.4,110.1,-2.7,92.6,0.243,0.23,0.543,0.506,12.7,24.8,0.189,0.523,13.5,73.8,0.205,2008-2015,1,Modern Offense,New Orleans Hornets,New Orleans Hornets_2010
2010,New York Knicks,82,19880,40.2,88.3,0.455,9.5,27.6,0.346,30.6,60.8,0.504,17.7,22.6,0.782,10.7,31.8,42.6,22.8,7.5,3.9,14.7,21.0,107.6,NBA,-3.82,-0.19,-4.01,107.6,111.6,-4.0,94.0,0.256,0.312,0.547,0.509,13.0,23.5,0.2,0.526,13.3,72.1,0.207,2008-2015,1,Modern Offense,New York Knicks,New York Knicks_2010
2010,Oklahoma City Thunder,82,19805,39.9,86.3,0.462,5.4,16.0,0.34,34.4,70.3,0.49,23.1,28.8,0.805,12.5,33.9,46.4,21.3,8.5,6.3,16.0,22.7,108.3,NBA,3.49,0.06,3.55,108.3,104.6,3.7,93.1,0.333,0.185,0.547,0.494,13.9,28.6,0.268,0.483,14.0,73.6,0.229,2008-2015,2,Iso Scorers,Oklahoma City Thunder,Oklahoma City Thunder_2010
2010,Orlando Magic,82,19730,39.7,84.5,0.47,11.1,29.6,0.375,28.6,54.9,0.521,20.8,28.8,0.724,10.7,36.2,46.9,21.3,6.8,6.0,15.3,21.5,111.4,NBA,7.49,-0.37,7.12,111.4,103.3,8.1,92.0,0.34,0.35,0.573,0.536,13.6,24.6,0.246,0.477,12.2,77.4,0.205,2008-2015,4,Contender,Orlando Magic,Orlando Magic_2010
2010,Philadelphia 76ers,82,19805,40.9,88.7,0.46,6.3,18.3,0.343,34.6,70.5,0.491,18.1,23.9,0.756,12.5,32.0,44.5,22.8,8.8,5.8,15.8,22.2,106.1,NBA,-3.9,-0.03,-3.93,106.1,110.3,-4.2,91.6,0.27,0.206,0.534,0.496,13.7,27.6,0.204,0.518,13.8,73.2,0.231,2008-2015,2,Iso Scorers,Philadelphia 76ers,Philadelphia 76ers_2010
2010,Phoenix Suns,82,19730,42.6,86.6,0.492,9.3,22.6,0.412,33.3,64.0,0.52,20.8,27.0,0.77,11.6,33.4,45.0,24.4,6.1,5.3,15.4,21.9,115.3,NBA,4.9,-0.23,4.67,115.3,110.2,5.1,95.3,0.312,0.261,0.585,0.546,13.6,27.6,0.24,0.491,11.6,70.8,0.224,2008-2015,4,Contender,Phoenix Suns,Phoenix Suns_2010
2010,Portland Trail Blazers,82,19855,41.0,88.9,0.461,6.8,19.1,0.354,34.2,69.8,0.49,22.1,28.0,0.79,12.6,32.8,45.4,23.1,7.2,4.8,13.9,23.6,110.8,NBA,3.3,-0.13,3.18,110.8,107.1,3.7,87.7,0.315,0.215,0.547,0.499,12.1,28.2,0.249,0.502,13.3,74.8,0.219,2008-2015,2,Iso Scorers,Portland Trail Blazers,Portland Trail Blazers_2010
2010,Sacramento Kings,82,19880,40.4,88.6,0.456,6.2,17.8,0.349,34.2,70.8,0.483,18.4,25.3,0.726,12.5,32.3,44.9,21.6,7.2,4.7,15.7,23.5,105.3,NBA,-4.37,0.3,-4.06,105.3,109.9,-4.6,94.0,0.286,0.201,0.528,0.491,13.6,27.8,0.207,0.505,12.6,73.5,0.244,2008-2015,3,Fast & Flawed D,Sacramento Kings,Sacramento Kings_2010
2010,San Antonio Spurs,82,19780,41.7,88.1,0.473,7.3,20.5,0.358,34.4,67.7,0.508,19.3,26.1,0.74,11.7,34.7,46.4,24.2,6.8,5.0,14.8,22.1,110.0,NBA,5.09,-0.02,5.07,110.0,104.5,5.5,91.7,0.296,0.232,0.552,0.515,12.9,26.8,0.219,0.483,12.1,76.3,0.214,2008-2015,4,Contender,San Antonio Spurs,San Antonio Spurs_2010
2010,Toronto Raptors,82,19780,41.7,86.5,0.482,6.8,18.2,0.371,35.0,68.2,0.512,21.1,27.6,0.764,10.5,32.7,43.2,23.5,6.1,5.0,14.3,23.7,111.3,NBA,-1.78,-0.05,-1.83,111.3,113.2,-1.9,93.1,0.319,0.211,0.564,0.521,12.7,24.7,0.244,0.513,11.8,72.9,0.247,2008-2015,2,Iso Scorers,Toronto Raptors,Toronto Raptors_2010
2010,Utah Jazz,82,19755,41.8,85.1,0.491,5.7,15.6,0.364,36.1,69.5,0.519,21.4,28.9,0.741,11.3,33.5,44.8,28.3,8.7,5.2,16.1,24.1,110.7,NBA,5.34,-0.01,5.33,110.7,105.0,5.7,93.8,0.34,0.184,0.565,0.524,14.2,26.8,0.252,0.492,14.2,75.6,0.269,2008-2015,4,Contender,Utah Jazz,Utah Jazz_2010
2010,Washington Wizards,82,19830,39.7,88.5,0.449,5.7,16.2,0.353,34.0,72.3,0.471,19.1,25.0,0.762,12.8,32.5,45.2,20.6,6.5,5.6,16.1,23.1,104.2,NBA,-4.78,0.06,-4.72,104.2,109.4,-5.2,91.6,0.283,0.183,0.524,0.481,13.9,27.6,0.216,0.502,12.8,72.4,0.239,2008-2015,3,Fast & Flawed D,Washington Wizards,Washington Wizards_2010
2009,Atlanta Hawks,82,19705,40.2,87.7,0.458,8.1,22.2,0.366,32.1,65.5,0.49,20.9,28.3,0.737,11.8,32.8,44.6,22.5,8.2,5.1,14.2,21.9,109.3,NBA,1.57,0.13,1.7,109.3,107.6,1.7,89.6,0.323,0.253,0.546,0.504,12.5,26.0,0.238,0.494,13.2,71.6,0.21,2008-2015,2,Iso Scorers,Atlanta Hawks,Atlanta Hawks_2009
2009,Boston Celtics,82,19880,41.1,84.6,0.486,7.2,18.1,0.397,33.9,66.5,0.51,21.2,27.7,0.765,11.6,34.5,46.1,24.9,8.3,5.2,17.1,25.3,110.5,NBA,7.51,-0.07,7.44,110.5,102.3,8.2,90.4,0.328,0.214,0.571,0.528,15.0,27.9,0.251,0.47,14.0,75.6,0.253,2008-2015,4,Contender,Boston Celtics,Boston Celtics_2009
2009,Charlotte Bobcats,82,19930,39.1,85.9,0.455,6.7,18.3,0.366,32.4,67.6,0.479,19.8,26.8,0.74,12.1,32.3,44.3,23.7,7.9,5.4,17.4,23.9,104.7,NBA,-1.27,0.07,-1.2,104.7,106.1,-1.4,88.3,0.312,0.213,0.536,0.494,15.1,27.7,0.231,0.498,14.4,73.0,0.229,2008-2015,0,Balanced,Charlotte Bobcats,Charlotte Bobcats_2009
2009,Chicago Bulls,82,19930,40.4,88.6,0.457,6.4,16.7,0.381,34.1,71.9,0.474,21.1,26.6,0.796,12.6,32.1,44.7,22.4,8.0,5.9,15.4,22.1,108.4,NBA,-0.28,0.12,-0.16,108.4,108.7,-0.3,93.1,0.3,0.189,0.541,0.493,13.3,28.0,0.239,0.493,13.1,70.9,0.238,2008-2015,2,Iso Scorers,Chicago Bulls,Chicago Bulls_2009
2009,Cleveland Cavaliers,82,19780,41.3,88.3,0.468,9.0,22.8,0.393,32.4,65.4,0.495,20.8,27.5,0.757,12.1,35.2,47.3,22.7,8.1,5.9,14.3,22.7,112.4,NBA,8.93,-0.25,8.68,112.4,102.4,10.0,88.7,0.312,0.259,0.56,0.519,12.5,27.7,0.236,0.468,13.5,74.6,0.226,2008-2015,4,Contender,Cleveland Cavaliers,Cleveland Cavaliers_2009
2009,Dallas Mavericks,82,19805,41.4,89.7,0.462,7.6,21.6,0.35,33.9,68.1,0.498,20.1,24.5,0.819,12.0,34.4,46.4,23.6,7.8,5.7,13.8,21.2,110.5,NBA,1.98,-0.3,1.68,110.5,108.4,2.1,91.5,0.274,0.241,0.55,0.504,12.1,26.6,0.224,0.493,12.3,74.6,0.225,2008-2015,1,Modern Offense,Dallas Mavericks,Dallas Mavericks_2009
2009,Denver Nuggets,82,19730,39.5,84.0,0.47,7.1,19.1,0.371,32.4,64.9,0.499,24.4,32.1,0.76,11.7,32.4,44.0,23.5,9.2,6.3,16.2,24.2,110.4,NBA,3.41,-0.29,3.13,110.4,106.8,3.6,94.3,0.382,0.227,0.563,0.512,14.2,27.5,0.29,0.485,14.1,71.7,0.259,2008-2015,4,Contender,Denver Nuggets,Denver Nuggets_2009
2009,Detroit Pistons,82,19905,41.4,91.2,0.454,5.2,15.0,0.349,36.2,76.2,0.475,19.3,25.7,0.751,13.2,34.0,47.2,23.5,6.9,5.2,13.5,23.8,107.4,NBA,-0.49,0.13,-0.36,107.4,108.0,-0.6,86.7,0.282,0.165,0.524,0.483,11.7,27.9,0.212,0.485,11.7,74.0,0.248,2008-2015,2,Iso Scorers,Detroit Pistons,Detroit Pistons_2009
2009,Golden State Warriors,82,19880,39.7,86.8,0.458,6.8,18.1,0.373,33.0,68.6,0.48,23.3,29.4,0.791,11.7,30.6,42.4,21.0,7.8,6.5,14.8,22.7,109.5,NBA,-3.74,-0.06,-3.8,109.5,113.3,-3.8,98.2,0.339,0.209,0.549,0.497,12.9,26.1,0.268,0.508,12.9,68.1,0.251,2008-2015,2,Iso Scorers,Golden State Warriors,Golden State Warriors_2009
2009,Houston Rockets,82,19805,39.8,87.7,0.453,8.3,22.2,0.375,31.4,65.4,0.48,20.6,25.6,0.805,11.6,35.8,47.3,22.3,7.4,4.8,15.6,20.9,108.4,NBA,4.0,-0.27,3.73,108.4,104.0,4.4,90.2,0.292,0.254,0.548,0.501,13.6,26.4,0.235,0.479,11.9,75.3,0.192,2008-2015,1,Modern Offense,Houston Rockets,Houston Rockets_2009
2009,Indiana Pacers,82,19830,40.4,88.8,0.455,8.2,21.6,0.378,32.2,67.2,0.48,19.1,23.7,0.807,11.6,33.4,45.0,22.3,7.2,5.4,14.9,23.8,108.1,NBA,-1.11,0.35,-0.76,108.1,109.2,-1.1,96.5,0.267,0.244,0.545,0.501,13.1,25.4,0.215,0.499,12.7,74.5,0.271,2008-2015,2,Iso Scorers,Indiana Pacers,Indiana Pacers_2009
2009,Los Angeles Clippers,82,19880,38.7,87.8,0.441,7.0,19.8,0.354,31.7,68.0,0.467,17.8,24.1,0.736,11.7,31.2,42.8,22.6,7.5,6.3,16.0,21.6,102.3,NBA,-8.77,0.3,-8.47,102.3,111.7,-9.4,92.1,0.275,0.226,0.52,0.481,14.0,25.1,0.202,0.512,12.4,71.2,0.227,2008-2015,3,Fast & Flawed D,Los Angeles Clippers,Los Angeles Clippers_2009
2009,Los Angeles Lakers,82,19780,42.6,89.8,0.474,7.0,19.5,0.361,35.5,70.3,0.505,20.7,26.9,0.77,13.1,33.3,46.3,24.5,9.2,5.4,14.2,21.8,112.8,NBA,7.66,-0.55,7.11,112.8,104.7,8.1,94.3,0.299,0.217,0.555,0.513,12.3,29.4,0.23,0.49,14.2,73.0,0.213,2008-2015,4,Contender,Los Angeles Lakers,Los Angeles Lakers_2009
2009,Memphis Grizzlies,82,19805,38.5,84.8,0.454,5.4,14.9,0.36,33.2,70.0,0.474,21.1,27.9,0.756,11.4,31.4,42.8,19.1,8.3,5.2,16.8,23.9,103.5,NBA,-5.46,0.24,-5.23,103.5,109.5,-6.0,90.1,0.329,0.175,0.533,0.486,14.8,25.8,0.249,0.515,14.1,73.5,0.247,2008-2015,2,Iso Scorers,Memphis Grizzlies,Memphis Grizzlies_2009
2009,Miami Heat,82,19955,40.6,88.9,0.457,7.8,21.8,0.357,32.8,67.1,0.489,18.9,25.0,0.754,11.1,32.3,43.3,22.4,8.7,6.0,13.7,22.7,107.8,NBA,0.26,0.23,0.49,107.8,107.6,0.2,89.9,0.282,0.245,0.54,0.5,12.1,24.6,0.212,0.501,14.5,72.9,0.251,2008-2015,1,Modern Offense,Miami Heat,Miami Heat_2009
2009,Milwaukee Bucks,82,19780,39.4,88.5,0.445,6.7,18.5,0.363,32.7,70.1,0.467,21.1,27.1,0.78,12.8,31.0,43.8,23.6,8.0,4.0,15.1,26.0,106.7,NBA,-1.09,0.21,-0.88,106.7,107.9,-1.2,92.6,0.306,0.208,0.531,0.483,13.1,27.8,0.239,0.503,15.6,74.0,0.315,2008-2015,2,Iso Scorers,Milwaukee Bucks,Milwaukee Bucks_2009
2009,Minnesota Timberwolves,82,19805,39.5,89.5,0.441,7.2,20.4,0.353,32.3,69.2,0.467,19.9,25.9,0.769,12.9,32.3,45.2,22.1,6.8,4.3,15.4,23.6,106.1,NBA,-4.91,0.18,-4.74,106.1,111.4,-5.3,91.6,0.289,0.227,0.526,0.481,13.3,27.7,0.222,0.515,12.0,75.0,0.254,2008-2015,3,Fast & Flawed D,Minnesota Timberwolves,Minnesota Timberwolves_2009
2009,New Jersey Nets,82,19830,39.4,88.0,0.448,8.8,23.4,0.376,30.6,64.6,0.473,20.8,26.7,0.779,11.4,32.5,44.0,22.0,7.5,5.3,14.5,24.7,108.3,NBA,-2.44,0.13,-2.31,108.3,111.0,-2.7,89.9,0.303,0.265,0.543,0.497,12.7,25.2,0.236,0.509,13.0,73.5,0.272,2008-2015,2,Iso Scorers,New Jersey Nets,New Jersey Nets_2009
2009,New Orleans Hornets,82,19755,40.3,88.1,0.457,7.7,21.1,0.364,32.6,67.0,0.487,20.5,25.4,0.807,11.1,33.9,45.0,22.3,8.2,4.7,14.2,23.0,108.7,NBA,1.55,-0.14,1.41,108.7,107.0,1.7,87.8,0.288,0.24,0.548,0.501,12.5,24.6,0.232,0.496,13.2,74.9,0.23,2008-2015,1,Modern Offense,New Orleans Hornets,New Orleans Hornets_2009
2009,New York Knicks,82,19805,39.6,88.9,0.445,10.3,28.6,0.36,29.3,60.2,0.486,18.7,23.8,0.784,11.4,31.9,43.3,21.8,7.6,2.6,14.7,21.0,108.1,NBA,-2.61,0.28,-2.33,108.1,110.8,-2.7,96.7,0.268,0.322,0.544,0.503,12.9,24.4,0.21,0.52,13.0,72.7,0.215,2008-2015,1,Modern Offense,New York Knicks,New York Knicks_2009
2009,Oklahoma City Thunder,82,19805,38.8,86.9,0.447,4.2,12.3,0.346,34.6,74.7,0.463,21.0,26.8,0.786,12.9,32.3,45.3,21.5,7.9,4.8,17.2,21.4,102.9,NBA,-6.1,0.06,-6.04,102.9,109.4,-6.5,93.6,0.308,0.141,0.521,0.471,14.8,28.6,0.242,0.514,13.0,73.9,0.216,2008-2015,3,Fast & Flawed D,Oklahoma City Thunder,Oklahoma City Thunder_2009
2009,Orlando Magic,82,19730,38.6,84.5,0.457,10.8,28.3,0.381,27.8,56.2,0.495,21.2,29.7,0.715,10.8,35.9,46.7,21.0,7.5,5.8,15.0,21.9,109.2,NBA,6.7,-0.21,6.48,109.2,101.9,7.3,92.3,0.351,0.335,0.559,0.52,13.4,24.0,0.251,0.465,12.3,75.9,0.209,2008-2015,4,Contender,Orlando Magic,Orlando Magic_2009
2009,Philadelphia 76ers,82,19755,40.5,88.2,0.459,4.6,14.5,0.318,35.9,73.7,0.486,22.3,29.9,0.745,14.0,31.5,45.6,22.2,8.9,5.6,15.6,22.3,107.9,NBA,0.07,0.09,0.16,107.9,107.8,0.1,90.0,0.339,0.164,0.532,0.485,13.4,31.3,0.253,0.507,14.9,71.4,0.216,2008-2015,2,Iso Scorers,Philadelphia 76ers,Philadelphia 76ers_2009
2009,Phoenix Suns,82,19755,42.7,84.7,0.504,7.0,18.3,0.383,35.7,66.5,0.537,21.2,28.5,0.744,11.4,31.9,43.3,24.1,7.5,5.3,16.3,21.4,113.6,NBA,1.93,-0.31,1.62,113.6,111.6,2.0,96.0,0.336,0.216,0.584,0.545,14.4,27.7,0.25,0.511,12.8,71.7,0.233,2008-2015,4,Contender,Phoenix Suns,Phoenix Suns_2009
2009,Portland Trail Blazers,82,19830,42.2,90.7,0.465,8.3,21.7,0.383,33.8,69.0,0.49,21.2,27.8,0.765,14.8,33.0,47.8,23.3,7.7,5.6,14.7,23.3,113.9,NBA,5.34,-0.35,5.0,113.9,107.8,6.1,86.6,0.306,0.239,0.553,0.511,12.5,32.6,0.234,0.499,13.2,75.0,0.227,2008-2015,4,Contender,Portland Trail Blazers,Portland Trail Blazers_2009
2009,Sacramento Kings,82,19905,38.3,85.5,0.447,7.5,20.4,0.368,30.8,65.1,0.472,21.5,27.0,0.798,10.7,30.3,41.0,20.7,7.3,4.5,16.2,24.4,105.5,NBA,-8.76,0.16,-8.6,105.5,114.7,-9.2,94.2,0.315,0.238,0.542,0.491,14.3,24.5,0.252,0.526,13.0,69.9,0.269,2008-2015,2,Iso Scorers,Sacramento Kings,Sacramento Kings_2009
2009,San Antonio Spurs,82,19905,41.5,89.1,0.466,8.5,22.1,0.386,33.0,67.0,0.492,17.0,22.4,0.761,9.9,36.0,45.9,23.7,6.5,4.5,13.1,21.1,108.5,NBA,3.76,-0.4,3.36,108.5,104.3,4.2,88.4,0.251,0.248,0.548,0.513,11.7,22.1,0.191,0.487,11.7,78.0,0.191,2008-2015,1,Modern Offense,San Antonio Spurs,San Antonio Spurs_2009
2009,Toronto Raptors,82,19805,40.2,87.9,0.458,6.3,17.0,0.372,33.9,70.9,0.478,20.2,24.5,0.824,10.6,33.1,43.7,24.2,6.9,5.1,14.5,21.0,107.0,NBA,-2.82,0.28,-2.54,107.0,110.0,-3.0,92.0,0.279,0.193,0.542,0.494,12.8,24.0,0.23,0.511,12.6,73.7,0.202,2008-2015,2,Iso Scorers,Toronto Raptors,Toronto Raptors_2009
2009,Utah Jazz,82,19880,40.7,85.8,0.475,5.1,14.5,0.349,35.7,71.3,0.5,23.5,30.5,0.771,12.2,31.4,43.6,26.2,9.3,4.8,15.7,23.7,110.1,NBA,2.65,-0.34,2.31,110.1,107.3,2.8,93.1,0.355,0.169,0.554,0.504,13.6,28.2,0.274,0.505,15.0,72.7,0.262,2008-2015,2,Iso Scorers,Utah Jazz,Utah Jazz_2009
2009,Washington Wizards,82,19705,40.1,89.1,0.45,5.3,16.0,0.33,34.8,73.0,0.476,20.0,26.1,0.767,12.8,31.2,44.0,22.0,8.3,4.9,15.3,22.5,105.4,NBA,-7.46,0.48,-6.98,105.4,113.6,-8.2,91.0,0.293,0.18,0.524,0.48,13.2,27.7,0.224,0.533,13.3,71.4,0.227,2008-2015,3,Fast & Flawed D,Washington Wizards,Washington Wizards_2009
2008,Atlanta Hawks,82,19855,39.5,87.0,0.454,5.1,14.3,0.356,34.4,72.7,0.473,22.8,29.6,0.772,13.4,32.6,46.0,23.9,8.0,5.9,16.2,22.2,106.9,NBA,-1.82,-0.41,-2.23,106.9,108.9,-2.0,91.1,0.34,0.165,0.535,0.483,14.0,29.7,0.263,0.501,12.9,71.7,0.217,2008-2015,2,Iso Scorers,Atlanta Hawks,Atlanta Hawks_2008
2008,Boston Celtics,82,19755,39.9,84.0,0.475,8.0,20.9,0.381,31.9,63.1,0.506,22.4,29.1,0.771,11.1,34.9,46.0,24.5,9.3,5.1,16.6,24.9,110.2,NBA,10.26,-0.95,9.3,110.2,98.9,11.3,90.9,0.346,0.249,0.569,0.522,14.7,26.6,0.267,0.457,15.2,74.4,0.253,2008-2015,4,Contender,Boston Celtics,Boston Celtics_2008
2008,Charlotte Bobcats,82,19880,38.9,86.2,0.452,7.0,19.0,0.367,32.0,67.2,0.476,19.9,27.8,0.714,11.7,32.1,43.8,23.0,8.1,5.3,15.8,23.4,104.6,NBA,-4.38,-0.11,-4.49,104.6,109.4,-4.8,91.8,0.323,0.22,0.532,0.492,13.9,25.6,0.23,0.505,13.4,71.0,0.235,2008-2015,2,Iso Scorers,Charlotte Bobcats,Charlotte Bobcats_2008
2008,Chicago Bulls,82,19805,38.9,89.4,0.435,6.2,17.0,0.363,32.7,72.4,0.452,20.0,26.4,0.756,13.7,32.3,45.9,23.6,8.3,5.6,15.6,23.2,103.9,NBA,-3.09,-0.11,-3.19,103.9,107.2,-3.3,93.0,0.296,0.19,0.515,0.47,13.4,28.9,0.223,0.496,14.2,73.1,0.258,2008-2015,2,Iso Scorers,Chicago Bulls,Chicago Bulls_2008
2008,Cleveland Cavaliers,82,19855,39.4,89.8,0.439,7.4,20.7,0.358,32.0,69.1,0.463,19.8,27.6,0.717,14.6,34.4,49.0,22.0,7.8,5.7,15.4,23.0,106.0,NBA,-0.35,-0.17,-0.53,106.0,106.4,-0.4,90.2,0.308,0.231,0.52,0.48,13.1,30.4,0.221,0.494,12.9,75.9,0.24,2008-2015,2,Iso Scorers,Cleveland Cavaliers,Cleveland Cavaliers_2008
2008,Dallas Mavericks,82,19730,40.8,87.9,0.464,6.7,18.9,0.352,34.1,69.0,0.495,22.8,28.0,0.814,11.9,35.7,47.6,23.2,6.6,5.4,14.0,24.1,111.1,NBA,4.54,0.16,4.7,111.1,106.1,5.0,90.2,0.318,0.215,0.554,0.502,12.3,26.7,0.259,0.474,11.7,75.0,0.252,2008-2015,2,Iso Scorers,Dallas Mavericks,Dallas Mavericks_2008
2008,Denver Nuggets,82,19855,40.1,85.3,0.47,6.9,19.4,0.355,33.2,65.8,0.504,22.9,30.5,0.751,11.1,32.7,43.8,24.5,9.1,6.7,14.6,21.0,110.0,NBA,3.71,0.03,3.74,110.0,106.3,3.7,99.7,0.358,0.228,0.557,0.51,12.9,25.5,0.269,0.499,14.1,72.1,0.203,2008-2015,4,Contender,Denver Nuggets,Denver Nuggets_2008
2008,Detroit Pistons,82,19730,41.8,91.3,0.458,6.8,18.5,0.366,35.0,72.7,0.481,21.0,27.4,0.767,13.6,33.8,47.3,25.5,8.1,6.6,13.3,23.5,111.4,NBA,7.39,-0.72,6.67,111.4,102.9,8.5,87.3,0.3,0.203,0.539,0.495,11.4,29.4,0.23,0.47,13.4,73.7,0.244,2008-2015,1,Modern Offense,Detroit Pistons,Detroit Pistons_2008
2008,Golden State Warriors,82,19780,41.8,90.9,0.459,9.3,26.8,0.348,32.4,64.1,0.506,18.9,25.1,0.752,12.8,30.6,43.5,22.5,9.1,4.6,13.3,23.0,111.8,NBA,2.21,0.17,2.38,111.8,109.5,2.3,98.8,0.276,0.295,0.548,0.511,11.5,27.2,0.208,0.509,14.7,70.3,0.258,2008-2015,1,Modern Offense,Golden State Warriors,Golden State Warriors_2008
2008,Houston Rockets,82,19730,40.4,90.2,0.448,7.8,23.0,0.342,32.6,67.2,0.485,18.1,24.9,0.726,13.5,35.8,49.3,23.7,8.1,5.7,15.1,21.7,106.8,NBA,4.68,0.15,4.83,106.8,101.6,5.2,90.4,0.276,0.255,0.528,0.492,13.0,29.1,0.2,0.465,12.8,74.8,0.214,2008-2015,1,Modern Offense,Houston Rockets,Houston Rockets_2008
2008,Indiana Pacers,82,19755,38.6,87.0,0.444,9.4,25.1,0.374,29.2,61.8,0.472,19.5,25.4,0.768,11.2,32.7,44.0,23.2,7.7,5.1,15.4,23.9,106.0,NBA,-1.4,-0.46,-1.87,106.0,107.5,-1.5,97.7,0.292,0.289,0.54,0.498,13.5,24.4,0.224,0.498,14.1,73.9,0.271,2008-2015,2,Iso Scorers,Indiana Pacers,Indiana Pacers_2008
2008,Los Angeles Clippers,82,19805,37.1,84.8,0.438,4.6,14.2,0.324,32.5,70.6,0.46,22.4,28.7,0.781,10.5,32.8,43.3,22.8,7.3,5.2,15.5,23.0,101.2,NBA,-7.27,0.71,-6.56,101.2,109.1,-7.9,92.1,0.338,0.167,0.519,0.465,13.7,23.1,0.264,0.503,12.8,73.1,0.236,2008-2015,3,Fast & Flawed D,Los Angeles Clippers,Los Angeles Clippers_2008
2008,Los Angeles Lakers,82,19780,41.2,86.5,0.476,8.4,22.2,0.378,32.8,64.3,0.51,22.2,28.8,0.769,11.4,34.6,45.9,25.4,8.3,5.6,14.7,21.5,113.0,NBA,7.26,0.09,7.34,113.0,105.5,7.5,95.6,0.333,0.257,0.57,0.525,12.9,26.3,0.256,0.485,12.9,73.4,0.214,2008-2015,4,Contender,Los Angeles Lakers,Los Angeles Lakers_2008
2008,Memphis Grizzlies,82,19805,38.9,85.7,0.454,7.9,22.6,0.349,31.0,63.0,0.492,19.3,26.7,0.723,10.8,32.6,43.4,20.0,6.4,4.9,15.9,20.2,105.0,NBA,-6.21,0.45,-5.76,105.0,111.4,-6.4,95.3,0.311,0.264,0.539,0.5,14.0,23.8,0.225,0.521,12.2,73.4,0.196,2008-2015,3,Fast & Flawed D,Memphis Grizzlies,Memphis Grizzlies_2008
2008,Miami Heat,82,19830,37.7,85.0,0.443,6.6,18.4,0.358,31.1,66.6,0.467,18.6,25.5,0.727,10.0,31.4,41.4,22.0,7.9,4.8,16.1,22.4,100.5,NBA,-8.65,0.11,-8.53,100.5,110.0,-9.5,90.2,0.3,0.217,0.522,0.482,14.4,22.1,0.218,0.51,13.6,71.9,0.245,2008-2015,3,Fast & Flawed D,Miami Heat,Miami Heat_2008
2008,Milwaukee Bucks,82,19855,40.0,89.3,0.449,6.0,17.4,0.344,34.1,71.9,0.474,19.2,26.2,0.733,14.0,31.3,45.2,23.3,7.2,4.8,16.0,23.1,105.3,NBA,-6.89,-0.03,-6.92,105.3,112.8,-7.5,91.3,0.294,0.195,0.522,0.482,13.7,30.0,0.215,0.524,13.0,73.0,0.25,2008-2015,3,Fast & Flawed D,Milwaukee Bucks,Milwaukee Bucks_2008
2008,Minnesota Timberwolves,82,19730,40.7,90.3,0.451,5.8,16.7,0.35,34.9,73.6,0.474,16.5,22.4,0.736,12.8,32.1,44.9,21.6,8.2,4.1,15.7,25.0,103.8,NBA,-6.78,0.52,-6.26,103.8,111.2,-7.4,91.9,0.248,0.185,0.518,0.484,13.6,27.5,0.183,0.513,12.9,73.6,0.269,2008-2015,3,Fast & Flawed D,Minnesota Timberwolves,Minnesota Timberwolves_2008
2008,New Jersey Nets,82,19830,37.8,85.3,0.443,6.6,18.9,0.348,31.2,66.4,0.47,21.8,29.6,0.736,12.1,33.3,45.4,25.5,6.9,5.2,16.3,24.5,104.0,NBA,-5.06,-0.09,-5.15,104.0,109.4,-5.4,91.5,0.347,0.222,0.528,0.481,14.2,26.6,0.255,0.497,12.7,73.8,0.271,2008-2015,2,Iso Scorers,New Jersey Nets,New Jersey Nets_2008
2008,New Orleans Hornets,82,19805,42.7,91.6,0.466,8.5,21.9,0.389,34.2,69.8,0.49,17.7,23.0,0.769,12.6,33.6,46.3,24.1,8.6,4.3,13.1,20.6,111.5,NBA,5.28,0.18,5.46,111.5,105.7,5.8,89.9,0.251,0.239,0.548,0.512,11.4,27.0,0.193,0.501,13.5,75.4,0.184,2008-2015,1,Modern Offense,New Orleans Hornets,New Orleans Hornets_2008
2008,New York Knicks,82,19880,39.1,89.0,0.439,6.5,19.2,0.337,32.6,69.9,0.467,20.1,27.6,0.727,13.6,32.4,45.9,20.2,6.9,2.8,15.6,23.2,104.7,NBA,-6.61,0.06,-6.55,104.7,111.9,-7.2,91.6,0.31,0.215,0.518,0.475,13.4,28.6,0.226,0.518,12.1,72.7,0.229,2008-2015,3,Fast & Flawed D,New York Knicks,New York Knicks_2008
2008,Orlando Magic,82,19780,39.7,83.8,0.474,10.4,27.0,0.386,29.3,56.8,0.516,21.4,29.7,0.721,10.0,34.8,44.8,22.2,6.8,4.3,15.2,21.9,111.3,NBA,5.46,-0.68,4.79,111.3,105.5,5.8,93.4,0.355,0.322,0.575,0.537,13.6,23.4,0.256,0.484,12.3,74.8,0.217,2008-2015,4,Contender,Orlando Magic,Orlando Magic_2008
2008,Philadelphia 76ers,82,19755,41.1,89.3,0.46,4.1,12.8,0.317,37.0,76.5,0.483,20.3,28.7,0.706,14.3,31.8,46.2,22.5,9.6,5.4,15.7,21.8,106.4,NBA,0.41,-0.23,0.19,106.4,106.0,0.4,90.4,0.321,0.143,0.522,0.482,13.4,31.8,0.227,0.504,15.1,72.0,0.205,2008-2015,0,Balanced,Philadelphia 76ers,Philadelphia 76ers_2008
2008,Phoenix Suns,82,19780,42.6,85.1,0.5,8.7,22.1,0.393,33.9,63.0,0.538,19.4,24.8,0.783,9.0,33.7,42.7,27.5,6.7,6.5,14.9,20.5,113.3,NBA,5.05,0.09,5.14,113.3,108.1,5.2,96.7,0.292,0.26,0.59,0.551,13.4,22.4,0.228,0.488,11.8,70.9,0.191,2008-2015,4,Contender,Phoenix Suns,Phoenix Suns_2008
2008,Portland Trail Blazers,82,19905,40.3,89.8,0.448,7.4,19.6,0.377,32.9,70.2,0.468,19.4,25.3,0.767,12.4,33.4,45.8,23.8,6.2,4.9,14.5,22.5,107.3,NBA,-0.98,0.45,-0.52,107.3,108.4,-1.1,87.9,0.281,0.218,0.532,0.489,12.6,26.8,0.216,0.491,12.1,71.8,0.212,2008-2015,1,Modern Offense,Portland Trail Blazers,Portland Trail Blazers_2008
2008,Sacramento Kings,82,19830,38.9,83.8,0.464,6.5,17.5,0.373,32.4,66.4,0.488,23.2,29.0,0.798,10.6,31.4,42.0,20.0,8.3,4.3,16.8,23.5,107.5,NBA,-2.26,0.4,-1.86,107.5,109.9,-2.4,94.7,0.346,0.208,0.556,0.503,14.8,25.2,0.276,0.51,13.9,71.7,0.256,2008-2015,2,Iso Scorers,Sacramento Kings,Sacramento Kings_2008
2008,San Antonio Spurs,82,19730,40.3,88.0,0.457,8.1,22.1,0.369,32.1,66.0,0.487,18.5,24.3,0.761,10.6,35.8,46.4,23.5,7.1,4.6,14.2,21.1,107.2,NBA,4.79,0.31,5.1,107.2,101.8,5.4,88.8,0.276,0.251,0.543,0.504,12.6,23.4,0.21,0.477,12.8,77.1,0.201,2008-2015,1,Modern Offense,San Antonio Spurs,San Antonio Spurs_2008
2008,Seattle SuperSonics,82,19830,39.3,88.3,0.444,3.9,11.8,0.333,35.3,76.5,0.462,18.0,23.4,0.77,12.2,33.8,46.0,22.0,6.7,5.0,16.5,21.1,100.5,NBA,-8.76,0.72,-8.04,100.5,109.5,-9.0,96.3,0.265,0.134,0.509,0.467,14.3,26.8,0.204,0.503,11.9,73.7,0.215,2008-2015,3,Fast & Flawed D,Seattle SuperSonics,Seattle SuperSonics_2008
2008,Toronto Raptors,82,19830,42.2,90.2,0.468,7.7,19.6,0.392,34.6,70.6,0.489,18.1,22.2,0.812,10.6,33.5,44.1,26.2,7.6,4.5,12.9,21.4,110.2,NBA,2.9,-0.44,2.47,110.2,107.0,3.2,90.2,0.247,0.217,0.551,0.511,11.4,23.4,0.2,0.505,13.5,75.0,0.205,2008-2015,1,Modern Offense,Toronto Raptors,Toronto Raptors_2008
2008,Utah Jazz,82,19705,42.9,86.1,0.497,5.3,14.3,0.372,37.5,71.8,0.522,22.8,30.0,0.759,12.3,31.5,43.8,28.3,9.4,4.6,15.7,25.7,113.8,NBA,6.88,-0.01,6.86,113.8,106.5,7.3,93.2,0.349,0.166,0.573,0.528,13.6,29.5,0.265,0.501,15.0,74.1,0.294,2008-2015,4,Contender,Utah Jazz,Utah Jazz_2008
2008,Washington Wizards,82,19905,40.2,90.2,0.446,7.8,21.8,0.356,32.5,68.5,0.475,21.0,26.8,0.782,13.6,32.4,46.0,21.7,8.5,5.3,14.6,21.6,109.2,NBA,-0.33,-0.28,-0.61,109.2,109.6,-0.4,89.5,0.297,0.241,0.535,0.489,12.5,28.9,0.233,0.513,13.5,72.8,0.217,2008-2015,2,Iso Scorers,Washington Wizards,Washington Wizards_2008
2007,Atlanta Hawks,82,19880,38.0,85.5,0.444,4.6,13.9,0.329,33.4,71.6,0.467,22.5,29.6,0.761,13.1,31.0,44.1,21.1,8.2,6.0,17.5,26.4,103.0,NBA,-4.76,-0.1,-4.86,103.0,108.3,-5.3,90.0,0.346,0.163,0.523,0.471,15.1,29.2,0.263,0.503,14.5,70.9,0.268,1999-2007,2,Inefficient Offense,Atlanta Hawks,Atlanta Hawks_2007
2007,Boston Celtics,82,19855,37.5,84.8,0.443,6.2,16.9,0.367,31.4,67.9,0.462,21.9,28.6,0.767,12.1,31.4,43.5,21.4,7.7,5.0,17.7,25.9,103.2,NBA,-3.41,-0.29,-3.7,103.2,106.9,-3.7,92.0,0.337,0.199,0.53,0.479,15.4,27.0,0.259,0.502,14.5,73.8,0.28,1999-2007,2,Inefficient Offense,Boston Celtics,Boston Celtics_2007
2007,Charlotte Bobcats,82,20005,38.6,86.6,0.446,6.0,16.7,0.357,32.6,69.9,0.467,20.4,27.8,0.734,12.0,30.6,42.6,23.9,8.3,4.8,16.0,25.9,103.6,NBA,-3.74,-0.22,-3.97,103.6,107.6,-4.0,92.0,0.322,0.193,0.524,0.48,13.9,26.4,0.236,0.5,14.7,71.6,0.279,1999-2007,2,Inefficient Offense,Charlotte Bobcats,Charlotte Bobcats_2007
2007,Chicago Bulls,82,19780,39.5,86.3,0.457,6.2,16.0,0.388,33.2,70.3,0.473,19.8,27.0,0.734,12.7,33.6,46.4,23.7,8.3,5.8,17.0,24.7,104.9,NBA,5.01,-0.49,4.52,104.9,99.6,5.3,93.6,0.313,0.186,0.534,0.493,14.7,28.6,0.229,0.473,16.2,74.3,0.252,1999-2007,1,Defensive Grind,Chicago Bulls,Chicago Bulls_2007
2007,Cleveland Cavaliers,82,19880,39.6,88.5,0.447,6.6,18.7,0.352,33.0,69.9,0.473,19.7,28.4,0.696,13.8,33.6,47.4,22.7,8.3,4.7,15.6,23.7,105.5,NBA,3.83,-0.5,3.33,105.5,101.3,4.2,90.8,0.32,0.211,0.522,0.484,13.4,29.7,0.223,0.48,14.7,75.8,0.243,1999-2007,0,Balanced,Cleveland Cavaliers,Cleveland Cavaliers_2007
2007,Dallas Mavericks,82,19755,40.8,87.4,0.467,7.3,19.1,0.381,33.6,68.4,0.491,22.3,27.7,0.805,12.5,34.1,46.6,22.1,7.6,5.5,15.5,24.9,111.3,NBA,7.22,0.06,7.28,111.3,103.2,8.1,89.5,0.317,0.218,0.559,0.509,13.4,28.7,0.256,0.477,14.2,75.0,0.265,1999-2007,3,High-Pace Offense,Dallas Mavericks,Dallas Mavericks_2007
2007,Denver Nuggets,82,19780,39.4,84.7,0.465,6.0,17.9,0.336,33.4,66.8,0.5,22.7,30.5,0.746,12.5,31.9,44.3,23.9,8.4,5.4,16.8,21.9,107.6,NBA,1.62,0.07,1.69,107.6,105.9,1.7,97.4,0.36,0.212,0.548,0.501,14.6,28.9,0.268,0.499,14.5,71.8,0.203,1999-2007,2,Inefficient Offense,Denver Nuggets,Denver Nuggets_2007
2007,Detroit Pistons,82,19880,40.7,89.7,0.454,6.2,18.1,0.344,34.5,71.6,0.481,21.3,27.5,0.774,13.1,32.8,46.0,24.5,8.1,6.5,13.8,23.1,108.9,NBA,4.16,-0.47,3.69,108.9,104.2,4.7,87.3,0.307,0.201,0.535,0.488,12.0,28.3,0.237,0.477,14.3,70.9,0.234,1999-2007,3,High-Pace Offense,Detroit Pistons,Detroit Pistons_2007
2007,Golden State Warriors,82,19755,40.0,86.4,0.463,8.6,24.1,0.356,31.4,62.3,0.504,18.6,25.9,0.717,11.5,30.1,41.6,23.9,9.2,5.7,16.0,23.7,107.0,NBA,-0.34,0.34,0.0,107.0,107.4,-0.4,99.2,0.3,0.279,0.548,0.512,14.1,25.6,0.215,0.506,16.1,69.6,0.264,1999-2007,3,High-Pace Offense,Golden State Warriors,Golden State Warriors_2007
2007,Houston Rockets,82,19855,38.7,87.0,0.445,9.4,25.2,0.372,29.3,61.8,0.475,19.1,25.4,0.753,11.7,35.6,47.3,22.7,7.8,4.5,15.5,22.8,106.0,NBA,4.85,0.19,5.04,106.0,100.7,5.3,90.7,0.292,0.29,0.54,0.499,13.6,25.7,0.22,0.466,13.6,77.0,0.23,1999-2007,3,High-Pace Offense,Houston Rockets,Houston Rockets_2007
2007,Indiana Pacers,82,19780,37.7,86.1,0.438,6.3,18.2,0.346,31.4,67.9,0.462,21.2,27.9,0.76,13.0,32.0,45.0,22.0,7.9,5.9,17.5,25.1,102.9,NBA,-2.44,-0.18,-2.62,102.9,105.5,-2.6,92.4,0.324,0.212,0.523,0.474,15.1,28.4,0.246,0.491,14.8,72.7,0.271,1999-2007,2,Inefficient Offense,Indiana Pacers,Indiana Pacers_2007
2007,Los Angeles Clippers,82,19730,38.6,84.7,0.456,4.2,12.1,0.348,34.4,72.6,0.474,23.7,30.1,0.788,11.9,33.3,45.2,23.6,8.0,6.3,16.6,24.9,105.1,NBA,-0.46,0.39,-0.07,105.1,105.6,-0.5,90.8,0.355,0.143,0.537,0.481,14.5,27.2,0.28,0.488,13.3,74.7,0.249,1999-2007,2,Inefficient Offense,Los Angeles Clippers,Los Angeles Clippers_2007
2007,Los Angeles Lakers,82,20030,39.7,85.4,0.466,7.8,22.1,0.353,32.0,63.3,0.505,21.3,28.5,0.747,11.3,32.0,43.3,23.7,7.7,5.4,16.3,24.2,108.6,NBA,-0.07,0.32,0.24,108.6,108.6,0.0,93.5,0.333,0.259,0.554,0.511,14.3,26.1,0.249,0.5,13.5,72.3,0.262,1999-2007,2,Inefficient Offense,Los Angeles Lakers,Los Angeles Lakers_2007
2007,Memphis Grizzlies,82,19980,38.5,82.7,0.465,6.4,17.5,0.367,32.1,65.3,0.491,23.5,30.9,0.761,11.1,30.5,41.6,21.6,7.2,5.2,17.2,23.4,106.9,NBA,-5.15,0.71,-4.44,106.9,112.3,-5.4,93.6,0.374,0.211,0.555,0.504,15.2,25.9,0.285,0.529,14.0,71.1,0.237,1999-2007,2,Inefficient Offense,Memphis Grizzlies,Memphis Grizzlies_2007
2007,Miami Heat,82,19855,39.2,84.5,0.464,7.1,20.7,0.343,32.1,63.8,0.503,18.7,27.1,0.69,11.0,33.9,44.9,22.6,7.6,5.9,16.1,23.5,104.3,NBA,-0.91,-0.29,-1.21,104.3,105.3,-1.0,89.9,0.321,0.245,0.541,0.506,14.3,24.9,0.222,0.485,13.8,73.3,0.232,1999-2007,2,Inefficient Offense,Miami Heat,Miami Heat_2007
2007,Milwaukee Bucks,82,19855,40.9,87.9,0.465,6.9,19.3,0.356,34.0,68.6,0.495,18.4,25.1,0.733,12.3,29.7,42.1,23.2,7.7,2.9,16.2,23.8,107.0,NBA,-4.38,-0.06,-4.43,107.0,111.7,-4.7,92.3,0.286,0.219,0.541,0.504,14.1,27.6,0.209,0.522,14.5,68.1,0.234,1999-2007,2,Inefficient Offense,Milwaukee Bucks,Milwaukee Bucks_2007
2007,Minnesota Timberwolves,82,20005,39.5,85.8,0.461,5.1,14.4,0.353,34.5,71.4,0.483,19.8,25.0,0.792,10.8,32.6,43.4,24.4,7.0,4.3,16.9,23.2,103.9,NBA,-3.67,0.51,-3.16,103.9,107.9,-4.0,91.0,0.291,0.167,0.537,0.49,14.8,25.1,0.231,0.498,13.3,72.1,0.226,1999-2007,2,Inefficient Offense,Minnesota Timberwolves,Minnesota Timberwolves_2007
2007,New Jersey Nets,82,19880,38.5,84.3,0.457,8.0,22.1,0.363,30.4,62.1,0.49,20.7,28.5,0.727,10.9,33.4,44.2,25.9,6.6,3.6,16.0,24.7,105.7,NBA,-0.77,-0.23,-1.0,105.7,106.6,-0.9,91.4,0.338,0.263,0.546,0.504,14.2,24.6,0.245,0.49,13.7,74.4,0.266,1999-2007,2,Inefficient Offense,New Jersey Nets,New Jersey Nets_2007
2007,New Orleans/Oklahoma City Hornets,82,19880,39.8,89.3,0.445,6.1,16.8,0.362,33.7,72.5,0.464,19.2,26.0,0.74,13.7,33.6,47.3,20.6,7.0,4.6,15.9,21.7,104.8,NBA,-1.57,0.38,-1.19,104.8,106.5,-1.7,90.2,0.291,0.188,0.52,0.479,13.6,29.1,0.215,0.499,13.2,74.7,0.212,1999-2007,0,Balanced,New Orleans/Oklahoma City Hornets,New Orleans/Oklahoma City Hornets_2007
2007,New York Knicks,82,20005,38.4,84.0,0.457,6.3,18.1,0.346,32.1,65.9,0.487,22.7,31.7,0.715,13.6,33.3,46.9,20.3,7.2,3.4,18.6,25.5,105.7,NBA,-2.85,-0.21,-3.06,105.7,108.8,-3.1,90.8,0.377,0.216,0.539,0.494,15.9,31.0,0.27,0.504,13.0,74.0,0.246,1999-2007,2,Inefficient Offense,New York Knicks,New York Knicks_2007
2007,Orlando Magic,82,19780,38.8,82.2,0.472,4.6,13.0,0.356,34.2,69.2,0.494,22.7,32.3,0.702,12.4,32.7,45.1,20.6,7.6,5.6,18.8,25.7,104.9,NBA,0.78,-0.43,0.35,104.9,104.1,0.8,89.9,0.393,0.158,0.544,0.5,16.3,29.3,0.276,0.48,14.6,73.7,0.286,1999-2007,2,Inefficient Offense,Orlando Magic,Orlando Magic_2007
2007,Philadelphia 76ers,82,19880,39.0,85.3,0.458,3.8,11.0,0.345,35.2,74.3,0.474,21.8,28.4,0.767,12.0,31.3,43.3,22.2,7.9,5.2,16.7,22.2,103.6,NBA,-3.02,-0.23,-3.26,103.6,106.9,-3.3,90.7,0.333,0.128,0.53,0.48,14.6,27.2,0.255,0.501,14.7,70.8,0.221,1999-2007,2,Inefficient Offense,Philadelphia 76ers,Philadelphia 76ers_2007
2007,Phoenix Suns,82,19905,42.7,86.4,0.494,9.9,24.8,0.399,32.8,61.6,0.532,18.6,23.0,0.808,9.3,32.6,41.9,26.8,7.0,5.0,15.0,20.9,113.9,NBA,7.3,-0.03,7.28,113.9,106.4,7.5,95.6,0.267,0.287,0.59,0.551,13.4,22.7,0.215,0.492,13.6,71.9,0.206,1999-2007,3,High-Pace Offense,Phoenix Suns,Phoenix Suns_2007
2007,Portland Trail Blazers,82,19955,39.1,87.0,0.45,5.8,16.8,0.346,33.3,70.3,0.474,21.0,27.3,0.769,12.6,31.3,43.9,20.6,7.6,5.2,16.8,26.3,105.1,NBA,-4.29,0.51,-3.78,105.1,109.9,-4.8,88.3,0.314,0.193,0.53,0.483,14.5,28.2,0.241,0.508,13.5,73.0,0.267,1999-2007,2,Inefficient Offense,Portland Trail Blazers,Portland Trail Blazers_2007
2007,Sacramento Kings,82,19805,37.6,83.5,0.45,6.8,19.3,0.35,30.8,64.2,0.48,24.2,31.6,0.765,10.2,30.6,40.8,21.3,8.6,3.4,15.3,22.9,106.2,NBA,-1.8,0.46,-1.35,106.2,108.0,-1.8,94.8,0.379,0.232,0.545,0.491,13.5,23.1,0.289,0.513,14.9,72.5,0.24,1999-2007,2,Inefficient Offense,Sacramento Kings,Sacramento Kings_2007
2007,San Antonio Spurs,82,19780,40.5,85.5,0.474,8.0,21.1,0.381,32.5,64.4,0.504,20.1,26.8,0.751,10.3,34.8,45.1,24.5,7.9,5.6,15.4,21.5,109.2,NBA,8.43,-0.08,8.35,109.2,99.9,9.3,89.8,0.313,0.247,0.561,0.521,13.6,24.2,0.235,0.471,14.0,75.7,0.201,1999-2007,3,High-Pace Offense,San Antonio Spurs,San Antonio Spurs_2007
2007,Seattle SuperSonics,82,19830,40.2,87.4,0.46,6.9,19.1,0.362,33.2,68.2,0.487,19.9,25.2,0.791,12.2,30.6,42.8,22.3,8.3,4.0,16.7,23.7,107.2,NBA,-2.89,0.45,-2.45,107.2,110.3,-3.1,91.8,0.288,0.219,0.544,0.499,14.5,27.8,0.228,0.515,14.1,70.9,0.243,1999-2007,2,Inefficient Offense,Seattle SuperSonics,Seattle SuperSonics_2007
2007,Toronto Raptors,82,19755,39.8,85.9,0.463,7.0,19.2,0.363,32.8,66.7,0.492,20.5,26.0,0.788,9.9,32.5,42.5,23.9,7.6,4.2,14.5,21.9,107.0,NBA,0.99,-0.38,0.61,107.0,106.0,1.0,92.6,0.303,0.224,0.55,0.504,13.0,22.2,0.239,0.503,14.3,74.5,0.219,1999-2007,3,High-Pace Offense,Toronto Raptors,Toronto Raptors_2007
2007,Utah Jazz,82,19805,40.6,85.6,0.474,4.7,14.0,0.335,35.9,71.6,0.501,24.2,32.6,0.743,13.6,32.5,46.1,26.8,7.6,4.5,16.9,27.3,110.1,NBA,2.87,0.2,3.06,110.1,107.0,3.1,91.6,0.38,0.163,0.551,0.502,14.5,31.7,0.283,0.496,14.4,75.1,0.314,1999-2007,2,Inefficient Offense,Utah Jazz,Utah Jazz_2007
2007,Washington Wizards,82,19830,39.5,87.7,0.45,7.2,20.8,0.348,32.3,67.0,0.482,23.9,31.2,0.765,12.8,30.6,43.4,21.4,8.2,4.8,14.6,23.5,110.1,NBA,-0.51,-0.28,-0.8,110.1,110.6,-0.5,94.1,0.356,0.237,0.542,0.491,12.6,28.1,0.272,0.517,14.4,71.0,0.249,1999-2007,2,Inefficient Offense,Washington Wizards,Washington Wizards_2007
2006,Atlanta Hawks,82,19880,39.3,86.7,0.454,5.7,15.4,0.367,33.7,71.3,0.472,22.1,29.5,0.75,14.3,29.8,44.1,21.7,7.8,5.3,17.1,27.4,106.4,NBA,-4.76,0.07,-4.69,106.4,111.6,-5.2,90.4,0.34,0.178,0.534,0.486,14.7,31.4,0.255,0.513,14.1,69.5,0.275,1999-2007,2,Inefficient Offense,Atlanta Hawks,Atlanta Hawks_2006
2006,Boston Celtics,82,19880,38.6,82.8,0.467,6.1,16.9,0.362,32.5,65.9,0.494,21.8,28.9,0.755,10.6,31.9,42.5,22.5,7.6,5.5,17.8,26.6,105.2,NBA,-1.54,-0.05,-1.59,105.2,106.9,-1.7,92.2,0.349,0.204,0.551,0.504,15.7,25.5,0.263,0.49,13.8,72.8,0.282,1999-2007,2,Inefficient Offense,Boston Celtics,Boston Celtics_2006
2006,Charlotte Bobcats,82,19905,38.2,88.3,0.433,5.5,16.3,0.339,32.7,72.0,0.454,20.6,28.2,0.729,12.8,29.3,42.1,22.2,10.6,4.6,15.1,25.3,102.5,NBA,-4.0,0.1,-3.9,102.5,106.7,-4.2,93.4,0.319,0.184,0.509,0.464,13.0,27.1,0.233,0.514,16.5,70.7,0.263,1999-2007,4,Rebuilder,Charlotte Bobcats,Charlotte Bobcats_2006
2006,Chicago Bulls,82,19905,39.0,87.4,0.446,7.3,19.2,0.379,31.7,68.2,0.465,18.8,25.5,0.738,11.8,33.8,45.5,23.4,6.6,4.5,15.9,26.4,104.0,NBA,0.63,-0.12,0.51,104.0,103.4,0.6,92.9,0.292,0.219,0.527,0.487,13.9,26.3,0.216,0.464,13.9,74.7,0.295,1999-2007,0,Balanced,Chicago Bulls,Chicago Bulls_2006
2006,Cleveland Cavaliers,82,19830,39.2,86.4,0.454,6.7,19.7,0.339,32.5,66.7,0.487,22.8,31.2,0.729,12.9,33.8,46.8,21.0,7.6,5.3,15.3,23.4,107.8,NBA,2.23,-0.06,2.17,107.8,105.4,2.4,89.8,0.362,0.228,0.538,0.492,13.3,28.4,0.263,0.49,12.8,75.7,0.226,1999-2007,2,Inefficient Offense,Cleveland Cavaliers,Cleveland Cavaliers_2006
2006,Dallas Mavericks,82,19880,40.6,87.7,0.462,5.7,15.3,0.374,34.8,72.4,0.481,25.0,31.9,0.783,14.2,33.4,47.6,20.3,8.2,6.7,15.3,25.2,111.8,NBA,6.07,-0.11,5.96,111.8,105.0,6.8,87.8,0.364,0.175,0.55,0.495,13.1,31.8,0.285,0.475,13.7,72.2,0.257,1999-2007,3,High-Pace Offense,Dallas Mavericks,Dallas Mavericks_2006
2006,Denver Nuggets,82,19930,39.5,85.5,0.461,4.5,13.8,0.325,35.0,71.7,0.487,22.1,29.6,0.744,11.6,31.9,43.4,24.6,8.9,5.9,15.6,23.9,105.5,NBA,0.23,0.13,0.36,105.5,105.2,0.3,93.9,0.347,0.161,0.535,0.488,13.7,26.8,0.258,0.493,14.7,72.0,0.227,1999-2007,2,Inefficient Offense,Denver Nuggets,Denver Nuggets_2006
2006,Detroit Pistons,82,19830,41.6,91.5,0.455,7.8,20.2,0.384,33.8,71.2,0.475,19.8,27.2,0.727,13.6,32.7,46.3,27.5,8.1,6.8,13.0,21.1,110.8,NBA,6.67,-0.44,6.24,110.8,103.1,7.7,86.8,0.297,0.221,0.535,0.497,11.2,28.9,0.216,0.477,13.7,71.2,0.191,1999-2007,3,High-Pace Offense,Detroit Pistons,Detroit Pistons_2006
2006,Golden State Warriors,82,19830,38.1,88.0,0.433,8.1,23.8,0.341,30.0,64.3,0.467,20.4,28.4,0.718,12.7,32.2,45.0,22.0,7.8,4.6,15.0,25.2,104.8,NBA,-1.35,0.25,-1.11,104.8,106.2,-1.4,93.3,0.323,0.27,0.521,0.479,13.0,26.9,0.232,0.492,14.1,71.6,0.243,1999-2007,0,Balanced,Golden State Warriors,Golden State Warriors_2006
2006,Houston Rockets,82,19830,37.2,86.0,0.433,6.4,19.4,0.332,30.8,66.5,0.463,20.6,27.2,0.759,11.7,35.3,46.9,21.7,8.1,4.4,16.4,25.6,101.6,NBA,-1.59,0.28,-1.3,101.6,103.3,-1.7,88.0,0.317,0.226,0.519,0.471,14.3,25.5,0.24,0.472,13.1,74.6,0.247,1999-2007,0,Balanced,Houston Rockets,Houston Rockets_2006
2006,Indiana Pacers,82,19730,37.8,85.1,0.444,7.3,20.8,0.349,30.5,64.3,0.475,21.6,29.3,0.737,12.2,34.7,46.9,22.1,8.1,5.5,17.0,24.7,104.5,NBA,1.89,-0.27,1.62,104.5,102.4,2.1,89.7,0.344,0.245,0.533,0.487,14.8,27.1,0.254,0.464,13.0,72.6,0.232,1999-2007,2,Inefficient Offense,Indiana Pacers,Indiana Pacers_2006
2006,Los Angeles Clippers,82,19805,39.5,85.1,0.465,3.8,11.1,0.344,35.7,74.0,0.483,22.4,28.3,0.791,10.9,35.7,46.7,22.6,7.1,6.6,15.7,24.7,105.3,NBA,1.57,0.18,1.75,105.3,103.6,1.7,91.7,0.332,0.131,0.54,0.487,13.8,25.4,0.263,0.471,12.2,75.9,0.24,1999-2007,2,Inefficient Offense,Los Angeles Clippers,Los Angeles Clippers_2006
2006,Los Angeles Lakers,82,19855,39.8,87.9,0.453,7.3,21.0,0.349,32.4,66.8,0.486,21.5,28.9,0.745,12.9,33.1,46.0,23.1,8.4,4.7,15.2,25.2,108.4,NBA,2.5,0.03,2.53,108.4,105.7,2.7,90.9,0.329,0.24,0.539,0.495,13.1,28.8,0.245,0.486,13.4,73.6,0.242,1999-2007,3,High-Pace Offense,Los Angeles Lakers,Los Angeles Lakers_2006
2006,Memphis Grizzlies,82,19855,38.5,85.8,0.448,8.3,22.1,0.374,30.2,63.7,0.474,20.7,29.1,0.711,11.7,33.3,45.0,22.2,8.4,6.2,15.9,24.6,105.9,NBA,3.7,0.05,3.74,105.9,101.6,4.3,86.3,0.339,0.258,0.537,0.496,13.9,25.8,0.241,0.469,14.7,72.0,0.237,1999-2007,3,High-Pace Offense,Memphis Grizzlies,Memphis Grizzlies_2006
2006,Miami Heat,82,19755,40.3,84.3,0.478,6.6,19.1,0.345,33.7,65.2,0.517,21.4,30.6,0.7,11.4,35.5,46.9,22.4,6.9,5.9,15.7,24.8,108.7,NBA,3.87,-0.27,3.59,108.7,104.5,4.2,91.6,0.363,0.227,0.556,0.517,13.9,26.7,0.254,0.477,12.4,76.4,0.251,1999-2007,3,High-Pace Offense,Miami Heat,Miami Heat_2006
2006,Milwaukee Bucks,82,19855,39.4,87.0,0.453,6.7,17.7,0.38,32.7,69.3,0.472,20.7,28.0,0.738,12.3,32.4,44.7,23.4,7.9,3.6,15.9,25.2,106.3,NBA,-1.04,-0.04,-1.07,106.3,107.4,-1.1,91.2,0.322,0.203,0.535,0.492,13.8,27.3,0.238,0.504,13.8,74.6,0.262,1999-2007,2,Inefficient Offense,Milwaukee Bucks,Milwaukee Bucks_2006
2006,Minnesota Timberwolves,82,19855,39.3,86.3,0.456,4.2,12.8,0.329,35.1,73.5,0.478,19.6,25.8,0.758,11.0,33.0,44.0,23.4,7.6,6.4,16.2,25.7,102.4,NBA,-1.88,0.13,-1.75,102.4,104.5,-2.1,88.8,0.299,0.149,0.524,0.48,14.2,25.2,0.226,0.475,13.4,71.3,0.236,1999-2007,0,Balanced,Minnesota Timberwolves,Minnesota Timberwolves_2006
2006,New Jersey Nets,82,19780,37.5,85.3,0.44,6.4,19.5,0.33,31.1,65.8,0.472,22.4,29.5,0.758,11.1,34.3,45.4,25.4,7.5,3.8,15.1,25.7,103.9,NBA,1.37,-0.26,1.11,103.9,102.4,1.5,89.8,0.346,0.229,0.528,0.478,13.3,24.0,0.262,0.476,14.0,76.3,0.266,1999-2007,2,Inefficient Offense,New Jersey Nets,New Jersey Nets_2006
2006,New Orleans/Oklahoma City Hornets,82,19805,38.6,87.6,0.44,4.1,12.1,0.339,34.5,75.5,0.457,22.5,29.6,0.758,12.5,32.4,44.9,20.7,8.3,4.2,14.9,24.3,103.7,NBA,-2.82,0.31,-2.51,103.7,106.8,-3.1,89.0,0.339,0.138,0.515,0.464,12.9,26.9,0.257,0.502,14.3,73.4,0.243,1999-2007,2,Inefficient Offense,New Orleans/Oklahoma City Hornets,New Orleans/Oklahoma City Hornets_2006
2006,New York Knicks,82,19930,37.4,82.3,0.455,4.2,11.7,0.362,33.2,70.6,0.47,24.9,34.3,0.726,13.7,31.3,45.0,19.5,7.4,3.6,19.2,28.6,104.0,NBA,-6.4,0.11,-6.3,104.0,111.0,-7.0,90.8,0.417,0.142,0.534,0.481,16.5,31.2,0.303,0.511,13.4,72.8,0.294,1999-2007,2,Inefficient Offense,New York Knicks,New York Knicks_2006
2006,Orlando Magic,82,19905,39.7,84.2,0.472,4.1,10.9,0.376,35.7,73.3,0.486,22.7,31.1,0.73,12.2,32.8,45.0,20.4,7.3,4.9,16.9,26.1,106.3,NBA,-1.07,-0.18,-1.26,106.3,107.5,-1.2,88.3,0.369,0.129,0.543,0.496,14.7,28.5,0.27,0.49,13.0,72.5,0.264,1999-2007,2,Inefficient Offense,Orlando Magic,Orlando Magic_2006
2006,Philadelphia 76ers,82,19905,39.0,85.2,0.458,4.9,13.4,0.364,34.2,71.7,0.476,23.0,30.3,0.76,11.4,31.5,42.9,21.5,8.5,5.3,15.1,22.3,106.0,NBA,-1.95,-0.15,-2.1,106.0,108.1,-2.1,92.7,0.356,0.158,0.538,0.487,13.3,25.6,0.27,0.5,14.3,71.3,0.24,1999-2007,2,Inefficient Offense,Philadelphia 76ers,Philadelphia 76ers_2006
2006,Phoenix Suns,82,19955,43.0,90.0,0.479,10.5,26.3,0.399,32.5,63.6,0.511,14.9,18.5,0.806,9.8,33.3,43.0,27.3,6.9,5.2,13.7,21.1,111.5,NBA,5.55,-0.07,5.48,111.5,105.8,5.7,95.8,0.206,0.293,0.568,0.537,12.2,22.1,0.166,0.49,13.2,72.1,0.2,1999-2007,3,High-Pace Offense,Phoenix Suns,Phoenix Suns_2006
2006,Portland Trail Blazers,82,19730,38.7,87.0,0.445,5.1,14.5,0.349,33.7,72.5,0.464,18.6,27.0,0.689,12.3,30.6,42.9,20.7,7.3,6.0,16.7,25.4,101.1,NBA,-9.45,0.54,-8.91,101.1,111.9,-10.8,87.6,0.31,0.166,0.511,0.474,14.5,26.6,0.214,0.507,12.6,68.2,0.231,1999-2007,4,Rebuilder,Portland Trail Blazers,Portland Trail Blazers_2006
2006,Sacramento Kings,82,19830,38.9,85.6,0.454,6.5,18.5,0.351,32.4,67.0,0.483,22.4,28.6,0.784,11.2,32.6,43.8,24.0,8.0,3.9,15.8,22.0,106.7,NBA,1.54,0.07,1.61,106.7,105.0,1.7,91.9,0.334,0.217,0.544,0.492,13.9,25.4,0.262,0.488,13.7,72.2,0.21,1999-2007,2,Inefficient Offense,Sacramento Kings,Sacramento Kings_2006
2006,San Antonio Spurs,82,19805,41.0,86.8,0.472,7.2,18.6,0.385,33.8,68.2,0.496,18.2,25.9,0.702,11.7,34.9,46.5,23.5,7.4,6.4,15.4,23.5,107.3,NBA,6.82,-0.13,6.69,107.3,99.6,7.7,88.5,0.298,0.215,0.546,0.513,13.6,26.0,0.209,0.457,13.5,74.2,0.22,1999-2007,3,High-Pace Offense,San Antonio Spurs,San Antonio Spurs_2006
2006,Seattle SuperSonics,82,19830,40.6,88.6,0.459,8.0,21.5,0.371,32.6,67.1,0.487,21.8,27.8,0.785,13.4,29.5,42.9,22.4,8.2,4.0,16.0,25.5,111.1,NBA,-3.02,0.15,-2.88,111.1,114.4,-3.3,91.6,0.314,0.243,0.551,0.504,13.7,30.4,0.246,0.527,13.6,69.0,0.26,1999-2007,2,Inefficient Offense,Seattle SuperSonics,Seattle SuperSonics_2006
2006,Toronto Raptors,82,19955,39.8,87.7,0.454,8.0,21.4,0.375,31.8,66.3,0.479,21.8,27.6,0.791,11.4,30.3,41.7,21.0,7.0,3.6,14.1,26.0,109.5,NBA,-2.99,-0.04,-3.03,109.5,112.7,-3.2,91.1,0.315,0.244,0.548,0.5,12.4,25.4,0.249,0.53,13.5,73.3,0.263,1999-2007,2,Inefficient Offense,Toronto Raptors,Toronto Raptors_2006
2006,Utah Jazz,82,19880,37.7,85.3,0.442,4.3,12.7,0.336,33.4,72.6,0.461,24.4,33.9,0.719,14.7,32.7,47.4,24.4,7.2,6.8,17.7,27.9,104.1,NBA,-2.63,0.14,-2.49,104.1,107.0,-2.9,87.8,0.397,0.149,0.519,0.467,15.0,32.4,0.286,0.49,14.0,73.2,0.303,1999-2007,2,Inefficient Offense,Utah Jazz,Utah Jazz_2006
2006,Washington Wizards,82,19830,39.0,87.3,0.447,6.5,18.3,0.357,32.5,69.0,0.471,24.8,32.7,0.757,13.6,30.7,44.3,20.0,8.6,4.4,15.0,24.3,109.3,NBA,1.85,-0.29,1.57,109.3,107.3,2.0,92.3,0.375,0.209,0.538,0.484,12.8,29.5,0.284,0.504,15.1,70.9,0.256,1999-2007,2,Inefficient Offense,Washington Wizards,Washington Wizards_2006
2005,Atlanta Hawks,82,19855,38.9,88.2,0.441,4.0,12.9,0.312,34.9,75.4,0.463,18.7,26.4,0.711,14.5,30.9,45.4,21.3,8.3,4.5,17.4,26.6,100.6,NBA,-9.71,0.09,-9.62,100.6,111.1,-10.5,91.4,0.299,0.146,0.504,0.464,14.9,30.7,0.212,0.513,14.0,72.1,0.289,1999-2007,4,Rebuilder,Atlanta Hawks,Atlanta Hawks_2005
2005,Boston Celtics,82,19880,39.4,84.3,0.468,5.7,16.2,0.349,33.8,68.1,0.496,23.0,30.1,0.764,11.8,31.6,43.3,23.4,8.6,5.5,16.8,25.9,107.5,NBA,0.87,-0.52,0.35,107.5,106.6,0.9,93.3,0.357,0.192,0.551,0.501,14.7,27.2,0.273,0.481,14.2,70.1,0.274,1999-2007,2,Inefficient Offense,Boston Celtics,Boston Celtics_2005
2005,Charlotte Bobcats,82,19880,38.7,89.7,0.432,4.2,11.5,0.363,34.6,78.2,0.442,19.5,27.4,0.709,14.2,30.6,44.7,23.5,9.1,5.8,15.6,24.8,101.1,NBA,-5.99,-0.16,-6.15,101.1,107.5,-6.4,92.3,0.306,0.128,0.497,0.455,13.3,29.5,0.217,0.497,14.7,70.9,0.269,1999-2007,4,Rebuilder,Charlotte Bobcats,Charlotte Bobcats_2005
2005,Chicago Bulls,82,19830,37.3,86.3,0.432,6.7,18.8,0.357,30.6,67.5,0.453,20.1,26.8,0.75,13.1,33.9,47.0,22.8,7.5,4.8,17.9,26.6,101.4,NBA,1.06,-0.41,0.65,101.4,100.3,1.1,92.4,0.311,0.217,0.517,0.471,15.5,28.4,0.233,0.454,14.4,72.6,0.262,1999-2007,0,Balanced,Chicago Bulls,Chicago Bulls_2005
2005,Cleveland Cavaliers,82,19855,40.3,90.1,0.447,4.0,12.2,0.332,36.2,77.9,0.465,22.0,29.3,0.752,15.0,31.7,46.7,24.9,8.8,6.2,15.4,24.9,106.6,NBA,0.79,-0.52,0.27,106.6,105.7,0.9,89.7,0.325,0.135,0.518,0.47,13.0,32.5,0.244,0.485,14.1,71.5,0.248,1999-2007,0,Balanced,Cleveland Cavaliers,Cleveland Cavaliers_2005
2005,Dallas Mavericks,82,19730,40.1,87.8,0.457,6.1,16.7,0.364,34.0,71.1,0.479,24.0,30.4,0.789,13.0,33.2,46.2,21.1,9.3,6.0,14.5,24.0,110.3,NBA,5.74,0.11,5.86,110.3,104.1,6.2,92.7,0.346,0.19,0.545,0.492,12.5,28.6,0.273,0.472,14.3,70.2,0.239,1999-2007,3,High-Pace Offense,Dallas Mavericks,Dallas Mavericks_2005
2005,Denver Nuggets,82,19755,39.5,85.9,0.459,4.2,12.2,0.34,35.3,73.7,0.479,22.9,30.0,0.763,12.6,32.1,44.7,25.4,9.7,6.4,15.9,24.4,106.0,NBA,2.02,0.2,2.23,106.0,103.9,2.1,93.5,0.35,0.142,0.535,0.483,13.8,28.4,0.267,0.482,15.1,71.7,0.247,1999-2007,1,Defensive Grind,Denver Nuggets,Denver Nuggets_2005
2005,Detroit Pistons,82,19955,39.3,88.6,0.444,5.0,14.5,0.345,34.3,74.1,0.463,21.9,29.7,0.739,14.5,34.6,49.1,24.7,7.9,6.9,15.6,22.6,105.6,NBA,3.87,-0.55,3.31,105.6,101.2,4.4,87.2,0.335,0.164,0.519,0.472,13.3,31.2,0.247,0.461,13.5,73.0,0.207,1999-2007,1,Defensive Grind,Detroit Pistons,Detroit Pistons_2005
2005,Golden State Warriors,82,19905,39.2,91.0,0.43,8.1,22.9,0.352,31.1,68.1,0.457,18.3,25.3,0.722,13.8,31.5,45.3,23.4,8.3,5.4,14.4,23.7,104.7,NBA,-2.16,0.42,-1.74,104.7,106.9,-2.2,93.3,0.278,0.252,0.512,0.475,12.3,27.8,0.201,0.491,13.9,69.7,0.227,1999-2007,0,Balanced,Golden State Warriors,Golden State Warriors_2005
2005,Houston Rockets,82,19855,38.8,87.4,0.443,7.5,20.7,0.364,31.2,66.7,0.468,21.1,27.0,0.781,11.9,35.4,47.3,23.6,7.7,5.1,15.5,24.6,106.2,NBA,4.04,0.23,4.27,106.2,101.7,4.5,88.8,0.309,0.237,0.534,0.486,13.5,26.3,0.242,0.459,12.9,74.5,0.245,1999-2007,3,High-Pace Offense,Houston Rockets,Houston Rockets_2005
2005,Indiana Pacers,82,19905,36.9,85.3,0.432,7.5,21.8,0.344,29.4,63.5,0.463,24.2,30.5,0.792,12.0,33.4,45.4,20.6,8.5,4.9,16.2,26.1,105.5,NBA,0.76,-0.27,0.49,105.5,104.6,0.9,87.2,0.358,0.255,0.534,0.476,14.1,26.4,0.283,0.472,13.6,71.3,0.261,1999-2007,2,Inefficient Offense,Indiana Pacers,Indiana Pacers_2005
2005,Los Angeles Clippers,82,20030,39.3,85.6,0.459,3.1,9.0,0.345,36.2,76.6,0.473,23.8,30.6,0.778,13.2,33.0,46.2,25.6,8.1,5.7,17.3,24.5,105.5,NBA,-0.77,0.3,-0.47,105.5,106.4,-0.9,89.1,0.357,0.105,0.533,0.477,14.9,30.3,0.278,0.48,13.0,71.3,0.235,1999-2007,2,Inefficient Offense,Los Angeles Clippers,Los Angeles Clippers_2005
2005,Los Angeles Lakers,82,19780,38.7,88.6,0.437,8.6,24.2,0.355,30.1,64.3,0.467,22.2,28.5,0.777,13.7,33.5,47.3,22.3,6.8,4.6,15.7,24.0,108.1,NBA,-2.96,0.64,-2.32,108.1,111.4,-3.3,90.8,0.322,0.273,0.535,0.485,13.4,29.5,0.251,0.493,11.0,71.1,0.218,1999-2007,2,Inefficient Offense,Los Angeles Lakers,Los Angeles Lakers_2005
2005,Memphis Grizzlies,82,19705,38.6,86.3,0.447,7.3,20.5,0.357,31.3,65.9,0.475,21.0,27.9,0.754,12.2,31.8,44.0,23.6,9.6,6.6,16.5,26.3,105.5,NBA,2.29,0.34,2.64,105.5,102.9,2.6,88.5,0.323,0.237,0.535,0.489,14.3,27.1,0.243,0.466,15.4,69.9,0.27,1999-2007,1,Defensive Grind,Memphis Grizzlies,Memphis Grizzlies_2005
2005,Miami Heat,82,19980,41.0,84.3,0.486,6.3,16.7,0.377,34.7,67.6,0.513,21.9,32.6,0.672,11.7,34.9,46.7,23.7,7.0,6.3,14.9,24.0,110.2,NBA,6.52,-0.76,5.77,110.2,103.1,7.1,90.8,0.387,0.198,0.559,0.524,13.1,27.0,0.26,0.46,12.4,74.1,0.242,1999-2007,3,High-Pace Offense,Miami Heat,Miami Heat_2005
2005,Milwaukee Bucks,82,19780,39.6,87.9,0.45,4.3,12.4,0.351,35.3,75.6,0.467,23.0,29.8,0.772,13.2,32.1,45.3,23.0,7.1,3.9,15.1,24.0,106.6,NBA,-2.99,-0.1,-3.09,106.6,109.8,-3.2,90.8,0.339,0.141,0.527,0.475,13.0,29.0,0.261,0.499,12.4,72.0,0.233,1999-2007,2,Inefficient Offense,Milwaukee Bucks,Milwaukee Bucks_2005
2005,Minnesota Timberwolves,82,19755,41.5,90.4,0.459,5.4,15.6,0.345,36.1,74.8,0.483,19.8,24.8,0.796,12.9,35.2,48.1,26.2,6.3,6.1,14.7,24.2,108.2,NBA,1.45,0.28,1.73,108.2,106.6,1.6,89.1,0.275,0.173,0.534,0.489,12.7,28.6,0.219,0.472,11.2,71.4,0.208,1999-2007,3,High-Pace Offense,Minnesota Timberwolves,Minnesota Timberwolves_2005
2005,New Jersey Nets,82,19905,37.3,86.9,0.429,5.9,16.3,0.362,31.4,70.6,0.444,21.0,27.6,0.763,11.6,32.3,43.9,24.0,8.8,4.2,15.8,26.9,101.4,NBA,-1.5,-0.32,-1.82,101.4,103.1,-1.7,89.1,0.318,0.187,0.512,0.463,13.7,25.5,0.242,0.479,15.2,73.2,0.278,1999-2007,0,Balanced,New Jersey Nets,New Jersey Nets_2005
2005,New Orleans Hornets,82,19930,37.4,90.2,0.415,5.7,18.1,0.315,31.7,72.1,0.44,19.3,25.2,0.766,14.0,31.4,45.4,23.7,7.6,4.3,16.7,25.9,99.7,NBA,-7.07,0.78,-6.3,99.7,107.7,-8.0,87.6,0.279,0.201,0.493,0.446,14.2,29.1,0.214,0.491,13.9,70.7,0.261,1999-2007,4,Rebuilder,New Orleans Hornets,New Orleans Hornets_2005
2005,New York Knicks,82,19880,39.7,87.9,0.451,5.9,16.5,0.356,33.8,71.4,0.473,21.0,27.4,0.767,12.8,31.9,44.7,22.2,8.4,3.5,16.0,25.9,106.2,NBA,-2.44,-0.28,-2.72,106.2,108.9,-2.7,90.7,0.312,0.188,0.531,0.485,13.8,28.3,0.239,0.501,13.8,71.2,0.265,1999-2007,2,Inefficient Offense,New York Knicks,New York Knicks_2005
2005,Orlando Magic,82,19705,39.0,85.9,0.454,4.1,11.8,0.349,34.9,74.1,0.471,22.8,30.0,0.759,13.3,32.7,46.1,20.4,8.1,5.7,17.0,24.9,104.9,NBA,-2.24,-0.27,-2.52,104.9,107.3,-2.4,94.7,0.35,0.137,0.529,0.478,14.6,29.9,0.265,0.484,13.2,71.3,0.255,1999-2007,2,Inefficient Offense,Orlando Magic,Orlando Magic_2005
2005,Philadelphia 76ers,82,19855,37.5,85.8,0.437,6.4,18.5,0.348,31.1,67.3,0.462,22.0,27.9,0.789,11.6,32.3,43.9,21.8,9.6,4.1,16.2,23.9,103.5,NBA,-0.74,-0.33,-1.07,103.5,104.3,-0.8,94.9,0.326,0.216,0.528,0.475,14.2,25.4,0.257,0.485,15.4,72.7,0.267,1999-2007,2,Inefficient Offense,Philadelphia 76ers,Philadelphia 76ers_2005
2005,Phoenix Suns,82,19780,42.4,88.8,0.477,10.1,25.6,0.393,32.3,63.1,0.512,19.7,26.3,0.748,12.2,33.5,45.8,24.4,7.2,5.7,14.2,19.8,114.5,NBA,7.12,-0.04,7.08,114.5,107.1,7.4,95.9,0.296,0.289,0.571,0.534,12.4,27.5,0.222,0.478,12.0,68.3,0.176,1999-2007,3,High-Pace Offense,Phoenix Suns,Phoenix Suns_2005
2005,Portland Trail Blazers,82,19730,39.2,87.0,0.451,5.7,15.7,0.362,33.5,71.3,0.471,19.1,26.3,0.725,13.1,32.6,45.7,23.3,7.9,7.4,17.7,23.1,103.2,NBA,-4.0,0.55,-3.45,103.2,107.7,-4.5,89.8,0.303,0.181,0.524,0.484,15.2,29.6,0.219,0.479,12.6,67.7,0.204,1999-2007,0,Balanced,Portland Trail Blazers,Portland Trail Blazers_2005
2005,Sacramento Kings,82,19855,41.6,90.7,0.459,6.8,18.1,0.374,34.8,72.5,0.48,20.5,26.0,0.787,13.3,31.9,45.2,26.0,8.8,4.1,13.9,21.9,110.5,NBA,2.16,0.4,2.56,110.5,108.2,2.3,93.0,0.287,0.2,0.541,0.496,12.0,28.8,0.226,0.493,13.3,69.0,0.214,1999-2007,3,High-Pace Offense,Sacramento Kings,Sacramento Kings_2005
2005,San Antonio Spurs,82,19805,39.8,87.9,0.453,6.9,19.0,0.363,32.9,68.9,0.478,20.9,28.9,0.724,13.5,33.9,47.4,24.1,8.4,7.4,15.3,23.4,107.5,NBA,7.8,0.03,7.84,107.5,98.8,8.7,88.9,0.329,0.216,0.534,0.492,13.2,29.1,0.238,0.452,14.7,73.6,0.236,1999-2007,1,Defensive Grind,San Antonio Spurs,San Antonio Spurs_2005
2005,Seattle SuperSonics,82,19755,39.8,89.8,0.444,9.2,25.2,0.365,30.6,64.6,0.474,23.3,29.5,0.79,14.4,31.9,46.3,20.6,7.6,4.7,15.4,26.9,112.2,NBA,2.29,0.3,2.59,112.2,109.6,2.6,87.9,0.328,0.281,0.546,0.495,13.0,32.4,0.259,0.496,12.9,71.3,0.249,1999-2007,3,High-Pace Offense,Seattle SuperSonics,Seattle SuperSonics_2005
2005,Toronto Raptors,82,19805,38.6,87.0,0.444,8.5,22.0,0.385,30.1,65.0,0.463,21.3,27.5,0.774,11.0,32.0,43.0,21.8,8.1,4.1,14.2,24.5,106.9,NBA,-1.62,-0.19,-1.81,106.9,108.7,-1.8,92.7,0.316,0.253,0.539,0.492,12.5,23.7,0.244,0.499,13.4,71.1,0.24,1999-2007,3,High-Pace Offense,Toronto Raptors,Toronto Raptors_2005
2005,Utah Jazz,82,19780,38.8,86.5,0.449,3.4,10.5,0.328,35.4,76.1,0.465,23.6,31.2,0.757,14.4,30.8,45.2,25.1,7.4,5.1,17.7,30.1,104.7,NBA,-4.27,0.53,-3.74,104.7,109.5,-4.8,88.4,0.361,0.121,0.522,0.469,15.0,31.9,0.273,0.499,14.2,72.3,0.34,1999-2007,2,Inefficient Offense,Utah Jazz,Utah Jazz_2005
2005,Washington Wizards,82,19780,38.6,88.4,0.437,6.7,19.5,0.343,31.9,68.9,0.463,23.3,32.2,0.725,14.7,30.9,45.6,20.3,9.3,4.5,15.2,23.5,107.2,NBA,-0.33,-0.38,-0.71,107.2,107.5,-0.3,93.3,0.364,0.22,0.523,0.474,12.9,31.1,0.264,0.498,14.6,70.0,0.23,1999-2007,2,Inefficient Offense,Washington Wizards,Washington Wizards_2005
2004,Atlanta Hawks,82,19905,37.6,86.7,0.433,5.6,16.6,0.335,32.0,70.1,0.456,20.4,26.2,0.776,13.2,33.3,46.5,21.9,8.3,5.4,17.9,24.2,101.0,NBA,-4.65,-0.36,-5.0,101.0,106.1,-5.1,90.8,0.303,0.191,0.514,0.465,15.4,28.6,0.235,0.476,13.1,70.5,0.234,1999-2007,4,Rebuilder,Atlanta Hawks,Atlanta Hawks_2004
2004,Boston Celtics,82,19705,37.2,83.9,0.443,7.2,20.9,0.346,29.9,63.0,0.475,20.5,27.4,0.75,11.1,31.9,43.0,22.0,10.1,4.3,17.4,24.0,102.1,NBA,-1.45,-0.54,-1.99,102.1,103.7,-1.6,93.2,0.327,0.249,0.532,0.486,15.4,25.2,0.245,0.479,15.7,69.5,0.24,1999-2007,2,Inefficient Offense,Boston Celtics,Boston Celtics_2004
2004,Chicago Bulls,82,19830,36.7,88.7,0.414,5.6,16.5,0.342,31.1,72.2,0.431,17.5,24.1,0.725,13.8,33.1,46.8,23.5,8.7,5.2,17.3,25.1,96.6,NBA,-6.35,-0.33,-6.69,96.6,103.4,-6.8,92.2,0.272,0.186,0.486,0.446,14.9,28.1,0.197,0.469,14.1,71.4,0.253,1999-2007,4,Rebuilder,Chicago Bulls,Chicago Bulls_2004
2004,Cleveland Cavaliers,82,19855,38.9,89.9,0.433,3.3,10.5,0.314,35.6,79.4,0.448,20.3,27.0,0.753,14.9,34.8,49.7,24.1,7.8,7.1,16.2,23.2,101.4,NBA,-2.62,-0.44,-3.07,101.4,104.2,-2.8,90.8,0.301,0.116,0.498,0.451,13.7,31.1,0.226,0.469,12.3,73.0,0.221,1999-2007,4,Rebuilder,Cleveland Cavaliers,Cleveland Cavaliers_2004
2004,Dallas Mavericks,82,19805,43.2,94.0,0.459,6.6,18.9,0.348,36.6,75.1,0.488,19.2,24.1,0.796,15.3,33.0,48.3,25.5,8.5,5.7,13.0,20.9,112.1,NBA,4.44,0.42,4.86,112.1,107.4,4.7,93.2,0.256,0.201,0.536,0.495,11.1,31.4,0.204,0.498,13.9,71.6,0.214,1999-2007,3,High-Pace Offense,Dallas Mavericks,Dallas Mavericks_2004
2004,Denver Nuggets,82,19730,39.0,88.1,0.443,4.3,12.8,0.336,34.7,75.3,0.461,21.6,28.1,0.767,14.1,31.1,45.2,23.4,9.7,6.8,16.7,23.5,103.9,NBA,1.07,0.58,1.65,103.9,102.7,1.2,93.3,0.319,0.146,0.517,0.467,14.2,30.5,0.245,0.481,15.6,69.3,0.221,1999-2007,1,Defensive Grind,Denver Nuggets,Denver Nuggets_2004
2004,Detroit Pistons,82,19780,37.9,87.2,0.435,4.6,13.4,0.344,33.3,73.8,0.452,21.6,28.6,0.753,14.0,34.4,48.4,23.5,9.1,7.9,17.1,23.0,102.0,NBA,5.84,-0.81,5.04,102.0,95.4,6.6,87.9,0.328,0.153,0.511,0.461,14.7,30.1,0.247,0.441,15.5,71.8,0.202,1999-2007,1,Defensive Grind,Detroit Pistons,Detroit Pistons_2004
2004,Golden State Warriors,82,19855,38.7,87.7,0.442,5.8,17.3,0.334,32.9,70.4,0.468,19.8,27.3,0.725,13.5,34.1,47.6,22.6,7.8,5.2,16.3,22.8,103.0,NBA,-0.73,0.66,-0.07,103.0,103.8,-0.8,89.8,0.311,0.197,0.517,0.475,14.1,28.4,0.226,0.476,13.3,72.1,0.211,1999-2007,0,Balanced,Golden State Warriors,Golden State Warriors_2004
2004,Houston Rockets,82,19930,37.5,84.9,0.442,7.1,19.3,0.366,30.5,65.7,0.464,18.8,24.3,0.773,11.6,36.3,47.9,21.7,7.7,6.1,18.8,24.2,100.9,NBA,1.73,0.55,2.28,100.9,99.0,1.9,87.8,0.286,0.227,0.528,0.484,16.4,26.5,0.221,0.447,13.1,74.5,0.233,1999-2007,0,Balanced,Houston Rockets,Houston Rockets_2004
2004,Indiana Pacers,82,19805,38.1,87.5,0.435,6.2,17.7,0.351,31.9,69.8,0.457,21.3,27.9,0.764,13.4,34.0,47.3,24.6,10.1,5.7,16.4,23.7,103.8,NBA,5.76,-0.82,4.93,103.8,97.2,6.6,87.5,0.319,0.203,0.52,0.471,14.1,28.5,0.243,0.459,15.7,73.9,0.218,1999-2007,1,Defensive Grind,Indiana Pacers,Indiana Pacers_2004
2004,Los Angeles Clippers,82,19805,37.5,87.7,0.428,4.4,13.6,0.321,33.1,74.0,0.448,24.1,30.7,0.785,15.3,32.2,47.5,22.0,7.9,5.0,17.9,24.2,103.5,NBA,-4.59,0.84,-3.74,103.5,108.5,-5.0,91.0,0.35,0.156,0.512,0.453,15.0,32.8,0.275,0.494,12.9,70.0,0.231,1999-2007,4,Rebuilder,Los Angeles Clippers,Los Angeles Clippers_2004
2004,Los Angeles Lakers,82,19855,39.7,87.4,0.454,4.8,14.6,0.327,34.9,72.8,0.479,21.4,30.8,0.693,13.1,33.2,46.3,25.5,8.9,5.0,14.8,22.7,105.5,NBA,3.9,0.45,4.35,105.5,101.3,4.2,92.3,0.352,0.167,0.522,0.481,12.8,28.1,0.244,0.471,14.3,73.3,0.222,1999-2007,1,Defensive Grind,Los Angeles Lakers,Los Angeles Lakers_2004
2004,Memphis Grizzlies,82,19880,39.2,88.0,0.445,5.9,17.4,0.34,33.2,70.6,0.471,20.6,28.3,0.727,13.8,31.5,45.3,25.3,10.5,7.5,16.2,25.1,104.8,NBA,2.44,0.52,2.95,104.8,102.2,2.6,91.4,0.322,0.197,0.522,0.479,13.9,29.5,0.234,0.465,15.7,68.4,0.251,1999-2007,1,Defensive Grind,Memphis Grizzlies,Memphis Grizzlies_2004
2004,Miami Heat,82,19755,37.7,88.6,0.425,6.7,18.7,0.357,31.0,69.9,0.443,20.2,26.5,0.762,13.0,34.0,47.0,21.6,8.1,4.3,15.7,25.0,102.2,NBA,0.52,-0.65,-0.13,102.2,101.7,0.5,88.0,0.298,0.211,0.51,0.463,13.5,27.4,0.227,0.463,14.5,73.4,0.26,1999-2007,0,Balanced,Miami Heat,Miami Heat_2004
2004,Milwaukee Bucks,82,19780,39.4,88.1,0.447,5.3,15.2,0.35,34.0,72.9,0.467,22.5,29.0,0.775,12.7,33.2,45.9,24.8,7.3,5.1,14.7,22.1,106.5,NBA,1.06,-0.64,0.42,106.5,105.4,1.1,91.6,0.33,0.172,0.528,0.477,12.7,27.6,0.255,0.485,13.3,71.8,0.213,1999-2007,0,Balanced,Milwaukee Bucks,Milwaukee Bucks_2004
2004,Minnesota Timberwolves,82,19755,41.4,89.7,0.462,4.5,12.2,0.363,37.0,77.5,0.477,18.6,23.8,0.781,11.9,36.1,48.1,25.8,7.7,6.3,14.2,23.6,105.9,NBA,5.49,0.37,5.86,105.9,99.7,6.2,89.0,0.265,0.137,0.528,0.486,12.4,26.7,0.207,0.444,12.9,72.5,0.215,1999-2007,0,Balanced,Minnesota Timberwolves,Minnesota Timberwolves_2004
2004,New Jersey Nets,82,19705,38.3,86.8,0.441,5.1,15.3,0.336,33.2,71.5,0.464,19.0,25.3,0.753,11.7,33.7,45.4,27.4,9.7,4.4,16.5,23.5,100.8,NBA,2.5,-0.63,1.88,100.8,98.0,2.8,89.4,0.291,0.176,0.515,0.471,14.4,25.9,0.219,0.46,15.7,73.9,0.221,1999-2007,1,Defensive Grind,New Jersey Nets,New Jersey Nets_2004
2004,New Orleans Hornets,82,19830,37.7,89.7,0.42,7.2,22.6,0.319,30.4,67.1,0.454,19.7,26.3,0.751,14.8,32.8,47.7,23.3,9.6,4.7,16.7,23.3,102.3,NBA,-0.1,-0.62,-0.72,102.3,102.4,-0.1,89.1,0.293,0.252,0.505,0.46,14.1,30.6,0.22,0.476,15.0,71.3,0.218,1999-2007,0,Balanced,New Orleans Hornets,New Orleans Hornets_2004
2004,New York Knicks,82,19880,38.9,87.8,0.442,5.5,15.0,0.364,33.4,72.8,0.459,18.5,23.4,0.793,12.8,34.3,47.1,22.9,8.2,5.3,17.4,25.6,101.7,NBA,-1.48,-0.49,-1.97,101.7,103.3,-1.6,89.5,0.266,0.171,0.518,0.474,15.1,28.0,0.211,0.461,13.2,72.8,0.259,1999-2007,0,Balanced,New York Knicks,New York Knicks_2004
2004,Orlando Magic,82,19830,38.7,90.2,0.429,5.7,16.6,0.344,33.0,73.5,0.448,19.6,26.6,0.737,13.4,31.3,44.7,21.1,7.3,4.1,15.0,23.2,102.7,NBA,-7.02,-0.23,-7.25,102.7,110.4,-7.7,90.8,0.296,0.184,0.504,0.461,12.8,28.1,0.218,0.502,12.7,68.7,0.214,1999-2007,4,Rebuilder,Orlando Magic,Orlando Magic_2004
2004,Philadelphia 76ers,82,19855,36.8,86.0,0.428,4.7,13.6,0.342,32.2,72.3,0.445,20.8,27.6,0.753,12.9,33.1,46.0,22.5,9.0,4.9,17.9,23.4,99.1,NBA,-2.49,-0.46,-2.95,99.1,101.9,-2.8,88.0,0.321,0.158,0.505,0.456,15.5,28.2,0.242,0.467,14.7,70.7,0.231,1999-2007,4,Rebuilder,Philadelphia 76ers,Philadelphia 76ers_2004
2004,Phoenix Suns,82,19730,38.8,87.6,0.443,5.5,15.8,0.345,33.4,71.8,0.465,18.3,24.5,0.746,12.1,31.6,43.7,20.8,9.6,5.0,16.4,24.5,101.4,NBA,-3.74,0.8,-2.94,101.4,105.5,-4.1,92.6,0.28,0.18,0.515,0.475,14.3,26.6,0.209,0.482,14.7,69.9,0.24,1999-2007,4,Rebuilder,Phoenix Suns,Phoenix Suns_2004
2004,Portland Trail Blazers,82,19980,40.4,90.1,0.448,5.3,15.4,0.346,35.1,74.7,0.469,17.6,24.1,0.731,14.5,33.1,47.6,24.6,8.5,6.2,16.9,21.7,103.7,NBA,-1.27,0.69,-0.58,103.7,105.1,-1.4,86.2,0.267,0.17,0.515,0.478,14.4,31.2,0.195,0.482,13.3,70.0,0.186,1999-2007,0,Balanced,Portland Trail Blazers,Portland Trail Blazers_2004
2004,Sacramento Kings,82,19780,40.6,87.8,0.462,7.9,19.6,0.401,32.7,68.2,0.48,21.3,26.7,0.795,11.6,32.6,44.2,28.1,9.3,4.3,14.9,20.7,110.3,NBA,5.01,0.4,5.41,110.3,104.9,5.4,92.8,0.305,0.223,0.554,0.507,13.0,26.0,0.242,0.483,13.7,69.8,0.193,1999-2007,3,High-Pace Offense,Sacramento Kings,Sacramento Kings_2004
2004,San Antonio Spurs,82,19755,38.7,87.6,0.442,5.6,15.5,0.358,33.2,72.1,0.46,19.2,28.2,0.681,14.0,36.4,50.4,22.8,9.0,7.3,16.4,22.7,102.2,NBA,7.22,0.29,7.51,102.2,94.1,8.1,89.2,0.322,0.177,0.511,0.473,14.1,29.5,0.219,0.433,14.8,74.6,0.215,1999-2007,1,Defensive Grind,San Antonio Spurs,San Antonio Spurs_2004
2004,Seattle SuperSonics,82,19805,39.6,88.8,0.446,9.7,26.1,0.373,29.9,62.7,0.476,18.4,24.0,0.765,12.2,31.2,43.5,24.0,8.9,5.2,16.0,24.0,107.3,NBA,-0.63,0.66,0.02,107.3,108.0,-0.7,89.9,0.27,0.294,0.54,0.501,13.9,27.2,0.207,0.487,13.9,68.5,0.237,1999-2007,3,High-Pace Offense,Seattle SuperSonics,Seattle SuperSonics_2004
2004,Toronto Raptors,82,19980,36.7,87.9,0.418,6.4,17.9,0.356,30.4,70.0,0.434,17.1,22.8,0.75,11.5,33.5,45.0,21.8,8.4,5.6,16.1,24.2,97.0,NBA,-3.01,-0.4,-3.42,97.0,100.4,-3.4,86.8,0.26,0.204,0.495,0.454,14.1,23.8,0.195,0.449,14.1,70.1,0.241,1999-2007,4,Rebuilder,Toronto Raptors,Toronto Raptors_2004
2004,Utah Jazz,82,19780,37.7,86.5,0.436,3.5,11.0,0.321,34.2,75.5,0.453,23.0,30.8,0.746,15.5,31.8,47.3,23.4,8.2,6.9,19.1,29.4,101.9,NBA,-1.22,0.69,-0.53,101.9,103.3,-1.4,86.6,0.356,0.127,0.509,0.456,16.1,34.1,0.266,0.468,15.4,72.4,0.319,1999-2007,1,Defensive Grind,Utah Jazz,Utah Jazz_2004
2004,Washington Wizards,82,19830,36.2,86.0,0.421,5.7,16.6,0.341,30.5,69.4,0.44,20.7,29.0,0.714,14.6,31.4,46.0,20.2,9.6,5.3,18.9,22.5,98.8,NBA,-5.63,-0.48,-6.12,98.8,104.8,-6.0,92.2,0.337,0.194,0.5,0.454,16.0,30.7,0.241,0.486,14.9,69.5,0.214,1999-2007,4,Rebuilder,Washington Wizards,Washington Wizards_2004
2003,Atlanta Hawks,82,19905,37.9,85.3,0.444,5.3,15.1,0.352,32.6,70.2,0.464,21.1,26.7,0.793,12.4,33.9,46.3,22.3,8.1,6.3,18.1,23.6,102.3,NBA,-3.56,-0.31,-3.87,102.3,106.1,-3.8,91.0,0.313,0.177,0.527,0.476,15.7,27.9,0.248,0.469,12.1,70.4,0.222,1999-2007,2,Inefficient Offense,Atlanta Hawks,Atlanta Hawks_2003
2003,Boston Celtics,82,19830,36.0,86.7,0.415,9.6,28.7,0.334,26.4,58.0,0.455,19.7,26.6,0.742,11.3,32.9,44.2,21.0,9.6,4.0,15.3,23.4,101.2,NBA,-0.39,-0.36,-0.75,101.2,101.6,-0.4,90.9,0.306,0.331,0.514,0.47,13.4,23.6,0.227,0.471,15.1,72.5,0.242,1999-2007,0,Balanced,Boston Celtics,Boston Celtics_2003
2003,Chicago Bulls,82,19930,38.5,86.4,0.445,4.5,12.8,0.35,34.0,73.6,0.462,18.7,25.9,0.722,12.7,32.7,45.4,22.9,7.8,5.9,17.9,26.1,100.2,NBA,-5.13,-0.17,-5.31,100.2,105.6,-5.4,93.5,0.3,0.148,0.512,0.471,15.4,27.7,0.217,0.47,13.3,69.5,0.263,1999-2007,4,Rebuilder,Chicago Bulls,Chicago Bulls_2003
2003,Cleveland Cavaliers,82,19830,36.7,86.9,0.422,3.8,11.5,0.327,32.9,75.3,0.437,19.3,25.9,0.747,14.4,32.7,47.1,22.0,8.2,6.7,19.3,24.0,96.5,NBA,-9.62,0.04,-9.59,96.5,106.7,-10.2,94.0,0.298,0.133,0.491,0.444,16.4,31.0,0.223,0.484,13.0,73.2,0.252,1999-2007,4,Rebuilder,Cleveland Cavaliers,Cleveland Cavaliers_2003
2003,Dallas Mavericks,82,19780,41.4,91.5,0.453,8.3,21.9,0.381,33.1,69.7,0.475,19.5,23.5,0.829,12.0,33.4,45.3,24.1,8.7,5.9,12.4,22.7,110.7,NBA,7.78,0.12,7.9,110.7,102.3,8.4,92.5,0.257,0.239,0.543,0.498,10.9,25.4,0.213,0.473,14.8,70.9,0.221,1999-2007,3,High-Pace Offense,Dallas Mavericks,Dallas Mavericks_2003
2003,Denver Nuggets,82,19730,35.9,87.5,0.411,3.1,11.0,0.278,32.9,76.4,0.43,17.3,24.7,0.699,14.9,31.6,46.4,23.2,9.5,5.6,20.2,27.5,92.2,NBA,-8.28,0.87,-7.41,92.2,101.3,-9.1,91.0,0.283,0.126,0.469,0.428,17.1,31.3,0.198,0.477,16.5,73.3,0.29,1999-2007,4,Rebuilder,Denver Nuggets,Denver Nuggets_2003
2003,Detroit Pistons,82,19905,37.5,87.2,0.43,7.4,20.7,0.358,30.1,66.5,0.452,21.7,28.1,0.771,12.3,34.0,46.2,22.5,7.7,6.5,15.3,24.3,104.1,NBA,3.68,-0.71,2.97,104.1,99.9,4.2,86.8,0.322,0.237,0.523,0.473,13.3,25.9,0.248,0.461,13.9,74.0,0.225,1999-2007,0,Balanced,Detroit Pistons,Detroit Pistons_2003
2003,Golden State Warriors,82,19755,39.5,89.5,0.441,5.5,15.9,0.344,34.0,73.6,0.462,23.9,30.7,0.778,16.6,32.8,49.4,22.1,7.7,6.5,16.7,23.0,108.3,NBA,-1.13,0.54,-0.6,108.3,109.5,-1.2,94.2,0.343,0.178,0.526,0.472,13.9,35.0,0.267,0.482,12.2,67.9,0.22,1999-2007,2,Inefficient Offense,Golden State Warriors,Golden State Warriors_2003
2003,Houston Rockets,82,19930,38.5,87.6,0.44,6.0,17.2,0.346,32.6,70.5,0.462,21.3,27.7,0.768,13.9,34.8,48.7,20.4,8.1,6.7,17.3,21.7,104.3,NBA,1.48,0.42,1.89,104.3,102.6,1.7,88.8,0.316,0.196,0.522,0.474,14.8,30.3,0.243,0.462,12.6,72.4,0.209,1999-2007,0,Balanced,Houston Rockets,Houston Rockets_2003
2003,Indiana Pacers,82,19905,38.3,87.0,0.441,5.0,14.7,0.339,33.3,72.3,0.461,22.9,29.9,0.766,13.2,34.5,47.7,25.2,9.2,5.8,15.9,23.8,104.6,NBA,3.49,-0.7,2.79,104.6,100.8,3.8,91.6,0.344,0.169,0.522,0.469,13.7,29.0,0.263,0.458,14.3,72.3,0.228,1999-2007,1,Defensive Grind,Indiana Pacers,Indiana Pacers_2003
2003,Los Angeles Clippers,82,19755,37.7,86.3,0.437,5.2,15.7,0.331,32.5,70.7,0.46,21.7,29.0,0.75,13.4,32.7,46.2,21.3,7.6,6.1,17.2,23.7,102.3,NBA,-4.12,0.68,-3.45,102.3,106.8,-4.5,91.3,0.335,0.182,0.516,0.467,14.8,29.1,0.252,0.481,13.1,70.2,0.222,1999-2007,4,Rebuilder,Los Angeles Clippers,Los Angeles Clippers_2003
2003,Los Angeles Lakers,82,19930,40.3,89.3,0.451,6.3,17.8,0.356,33.9,71.5,0.475,20.3,27.7,0.734,14.0,33.3,47.3,24.9,8.3,6.1,15.5,24.4,107.2,NBA,2.33,0.38,2.71,107.2,104.7,2.5,92.5,0.311,0.199,0.528,0.486,13.3,30.2,0.228,0.477,13.4,72.7,0.241,1999-2007,0,Balanced,Los Angeles Lakers,Los Angeles Lakers_2003
2003,Memphis Grizzlies,82,19930,39.6,87.6,0.452,6.1,16.6,0.365,33.5,71.0,0.473,18.6,25.2,0.739,12.3,32.0,44.3,24.6,8.5,6.5,16.4,21.8,103.9,NBA,-3.23,0.63,-2.6,103.9,107.3,-3.4,92.7,0.287,0.19,0.526,0.487,14.2,27.0,0.212,0.491,13.4,68.7,0.197,1999-2007,0,Balanced,Memphis Grizzlies,Memphis Grizzlies_2003
2003,Miami Heat,82,19830,37.0,89.8,0.412,4.8,15.2,0.316,32.2,74.6,0.432,17.8,23.3,0.765,13.1,33.9,47.0,20.7,8.2,4.5,16.1,25.6,96.7,NBA,-5.05,-0.08,-5.13,96.7,102.4,-5.7,87.8,0.259,0.169,0.483,0.439,13.8,26.8,0.198,0.47,14.1,73.9,0.257,1999-2007,4,Rebuilder,Miami Heat,Miami Heat_2003
2003,Milwaukee Bucks,82,19905,40.6,89.0,0.457,7.8,20.4,0.383,32.8,68.6,0.478,19.8,25.5,0.776,11.7,31.6,43.3,24.3,8.3,4.6,13.9,24.3,108.8,NBA,0.23,-0.48,-0.24,108.8,108.6,0.2,90.4,0.287,0.229,0.543,0.5,12.2,25.6,0.222,0.494,13.5,69.9,0.237,1999-2007,3,High-Pace Offense,Milwaukee Bucks,Milwaukee Bucks_2003
2003,Minnesota Timberwolves,82,19805,41.8,89.7,0.466,3.9,10.6,0.368,37.9,79.2,0.479,18.5,24.1,0.77,12.6,34.5,47.1,27.3,7.3,5.7,14.8,22.5,106.1,NBA,2.07,0.39,2.46,106.1,103.8,2.3,91.9,0.268,0.118,0.528,0.488,12.9,28.2,0.206,0.472,12.7,72.9,0.203,1999-2007,0,Balanced,Minnesota Timberwolves,Minnesota Timberwolves_2003
2003,New Jersey Nets,82,19755,38.6,87.4,0.441,4.6,13.8,0.332,34.0,73.6,0.462,22.1,29.1,0.757,13.1,33.5,46.7,25.0,9.5,5.0,16.1,23.5,103.8,NBA,5.22,-0.8,4.42,103.8,98.1,5.7,91.6,0.333,0.158,0.518,0.468,13.8,28.7,0.252,0.46,15.7,73.1,0.225,1999-2007,1,Defensive Grind,New Jersey Nets,New Jersey Nets_2003
2003,New Orleans Hornets,82,19905,39.3,90.3,0.435,5.5,14.5,0.376,33.9,75.8,0.447,19.8,25.8,0.768,14.8,33.4,48.2,24.4,8.9,5.3,16.4,23.9,103.9,NBA,2.11,-0.59,1.52,103.9,101.6,2.3,89.4,0.285,0.161,0.511,0.465,13.9,31.7,0.219,0.464,14.0,73.1,0.226,1999-2007,0,Balanced,New Orleans Hornets,New Orleans Hornets_2003
2003,New York Knicks,82,19855,39.5,89.6,0.441,8.1,21.1,0.383,31.5,68.5,0.459,17.6,21.6,0.815,11.2,31.7,42.9,24.0,7.7,3.4,15.3,25.2,104.7,NBA,-1.35,-0.26,-1.61,104.7,106.2,-1.5,90.7,0.241,0.235,0.528,0.486,13.4,24.4,0.196,0.485,13.7,71.8,0.261,1999-2007,0,Balanced,New York Knicks,New York Knicks_2003
2003,Orlando Magic,82,19805,38.4,88.0,0.436,7.4,20.7,0.357,31.0,67.3,0.46,21.0,27.1,0.777,12.5,31.1,43.6,21.8,9.1,3.9,15.3,24.6,105.2,NBA,0.13,-0.53,-0.39,105.2,105.0,0.2,93.1,0.307,0.235,0.526,0.478,13.3,27.0,0.239,0.486,15.1,71.1,0.25,1999-2007,0,Balanced,Orlando Magic,Orlando Magic_2003
2003,Philadelphia 76ers,82,19855,39.3,87.8,0.448,3.2,10.4,0.311,36.1,77.4,0.466,23.1,29.8,0.775,13.8,31.9,45.7,23.4,11.2,3.8,16.0,23.8,105.0,NBA,2.3,-0.55,1.76,105.0,102.5,2.5,91.4,0.339,0.119,0.52,0.466,13.7,30.3,0.263,0.488,16.2,72.7,0.243,1999-2007,1,Defensive Grind,Philadelphia 76ers,Philadelphia 76ers_2003
2003,Phoenix Suns,82,19805,39.8,89.7,0.443,5.2,15.2,0.343,34.6,74.5,0.464,18.9,25.5,0.742,13.9,32.3,46.2,22.8,8.8,5.3,16.0,23.8,103.7,NBA,1.13,0.43,1.57,103.7,102.5,1.2,91.5,0.285,0.17,0.514,0.473,13.7,29.7,0.211,0.47,14.8,70.3,0.222,1999-2007,0,Balanced,Phoenix Suns,Phoenix Suns_2003
2003,Portland Trail Blazers,82,19855,40.4,87.8,0.46,5.1,15.5,0.33,35.3,72.2,0.488,19.6,26.3,0.745,13.4,32.2,45.6,25.1,9.8,4.3,16.9,22.1,105.5,NBA,2.61,0.36,2.97,105.5,102.6,2.9,89.4,0.3,0.177,0.531,0.489,14.5,30.2,0.223,0.483,14.9,72.3,0.194,1999-2007,1,Defensive Grind,Portland Trail Blazers,Portland Trail Blazers_2003
2003,Sacramento Kings,82,19830,41.1,88.7,0.464,6.2,16.3,0.381,34.9,72.4,0.482,17.3,23.2,0.746,11.4,34.9,46.3,25.8,9.3,5.8,15.1,21.1,105.9,NBA,6.5,0.18,6.68,105.9,99.1,6.8,95.4,0.262,0.184,0.535,0.499,13.3,25.6,0.196,0.446,13.6,70.6,0.204,1999-2007,3,High-Pace Offense,Sacramento Kings,Sacramento Kings_2003
2003,San Antonio Spurs,82,19830,39.1,84.7,0.462,6.0,17.1,0.354,33.1,67.6,0.489,21.4,29.5,0.725,12.6,34.4,47.0,22.0,8.5,7.1,17.4,22.5,105.6,NBA,5.41,0.23,5.65,105.6,99.7,5.9,90.0,0.348,0.202,0.541,0.497,15.1,28.8,0.253,0.453,14.2,71.3,0.199,1999-2007,1,Defensive Grind,San Antonio Spurs,San Antonio Spurs_2003
2003,Seattle SuperSonics,82,19855,39.6,90.6,0.437,6.3,17.7,0.353,33.4,72.9,0.458,18.2,24.4,0.744,13.2,32.7,46.0,24.4,9.3,4.1,14.9,23.5,103.7,NBA,-0.12,0.49,0.37,103.7,103.9,-0.2,88.0,0.27,0.196,0.512,0.472,12.8,28.1,0.201,0.484,14.3,71.8,0.21,1999-2007,0,Balanced,Seattle SuperSonics,Seattle SuperSonics_2003
2003,Toronto Raptors,82,19805,38.4,89.9,0.427,5.5,16.1,0.343,32.9,73.8,0.446,18.2,25.3,0.718,13.8,31.8,45.6,21.3,8.2,5.3,15.9,23.7,100.5,NBA,-5.87,-0.23,-6.1,100.5,107.0,-6.5,89.9,0.282,0.179,0.497,0.458,13.6,28.2,0.203,0.489,13.1,70.7,0.226,1999-2007,4,Rebuilder,Toronto Raptors,Toronto Raptors_2003
2003,Utah Jazz,82,19780,39.3,84.1,0.468,3.0,8.7,0.349,36.3,75.4,0.481,23.8,31.9,0.745,13.9,32.4,46.2,28.6,9.6,6.3,18.7,25.0,105.5,NBA,2.39,0.37,2.76,105.5,102.8,2.7,89.3,0.38,0.104,0.537,0.486,16.0,32.5,0.283,0.468,15.2,70.2,0.256,1999-2007,1,Defensive Grind,Utah Jazz,Utah Jazz_2003
2003,Washington Wizards,82,19830,38.7,87.8,0.44,3.5,11.1,0.312,35.2,76.6,0.459,22.2,28.5,0.779,12.6,32.9,45.5,22.1,8.5,5.4,15.0,22.6,103.0,NBA,-1.01,-0.46,-1.47,103.0,104.1,-1.1,88.2,0.325,0.127,0.513,0.46,13.0,27.3,0.253,0.477,13.8,71.6,0.212,1999-2007,0,Balanced,Washington Wizards,Washington Wizards_2003
2002,Atlanta Hawks,82,19780,38.3,87.3,0.439,5.6,15.8,0.354,32.7,71.5,0.458,19.6,25.6,0.765,12.6,32.3,44.9,21.9,8.8,4.6,16.8,22.5,101.8,NBA,-4.23,-0.18,-4.41,101.8,106.4,-4.6,91.9,0.294,0.181,0.517,0.471,14.6,27.5,0.225,0.495,14.1,70.9,0.218,1999-2007,4,Rebuilder,Atlanta Hawks,Atlanta Hawks_2002
2002,Boston Celtics,82,19830,37.3,88.1,0.424,9.1,25.5,0.359,28.2,62.6,0.45,19.6,25.6,0.764,11.7,33.6,45.3,22.5,10.4,3.8,14.6,23.2,103.4,NBA,2.21,-0.46,1.75,103.4,101.0,2.4,92.5,0.291,0.289,0.52,0.476,12.8,24.1,0.223,0.464,15.1,72.9,0.245,1999-2007,0,Balanced,Boston Celtics,Boston Celtics_2002
2002,Charlotte Hornets,82,19755,39.2,89.2,0.44,4.7,13.5,0.348,34.5,75.7,0.456,21.2,28.5,0.745,14.3,33.9,48.3,23.8,8.8,6.2,15.6,23.7,104.3,NBA,0.96,-0.4,0.57,104.3,103.3,1.0,89.7,0.32,0.151,0.513,0.466,13.3,30.6,0.238,0.465,13.3,72.2,0.226,1999-2007,0,Balanced,Charlotte Hornets,Charlotte Hornets_2002
2002,Chicago Bulls,82,19805,37.6,86.9,0.433,4.0,11.6,0.346,33.6,75.3,0.447,18.9,26.2,0.722,12.4,31.6,43.9,24.3,8.5,4.8,16.8,24.5,98.2,NBA,-8.54,0.02,-8.52,98.2,107.6,-9.4,90.5,0.302,0.134,0.499,0.456,14.6,26.6,0.218,0.497,13.7,71.4,0.239,1999-2007,4,Rebuilder,Chicago Bulls,Chicago Bulls_2002
2002,Cleveland Cavaliers,82,19855,39.5,88.1,0.448,5.2,13.7,0.377,34.3,74.4,0.461,20.5,26.5,0.772,13.0,33.2,46.2,25.3,7.7,6.3,16.0,23.5,104.6,NBA,-3.33,-0.19,-3.52,104.6,108.2,-3.6,90.3,0.301,0.156,0.524,0.477,13.8,28.9,0.232,0.493,12.3,72.8,0.226,1999-2007,0,Balanced,Cleveland Cavaliers,Cleveland Cavaliers_2002
2002,Dallas Mavericks,82,19880,41.6,90.1,0.462,8.1,21.4,0.378,33.5,68.7,0.488,20.9,25.9,0.806,11.9,33.4,45.3,23.6,7.6,5.1,12.9,24.0,112.2,NBA,4.26,0.16,4.41,112.2,107.7,4.5,92.8,0.288,0.237,0.553,0.507,11.3,26.1,0.232,0.485,12.9,70.7,0.239,1999-2007,3,High-Pace Offense,Dallas Mavericks,Dallas Mavericks_2002
2002,Denver Nuggets,82,19805,39.1,92.1,0.424,5.7,17.2,0.329,33.4,74.9,0.446,17.5,23.6,0.744,15.0,31.0,46.0,24.4,8.2,6.2,16.2,25.1,101.4,NBA,-5.82,0.63,-5.19,101.4,107.8,-6.4,90.4,0.256,0.187,0.495,0.455,13.6,30.6,0.19,0.492,13.6,69.9,0.245,1999-2007,4,Rebuilder,Denver Nuggets,Denver Nuggets_2002
2002,Detroit Pistons,82,19680,38.5,85.3,0.452,7.7,20.4,0.376,30.9,64.9,0.475,20.0,26.5,0.756,11.0,32.1,43.0,23.9,8.8,7.7,16.2,23.0,104.8,NBA,2.13,-0.45,1.69,104.8,102.4,2.4,90.0,0.31,0.24,0.54,0.497,14.3,24.4,0.235,0.474,14.8,70.5,0.206,1999-2007,0,Balanced,Detroit Pistons,Detroit Pistons_2002
2002,Golden State Warriors,82,19780,38.5,89.7,0.429,4.1,12.8,0.322,34.4,77.0,0.447,21.7,30.1,0.722,17.1,32.0,49.1,21.9,8.3,6.7,17.7,24.2,102.8,NBA,-5.4,0.61,-4.8,102.8,108.5,-5.7,94.5,0.335,0.142,0.499,0.452,14.7,35.3,0.242,0.488,12.9,69.4,0.232,1999-2007,4,Rebuilder,Golden State Warriors,Golden State Warriors_2002
2002,Houston Rockets,82,19980,38.6,90.3,0.428,6.8,20.2,0.335,31.9,70.1,0.455,19.1,25.8,0.741,14.0,32.8,46.8,20.2,7.3,6.1,15.7,20.1,103.1,NBA,-4.89,0.58,-4.31,103.1,108.6,-5.5,88.2,0.286,0.223,0.507,0.465,13.4,29.0,0.211,0.491,11.5,69.8,0.178,1999-2007,0,Balanced,Houston Rockets,Houston Rockets_2002
2002,Indiana Pacers,82,19905,38.5,86.3,0.446,5.3,15.7,0.339,33.2,70.6,0.47,21.8,28.3,0.772,12.2,33.7,45.9,24.7,8.6,5.7,16.4,24.6,104.1,NBA,0.27,-0.34,-0.07,104.1,103.8,0.3,91.9,0.328,0.182,0.527,0.477,14.2,27.0,0.253,0.469,13.2,71.0,0.227,1999-2007,0,Balanced,Indiana Pacers,Indiana Pacers_2002
2002,Los Angeles Clippers,82,19805,40.0,89.7,0.445,5.5,15.4,0.356,34.5,74.3,0.464,20.1,27.3,0.739,14.6,33.3,47.8,23.1,6.9,7.3,16.3,21.8,105.5,NBA,-0.46,0.38,-0.09,105.5,106.0,-0.5,90.1,0.304,0.172,0.519,0.476,13.8,31.3,0.225,0.477,12.1,69.9,0.194,1999-2007,0,Balanced,Los Angeles Clippers,Los Angeles Clippers_2002
2002,Los Angeles Lakers,82,19780,41.5,90.1,0.461,6.7,19.0,0.354,34.8,71.2,0.489,19.7,28.2,0.699,13.5,34.3,47.8,24.8,8.2,6.3,13.7,24.0,109.4,NBA,7.12,0.03,7.15,109.4,101.7,7.7,92.1,0.313,0.21,0.534,0.498,11.8,28.8,0.218,0.453,13.0,72.0,0.233,1999-2007,3,High-Pace Offense,Los Angeles Lakers,Los Angeles Lakers_2002
2002,Memphis Grizzlies,82,19780,38.0,87.0,0.436,4.5,14.6,0.307,33.5,72.4,0.462,17.8,25.1,0.708,13.1,32.1,45.2,23.8,8.6,6.5,17.9,20.9,98.2,NBA,-7.44,0.7,-6.74,98.2,106.3,-8.1,91.1,0.288,0.168,0.501,0.462,15.4,27.8,0.204,0.486,13.7,68.0,0.197,1999-2007,4,Rebuilder,Memphis Grizzlies,Memphis Grizzlies_2002
2002,Miami Heat,82,19930,38.6,87.9,0.439,4.3,12.4,0.347,34.3,75.5,0.454,17.0,23.5,0.724,12.4,35.0,47.5,22.9,7.5,6.2,16.8,25.4,98.5,NBA,-1.54,-0.31,-1.84,98.5,100.2,-1.7,87.4,0.268,0.141,0.501,0.463,14.6,26.6,0.194,0.455,13.6,74.0,0.249,1999-2007,4,Rebuilder,Miami Heat,Miami Heat_2002
2002,Milwaukee Bucks,82,19905,40.6,87.9,0.462,7.9,21.2,0.375,32.7,66.7,0.49,17.7,23.6,0.748,11.2,34.2,45.4,24.7,8.0,5.2,15.5,23.9,106.9,NBA,-0.22,-0.4,-0.62,106.9,107.1,-0.2,90.2,0.269,0.241,0.544,0.507,13.6,25.6,0.201,0.477,12.0,70.9,0.217,1999-2007,3,High-Pace Offense,Milwaukee Bucks,Milwaukee Bucks_2002
2002,Minnesota Timberwolves,82,19805,42.5,92.2,0.461,5.3,14.0,0.378,37.2,78.2,0.476,18.7,23.5,0.798,14.2,34.3,48.5,26.7,7.0,5.7,14.7,23.3,109.0,NBA,3.38,0.2,3.58,109.0,105.3,3.7,90.5,0.255,0.152,0.532,0.49,12.5,31.3,0.203,0.482,12.7,73.7,0.218,1999-2007,3,High-Pace Offense,Minnesota Timberwolves,Minnesota Timberwolves_2002
2002,New Jersey Nets,82,19830,40.1,89.9,0.446,5.3,15.7,0.338,34.8,74.1,0.469,18.5,25.1,0.735,13.7,33.2,46.9,26.2,9.4,6.5,15.7,22.9,104.0,NBA,4.16,-0.49,3.67,104.0,99.5,4.5,91.8,0.28,0.175,0.515,0.476,13.4,29.2,0.206,0.459,14.9,71.6,0.213,1999-2007,0,Balanced,New Jersey Nets,New Jersey Nets_2002
2002,New York Knicks,82,19805,38.0,88.1,0.432,6.4,18.2,0.353,31.6,69.9,0.453,19.0,24.1,0.787,11.8,33.2,45.0,23.2,7.5,3.9,16.1,24.3,101.5,NBA,-3.99,-0.16,-4.15,101.5,105.9,-4.4,89.7,0.274,0.206,0.514,0.468,14.0,25.6,0.216,0.479,12.9,71.9,0.236,1999-2007,0,Balanced,New York Knicks,New York Knicks_2002
2002,Orlando Magic,82,19830,40.1,89.5,0.448,8.1,21.6,0.373,32.0,68.0,0.471,18.8,24.9,0.754,12.2,31.7,43.9,23.4,8.6,5.0,14.5,22.1,107.0,NBA,1.57,-0.32,1.25,107.0,105.3,1.7,93.2,0.278,0.241,0.533,0.493,12.6,26.3,0.21,0.486,14.4,69.2,0.215,1999-2007,3,High-Pace Offense,Orlando Magic,Orlando Magic_2002
2002,Philadelphia 76ers,82,19730,38.4,88.1,0.436,2.9,9.8,0.299,35.4,78.3,0.453,22.4,28.8,0.779,14.9,34.7,49.6,22.4,9.6,5.0,17.2,22.5,102.1,NBA,1.6,-0.33,1.27,102.1,100.3,1.8,88.9,0.327,0.111,0.507,0.452,14.6,31.7,0.255,0.46,14.2,72.1,0.208,1999-2007,1,Defensive Grind,Philadelphia 76ers,Philadelphia 76ers_2002
2002,Phoenix Suns,82,19830,41.0,91.8,0.447,4.7,14.5,0.327,36.3,77.3,0.469,16.5,21.6,0.767,14.2,32.2,46.4,24.3,8.8,5.3,16.0,23.6,103.3,NBA,-0.68,0.39,-0.3,103.3,104.0,-0.7,91.4,0.235,0.158,0.51,0.472,13.6,30.1,0.18,0.476,14.4,70.2,0.227,1999-2007,0,Balanced,Phoenix Suns,Phoenix Suns_2002
2002,Portland Trail Blazers,82,19830,40.7,90.4,0.45,6.3,17.9,0.354,34.4,72.5,0.474,19.7,25.8,0.763,14.7,33.1,47.8,26.1,9.5,5.0,15.9,21.8,107.4,NBA,2.99,0.22,3.21,107.4,104.0,3.4,89.3,0.285,0.198,0.528,0.485,13.5,31.8,0.218,0.489,14.2,73.3,0.202,1999-2007,0,Balanced,Portland Trail Blazers,Portland Trail Blazers_2002
2002,Sacramento Kings,82,19755,41.5,89.0,0.467,5.4,14.7,0.367,36.1,74.3,0.486,20.6,27.4,0.751,12.9,34.3,47.2,24.9,9.4,4.8,14.3,19.8,109.0,NBA,7.61,0.0,7.61,109.0,101.1,7.9,95.6,0.308,0.166,0.539,0.497,12.4,27.9,0.231,0.467,13.6,71.7,0.185,1999-2007,3,High-Pace Offense,Sacramento Kings,Sacramento Kings_2002
2002,San Antonio Spurs,82,19855,39.1,85.4,0.458,5.9,16.3,0.362,33.2,69.2,0.48,22.4,30.2,0.742,12.2,34.5,46.6,22.1,8.4,7.2,15.8,21.1,106.5,NBA,6.21,0.07,6.28,106.5,99.7,6.8,90.0,0.353,0.19,0.539,0.492,13.8,27.2,0.262,0.453,13.7,71.9,0.189,1999-2007,1,Defensive Grind,San Antonio Spurs,San Antonio Spurs_2002
2002,Seattle SuperSonics,82,19830,42.6,90.8,0.469,6.6,17.6,0.378,35.9,73.3,0.49,17.2,22.7,0.755,13.2,31.7,44.9,26.2,9.5,4.9,15.3,23.5,108.9,NBA,3.02,0.22,3.24,108.9,105.6,3.3,89.0,0.25,0.193,0.54,0.505,13.2,29.4,0.189,0.485,14.5,68.1,0.206,1999-2007,3,High-Pace Offense,Seattle SuperSonics,Seattle SuperSonics_2002
2002,Toronto Raptors,82,19755,40.0,92.1,0.434,5.3,15.2,0.349,34.7,76.9,0.451,17.4,23.5,0.739,15.2,32.0,47.2,24.3,9.4,6.2,16.1,24.2,102.6,NBA,-0.44,-0.27,-0.71,102.6,103.1,-0.5,88.8,0.255,0.165,0.501,0.463,13.6,31.4,0.189,0.471,14.7,70.1,0.237,1999-2007,0,Balanced,Toronto Raptors,Toronto Raptors_2002
2002,Utah Jazz,82,19830,38.5,85.5,0.45,3.8,11.3,0.333,34.7,74.2,0.468,24.8,32.6,0.763,14.9,31.5,46.4,26.8,10.0,7.0,18.1,26.4,105.6,NBA,0.89,0.32,1.21,105.6,104.6,1.0,90.3,0.381,0.132,0.529,0.472,15.4,33.5,0.291,0.484,15.9,71.7,0.286,1999-2007,1,Defensive Grind,Utah Jazz,Utah Jazz_2002
2002,Washington Wizards,82,19730,40.5,91.8,0.441,4.2,10.8,0.388,36.3,80.9,0.448,19.7,25.7,0.765,14.5,33.0,47.5,23.6,7.8,4.9,14.7,24.3,104.8,NBA,-1.4,-0.17,-1.58,104.8,106.4,-1.6,88.3,0.28,0.118,0.508,0.464,12.5,30.7,0.214,0.484,13.0,71.4,0.214,1999-2007,0,Balanced,Washington Wizards,Washington Wizards_2002
2001,Atlanta Hawks,82,19730,38.0,88.2,0.431,4.4,12.3,0.357,33.6,75.9,0.443,18.2,24.0,0.759,13.6,32.9,46.5,20.6,8.4,5.1,18.1,24.6,98.7,NBA,-5.21,-0.34,-5.55,98.7,104.3,-5.6,91.9,0.272,0.14,0.5,0.456,15.5,28.9,0.206,0.472,13.8,70.8,0.249,1999-2007,4,Rebuilder,Atlanta Hawks,Atlanta Hawks_2001
2001,Boston Celtics,82,19830,36.3,84.8,0.428,7.7,21.3,0.363,28.5,63.4,0.45,21.2,28.6,0.74,11.7,30.9,42.7,22.3,10.1,4.4,16.8,25.5,101.4,NBA,-2.13,-0.26,-2.4,101.4,103.7,-2.3,92.6,0.338,0.252,0.521,0.473,14.7,25.3,0.25,0.493,16.0,72.7,0.256,1999-2007,2,Inefficient Offense,Boston Celtics,Boston Celtics_2001
2001,Charlotte Hornets,82,19880,37.8,87.8,0.431,4.6,13.3,0.346,33.2,74.5,0.446,21.6,29.0,0.745,13.9,35.2,49.2,25.7,9.0,6.1,16.0,23.7,101.8,NBA,2.1,-0.65,1.45,101.8,99.5,2.3,89.4,0.33,0.151,0.506,0.457,13.7,29.8,0.246,0.456,14.1,74.5,0.222,1999-2007,1,Defensive Grind,Charlotte Hornets,Charlotte Hornets_2001
2001,Chicago Bulls,82,19855,36.8,86.8,0.424,4.5,12.9,0.346,32.4,73.9,0.438,19.1,25.8,0.739,12.5,30.6,43.1,24.5,9.1,5.1,17.5,25.7,97.2,NBA,-9.1,0.01,-9.09,97.2,107.3,-10.1,89.3,0.298,0.148,0.495,0.45,15.1,26.6,0.22,0.499,14.3,70.3,0.254,1999-2007,4,Rebuilder,Chicago Bulls,Chicago Bulls_2001
2001,Cleveland Cavaliers,82,19830,38.3,86.7,0.442,2.9,8.7,0.334,35.4,77.9,0.455,20.7,27.1,0.765,13.5,32.4,45.8,22.7,8.5,5.8,17.9,25.3,100.3,NBA,-4.24,-0.23,-4.48,100.3,104.9,-4.6,91.2,0.312,0.101,0.509,0.459,15.4,29.7,0.239,0.477,14.1,71.1,0.248,1999-2007,4,Rebuilder,Cleveland Cavaliers,Cleveland Cavaliers_2001
2001,Dallas Mavericks,82,19805,40.1,87.3,0.459,6.7,17.6,0.381,33.4,69.7,0.479,20.2,25.4,0.794,10.8,33.4,44.2,22.6,8.0,6.4,14.8,24.8,107.1,NBA,4.28,0.32,4.61,107.1,102.6,4.5,93.2,0.291,0.202,0.544,0.498,13.1,24.1,0.231,0.467,14.2,70.7,0.244,1999-2007,3,High-Pace Offense,Dallas Mavericks,Dallas Mavericks_2001
2001,Denver Nuggets,82,19780,39.0,90.1,0.433,6.7,18.9,0.355,32.3,71.2,0.454,19.0,25.7,0.737,13.7,33.8,47.5,25.8,7.2,7.0,14.9,23.8,103.7,NBA,-2.46,0.64,-1.83,103.7,106.3,-2.6,92.6,0.286,0.21,0.511,0.47,12.8,28.3,0.211,0.476,12.1,71.8,0.223,1999-2007,0,Balanced,Denver Nuggets,Denver Nuggets_2001
2001,Detroit Pistons,82,19855,37.2,87.8,0.424,5.0,14.2,0.35,32.3,73.6,0.439,20.5,28.5,0.721,14.1,33.5,47.6,20.8,7.8,5.7,16.6,24.9,100.0,NBA,-1.7,-0.39,-2.08,100.0,101.8,-1.8,94.7,0.325,0.162,0.498,0.453,14.2,29.3,0.234,0.466,14.0,72.2,0.233,1999-2007,4,Rebuilder,Detroit Pistons,Detroit Pistons_2001
2001,Golden State Warriors,82,19780,37.9,92.5,0.409,3.6,12.4,0.293,34.2,80.1,0.427,18.4,26.1,0.706,17.3,30.8,48.1,23.1,9.6,5.3,16.8,22.3,97.8,NBA,-9.05,0.94,-8.11,97.8,107.4,-9.6,94.1,0.282,0.134,0.47,0.429,13.9,33.3,0.199,0.504,15.0,69.7,0.227,1999-2007,4,Rebuilder,Golden State Warriors,Golden State Warriors_2001
2001,Houston Rockets,82,19830,39.4,86.9,0.453,6.7,18.9,0.357,32.7,68.0,0.48,21.2,27.9,0.758,12.3,33.8,46.1,21.6,7.9,4.8,16.1,22.2,106.7,NBA,2.29,0.42,2.71,106.7,104.2,2.5,90.4,0.321,0.217,0.538,0.492,14.0,27.5,0.244,0.475,12.6,71.9,0.206,1999-2007,3,High-Pace Offense,Houston Rockets,Houston Rockets_2001
2001,Indiana Pacers,82,19980,38.0,86.4,0.44,5.3,15.6,0.342,32.7,70.8,0.461,20.7,27.0,0.766,12.4,34.9,47.2,23.7,7.6,6.5,16.7,25.9,102.0,NBA,-0.2,-0.57,-0.77,102.0,102.2,-0.2,89.4,0.312,0.18,0.519,0.471,14.5,27.0,0.239,0.452,12.8,71.4,0.235,1999-2007,0,Balanced,Indiana Pacers,Indiana Pacers_2001
2001,Los Angeles Clippers,82,20030,38.7,86.4,0.448,4.8,14.2,0.339,33.9,72.2,0.469,19.1,27.5,0.693,12.9,34.2,47.1,21.2,6.5,6.9,17.3,23.7,101.3,NBA,-2.89,0.66,-2.23,101.3,104.5,-3.2,89.6,0.319,0.164,0.514,0.476,14.9,28.3,0.221,0.466,12.0,71.1,0.217,1999-2007,4,Rebuilder,Los Angeles Clippers,Los Angeles Clippers_2001
2001,Los Angeles Lakers,82,19905,40.9,87.9,0.465,5.8,16.8,0.344,35.1,71.1,0.494,20.9,30.7,0.683,14.3,33.9,48.2,24.8,7.4,6.4,15.6,24.6,108.4,NBA,3.38,0.37,3.74,108.4,104.8,3.6,91.7,0.349,0.191,0.535,0.498,13.3,31.1,0.238,0.468,12.2,72.5,0.234,1999-2007,3,High-Pace Offense,Los Angeles Lakers,Los Angeles Lakers_2001
2001,Miami Heat,82,19880,37.4,86.8,0.43,6.6,19.2,0.345,30.7,67.6,0.455,19.7,26.0,0.759,11.3,33.8,45.0,22.6,8.8,4.2,15.6,23.9,101.1,NBA,2.29,-0.57,1.73,101.1,98.5,2.6,87.1,0.299,0.221,0.515,0.469,13.7,24.3,0.227,0.46,15.3,72.7,0.214,1999-2007,0,Balanced,Miami Heat,Miami Heat_2001
2001,Milwaukee Bucks,82,19780,41.0,89.5,0.458,7.4,19.5,0.379,33.6,70.0,0.48,19.4,24.7,0.787,12.8,32.9,45.8,24.3,8.8,5.1,14.8,25.4,108.8,NBA,3.88,-0.74,3.14,108.8,104.6,4.2,92.1,0.276,0.218,0.542,0.499,12.8,28.1,0.217,0.473,14.4,71.1,0.253,1999-2007,3,High-Pace Offense,Milwaukee Bucks,Milwaukee Bucks_2001
2001,Minnesota Timberwolves,82,19830,41.5,90.5,0.458,4.2,11.9,0.357,37.2,78.7,0.473,18.0,22.9,0.785,13.2,32.6,45.8,27.5,9.0,6.0,15.0,25.0,105.2,NBA,1.35,0.46,1.81,105.2,103.7,1.5,91.8,0.253,0.131,0.523,0.482,13.0,28.6,0.199,0.478,14.2,71.9,0.238,1999-2007,0,Balanced,Minnesota Timberwolves,Minnesota Timberwolves_2001
2001,New Jersey Nets,82,19730,36.8,86.8,0.425,4.8,14.4,0.333,32.1,72.4,0.443,21.6,28.4,0.759,12.0,31.0,43.0,21.2,8.6,5.4,16.0,26.3,100.0,NBA,-5.05,-0.25,-5.3,100.0,105.5,-5.5,91.8,0.328,0.165,0.504,0.452,13.9,25.7,0.249,0.488,14.9,70.0,0.258,1999-2007,4,Rebuilder,New Jersey Nets,New Jersey Nets_2001
2001,New York Knicks,82,19905,38.3,86.2,0.444,5.4,15.5,0.351,32.9,70.7,0.465,19.1,24.0,0.796,10.8,35.1,45.9,21.1,7.6,4.8,16.5,25.9,101.2,NBA,2.63,-0.65,1.98,101.2,98.2,3.0,86.7,0.279,0.18,0.523,0.476,14.6,24.2,0.222,0.453,14.7,74.3,0.24,1999-2007,0,Balanced,New York Knicks,New York Knicks_2001
2001,Orlando Magic,82,19955,38.9,88.7,0.438,6.3,17.4,0.364,32.6,71.4,0.456,19.1,26.7,0.714,13.8,31.6,45.4,23.3,8.7,6.2,16.1,26.7,103.2,NBA,0.99,-0.6,0.39,103.2,102.1,1.1,93.2,0.301,0.196,0.513,0.474,13.8,29.1,0.215,0.464,15.6,69.8,0.29,1999-2007,0,Balanced,Orlando Magic,Orlando Magic_2001
2001,Philadelphia 76ers,82,19855,38.7,86.6,0.447,3.5,10.7,0.326,35.2,75.8,0.464,22.6,30.4,0.745,14.3,34.7,49.0,22.6,9.2,5.4,17.2,22.3,103.6,NBA,4.28,-0.65,3.64,103.6,98.9,4.7,90.6,0.351,0.124,0.518,0.468,14.7,31.2,0.262,0.46,14.5,72.5,0.186,1999-2007,1,Defensive Grind,Philadelphia 76ers,Philadelphia 76ers_2001
2001,Phoenix Suns,82,19805,38.3,87.9,0.436,4.3,13.7,0.315,34.0,74.2,0.458,19.4,25.7,0.755,12.6,32.9,45.5,24.8,10.1,5.6,16.3,24.3,100.3,NBA,2.21,0.42,2.63,100.3,98.0,2.3,93.1,0.292,0.156,0.506,0.46,14.1,27.3,0.221,0.46,16.3,73.7,0.252,1999-2007,1,Defensive Grind,Phoenix Suns,Phoenix Suns_2001
2001,Portland Trail Blazers,82,19780,40.9,87.3,0.468,5.0,14.4,0.349,35.9,73.0,0.492,19.7,25.8,0.762,13.1,33.8,46.8,26.7,9.1,5.7,17.1,23.8,106.5,NBA,4.2,0.33,4.52,106.5,101.8,4.7,89.1,0.296,0.165,0.539,0.497,14.8,30.0,0.225,0.47,14.3,72.4,0.223,1999-2007,1,Defensive Grind,Portland Trail Blazers,Portland Trail Blazers_2001
2001,Sacramento Kings,82,20080,39.7,88.2,0.449,6.1,17.1,0.354,33.6,71.1,0.472,20.3,26.3,0.771,12.5,34.2,46.7,23.4,10.0,5.5,15.5,20.2,105.6,NBA,5.82,0.25,6.07,105.6,99.6,6.0,94.4,0.298,0.194,0.529,0.484,13.4,27.2,0.23,0.46,14.5,70.7,0.181,1999-2007,0,Balanced,Sacramento Kings,Sacramento Kings_2001
2001,San Antonio Spurs,82,19830,39.0,84.6,0.461,6.0,14.8,0.407,33.0,69.8,0.472,22.6,31.6,0.715,12.2,36.6,48.8,24.0,7.7,7.8,15.5,21.0,106.6,NBA,7.76,0.16,7.92,106.6,98.0,8.6,89.6,0.374,0.175,0.541,0.496,13.6,27.1,0.267,0.444,12.9,73.7,0.182,1999-2007,1,Defensive Grind,San Antonio Spurs,San Antonio Spurs_2001
2001,Seattle SuperSonics,82,19805,40.1,88.0,0.456,6.2,15.5,0.399,33.9,72.5,0.468,19.2,26.3,0.732,13.2,32.1,45.3,23.7,8.7,5.4,16.6,22.9,105.6,NBA,0.02,0.52,0.55,105.6,105.6,0.0,91.6,0.299,0.176,0.53,0.491,14.3,29.1,0.219,0.488,13.9,69.8,0.199,1999-2007,0,Balanced,Seattle SuperSonics,Seattle SuperSonics_2001
2001,Toronto Raptors,82,19955,40.3,92.2,0.437,5.7,15.4,0.369,34.6,76.8,0.451,19.6,26.2,0.747,14.8,33.4,48.2,26.5,7.9,6.9,14.3,23.1,105.9,NBA,2.26,-0.57,1.69,105.9,103.4,2.5,90.9,0.285,0.167,0.51,0.468,12.1,30.8,0.213,0.476,13.3,73.2,0.212,1999-2007,0,Balanced,Toronto Raptors,Toronto Raptors_2001
2001,Utah Jazz,82,19780,40.0,85.0,0.471,4.4,11.5,0.381,35.6,73.5,0.485,23.2,30.8,0.752,12.7,32.2,45.0,28.5,8.9,6.3,17.5,28.5,107.6,NBA,4.7,0.31,5.0,107.6,102.4,5.2,89.8,0.363,0.135,0.546,0.497,15.1,30.2,0.273,0.473,15.6,73.2,0.301,1999-2007,1,Defensive Grind,Utah Jazz,Utah Jazz_2001
2001,Vancouver Grizzlies,82,19780,38.0,86.5,0.439,4.3,12.5,0.343,33.7,74.0,0.455,19.3,25.0,0.77,11.8,32.2,44.0,25.1,7.8,4.8,17.1,22.9,99.6,NBA,-5.73,0.79,-4.94,99.6,105.8,-6.2,91.7,0.289,0.145,0.51,0.464,14.9,26.1,0.223,0.491,13.8,69.8,0.194,1999-2007,4,Rebuilder,Vancouver Grizzlies,Vancouver Grizzlies_2001
2001,Washington Wizards,82,19680,37.3,84.9,0.439,3.6,11.2,0.324,33.7,73.8,0.456,22.4,29.5,0.759,13.4,31.2,44.6,21.7,8.3,5.0,18.3,25.2,100.6,NBA,-6.67,-0.08,-6.75,100.6,107.8,-7.2,92.7,0.348,0.131,0.514,0.46,15.7,29.7,0.264,0.503,14.1,71.8,0.236,1999-2007,4,Rebuilder,Washington Wizards,Washington Wizards_2001
2000,Atlanta Hawks,82,19830,39.6,89.8,0.441,3.4,10.7,0.317,36.2,79.1,0.458,19.5,26.2,0.743,15.1,33.9,49.0,20.4,6.6,6.1,16.7,22.7,102.0,NBA,-5.38,-0.04,-5.41,102.0,107.9,-5.9,91.7,0.292,0.12,0.503,0.46,14.1,31.7,0.217,0.481,11.3,71.0,0.196,1999-2007,4,Rebuilder,Atlanta Hawks,Atlanta Hawks_2000
2000,Boston Celtics,82,19730,39.3,88.5,0.444,5.4,16.2,0.331,33.9,72.3,0.469,20.8,28.0,0.745,14.2,31.1,45.4,22.4,10.2,3.7,16.2,28.6,104.8,NBA,-0.76,-0.24,-1.0,104.8,105.6,-0.8,94.6,0.316,0.183,0.52,0.474,13.8,30.4,0.236,0.498,15.8,73.8,0.306,1999-2007,2,Inefficient Offense,Boston Celtics,Boston Celtics_2000
2000,Charlotte Hornets,82,19780,37.9,84.4,0.449,4.4,12.9,0.339,33.5,71.5,0.469,24.1,31.8,0.758,11.4,34.0,45.5,26.1,9.5,6.2,15.6,21.6,104.3,NBA,2.67,-0.34,2.33,104.3,101.4,2.9,93.9,0.376,0.153,0.53,0.475,13.7,25.7,0.285,0.478,14.6,73.2,0.198,1999-2007,1,Defensive Grind,Charlotte Hornets,Charlotte Hornets_2000
2000,Chicago Bulls,82,19805,34.8,83.7,0.415,4.6,14.0,0.329,30.1,69.7,0.432,20.1,28.3,0.709,14.0,31.5,45.5,22.3,8.8,5.2,21.1,25.8,94.2,NBA,-9.4,0.17,-9.23,94.2,104.6,-10.4,89.4,0.338,0.167,0.49,0.443,18.0,29.9,0.24,0.484,14.5,69.9,0.24,1999-2007,4,Rebuilder,Chicago Bulls,Chicago Bulls_2000
2000,Cleveland Cavaliers,82,19855,37.6,85.1,0.442,4.3,11.6,0.373,33.3,73.4,0.453,20.9,27.9,0.75,12.8,31.6,44.3,24.5,9.0,4.6,18.0,28.0,100.4,NBA,-3.5,-0.14,-3.64,100.4,104.0,-3.6,95.7,0.327,0.136,0.516,0.468,15.6,28.1,0.245,0.474,15.1,71.2,0.275,1999-2007,4,Rebuilder,Cleveland Cavaliers,Cleveland Cavaliers_2000
2000,Dallas Mavericks,82,19730,40.9,90.3,0.453,6.7,17.0,0.391,34.3,73.3,0.468,18.0,22.4,0.804,11.9,31.3,43.3,23.2,7.6,5.3,14.4,22.7,106.6,NBA,-0.57,0.29,-0.29,106.6,107.2,-0.6,94.9,0.248,0.188,0.532,0.49,12.6,25.5,0.2,0.488,14.2,66.1,0.21,1999-2007,3,High-Pace Offense,Dallas Mavericks,Dallas Mavericks_2000
2000,Denver Nuggets,82,19855,39.0,88.2,0.442,6.0,17.8,0.336,33.0,70.4,0.469,19.5,27.0,0.724,13.7,33.0,46.7,24.4,7.1,7.9,16.3,25.0,103.5,NBA,-2.12,0.36,-1.76,103.5,105.8,-2.3,94.7,0.306,0.202,0.517,0.476,14.0,29.2,0.222,0.479,13.0,71.6,0.235,1999-2007,0,Balanced,Denver Nuggets,Denver Nuggets_2000
2000,Detroit Pistons,82,19830,38.5,83.9,0.459,5.6,15.5,0.359,33.0,68.5,0.481,24.7,31.7,0.781,11.6,31.1,42.7,21.6,8.4,3.5,16.3,25.4,107.3,NBA,1.44,-0.31,1.13,107.3,105.8,1.5,95.7,0.378,0.184,0.548,0.492,14.3,26.8,0.295,0.499,15.4,71.6,0.249,1999-2007,2,Inefficient Offense,Detroit Pistons,Detroit Pistons_2000
2000,Golden State Warriors,82,19755,38.1,90.9,0.42,4.4,13.6,0.323,33.8,77.3,0.437,19.1,27.3,0.697,16.6,31.0,47.6,23.6,9.3,4.5,16.6,26.0,99.8,NBA,-8.27,0.64,-7.63,99.8,108.4,-8.6,95.4,0.301,0.15,0.484,0.444,13.9,32.6,0.21,0.499,14.6,69.1,0.259,1999-2007,4,Rebuilder,Golden State Warriors,Golden State Warriors_2000
2000,Houston Rockets,82,19830,38.6,85.6,0.45,7.5,20.9,0.358,31.1,64.7,0.48,20.2,27.6,0.733,13.0,33.2,46.2,22.8,7.9,5.6,18.3,21.4,104.8,NBA,-0.87,0.3,-0.57,104.8,105.7,-0.9,94.2,0.322,0.244,0.536,0.494,15.8,29.1,0.236,0.481,12.5,71.6,0.201,1999-2007,2,Inefficient Offense,Houston Rockets,Houston Rockets_2000
2000,Indiana Pacers,82,19730,39.8,86.8,0.459,7.6,19.4,0.392,32.2,67.3,0.478,21.3,26.2,0.811,11.0,34.1,45.1,24.3,7.3,5.5,15.1,23.3,108.5,NBA,4.6,-0.45,4.15,108.5,103.6,4.9,93.1,0.302,0.224,0.552,0.503,13.3,24.9,0.245,0.469,12.6,71.5,0.197,1999-2007,3,High-Pace Offense,Indiana Pacers,Indiana Pacers_2000
2000,Los Angeles Clippers,82,19705,37.3,87.6,0.426,5.6,16.4,0.339,31.7,71.2,0.446,17.7,23.7,0.746,12.4,30.8,43.2,19.2,7.5,6.4,17.2,23.6,97.8,NBA,-11.52,0.8,-10.73,97.8,110.1,-12.3,93.9,0.27,0.188,0.499,0.458,14.9,26.1,0.202,0.507,13.1,69.6,0.22,1999-2007,4,Rebuilder,Los Angeles Clippers,Los Angeles Clippers_2000
2000,Los Angeles Lakers,82,19805,40.7,88.7,0.459,4.5,13.6,0.329,36.3,75.2,0.482,21.4,30.7,0.696,14.5,35.5,50.0,24.9,8.0,6.9,14.8,23.9,107.3,NBA,8.55,-0.14,8.41,107.3,98.2,9.1,93.3,0.346,0.153,0.525,0.484,12.7,30.6,0.241,0.443,13.4,73.1,0.222,1999-2007,1,Defensive Grind,Los Angeles Lakers,Los Angeles Lakers_2000
2000,Miami Heat,82,19830,40.1,87.2,0.46,6.0,16.2,0.371,34.1,71.0,0.481,18.2,24.7,0.736,12.4,35.3,47.8,26.1,7.9,7.1,16.6,26.3,104.5,NBA,3.11,-0.36,2.75,104.5,101.0,3.5,89.7,0.283,0.186,0.533,0.495,14.5,28.2,0.208,0.453,13.3,72.9,0.229,1999-2007,0,Balanced,Miami Heat,Miami Heat_2000
2000,Milwaukee Bucks,82,19855,41.4,89.0,0.465,5.1,13.9,0.369,36.2,75.0,0.483,20.3,25.8,0.786,13.2,30.9,44.2,24.1,8.7,5.0,16.0,26.3,108.2,NBA,0.22,-0.28,-0.06,108.2,107.9,0.3,92.7,0.29,0.157,0.539,0.494,13.8,30.0,0.228,0.496,14.6,69.6,0.254,1999-2007,2,Inefficient Offense,Milwaukee Bucks,Milwaukee Bucks_2000
2000,Minnesota Timberwolves,82,19905,42.4,90.8,0.467,3.3,9.4,0.346,39.1,81.4,0.481,18.1,23.2,0.78,13.3,32.5,45.8,29.0,8.2,5.8,15.0,25.1,106.1,NBA,2.52,0.14,2.67,106.1,103.4,2.7,91.8,0.256,0.104,0.525,0.485,12.9,29.4,0.2,0.474,14.0,73.0,0.25,1999-2007,0,Balanced,Minnesota Timberwolves,Minnesota Timberwolves_2000
2000,New Jersey Nets,82,19830,39.0,90.0,0.433,6.2,18.0,0.347,32.7,72.1,0.454,20.9,26.7,0.784,13.6,30.3,43.9,22.1,9.4,5.1,14.6,25.0,105.1,NBA,-1.04,-0.15,-1.18,105.1,106.3,-1.2,92.5,0.297,0.2,0.517,0.468,12.6,28.1,0.233,0.491,15.2,67.2,0.223,1999-2007,0,Balanced,New Jersey Nets,New Jersey Nets_2000
2000,New York Knicks,82,19830,39.3,86.5,0.455,4.8,12.7,0.375,34.6,73.8,0.468,19.1,24.5,0.781,10.9,34.2,45.1,21.6,7.0,4.7,16.3,26.9,102.5,NBA,1.46,-0.16,1.3,102.5,100.9,1.6,89.2,0.283,0.147,0.527,0.482,14.4,24.7,0.221,0.455,13.6,73.1,0.251,1999-2007,0,Balanced,New York Knicks,New York Knicks_2000
2000,Orlando Magic,82,19755,39.6,87.6,0.452,3.7,10.9,0.338,35.9,76.7,0.468,19.6,26.7,0.735,14.3,31.7,46.0,21.3,9.3,5.8,18.0,24.6,102.4,NBA,0.68,-0.26,0.43,102.4,101.7,0.7,97.3,0.305,0.124,0.516,0.473,15.4,31.6,0.224,0.476,15.9,69.9,0.226,1999-2007,1,Defensive Grind,Orlando Magic,Orlando Magic_2000
2000,Philadelphia 76ers,82,19830,39.1,88.5,0.442,2.7,8.4,0.323,36.4,80.1,0.454,20.6,29.1,0.708,15.0,32.2,47.2,23.7,10.3,5.0,16.8,25.3,101.5,NBA,1.34,-0.32,1.02,101.5,100.0,1.5,92.7,0.329,0.095,0.501,0.457,14.2,31.4,0.233,0.466,16.2,69.9,0.229,1999-2007,1,Defensive Grind,Philadelphia 76ers,Philadelphia 76ers_2000
2000,Phoenix Suns,82,19805,39.9,87.3,0.457,5.9,16.1,0.368,34.0,71.2,0.477,18.9,24.9,0.759,13.2,33.0,46.1,27.0,9.6,5.6,17.6,25.4,104.6,NBA,5.22,0.02,5.24,104.6,99.0,5.6,94.0,0.286,0.184,0.532,0.491,15.2,29.3,0.217,0.454,15.7,70.5,0.245,1999-2007,1,Defensive Grind,Phoenix Suns,Phoenix Suns_2000
2000,Portland Trail Blazers,82,19780,40.8,86.8,0.47,5.5,15.2,0.361,35.3,71.6,0.493,20.8,27.4,0.76,13.0,34.6,47.6,26.0,8.5,5.3,16.8,25.2,107.9,NBA,6.4,-0.04,6.36,107.9,100.8,7.1,89.9,0.316,0.175,0.546,0.501,14.5,30.3,0.24,0.461,13.8,72.4,0.217,1999-2007,1,Defensive Grind,Portland Trail Blazers,Portland Trail Blazers_2000
2000,Sacramento Kings,82,19805,40.0,89.0,0.45,6.5,20.2,0.322,33.5,68.7,0.487,18.6,24.6,0.754,12.9,32.2,45.0,23.8,9.6,4.7,16.2,21.1,105.0,NBA,2.91,0.12,3.04,105.0,102.1,2.9,99.3,0.277,0.227,0.526,0.486,13.9,27.7,0.209,0.479,15.1,69.7,0.198,1999-2007,0,Balanced,Sacramento Kings,Sacramento Kings_2000
2000,San Antonio Spurs,82,19855,39.3,85.2,0.462,4.4,11.7,0.374,34.9,73.4,0.476,22.0,29.5,0.746,12.3,35.5,47.9,24.2,8.2,7.3,16.4,22.9,105.0,NBA,5.94,-0.02,5.92,105.0,98.6,6.4,90.8,0.346,0.138,0.535,0.488,14.3,27.8,0.258,0.451,13.5,73.0,0.188,1999-2007,1,Defensive Grind,San Antonio Spurs,San Antonio Spurs_2000
2000,Seattle SuperSonics,82,19780,40.4,90.3,0.447,7.1,20.9,0.339,33.3,69.3,0.48,17.7,25.5,0.695,13.5,32.3,45.8,24.4,8.5,4.5,15.0,23.1,105.6,NBA,0.95,0.22,1.17,105.6,104.6,1.0,93.4,0.282,0.232,0.52,0.487,12.9,28.5,0.196,0.483,14.0,69.6,0.193,1999-2007,0,Balanced,Seattle SuperSonics,Seattle SuperSonics_2000
2000,Toronto Raptors,82,19755,39.2,90.4,0.433,5.6,15.4,0.363,33.6,75.0,0.447,20.8,27.2,0.765,14.4,32.2,46.6,25.6,8.8,7.1,14.9,26.1,104.7,NBA,-0.16,-0.3,-0.46,104.7,104.9,-0.2,92.5,0.3,0.17,0.511,0.464,12.7,30.1,0.23,0.48,14.2,71.8,0.247,1999-2007,0,Balanced,Toronto Raptors,Toronto Raptors_2000
2000,Utah Jazz,82,19755,40.1,86.5,0.464,4.5,11.6,0.385,35.7,74.9,0.476,22.5,29.1,0.773,12.7,32.9,45.6,27.7,8.5,6.0,16.5,27.3,107.3,NBA,4.46,0.05,4.52,107.3,102.3,5.0,89.6,0.337,0.134,0.54,0.49,14.3,29.5,0.26,0.477,15.0,73.2,0.256,1999-2007,1,Defensive Grind,Utah Jazz,Utah Jazz_2000
2000,Vancouver Grizzlies,82,19855,38.4,85.6,0.449,4.3,11.9,0.361,34.1,73.7,0.463,21.2,27.4,0.774,13.4,30.9,44.2,22.6,8.1,4.6,18.4,25.0,102.3,NBA,-5.62,0.52,-5.1,102.3,108.5,-6.2,91.0,0.32,0.139,0.524,0.474,15.8,30.1,0.247,0.502,14.1,70.6,0.231,1999-2007,2,Inefficient Offense,Vancouver Grizzlies,Vancouver Grizzlies_2000
2000,Washington Wizards,82,19805,39.3,87.3,0.451,4.4,11.6,0.376,35.0,75.7,0.462,20.5,27.5,0.743,13.9,31.9,45.8,23.1,7.7,5.0,17.2,28.1,103.5,NBA,-3.28,-0.19,-3.47,103.5,107.0,-3.5,92.7,0.315,0.133,0.521,0.476,14.8,30.6,0.234,0.489,13.9,71.7,0.273,1999-2007,2,Inefficient Offense,Washington Wizards,Washington Wizards_2000
1999,Atlanta Hawks,50,12075,35.8,87.6,0.409,4.6,15.0,0.306,31.3,72.6,0.431,24.2,33.1,0.731,15.7,34.9,50.7,18.2,8.1,6.1,17.4,23.0,100.5,NBA,2.9,-0.08,2.82,100.5,97.1,3.4,85.3,0.378,0.171,0.492,0.436,14.5,33.1,0.277,0.437,13.4,72.1,0.202,1999-2007,1,Defensive Grind,Atlanta Hawks,Atlanta Hawks_1999
1999,Boston Celtics,50,12150,39.2,89.9,0.436,5.9,16.4,0.36,33.3,73.5,0.453,16.1,23.3,0.692,14.7,31.5,46.2,23.2,9.8,5.5,17.4,25.8,100.4,NBA,-1.86,0.11,-1.75,100.4,102.4,-2.0,91.5,0.259,0.182,0.501,0.469,14.8,30.6,0.179,0.465,15.6,69.4,0.287,1999-2007,4,Rebuilder,Boston Celtics,Boston Celtics_1999
1999,Charlotte Hornets,50,12150,36.8,81.9,0.449,5.9,16.2,0.365,30.9,65.7,0.47,22.8,30.5,0.747,10.6,32.9,43.4,24.4,9.8,5.4,17.5,24.2,102.3,NBA,-0.1,0.73,0.63,102.3,102.4,-0.1,89.7,0.372,0.198,0.537,0.485,15.5,24.4,0.278,0.461,14.3,69.5,0.24,1999-2007,1,Defensive Grind,Charlotte Hornets,Charlotte Hornets_1999
1999,Chicago Bulls,50,12075,34.7,86.5,0.401,4.0,13.8,0.289,30.7,72.7,0.422,18.9,26.7,0.709,12.9,31.4,44.4,22.9,9.8,3.8,17.5,25.1,92.4,NBA,-9.46,0.88,-8.58,92.4,103.0,-10.6,88.1,0.309,0.159,0.47,0.424,15.1,26.8,0.219,0.483,15.3,71.7,0.241,1999-2007,4,Rebuilder,Chicago Bulls,Chicago Bulls_1999
1999,Cleveland Cavaliers,50,12050,36.0,82.1,0.439,4.2,12.3,0.341,31.8,69.8,0.456,23.4,31.3,0.749,10.9,30.3,41.2,25.2,10.4,4.7,18.1,27.8,99.6,NBA,-1.72,0.78,-0.94,99.6,101.6,-2.0,86.4,0.381,0.15,0.52,0.464,15.9,25.1,0.285,0.468,16.2,69.0,0.267,1999-2007,1,Defensive Grind,Cleveland Cavaliers,Cleveland Cavaliers_1999
1999,Dallas Mavericks,50,12075,39.0,90.0,0.434,4.5,13.3,0.339,34.5,76.7,0.45,19.7,27.0,0.728,14.4,33.0,47.4,20.6,7.9,6.5,15.4,23.8,102.3,NBA,-2.4,-0.1,-2.5,102.3,104.9,-2.6,89.0,0.3,0.148,0.502,0.459,13.2,29.8,0.218,0.476,13.3,69.1,0.212,1999-2007,4,Rebuilder,Dallas Mavericks,Dallas Mavericks_1999
1999,Denver Nuggets,50,12025,37.1,88.0,0.421,6.7,20.3,0.328,30.4,67.7,0.45,22.3,29.2,0.762,14.3,30.7,45.0,21.4,8.3,6.1,16.3,25.3,103.1,NBA,-6.6,-0.07,-6.67,103.1,110.4,-7.3,90.5,0.332,0.231,0.511,0.459,13.9,30.1,0.253,0.499,13.2,69.2,0.248,1999-2007,4,Rebuilder,Denver Nuggets,Denver Nuggets_1999
1999,Detroit Pistons,50,12050,38.3,85.7,0.447,5.7,15.7,0.365,32.6,70.1,0.465,21.9,29.6,0.74,14.0,32.6,46.5,23.3,10.2,4.8,18.2,26.3,104.2,NBA,3.42,0.55,3.97,104.2,100.3,3.9,86.3,0.345,0.183,0.528,0.48,15.6,30.5,0.256,0.468,15.4,72.0,0.259,1999-2007,1,Defensive Grind,Detroit Pistons,Detroit Pistons_1999
1999,Golden State Warriors,50,12125,38.5,92.9,0.415,3.6,12.6,0.287,34.9,80.4,0.435,17.7,26.2,0.676,18.2,34.7,52.9,23.1,9.2,4.9,17.1,28.3,98.4,NBA,-2.5,-0.13,-2.63,98.4,101.1,-2.7,88.9,0.282,0.135,0.471,0.434,14.1,35.2,0.19,0.445,14.0,70.4,0.29,1999-2007,4,Rebuilder,Golden State Warriors,Golden State Warriors_1999
1999,Houston Rockets,50,12075,39.3,85.0,0.462,7.5,20.5,0.368,31.8,64.6,0.492,19.4,26.6,0.729,12.0,34.5,46.5,23.7,8.6,5.8,18.2,21.5,105.4,NBA,2.32,-0.93,1.39,105.4,102.9,2.5,88.8,0.313,0.241,0.545,0.506,15.8,27.8,0.228,0.461,12.4,69.9,0.188,1999-2007,0,Balanced,Houston Rockets,Houston Rockets_1999
1999,Indiana Pacers,50,12100,39.7,88.8,0.448,6.8,18.3,0.368,33.0,70.4,0.469,22.4,28.2,0.796,13.2,33.3,46.5,23.1,7.3,5.1,14.9,24.8,108.7,NBA,3.74,0.12,3.86,108.7,104.4,4.3,86.4,0.318,0.207,0.537,0.486,12.8,28.7,0.253,0.46,12.7,69.9,0.236,1999-2007,3,High-Pace Offense,Indiana Pacers,Indiana Pacers_1999
1999,Los Angeles Clippers,50,12125,37.9,88.7,0.427,4.7,14.8,0.32,33.1,73.9,0.448,19.5,27.1,0.721,14.7,28.6,43.3,18.1,9.4,5.2,17.6,27.1,100.0,NBA,-8.82,-0.12,-8.94,100.0,109.7,-9.7,89.5,0.306,0.167,0.497,0.454,14.9,30.6,0.22,0.503,14.8,66.9,0.279,1999-2007,4,Rebuilder,Los Angeles Clippers,Los Angeles Clippers_1999
1999,Los Angeles Lakers,50,12050,40.0,85.5,0.468,5.2,14.9,0.352,34.8,70.6,0.492,22.3,32.7,0.683,13.5,32.2,45.7,23.8,8.5,6.2,16.4,26.8,107.6,NBA,3.02,-0.35,2.68,107.6,104.3,3.3,91.6,0.382,0.174,0.538,0.498,14.1,30.6,0.261,0.468,13.3,70.2,0.267,1999-2007,1,Defensive Grind,Los Angeles Lakers,Los Angeles Lakers_1999
1999,Miami Heat,50,12025,38.0,83.9,0.453,6.8,18.9,0.359,31.2,65.0,0.481,21.8,29.7,0.735,11.8,35.6,47.4,24.0,7.7,7.2,17.5,24.4,104.7,NBA,4.96,0.15,5.11,104.7,98.9,5.8,84.8,0.354,0.226,0.54,0.494,15.3,27.3,0.26,0.439,13.6,71.0,0.226,1999-2007,1,Defensive Grind,Miami Heat,Miami Heat_1999
1999,Milwaukee Bucks,50,12050,40.1,87.4,0.459,5.3,14.2,0.373,34.8,73.2,0.476,19.4,26.4,0.733,13.0,31.3,44.4,23.6,10.1,4.6,16.5,26.1,104.9,NBA,1.66,0.0,1.66,104.9,103.0,1.9,87.0,0.303,0.162,0.53,0.489,14.3,29.0,0.222,0.463,16.0,67.6,0.275,1999-2007,1,Defensive Grind,Milwaukee Bucks,Milwaukee Bucks_1999
1999,Minnesota Timberwolves,50,12025,40.3,94.9,0.425,2.7,9.0,0.298,37.6,85.9,0.438,18.6,25.1,0.743,16.5,30.5,47.1,26.7,9.3,6.0,14.1,26.0,101.9,NBA,0.38,-0.55,-0.17,101.9,101.5,0.4,91.0,0.264,0.095,0.481,0.439,11.7,32.5,0.196,0.467,15.8,70.2,0.276,1999-2007,4,Rebuilder,Minnesota Timberwolves,Minnesota Timberwolves_1999
1999,New Jersey Nets,50,12050,36.8,90.6,0.406,4.9,14.8,0.331,31.9,75.8,0.421,20.9,27.2,0.769,15.6,31.3,46.9,20.1,10.7,5.9,16.3,24.7,99.5,NBA,-3.78,0.58,-3.2,99.5,103.6,-4.1,91.5,0.301,0.163,0.485,0.434,13.7,31.1,0.231,0.481,15.2,69.7,0.238,1999-2007,4,Rebuilder,New Jersey Nets,New Jersey Nets_1999
1999,New York Knicks,50,12100,36.8,84.6,0.435,4.7,13.4,0.353,32.0,71.1,0.45,20.4,27.8,0.732,12.6,34.5,47.1,22.0,9.0,6.0,18.4,26.0,98.6,NBA,1.02,0.43,1.45,98.6,97.5,1.1,86.9,0.329,0.159,0.509,0.463,15.9,27.9,0.241,0.434,14.9,71.0,0.258,1999-2007,1,Defensive Grind,New York Knicks,New York Knicks_1999
1999,Orlando Magic,50,12050,37.8,88.4,0.428,5.0,15.1,0.33,32.8,73.3,0.448,19.6,28.1,0.7,15.4,32.4,47.8,23.9,11.1,4.8,18.4,21.0,100.3,NBA,2.6,0.51,3.11,100.3,97.4,2.9,88.8,0.318,0.171,0.498,0.456,15.4,32.6,0.222,0.473,16.7,70.8,0.181,1999-2007,1,Defensive Grind,Orlando Magic,Orlando Magic_1999
1999,Philadelphia 76ers,50,12150,36.9,86.6,0.426,2.2,8.3,0.264,34.7,78.3,0.444,23.9,33.1,0.722,16.2,31.8,48.1,20.8,12.1,6.0,18.3,25.7,99.9,NBA,2.06,0.5,2.56,99.9,97.6,2.3,88.6,0.383,0.096,0.494,0.439,15.3,34.2,0.276,0.454,17.1,69.8,0.249,1999-2007,1,Defensive Grind,Philadelphia 76ers,Philadelphia 76ers_1999
1999,Phoenix Suns,50,12050,39.8,88.6,0.449,5.8,15.5,0.372,34.0,73.1,0.465,20.4,26.9,0.76,13.2,31.4,44.6,27.6,9.8,4.4,15.1,22.6,105.8,NBA,2.26,-0.11,2.15,105.8,103.3,2.5,90.0,0.303,0.175,0.526,0.481,13.0,28.4,0.231,0.485,15.4,69.8,0.216,1999-2007,0,Balanced,Phoenix Suns,Phoenix Suns_1999
1999,Portland Trail Blazers,50,12175,38.6,87.4,0.442,5.4,14.9,0.364,33.2,72.5,0.457,22.1,29.8,0.743,14.3,34.7,49.0,23.7,9.1,6.4,17.0,24.9,104.8,NBA,6.36,-0.69,5.67,104.8,97.7,7.1,89.2,0.341,0.171,0.521,0.473,14.5,31.8,0.253,0.445,14.9,71.8,0.233,1999-2007,1,Defensive Grind,Portland Trail Blazers,Portland Trail Blazers_1999
1999,Sacramento Kings,50,12200,39.3,88.3,0.445,5.9,19.3,0.308,33.4,69.0,0.484,18.1,26.5,0.683,14.5,32.2,46.7,23.1,9.1,4.8,17.3,20.8,102.7,NBA,-0.42,-0.47,-0.89,102.7,103.1,-0.4,96.0,0.3,0.219,0.514,0.479,14.7,30.6,0.205,0.471,13.7,67.7,0.176,1999-2007,0,Balanced,Sacramento Kings,Sacramento Kings_1999
1999,San Antonio Spurs,50,12075,39.0,85.5,0.456,3.9,11.7,0.33,35.2,73.8,0.476,22.2,31.7,0.698,13.8,35.5,49.3,24.7,9.4,7.9,17.0,22.6,104.0,NBA,8.06,-0.94,7.12,104.0,95.0,9.0,88.6,0.371,0.137,0.523,0.479,14.6,30.4,0.259,0.423,13.8,69.5,0.198,1999-2007,1,Defensive Grind,San Antonio Spurs,San Antonio Spurs_1999
1999,Seattle SuperSonics,50,12100,38.9,88.0,0.442,6.8,19.9,0.344,32.0,68.1,0.47,20.4,30.0,0.681,15.0,31.5,46.4,24.1,8.7,4.4,16.9,23.2,105.0,NBA,-1.08,-0.35,-1.43,105.0,106.2,-1.2,89.6,0.341,0.226,0.519,0.481,14.3,31.9,0.232,0.489,14.1,68.6,0.213,1999-2007,0,Balanced,Seattle SuperSonics,Seattle SuperSonics_1999
1999,Toronto Raptors,50,12075,37.2,88.2,0.421,5.1,14.8,0.341,32.1,73.4,0.437,22.6,29.8,0.76,15.9,32.4,48.3,23.2,9.8,7.2,17.9,25.5,102.0,NBA,-1.64,0.33,-1.32,102.0,103.9,-1.9,88.8,0.338,0.168,0.504,0.45,15.0,33.8,0.257,0.473,14.8,70.2,0.258,1999-2007,4,Rebuilder,Toronto Raptors,Toronto Raptors_1999
1999,Utah Jazz,50,12175,38.2,82.1,0.465,3.2,8.8,0.361,35.0,73.3,0.478,26.2,34.2,0.767,12.6,34.2,46.8,27.3,9.0,6.3,18.5,25.7,105.8,NBA,6.52,-0.99,5.54,105.8,98.4,7.4,87.0,0.417,0.107,0.545,0.485,16.0,30.0,0.32,0.441,14.4,70.4,0.242,1999-2007,1,Defensive Grind,Utah Jazz,Utah Jazz_1999
1999,Vancouver Grizzlies,50,12175,36.4,85.0,0.428,3.3,10.0,0.327,33.1,74.9,0.442,22.3,31.2,0.717,14.4,30.1,44.5,21.3,9.3,4.4,18.8,24.9,98.4,NBA,-8.66,-0.28,-8.94,98.4,107.9,-9.5,89.0,0.367,0.118,0.498,0.447,16.0,30.9,0.263,0.492,14.7,66.9,0.261,1999-2007,4,Rebuilder,Vancouver Grizzlies,Vancouver Grizzlies_1999
1999,Washington Wizards,50,12050,39.2,88.1,0.445,4.0,12.9,0.309,35.3,75.2,0.469,18.8,26.6,0.705,13.2,31.1,44.3,23.6,8.7,4.3,16.3,25.5,101.2,NBA,-2.24,0.49,-1.75,101.2,103.7,-2.5,89.8,0.302,0.146,0.507,0.468,14.1,28.2,0.213,0.474,15.1,69.5,0.273,1999-2007,4,Rebuilder,Washington Wizards,Washington Wizards_1999
