user_id,item_id,weight,era
Atlanta Hawks_1999,blaylmo01_1999,41.98809355043403,1999-2007
Atlanta Hawks_1999,corbity01_1999,32.64965543462902,1999-2007
Atlanta Hawks_1999,crawfch01_1999,28.0,1999-2007
Atlanta Hawks_1999,grayed01_1999,18.35755975068582,1999-2007
Atlanta Hawks_1999,hendeal01_1999,33.793490497431605,1999-2007
Atlanta Hawks_1999,johnsan02_1999,29.748949561287034,1999-2007
Atlanta Hawks_1999,longgr01_1999,37.14835124201342,1999-2007
Atlanta Hawks_1999,mcleoro01_1999,18.65475810617763,1999-2007
Atlanta Hawks_1999,mutomdi01_1999,42.76680956068619,1999-2007
Atlanta Hawks_1999,smithst01_1999,36.24913792078372,1999-2007
Atlanta Hawks_1999,westma01_1999,22.338307903688676,1999-2007
Atlanta Hawks_2000,bowdlca01_2000,20.566963801203133,1999-2007
Atlanta Hawks_2000,colesbi01_2000,43.86342439892262,1999-2007
Atlanta Hawks_2000,crawfch01_2000,25.84569596664017,1999-2007
Atlanta Hawks_2000,ellisla01_2000,36.180105030251084,1999-2007
Atlanta Hawks_2000,glovedi01_2000,21.118712081942874,1999-2007
Atlanta Hawks_2000,hendeal01_2000,52.67826876426369,1999-2007
Atlanta Hawks_2000,jacksji01_2000,52.602281319349636,1999-2007
Atlanta Hawks_2000,johnsan02_2000,20.566963801203133,1999-2007
Atlanta Hawks_2000,mcleoro01_2000,29.32575659723036,1999-2007
Atlanta Hawks_2000,mutomdi01_2000,54.62600113499065,1999-2007
Atlanta Hawks_2000,rideris01_2000,45.65084884205331,1999-2007
Atlanta Hawks_2000,terryja01_2000,43.45112196480086,1999-2007
Atlanta Hawks_2000,wrighlo02_2000,34.713109915419565,1999-2007
Atlanta Hawks_2001,bowdlca01_2001,19.364916731037084,1999-2007
Atlanta Hawks_2001,crawfch01_2001,30.01666203960727,1999-2007
Atlanta Hawks_2001,glovedi01_2001,30.479501308256342,1999-2007
Atlanta Hawks_2001,hendeal01_2001,42.5440947723653,1999-2007
Atlanta Hawks_2001,johnsan02_2001,16.703293088490067,1999-2007
Atlanta Hawks_2001,johnsde03_2001,36.235341863986875,1999-2007
Atlanta Hawks_2001,knighbr01_2001,36.932370625238775,1999-2007
Atlanta Hawks_2001,malonma01_2001,37.456641600656084,1999-2007
Atlanta Hawks_2001,mcleoro01_2001,30.116440692751194,1999-2007
Atlanta Hawks_2001,mohamna01_2001,26.758176320519304,1999-2007
Atlanta Hawks_2001,mottoha01_2001,31.448370387032774,1999-2007
Atlanta Hawks_2001,mutomdi01_2001,41.42463035441596,1999-2007
Atlanta Hawks_2001,robinla01_2001,25.11971337416094,1999-2007
Atlanta Hawks_2001,terryja01_2001,55.57877292636101,1999-2007
Atlanta Hawks_2001,wrighlo02_2001,44.58699361921591,1999-2007
Atlanta Hawks_2002,abdursh01_2002,54.589376255824725,1999-2007
Atlanta Hawks_2002,bowdlca01_2002,24.186773244895647,1999-2007
Atlanta Hawks_2002,davisem01_2002,27.820855486487112,1999-2007
Atlanta Hawks_2002,glovedi01_2002,34.0,1999-2007
Atlanta Hawks_2002,hendeal01_2002,20.54263858417414,1999-2007
Atlanta Hawks_2002,johnsde03_2002,41.557189510360296,1999-2007
Atlanta Hawks_2002,kukocto01_2002,38.65229618017538,1999-2007
Atlanta Hawks_2002,mohamna01_2002,46.561786907291264,1999-2007
Atlanta Hawks_2002,mottoha01_2002,37.027017163147235,1999-2007
Atlanta Hawks_2002,newblir01_2002,35.679125549822544,1999-2007
Atlanta Hawks_2002,stricma01_2002,25.573423705088842,1999-2007
Atlanta Hawks_2002,terryja01_2002,54.47017532558529,1999-2007
Atlanta Hawks_2002,vaughja01_2002,43.08131845707603,1999-2007
Atlanta Hawks_2003,abdursh01_2003,55.560777532356404,1999-2007
Atlanta Hawks_2003,davisem01_2003,18.439088914585774,1999-2007
Atlanta Hawks_2003,dickada01_2003,22.693611435820433,1999-2007
Atlanta Hawks_2003,glovedi01_2003,43.474130238568314,1999-2007
Atlanta Hawks_2003,hamda01_2003,30.430248109405877,1999-2007
Atlanta Hawks_2003,hendeal01_2003,38.65229618017538,1999-2007
Atlanta Hawks_2003,jacksje01_2003,16.522711641858304,1999-2007
Atlanta Hawks_2003,mohamna01_2003,21.095023109728988,1999-2007
Atlanta Hawks_2003,newblir01_2003,43.94314508543966,1999-2007
Atlanta Hawks_2003,ratlith01_2003,50.17967716117751,1999-2007
Atlanta Hawks_2003,robingl01_2003,50.90186637049765,1999-2007
Atlanta Hawks_2003,terryja01_2003,55.50675634551167,1999-2007
Atlanta Hawks_2004,abdursh01_2004,44.22668877499196,1999-2007
Atlanta Hawks_2004,crawfch01_2004,34.741905532080416,1999-2007
Atlanta Hawks_2004,diawbo01_2004,43.80639222761902,1999-2007
Atlanta Hawks_2004,dickada01_2004,11.958260743101398,1999-2007
Atlanta Hawks_2004,glovedi01_2004,38.27531841800928,1999-2007
Atlanta Hawks_2004,hansetr01_2004,22.516660498395403,1999-2007
Atlanta Hawks_2004,jacksst02_2004,54.22176684690383,1999-2007
Atlanta Hawks_2004,mohamna01_2004,30.62678566222711,1999-2007
Atlanta Hawks_2004,nailole01_2004,17.320508075688775,1999-2007
Atlanta Hawks_2004,ndiayma02_2004,18.947295321496416,1999-2007
Atlanta Hawks_2004,ratlith01_2004,40.59556626036888,1999-2007
Atlanta Hawks_2004,surabo01_2004,30.919249667480614,1999-2007
Atlanta Hawks_2004,terryja01_2004,54.93632677928149,1999-2007
Atlanta Hawks_2004,vaughja01_2004,35.651086939951774,1999-2007
Atlanta Hawks_2005,anderke01_2005,26.77685567799177,1999-2007
Atlanta Hawks_2005,childjo01_2005,48.744230427815765,1999-2007
Atlanta Hawks_2005,collija02_2005,30.692018506445613,1999-2007
Atlanta Hawks_2005,delkto01_2005,36.60601043544625,1999-2007
Atlanta Hawks_2005,diawbo01_2005,34.655446902326915,1999-2007
Atlanta Hawks_2005,drobnpr01_2005,37.881393849751625,1999-2007
Atlanta Hawks_2005,ekeziob01_2005,27.055498516937366,1999-2007
Atlanta Hawks_2005,guglito01_2005,27.349588662354687,1999-2007
Atlanta Hawks_2005,harrial01_2005,50.49752469181039,1999-2007
Atlanta Hawks_2005,iveyro01_2005,28.442925306655784,1999-2007
Atlanta Hawks_2005,luety01_2005,39.08964057138413,1999-2007
Atlanta Hawks_2005,smithdo04_2005,20.808652046684813,1999-2007
Atlanta Hawks_2005,smithjo03_2005,45.27692569068709,1999-2007
Atlanta Hawks_2005,walkean02_2005,46.130250378683186,1999-2007
Atlanta Hawks_2005,willike02_2005,18.547236990991408,1999-2007
Atlanta Hawks_2006,batises01_2006,22.24859546128699,1999-2007
Atlanta Hawks_2006,childjo01_2006,47.4236228055175,1999-2007
Atlanta Hawks_2006,edwarjo01_2006,17.204650534085253,1999-2007
Atlanta Hawks_2006,harrial01_2006,52.744667976962376,1999-2007
Atlanta Hawks_2006,iveyro01_2006,31.272991542223778,1999-2007
Atlanta Hawks_2006,johnsjo02_2006,57.79273310719956,1999-2007
Atlanta Hawks_2006,luety01_2006,35.12833614050059,1999-2007
Atlanta Hawks_2006,pachuza01_2006,49.51767361255979,1999-2007
Atlanta Hawks_2006,smithdo04_2006,11.269427669584644,1999-2007
Atlanta Hawks_2006,smithjo03_2006,50.586559479766954,1999-2007
Atlanta Hawks_2006,stoudsa01_2006,35.156791662493895,1999-2007
Atlanta Hawks_2006,willima02_2006,44.181444068749045,1999-2007
Atlanta Hawks_2007,bozemce01_2007,14.106735979665885,1999-2007
Atlanta Hawks_2007,childjo01_2007,44.98888751680797,1999-2007
Atlanta Hawks_2007,claxtsp01_2007,32.46536616149585,1999-2007
Atlanta Hawks_2007,iveyro01_2007,23.2163735324878,1999-2007
Atlanta Hawks_2007,johnsan02_2007,27.184554438136374,1999-2007
Atlanta Hawks_2007,johnsjo02_2007,48.569537778323564,1999-2007
Atlanta Hawks_2007,jonesso01_2007,25.80697580112788,1999-2007
Atlanta Hawks_2007,luety01_2007,38.57460304397182,1999-2007
Atlanta Hawks_2007,pachuza01_2007,45.0111097397076,1999-2007
Atlanta Hawks_2007,smithjo03_2007,51.44900387762624,1999-2007
Atlanta Hawks_2007,stoudsa01_2007,32.155870381627054,1999-2007
Atlanta Hawks_2007,willima02_2007,46.67976006793523,1999-2007
Atlanta Hawks_2007,willish02_2007,38.91015291668744,1999-2007
Atlanta Hawks_2007,wrighlo02_2007,32.17141588429082,1999-2007
Atlanta Hawks_2008,bibbymi01_2008,33.166247903554,2008-2015
Atlanta Hawks_2008,childjo01_2008,47.686476070265456,2008-2015
Atlanta Hawks_2008,horfoal01_2008,50.39841267341661,2008-2015
Atlanta Hawks_2008,johnsan02_2008,33.481338085566414,2008-2015
Atlanta Hawks_2008,johnsjo02_2008,57.81868210189506,2008-2015
Atlanta Hawks_2008,jonesso01_2008,12.041594578792296,2008-2015
Atlanta Hawks_2008,lawac01_2008,29.410882339705484,2008-2015
Atlanta Hawks_2008,luety01_2008,23.748684174075834,2008-2015
Atlanta Hawks_2008,pachuza01_2008,30.72458299147443,2008-2015
Atlanta Hawks_2008,smithjo03_2008,53.600373133029585,2008-2015
Atlanta Hawks_2008,stoudsa01_2008,20.049937655763422,2008-2015
Atlanta Hawks_2008,westma02_2008,16.401219466856727,2008-2015
Atlanta Hawks_2008,willima02_2008,52.583267300539625,2008-2015
Atlanta Hawks_2008,willish02_2008,20.346989949375804,2008-2015
Atlanta Hawks_2009,bibbymi01_2009,52.3450093132096,2008-2015
Atlanta Hawks_2009,evansma01_2009,42.89522117905443,2008-2015
Atlanta Hawks_2009,horfoal01_2009,47.34976240700686,2008-2015
Atlanta Hawks_2009,johnsjo02_2009,55.89275444992848,2008-2015
Atlanta Hawks_2009,jonesso01_2009,25.98076211353316,2008-2015
Atlanta Hawks_2009,lawac01_2009,23.664319132398465,2008-2015
Atlanta Hawks_2009,morrira01_2009,9.433981132056603,2008-2015
Atlanta Hawks_2009,murraro01_2009,44.44097208657794,2008-2015
Atlanta Hawks_2009,pachuza01_2009,38.379682124790975,2008-2015
Atlanta Hawks_2009,smithjo03_2009,49.20365840057018,2008-2015
Atlanta Hawks_2009,westma02_2009,16.401219466856727,2008-2015
Atlanta Hawks_2009,willima02_2009,45.749316934791494,2008-2015
Atlanta Hawks_2010,bibbymi01_2010,46.850827100489916,2008-2015
Atlanta Hawks_2010,collija04_2010,10.723805294763608,2008-2015
Atlanta Hawks_2010,crawfja01_2010,49.59838707054898,2008-2015
Atlanta Hawks_2010,evansma01_2010,36.29049462324811,2008-2015
Atlanta Hawks_2010,horfoal01_2010,53.33854141237835,2008-2015
Atlanta Hawks_2010,johnsjo02_2010,53.72150407425317,2008-2015
Atlanta Hawks_2010,morrira01_2010,11.135528725660043,2008-2015
Atlanta Hawks_2010,pachuza01_2010,33.0,2008-2015
Atlanta Hawks_2010,smithjo02_2010,24.331050121192877,2008-2015
Atlanta Hawks_2010,smithjo03_2010,53.58171329847526,2008-2015
Atlanta Hawks_2010,teaguje01_2010,26.814175355583846,2008-2015
Atlanta Hawks_2010,westma02_2010,11.916375287812984,2008-2015
Atlanta Hawks_2010,willima02_2010,49.678969393496885,2008-2015
Atlanta Hawks_2011,bibbymi01_2011,40.91454509095757,2008-2015
Atlanta Hawks_2011,collija04_2011,24.351591323771842,2008-2015
Atlanta Hawks_2011,crawfja01_2011,47.92702786528704,2008-2015
Atlanta Hawks_2011,evansma01_2011,28.930952282978865,2008-2015
Atlanta Hawks_2011,hinriki01_2011,26.19160170741759,2008-2015
Atlanta Hawks_2011,horfoal01_2011,52.0,2008-2015
Atlanta Hawks_2011,johnsjo02_2011,50.53711507397311,2008-2015
Atlanta Hawks_2011,pachuza01_2011,35.270384177096794,2008-2015
Atlanta Hawks_2011,poweljo01_2011,25.553864678361276,2008-2015
Atlanta Hawks_2011,smithjo03_2011,51.42956348249516,2008-2015
Atlanta Hawks_2011,teaguje01_2011,31.0322412983658,2008-2015
Atlanta Hawks_2011,wilkida02_2011,26.0,2008-2015
Atlanta Hawks_2011,willima02_2011,43.18564576337837,2008-2015
Atlanta Hawks_2012,collija04_2012,17.549928774784245,2008-2015
Atlanta Hawks_2012,greenwi01_2012,30.364452901377952,2008-2015
Atlanta Hawks_2012,hinriki01_2012,35.17101079013795,2008-2015
Atlanta Hawks_2012,johnsiv01_2012,30.56141357987225,2008-2015
Atlanta Hawks_2012,johnsjo02_2012,46.119410230400824,2008-2015
Atlanta Hawks_2012,mcgratr01_2012,28.930952282978865,2008-2015
Atlanta Hawks_2012,pachuza01_2012,40.496913462633174,2008-2015
Atlanta Hawks_2012,pargoja01_2012,25.903667693977237,2008-2015
Atlanta Hawks_2012,radmavl01_2012,27.477263328068172,2008-2015
Atlanta Hawks_2012,smithjo03_2012,48.25971404805462,2008-2015
Atlanta Hawks_2012,stackje01_2012,16.522711641858304,2008-2015
Atlanta Hawks_2012,teaguje01_2012,46.72258554489466,2008-2015
Atlanta Hawks_2012,willima02_2012,38.72983346207417,2008-2015
Atlanta Hawks_2013,harride01_2013,37.69615364994153,2008-2015
Atlanta Hawks_2013,horfoal01_2013,52.49761899362675,2008-2015
Atlanta Hawks_2013,jenkijo01_2013,30.033314835362415,2008-2015
Atlanta Hawks_2013,johnsiv01_2013,32.17141588429082,2008-2015
Atlanta Hawks_2013,jonesda02_2013,19.519221295943137,2008-2015
Atlanta Hawks_2013,korveky01_2013,47.52893855326458,2008-2015
Atlanta Hawks_2013,morroan01_2013,17.349351572897472,2008-2015
Atlanta Hawks_2013,pachuza01_2013,33.67491648096547,2008-2015
Atlanta Hawks_2013,petrojo01_2013,18.76166303929372,2008-2015
Atlanta Hawks_2013,scottmi01_2013,19.390719429665317,2008-2015
Atlanta Hawks_2013,smithjo03_2013,51.79768334587948,2008-2015
Atlanta Hawks_2013,stevede01_2013,34.02939905434711,2008-2015
Atlanta Hawks_2013,teaguje01_2013,51.264022471905186,2008-2015
Atlanta Hawks_2013,tollian01_2013,31.0322412983658,2008-2015
Atlanta Hawks_2013,willilo02_2013,33.45145736735546,2008-2015
Atlanta Hawks_2014,anticpe01_2014,30.4138126514911,2008-2015
Atlanta Hawks_2014,ayongu01_2014,20.71231517720798,2008-2015
Atlanta Hawks_2014,brandel01_2014,37.603191353926334,2008-2015
Atlanta Hawks_2014,carrode01_2014,48.38388161361178,2008-2015
Atlanta Hawks_2014,horfoal01_2014,30.95157508108432,2008-2015
Atlanta Hawks_2014,korveky01_2014,49.07137658554119,2008-2015
Atlanta Hawks_2014,macksh01_2014,38.600518131237564,2008-2015
Atlanta Hawks_2014,martica01_2014,28.6705423736629,2008-2015
Atlanta Hawks_2014,millspa01_2014,49.8196748283246,2008-2015
Atlanta Hawks_2014,schrode01_2014,25.317977802344327,2008-2015
Atlanta Hawks_2014,scottmi01_2014,38.49675310984031,2008-2015
Atlanta Hawks_2014,teaguje01_2014,50.41825066382212,2008-2015
Atlanta Hawks_2014,willilo02_2014,38.01315561749642,2008-2015
Atlanta Hawks_2015,anticpe01_2015,32.202484376209235,2008-2015
Atlanta Hawks_2015,bazemke01_2015,36.38681079732051,2008-2015
Atlanta Hawks_2015,brandel01_2015,22.045407685048602,2008-2015
Atlanta Hawks_2015,carrode01_2015,46.78675026115834,2008-2015
Atlanta Hawks_2015,horfoal01_2015,48.14561246884289,2008-2015
Atlanta Hawks_2015,jenkijo01_2015,17.233687939614086,2008-2015
Atlanta Hawks_2015,korveky01_2015,49.17316341257699,2008-2015
Atlanta Hawks_2015,macksh01_2015,28.861739379323623,2008-2015
Atlanta Hawks_2015,millspa01_2015,48.88762624632127,2008-2015
Atlanta Hawks_2015,muscami01_2015,22.40535650240808,2008-2015
Atlanta Hawks_2015,schrode01_2015,38.93584466786357,2008-2015
Atlanta Hawks_2015,scottmi01_2015,33.51119216023208,2008-2015
Atlanta Hawks_2015,sefolth01_2015,31.240998703626616,2008-2015
Atlanta Hawks_2015,teaguje01_2015,47.20169488482379,2008-2015
Atlanta Hawks_2016,bazemke01_2016,45.639894828976104,2016-present
Atlanta Hawks_2016,hardati02_2016,29.393876913398138,2016-present
Atlanta Hawks_2016,holidju01_2016,16.217274740226856,2016-present
Atlanta Hawks_2016,horfoal01_2016,51.29327441292864,2016-present
Atlanta Hawks_2016,humphkr01_2016,17.175564037317667,2016-present
Atlanta Hawks_2016,korveky01_2016,49.0,2016-present
Atlanta Hawks_2016,macksh01_2016,13.379088160259652,2016-present
Atlanta Hawks_2016,millspa01_2016,51.44900387762624,2016-present
Atlanta Hawks_2016,muscami01_2016,23.769728648009426,2016-present
Atlanta Hawks_2016,pattela01_2016,19.87460691435179,2016-present
Atlanta Hawks_2016,schrode01_2016,40.26164427839479,2016-present
Atlanta Hawks_2016,scottmi01_2016,33.85262175962151,2016-present
Atlanta Hawks_2016,sefolth01_2016,41.92851058647326,2016-present
Atlanta Hawks_2016,splitti01_2016,24.06241883103193,2016-present
Atlanta Hawks_2016,teaguje01_2016,47.486840282335066,2016-present
Atlanta Hawks_2017,bazemke01_2017,44.30575583375144,2016-present
Atlanta Hawks_2017,bembrde01_2017,19.261360284258224,2016-present
Atlanta Hawks_2017,delanma01_2017,35.32704346531139,2016-present
Atlanta Hawks_2017,dunlemi02_2017,21.79449471770337,2016-present
Atlanta Hawks_2017,hardati02_2017,46.411205543489174,2016-present
Atlanta Hawks_2017,howardw01_2017,46.89349635077342,2016-present
Atlanta Hawks_2017,humphkr01_2017,26.248809496813376,2016-present
Atlanta Hawks_2017,ilyaser01_2017,25.15949125081825,2016-present
Atlanta Hawks_2017,korveky01_2017,29.899832775452108,2016-present
Atlanta Hawks_2017,millspa01_2017,48.40454524112379,2016-present
Atlanta Hawks_2017,muscami01_2017,35.17101079013795,2016-present
Atlanta Hawks_2017,princta02_2017,31.32091952673165,2016-present
Atlanta Hawks_2017,schrode01_2017,49.84977432245807,2016-present
Atlanta Hawks_2017,sefolth01_2017,39.949968710876355,2016-present
Atlanta Hawks_2018,babbilu01_2018,23.874672772626646,2016-present
Atlanta Hawks_2018,bazemke01_2018,42.2965719651132,2016-present
Atlanta Hawks_2018,belinma01_2018,34.785054261852174,2016-present
Atlanta Hawks_2018,bembrde01_2018,21.330729007701542,2016-present
Atlanta Hawks_2018,cavanty01_2018,22.759613353482084,2016-present
Atlanta Hawks_2018,collijo01_2018,42.24926034855522,2016-present
Atlanta Hawks_2018,dedmode01_2018,39.26830783214372,2016-present
Atlanta Hawks_2018,delanma01_2018,31.843366656181317,2016-present
Atlanta Hawks_2018,dorsety01_2018,31.20897306865447,2016-present
Atlanta Hawks_2018,ilyaser01_2018,34.27827300200522,2016-present
Atlanta Hawks_2018,muscami01_2018,32.55764119219941,2016-present
Atlanta Hawks_2018,plumlmi01_2018,30.298514815086232,2016-present
Atlanta Hawks_2018,princta02_2018,49.63869458396343,2016-present
Atlanta Hawks_2018,schrode01_2018,45.58508528016593,2016-present
Atlanta Hawks_2018,taylois01_2018,34.161381705077446,2016-present
Atlanta Hawks_2019,adamsja01_2019,20.688160865577203,2016-present
Atlanta Hawks_2019,anderju01_2019,21.517434791350013,2016-present
Atlanta Hawks_2019,bazemke01_2019,40.53393639902249,2016-present
Atlanta Hawks_2019,bembrde01_2019,43.94314508543966,2016-present
Atlanta Hawks_2019,cartevi01_2019,36.46916505762094,2016-present
Atlanta Hawks_2019,collijo01_2019,42.76680956068619,2016-present
Atlanta Hawks_2019,dedmode01_2019,40.11234224026316,2016-present
Atlanta Hawks_2019,dorsety01_2019,15.84297951775486,2016-present
Atlanta Hawks_2019,huertke01_2019,45.254833995939045,2016-present
Atlanta Hawks_2019,lenal01_2019,39.293765408777,2016-present
Atlanta Hawks_2019,linje01_2019,31.670175244226233,2016-present
Atlanta Hawks_2019,poythal01_2019,17.46424919657298,2016-present
Atlanta Hawks_2019,princta02_2019,39.395431207184416,2016-present
Atlanta Hawks_2019,spellom01_2019,28.372521918222215,2016-present
Atlanta Hawks_2019,youngtr01_2019,50.02999100539596,2016-present
Atlanta Hawks_2020,bembrde01_2020,30.24896692450835,2016-present
Atlanta Hawks_2020,cartevi01_2020,29.597297173897484,2016-present
Atlanta Hawks_2020,collijo01_2020,36.91882988394946,2016-present
Atlanta Hawks_2020,crabbal01_2020,22.847319317591726,2016-present
Atlanta Hawks_2020,fernabr01_2020,26.70205984563738,2016-present
Atlanta Hawks_2020,goodwbr01_2020,20.73644135332772,2016-present
Atlanta Hawks_2020,grahatr01_2020,16.30950643030009,2016-present
Atlanta Hawks_2020,huertke01_2020,41.95235392680606,2016-present
Atlanta Hawks_2020,huntede01_2020,44.9221548904324,2016-present
Atlanta Hawks_2020,jonesda03_2020,29.782545223670862,2016-present
Atlanta Hawks_2020,lenal01_2020,27.294688127912362,2016-present
Atlanta Hawks_2020,parkeja01_2020,28.930952282978865,2016-present
Atlanta Hawks_2020,reddica01_2020,39.382737335030434,2016-present
Atlanta Hawks_2020,teaguje01_2020,22.781571499789035,2016-present
Atlanta Hawks_2020,youngtr01_2020,46.04345773288535,2016-present
Atlanta Hawks_2021,bogdabo01_2021,36.124783736376884,2016-present
Atlanta Hawks_2021,capelca01_2021,43.56604182158393,2016-present
Atlanta Hawks_2021,collijo01_2021,42.988370520409354,2016-present
Atlanta Hawks_2021,fernabr01_2021,15.033296378372908,2016-present
Atlanta Hawks_2021,gallida01_2021,34.95711658589707,2016-present
Atlanta Hawks_2021,goodwbr01_2021,24.899799195977465,2016-present
Atlanta Hawks_2021,hillso01_2021,38.897300677553446,2016-present
Atlanta Hawks_2021,huertke01_2021,46.10856753359401,2016-present
Atlanta Hawks_2021,huntede01_2021,26.038433132583073,2016-present
Atlanta Hawks_2021,knighna01_2021,16.703293088490067,2016-present
Atlanta Hawks_2021,mayssk01_2021,16.401219466856727,2016-present
Atlanta Hawks_2021,okongon01_2021,24.515301344262525,2016-present
Atlanta Hawks_2021,reddica01_2021,27.386127875258307,2016-present
Atlanta Hawks_2021,rondora01_2021,20.049937655763422,2016-present
Atlanta Hawks_2021,snellto01_2021,31.496031496047245,2016-present
Atlanta Hawks_2021,willilo02_2021,22.47220505424423,2016-present
Atlanta Hawks_2021,youngtr01_2021,46.09772228646444,2016-present
Atlanta Hawks_2022,bogdabo01_2022,42.988370520409354,2016-present
Atlanta Hawks_2022,capelca01_2022,45.18849411078001,2016-present
Atlanta Hawks_2022,collijo01_2022,40.779897008207364,2016-present
Atlanta Hawks_2022,dienggo01_2022,19.261360284258224,2016-present
Atlanta Hawks_2022,gallida01_2022,40.890096600521744,2016-present
Atlanta Hawks_2022,huertke01_2022,46.776062254106,2016-present
Atlanta Hawks_2022,huntede01_2022,39.71145930332956,2016-present
Atlanta Hawks_2022,johnsja05_2022,10.954451150103322,2016-present
Atlanta Hawks_2022,luwawti01_2022,26.1725046566048,2016-present
Atlanta Hawks_2022,mayssk01_2022,14.832396974191326,2016-present
Atlanta Hawks_2022,okongon01_2022,31.496031496047245,2016-present
Atlanta Hawks_2022,reddica01_2022,28.231188426986208,2016-present
Atlanta Hawks_2022,willilo02_2022,28.26658805020514,2016-present
Atlanta Hawks_2022,wrighde01_2022,38.1051177665153,2016-present
Atlanta Hawks_2022,youngtr01_2022,51.49757275833493,2016-present
Atlanta Hawks_2023,beysa01_2023,25.079872407968907,2016-present
Atlanta Hawks_2023,bogdabo01_2023,38.8329756778952,2016-present
Atlanta Hawks_2023,capelca01_2023,41.593268686170845,2016-present
Atlanta Hawks_2023,collijo01_2023,46.151923036857305,2016-present
Atlanta Hawks_2023,forretr01_2023,16.64331697709324,2016-present
Atlanta Hawks_2023,griffaj01_2023,37.429934544425805,2016-present
Atlanta Hawks_2023,holidaa01_2023,29.068883707497267,2016-present
Atlanta Hawks_2023,holidju01_2023,20.273134932713294,2016-present
Atlanta Hawks_2023,huntede01_2023,46.10856753359401,2016-present
Atlanta Hawks_2023,johnsja05_2023,32.28002478313795,2016-present
Atlanta Hawks_2023,kaminfr01_2023,13.2664991614216,2016-present
Atlanta Hawks_2023,krejcvi01_2023,12.84523257866513,2016-present
Atlanta Hawks_2023,murrade01_2023,51.894122981316485,2016-present
Atlanta Hawks_2023,okongon01_2023,43.0,2016-present
Atlanta Hawks_2023,youngtr01_2023,50.40833264451424,2016-present
Atlanta Hawks_2024,beysa01_2024,45.40925015897091,2016-present
Atlanta Hawks_2024,bogdabo01_2024,49.0,2016-present
Atlanta Hawks_2024,capelca01_2024,43.393547907494266,2016-present
Atlanta Hawks_2024,fernabr01_2024,26.115129714401192,2016-present
Atlanta Hawks_2024,forretr01_2024,20.346989949375804,2016-present
Atlanta Hawks_2024,huntede01_2024,41.0,2016-present
Atlanta Hawks_2024,johnsja05_2024,43.46262762420146,2016-present
Atlanta Hawks_2024,krejcvi01_2024,23.259406699226016,2016-present
Atlanta Hawks_2024,mathega01_2024,31.496031496047245,2016-present
Atlanta Hawks_2024,matthwe02_2024,20.322401432901575,2016-present
Atlanta Hawks_2024,murrade01_2024,52.754146756439916,2016-present
Atlanta Hawks_2024,okongon01_2024,37.48332962798263,2016-present
Atlanta Hawks_2024,youngtr01_2024,44.06812907306141,2016-present
Atlanta Hawks_2025,barlodo01_2025,19.364916731037084,2016-present
Atlanta Hawks_2025,bogdabo01_2025,24.454038521274967,2016-present
Atlanta Hawks_2025,capelca01_2025,34.292856398964496,2016-present
Atlanta Hawks_2025,daniedy01_2025,50.70502933634887,2016-present
Atlanta Hawks_2025,gueyemo02_2025,23.08679276123039,2016-present
Atlanta Hawks_2025,huntede01_2025,32.61901286060018,2016-present
Atlanta Hawks_2025,johnsja05_2025,35.832945734337834,2016-present
Atlanta Hawks_2025,krejcvi01_2025,33.95585369269929,2016-present
Atlanta Hawks_2025,leverca01_2025,26.30589287593181,2016-present
Atlanta Hawks_2025,mannte01_2025,26.115129714401192,2016-present
Atlanta Hawks_2025,mathega01_2025,28.809720581775867,2016-present
Atlanta Hawks_2025,nancela02_2025,21.517434791350013,2016-present
Atlanta Hawks_2025,niangge01_2025,25.37715508089904,2016-present
Atlanta Hawks_2025,okongon01_2025,45.43126676640219,2016-present
Atlanta Hawks_2025,risacza01_2025,42.930175867331364,2016-present
Atlanta Hawks_2025,roddyda01_2025,18.601075237738275,2016-present
Atlanta Hawks_2025,wallake01_2025,22.38302928559939,2016-present
Atlanta Hawks_2025,youngtr01_2025,52.3354564325181,2016-present
Boston Celtics_1999,anderke01_1999,31.78049716414141,1999-2007
Boston Celtics_1999,barroda01_1999,34.0,1999-2007
Boston Celtics_1999,battito01_1999,33.481338085566414,1999-2007
Boston Celtics_1999,bowenbr01_1999,22.22611077089287,1999-2007
Boston Celtics_1999,garnema01_1999,14.317821063276353,1999-2007
Boston Celtics_1999,mccarwa01_1999,25.67099530598687,1999-2007
Boston Celtics_1999,mercero01_1999,39.382737335030434,1999-2007
Boston Celtics_1999,minorgr01_1999,27.65863337187866,1999-2007
Boston Celtics_1999,piercpa01_1999,40.39801975344831,1999-2007
Boston Celtics_1999,potapvi01_1999,30.44667469527666,1999-2007
Boston Celtics_1999,rileyer01_1999,18.35755975068582,1999-2007
Boston Celtics_1999,walkean02_1999,39.35733730830886,1999-2007
Boston Celtics_2000,anderke01_2000,50.92150822589606,1999-2007
Boston Celtics_2000,barroda01_2000,33.74907406137241,1999-2007
Boston Celtics_2000,battito01_2000,38.79432948254165,1999-2007
Boston Celtics_2000,cheanca01_2000,36.180105030251084,1999-2007
Boston Celtics_2000,ellispe01_2000,16.401219466856727,1999-2007
Boston Celtics_2000,fortsda01_2000,29.257477676655586,1999-2007
Boston Celtics_2000,griffad01_2000,43.89760813529594,1999-2007
Boston Celtics_2000,mccarwa01_2000,29.647934160747187,1999-2007
Boston Celtics_2000,overtdo01_2000,20.784609690826528,1999-2007
Boston Celtics_2000,piercpa01_2000,50.82322303829225,1999-2007
Boston Celtics_2000,potapvi01_2000,42.391036788453285,1999-2007
Boston Celtics_2000,walkean02_2000,54.79963503528103,1999-2007
Boston Celtics_2000,willier01_2000,37.12142238654117,1999-2007
Boston Celtics_2001,anderke01_2001,29.13760456866693,1999-2007
Boston Celtics_2001,battito01_2001,29.068883707497267,1999-2007
Boston Celtics_2001,blounma01_2001,33.13608305156178,1999-2007
Boston Celtics_2001,brownra02_2001,35.185224171518364,1999-2007
Boston Celtics_2001,carrch01_2001,17.578395831246947,1999-2007
Boston Celtics_2001,griffad01_2001,19.4164878389476,1999-2007
Boston Celtics_2001,herrech01_2001,20.199009876724155,1999-2007
Boston Celtics_2001,mccarwa01_2001,21.863211109075447,1999-2007
Boston Celtics_2001,moisoje01_2001,11.61895003862225,1999-2007
Boston Celtics_2001,palacmi01_2001,33.77869150810907,1999-2007
Boston Celtics_2001,piercpa01_2001,55.85696017507576,1999-2007
Boston Celtics_2001,potapvi01_2001,43.60045871318328,1999-2007
Boston Celtics_2001,stithbr01_2001,50.039984012787215,1999-2007
Boston Celtics_2001,walkean02_2001,58.27520913733386,1999-2007
Boston Celtics_2001,willier01_2001,41.773197148410844,1999-2007
Boston Celtics_2002,anderke01_2002,49.29503017546495,1999-2007
Boston Celtics_2002,battito01_2002,42.649736224272246,1999-2007
Boston Celtics_2002,blounma01_2002,20.37154878746336,1999-2007
Boston Celtics_2002,brownke01_2002,15.652475842498529,1999-2007
Boston Celtics_2002,delkto01_2002,23.874672772626646,1999-2007
Boston Celtics_2002,johnsjo02_2002,31.670175244226233,1999-2007
Boston Celtics_2002,mccarwa01_2002,26.795522013948524,1999-2007
Boston Celtics_2002,palacmi01_2002,22.759613353482084,1999-2007
Boston Celtics_2002,piercpa01_2002,57.463031594234565,1999-2007
Boston Celtics_2002,potapvi01_2002,36.64696440361739,1999-2007
Boston Celtics_2002,rogerro01_2002,25.019992006393608,1999-2007
Boston Celtics_2002,stricer01_2002,40.53393639902249,1999-2007
Boston Celtics_2002,walkean02_2002,58.360945845659494,1999-2007
Boston Celtics_2002,willier01_2002,41.79712908801273,1999-2007
Boston Celtics_2003,bakervi01_2003,30.692018506445613,1999-2007
Boston Celtics_2003,battito01_2003,41.02438299353203,1999-2007
Boston Celtics_2003,blounma01_2003,22.759613353482084,1999-2007
Boston Celtics_2003,bremejr01_2003,38.768543949960254,1999-2007
Boston Celtics_2003,brownke01_2003,25.80697580112788,1999-2007
Boston Celtics_2003,delkto01_2003,43.278170016764804,1999-2007
Boston Celtics_2003,longgr01_2003,22.090722034374522,1999-2007
Boston Celtics_2003,mccarwa01_2003,44.14748010928823,1999-2007
Boston Celtics_2003,piercpa01_2003,55.641710972974224,1999-2007
Boston Celtics_2003,sundobr01_2003,11.74734012447073,1999-2007
Boston Celtics_2003,walkean02_2003,56.87706040223949,1999-2007
Boston Celtics_2003,willier01_2003,48.47679857416329,1999-2007
Boston Celtics_2003,willish01_2003,34.19064199455752,1999-2007
Boston Celtics_2004,atkinch01_2004,28.160255680657446,1999-2007
Boston Celtics_2004,bakervi01_2004,31.622776601683793,1999-2007
Boston Celtics_2004,banksma01_2004,37.21558813185679,1999-2007
Boston Celtics_2004,battito01_2004,22.38302928559939,1999-2007
Boston Celtics_2004,blounma01_2004,49.01020301937138,1999-2007
Boston Celtics_2004,brownke01_2004,20.199009876724155,1999-2007
Boston Celtics_2004,davisri01_2004,40.963398296528084,1999-2007
Boston Celtics_2004,huntebr01_2004,20.149441679609886,1999-2007
Boston Celtics_2004,jamesmi01_2004,41.036569057366385,1999-2007
Boston Celtics_2004,jonesju01_2004,19.313207915827967,1999-2007
Boston Celtics_2004,mccarwa01_2004,43.58898943540674,1999-2007
Boston Celtics_2004,mihmch01_2004,30.643106892089126,1999-2007
Boston Celtics_2004,piercpa01_2004,55.66866263886712,1999-2007
Boston Celtics_2004,welscji01_2004,46.67976006793523,1999-2007
Boston Celtics_2004,willier01_2004,22.64950330581225,1999-2007
Boston Celtics_2005,allento01_2005,35.52463933666322,1999-2007
Boston Celtics_2005,banksma01_2005,33.83784863137726,1999-2007
Boston Celtics_2005,blounma01_2005,46.151923036857305,1999-2007
Boston Celtics_2005,davisri01_2005,51.92301994298868,1999-2007
Boston Celtics_2005,jeffeal01_2005,32.41913015489465,1999-2007
Boston Celtics_2005,lafrera01_2005,46.861498055439924,1999-2007
Boston Celtics_2005,mccarwa01_2005,23.515952032609693,1999-2007
Boston Celtics_2005,paytoga01_2005,50.40833264451424,1999-2007
Boston Celtics_2005,perkike01_2005,23.40939982143925,1999-2007
Boston Celtics_2005,piercpa01_2005,54.405882034941776,1999-2007
Boston Celtics_2005,reedju01_2005,11.0,1999-2007
Boston Celtics_2005,walkean02_2005,28.75760768909681,1999-2007
Boston Celtics_2005,welscji01_2005,33.54101966249684,1999-2007
Boston Celtics_2005,westde01_2005,22.516660498395403,1999-2007
Boston Celtics_2006,allento01_2006,31.272991542223778,1999-2007
Boston Celtics_2006,blounma01_2006,32.90896534380867,1999-2007
Boston Celtics_2006,davisri01_2006,41.79712908801273,1999-2007
Boston Celtics_2006,gomesry01_2006,37.094473981982816,1999-2007
Boston Celtics_2006,greenge01_2006,19.339079605813716,1999-2007
Boston Celtics_2006,greenor01_2006,35.14256678161116,1999-2007
Boston Celtics_2006,jeffeal01_2006,32.58834147360065,1999-2007
Boston Celtics_2006,lafrera01_2006,45.088801270381985,1999-2007
Boston Celtics_2006,perkike01_2006,36.49657518178932,1999-2007
Boston Celtics_2006,piercpa01_2006,55.53377350765928,1999-2007
Boston Celtics_2006,reedju01_2006,17.05872210923198,1999-2007
Boston Celtics_2006,scalabr01_2006,30.62678566222711,1999-2007
Boston Celtics_2006,szczewa02_2006,34.26368339802363,1999-2007
Boston Celtics_2006,westde01_2006,49.17316341257699,1999-2007
Boston Celtics_2007,allento01_2007,28.372521918222215,1999-2007
Boston Celtics_2007,gomesry01_2007,47.69696007084728,1999-2007
Boston Celtics_2007,greenge01_2007,42.190046219457976,1999-2007
Boston Celtics_2007,jeffeal01_2007,48.155996511338024,1999-2007
Boston Celtics_2007,olowomi01_2007,15.297058540778355,1999-2007
Boston Celtics_2007,perkike01_2007,39.698866482558415,1999-2007
Boston Celtics_2007,piercpa01_2007,41.71330722922842,1999-2007
Boston Celtics_2007,powele01_2007,26.832815729997478,1999-2007
Boston Celtics_2007,rayal01_2007,26.645825188948457,1999-2007
Boston Celtics_2007,rondora01_2007,42.790185790669334,1999-2007
Boston Celtics_2007,scalabr01_2007,32.046840717924134,1999-2007
Boston Celtics_2007,szczewa02_2007,30.0,1999-2007
Boston Celtics_2007,telfase01_2007,39.72404813208241,1999-2007
Boston Celtics_2007,westde01_2007,47.10626285325551,1999-2007
Boston Celtics_2008,allenra02_2008,51.22499389946279,2008-2015
Boston Celtics_2008,allento01_2008,37.05401462729781,2008-2015
Boston Celtics_2008,davisgl01_2008,30.659419433511783,2008-2015
Boston Celtics_2008,garneke01_2008,48.249352327259274,2008-2015
Boston Celtics_2008,houseed01_2008,38.47076812334269,2008-2015
Boston Celtics_2008,perkike01_2008,43.726422218150894,2008-2015
Boston Celtics_2008,piercpa01_2008,53.60970061472084,2008-2015
Boston Celtics_2008,pollasc01_2008,13.152946437965905,2008-2015
Boston Celtics_2008,poseyja01_2008,42.67317658670374,2008-2015
Boston Celtics_2008,powele01_2008,28.442925306655784,2008-2015
Boston Celtics_2008,rondora01_2008,48.02082881417188,2008-2015
Boston Celtics_2008,scalabr01_2008,22.627416997969522,2008-2015
Boston Celtics_2009,allenra02_2009,53.62835071116769,2008-2015
Boston Celtics_2009,allento01_2009,29.782545223670862,2008-2015
Boston Celtics_2009,davisgl01_2009,40.45985664828782,2008-2015
Boston Celtics_2009,garneke01_2009,42.09513035969837,2008-2015
Boston Celtics_2009,houseed01_2009,38.45776904605882,2008-2015
Boston Celtics_2009,marbust01_2009,20.346989949375804,2008-2015
Boston Celtics_2009,mooremi01_2009,21.354156504062622,2008-2015
Boston Celtics_2009,obryapa01_2009,10.392304845413264,2008-2015
Boston Celtics_2009,perkike01_2009,47.46577714522327,2008-2015
Boston Celtics_2009,piercpa01_2009,55.09083408335728,2008-2015
Boston Celtics_2009,powele01_2009,35.02855977627399,2008-2015
Boston Celtics_2009,pruitga01_2009,19.131126469708992,2008-2015
Boston Celtics_2009,rondora01_2009,51.40038910358559,2008-2015
Boston Celtics_2009,scalabr01_2009,22.44994432064365,2008-2015
Boston Celtics_2009,walkebi01_2009,14.696938456699069,2008-2015
Boston Celtics_2010,allenra02_2010,53.094255809833136,2008-2015
Boston Celtics_2010,allento01_2010,29.816103031751148,2008-2015
Boston Celtics_2010,daniema01_2010,30.610455730027933,2008-2015
Boston Celtics_2010,davisgl01_2010,30.54504869860253,2008-2015
Boston Celtics_2010,finlemi01_2010,17.72004514666935,2008-2015
Boston Celtics_2010,garneke01_2010,45.387222871640866,2008-2015
Boston Celtics_2010,giddejr01_2010,9.9498743710662,2008-2015
Boston Celtics_2010,houseed01_2010,29.086079144497972,2008-2015
Boston Celtics_2010,perkike01_2010,46.411205543489174,2008-2015
Boston Celtics_2010,piercpa01_2010,49.10193478876367,2008-2015
Boston Celtics_2010,robinna01_2010,19.544820285692065,2008-2015
Boston Celtics_2010,rondora01_2010,54.433445601027316,2008-2015
Boston Celtics_2010,scalabr01_2010,21.72556098240043,2008-2015
Boston Celtics_2010,wallara01_2010,42.190046219457976,2008-2015
Boston Celtics_2010,willish02_2010,24.43358344574123,2008-2015
Boston Celtics_2011,allenra02_2011,53.75872022286245,2008-2015
Boston Celtics_2011,bradlav01_2011,12.727922061357855,2008-2015
Boston Celtics_2011,daniema01_2011,30.62678566222711,2008-2015
Boston Celtics_2011,davisgl01_2011,47.93745925682754,2008-2015
Boston Celtics_2011,erdense01_2011,23.043437243605826,2008-2015
Boston Celtics_2011,garneke01_2011,47.11687595755899,2008-2015
Boston Celtics_2011,greenje02_2011,24.73863375370596,2008-2015
Boston Celtics_2011,haranlu01_2011,15.524174696260024,2008-2015
Boston Celtics_2011,krstine01_2011,23.515952032609693,2008-2015
Boston Celtics_2011,onealje01_2011,20.760539492026695,2008-2015
Boston Celtics_2011,onealsh01_2011,27.422618401604176,2008-2015
Boston Celtics_2011,piercpa01_2011,52.66877632905477,2008-2015
Boston Celtics_2011,robinna01_2011,31.352830813181765,2008-2015
Boston Celtics_2011,rondora01_2011,50.269274910227224,2008-2015
Boston Celtics_2011,wafervo01_2011,23.515952032609693,2008-2015
Boston Celtics_2011,westde01_2011,21.283796653792763,2008-2015
Boston Celtics_2012,allenra02_2012,39.56008088970496,2008-2015
Boston Celtics_2012,bassbr01_2012,43.22036556994862,2008-2015
Boston Celtics_2012,bradlav01_2012,36.98648401781386,2008-2015
Boston Celtics_2012,daniema01_2012,22.0,2008-2015
Boston Celtics_2012,doolike01_2012,25.729360660537214,2008-2015
Boston Celtics_2012,garneke01_2012,43.174066289845804,2008-2015
Boston Celtics_2012,johnsja02_2012,17.26267650163207,2008-2015
Boston Celtics_2012,mooreet01_2012,18.193405398660254,2008-2015
Boston Celtics_2012,onealje01_2012,23.874672772626646,2008-2015
Boston Celtics_2012,pavloal01_2012,22.956480566497994,2008-2015
Boston Celtics_2012,piercpa01_2012,45.552167895721496,2008-2015
Boston Celtics_2012,pietrmi01_2012,30.347981810987037,2008-2015
Boston Celtics_2012,rondora01_2012,44.23799272118933,2008-2015
Boston Celtics_2012,stiemgr01_2012,27.676705006196094,2008-2015
Boston Celtics_2012,wilcoch01_2012,21.93171219946131,2008-2015
Boston Celtics_2013,barbole01_2013,22.64950330581225,2008-2015
Boston Celtics_2013,bassbr01_2013,47.31807265728392,2008-2015
Boston Celtics_2013,bradlav01_2013,37.881393849751625,2008-2015
Boston Celtics_2013,collija04_2013,18.16590212458495,2008-2015
Boston Celtics_2013,crawfjo02_2013,24.124676163629637,2008-2015
Boston Celtics_2013,garneke01_2013,44.96665431183423,2008-2015
Boston Celtics_2013,greenje02_2013,47.45524207081869,2008-2015
Boston Celtics_2013,leeco01_2013,44.05678154382138,2008-2015
Boston Celtics_2013,piercpa01_2013,50.7444578254611,2008-2015
Boston Celtics_2013,rondora01_2013,37.72267222772003,2008-2015
Boston Celtics_2013,sullija01_2013,29.866369046136157,2008-2015
Boston Celtics_2013,terryja01_2013,46.08687448721165,2008-2015
Boston Celtics_2013,wilcoch01_2013,28.809720581775867,2008-2015
Boston Celtics_2013,willite01_2013,17.832554500127006,2008-2015
Boston Celtics_2014,anthojo01_2014,12.206555615733702,2008-2015
Boston Celtics_2014,bassbr01_2014,47.60252094164762,2008-2015
Boston Celtics_2014,bayleje01_2014,32.18695387886216,2008-2015
Boston Celtics_2014,bradlav01_2014,43.069710934716056,2008-2015
Boston Celtics_2014,crawfjo02_2014,34.61213659975356,2008-2015
Boston Celtics_2014,favervi01_2014,22.090722034374522,2008-2015
Boston Celtics_2014,greenje02_2014,52.96225070746144,2008-2015
Boston Celtics_2014,humphkr01_2014,37.094473981982816,2008-2015
Boston Celtics_2014,johnsch04_2014,28.089143810376278,2008-2015
Boston Celtics_2014,leeco01_2014,22.44994432064365,2008-2015
Boston Celtics_2014,olynyke01_2014,37.416573867739416,2008-2015
Boston Celtics_2014,pressph01_2014,33.645207682521445,2008-2015
Boston Celtics_2014,rondora01_2014,31.591137997862628,2008-2015
Boston Celtics_2014,sullija01_2014,45.17742799230607,2008-2015
Boston Celtics_2014,wallage01_2014,37.62977544445356,2008-2015
Boston Celtics_2015,bassbr01_2015,43.9203825119955,2008-2015
Boston Celtics_2015,bradlav01_2015,49.27473997901968,2008-2015
Boston Celtics_2015,crowdja01_2015,37.17526059088221,2008-2015
Boston Celtics_2015,greenje02_2015,33.06055050963308,2008-2015
Boston Celtics_2015,jerebjo01_2015,22.956480566497994,2008-2015
Boston Celtics_2015,olynyke01_2015,37.72267222772003,2008-2015
Boston Celtics_2015,pressph01_2015,24.49489742783178,2008-2015
Boston Celtics_2015,rondora01_2015,26.43860813280457,2008-2015
Boston Celtics_2015,smartma01_2015,42.5205832509386,2008-2015
Boston Celtics_2015,sullija01_2015,39.57271787481876,2008-2015
Boston Celtics_2015,thomais02_2015,23.345235059857504,2008-2015
Boston Celtics_2015,thornma01_2015,25.298221281347036,2008-2015
Boston Celtics_2015,turneev01_2015,47.53945729601885,2008-2015
Boston Celtics_2015,wallage01_2015,16.911534525287763,2008-2015
Boston Celtics_2015,youngja01_2015,18.2208671582886,2008-2015
Boston Celtics_2015,zellety01_2015,41.60528812542944,2008-2015
Boston Celtics_2016,bradlav01_2016,50.35871324805669,2016-present
Boston Celtics_2016,crowdja01_2016,48.041648597857254,2016-present
Boston Celtics_2016,hunterj01_2016,17.74823934929885,2016-present
Boston Celtics_2016,jerebjo01_2016,34.292856398964496,2016-present
Boston Celtics_2016,johnsam01_2016,42.42640687119285,2016-present
Boston Celtics_2016,leeda02_2016,21.6794833886788,2016-present
Boston Celtics_2016,olynyke01_2016,37.3496987939662,2016-present
Boston Celtics_2016,roziete01_2016,17.635192088548397,2016-present
Boston Celtics_2016,smartma01_2016,40.82891132518721,2016-present
Boston Celtics_2016,sullija01_2016,43.76071297408213,2016-present
Boston Celtics_2016,thomais02_2016,51.419840528729765,2016-present
Boston Celtics_2016,turneev01_2016,47.65501022977542,2016-present
Boston Celtics_2016,youngja01_2016,14.106735979665885,2016-present
Boston Celtics_2016,zellety01_2016,26.645825188948457,2016-present
Boston Celtics_2017,bradlav01_2017,42.83689998120779,2016-present
Boston Celtics_2017,brownja02_2017,36.61966684720111,2016-present
Boston Celtics_2017,crowdja01_2017,48.321837713398274,2016-present
Boston Celtics_2017,greenge01_2017,23.194827009486403,2016-present
Boston Celtics_2017,horfoal01_2017,46.82947789587238,2016-present
Boston Celtics_2017,jerebjo01_2017,35.09985754956849,2016-present
Boston Celtics_2017,johnsam01_2017,40.099875311526844,2016-present
Boston Celtics_2017,mickejo01_2017,11.874342087037917,2016-present
Boston Celtics_2017,olynyke01_2017,39.21734310225516,2016-present
Boston Celtics_2017,roziete01_2017,35.53871128783372,2016-present
Boston Celtics_2017,smartma01_2017,48.979587585033826,2016-present
Boston Celtics_2017,thomais02_2017,50.68530358989675,2016-present
Boston Celtics_2017,youngja01_2017,14.832396974191326,2016-present
Boston Celtics_2017,zellety01_2017,22.9128784747792,2016-present
Boston Celtics_2018,baynear01_2018,38.535697735995385,2016-present
Boston Celtics_2018,brownja02_2018,46.389654018972806,2016-present
Boston Celtics_2018,horfoal01_2018,47.7179211617606,2016-present
Boston Celtics_2018,irvinky01_2018,43.94314508543966,2016-present
Boston Celtics_2018,larkish01_2018,27.83882181415011,2016-present
Boston Celtics_2018,monrogr01_2018,22.271057451320086,2016-present
Boston Celtics_2018,morrima03_2018,37.97367509209505,2016-present
Boston Celtics_2018,naderab01_2018,22.847319317591726,2016-present
Boston Celtics_2018,ojelese01_2018,33.91164991562634,2016-present
Boston Celtics_2018,roziete01_2018,45.47526800360829,2016-present
Boston Celtics_2018,smartma01_2018,40.17461885320133,2016-present
Boston Celtics_2018,tatumja01_2018,49.42671342502959,2016-present
Boston Celtics_2018,theisda01_2018,30.59411708155671,2016-present
Boston Celtics_2018,yabusgu01_2018,15.329709716755891,2016-present
Boston Celtics_2019,baynear01_2019,28.653097563788805,2016-present
Boston Celtics_2019,brownja02_2019,43.73785545725808,2016-present
Boston Celtics_2019,haywago01_2019,43.162483709814474,2016-present
Boston Celtics_2019,horfoal01_2019,44.41846462902562,2016-present
Boston Celtics_2019,irvinky01_2019,47.05316142407437,2016-present
Boston Celtics_2019,morrima03_2019,45.727453460694704,2016-present
Boston Celtics_2019,ojelese01_2019,24.372115213907882,2016-present
Boston Celtics_2019,roziete01_2019,42.320207938997655,2016-present
Boston Celtics_2019,smartma01_2019,46.9041575982343,2016-present
Boston Celtics_2019,tatumja01_2019,49.54795656734998,2016-present
Boston Celtics_2019,theisda01_2019,30.133038346638727,2016-present
Boston Celtics_2019,wanambr01_2019,18.520259177452136,2016-present
Boston Celtics_2019,williro04_2019,16.822603841260722,2016-present
Boston Celtics_2019,yabusgu01_2019,15.84297951775486,2016-present
Boston Celtics_2020,brownja02_2020,43.977266854592045,2016-present
Boston Celtics_2020,edwarca01_2020,18.734993995195193,2016-present
Boston Celtics_2020,greenja02_2020,21.633307652783937,2016-present
Boston Celtics_2020,haywago01_2020,41.71330722922842,2016-present
Boston Celtics_2020,kanteen01_2020,31.352830813181765,2016-present
Boston Celtics_2020,langfro01_2020,19.235384061671343,2016-present
Boston Celtics_2020,ojelese01_2020,31.796226191169293,2016-present
Boston Celtics_2020,poirivi01_2020,11.40175425099138,2016-present
Boston Celtics_2020,smartma01_2020,43.80639222761902,2016-present
Boston Celtics_2020,tatumja01_2020,47.59201613716318,2016-present
Boston Celtics_2020,theisda01_2020,39.57271787481876,2016-present
Boston Celtics_2020,walkeke02_2020,41.737273509418415,2016-present
Boston Celtics_2020,wanambr01_2020,37.0,2016-present
Boston Celtics_2020,willigr01_2020,32.29551052391029,2016-present
Boston Celtics_2020,williro04_2020,19.697715603592208,2016-present
Boston Celtics_2021,brownja02_2021,44.710177812216315,2016-present
Boston Celtics_2021,edwarca01_2021,16.61324772583615,2016-present
Boston Celtics_2021,greenja02_2021,18.57417562100671,2016-present
Boston Celtics_2021,nesmiaa01_2021,25.865034312755125,2016-present
Boston Celtics_2021,ojelese01_2021,30.822070014844883,2016-present
Boston Celtics_2021,pritcpa01_2021,35.608987629529715,2016-present
Boston Celtics_2021,smartma01_2021,39.761790704142086,2016-present
Boston Celtics_2021,tatumja01_2021,47.853944456021594,2016-present
Boston Celtics_2021,teaguje01_2021,24.819347291981714,2016-present
Boston Celtics_2021,theisda01_2021,32.046840717924134,2016-present
Boston Celtics_2021,thomptr01_2021,35.874782229304195,2016-present
Boston Celtics_2021,walkeke02_2021,37.0,2016-present
Boston Celtics_2021,watertr01_2021,15.427248620541512,2016-present
Boston Celtics_2021,willigr01_2021,33.734255586866,2016-present
Boston Celtics_2021,williro04_2021,31.38470965295043,2016-present
Boston Celtics_2022,brownja02_2022,47.11687595755899,2016-present
Boston Celtics_2022,hausesa01_2022,12.569805089976535,2016-present
Boston Celtics_2022,horfoal01_2022,44.77722635447622,2016-present
Boston Celtics_2022,kanteen01_2022,20.273134932713294,2016-present
Boston Celtics_2022,langfro01_2022,26.981475126464083,2016-present
Boston Celtics_2022,nesmiaa01_2022,23.958297101421877,2016-present
Boston Celtics_2022,pritcpa01_2022,31.63858403911275,2016-present
Boston Celtics_2022,richajo01_2022,32.96968304366907,2016-present
Boston Celtics_2022,schrode01_2022,37.8549864614954,2016-present
Boston Celtics_2022,smartma01_2022,47.916594202843754,2016-present
Boston Celtics_2022,tatumja01_2022,52.25897052181568,2016-present
Boston Celtics_2022,theisda01_2022,19.82422760159901,2016-present
Boston Celtics_2022,whitede01_2022,26.70205984563738,2016-present
Boston Celtics_2022,willigr01_2022,43.30127018922193,2016-present
Boston Celtics_2022,williro04_2022,42.473521163190604,2016-present
Boston Celtics_2023,brogdma01_2023,41.7612260356422,2016-present
Boston Celtics_2023,brownja02_2023,49.040799340956916,2016-present
Boston Celtics_2023,griffbl01_2023,23.853720883753127,2016-present
Boston Celtics_2023,hausesa01_2023,35.91656999213594,2016-present
Boston Celtics_2023,horfoal01_2023,43.840620433565945,2016-present
Boston Celtics_2023,jacksju01_2023,10.344080432788601,2016-present
Boston Celtics_2023,kornelu01_2023,28.35489375751565,2016-present
Boston Celtics_2023,pritcpa01_2023,25.357444666211933,2016-present
Boston Celtics_2023,smartma01_2023,44.23799272118933,2016-present
Boston Celtics_2023,tatumja01_2023,52.26853738148792,2016-present
Boston Celtics_2023,vonleno01_2023,13.076696830622021,2016-present
Boston Celtics_2023,whitede01_2023,48.155996511338024,2016-present
Boston Celtics_2023,willigr01_2023,45.221676218380054,2016-present
Boston Celtics_2023,williro04_2023,28.705400188814647,2016-present
Boston Celtics_2024,bantoda01_2024,13.076696830622021,2016-present
Boston Celtics_2024,brissos01_2024,25.099800796022265,2016-present
Boston Celtics_2024,brownja02_2024,48.40454524112379,2016-present
Boston Celtics_2024,hausesa01_2024,41.72529209005013,2016-present
Boston Celtics_2024,holidjr01_2024,47.57099956906519,2016-present
Boston Celtics_2024,horfoal01_2024,41.71330722922842,2016-present
Boston Celtics_2024,kornelu01_2024,31.352830813181765,2016-present
Boston Celtics_2024,mykhasv01_2024,20.322401432901575,2016-present
Boston Celtics_2024,porzikr01_2024,41.10960958218893,2016-present
Boston Celtics_2024,pritcpa01_2024,42.720018726587654,2016-present
Boston Celtics_2024,quetane01_2024,18.24828759089466,2016-present
Boston Celtics_2024,tatumja01_2024,51.42956348249516,2016-present
Boston Celtics_2024,whitede01_2024,48.79549159502341,2016-present
Boston Celtics_2025,brownja02_2025,46.45427859734774,2016-present
Boston Celtics_2025,hausesa01_2025,39.25557285278104,2016-present
Boston Celtics_2025,holidjr01_2025,43.54308211415448,2016-present
Boston Celtics_2025,horfoal01_2025,40.7308237088326,2016-present
Boston Celtics_2025,kornelu01_2025,36.89173349139343,2016-present
Boston Celtics_2025,peterdr01_2025,13.638181696985855,2016-present
Boston Celtics_2025,porzikr01_2025,34.785054261852174,2016-present
Boston Celtics_2025,pritcpa01_2025,47.65501022977542,2016-present
Boston Celtics_2025,quetane01_2025,29.376861643136763,2016-present
Boston Celtics_2025,scheiba01_2025,19.595917942265423,2016-present
Boston Celtics_2025,sprinja01_2025,11.874342087037917,2016-present
Boston Celtics_2025,tatumja01_2025,51.22499389946279,2016-present
Boston Celtics_2025,tillmxa01_2025,15.198684153570664,2016-present
Boston Celtics_2025,walshjo01_2025,20.074859899884732,2016-present
Boston Celtics_2025,whitede01_2025,50.73460357586329,2016-present
Brooklyn Nets_2013,blatcan01_2013,39.433488306260706,2008-2015
Brooklyn Nets_2013,boganke01_2013,37.52332607858744,2008-2015
Brooklyn Nets_2013,brookma01_2013,30.199337741083,2008-2015
Brooklyn Nets_2013,evansre01_2013,44.35087372307337,2008-2015
Brooklyn Nets_2013,humphkr01_2013,34.51086785347479,2008-2015
Brooklyn Nets_2013,johnsjo02_2013,51.40038910358559,2008-2015
Brooklyn Nets_2013,lopezbr01_2013,47.46577714522327,2008-2015
Brooklyn Nets_2013,stackje01_2013,23.323807579381203,2008-2015
Brooklyn Nets_2013,tayloty01_2013,14.866068747318506,2008-2015
Brooklyn Nets_2013,teletmi01_2013,22.338307903688676,2008-2015
Brooklyn Nets_2013,wallage01_2013,45.56314299957807,2008-2015
Brooklyn Nets_2013,watsocj01_2013,39.0,2008-2015
Brooklyn Nets_2013,willide01_2013,53.31041174104736,2008-2015
Brooklyn Nets_2014,anderal01_2014,42.1070065428546,2008-2015
Brooklyn Nets_2014,blatcan01_2014,40.22437072223753,2008-2015
Brooklyn Nets_2014,collija04_2014,13.114877048604,2008-2015
Brooklyn Nets_2014,evansre01_2014,19.974984355438178,2008-2015
Brooklyn Nets_2014,garneke01_2014,33.301651610693426,2008-2015
Brooklyn Nets_2014,johnsjo02_2014,50.7444578254611,2008-2015
Brooklyn Nets_2014,kirilan01_2014,29.274562336608895,2008-2015
Brooklyn Nets_2014,livinsh01_2014,44.429719783046124,2008-2015
Brooklyn Nets_2014,piercpa01_2014,45.803929962395145,2008-2015
Brooklyn Nets_2014,plumlma01_2014,35.70714214271425,2008-2015
Brooklyn Nets_2014,tayloty01_2014,16.431676725154983,2008-2015
Brooklyn Nets_2014,teaguma01_2014,14.177446878757825,2008-2015
Brooklyn Nets_2014,teletmi01_2014,37.36308338453881,2008-2015
Brooklyn Nets_2014,terryja01_2014,23.874672772626646,2008-2015
Brooklyn Nets_2014,thornma01_2014,24.899799195977465,2008-2015
Brooklyn Nets_2014,willide01_2014,45.37620521815371,2008-2015
Brooklyn Nets_2015,anderal01_2015,41.7612260356422,2008-2015
Brooklyn Nets_2015,bogdabo02_2015,43.05810028322197,2008-2015
Brooklyn Nets_2015,brownma02_2015,27.94637722496424,2008-2015
Brooklyn Nets_2015,garneke01_2015,29.223278392404914,2008-2015
Brooklyn Nets_2015,jackja01_2015,47.3392015141785,2008-2015
Brooklyn Nets_2015,jeffeco01_2015,23.043437243605826,2008-2015
Brooklyn Nets_2015,johnsjo02_2015,52.82991576748916,2008-2015
Brooklyn Nets_2015,jordaje01_2015,19.570385790780925,2008-2015
Brooklyn Nets_2015,karasse01_2015,23.558437978779494,2008-2015
Brooklyn Nets_2015,lopezbr01_2015,45.8257569495584,2008-2015
Brooklyn Nets_2015,morrida01_2015,17.291616465790582,2008-2015
Brooklyn Nets_2015,plumlma01_2015,41.7492514902962,2008-2015
Brooklyn Nets_2015,teletmi01_2015,29.866369046136157,2008-2015
Brooklyn Nets_2015,willide01_2015,45.9782557302906,2008-2015
Brooklyn Nets_2015,youngth01_2015,28.792360097775937,2008-2015
Brooklyn Nets_2016,bargnan01_2016,25.179356624028344,2016-present
Brooklyn Nets_2016,bogdabo02_2016,45.98912915026767,2016-present
Brooklyn Nets_2016,brownma02_2016,31.336879231984796,2016-present
Brooklyn Nets_2016,ellinwa01_2016,40.18706259482024,2016-present
Brooklyn Nets_2016,holliro01_2016,24.79919353527449,2016-present
Brooklyn Nets_2016,jackja01_2016,32.046840717924134,2016-present
Brooklyn Nets_2016,johnsjo02_2016,43.977266854592045,2016-present
Brooklyn Nets_2016,karasse01_2016,19.974984355438178,2016-present
Brooklyn Nets_2016,kilpase01_2016,23.108440016582687,2016-present
Brooklyn Nets_2016,larkish01_2016,41.84495190581536,2016-present
Brooklyn Nets_2016,lopezbr01_2016,49.56813492557492,2016-present
Brooklyn Nets_2016,mcculch01_2016,19.026297590440446,2016-present
Brooklyn Nets_2016,reedwi02_2016,20.639767440550294,2016-present
Brooklyn Nets_2016,robinth01_2016,30.28200785945344,2016-present
Brooklyn Nets_2016,sloando01_2016,36.30426972134269,2016-present
Brooklyn Nets_2016,youngth01_2016,49.06118628814432,2016-present
Brooklyn Nets_2017,acyqu01_2017,22.58317958127243,2016-present
Brooklyn Nets_2017,bennean01_2017,16.24807680927192,2016-present
Brooklyn Nets_2017,bogdabo02_2017,38.49675310984031,2016-present
Brooklyn Nets_2017,booketr01_2017,41.88078318274385,2016-present
Brooklyn Nets_2017,dinwisp01_2017,36.52396473549935,2016-present
Brooklyn Nets_2017,foyera01_2017,35.832945734337834,2016-present
Brooklyn Nets_2017,hamilju01_2017,34.307433596816885,2016-present
Brooklyn Nets_2017,harrijo01_2017,33.734255586866,2016-present
Brooklyn Nets_2017,holliro01_2017,41.96427051671457,2016-present
Brooklyn Nets_2017,kilpase01_2017,41.88078318274385,2016-present
Brooklyn Nets_2017,leverca01_2017,35.17101079013795,2016-present
Brooklyn Nets_2017,linje01_2017,29.715315916207253,2016-present
Brooklyn Nets_2017,lopezbr01_2017,47.138094997570704,2016-present
Brooklyn Nets_2017,scolalu01_2017,21.470910553583888,2016-present
Brooklyn Nets_2017,whiteis01_2017,40.53393639902249,2016-present
Brooklyn Nets_2018,acyqu01_2018,36.864617182333525,2016-present
Brooklyn Nets_2018,allenja01_2018,37.960505792204614,2016-present
Brooklyn Nets_2018,carrode01_2018,46.69047011971501,2016-present
Brooklyn Nets_2018,crabbal01_2018,46.87216658103186,2016-present
Brooklyn Nets_2018,cunnida01_2018,21.142374511865974,2016-present
Brooklyn Nets_2018,dinwisp01_2018,48.02082881417188,2016-present
Brooklyn Nets_2018,harrijo01_2018,44.44097208657794,2016-present
Brooklyn Nets_2018,holliro01_2018,43.81780460041329,2016-present
Brooklyn Nets_2018,leverca01_2018,43.174066289845804,2016-present
Brooklyn Nets_2018,mozgoti01_2018,18.947295321496416,2016-present
Brooklyn Nets_2018,okafoja01_2018,18.110770276274835,2016-present
Brooklyn Nets_2018,russeda01_2018,35.12833614050059,2016-present
Brooklyn Nets_2018,stausni01_2018,21.863211109075447,2016-present
Brooklyn Nets_2018,zellety01_2018,26.514147167125703,2016-present
Brooklyn Nets_2019,allenja01_2019,45.78209256903839,2016-present
Brooklyn Nets_2019,carrode01_2019,41.2674205639267,2016-present
Brooklyn Nets_2019,crabbal01_2019,33.66006535941367,2016-present
Brooklyn Nets_2019,davised01_2019,38.02630668366309,2016-present
Brooklyn Nets_2019,dinwisp01_2019,43.749285708454714,2016-present
Brooklyn Nets_2019,dudleja01_2019,34.92849839314596,2016-present
Brooklyn Nets_2019,grahatr01_2019,26.739483914241877,2016-present
Brooklyn Nets_2019,harrijo01_2019,47.885279575251516,2016-present
Brooklyn Nets_2019,holliro01_2019,35.12833614050059,2016-present
Brooklyn Nets_2019,kurucro01_2019,35.9722114972099,2016-present
Brooklyn Nets_2019,leverca01_2019,32.60368077380221,2016-present
Brooklyn Nets_2019,napiesh01_2019,31.352830813181765,2016-present
Brooklyn Nets_2019,russeda01_2019,49.47726750741192,2016-present
Brooklyn Nets_2020,allenja01_2020,43.034869582700026,2016-present
Brooklyn Nets_2020,chandwi01_2020,27.09243436828813,2016-present
Brooklyn Nets_2020,dinwisp01_2020,44.654227123532216,2016-present
Brooklyn Nets_2020,harrijo01_2020,46.07602413403309,2016-present
Brooklyn Nets_2020,jordade01_2020,35.12833614050059,2016-present
Brooklyn Nets_2020,kurucro01_2020,26.153393661244042,2016-present
Brooklyn Nets_2020,leverca01_2020,36.46916505762094,2016-present
Brooklyn Nets_2020,luwawti01_2020,29.206163733020468,2016-present
Brooklyn Nets_2020,musadz01_2020,22.06807649071391,2016-present
Brooklyn Nets_2020,pinsoth01_2020,19.1049731745428,2016-present
Brooklyn Nets_2020,princta02_2020,43.09292285283048,2016-present
Brooklyn Nets_2020,templga01_2020,41.593268686170845,2016-present
Brooklyn Nets_2021,brownbr01_2021,38.09199390948182,2016-present
Brooklyn Nets_2021,chiozch01_2021,15.231546211727817,2016-present
Brooklyn Nets_2021,claxtni01_2021,24.372115213907882,2016-present
Brooklyn Nets_2021,duranke01_2021,34.0147027033899,2016-present
Brooklyn Nets_2021,greenje02_2021,42.83689998120779,2016-present
Brooklyn Nets_2021,griffbl01_2021,23.664319132398465,2016-present
Brooklyn Nets_2021,hardeja01_2021,36.318039594669756,2016-present
Brooklyn Nets_2021,harrijo01_2021,46.2709412050371,2016-present
Brooklyn Nets_2021,irvinky01_2021,43.42810150121693,2016-present
Brooklyn Nets_2021,johnsty01_2021,26.153393661244042,2016-present
Brooklyn Nets_2021,jordade01_2021,35.298725189445584,2016-present
Brooklyn Nets_2021,luwawti01_2021,32.4037034920393,2016-present
Brooklyn Nets_2021,perryre01_2021,14.52583904633395,2016-present
Brooklyn Nets_2021,shamela01_2021,37.456641600656084,2016-present
Brooklyn Nets_2022,aldrila01_2022,32.4037034920393,2016-present
Brooklyn Nets_2022,bembrde01_2022,30.805843601498726,2016-present
Brooklyn Nets_2022,brownbr01_2022,42.118879377305376,2016-present
Brooklyn Nets_2022,carteje01_2022,23.49468024894146,2016-present
Brooklyn Nets_2022,claxtni01_2022,31.20897306865447,2016-present
Brooklyn Nets_2022,drumman01_2022,23.130067012440755,2016-present
Brooklyn Nets_2022,dukeda01_2022,18.466185312619388,2016-present
Brooklyn Nets_2022,duranke01_2022,45.24378410345447,2016-present
Brooklyn Nets_2022,edwarke02_2022,31.416556144810016,2016-present
Brooklyn Nets_2022,griffbl01_2022,30.95157508108432,2016-present
Brooklyn Nets_2022,hardeja01_2022,40.33608806019741,2016-present
Brooklyn Nets_2022,irvinky01_2022,33.03028912982749,2016-present
Brooklyn Nets_2022,johnsja01_2022,34.51086785347479,2016-present
Brooklyn Nets_2022,millspa01_2022,16.431676725154983,2016-present
Brooklyn Nets_2022,millspa02_2022,48.43552415324934,2016-present
Brooklyn Nets_2022,sharpda01_2022,19.77371993328519,2016-present
Brooklyn Nets_2022,thomaca02_2022,34.292856398964496,2016-present
Brooklyn Nets_2023,bridgmi01_2023,30.380915061926625,2016-present
Brooklyn Nets_2023,claxtni01_2023,47.65501022977542,2016-present
Brooklyn Nets_2023,curryse01_2023,34.79942528261063,2016-present
Brooklyn Nets_2023,dinwisp01_2023,30.28200785945344,2016-present
Brooklyn Nets_2023,dukeda01_2023,15.0996688705415,2016-present
Brooklyn Nets_2023,duranke01_2023,37.456641600656084,2016-present
Brooklyn Nets_2023,finnedo01_2023,26.851443164195103,2016-present
Brooklyn Nets_2023,harrijo01_2023,39.07684736515984,2016-present
Brooklyn Nets_2023,irvinky01_2023,38.44476557348217,2016-present
Brooklyn Nets_2023,johnsca02_2023,27.748873851023216,2016-present
Brooklyn Nets_2023,millspa02_2023,23.811761799581316,2016-present
Brooklyn Nets_2023,morrima02_2023,16.881943016134134,2016-present
Brooklyn Nets_2023,onealro01_2023,49.08156476723211,2016-present
Brooklyn Nets_2023,sharpda01_2023,23.49468024894146,2016-present
Brooklyn Nets_2023,simmobe01_2023,33.24154027718932,2016-present
Brooklyn Nets_2023,sumneed01_2023,27.129319932501073,2016-present
Brooklyn Nets_2023,thomaca02_2023,30.789608636681304,2016-present
Brooklyn Nets_2023,warretj01_2023,22.135943621178654,2016-present
Brooklyn Nets_2023,watanyu01_2023,30.463092423455635,2016-present
Brooklyn Nets_2024,bridgmi01_2024,53.422841556772326,2016-present
Brooklyn Nets_2024,claxtni01_2024,46.0,2016-present
Brooklyn Nets_2024,clownno01_2024,19.235384061671343,2016-present
Brooklyn Nets_2024,dinwisp01_2024,38.39270764090493,2016-present
Brooklyn Nets_2024,finnedo01_2024,43.977266854592045,2016-present
Brooklyn Nets_2024,johnsca02_2024,39.98749804626441,2016-present
Brooklyn Nets_2024,onealro01_2024,34.66987164671943,2016-present
Brooklyn Nets_2024,schrode01_2024,30.44667469527666,2016-present
Brooklyn Nets_2024,sharpda01_2024,30.347981810987037,2016-present
Brooklyn Nets_2024,smithde03_2024,32.54228019054596,2016-present
Brooklyn Nets_2024,thomaca02_2024,45.552167895721496,2016-present
Brooklyn Nets_2024,walkelo01_2024,31.796226191169293,2016-present
Brooklyn Nets_2024,watfotr01_2024,29.257477676655586,2016-present
Brooklyn Nets_2024,wilsoja03_2024,25.768197453450252,2016-present
Brooklyn Nets_2025,beekmre01_2025,21.563858652847824,2016-present
Brooklyn Nets_2025,claxtni01_2025,43.382023926967726,2016-present
Brooklyn Nets_2025,clownno01_2025,32.28002478313795,2016-present
Brooklyn Nets_2025,evbuoto01_2025,25.787593916455254,2016-present
Brooklyn Nets_2025,johnsca02_2025,42.42640687119285,2016-present
Brooklyn Nets_2025,johnske07_2025,43.87482193696061,2016-present
Brooklyn Nets_2025,lewisma05_2025,17.26267650163207,2016-present
Brooklyn Nets_2025,martity01_2025,36.26292872893749,2016-present
Brooklyn Nets_2025,miltosh01_2025,22.181073012818835,2016-present
Brooklyn Nets_2025,russeda01_2025,26.77685567799177,2016-present
Brooklyn Nets_2025,schrode01_2025,27.784887978899608,2016-present
Brooklyn Nets_2025,sharpda01_2025,30.116440692751194,2016-present
Brooklyn Nets_2025,simmobe01_2025,28.722813232690143,2016-present
Brooklyn Nets_2025,thomaca02_2025,27.94637722496424,2016-present
Brooklyn Nets_2025,watfotr01_2025,30.215889859476256,2016-present
Brooklyn Nets_2025,willizi02_2025,39.25557285278104,2016-present
Brooklyn Nets_2025,wilsoja03_2025,45.066617356974994,2016-present
Charlotte Bobcats_2005,allenma01_2005,16.46207763315433,1999-2007
Charlotte Bobcats_2005,boganke01_2005,42.320207938997655,1999-2007
Charlotte Bobcats_2005,brezepr01_2005,47.70744176750625,1999-2007
Charlotte Bobcats_2005,carroma01_2005,20.73644135332772,1999-2007
Charlotte Bobcats_2005,elyme01_2005,40.607881008493905,1999-2007
Charlotte Bobcats_2005,hartja01_2005,43.439613257946945,1999-2007
Charlotte Bobcats_2005,kaponja01_2005,38.61346915261564,1999-2007
Charlotte Bobcats_2005,knighbr01_2005,44.090815370097204,1999-2007
Charlotte Bobcats_2005,okafoem01_2005,50.99019513592785,1999-2007
Charlotte Bobcats_2005,robinbe01_2005,18.110770276274835,1999-2007
Charlotte Bobcats_2005,rushka01_2005,29.614185789921695,1999-2007
Charlotte Bobcats_2005,sampsja01_2005,18.138357147217054,1999-2007
Charlotte Bobcats_2005,smithst01_2005,25.219040425836983,1999-2007
Charlotte Bobcats_2005,smithth01_2005,22.58317958127243,1999-2007
Charlotte Bobcats_2005,wallage01_2005,46.33573135281238,1999-2007
Charlotte Bobcats_2006,anderal01_2006,23.748684174075834,1999-2007
Charlotte Bobcats_2006,boganke01_2006,29.120439557122072,1999-2007
Charlotte Bobcats_2006,brezepr01_2006,46.52956049652737,1999-2007
Charlotte Bobcats_2006,burleke01_2006,18.439088914585774,1999-2007
Charlotte Bobcats_2006,carroma01_2006,35.70714214271425,1999-2007
Charlotte Bobcats_2006,elyme01_2006,36.71511950137164,1999-2007
Charlotte Bobcats_2006,feltora01_2006,49.05099387372289,1999-2007
Charlotte Bobcats_2006,jonesju01_2006,45.70557952810576,1999-2007
Charlotte Bobcats_2006,knighbr01_2006,48.48711168960263,1999-2007
Charlotte Bobcats_2006,mayse01_2006,19.949937343260004,1999-2007
Charlotte Bobcats_2006,okafoem01_2006,29.563490998188964,1999-2007
Charlotte Bobcats_2006,robinbe01_2006,36.09709129556009,1999-2007
Charlotte Bobcats_2006,rushka01_2006,33.331666624997915,1999-2007
Charlotte Bobcats_2006,voskuja01_2006,28.600699292150182,1999-2007
Charlotte Bobcats_2006,wallage01_2006,43.53159771935783,1999-2007
Charlotte Bobcats_2007,anderde01_2007,34.49637662132068,1999-2007
Charlotte Bobcats_2007,brezepr01_2007,28.948229652260256,1999-2007
Charlotte Bobcats_2007,carroma01_2007,43.3358973600409,1999-2007
Charlotte Bobcats_2007,elyme01_2007,15.620499351813308,1999-2007
Charlotte Bobcats_2007,feltora01_2007,53.21653878260028,1999-2007
Charlotte Bobcats_2007,harriot01_2007,14.832396974191326,1999-2007
Charlotte Bobcats_2007,herrmwa01_2007,30.59411708155671,1999-2007
Charlotte Bobcats_2007,holliry01_2007,13.601470508735444,1999-2007
Charlotte Bobcats_2007,knighbr01_2007,35.679125549822544,1999-2007
Charlotte Bobcats_2007,mayse01_2007,28.948229652260256,1999-2007
Charlotte Bobcats_2007,mcinnje01_2007,26.49528259898354,1999-2007
Charlotte Bobcats_2007,morriad01_2007,48.228622207149975,1999-2007
Charlotte Bobcats_2007,okafoem01_2007,48.25971404805462,1999-2007
Charlotte Bobcats_2007,robinbe01_2007,15.524174696260024,1999-2007
Charlotte Bobcats_2007,voskuja01_2007,32.29551052391029,1999-2007
Charlotte Bobcats_2007,wallage01_2007,51.38093031466052,1999-2007
Charlotte Bobcats_2008,anderde01_2008,19.8997487421324,2008-2015
Charlotte Bobcats_2008,boykiea01_2008,24.020824298928627,2008-2015
Charlotte Bobcats_2008,carroma01_2008,44.8998886412873,2008-2015
Charlotte Bobcats_2008,davidje01_2008,17.944358444926362,2008-2015
Charlotte Bobcats_2008,dudleja01_2008,37.20215047547655,2008-2015
Charlotte Bobcats_2008,feltora01_2008,54.516052681756044,2008-2015
Charlotte Bobcats_2008,harriot01_2008,12.884098726725126,2008-2015
Charlotte Bobcats_2008,holliry01_2008,23.065125189341593,2008-2015
Charlotte Bobcats_2008,mcinnje01_2008,37.54996671103717,2008-2015
Charlotte Bobcats_2008,mohamna01_2008,37.70941526992961,2008-2015
Charlotte Bobcats_2008,okafoem01_2008,52.1344415909483,2008-2015
Charlotte Bobcats_2008,richaja01_2008,56.1159513863928,2008-2015
Charlotte Bobcats_2008,wallage01_2008,48.744230427815765,2008-2015
Charlotte Bobcats_2009,ajincal01_2009,13.490737563232042,2008-2015
Charlotte Bobcats_2009,augusdj01_2009,43.68065933568311,2008-2015
Charlotte Bobcats_2009,bellra01_2009,40.0374824383352,2008-2015
Charlotte Bobcats_2009,brownsh01_2009,18.466185312619388,2008-2015
Charlotte Bobcats_2009,carroma01_2009,21.79449471770337,2008-2015
Charlotte Bobcats_2009,diawbo01_2009,47.07440918375928,2008-2015
Charlotte Bobcats_2009,diopde01_2009,24.166091947189145,2008-2015
Charlotte Bobcats_2009,feltora01_2009,55.5517776493246,2008-2015
Charlotte Bobcats_2009,howarju01_2009,21.213203435596427,2008-2015
Charlotte Bobcats_2009,martica01_2009,16.30950643030009,2008-2015
Charlotte Bobcats_2009,mayse01_2009,17.349351572897472,2008-2015
Charlotte Bobcats_2009,mohamna01_2009,18.466185312619388,2008-2015
Charlotte Bobcats_2009,morriad01_2009,25.826343140289914,2008-2015
Charlotte Bobcats_2009,okafoem01_2009,51.87484939737175,2008-2015
Charlotte Bobcats_2009,radmavl01_2009,25.96150997149434,2008-2015
Charlotte Bobcats_2009,singlse01_2009,13.45362404707371,2008-2015
Charlotte Bobcats_2009,wallage01_2009,51.66236541235796,2008-2015
Charlotte Bobcats_2010,augusdj01_2010,38.36665218650175,2008-2015
Charlotte Bobcats_2010,brownde04_2010,23.130067012440755,2008-2015
Charlotte Bobcats_2010,chandty01_2010,34.10278580995987,2008-2015
Charlotte Bobcats_2010,diawbo01_2010,53.907327887774215,2008-2015
Charlotte Bobcats_2010,diopde01_2010,16.186414056238647,2008-2015
Charlotte Bobcats_2010,feltora01_2010,51.41011573610781,2008-2015
Charlotte Bobcats_2010,grahast01_2010,28.35489375751565,2008-2015
Charlotte Bobcats_2010,hendege02_2010,18.841443681416774,2008-2015
Charlotte Bobcats_2010,jacksst02_2010,53.1883445878888,2008-2015
Charlotte Bobcats_2010,mohamna01_2010,31.368774282716245,2008-2015
Charlotte Bobcats_2010,murraro01_2010,31.51190251317746,2008-2015
Charlotte Bobcats_2010,ratlith01_2010,24.979991993593593,2008-2015
Charlotte Bobcats_2010,thomaty01_2010,23.280893453645632,2008-2015
Charlotte Bobcats_2010,wallage01_2010,55.848008021772806,2008-2015
Charlotte Bobcats_2011,augusdj01_2011,52.507142371300304,2008-2015
Charlotte Bobcats_2011,brownde04_2011,22.090722034374522,2008-2015
Charlotte Bobcats_2011,brownkw01_2011,41.400483088968905,2008-2015
Charlotte Bobcats_2011,carroma01_2011,24.124676163629637,2008-2015
Charlotte Bobcats_2011,cunnida01_2011,23.0,2008-2015
Charlotte Bobcats_2011,diawbo01_2011,52.706735812417755,2008-2015
Charlotte Bobcats_2011,hendege02_2011,40.755367744629666,2008-2015
Charlotte Bobcats_2011,jacksst02_2011,49.040799340956916,2008-2015
Charlotte Bobcats_2011,livinsh01_2011,35.510561809129406,2008-2015
Charlotte Bobcats_2011,mcguido01_2011,27.568097504180443,2008-2015
Charlotte Bobcats_2011,mohamna01_2011,29.171904291629644,2008-2015
Charlotte Bobcats_2011,najered01_2011,19.28730152198591,2008-2015
Charlotte Bobcats_2011,thomaty01_2011,29.34280150224242,2008-2015
Charlotte Bobcats_2011,wallage01_2011,43.266615305567875,2008-2015
Charlotte Bobcats_2011,whitedj01_2011,21.587033144922902,2008-2015
Charlotte Bobcats_2012,augusdj01_2012,37.52332607858744,2008-2015
Charlotte Bobcats_2012,biyombi01_2012,38.144462245521304,2008-2015
Charlotte Bobcats_2012,brownde04_2012,37.986839826445156,2008-2015
Charlotte Bobcats_2012,carroma01_2012,24.413111231467404,2008-2015
Charlotte Bobcats_2012,diawbo01_2012,31.906112267087632,2008-2015
Charlotte Bobcats_2012,diopde01_2012,18.027756377319946,2008-2015
Charlotte Bobcats_2012,hendege02_2012,42.790185790669334,2008-2015
Charlotte Bobcats_2012,higgico01_2012,20.566963801203133,2008-2015
Charlotte Bobcats_2012,maggeco01_2012,29.68164415931166,2008-2015
Charlotte Bobcats_2012,mulleby01_2012,38.27531841800928,2008-2015
Charlotte Bobcats_2012,najered01_2012,16.431676725154983,2008-2015
Charlotte Bobcats_2012,thomaty01_2012,31.827660925679098,2008-2015
Charlotte Bobcats_2012,walkeke02_2012,42.33202097703345,2008-2015
Charlotte Bobcats_2012,whitedj01_2012,33.13608305156178,2008-2015
Charlotte Bobcats_2012,willire02_2012,27.331300737432898,2008-2015
Charlotte Bobcats_2013,adrieje01_2013,26.70205984563738,2008-2015
Charlotte Bobcats_2013,biyombi01_2013,46.75467891024384,2008-2015
Charlotte Bobcats_2013,diopde01_2013,15.033296378372908,2008-2015
Charlotte Bobcats_2013,gordobe01_2013,39.496835316262995,2008-2015
Charlotte Bobcats_2013,haywobr01_2013,34.08812109811862,2008-2015
Charlotte Bobcats_2013,hendege02_2013,46.184412955021955,2008-2015
Charlotte Bobcats_2013,kiddgmi01_2013,45.0,2008-2015
Charlotte Bobcats_2013,mcrobjo01_2013,28.319604517012593,2008-2015
Charlotte Bobcats_2013,mulleby01_2013,37.78888725538237,2008-2015
Charlotte Bobcats_2013,sessira01_2013,40.64480286580315,2008-2015
Charlotte Bobcats_2013,tayloje03_2013,38.82009788756334,2008-2015
Charlotte Bobcats_2013,thomaty01_2013,18.973665961010276,2008-2015
Charlotte Bobcats_2013,walkeke02_2013,53.4696175411794,2008-2015
Charlotte Bobcats_2013,warriha01_2013,21.95449840010015,2008-2015
Charlotte Bobcats_2013,willire02_2013,19.493588689617926,2008-2015
Charlotte Bobcats_2014,adrieje01_2014,16.0,2008-2015
Charlotte Bobcats_2014,biyombi01_2014,32.7414110874898,2008-2015
Charlotte Bobcats_2014,douglch01_2014,31.874754901018456,2008-2015
Charlotte Bobcats_2014,hendege02_2014,49.60846701924985,2008-2015
Charlotte Bobcats_2014,jeffeal01_2014,50.52722038663912,2008-2015
Charlotte Bobcats_2014,kiddgmi01_2014,38.7556447501522,2008-2015
Charlotte Bobcats_2014,mcrobjo01_2014,48.579831205964474,2008-2015
Charlotte Bobcats_2014,nealga01_2014,22.516660498395403,2008-2015
Charlotte Bobcats_2014,pargoja01_2014,15.556349186104045,2008-2015
Charlotte Bobcats_2014,ridnolu01_2014,19.44222209522358,2008-2015
Charlotte Bobcats_2014,sessira01_2014,36.124783736376884,2008-2015
Charlotte Bobcats_2014,tayloje03_2014,25.079872407968907,2008-2015
Charlotte Bobcats_2014,tollian01_2014,36.02776706930364,2008-2015
Charlotte Bobcats_2014,walkeke02_2014,51.12729212465687,2008-2015
Charlotte Bobcats_2014,zelleco01_2014,37.62977544445356,2008-2015
Charlotte Hornets_1999,brownch01_1999,34.52535300326414,1999-2007
Charlotte Hornets_1999,campbel01_1999,33.67491648096547,1999-2007
Charlotte Hornets_1999,colemde01_1999,34.322004603461025,1999-2007
Charlotte Hornets_1999,davisri01_1999,23.600847442411894,1999-2007
Charlotte Hornets_1999,jonesed02_1999,34.0147027033899,1999-2007
Charlotte Hornets_1999,millebr01_1999,21.656407827707714,1999-2007
Charlotte Hornets_1999,persoch01_1999,31.464265445104548,1999-2007
Charlotte Hornets_1999,phillbo01_1999,39.67366884975475,1999-2007
Charlotte Hornets_1999,recasel01_1999,26.60826939130014,1999-2007
Charlotte Hornets_1999,shackch01_1999,19.157244060668017,1999-2007
Charlotte Hornets_1999,wesleda01_1999,42.988370520409354,1999-2007
Charlotte Hornets_2000,brownch01_2000,22.22611077089287,1999-2007
Charlotte Hornets_2000,campbel01_2000,50.37856687124,1999-2007
Charlotte Hornets_2000,colemde01_2000,48.4458460551573,1999-2007
Charlotte Hornets_2000,davisba01_2000,39.02563260217571,1999-2007
Charlotte Hornets_2000,davisri01_2000,23.874672772626646,1999-2007
Charlotte Hornets_2000,ellisda01_2000,15.491933384829668,1999-2007
Charlotte Hornets_2000,fulleto02_2000,19.974984355438178,1999-2007
Charlotte Hornets_2000,jonesed02_2000,52.98112871579842,1999-2007
Charlotte Hornets_2000,masonan01_2000,55.97320787662612,1999-2007
Charlotte Hornets_2000,millebr01_2000,31.0,1999-2007
Charlotte Hornets_2000,phillbo01_2000,28.722813232690143,1999-2007
Charlotte Hornets_2000,robined01_2000,33.34666400106613,1999-2007
Charlotte Hornets_2000,wesleda01_2000,52.53570214625479,1999-2007
Charlotte Hornets_2001,brownpj01_2001,53.018864567246254,1999-2007
Charlotte Hornets_2001,campbel01_2001,48.342527861087284,1999-2007
Charlotte Hornets_2001,colemde01_2001,26.13426869074396,1999-2007
Charlotte Hornets_2001,davisba01_2001,56.49778756730214,1999-2007
Charlotte Hornets_2001,hawkihe01_2001,26.095976701399778,1999-2007
Charlotte Hornets_2001,jamesti01_2001,14.035668847618199,1999-2007
Charlotte Hornets_2001,magloja01_2001,33.090784215548595,1999-2007
Charlotte Hornets_2001,mashbja01_2001,54.67174773134658,1999-2007
Charlotte Hornets_2001,nailole01_2001,21.656407827707714,1999-2007
Charlotte Hornets_2001,recasel01_2001,20.074859899884732,1999-2007
Charlotte Hornets_2001,robined01_2001,34.655446902326915,1999-2007
Charlotte Hornets_2001,thorpot01_2001,25.436194683953808,1999-2007
Charlotte Hornets_2001,wesleda01_2001,55.731499172371095,1999-2007
Charlotte Hornets_2002,augmost01_2002,36.318039594669756,1999-2007
Charlotte Hornets_2002,brownpj01_2002,50.62608023538856,1999-2007
Charlotte Hornets_2002,bullama01_2002,18.708286933869708,1999-2007
Charlotte Hornets_2002,campbel01_2002,46.4327470649756,1999-2007
Charlotte Hornets_2002,davisba01_2002,57.60208329565867,1999-2007
Charlotte Hornets_2002,drewbr01_2002,27.820855486487112,1999-2007
Charlotte Hornets_2002,lynchge01_2002,29.88310559496787,1999-2007
Charlotte Hornets_2002,magloja01_2002,39.35733730830886,1999-2007
Charlotte Hornets_2002,mashbja01_2002,40.01249804748511,1999-2007
Charlotte Hornets_2002,nailole01_2002,43.726422218150894,1999-2007
Charlotte Hornets_2002,traylro01_2002,26.038433132583073,1999-2007
Charlotte Hornets_2002,wesleda01_2002,49.86983055916673,1999-2007
Chicago Bulls_1999,barrybr01_1999,34.36568055487916,1999-2007
Chicago Bulls_1999,benjaco01_1999,17.88854381999832,1999-2007
Chicago Bulls_1999,boothke01_1999,20.784609690826528,1999-2007
Chicago Bulls_1999,brownra02_1999,33.74907406137241,1999-2007
Chicago Bulls_1999,bryanma01_1999,34.698703145794944,1999-2007
Chicago Bulls_1999,carrco01_1999,24.979991993593593,1999-2007
Chicago Bulls_1999,davidko01_1999,30.033314835362415,1999-2007
Chicago Bulls_1999,harpero01_1999,33.27160951922825,1999-2007
Chicago Bulls_1999,jonesch03_1999,21.817424229271428,1999-2007
Chicago Bulls_1999,kukocto01_1999,40.66939881532551,1999-2007
Chicago Bulls_1999,langan01_1999,19.6468827043885,1999-2007
Chicago Bulls_1999,larueru01_1999,27.055498516937366,1999-2007
Chicago Bulls_1999,simpkdi01_1999,38.05259518088089,1999-2007
Chicago Bulls_1999,wennibi01_1999,21.236760581595302,1999-2007
Chicago Bulls_2000,anstech01_2000,31.73326330524486,1999-2007
Chicago Bulls_2000,armstbj01_2000,24.145392935299274,1999-2007
Chicago Bulls_2000,artesro01_2000,47.30750469005948,1999-2007
Chicago Bulls_2000,benjaco01_2000,29.359836511806396,1999-2007
Chicago Bulls_2000,brandel01_2000,54.76312628037227,1999-2007
Chicago Bulls_2000,brownra02_2000,40.311288741492746,1999-2007
Chicago Bulls_2000,carrch01_2000,33.04542328371661,1999-2007
Chicago Bulls_2000,davidko01_2000,21.047565179849187,1999-2007
Chicago Bulls_2000,hawkihe01_2000,40.27406113120453,1999-2007
Chicago Bulls_2000,hoibefr01_2000,29.068883707497267,1999-2007
Chicago Bulls_2000,kukocto01_2000,29.46183972531247,1999-2007
Chicago Bulls_2000,malonma01_2000,34.27827300200522,1999-2007
Chicago Bulls_2000,perduwi01_2000,31.811947441173732,1999-2007
Chicago Bulls_2000,ruffimi01_2000,31.22498999199199,1999-2007
Chicago Bulls_2000,simpkdi01_2000,40.63249930782009,1999-2007
Chicago Bulls_2000,willode01_2000,22.538855339169288,1999-2007
Chicago Bulls_2001,artesro01_2001,48.61069841094653,1999-2007
Chicago Bulls_2001,bagarda01_2001,16.09347693943108,1999-2007
Chicago Bulls_2001,benjaco01_2001,29.274562336608895,1999-2007
Chicago Bulls_2001,brandel01_2001,53.907327887774215,1999-2007
Chicago Bulls_2001,crawfja01_2001,32.4037034920393,1999-2007
Chicago Bulls_2001,drewbr01_2001,36.124783736376884,1999-2007
Chicago Bulls_2001,elamikh01_2001,30.59411708155671,1999-2007
Chicago Bulls_2001,fizerma01_2001,39.74921382870358,1999-2007
Chicago Bulls_2001,guytoaj01_2001,25.099800796022265,1999-2007
Chicago Bulls_2001,hoibefr01_2001,47.40253157796533,1999-2007
Chicago Bulls_2001,mercero01_2001,50.34878350069642,1999-2007
Chicago Bulls_2001,millebr01_2001,37.86819245752297,1999-2007
Chicago Bulls_2001,ruffimi01_2001,29.647934160747187,1999-2007
Chicago Bulls_2001,tarladr01_2001,24.454038521274967,1999-2007
Chicago Bulls_2002,anthogr01_2002,31.0,1999-2007
Chicago Bulls_2002,artesro01_2002,28.687976575562104,1999-2007
Chicago Bulls_2002,bagarda01_2002,25.25866188063018,1999-2007
Chicago Bulls_2002,besttr01_2002,28.160255680657446,1999-2007
Chicago Bulls_2002,chandty01_2002,37.26929030716845,1999-2007
Chicago Bulls_2002,crawfja01_2002,21.93171219946131,1999-2007
Chicago Bulls_2002,curryed01_2002,33.91164991562634,1999-2007
Chicago Bulls_2002,fizerma01_2002,44.30575583375144,1999-2007
Chicago Bulls_2002,guytoaj01_2002,24.63736998950984,1999-2007
Chicago Bulls_2002,hassetr01_2002,47.29693436154187,1999-2007
Chicago Bulls_2002,hoibefr01_2002,37.52332607858744,1999-2007
Chicago Bulls_2002,mercero01_2002,38.768543949960254,1999-2007
Chicago Bulls_2002,millebr01_2002,37.296112397943034,1999-2007
Chicago Bulls_2002,oaklech01_2002,37.1887079635741,1999-2007
Chicago Bulls_2002,ollieke01_2002,33.85262175962151,1999-2007
Chicago Bulls_2002,robined01_2002,25.553864678361276,1999-2007
Chicago Bulls_2002,roseja01_2002,34.87119154832539,1999-2007
Chicago Bulls_2003,baxtelo01_2003,26.115129714401192,1999-2007
Chicago Bulls_2003,blounco01_2003,28.91366458960192,1999-2007
Chicago Bulls_2003,chandty01_2003,42.74342054632502,1999-2007
Chicago Bulls_2003,crawfja01_2003,44.63182720884279,1999-2007
Chicago Bulls_2003,curryed01_2003,39.63584236521283,1999-2007
Chicago Bulls_2003,fizerma01_2003,28.442925306655784,1999-2007
Chicago Bulls_2003,hassetr01_2003,44.710177812216315,1999-2007
Chicago Bulls_2003,hoibefr01_2003,28.0,1999-2007
Chicago Bulls_2003,marshdo01_2003,48.76474136094644,1999-2007
Chicago Bulls_2003,robined01_2003,36.810324638611924,1999-2007
Chicago Bulls_2003,roseja01_2003,57.88782255362521,1999-2007
Chicago Bulls_2003,willija03_2003,44.28317965096906,1999-2007
Chicago Bulls_2004,blounco01_2004,27.49545416973504,1999-2007
Chicago Bulls_2004,brunsri01_2004,20.049937655763422,1999-2007
Chicago Bulls_2004,chandty01_2004,27.964262908219126,1999-2007
Chicago Bulls_2004,crawfja01_2004,53.018864567246254,1999-2007
Chicago Bulls_2004,curryed01_2004,46.411205543489174,1999-2007
Chicago Bulls_2004,davisan01_2004,45.077710678338576,1999-2007
Chicago Bulls_2004,duprero01_2004,29.88310559496787,1999-2007
Chicago Bulls_2004,fizerma01_2004,27.16615541441225,1999-2007
Chicago Bulls_2004,gillke01_2004,37.5632799419859,1999-2007
Chicago Bulls_2004,hinriki01_2004,52.01922721455981,1999-2007
Chicago Bulls_2004,johnsli01_2004,27.09243436828813,1999-2007
Chicago Bulls_2004,pippesc01_2004,20.29778313018444,1999-2007
Chicago Bulls_2004,robined01_2004,32.0,1999-2007
Chicago Bulls_2004,willije01_2004,35.07135583350036,1999-2007
Chicago Bulls_2005,chandty01_2005,46.78675026115834,1999-2007
Chicago Bulls_2005,curryed01_2005,42.5205832509386,1999-2007
Chicago Bulls_2005,davisan01_2005,42.930175867331364,1999-2007
Chicago Bulls_2005,denglu01_2005,40.779897008207364,1999-2007
Chicago Bulls_2005,duhonch01_2005,46.65833258915282,1999-2007
Chicago Bulls_2005,gordobe01_2005,44.74371464239419,1999-2007
Chicago Bulls_2005,griffad01_2005,25.826343140289914,1999-2007
Chicago Bulls_2005,harriot01_2005,35.651086939951774,1999-2007
Chicago Bulls_2005,hinriki01_2005,52.91502622129181,1999-2007
Chicago Bulls_2005,nocioan01_2005,43.497126341863094,1999-2007
Chicago Bulls_2005,pargoja01_2005,21.283796653792763,1999-2007
Chicago Bulls_2005,piatker01_2005,29.0,1999-2007
Chicago Bulls_2006,allenma01_2006,26.476404589747453,1999-2007
Chicago Bulls_2006,chandty01_2006,46.05431575867782,1999-2007
Chicago Bulls_2006,denglu01_2006,51.02940328869229,1999-2007
Chicago Bulls_2006,duhonch01_2006,46.42197755374064,1999-2007
Chicago Bulls_2006,gordobe01_2006,49.8196748283246,1999-2007
Chicago Bulls_2006,harriot01_2006,28.705400188814647,1999-2007
Chicago Bulls_2006,hinriki01_2006,54.35991169970753,1999-2007
Chicago Bulls_2006,nocioan01_2006,47.31807265728392,1999-2007
Chicago Bulls_2006,pargoja01_2006,25.41653005427767,1999-2007
Chicago Bulls_2006,piatker01_2006,15.0996688705415,1999-2007
Chicago Bulls_2006,songada01_2006,36.45545226711637,1999-2007
Chicago Bulls_2006,sweetmi01_2006,34.95711658589707,1999-2007
Chicago Bulls_2007,allenma01_2007,25.25866188063018,1999-2007
Chicago Bulls_2007,brownpj01_2007,38.157568056677825,1999-2007
Chicago Bulls_2007,denglu01_2007,55.41660400998964,1999-2007
Chicago Bulls_2007,duhonch01_2007,43.657759905886145,1999-2007
Chicago Bulls_2007,gordobe01_2007,52.0,1999-2007
Chicago Bulls_2007,griffad01_2007,24.186773244895647,1999-2007
Chicago Bulls_2007,hinriki01_2007,53.28226721902888,1999-2007
Chicago Bulls_2007,khryavi01_2007,15.198684153570664,1999-2007
Chicago Bulls_2007,nocioan01_2007,37.49666651850535,1999-2007
Chicago Bulls_2007,sefolth01_2007,29.46183972531247,1999-2007
Chicago Bulls_2007,sweetmi01_2007,19.621416870348583,1999-2007
Chicago Bulls_2007,thomaty01_2007,31.080540535840107,1999-2007
Chicago Bulls_2007,wallabe01_2007,51.93264869039514,1999-2007
Chicago Bulls_2008,denglu01_2008,46.130250378683186,2008-2015
Chicago Bulls_2008,duhonch01_2008,38.600518131237564,2008-2015
Chicago Bulls_2008,gordobe01_2008,47.86439177509728,2008-2015
Chicago Bulls_2008,grayaa01_2008,24.758836806279895,2008-2015
Chicago Bulls_2008,griffad01_2008,14.89966442575134,2008-2015
Chicago Bulls_2008,hinriki01_2008,48.78524367060187,2008-2015
Chicago Bulls_2008,hughela01_2008,28.460498941515414,2008-2015
Chicago Bulls_2008,noahjo01_2008,39.16631205513228,2008-2015
Chicago Bulls_2008,nocioan01_2008,44.955533585978046,2008-2015
Chicago Bulls_2008,sefolth01_2008,37.89459064299283,2008-2015
Chicago Bulls_2008,smithjo02_2008,33.85262175962151,2008-2015
Chicago Bulls_2008,thomaty01_2008,36.46916505762094,2008-2015
Chicago Bulls_2008,wallabe01_2008,40.33608806019741,2008-2015
Chicago Bulls_2009,denglu01_2009,40.80441152620633,2008-2015
Chicago Bulls_2009,goodedr01_2009,30.298514815086232,2008-2015
Chicago Bulls_2009,gordobe01_2009,54.76312628037227,2008-2015
Chicago Bulls_2009,grayaa01_2009,26.739483914241877,2008-2015
Chicago Bulls_2009,hinriki01_2009,36.59234892706397,2008-2015
Chicago Bulls_2009,hughela01_2009,28.142494558940577,2008-2015
Chicago Bulls_2009,hunteli01_2009,16.30950643030009,2008-2015
Chicago Bulls_2009,millebr01_2009,27.313000567495326,2008-2015
Chicago Bulls_2009,noahjo01_2009,44.02272140611028,2008-2015
Chicago Bulls_2009,nocioan01_2009,35.749125863438955,2008-2015
Chicago Bulls_2009,rosede01_2009,54.772255750516614,2008-2015
Chicago Bulls_2009,salmojo01_2009,31.28897569432403,2008-2015
Chicago Bulls_2009,sefolth01_2009,27.110883423451916,2008-2015
Chicago Bulls_2009,thomaty01_2009,46.636895265444075,2008-2015
Chicago Bulls_2010,denglu01_2010,51.487862647424,2008-2015
Chicago Bulls_2010,gibsota01_2010,46.94677837722201,2008-2015
Chicago Bulls_2010,hinriki01_2010,49.80963762164909,2008-2015
Chicago Bulls_2010,johnsja01_2010,27.51363298439521,2008-2015
Chicago Bulls_2010,millebr01_2010,44.15880433163923,2008-2015
Chicago Bulls_2010,murraro01_2010,26.076809620810597,2008-2015
Chicago Bulls_2010,noahjo01_2010,43.87482193696061,2008-2015
Chicago Bulls_2010,pargoja01_2010,28.792360097775937,2008-2015
Chicago Bulls_2010,rosede01_2010,53.58171329847526,2008-2015
Chicago Bulls_2010,salmojo01_2010,41.1703777004778,2008-2015
Chicago Bulls_2010,thomaty01_2010,26.038433132583073,2008-2015
Chicago Bulls_2010,warriha01_2010,23.08679276123039,2008-2015
Chicago Bulls_2011,asikom01_2011,31.448370387032774,2008-2015
Chicago Bulls_2011,boganke01_2011,38.22302970723278,2008-2015
Chicago Bulls_2011,boozeca01_2011,43.382023926967726,2008-2015
Chicago Bulls_2011,brewero02_2011,42.20189569201838,2008-2015
Chicago Bulls_2011,denglu01_2011,56.639209034025185,2008-2015
Chicago Bulls_2011,gibsota01_2011,41.737273509418415,2008-2015
Chicago Bulls_2011,korveky01_2011,40.607881008493905,2008-2015
Chicago Bulls_2011,noahjo01_2011,39.698866482558415,2008-2015
Chicago Bulls_2011,rosede01_2011,55.00909015790027,2008-2015
Chicago Bulls_2011,thomaku01_2011,34.322004603461025,2008-2015
Chicago Bulls_2011,watsocj01_2011,33.03028912982749,2008-2015
Chicago Bulls_2012,asikom01_2012,31.160872901765767,2008-2015
Chicago Bulls_2012,boozeca01_2012,44.13615298142782,2008-2015
Chicago Bulls_2012,brewero02_2012,40.43513323831146,2008-2015
Chicago Bulls_2012,butleji01_2012,18.947295321496416,2008-2015
Chicago Bulls_2012,denglu01_2012,46.14108798023731,2008-2015
Chicago Bulls_2012,gibsota01_2012,35.832945734337834,2008-2015
Chicago Bulls_2012,hamilri01_2012,26.40075756488817,2008-2015
Chicago Bulls_2012,korveky01_2012,38.3275357934736,2008-2015
Chicago Bulls_2012,lucasjo02_2012,26.94438717061496,2008-2015
Chicago Bulls_2012,noahjo01_2012,44.10215414239989,2008-2015
Chicago Bulls_2012,rosede01_2012,37.080992435478315,2008-2015
Chicago Bulls_2012,scalabr01_2012,11.045361017187261,2008-2015
Chicago Bulls_2012,watsocj01_2012,34.044089061098404,2008-2015
Chicago Bulls_2013,belinma01_2013,43.382023926967726,2008-2015
Chicago Bulls_2013,boozeca01_2013,50.457903246171455,2008-2015
Chicago Bulls_2013,butleji01_2013,46.195237849804386,2008-2015
Chicago Bulls_2013,cookda02_2013,16.61324772583615,2008-2015
Chicago Bulls_2013,denglu01_2013,53.879495172096775,2008-2015
Chicago Bulls_2013,gibsota01_2013,38.19685850956856,2008-2015
Chicago Bulls_2013,hamilri01_2013,32.984845004941285,2008-2015
Chicago Bulls_2013,hinriki01_2013,42.0,2008-2015
Chicago Bulls_2013,mohamna01_2013,26.324893162176366,2008-2015
Chicago Bulls_2013,noahjo01_2013,49.25444142409901,2008-2015
Chicago Bulls_2013,radmavl01_2013,12.0,2008-2015
Chicago Bulls_2013,robinna01_2013,45.67274898667694,2008-2015
Chicago Bulls_2013,teaguma01_2013,19.79898987322333,2008-2015
Chicago Bulls_2014,augusdj01_2014,43.09292285283048,2008-2015
Chicago Bulls_2014,boozeca01_2014,46.2709412050371,2008-2015
Chicago Bulls_2014,butleji01_2014,50.90186637049765,2008-2015
Chicago Bulls_2014,denglu01_2014,29.32575659723036,2008-2015
Chicago Bulls_2014,dunlemi02_2014,50.83306010855534,2008-2015
Chicago Bulls_2014,gibsota01_2014,48.48711168960263,2008-2015
Chicago Bulls_2014,hinriki01_2014,46.0,2008-2015
Chicago Bulls_2014,mohamna01_2014,23.706539182259394,2008-2015
Chicago Bulls_2014,murpher01_2014,7.874007874011811,2008-2015
Chicago Bulls_2014,noahjo01_2014,53.103672189407014,2008-2015
Chicago Bulls_2014,snellto01_2014,35.08560958569767,2008-2015
Chicago Bulls_2015,brookaa01_2015,43.41658669218482,2008-2015
Chicago Bulls_2015,butleji01_2015,50.12983143797713,2008-2015
Chicago Bulls_2015,dunlemi02_2015,42.871902220452036,2008-2015
Chicago Bulls_2015,gasolpa01_2015,51.778373863998475,2008-2015
Chicago Bulls_2015,gibsota01_2015,41.13392760240627,2008-2015
Chicago Bulls_2015,hinriki01_2015,40.124805295477756,2008-2015
Chicago Bulls_2015,mcderdo01_2015,17.916472867168917,2008-2015
Chicago Bulls_2015,mirotni01_2015,40.66939881532551,2008-2015
Chicago Bulls_2015,mohamna01_2015,11.313708498984761,2008-2015
Chicago Bulls_2015,mooreet01_2015,22.44994432064365,2008-2015
Chicago Bulls_2015,noahjo01_2015,45.2658811910251,2008-2015
Chicago Bulls_2015,rosede01_2015,39.11521443121589,2008-2015
Chicago Bulls_2015,snellto01_2015,37.57658845611187,2008-2015
Chicago Bulls_2016,brookaa01_2016,33.28663395418648,2016-present
Chicago Bulls_2016,butleji01_2016,49.73932046178355,2016-present
Chicago Bulls_2016,dunlemi02_2016,26.514147167125703,2016-present
Chicago Bulls_2016,feliccr01_2016,17.916472867168917,2016-present
Chicago Bulls_2016,gasolpa01_2016,47.86439177509728,2016-present
Chicago Bulls_2016,gibsota01_2016,44.0,2016-present
Chicago Bulls_2016,hinriki01_2016,23.558437978779494,2016-present
Chicago Bulls_2016,holidju01_2016,22.58317958127243,2016-present
Chicago Bulls_2016,mcderdo01_2016,43.139309220245984,2016-present
Chicago Bulls_2016,mirotni01_2016,40.570925550201586,2016-present
Chicago Bulls_2016,mooreet01_2016,35.53871128783372,2016-present
Chicago Bulls_2016,noahjo01_2016,25.199206336708304,2016-present
Chicago Bulls_2016,portibo01_2016,33.19638534539566,2016-present
Chicago Bulls_2016,rosede01_2016,45.79301256742124,2016-present
Chicago Bulls_2016,snellto01_2016,36.069377593742864,2016-present
Chicago Bulls_2017,butleji01_2017,53.0,2016-present
Chicago Bulls_2017,canaais01_2017,24.331050121192877,2016-present
Chicago Bulls_2017,cartemi01_2017,29.086079144497972,2016-present
Chicago Bulls_2017,feliccr01_2017,32.2490309931942,2016-present
Chicago Bulls_2017,gibsota01_2017,38.7556447501522,2016-present
Chicago Bulls_2017,grantje02_2017,32.0624390837628,2016-present
Chicago Bulls_2017,lopezro01_2017,47.65501022977542,2016-present
Chicago Bulls_2017,mcderdo01_2017,32.83291031876401,2016-present
Chicago Bulls_2017,mirotni01_2017,40.97560249709576,2016-present
Chicago Bulls_2017,portibo01_2017,31.622776601683793,2016-present
Chicago Bulls_2017,rondora01_2017,42.930175867331364,2016-present
Chicago Bulls_2017,valende01_2017,31.240998703626616,2016-present
Chicago Bulls_2017,wadedw01_2017,42.33202097703345,2016-present
Chicago Bulls_2017,zipsepa01_2017,29.03446228191595,2016-present
Chicago Bulls_2018,arcidry01_2018,17.435595774162696,2016-present
Chicago Bulls_2018,dunnkr01_2018,39.05124837953327,2016-present
Chicago Bulls_2018,feliccr01_2018,31.25699921617557,2016-present
Chicago Bulls_2018,grantje02_2018,41.060930335295616,2016-present
Chicago Bulls_2018,holidju01_2018,47.59201613716318,2016-present
Chicago Bulls_2018,lavinza01_2018,25.612496949731394,2016-present
Chicago Bulls_2018,lopezro01_2018,41.10960958218893,2016-present
Chicago Bulls_2018,markkla01_2018,44.94441010848846,2016-present
Chicago Bulls_2018,mirotni01_2018,24.939927826679853,2016-present
Chicago Bulls_2018,nwabada01_2018,40.570925550201586,2016-present
Chicago Bulls_2018,payneca01_2018,24.124676163629637,2016-present
Chicago Bulls_2018,pondequ01_2018,14.0,2016-present
Chicago Bulls_2018,portibo01_2018,40.53393639902249,2016-present
Chicago Bulls_2018,valende01_2018,45.77116996538323,2016-present
Chicago Bulls_2018,vonleno01_2018,19.974984355438178,2016-present
Chicago Bulls_2018,zipsepa01_2018,28.705400188814647,2016-present
Chicago Bulls_2019,arcidry01_2019,44.28317965096906,2016-present
Chicago Bulls_2019,blakean01_2019,28.792360097775937,2016-present
Chicago Bulls_2019,cartewe01_2019,33.31666249791537,2016-present
Chicago Bulls_2019,dunnkr01_2019,37.26929030716845,2016-present
Chicago Bulls_2019,feliccr01_2019,27.313000567495326,2016-present
Chicago Bulls_2019,harrish01_2019,37.815340802378074,2016-present
Chicago Bulls_2019,holidju01_2019,36.40054944640259,2016-present
Chicago Bulls_2019,hutchch01_2019,29.916550603303182,2016-present
Chicago Bulls_2019,lavinza01_2019,46.593991028886975,2016-present
Chicago Bulls_2019,lopezro01_2019,40.07492981902776,2016-present
Chicago Bulls_2019,luwawti01_2019,23.366642891095847,2016-present
Chicago Bulls_2019,markkla01_2019,41.012193308819754,2016-present
Chicago Bulls_2019,parkeja01_2019,32.28002478313795,2016-present
Chicago Bulls_2019,payneca01_2019,23.15167380558045,2016-present
Chicago Bulls_2019,portibo01_2019,23.043437243605826,2016-present
Chicago Bulls_2019,seldewa01_2019,31.368774282716245,2016-present
Chicago Bulls_2020,arcidry01_2020,30.495901363953813,2016-present
Chicago Bulls_2020,cartewe01_2020,35.4400902933387,2016-present
Chicago Bulls_2020,dunnkr01_2020,35.62302626111375,2016-present
Chicago Bulls_2020,feliccr01_2020,19.6468827043885,2016-present
Chicago Bulls_2020,gaffoda01_2020,24.677925358506133,2016-present
Chicago Bulls_2020,harrish01_2020,22.0,2016-present
Chicago Bulls_2020,hutchch01_2020,22.956480566497994,2016-present
Chicago Bulls_2020,kornelu01_2020,23.643180835073778,2016-present
Chicago Bulls_2020,lavinza01_2020,45.661800227323496,2016-present
Chicago Bulls_2020,markkla01_2020,38.62641583165593,2016-present
Chicago Bulls_2020,satorto01_2020,43.3358973600409,2016-present
Chicago Bulls_2020,valende01_2020,22.090722034374522,2016-present
Chicago Bulls_2020,whiteco01_2020,40.91454509095757,2016-present
Chicago Bulls_2020,youngth01_2020,39.88734135035826,2016-present
Chicago Bulls_2021,arcidry01_2021,21.213203435596427,2016-present
Chicago Bulls_2021,cartewe01_2021,28.142494558940577,2016-present
Chicago Bulls_2021,gaffoda01_2021,19.570385790780925,2016-present
Chicago Bulls_2021,lavinza01_2021,45.09988913511872,2016-present
Chicago Bulls_2021,markkla01_2021,36.29049462324811,2016-present
Chicago Bulls_2021,porteot01_2021,23.2379000772445,2016-present
Chicago Bulls_2021,satorto01_2021,36.15245496505044,2016-present
Chicago Bulls_2021,templga01_2021,39.08964057138413,2016-present
Chicago Bulls_2021,theisda01_2021,23.958297101421877,2016-present
Chicago Bulls_2021,valende01_2021,32.18695387886216,2016-present
Chicago Bulls_2021,vucevni01_2021,29.120439557122072,2016-present
Chicago Bulls_2021,whiteco01_2021,46.4327470649756,2016-present
Chicago Bulls_2021,willipa01_2021,44.53088815642464,2016-present
Chicago Bulls_2021,youngth01_2021,40.64480286580315,2016-present
Chicago Bulls_2022,balllo01_2022,34.813790371058424,2016-present
Chicago Bulls_2022,bradlto01_2022,23.430749027719962,2016-present
Chicago Bulls_2022,browntr01_2022,32.48076353782343,2016-present
Chicago Bulls_2022,carusal01_2022,33.8673884437522,2016-present
Chicago Bulls_2022,derozde01_2022,52.373657500693994,2016-present
Chicago Bulls_2022,dosunay01_2022,45.93473631142341,2016-present
Chicago Bulls_2022,greenja02_2022,38.97435053981015,2016-present
Chicago Bulls_2022,jonesde02_2022,29.9833287011299,2016-present
Chicago Bulls_2022,lavinza01_2022,48.249352327259274,2016-present
Chicago Bulls_2022,thomama02_2022,21.42428528562855,2016-present
Chicago Bulls_2022,thomptr01_2022,19.390719429665317,2016-present
Chicago Bulls_2022,vucevni01_2022,49.17316341257699,2016-present
Chicago Bulls_2022,whiteco01_2022,40.92676385936225,2016-present
Chicago Bulls_2023,beverpa01_2023,24.596747752497688,2016-present
Chicago Bulls_2023,carusal01_2023,39.68626966596886,2016-present
Chicago Bulls_2023,derozde01_2023,51.78802950489621,2016-present
Chicago Bulls_2023,dosunay01_2023,45.803929962395145,2016-present
Chicago Bulls_2023,dragigo01_2023,28.053520278211074,2016-present
Chicago Bulls_2023,drumman01_2023,29.13760456866693,2016-present
Chicago Bulls_2023,greenja02_2023,21.908902300206645,2016-present
Chicago Bulls_2023,jonesde02_2023,29.88310559496787,2016-present
Chicago Bulls_2023,lavinza01_2023,52.61178575186362,2016-present
Chicago Bulls_2023,terryda01_2023,14.628738838327793,2016-present
Chicago Bulls_2023,vucevni01_2023,52.40229002629561,2016-present
Chicago Bulls_2023,whiteco01_2023,41.593268686170845,2016-present
Chicago Bulls_2023,willipa01_2023,48.19751030914356,2016-present
Chicago Bulls_2024,bitimon01_2024,16.3707055437449,2016-present
Chicago Bulls_2024,carteje01_2024,31.68595903550972,2016-present
Chicago Bulls_2024,carusal01_2024,45.16635916254486,2016-present
Chicago Bulls_2024,craigto01_2024,32.38826948140329,2016-present
Chicago Bulls_2024,derozde01_2024,54.67174773134658,2016-present
Chicago Bulls_2024,dosunay01_2024,47.031904065219386,2016-present
Chicago Bulls_2024,drumman01_2024,36.75595189897821,2016-present
Chicago Bulls_2024,lavinza01_2024,29.5296461204668,2016-present
Chicago Bulls_2024,phillju01_2024,17.97220075561143,2016-present
Chicago Bulls_2024,taylote01_2024,13.711309200802088,2016-present
Chicago Bulls_2024,terryda01_2024,26.095976701399778,2016-present
Chicago Bulls_2024,vucevni01_2024,51.088159097779204,2016-present
Chicago Bulls_2024,whiteco01_2024,53.67494760127857,2016-present
Chicago Bulls_2024,willipa01_2024,34.26368339802363,2016-present
Chicago Bulls_2025,balllo01_2025,27.874719729532707,2016-present
Chicago Bulls_2025,buzelma01_2025,38.87158345115362,2016-present
Chicago Bulls_2025,carteje01_2025,17.916472867168917,2016-present
Chicago Bulls_2025,colliza01_2025,23.49468024894146,2016-present
Chicago Bulls_2025,dosunay01_2025,37.33630940518894,2016-present
Chicago Bulls_2025,giddejo01_2025,46.010868281309364,2016-present
Chicago Bulls_2025,hortota01_2025,26.90724809414742,2016-present
Chicago Bulls_2025,huertke01_2025,27.92848008753788,2016-present
Chicago Bulls_2025,lavinza01_2025,37.841775856849004,2016-present
Chicago Bulls_2025,phillju01_2025,33.51119216023208,2016-present
Chicago Bulls_2025,smithja04_2025,31.016124838541646,2016-present
Chicago Bulls_2025,terryda01_2025,31.416556144810016,2016-present
Chicago Bulls_2025,vucevni01_2025,47.7283982551269,2016-present
Chicago Bulls_2025,whiteco01_2025,49.49747468305833,2016-present
Chicago Bulls_2025,willipa01_2025,39.698866482558415,2016-present
Charlotte Hornets_2015,biyombi01_2015,35.25620512760839,2008-2015
Charlotte Hornets_2015,hairspj02_2015,26.210684844162312,2008-2015
Charlotte Hornets_2015,hendege02_2015,48.11444689487763,2008-2015
Charlotte Hornets_2015,jeffeal01_2015,44.63182720884279,2008-2015
Charlotte Hornets_2015,kiddgmi01_2015,39.83716857408418,2008-2015
Charlotte Hornets_2015,maxieja01_2015,29.631064780058107,2008-2015
Charlotte Hornets_2015,nealga01_2015,30.512292604784715,2008-2015
Charlotte Hornets_2015,roberbr01_2015,36.46916505762094,2008-2015
Charlotte Hornets_2015,stephla01_2015,39.66106403010388,2008-2015
Charlotte Hornets_2015,tayloje03_2015,20.73644135332772,2008-2015
Charlotte Hornets_2015,vonleno01_2015,16.09347693943108,2008-2015
Charlotte Hornets_2015,walkeke02_2015,46.03259714593562,2008-2015
Charlotte Hornets_2015,willima01_2015,28.827070610799147,2008-2015
Charlotte Hornets_2015,willima02_2015,45.110974274559844,2008-2015
Charlotte Hornets_2015,zelleco01_2015,38.561638969317684,2008-2015
Charlotte Hornets_2016,batumni01_2016,49.47726750741192,2016-present
Charlotte Hornets_2016,danietr01_2016,21.817424229271428,2016-present
Charlotte Hornets_2016,hairspj02_2016,30.62678566222711,2016-present
Charlotte Hornets_2016,hansbty01_2016,18.520259177452136,2016-present
Charlotte Hornets_2016,harriaa01_2016,9.643650760992955,2016-present
Charlotte Hornets_2016,hawessp01_2016,32.17141588429082,2016-present
Charlotte Hornets_2016,jeffeal01_2016,33.1058907144937,2016-present
Charlotte Hornets_2016,kaminfr01_2016,41.32795663954365,2016-present
Charlotte Hornets_2016,lambje01_2016,35.02855977627399,2016-present
Charlotte Hornets_2016,leeco01_2016,29.068883707497267,2016-present
Charlotte Hornets_2016,linje01_2016,45.254833995939045,2016-present
Charlotte Hornets_2016,roberbr01_2016,18.24828759089466,2016-present
Charlotte Hornets_2016,walkeke02_2016,53.71219600798314,2016-present
Charlotte Hornets_2016,willima02_2016,48.35286961494633,2016-present
Charlotte Hornets_2016,zelleco01_2016,42.118879377305376,2016-present
Charlotte Hornets_2017,batumni01_2017,51.15662224971465,2016-present
Charlotte Hornets_2017,belinma01_2017,42.16633728461603,2016-present
Charlotte Hornets_2017,grahatr01_2017,13.74772708486752,2016-present
Charlotte Hornets_2017,hawessp01_2017,25.019992006393608,2016-present
Charlotte Hornets_2017,hibbero01_2017,25.903667693977237,2016-present
Charlotte Hornets_2017,kaminfr01_2017,44.204072210600685,2016-present
Charlotte Hornets_2017,kiddgmi01_2017,48.46648326421054,2016-present
Charlotte Hornets_2017,lambje01_2017,33.80828300875393,2016-present
Charlotte Hornets_2017,roberbr01_2017,20.396078054371138,2016-present
Charlotte Hornets_2017,sessira01_2017,28.478061731796284,2016-present
Charlotte Hornets_2017,walkeke02_2017,52.3354564325181,2016-present
Charlotte Hornets_2017,willima02_2017,47.90615826801394,2016-present
Charlotte Hornets_2017,zelleco01_2017,41.53311931459037,2016-present
Charlotte Hornets_2018,bacondw01_2018,26.70205984563738,2016-present
Charlotte Hornets_2018,batumni01_2018,44.50842616853577,2016-present
Charlotte Hornets_2018,cartemi01_2018,28.89636655359978,2016-present
Charlotte Hornets_2018,grahatr01_2018,32.4037034920393,2016-present
Charlotte Hornets_2018,hernawi01_2018,16.186414056238647,2016-present
Charlotte Hornets_2018,howardw01_2018,49.628620774710235,2016-present
Charlotte Hornets_2018,kaminfr01_2018,42.83689998120779,2016-present
Charlotte Hornets_2018,kiddgmi01_2018,43.01162633521314,2016-present
Charlotte Hornets_2018,lambje01_2018,44.35087372307337,2016-present
Charlotte Hornets_2018,monkma01_2018,29.223278392404914,2016-present
Charlotte Hornets_2018,obryajo01_2018,19.467922333931785,2016-present
Charlotte Hornets_2018,stoneju01_2018,13.228756555322953,2016-present
Charlotte Hornets_2018,walkeke02_2018,52.306787322488084,2016-present
Charlotte Hornets_2018,willima02_2018,44.78839135311738,2016-present
Charlotte Hornets_2018,zelleco01_2018,25.03996805109783,2016-present
Charlotte Hornets_2019,bacondw01_2019,27.54995462791182,2016-present
Charlotte Hornets_2019,batumni01_2019,48.518037882832814,2016-present
Charlotte Hornets_2019,biyombi01_2019,27.982137159266443,2016-present
Charlotte Hornets_2019,bridgmi02_2019,41.182520563948,2016-present
Charlotte Hornets_2019,grahade01_2019,26.0,2016-present
Charlotte Hornets_2019,hernawi01_2019,28.495613697550013,2016-present
Charlotte Hornets_2019,kaminfr01_2019,27.477263328068172,2016-present
Charlotte Hornets_2019,kiddgmi01_2019,34.336569426778794,2016-present
Charlotte Hornets_2019,lambje01_2019,47.43416490252569,2016-present
Charlotte Hornets_2019,monkma01_2019,35.4682957019364,2016-present
Charlotte Hornets_2019,parketo01_2019,31.670175244226233,2016-present
Charlotte Hornets_2019,walkeke02_2019,53.50700888668698,2016-present
Charlotte Hornets_2019,willima02_2019,46.184412955021955,2016-present
Charlotte Hornets_2019,zelleco01_2019,35.25620512760839,2016-present
Charlotte Hornets_2020,bacondw01_2020,26.210684844162312,2016-present
Charlotte Hornets_2020,batumni01_2020,22.47220505424423,2016-present
Charlotte Hornets_2020,biyombi01_2020,32.07802986469088,2016-present
Charlotte Hornets_2020,bridgmi02_2020,44.66542286825459,2016-present
Charlotte Hornets_2020,grahade01_2020,47.02127178203499,2016-present
Charlotte Hornets_2020,hernawi01_2020,19.364916731037084,2016-present
Charlotte Hornets_2020,martico01_2020,30.04995840263344,2016-present
Charlotte Hornets_2020,monkma01_2020,34.19064199455752,2016-present
Charlotte Hornets_2020,roziete01_2020,46.51881339845203,2016-present
Charlotte Hornets_2020,washipj01_2020,41.94043395102154,2016-present
Charlotte Hornets_2020,willima02_2020,28.42534080710379,2016-present
Charlotte Hornets_2020,zelleco01_2020,36.61966684720111,2016-present
Charlotte Hornets_2021,ballla01_2021,38.3275357934736,2016-present
Charlotte Hornets_2021,biyombi01_2021,36.72873534441391,2016-present
Charlotte Hornets_2021,bridgmi02_2021,43.95452195167182,2016-present
Charlotte Hornets_2021,grahade01_2021,40.7308237088326,2016-present
Charlotte Hornets_2021,haywago01_2021,38.67815921162743,2016-present
Charlotte Hornets_2021,martica02_2021,28.600699292150182,2016-present
Charlotte Hornets_2021,martico01_2021,29.13760456866693,2016-present
Charlotte Hornets_2021,mcdanja01_2021,30.066592756745816,2016-present
Charlotte Hornets_2021,monkma01_2021,29.631064780058107,2016-present
Charlotte Hornets_2021,roziete01_2021,48.815980989835694,2016-present
Charlotte Hornets_2021,wanambr01_2021,20.688160865577203,2016-present
Charlotte Hornets_2021,washipj01_2021,44.204072210600685,2016-present
Charlotte Hornets_2021,zelleco01_2021,31.701734968294716,2016-present
Charlotte Hornets_2022,ballla01_2022,49.21381919745713,2016-present
Charlotte Hornets_2022,bouknja01_2022,17.435595774162696,2016-present
Charlotte Hornets_2022,bridgmi02_2022,53.2634959423431,2016-present
Charlotte Hornets_2022,harremo01_2022,22.891046284519195,2016-present
Charlotte Hornets_2022,haywago01_2022,39.54743986657038,2016-present
Charlotte Hornets_2022,joneska01_2022,7.937253933193772,2016-present
Charlotte Hornets_2022,martico01_2022,43.197222132910355,2016-present
Charlotte Hornets_2022,mcdanja01_2022,29.916550603303182,2016-present
Charlotte Hornets_2022,oubreke01_2022,44.710177812216315,2016-present
Charlotte Hornets_2022,plumlma01_2022,42.34383071948026,2016-present
Charlotte Hornets_2022,richani01_2022,19.157244060668017,2016-present
Charlotte Hornets_2022,roziete01_2022,49.57822102496216,2016-present
Charlotte Hornets_2022,smithis01_2022,22.60530911091463,2016-present
Charlotte Hornets_2022,thorjt01_2022,16.186414056238647,2016-present
Charlotte Hornets_2022,washipj01_2022,42.04759208325728,2016-present
Charlotte Hornets_2023,ballla01_2023,35.608987629529715,2016-present
Charlotte Hornets_2023,bouknja01_2023,22.693611435820433,2016-present
Charlotte Hornets_2023,haywago01_2023,39.71145930332956,2016-present
Charlotte Hornets_2023,joneska01_2023,23.45207879911715,2016-present
Charlotte Hornets_2023,maledth01_2023,29.223278392404914,2016-present
Charlotte Hornets_2023,mcdanja01_2023,38.65229618017538,2016-present
Charlotte Hornets_2023,mcgowbr01_2023,28.053520278211074,2016-present
Charlotte Hornets_2023,oubreke01_2023,39.344631145812,2016-present
Charlotte Hornets_2023,plumlma01_2023,39.96248240537617,2016-present
Charlotte Hornets_2023,richani01_2023,34.88552708502482,2016-present
Charlotte Hornets_2023,roziete01_2023,47.12748667179272,2016-present
Charlotte Hornets_2023,smithde03_2023,37.282703764614496,2016-present
Charlotte Hornets_2023,thorjt01_2023,31.12876483254676,2016-present
Charlotte Hornets_2023,washipj01_2023,48.78524367060187,2016-present
Charlotte Hornets_2023,willima07_2023,28.77498913987632,2016-present
Charlotte Hornets_2024,ballla01_2024,26.664583251946766,2016-present
Charlotte Hornets_2024,bertada01_2024,24.145392935299274,2016-present
Charlotte Hornets_2024,blackle01_2024,16.852299546352718,2016-present
Charlotte Hornets_2024,bridgmi02_2024,50.80354318352215,2016-present
Charlotte Hornets_2024,haywago01_2024,28.24889378365107,2016-present
Charlotte Hornets_2024,manntr01_2024,29.46183972531247,2016-present
Charlotte Hornets_2024,martico01_2024,27.440845468024488,2016-present
Charlotte Hornets_2024,mcgowbr01_2024,29.698484809834994,2016-present
Charlotte Hornets_2024,mensana01_2024,17.52141546793523,2016-present
Charlotte Hornets_2024,micicva01_2024,28.548204847240395,2016-present
Charlotte Hornets_2024,millebr02_2024,48.815980989835694,2016-present
Charlotte Hornets_2024,richani01_2024,41.94043395102154,2016-present
Charlotte Hornets_2024,roziete01_2024,32.63433774416144,2016-present
Charlotte Hornets_2024,smithis01_2024,27.2213151776324,2016-present
Charlotte Hornets_2024,smithni01_2024,27.0,2016-present
Charlotte Hornets_2024,thorjt01_2024,27.94637722496424,2016-present
Charlotte Hornets_2024,washipj01_2024,35.86084215408221,2016-present
Charlotte Hornets_2024,willigr01_2024,29.79932885150268,2016-present
Charlotte Hornets_2025,ballla01_2025,38.79432948254165,2016-present
Charlotte Hornets_2025,bridgmi02_2025,45.044422518220834,2016-present
Charlotte Hornets_2025,curryse01_2025,32.58834147360065,2016-present
Charlotte Hornets_2025,diabamo01_2025,35.22782990761707,2016-present
Charlotte Hornets_2025,gibsota01_2025,20.223748416156685,2016-present
Charlotte Hornets_2025,greenjo02_2025,43.439613257946945,2016-present
Charlotte Hornets_2025,jeffrda01_2025,32.72613634390714,2016-present
Charlotte Hornets_2025,martico01_2025,31.096623610932426,2016-present
Charlotte Hornets_2025,micicva01_2025,27.640549922170507,2016-present
Charlotte Hornets_2025,millebr02_2025,30.397368307141328,2016-present
Charlotte Hornets_2025,nurkiju01_2025,21.702534414210707,2016-present
Charlotte Hornets_2025,richani01_2025,20.97617696340303,2016-present
Charlotte Hornets_2025,salauti01_2025,35.270384177096794,2016-present
Charlotte Hornets_2025,simpskj01_2025,29.017236257093817,2016-present
Charlotte Hornets_2025,smithni01_2025,37.0,2016-present
Charlotte Hornets_2025,willima07_2025,34.219877264537345,2016-present
Cleveland Cavaliers_1999,anderde01_1999,31.272991542223778,1999-2007
Cleveland Cavaliers_1999,butlemi02_1999,20.445048300260872,1999-2007
Cleveland Cavaliers_1999,declean01_1999,29.0516780926679,1999-2007
Cleveland Cavaliers_1999,ferryda01_1999,32.526911934581186,1999-2007
Cleveland Cavaliers_1999,hendece02_1999,38.948684188300895,1999-2007
Cleveland Cavaliers_1999,kempsh01_1999,38.40572873934304,1999-2007
Cleveland Cavaliers_1999,knighbr01_1999,34.438350715445125,1999-2007
Cleveland Cavaliers_1999,newmajo01_1999,30.805843601498726,1999-2007
Cleveland Cavaliers_1999,persowe01_1999,36.6333181680284,1999-2007
Cleveland Cavaliers_1999,surabo01_1999,29.0,1999-2007
Cleveland Cavaliers_2000,boykiea01_2000,15.905973720586866,1999-2007
Cleveland Cavaliers_2000,bryanma01_2000,41.376321731154405,1999-2007
Cleveland Cavaliers_2000,declean01_2000,42.790185790669334,1999-2007
Cleveland Cavaliers_2000,ferryda01_2000,36.41428291206625,1999-2007
Cleveland Cavaliers_2000,hendece02_2000,33.27160951922825,1999-2007
Cleveland Cavaliers_2000,kempsh01_2000,49.91993589739474,1999-2007
Cleveland Cavaliers_2000,knighbr01_2000,41.88078318274385,1999-2007
Cleveland Cavaliers_2000,millean02_2000,45.749316934791494,1999-2007
Cleveland Cavaliers_2000,murrala01_2000,48.63126566315131,1999-2007
Cleveland Cavaliers_2000,persowe01_2000,45.34313619501854,1999-2007
Cleveland Cavaliers_2000,stackry01_2000,14.071247279470288,1999-2007
Cleveland Cavaliers_2000,surabo01_2000,47.07440918375928,1999-2007
Cleveland Cavaliers_2001,colesbi01_2001,28.35489375751565,1999-2007
Cleveland Cavaliers_2001,gatlich01_2001,40.8656334834051,1999-2007
Cleveland Cavaliers_2001,harprma01_2001,40.18706259482024,1999-2007
Cleveland Cavaliers_2001,hendece02_2001,31.0,1999-2007
Cleveland Cavaliers_2001,ilgauzy01_2001,24.819347291981714,1999-2007
Cleveland Cavaliers_2001,jacksji01_2001,33.76388603226827,1999-2007
Cleveland Cavaliers_2001,johnsan02_2001,15.231546211727817,1999-2007
Cleveland Cavaliers_2001,langdtr01_2001,33.406586176980134,1999-2007
Cleveland Cavaliers_2001,mihmch01_2001,34.14674215792775,1999-2007
Cleveland Cavaliers_2001,millean02_2001,53.36665625650534,1999-2007
Cleveland Cavaliers_2001,murrala01_2001,47.16990566028302,1999-2007
Cleveland Cavaliers_2001,persowe01_2001,30.95157508108432,1999-2007
Cleveland Cavaliers_2001,traylro01_2001,34.813790371058424,1999-2007
Cleveland Cavaliers_2001,weathcl01_2001,52.66877632905477,1999-2007
Cleveland Cavaliers_2002,colesbi01_2002,26.324893162176366,1999-2007
Cleveland Cavaliers_2002,davisri01_2002,44.204072210600685,1999-2007
Cleveland Cavaliers_2002,doleami01_2002,26.551836094703507,1999-2007
Cleveland Cavaliers_2002,hillty01_2002,28.460498941515414,1999-2007
Cleveland Cavaliers_2002,ilgauzy01_2002,36.45545226711637,1999-2007
Cleveland Cavaliers_2002,jonesju01_2002,46.281745861624536,1999-2007
Cleveland Cavaliers_2002,langdtr01_2002,21.840329667841555,1999-2007
Cleveland Cavaliers_2002,mihmch01_2002,40.7308237088326,1999-2007
Cleveland Cavaliers_2002,millean02_2002,54.981815175565096,1999-2007
Cleveland Cavaliers_2002,murrala01_2002,48.08326112068523,1999-2007
Cleveland Cavaliers_2002,persowe01_2002,52.848841046895245,1999-2007
Cleveland Cavaliers_2002,skinnbr01_2002,33.27160951922825,1999-2007
Cleveland Cavaliers_2002,stithbr01_2002,25.787593916455254,1999-2007
Cleveland Cavaliers_2003,boozeca01_2003,45.2658811910251,1999-2007
Cleveland Cavaliers_2003,colesbi01_2003,22.715633383201094,1999-2007
Cleveland Cavaliers_2003,davisri01_2003,55.95533933415113,1999-2007
Cleveland Cavaliers_2003,diopde01_2003,30.708305065568176,1999-2007
Cleveland Cavaliers_2003,hillty01_2003,29.24038303442689,1999-2007
Cleveland Cavaliers_2003,ilgauzy01_2003,49.31531202375181,1999-2007
Cleveland Cavaliers_2003,jonesju01_2003,46.94677837722201,1999-2007
Cleveland Cavaliers_2003,mihmch01_2003,28.442925306655784,1999-2007
Cleveland Cavaliers_2003,milesda01_2003,44.81071300481616,1999-2007
Cleveland Cavaliers_2003,palacmi01_2003,44.45222154178574,1999-2007
Cleveland Cavaliers_2003,parkesm01_2003,33.21144381083123,1999-2007
Cleveland Cavaliers_2003,stewami01_2003,15.84297951775486,1999-2007
Cleveland Cavaliers_2003,wagneda02_2003,37.21558813185679,1999-2007
Cleveland Cavaliers_2004,battito01_2004,31.25699921617557,1999-2007
Cleveland Cavaliers_2004,boozeca01_2004,50.91168824543142,1999-2007
Cleveland Cavaliers_2004,bremejr01_2004,20.074859899884732,1999-2007
Cleveland Cavaliers_2004,brownke01_2004,23.68543856465402,1999-2007
Cleveland Cavaliers_2004,davisri01_2004,28.21347195933177,1999-2007
Cleveland Cavaliers_2004,diopde01_2004,27.018512172212592,1999-2007
Cleveland Cavaliers_2004,ilgauzy01_2004,50.38849074937649,1999-2007
Cleveland Cavaliers_2004,jamesle01_2004,55.87486017879597,1999-2007
Cleveland Cavaliers_2004,kaponja01_2004,20.663978319771825,1999-2007
Cleveland Cavaliers_2004,mcinnje01_2004,33.1058907144937,1999-2007
Cleveland Cavaliers_2004,mihmch01_2004,19.77371993328519,1999-2007
Cleveland Cavaliers_2004,milesda01_2004,29.79932885150268,1999-2007
Cleveland Cavaliers_2004,nailole01_2004,19.924858845171276,1999-2007
Cleveland Cavaliers_2004,newblir01_2004,35.2845575287547,1999-2007
Cleveland Cavaliers_2004,ollieke01_2004,37.429934544425805,1999-2007
Cleveland Cavaliers_2004,wagneda02_2004,26.60826939130014,1999-2007
Cleveland Cavaliers_2004,willier01_2004,37.05401462729781,1999-2007
Cleveland Cavaliers_2005,diopde01_2005,17.4928556845359,1999-2007
Cleveland Cavaliers_2005,goodedr01_2005,50.22947341949744,1999-2007
Cleveland Cavaliers_2005,harrilu01_2005,33.58571124749333,1999-2007
Cleveland Cavaliers_2005,ilgauzy01_2005,51.137070702182385,1999-2007
Cleveland Cavaliers_2005,jamesle01_2005,58.20652884342099,1999-2007
Cleveland Cavaliers_2005,mcinnje01_2005,51.487862647424,1999-2007
Cleveland Cavaliers_2005,newblir01_2005,42.80186911806539,1999-2007
Cleveland Cavaliers_2005,pavloal01_2005,29.359836511806396,1999-2007
Cleveland Cavaliers_2005,snower01_2005,42.941821107167776,1999-2007
Cleveland Cavaliers_2005,traylro01_2005,36.42801120017397,1999-2007
Cleveland Cavaliers_2005,varejan01_2005,29.376861643136763,1999-2007
Cleveland Cavaliers_2006,goodedr01_2006,46.62617290749907,1999-2007
Cleveland Cavaliers_2006,hendeal01_2006,23.043437243605826,1999-2007
Cleveland Cavaliers_2006,hughela01_2006,35.79106033634656,1999-2007
Cleveland Cavaliers_2006,ilgauzy01_2006,47.78074926160116,1999-2007
Cleveland Cavaliers_2006,jackslu02_2006,17.74823934929885,1999-2007
Cleveland Cavaliers_2006,jamesle01_2006,57.97413216254298,1999-2007
Cleveland Cavaliers_2006,jonesda01_2006,45.70557952810576,1999-2007
Cleveland Cavaliers_2006,marshdo01_2006,45.574115460423364,1999-2007
Cleveland Cavaliers_2006,murraro01_2006,32.046840717924134,1999-2007
Cleveland Cavaliers_2006,newblir01_2006,18.788294228055936,1999-2007
Cleveland Cavaliers_2006,pavloal01_2006,28.513154858766505,1999-2007
Cleveland Cavaliers_2006,snower01_2006,48.48711168960263,1999-2007
Cleveland Cavaliers_2006,varejan01_2006,27.568097504180443,1999-2007
Cleveland Cavaliers_2006,wilksmi01_2006,15.588457268119896,1999-2007
Cleveland Cavaliers_2007,brownsh01_2007,14.212670403551895,1999-2007
Cleveland Cavaliers_2007,gibsoda01_2007,31.432467291003423,1999-2007
Cleveland Cavaliers_2007,goodedr01_2007,47.30750469005948,1999-2007
Cleveland Cavaliers_2007,hughela01_2007,50.950956811427986,1999-2007
Cleveland Cavaliers_2007,ilgauzy01_2007,46.151923036857305,1999-2007
Cleveland Cavaliers_2007,jamesle01_2007,56.480084985771754,1999-2007
Cleveland Cavaliers_2007,jonesda01_2007,34.249087579087416,1999-2007
Cleveland Cavaliers_2007,marshdo01_2007,36.87817782917155,1999-2007
Cleveland Cavaliers_2007,pavloal01_2007,39.16631205513228,1999-2007
Cleveland Cavaliers_2007,pollasc01_2007,10.44030650891055,1999-2007
Cleveland Cavaliers_2007,snower01_2007,43.9203825119955,1999-2007
Cleveland Cavaliers_2007,varejan01_2007,43.95452195167182,1999-2007
Cleveland Cavaliers_2007,wesleda01_2007,18.76166303929372,1999-2007
Cleveland Cavaliers_2008,brownde02_2008,41.97618372363071,2008-2015
Cleveland Cavaliers_2008,gibsoda01_2008,42.01190307520001,2008-2015
Cleveland Cavaliers_2008,goodedr01_2008,39.54743986657038,2008-2015
Cleveland Cavaliers_2008,hughela01_2008,34.785054261852174,2008-2015
Cleveland Cavaliers_2008,ilgauzy01_2008,47.138094997570704,2008-2015
Cleveland Cavaliers_2008,jamesle01_2008,55.018178813915675,2008-2015
Cleveland Cavaliers_2008,jonesda01_2008,36.55133376499413,2008-2015
Cleveland Cavaliers_2008,jonesdw02_2008,21.72556098240043,2008-2015
Cleveland Cavaliers_2008,newblir01_2008,25.495097567963924,2008-2015
Cleveland Cavaliers_2008,pavloal01_2008,34.46737587922817,2008-2015
Cleveland Cavaliers_2008,smithjo02_2008,24.08318915758459,2008-2015
Cleveland Cavaliers_2008,snower01_2008,17.46424919657298,2008-2015
Cleveland Cavaliers_2008,szczewa02_2008,23.57965224510319,2008-2015
Cleveland Cavaliers_2008,varejan01_2008,36.3318042491699,2008-2015
Cleveland Cavaliers_2008,wallabe01_2008,24.041630560342615,2008-2015
Cleveland Cavaliers_2008,westde01_2008,28.39013913315678,2008-2015
Cleveland Cavaliers_2009,gibsoda01_2009,42.36744032862972,2008-2015
Cleveland Cavaliers_2009,hicksjj01_2009,26.551836094703507,2008-2015
Cleveland Cavaliers_2009,ilgauzy01_2009,42.01190307520001,2008-2015
Cleveland Cavaliers_2009,jacksda01_2009,20.73644135332772,2008-2015
Cleveland Cavaliers_2009,jamesle01_2009,55.263007518592396,2008-2015
Cleveland Cavaliers_2009,kinseta01_2009,16.64331697709324,2008-2015
Cleveland Cavaliers_2009,pavloal01_2009,32.449961479175904,2008-2015
Cleveland Cavaliers_2009,smithjo02_2009,20.273134932713294,2008-2015
Cleveland Cavaliers_2009,szczewa02_2009,39.07684736515984,2008-2015
Cleveland Cavaliers_2009,varejan01_2009,48.02082881417188,2008-2015
Cleveland Cavaliers_2009,wallabe01_2009,36.24913792078372,2008-2015
Cleveland Cavaliers_2009,westde01_2009,46.389654018972806,2008-2015
Cleveland Cavaliers_2009,willima01_2009,53.23532661682466,2008-2015
Cleveland Cavaliers_2010,gibsoda01_2010,32.68026927673638,2008-2015
Cleveland Cavaliers_2010,hicksjj01_2010,41.12177038990418,2008-2015
Cleveland Cavaliers_2010,ilgauzy01_2010,36.59234892706397,2008-2015
Cleveland Cavaliers_2010,jacksda01_2010,10.677078252031311,2008-2015
Cleveland Cavaliers_2010,jamesle01_2010,54.46099521676041,2008-2015
Cleveland Cavaliers_2010,jamisan01_2010,28.478061731796284,2008-2015
Cleveland Cavaliers_2010,moonja01_2010,32.43454948045371,2008-2015
Cleveland Cavaliers_2010,onealsh01_2010,35.21363372331802,2008-2015
Cleveland Cavaliers_2010,parkean01_2010,47.843494855622744,2008-2015
Cleveland Cavaliers_2010,varejan01_2010,46.54030511288038,2008-2015
Cleveland Cavaliers_2010,westde01_2010,38.72983346207417,2008-2015
Cleveland Cavaliers_2010,willija04_2010,27.23967694375247,2008-2015
Cleveland Cavaliers_2010,willima01_2010,48.569537778323564,2008-2015
Cleveland Cavaliers_2011,eyengch01_2011,30.773365106858236,2008-2015
Cleveland Cavaliers_2011,geeal01_2011,31.192947920964443,2008-2015
Cleveland Cavaliers_2011,gibsoda01_2011,43.18564576337837,2008-2015
Cleveland Cavaliers_2011,grahajo01_2011,24.20743687382041,2008-2015
Cleveland Cavaliers_2011,haranlu01_2011,19.974984355438178,2008-2015
Cleveland Cavaliers_2011,harrima01_2011,30.54504869860253,2008-2015
Cleveland Cavaliers_2011,hicksjj01_2011,47.49736834815167,2008-2015
Cleveland Cavaliers_2011,holliry01_2011,34.38022687534217,2008-2015
Cleveland Cavaliers_2011,jamisan01_2011,42.91852746774987,2008-2015
Cleveland Cavaliers_2011,moonja01_2011,27.640549922170507,2008-2015
Cleveland Cavaliers_2011,parkean01_2011,45.727453460694704,2008-2015
Cleveland Cavaliers_2011,samuesa01_2011,26.476404589747453,2008-2015
Cleveland Cavaliers_2011,sessira01_2011,46.184412955021955,2008-2015
Cleveland Cavaliers_2011,varejan01_2011,31.52776554086889,2008-2015
Cleveland Cavaliers_2011,willija04_2011,19.77371993328519,2008-2015
Cleveland Cavaliers_2011,willima01_2011,32.63433774416144,2008-2015
Cleveland Cavaliers_2012,casspom01_2012,36.61966684720111,2008-2015
Cleveland Cavaliers_2012,erdense01_2012,18.24828759089466,2008-2015
Cleveland Cavaliers_2012,geeal01_2012,42.74342054632502,2008-2015
Cleveland Cavaliers_2012,gibsoda01_2012,30.265491900843113,2008-2015
Cleveland Cavaliers_2012,haranlu01_2012,15.198684153570664,2008-2015
Cleveland Cavaliers_2012,harrima01_2012,21.354156504062622,2008-2015
Cleveland Cavaliers_2012,holliry01_2012,19.026297590440446,2008-2015
Cleveland Cavaliers_2012,irvinky01_2012,39.4715087119811,2008-2015
Cleveland Cavaliers_2012,jamisan01_2012,46.37887450122092,2008-2015
Cleveland Cavaliers_2012,parkean01_2012,35.77708763999664,2008-2015
Cleveland Cavaliers_2012,samuesa01_2012,28.722813232690143,2008-2015
Cleveland Cavaliers_2012,sessira01_2012,31.71750305430741,2008-2015
Cleveland Cavaliers_2012,sloando01_2012,24.657656011875904,2008-2015
Cleveland Cavaliers_2012,thomptr01_2012,37.73592452822641,2008-2015
Cleveland Cavaliers_2012,varejan01_2012,28.0178514522438,2008-2015
Cleveland Cavaliers_2012,waltolu01_2012,17.291616465790582,2008-2015
Cleveland Cavaliers_2013,casspom01_2013,22.427661492005804,2008-2015
Cleveland Cavaliers_2013,ellinwa01_2013,31.38470965295043,2008-2015
Cleveland Cavaliers_2013,geeal01_2013,50.40833264451424,2008-2015
Cleveland Cavaliers_2013,gibsoda01_2013,30.315012782448235,2008-2015
Cleveland Cavaliers_2013,irvinky01_2013,45.254833995939045,2008-2015
Cleveland Cavaliers_2013,joneske01_2013,18.275666882497067,2008-2015
Cleveland Cavaliers_2013,livinsh01_2013,33.689761055846034,2008-2015
Cleveland Cavaliers_2013,milescj01_2013,36.932370625238775,2008-2015
Cleveland Cavaliers_2013,pargoje01_2013,21.142374511865974,2008-2015
Cleveland Cavaliers_2013,speigma01_2013,26.851443164195103,2008-2015
Cleveland Cavaliers_2013,thomptr01_2013,50.635955604688654,2008-2015
Cleveland Cavaliers_2013,varejan01_2013,30.01666203960727,2008-2015
Cleveland Cavaliers_2013,waitedi01_2013,41.90465367951393,2008-2015
Cleveland Cavaliers_2013,waltolu01_2013,29.274562336608895,2008-2015
Cleveland Cavaliers_2013,zellety01_2013,45.088801270381985,2008-2015
Cleveland Cavaliers_2014,bennean01_2014,25.748786379167466,2008-2015
Cleveland Cavaliers_2014,bynuman01_2014,21.908902300206645,2008-2015
Cleveland Cavaliers_2014,clarkea01_2014,26.419689627245813,2008-2015
Cleveland Cavaliers_2014,dellama01_2014,35.651086939951774,2008-2015
Cleveland Cavaliers_2014,denglu01_2014,36.78314831549904,2008-2015
Cleveland Cavaliers_2014,geeal01_2014,31.937438845342623,2008-2015
Cleveland Cavaliers_2014,hawessp01_2014,28.35489375751565,2008-2015
Cleveland Cavaliers_2014,irvinky01_2014,49.95998398718719,2008-2015
Cleveland Cavaliers_2014,jackja01_2014,47.45524207081869,2008-2015
Cleveland Cavaliers_2014,karasse01_2014,12.489995996796797,2008-2015
Cleveland Cavaliers_2014,milescj01_2014,31.368774282716245,2008-2015
Cleveland Cavaliers_2014,thomptr01_2014,50.93132631298737,2008-2015
Cleveland Cavaliers_2014,varejan01_2014,42.42640687119285,2008-2015
Cleveland Cavaliers_2014,waitedi01_2014,45.51922670696417,2008-2015
Cleveland Cavaliers_2014,zellety01_2014,32.38826948140329,2008-2015
Cleveland Cavaliers_2015,dellama01_2015,37.14835124201342,2008-2015
Cleveland Cavaliers_2015,harrijo01_2015,22.20360331117452,2008-2015
Cleveland Cavaliers_2015,haywobr01_2015,10.908712114635714,2008-2015
Cleveland Cavaliers_2015,irvinky01_2015,52.24940191045253,2008-2015
Cleveland Cavaliers_2015,jamesle01_2015,49.92995093127971,2008-2015
Cleveland Cavaliers_2015,jonesja02_2015,25.865034312755125,2008-2015
Cleveland Cavaliers_2015,loveke01_2015,50.3189825016365,2008-2015
Cleveland Cavaliers_2015,mariosh01_2015,33.18132004607411,2008-2015
Cleveland Cavaliers_2015,millemi01_2015,26.476404589747453,2008-2015
Cleveland Cavaliers_2015,mozgoti01_2015,33.88214869219483,2008-2015
Cleveland Cavaliers_2015,shumpim01_2015,30.331501776206203,2008-2015
Cleveland Cavaliers_2015,smithjr01_2015,38.22302970723278,2008-2015
Cleveland Cavaliers_2015,thomptr01_2015,46.84015371452148,2008-2015
Cleveland Cavaliers_2015,varejan01_2015,25.219040425836983,2008-2015
Cleveland Cavaliers_2015,waitedi01_2015,28.035691537752374,2008-2015
Cleveland Cavaliers_2016,cunnija01_2016,18.841443681416774,2016-present
Cleveland Cavaliers_2016,dellama01_2016,43.2087954009366,2016-present
Cleveland Cavaliers_2016,fryech01_2016,21.118712081942874,2016-present
Cleveland Cavaliers_2016,irvinky01_2016,40.82891132518721,2016-present
Cleveland Cavaliers_2016,jamesle01_2016,52.04805471869242,2016-present
Cleveland Cavaliers_2016,jefferi01_2016,36.41428291206625,2016-present
Cleveland Cavaliers_2016,jonesja02_2016,21.517434791350013,2016-present
Cleveland Cavaliers_2016,kaunsa01_2016,9.746794344808963,2016-present
Cleveland Cavaliers_2016,loveke01_2016,49.23413450036468,2016-present
Cleveland Cavaliers_2016,mozgoti01_2016,36.41428291206625,2016-present
Cleveland Cavaliers_2016,shumpim01_2016,36.27671429443411,2016-present
Cleveland Cavaliers_2016,smithjr01_2016,48.60041152089147,2016-present
Cleveland Cavaliers_2016,thomptr01_2016,47.634021455258214,2016-present
Cleveland Cavaliers_2016,varejan01_2016,17.60681686165901,2016-present
Cleveland Cavaliers_2016,willima01_2016,27.349588662354687,2016-present
Cleveland Cavaliers_2017,dunlemi02_2017,19.131126469708992,2016-present
Cleveland Cavaliers_2017,feldeka01_2017,19.6468827043885,2016-present
Cleveland Cavaliers_2017,fryech01_2017,37.389838191679836,2016-present
Cleveland Cavaliers_2017,irvinky01_2017,50.24937810560445,2016-present
Cleveland Cavaliers_2017,jamesle01_2017,52.85830114561004,2016-present
Cleveland Cavaliers_2017,jefferi01_2017,40.17461885320133,2016-present
Cleveland Cavaliers_2017,jonesja02_2017,19.519221295943137,2016-present
Cleveland Cavaliers_2017,korveky01_2017,29.30870177950569,2016-present
Cleveland Cavaliers_2017,liggide01_2017,27.422618401604176,2016-present
Cleveland Cavaliers_2017,loveke01_2017,43.41658669218482,2016-present
Cleveland Cavaliers_2017,mcraejo01_2017,19.595917942265423,2016-present
Cleveland Cavaliers_2017,shumpim01_2017,44.01136216933077,2016-present
Cleveland Cavaliers_2017,smithjr01_2017,34.45286635390443,2016-present
Cleveland Cavaliers_2017,thomptr01_2017,48.33218389437829,2016-present
Cleveland Cavaliers_2017,willide01_2017,22.045407685048602,2016-present
Cleveland Cavaliers_2017,willide02_2017,20.663978319771825,2016-present
Cleveland Cavaliers_2018,caldejo01_2018,30.23243291566195,2016-present
Cleveland Cavaliers_2018,clarkjo01_2018,25.13961017995307,2016-present
Cleveland Cavaliers_2018,crowdja01_2018,36.68787265568828,2016-present
Cleveland Cavaliers_2018,fryech01_2018,23.345235059857504,2016-present
Cleveland Cavaliers_2018,greenje02_2018,42.7551166528639,2016-present
Cleveland Cavaliers_2018,hillge01_2018,25.865034312755125,2016-present
Cleveland Cavaliers_2018,hollajo02_2018,13.19090595827292,2016-present
Cleveland Cavaliers_2018,hoodro01_2018,23.065125189341593,2016-present
Cleveland Cavaliers_2018,jamesle01_2018,55.00909015790027,2016-present
Cleveland Cavaliers_2018,korveky01_2018,39.67366884975475,2016-present
Cleveland Cavaliers_2018,loveke01_2018,40.63249930782009,2016-present
Cleveland Cavaliers_2018,nancela02_2018,22.338307903688676,2016-present
Cleveland Cavaliers_2018,osmande01_2018,25.92296279363144,2016-present
Cleveland Cavaliers_2018,smithjr01_2018,47.37087712930804,2016-present
Cleveland Cavaliers_2018,thomptr01_2018,32.7414110874898,2016-present
Cleveland Cavaliers_2018,wadedw01_2018,32.69556544854363,2016-present
Cleveland Cavaliers_2018,zizican01_2018,14.628738838327793,2016-present
Cleveland Cavaliers_2019,blossja01_2019,20.952326839756964,2016-present
Cleveland Cavaliers_2019,burksal01_2019,31.28897569432403,2016-present
Cleveland Cavaliers_2019,chrisma01_2019,19.87460691435179,2016-present
Cleveland Cavaliers_2019,clarkjo01_2019,47.05316142407437,2016-present
Cleveland Cavaliers_2019,dellama01_2019,26.739483914241877,2016-present
Cleveland Cavaliers_2019,fryech01_2019,18.466185312619388,2016-present
Cleveland Cavaliers_2019,hoodro01_2019,35.12833614050059,2016-present
Cleveland Cavaliers_2019,knighbr03_2019,24.859605789312106,2016-present
Cleveland Cavaliers_2019,loveke01_2019,24.454038521274967,2016-present
Cleveland Cavaliers_2019,nancela02_2019,42.36744032862972,2016-present
Cleveland Cavaliers_2019,nwabada01_2019,31.368774282716245,2016-present
Cleveland Cavaliers_2019,osmande01_2019,49.4368283772331,2016-present
Cleveland Cavaliers_2019,sextoco01_2019,51.03920062069938,2016-present
Cleveland Cavaliers_2019,stausni01_2019,18.49324200890693,2016-present
Cleveland Cavaliers_2019,thomptr01_2019,34.61213659975356,2016-present
Cleveland Cavaliers_2019,zizican01_2019,32.89376840679705,2016-present
Cleveland Cavaliers_2020,clarkjo01_2020,25.80697580112788,2016-present
Cleveland Cavaliers_2020,dellama01_2020,28.653097563788805,2016-present
Cleveland Cavaliers_2020,exumda01_2020,20.049937655763422,2016-present
Cleveland Cavaliers_2020,garlada01_2020,42.708313008125245,2016-present
Cleveland Cavaliers_2020,hensojo01_2020,20.29778313018444,2016-present
Cleveland Cavaliers_2020,loveke01_2020,42.190046219457976,2016-present
Cleveland Cavaliers_2020,mckinal01_2020,24.351591323771842,2016-present
Cleveland Cavaliers_2020,nancela02_2020,38.36665218650175,2016-present
Cleveland Cavaliers_2020,osmande01_2020,43.70354676682432,2016-present
Cleveland Cavaliers_2020,porteke02_2020,34.08812109811862,2016-present
Cleveland Cavaliers_2020,sextoco01_2020,46.292547996410825,2016-present
Cleveland Cavaliers_2020,thomptr01_2020,41.48493702538308,2016-present
Cleveland Cavaliers_2020,zizican01_2020,14.866068747318506,2016-present
Cleveland Cavaliers_2021,allenja01_2021,39.293765408777,2016-present
Cleveland Cavaliers_2021,dotsoda01_2021,30.116440692751194,2016-present
Cleveland Cavaliers_2021,drumman01_2021,26.870057685088806,2016-present
Cleveland Cavaliers_2021,garlada01_2021,42.30839160261236,2016-present
Cleveland Cavaliers_2021,loveke01_2021,24.939927826679853,2016-present
Cleveland Cavaliers_2021,mcgeeja01_2021,22.427661492005804,2016-present
Cleveland Cavaliers_2021,nancela02_2021,33.03028912982749,2016-present
Cleveland Cavaliers_2021,okorois01_2021,46.61544808322666,2016-present
Cleveland Cavaliers_2021,osmande01_2021,38.8587184554509,2016-present
Cleveland Cavaliers_2021,princta02_2021,26.210684844162312,2016-present
Cleveland Cavaliers_2021,sextoco01_2021,45.98912915026767,2016-present
Cleveland Cavaliers_2021,stevela01_2021,22.338307903688676,2016-present
Cleveland Cavaliers_2021,thomabr01_2021,19.364916731037084,2016-present
Cleveland Cavaliers_2021,wadede01_2021,34.813790371058424,2016-present
Cleveland Cavaliers_2021,windldy01_2021,22.64950330581225,2016-present
Cleveland Cavaliers_2022,allenja01_2022,42.532340636273474,2016-present
Cleveland Cavaliers_2022,davised01_2022,14.177446878757825,2016-present
Cleveland Cavaliers_2022,garlada01_2022,49.29503017546495,2016-present
Cleveland Cavaliers_2022,goodwbr01_2022,22.40535650240808,2016-present
Cleveland Cavaliers_2022,loveke01_2022,40.80441152620633,2016-present
Cleveland Cavaliers_2022,markkla01_2022,43.3358973600409,2016-present
Cleveland Cavaliers_2022,mobleev01_2022,48.28043081829324,2016-present
Cleveland Cavaliers_2022,okorois01_2022,44.50842616853577,2016-present
Cleveland Cavaliers_2022,osmande01_2022,38.23610858861032,2016-present
Cleveland Cavaliers_2022,pangoke01_2022,12.884098726725126,2016-present
Cleveland Cavaliers_2022,rondora01_2022,20.199009876724155,2016-present
Cleveland Cavaliers_2022,rubiori01_2022,31.144823004794873,2016-present
Cleveland Cavaliers_2022,stevela01_2022,31.85906464414798,2016-present
Cleveland Cavaliers_2022,valende01_2022,14.2828568570857,2016-present
Cleveland Cavaliers_2022,wadede01_2022,31.304951684997057,2016-present
Cleveland Cavaliers_2022,windldy01_2022,21.42428528562855,2016-present
Cleveland Cavaliers_2023,allenja01_2023,47.11687595755899,2016-present
Cleveland Cavaliers_2023,diakima01_2023,13.2664991614216,2016-present
Cleveland Cavaliers_2023,garlada01_2023,49.467160824126545,2016-present
Cleveland Cavaliers_2023,leverca01_2023,47.29693436154187,2016-present
Cleveland Cavaliers_2023,lopezro01_2023,17.291616465790582,2016-present
Cleveland Cavaliers_2023,loveke01_2023,28.653097563788805,2016-present
Cleveland Cavaliers_2023,mitchdo01_2023,49.31531202375181,2016-present
Cleveland Cavaliers_2023,mobleev01_2023,52.10566188045211,2016-present
Cleveland Cavaliers_2023,netora01_2023,22.47220505424423,2016-present
Cleveland Cavaliers_2023,okorois01_2023,40.64480286580315,2016-present
Cleveland Cavaliers_2023,osmande01_2023,39.344631145812,2016-present
Cleveland Cavaliers_2023,rubiori01_2023,23.790754506740637,2016-present
Cleveland Cavaliers_2023,stevela01_2023,33.46640106136302,2016-present
Cleveland Cavaliers_2023,wadede01_2023,29.8496231131986,2016-present
Cleveland Cavaliers_2024,allenja01_2024,49.416596402423345,2016-present
Cleveland Cavaliers_2024,garlada01_2024,43.60045871318328,2016-present
Cleveland Cavaliers_2024,jonesda03_2024,16.431676725154983,2016-present
Cleveland Cavaliers_2024,leverca01_2024,44.24929377967517,2016-present
Cleveland Cavaliers_2024,merrisa01_2024,32.69556544854363,2016-present
Cleveland Cavaliers_2024,mitchdo01_2024,44.06812907306141,2016-present
Cleveland Cavaliers_2024,mobleev01_2024,39.14077158156185,2016-present
Cleveland Cavaliers_2024,niangge01_2024,42.790185790669334,2016-present
Cleveland Cavaliers_2024,okorois01_2024,43.439613257946945,2016-present
Cleveland Cavaliers_2024,portecr01_2024,25.475478405713993,2016-present
Cleveland Cavaliers_2024,strusma01_2024,47.31807265728392,2016-present
Cleveland Cavaliers_2024,thomptr01_2024,23.430749027719962,2016-present
Cleveland Cavaliers_2024,wadede01_2024,33.28663395418648,2016-present
Cleveland Cavaliers_2025,allenja01_2025,47.916594202843754,2016-present
Cleveland Cavaliers_2025,garlada01_2025,47.968739820845826,2016-present
Cleveland Cavaliers_2025,huntede01_2025,26.0,2016-present
Cleveland Cavaliers_2025,jeromty01_2025,37.30951621235526,2016-present
Cleveland Cavaliers_2025,leverca01_2025,30.066592756745816,2016-present
Cleveland Cavaliers_2025,merrisa01_2025,37.429934544425805,2016-present
Cleveland Cavaliers_2025,mitchdo01_2025,47.24404724407086,2016-present
Cleveland Cavaliers_2025,mobleev01_2025,46.551047249229526,2016-present
Cleveland Cavaliers_2025,niangge01_2025,32.449961479175904,2016-present
Cleveland Cavaliers_2025,okorois01_2025,32.449961479175904,2016-present
Cleveland Cavaliers_2025,portecr01_2025,22.64950330581225,2016-present
Cleveland Cavaliers_2025,strusma01_2025,35.679125549822544,2016-present
Cleveland Cavaliers_2025,thomptr01_2025,18.110770276274835,2016-present
Cleveland Cavaliers_2025,tysonja01_2025,21.283796653792763,2016-present
Cleveland Cavaliers_2025,wadede01_2025,35.38361202590826,2016-present
Dallas Mavericks_1999,anstech01_1999,21.6794833886788,1999-2007
Dallas Mavericks_1999,bradlsh01_1999,35.9722114972099,1999-2007
Dallas Mavericks_1999,davishu01_1999,37.12142238654117,1999-2007
Dallas Mavericks_1999,finlemi01_1999,45.28796749689701,1999-2007
Dallas Mavericks_1999,greenac01_1999,30.397368307141328,1999-2007
Dallas Mavericks_1999,nashst01_1999,35.62302626111375,1999-2007
Dallas Mavericks_1999,nowitdi01_1999,30.95157508108432,1999-2007
Dallas Mavericks_1999,packro01_1999,21.633307652783937,1999-2007
Dallas Mavericks_1999,stricer01_1999,23.811761799581316,1999-2007
Dallas Mavericks_1999,trentga01_1999,36.90528417449187,1999-2007
Dallas Mavericks_1999,walkesa01_1999,23.83275057562597,1999-2007
Dallas Mavericks_1999,williho01_1999,20.074859899884732,1999-2007
Dallas Mavericks_2000,bradlsh01_2000,43.60045871318328,1999-2007
Dallas Mavericks_2000,buckngr01_2000,30.380915061926625,1999-2007
Dallas Mavericks_2000,cebalce01_2000,45.43126676640219,1999-2007
Dallas Mavericks_2000,davishu01_2000,42.62628297189423,1999-2007
Dallas Mavericks_2000,finlemi01_2000,58.855755878248644,1999-2007
Dallas Mavericks_2000,hugheri02_2000,14.966629547095765,1999-2007
Dallas Mavericks_2000,jonesda01_2000,20.396078054371138,1999-2007
Dallas Mavericks_2000,nashst01_2000,39.14077158156185,1999-2007
Dallas Mavericks_2000,nowitdi01_2000,54.20332093147061,1999-2007
Dallas Mavericks_2000,packro01_2000,25.787593916455254,1999-2007
Dallas Mavericks_2000,rooksse01_2000,31.63858403911275,1999-2007
Dallas Mavericks_2000,stricer01_2000,45.0,1999-2007
Dallas Mavericks_2001,alexaco02_2001,21.72556098240043,1999-2007
Dallas Mavericks_2001,bradlsh01_2001,44.73253849269008,1999-2007
Dallas Mavericks_2001,buckngr01_2001,28.635642126552707,1999-2007
Dallas Mavericks_2001,davishu01_2001,35.510561809129406,1999-2007
Dallas Mavericks_2001,eisleho01_2001,49.25444142409901,1999-2007
Dallas Mavericks_2001,finlemi01_2001,58.677082408722406,1999-2007
Dallas Mavericks_2001,howarju01_2001,31.51190251317746,1999-2007
Dallas Mavericks_2001,laettch01_2001,30.495901363953813,1999-2007
Dallas Mavericks_2001,najered01_2001,20.760539492026695,1999-2007
Dallas Mavericks_2001,nashst01_2001,48.85693400122443,1999-2007
Dallas Mavericks_2001,nowitdi01_2001,55.90169943749474,1999-2007
Dallas Mavericks_2001,trentga01_2001,17.86057109949175,1999-2007
Dallas Mavericks_2001,vaughlo01_2001,19.79898987322333,1999-2007
Dallas Mavericks_2002,bradlsh01_2002,27.51363298439521,1999-2007
Dallas Mavericks_2002,buckngr01_2002,29.748949561287034,1999-2007
Dallas Mavericks_2002,eschmev01_2002,17.291616465790582,1999-2007
Dallas Mavericks_2002,finlemi01_2002,52.478567053607705,1999-2007
Dallas Mavericks_2002,griffad01_2002,37.1887079635741,1999-2007
Dallas Mavericks_2002,hardati01_2002,35.7211421989835,1999-2007
Dallas Mavericks_2002,howarju01_2002,40.7308237088326,1999-2007
Dallas Mavericks_2002,lafrera01_2002,28.053520278211074,1999-2007
Dallas Mavericks_2002,mannida01_2002,23.49468024894146,1999-2007
Dallas Mavericks_2002,najered01_2002,36.837480912787726,1999-2007
Dallas Mavericks_2002,nashst01_2002,53.2634959423431,1999-2007
Dallas Mavericks_2002,newmajo01_2002,26.90724809414742,1999-2007
Dallas Mavericks_2002,nowitdi01_2002,53.76802023508026,1999-2007
Dallas Mavericks_2002,vanexni01_2002,27.51363298439521,1999-2007
Dallas Mavericks_2002,zhizhwa01_2002,24.49489742783178,1999-2007
Dallas Mavericks_2003,bellra01_2003,34.249087579087416,1999-2007
Dallas Mavericks_2003,bradlsh01_2003,41.60528812542944,1999-2007
Dallas Mavericks_2003,finlemi01_2003,51.40038910358559,1999-2007
Dallas Mavericks_2003,griffad01_2003,37.05401462729781,1999-2007
Dallas Mavericks_2003,johnsav01_2003,20.73644135332772,1999-2007
Dallas Mavericks_2003,jonespo01_2003,14.89966442575134,1999-2007
Dallas Mavericks_2003,lafrera01_2003,40.13726448077895,1999-2007
Dallas Mavericks_2003,najered01_2003,33.21144381083123,1999-2007
Dallas Mavericks_2003,nashst01_2003,52.06726418777925,1999-2007
Dallas Mavericks_2003,nowitdi01_2003,55.83009940883144,1999-2007
Dallas Mavericks_2003,vanexni01_2003,45.0111097397076,1999-2007
Dallas Mavericks_2003,williwa02_2003,34.07345007480164,1999-2007
Dallas Mavericks_2004,besttr01_2004,27.60434748368452,1999-2007
Dallas Mavericks_2004,bradlsh01_2004,27.80287754891569,1999-2007
Dallas Mavericks_2004,daniema01_2004,32.2335229225724,1999-2007
Dallas Mavericks_2004,delkto01_2004,22.561028345356956,1999-2007
Dallas Mavericks_2004,finlemi01_2004,52.706735812417755,1999-2007
Dallas Mavericks_2004,fortsda01_2004,25.0,1999-2007
Dallas Mavericks_2004,howarjo01_2004,39.8622628559895,1999-2007
Dallas Mavericks_2004,jamisan01_2004,48.744230427815765,1999-2007
Dallas Mavericks_2004,najered01_2004,26.832815729997478,1999-2007
Dallas Mavericks_2004,nashst01_2004,51.10772935672255,1999-2007
Dallas Mavericks_2004,nowitdi01_2004,53.99073994677235,1999-2007
Dallas Mavericks_2004,walkean02_2004,53.291650377896914,1999-2007
Dallas Mavericks_2004,willisc01_2004,16.1245154965971,1999-2007
Dallas Mavericks_2005,armstda01_2005,24.0,1999-2007
Dallas Mavericks_2005,boothca01_2005,16.186414056238647,1999-2007
Dallas Mavericks_2005,bradlsh01_2005,29.748949561287034,1999-2007
Dallas Mavericks_2005,dampier01_2005,40.11234224026316,1999-2007
Dallas Mavericks_2005,daniema01_2005,37.57658845611187,1999-2007
Dallas Mavericks_2005,finlemi01_2005,48.55924216871593,1999-2007
Dallas Mavericks_2005,harride01_2005,34.249087579087416,1999-2007
Dallas Mavericks_2005,hendeal01_2005,34.68429039204925,1999-2007
Dallas Mavericks_2005,howarjo01_2005,49.457052075512955,1999-2007
Dallas Mavericks_2005,nowitdi01_2005,54.954526656136345,1999-2007
Dallas Mavericks_2005,stackje01_2005,40.2119385257662,1999-2007
Dallas Mavericks_2005,terryja01_2005,49.0,1999-2007
Dallas Mavericks_2005,vanhoke01_2005,26.153393661244042,1999-2007
Dallas Mavericks_2006,armstda01_2006,24.939927826679853,1999-2007
Dallas Mavericks_2006,dampier01_2006,43.977266854592045,1999-2007
Dallas Mavericks_2006,daniema01_2006,42.02380277890139,1999-2007
Dallas Mavericks_2006,diopde01_2006,38.8587184554509,1999-2007
Dallas Mavericks_2006,griffad01_2006,35.2845575287547,1999-2007
Dallas Mavericks_2006,harride01_2006,35.70714214271425,1999-2007
Dallas Mavericks_2006,howarjo01_2006,43.76071297408213,1999-2007
Dallas Mavericks_2006,marshra01_2006,15.524174696260024,1999-2007
Dallas Mavericks_2006,mbengdj01_2006,15.394804318340652,1999-2007
Dallas Mavericks_2006,nowitdi01_2006,55.57877292636101,1999-2007
Dallas Mavericks_2006,poweljo01_2006,20.71231517720798,1999-2007
Dallas Mavericks_2006,stackje01_2006,39.05124837953327,1999-2007
Dallas Mavericks_2006,terryja01_2006,52.896124621752776,1999-2007
Dallas Mavericks_2006,vanhoke01_2006,33.015148038438355,1999-2007
Dallas Mavericks_2007,agerma01_2007,14.628738838327793,1999-2007
Dallas Mavericks_2007,bareajo01_2007,13.820274961085254,1999-2007
Dallas Mavericks_2007,buckngr01_2007,37.04051835490427,1999-2007
Dallas Mavericks_2007,croshau01_2007,26.962937525425527,1999-2007
Dallas Mavericks_2007,dampier01_2007,43.76071297408213,1999-2007
Dallas Mavericks_2007,diopde01_2007,38.47076812334269,1999-2007
Dallas Mavericks_2007,georgde01_2007,35.81898937714463,1999-2007
Dallas Mavericks_2007,harride01_2007,45.617978911828175,1999-2007
Dallas Mavericks_2007,howarjo01_2007,49.54795656734998,1999-2007
Dallas Mavericks_2007,johnsan02_2007,23.706539182259394,1999-2007
Dallas Mavericks_2007,mbengdj01_2007,8.888194417315589,1999-2007
Dallas Mavericks_2007,nowitdi01_2007,53.103672189407014,1999-2007
Dallas Mavericks_2007,stackje01_2007,40.18706259482024,1999-2007
Dallas Mavericks_2007,terryja01_2007,53.34791467339656,1999-2007
Dallas Mavericks_2008,allenma01_2008,18.24828759089466,2008-2015
Dallas Mavericks_2008,bareajo01_2008,21.447610589527216,2008-2015
Dallas Mavericks_2008,bassbr01_2008,39.45883931389772,2008-2015
Dallas Mavericks_2008,dampier01_2008,41.892720131306824,2008-2015
Dallas Mavericks_2008,diopde01_2008,29.899832775452108,2008-2015
Dallas Mavericks_2008,georgde01_2008,28.653097563788805,2008-2015
Dallas Mavericks_2008,harride01_2008,34.40930106817051,2008-2015
Dallas Mavericks_2008,hassetr01_2008,21.517434791350013,2008-2015
Dallas Mavericks_2008,howarjo01_2008,52.507142371300304,2008-2015
Dallas Mavericks_2008,howarju01_2008,18.788294228055936,2008-2015
Dallas Mavericks_2008,jonesed02_2008,30.364452901377952,2008-2015
Dallas Mavericks_2008,kiddja01_2008,31.796226191169293,2008-2015
Dallas Mavericks_2008,nowitdi01_2008,52.62128846769148,2008-2015
Dallas Mavericks_2008,stackje01_2008,37.57658845611187,2008-2015
Dallas Mavericks_2008,terryja01_2008,50.78385570237849,2008-2015
Dallas Mavericks_2009,bareajo01_2009,40.0,2008-2015
Dallas Mavericks_2009,bassbr01_2009,39.67366884975475,2008-2015
Dallas Mavericks_2009,carroma01_2009,11.874342087037917,2008-2015
Dallas Mavericks_2009,dampier01_2009,42.8485705712571,2008-2015
Dallas Mavericks_2009,diopde01_2009,21.2602916254693,2008-2015
Dallas Mavericks_2009,georgde01_2009,26.60826939130014,2008-2015
Dallas Mavericks_2009,greenge01_2009,19.390719429665317,2008-2015
Dallas Mavericks_2009,holliry01_2009,16.1245154965971,2008-2015
Dallas Mavericks_2009,howarjo01_2009,40.779897008207364,2008-2015
Dallas Mavericks_2009,kiddja01_2009,53.72150407425317,2008-2015
Dallas Mavericks_2009,nowitdi01_2009,55.226805085936306,2008-2015
Dallas Mavericks_2009,singlja01_2009,29.732137494637012,2008-2015
Dallas Mavericks_2009,terryja01_2009,49.90991885387112,2008-2015
Dallas Mavericks_2009,wrighan01_2009,39.395431207184416,2008-2015
Dallas Mavericks_2010,bareajo01_2010,39.319206502675,2008-2015
Dallas Mavericks_2010,beaubro01_2010,26.457513110645905,2008-2015
Dallas Mavericks_2010,butleca01_2010,30.495901363953813,2008-2015
Dallas Mavericks_2010,carroma01_2010,11.0,2008-2015
Dallas Mavericks_2010,dampier01_2010,35.77708763999664,2008-2015
Dallas Mavericks_2010,goodedr01_2010,32.09361307176243,2008-2015
Dallas Mavericks_2010,haywobr01_2010,27.2213151776324,2008-2015
Dallas Mavericks_2010,howarjo01_2010,28.75760768909681,2008-2015
Dallas Mavericks_2010,humphkr01_2010,17.74823934929885,2008-2015
Dallas Mavericks_2010,kiddja01_2010,53.67494760127857,2008-2015
Dallas Mavericks_2010,mariosh01_2010,48.83646178829912,2008-2015
Dallas Mavericks_2010,najered01_2010,21.93171219946131,2008-2015
Dallas Mavericks_2010,nowitdi01_2010,55.12712580935088,2008-2015
Dallas Mavericks_2010,rossqu01_2010,17.349351572897472,2008-2015
Dallas Mavericks_2010,singlja01_2010,14.52583904633395,2008-2015
Dallas Mavericks_2010,stevede01_2010,16.34013463836819,2008-2015
Dallas Mavericks_2010,terryja01_2010,50.39841267341661,2008-2015
Dallas Mavericks_2011,bareajo01_2011,40.85339643163099,2008-2015
Dallas Mavericks_2011,beaubro01_2011,22.271057451320086,2008-2015
Dallas Mavericks_2011,butleca01_2011,29.444863728670914,2008-2015
Dallas Mavericks_2011,cardibr01_2011,24.859605789312106,2008-2015
Dallas Mavericks_2011,chandty01_2011,45.37620521815371,2008-2015
Dallas Mavericks_2011,haywobr01_2011,36.4828726939094,2008-2015
Dallas Mavericks_2011,kiddja01_2011,51.507281038703645,2008-2015
Dallas Mavericks_2011,mahinia01_2011,22.090722034374522,2008-2015
Dallas Mavericks_2011,mariosh01_2011,47.46577714522327,2008-2015
Dallas Mavericks_2011,nowitdi01_2011,50.039984012787215,2008-2015
Dallas Mavericks_2011,stevede01_2011,34.02939905434711,2008-2015
Dallas Mavericks_2011,stojape01_2011,22.494443758403985,2008-2015
Dallas Mavericks_2011,terryja01_2011,50.635955604688654,2008-2015
Dallas Mavericks_2012,beaubro01_2012,33.926390907374746,2008-2015
Dallas Mavericks_2012,cardibr01_2012,16.64331697709324,2008-2015
Dallas Mavericks_2012,cartevi01_2012,39.26830783214372,2008-2015
Dallas Mavericks_2012,haywobr01_2012,33.85262175962151,2008-2015
Dallas Mavericks_2012,jianlyi01_2012,14.247806848775006,2008-2015
Dallas Mavericks_2012,jonesdo02_2012,16.3707055437449,2008-2015
Dallas Mavericks_2012,kiddja01_2012,37.134889255254286,2008-2015
Dallas Mavericks_2012,mahinia01_2012,33.74907406137241,2008-2015
Dallas Mavericks_2012,mariosh01_2012,43.80639222761902,2008-2015
Dallas Mavericks_2012,nowitdi01_2012,45.59605246071199,2008-2015
Dallas Mavericks_2012,odomla01_2012,32.046840717924134,2008-2015
Dallas Mavericks_2012,terryja01_2012,44.721359549995796,2008-2015
Dallas Mavericks_2012,westde01_2012,32.55764119219941,2008-2015
Dallas Mavericks_2012,wrighbr03_2012,28.124722220850465,2008-2015
Dallas Mavericks_2013,beaubro01_2013,23.430749027719962,2008-2015
Dallas Mavericks_2013,brandel01_2013,39.07684736515984,2008-2015
Dallas Mavericks_2013,cartevi01_2013,45.749316934791494,2008-2015
Dallas Mavericks_2013,collida01_2013,48.703182647543684,2008-2015
Dallas Mavericks_2013,crowdja01_2013,36.78314831549904,2008-2015
Dallas Mavericks_2013,jamesbe01_2013,21.37755832643195,2008-2015
Dallas Mavericks_2013,jamesmi01_2013,29.359836511806396,2008-2015
Dallas Mavericks_2013,jonesda02_2013,25.199206336708304,2008-2015
Dallas Mavericks_2013,jonesdo02_2013,18.384776310850235,2008-2015
Dallas Mavericks_2013,kamanch01_2013,36.91882988394946,2008-2015
Dallas Mavericks_2013,mariosh01_2013,44.83302354291979,2008-2015
Dallas Mavericks_2013,mayooj01_2013,53.97221507405454,2008-2015
Dallas Mavericks_2013,nowitdi01_2013,40.755367744629666,2008-2015
Dallas Mavericks_2013,wrighbr03_2013,33.896902513356586,2008-2015
Dallas Mavericks_2014,blairde01_2014,34.84250278036869,2008-2015
Dallas Mavericks_2014,caldejo01_2014,49.678969393496885,2008-2015
Dallas Mavericks_2014,cartevi01_2014,44.41846462902562,2008-2015
Dallas Mavericks_2014,crowdja01_2014,35.41186241925155,2008-2015
Dallas Mavericks_2014,dalemsa01_2014,40.17461885320133,2008-2015
Dallas Mavericks_2014,ellinwa01_2014,19.82422760159901,2008-2015
Dallas Mavericks_2014,ellismo01_2014,54.981815175565096,2008-2015
Dallas Mavericks_2014,harride01_2014,28.600699292150182,2008-2015
Dallas Mavericks_2014,jamesbe01_2014,12.083045973594572,2008-2015
Dallas Mavericks_2014,larkish01_2014,22.11334438749598,2008-2015
Dallas Mavericks_2014,mariosh01_2014,49.08156476723211,2008-2015
Dallas Mavericks_2014,mekelga01_2014,17.08800749063506,2008-2015
Dallas Mavericks_2014,nowitdi01_2014,51.264022471905186,2008-2015
Dallas Mavericks_2014,wrighbr03_2014,32.817678162843876,2008-2015
Dallas Mavericks_2015,aminual01_2015,36.959437225152655,2008-2015
Dallas Mavericks_2015,bareajo01_2015,36.90528417449187,2008-2015
Dallas Mavericks_2015,chandty01_2015,47.81213235152768,2008-2015
Dallas Mavericks_2015,crowdja01_2015,16.278820596099706,2008-2015
Dallas Mavericks_2015,ellismo01_2015,51.95190083144215,2008-2015
Dallas Mavericks_2015,feltora01_2015,16.76305461424021,2008-2015
Dallas Mavericks_2015,harride01_2015,41.048751503547585,2008-2015
Dallas Mavericks_2015,jefferi01_2015,35.270384177096794,2008-2015
Dallas Mavericks_2015,nelsoja01_2015,24.166091947189145,2008-2015
Dallas Mavericks_2015,nowitdi01_2015,47.77028364998475,2008-2015
Dallas Mavericks_2015,parsoch01_2015,46.75467891024384,2008-2015
Dallas Mavericks_2015,poweldw01_2015,15.066519173319364,2008-2015
Dallas Mavericks_2015,rondora01_2015,36.318039594669756,2008-2015
Dallas Mavericks_2015,smithgr02_2015,19.05255888325765,2008-2015
Dallas Mavericks_2015,stoudam01_2015,19.493588689617926,2008-2015
Dallas Mavericks_2015,villach01_2015,26.038433132583073,2008-2015
Dallas Mavericks_2015,wrighbr03_2015,22.47220505424423,2008-2015
Dallas Mavericks_2016,anderju01_2016,25.436194683953808,2016-present
Dallas Mavericks_2016,bareajo01_2016,40.82891132518721,2016-present
Dallas Mavericks_2016,evansje01_2016,15.84297951775486,2016-present
Dallas Mavericks_2016,feltora01_2016,46.8187996428785,2016-present
Dallas Mavericks_2016,harride01_2016,35.77708763999664,2016-present
Dallas Mavericks_2016,jenkijo01_2016,13.892443989449804,2016-present
Dallas Mavericks_2016,leeda02_2016,20.808652046684813,2016-present
Dallas Mavericks_2016,matthwe02_2016,51.419840528729765,2016-present
Dallas Mavericks_2016,mcgeeja01_2016,19.235384061671343,2016-present
Dallas Mavericks_2016,mejrisa01_2016,19.924858845171276,2016-present
Dallas Mavericks_2016,nowitdi01_2016,48.620983124572874,2016-present
Dallas Mavericks_2016,pachuza01_2016,44.76605857119878,2016-present
Dallas Mavericks_2016,parsoch01_2016,42.41462012089699,2016-present
Dallas Mavericks_2016,poweldw01_2016,31.496031496047245,2016-present
Dallas Mavericks_2016,villach01_2016,25.787593916455254,2016-present
Dallas Mavericks_2016,willide01_2016,45.89117562233506,2016-present
Dallas Mavericks_2017,anderju01_2017,26.645825188948457,2016-present
Dallas Mavericks_2017,bareajo01_2017,27.76688675382964,2016-present
Dallas Mavericks_2017,barneha02_2017,52.94336596779619,2016-present
Dallas Mavericks_2017,bogutan01_2017,24.124676163629637,2016-present
Dallas Mavericks_2017,brussni01_2017,22.825424421026653,2016-present
Dallas Mavericks_2017,curryse01_2017,45.044422518220834,2016-present
Dallas Mavericks_2017,ferreyo01_2017,32.341923257592455,2016-present
Dallas Mavericks_2017,finnedo01_2017,40.52159917870962,2016-present
Dallas Mavericks_2017,hammoaj01_2017,12.767145334803704,2016-present
Dallas Mavericks_2017,harride01_2017,32.96968304366907,2016-present
Dallas Mavericks_2017,matthwe02_2017,49.949974974968704,2016-present
Dallas Mavericks_2017,mejrisa01_2017,30.083217912982647,2016-present
Dallas Mavericks_2017,noelne01_2017,21.97726097583591,2016-present
Dallas Mavericks_2017,nowitdi01_2017,37.73592452822641,2016-present
Dallas Mavericks_2017,poweldw01_2017,36.51027252705737,2016-present
Dallas Mavericks_2017,willide01_2017,34.219877264537345,2016-present
Dallas Mavericks_2018,bareajo01_2018,40.0374824383352,2016-present
Dallas Mavericks_2018,barneha02_2018,51.32250968142536,2016-present
Dallas Mavericks_2018,colliky01_2018,21.908902300206645,2016-present
Dallas Mavericks_2018,ferreyo01_2018,47.77028364998475,2016-present
Dallas Mavericks_2018,finnedo01_2018,21.166010488516726,2016-present
Dallas Mavericks_2018,harride01_2018,28.407745422683583,2016-present
Dallas Mavericks_2018,klebima01_2018,34.72751070837067,2016-present
Dallas Mavericks_2018,matthwe02_2018,46.16275555033516,2016-present
Dallas Mavericks_2018,mcderdo01_2018,24.413111231467404,2016-present
Dallas Mavericks_2018,mejrisa01_2018,27.0,2016-present
Dallas Mavericks_2018,noelne01_2018,21.72556098240043,2016-present
Dallas Mavericks_2018,nowitdi01_2018,43.58898943540674,2016-present
Dallas Mavericks_2018,poweldw01_2018,40.890096600521744,2016-present
Dallas Mavericks_2018,smithde03_2018,45.2658811910251,2016-present
Dallas Mavericks_2019,bareajo01_2019,27.422618401604176,2016-present
Dallas Mavericks_2019,barneha02_2019,39.7994974842648,2016-present
Dallas Mavericks_2019,broekry01_2019,21.283796653792763,2016-present
Dallas Mavericks_2019,brunsja01_2019,39.88734135035826,2016-present
Dallas Mavericks_2019,burketr01_2019,20.8806130178211,2016-present
Dallas Mavericks_2019,doncilu01_2019,48.14561246884289,2016-present
Dallas Mavericks_2019,finnedo01_2019,44.553338819890925,2016-present
Dallas Mavericks_2019,harride01_2019,32.72613634390714,2016-present
Dallas Mavericks_2019,jacksju01_2019,23.043437243605826,2016-present
Dallas Mavericks_2019,jordade01_2019,39.42080668885405,2016-present
Dallas Mavericks_2019,klebima01_2019,38.7556447501522,2016-present
Dallas Mavericks_2019,leeco01_2019,16.3707055437449,2016-present
Dallas Mavericks_2019,matthwe02_2019,36.22154055254967,2016-present
Dallas Mavericks_2019,mejrisa01_2019,19.974984355438178,2016-present
Dallas Mavericks_2019,nowitdi01_2019,28.19574435974337,2016-present
Dallas Mavericks_2019,poweldw01_2019,40.76763422127902,2016-present
Dallas Mavericks_2019,smithde03_2019,30.133038346638727,2016-present
Dallas Mavericks_2020,bareajo01_2020,21.213203435596427,2016-present
Dallas Mavericks_2020,brunsja01_2020,31.96873472629156,2016-present
Dallas Mavericks_2020,curryse01_2020,39.698866482558415,2016-present
Dallas Mavericks_2020,doncilu01_2020,45.24378410345447,2016-present
Dallas Mavericks_2020,finnedo01_2020,46.04345773288535,2016-present
Dallas Mavericks_2020,hardati02_2020,45.727453460694704,2016-present
Dallas Mavericks_2020,jacksju01_2020,32.32645975048923,2016-present
Dallas Mavericks_2020,klebima01_2020,43.474130238568314,2016-present
Dallas Mavericks_2020,leeco01_2020,18.57417562100671,2016-present
Dallas Mavericks_2020,marjabo01_2020,20.54263858417414,2016-present
Dallas Mavericks_2020,porzikr01_2020,42.59107887809371,2016-present
Dallas Mavericks_2020,poweldw01_2020,32.57299494980466,2016-present
Dallas Mavericks_2020,wrighde01_2020,39.6232255123179,2016-present
Dallas Mavericks_2021,brunsja01_2021,41.19465984809196,2016-present
Dallas Mavericks_2021,burketr01_2021,30.18277654557314,2016-present
Dallas Mavericks_2021,caulewi01_2021,30.099833886584822,2016-present
Dallas Mavericks_2021,doncilu01_2021,47.56048780237646,2016-present
Dallas Mavericks_2021,finnedo01_2021,43.829214001622255,2016-present
Dallas Mavericks_2021,greenjo02_2021,21.095023109728988,2016-present
Dallas Mavericks_2021,hardati02_2021,44.553338819890925,2016-present
Dallas Mavericks_2021,hintona01_2021,9.643650760992955,2016-present
Dallas Mavericks_2021,iwundwe01_2021,16.97056274847714,2016-present
Dallas Mavericks_2021,johnsja01_2021,22.44994432064365,2016-present
Dallas Mavericks_2021,klebima01_2021,36.61966684720111,2016-present
Dallas Mavericks_2021,marjabo01_2021,16.46207763315433,2016-present
Dallas Mavericks_2021,mellini01_2021,18.027756377319946,2016-present
Dallas Mavericks_2021,porzikr01_2021,36.42801120017397,2016-present
Dallas Mavericks_2021,poweldw01_2021,31.080540535840107,2016-present
Dallas Mavericks_2021,richajo01_2021,42.30839160261236,2016-present
Dallas Mavericks_2022,bertada01_2022,17.4928556845359,2016-present
Dallas Mavericks_2022,brownmo01_2022,13.0,2016-present
Dallas Mavericks_2022,brownst02_2022,25.059928172283335,2016-present
Dallas Mavericks_2022,brunsja01_2022,50.23942674832188,2016-present
Dallas Mavericks_2022,bullore01_2022,43.61192497471305,2016-present
Dallas Mavericks_2022,burketr01_2022,21.0,2016-present
Dallas Mavericks_2022,chrisma01_2022,18.601075237738275,2016-present
Dallas Mavericks_2022,dinwisp01_2022,25.495097567963924,2016-present
Dallas Mavericks_2022,doncilu01_2022,47.968739820845826,2016-present
Dallas Mavericks_2022,finnedo01_2022,51.419840528729765,2016-present
Dallas Mavericks_2022,greenjo02_2022,32.2335229225724,2016-present
Dallas Mavericks_2022,hardati02_2022,35.2845575287547,2016-present
Dallas Mavericks_2022,klebima01_2022,38.07886552931954,2016-present
Dallas Mavericks_2022,marjabo01_2022,11.313708498984761,2016-present
Dallas Mavericks_2022,ntilila01_2022,26.1725046566048,2016-present
Dallas Mavericks_2022,porzikr01_2022,31.654383582688826,2016-present
Dallas Mavericks_2022,poweldw01_2022,42.40283009422838,2016-present
Dallas Mavericks_2023,bertada01_2023,22.181073012818835,2016-present
Dallas Mavericks_2023,bullore01_2023,48.620983124572874,2016-present
Dallas Mavericks_2023,dinwisp01_2023,42.5205832509386,2016-present
Dallas Mavericks_2023,doncilu01_2023,48.8978527135906,2016-present
Dallas Mavericks_2023,finnedo01_2023,35.888716889852724,2016-present
Dallas Mavericks_2023,greenjo02_2023,39.230090491866065,2016-present
Dallas Mavericks_2023,hardati02_2023,46.389654018972806,2016-present
Dallas Mavericks_2023,hardyja02_2023,26.60826939130014,2016-present
Dallas Mavericks_2023,klebima01_2023,30.495901363953813,2016-present
Dallas Mavericks_2023,mcgeeja01_2023,18.841443681416774,2016-present
Dallas Mavericks_2023,ntilila01_2023,24.63736998950984,2016-present
Dallas Mavericks_2023,pinsoth01_2023,17.97220075561143,2016-present
Dallas Mavericks_2023,poweldw01_2023,38.18376618407357,2016-present
Dallas Mavericks_2023,woodch01_2023,41.689327171351664,2016-present
Dallas Mavericks_2023,wrighmc01_2023,18.303005217723125,2016-present
Dallas Mavericks_2024,curryse01_2024,21.37755832643195,2016-present
Dallas Mavericks_2024,doncilu01_2024,51.22499389946279,2016-present
Dallas Mavericks_2024,exumda01_2024,32.984845004941285,2016-present
Dallas Mavericks_2024,gaffoda01_2024,24.95996794869737,2016-present
Dallas Mavericks_2024,greenjo02_2024,38.79432948254165,2016-present
Dallas Mavericks_2024,hardati02_2024,46.04345773288535,2016-present
Dallas Mavericks_2024,hardyja02_2024,31.448370387032774,2016-present
Dallas Mavericks_2024,holmeri01_2024,15.394804318340652,2016-present
Dallas Mavericks_2024,irvinky01_2024,45.05552130427524,2016-present
Dallas Mavericks_2024,jonesde02_2024,42.22558466143482,2016-present
Dallas Mavericks_2024,klebima01_2024,29.512709126747414,2016-present
Dallas Mavericks_2024,lawsoaj01_2024,17.635192088548397,2016-present
Dallas Mavericks_2024,livelde01_2024,35.9722114972099,2016-present
Dallas Mavericks_2024,morrima02_2024,14.696938456699069,2016-present
Dallas Mavericks_2024,poweldw01_2024,28.91366458960192,2016-present
Dallas Mavericks_2024,prospol01_2024,18.33030277982336,2016-present
Dallas Mavericks_2024,washipj01_2024,30.577769702841312,2016-present
Dallas Mavericks_2024,willigr01_2024,35.24202037341219,2016-present
Dallas Mavericks_2025,chrisma02_2025,31.192947920964443,2016-present
Dallas Mavericks_2025,dinwisp01_2025,46.216880033165374,2016-present
Dallas Mavericks_2025,doncilu01_2025,28.0178514522438,2016-present
Dallas Mavericks_2025,edwarke02_2025,24.657656011875904,2016-present
Dallas Mavericks_2025,gaffoda01_2025,35.014282800023196,2016-present
Dallas Mavericks_2025,grimequ01_2025,32.71085446759225,2016-present
Dallas Mavericks_2025,hardyja02_2025,30.116440692751194,2016-present
Dallas Mavericks_2025,irvinky01_2025,42.473521163190604,2016-present
Dallas Mavericks_2025,klebima01_2025,25.238858928247925,2016-present
Dallas Mavericks_2025,livelde01_2025,28.861739379323623,2016-present
Dallas Mavericks_2025,marshna01_2025,43.80639222761902,2016-present
Dallas Mavericks_2025,poweldw01_2025,23.473389188611005,2016-present
Dallas Mavericks_2025,prospol01_2025,24.166091947189145,2016-present
Dallas Mavericks_2025,thompkl01_2025,44.328320518603,2016-present
Dallas Mavericks_2025,washipj01_2025,42.83689998120779,2016-present
Dallas Mavericks_2025,willibr03_2025,22.06807649071391,2016-present
Denver Nuggets_1999,alexaco01_1999,27.892651361962706,1999-2007
Denver Nuggets_1999,billuch01_1999,38.57460304397182,1999-2007
Denver Nuggets_1999,clarkke01_1999,20.223748416156685,1999-2007
Denver Nuggets_1999,fortsda01_1999,37.64306044943742,1999-2007
Denver Nuggets_1999,herreca01_1999,16.278820596099706,1999-2007
Denver Nuggets_1999,mcdyean01_1999,44.01136216933077,1999-2007
Denver Nuggets_1999,stithbr01_1999,34.55430508634199,1999-2007
Denver Nuggets_1999,taylojo01_1999,26.90724809414742,1999-2007
Denver Nuggets_1999,vanexni01_1999,42.44997055358225,1999-2007
Denver Nuggets_1999,washier01_1999,27.586228448267445,1999-2007
Denver Nuggets_1999,willier01_1999,27.92848008753788,1999-2007
Denver Nuggets_2000,alexaco01_2000,18.138357147217054,1999-2007
Denver Nuggets_2000,bowenry01_2000,24.269322199023193,1999-2007
Denver Nuggets_2000,clarkke01_2000,43.01162633521314,1999-2007
Denver Nuggets_2000,gatlich01_2000,27.748873851023216,1999-2007
Denver Nuggets_2000,herrech01_2000,24.43358344574123,1999-2007
Denver Nuggets_2000,jonespo01_2000,18.16590212458495,1999-2007
Denver Nuggets_2000,lafrera01_2000,49.34571916590131,1999-2007
Denver Nuggets_2000,mccloge01_2000,46.021733996015406,1999-2007
Denver Nuggets_2000,mcdyean01_2000,51.94227565288221,1999-2007
Denver Nuggets_2000,mercero01_2000,37.52332607858744,1999-2007
Denver Nuggets_2000,poseyja01_2000,45.2990066116245,1999-2007
Denver Nuggets_2000,rogerro02_2000,18.841443681416774,1999-2007
Denver Nuggets_2000,stithbr01_2000,26.28687885618983,1999-2007
Denver Nuggets_2000,vanexni01_2000,54.31390245600108,1999-2007
Denver Nuggets_2001,abdulta01_2001,20.493901531919196,1999-2007
Denver Nuggets_2001,bowenry01_2001,26.38181191654584,1999-2007
Denver Nuggets_2001,clarkke01_2001,27.422618401604176,1999-2007
Denver Nuggets_2001,lafrera01_2001,49.56813492557492,1999-2007
Denver Nuggets_2001,lenarvo01_2001,48.28043081829324,1999-2007
Denver Nuggets_2001,mccloge01_2001,44.799553569204235,1999-2007
Denver Nuggets_2001,mcdyean01_2001,50.547007824400445,1999-2007
Denver Nuggets_2001,packro01_2001,35.4964786985977,1999-2007
Denver Nuggets_2001,poseyja01_2001,47.486840282335066,1999-2007
Denver Nuggets_2001,stricma01_2001,22.737634001804146,1999-2007
Denver Nuggets_2001,vanexni01_2001,51.84592558726288,1999-2007
Denver Nuggets_2001,willike02_2001,32.54228019054596,1999-2007
Denver Nuggets_2002,anderch01_2002,16.186414056238647,1999-2007
Denver Nuggets_2002,bateeme01_2002,20.199009876724155,1999-2007
Denver Nuggets_2002,bowenry01_2002,41.060930335295616,1999-2007
Denver Nuggets_2002,cheanca01_2002,40.38564101261734,1999-2007
Denver Nuggets_2002,hamilze01_2002,29.120439557122072,1999-2007
Denver Nuggets_2002,harvedo01_2002,26.057628441590765,1999-2007
Denver Nuggets_2002,howarju01_2002,31.240998703626616,1999-2007
Denver Nuggets_2002,johnsav01_2002,34.64101615137755,1999-2007
Denver Nuggets_2002,lafrera01_2002,40.84115571332428,1999-2007
Denver Nuggets_2002,lenarvo01_2002,40.80441152620633,1999-2007
Denver Nuggets_2002,mccloge01_2002,42.77849927241488,1999-2007
Denver Nuggets_2002,poseyja01_2002,47.30750469005948,1999-2007
Denver Nuggets_2002,satteke01_2002,23.664319132398465,1999-2007
Denver Nuggets_2002,scottsh01_2002,15.874507866387544,1999-2007
Denver Nuggets_2002,vanexni01_2002,41.701318923986086,1999-2007
Denver Nuggets_2002,willisc01_2002,27.147743920996454,1999-2007
Denver Nuggets_2003,anderch01_2003,30.116440692751194,1999-2007
Denver Nuggets_2003,blounma01_2003,29.748949561287034,1999-2007
Denver Nuggets_2003,bowenry01_2003,31.559467676119,1999-2007
Denver Nuggets_2003,cambyma01_2003,24.819347291981714,1999-2007
Denver Nuggets_2003,harriju01_2003,44.75488800120049,1999-2007
Denver Nuggets_2003,harvedo01_2003,40.162171256046406,1999-2007
Denver Nuggets_2003,hilarne01_2003,47.51841748206689,1999-2007
Denver Nuggets_2003,howarju01_2003,52.24940191045253,1999-2007
Denver Nuggets_2003,poseyja01_2003,29.5296461204668,1999-2007
Denver Nuggets_2003,satteke01_2003,20.493901531919196,1999-2007
Denver Nuggets_2003,savovpr01_2003,16.0,1999-2007
Denver Nuggets_2003,tskitni01_2003,36.3318042491699,1999-2007
Denver Nuggets_2003,whitero02_2003,39.534794801541594,1999-2007
Denver Nuggets_2003,whitnch01_2003,27.60434748368452,1999-2007
Denver Nuggets_2003,willish01_2003,26.68332812825267,1999-2007
Denver Nuggets_2003,yarbrvi01_2003,37.16180835212409,1999-2007
Denver Nuggets_2004,anderch01_2004,32.07802986469088,1999-2007
Denver Nuggets_2004,anthoca01_2004,54.72659317004851,1999-2007
Denver Nuggets_2004,barryjo01_2004,33.18132004607411,1999-2007
Denver Nuggets_2004,bowenry01_2004,19.79898987322333,1999-2007
Denver Nuggets_2004,boykiea01_2004,43.0,1999-2007
Denver Nuggets_2004,cambyma01_2004,46.49731175025068,1999-2007
Denver Nuggets_2004,doleami01_2004,18.547236990991408,1999-2007
Denver Nuggets_2004,elsonfr01_2004,29.58039891549808,1999-2007
Denver Nuggets_2004,hilarne01_2004,50.039984012787215,1999-2007
Denver Nuggets_2004,lenarvo01_2004,47.25462940284264,1999-2007
Denver Nuggets_2004,millean02_2004,53.27288240746881,1999-2007
Denver Nuggets_2004,tskitni01_2004,17.52141546793523,1999-2007
Denver Nuggets_2004,whitero02_2004,31.38470965295043,1999-2007
Denver Nuggets_2005,anthoca01_2005,51.068581339214816,1999-2007
Denver Nuggets_2005,boykiea01_2005,46.49731175025068,1999-2007
Denver Nuggets_2005,buckngr01_2005,39.01281840626232,1999-2007
Denver Nuggets_2005,cambyma01_2005,44.88875137492688,1999-2007
Denver Nuggets_2005,elsonfr01_2005,30.643106892089126,1999-2007
Denver Nuggets_2005,hilarne01_2005,36.29049462324811,1999-2007
Denver Nuggets_2005,johnsde03_2005,35.09985754956849,1999-2007
Denver Nuggets_2005,martike01_2005,47.66550115125194,1999-2007
Denver Nuggets_2005,millean02_2005,53.40411969127476,1999-2007
Denver Nuggets_2005,najered01_2005,23.979157616563597,1999-2007
Denver Nuggets_2005,persowe01_2005,21.470910553583888,1999-2007
Denver Nuggets_2005,russebr01_2005,32.03123475609393,1999-2007
Denver Nuggets_2005,tskitni01_2005,12.569805089976535,1999-2007
Denver Nuggets_2005,whitero02_2005,23.043437243605826,1999-2007
Denver Nuggets_2006,anthoca01_2006,54.230987451824994,1999-2007
Denver Nuggets_2006,boykiea01_2006,39.26830783214372,1999-2007
Denver Nuggets_2006,buckngr01_2006,41.92851058647326,1999-2007
Denver Nuggets_2006,cambyma01_2006,43.09292285283048,1999-2007
Denver Nuggets_2006,elsonfr01_2006,39.736632972611055,1999-2007
Denver Nuggets_2006,evansre01_2006,24.596747752497688,1999-2007
Denver Nuggets_2006,johnsde03_2006,30.397368307141328,1999-2007
Denver Nuggets_2006,kleizli01_2006,22.781571499789035,1999-2007
Denver Nuggets_2006,martike01_2006,39.319206502675,1999-2007
Denver Nuggets_2006,millean02_2006,54.194095619356915,1999-2007
Denver Nuggets_2006,najered01_2006,38.06573262134856,1999-2007
Denver Nuggets_2006,patteru01_2006,27.129319932501073,1999-2007
Denver Nuggets_2006,watsoea01_2006,31.22498999199199,1999-2007
Denver Nuggets_2007,anthoca01_2007,49.85980344927164,1999-2007
Denver Nuggets_2007,blakest01_2007,40.52159917870962,1999-2007
Denver Nuggets_2007,boykiea01_2007,29.614185789921695,1999-2007
Denver Nuggets_2007,cambyma01_2007,48.67237409455183,1999-2007
Denver Nuggets_2007,diawaya01_2007,34.307433596816885,1999-2007
Denver Nuggets_2007,evansre01_2007,33.57082066318904,1999-2007
Denver Nuggets_2007,hilarne01_2007,41.41255848169731,1999-2007
Denver Nuggets_2007,iversal01_2007,46.05431575867782,1999-2007
Denver Nuggets_2007,johnsde03_2007,20.46948949045872,1999-2007
Denver Nuggets_2007,kleizli01_2007,38.57460304397182,1999-2007
Denver Nuggets_2007,millean02_2007,28.6705423736629,1999-2007
Denver Nuggets_2007,najered01_2007,40.718546143004666,1999-2007
Denver Nuggets_2007,sampsja01_2007,11.180339887498949,1999-2007
Denver Nuggets_2007,smithjr01_2007,38.353617821530214,1999-2007
Denver Nuggets_2008,anthoca01_2008,52.97169055259611,2008-2015
Denver Nuggets_2008,atkinch01_2008,18.76166303929372,2008-2015
Denver Nuggets_2008,cambyma01_2008,52.51666402200353,2008-2015
Denver Nuggets_2008,cartean01_2008,44.27188724235731,2008-2015
Denver Nuggets_2008,diawaya01_2008,23.280893453645632,2008-2015
Denver Nuggets_2008,iversal01_2008,58.51495535331117,2008-2015
Denver Nuggets_2008,jonesbo02_2008,14.89966442575134,2008-2015
Denver Nuggets_2008,kleizli01_2008,43.46262762420146,2008-2015
Denver Nuggets_2008,martike01_2008,46.46504062195577,2008-2015
Denver Nuggets_2008,najered01_2008,40.792156108742276,2008-2015
Denver Nuggets_2008,smithjr01_2008,37.69615364994153,2008-2015
Denver Nuggets_2008,wafervo01_2008,9.486832980505138,2008-2015
Denver Nuggets_2009,anderch01_2009,38.2099463490856,2008-2015
Denver Nuggets_2009,anthoca01_2009,47.7179211617606,2008-2015
Denver Nuggets_2009,balkmre01_2009,27.92848008753788,2008-2015
Denver Nuggets_2009,billuch01_2009,52.14403129793476,2008-2015
Denver Nuggets_2009,cartean01_2009,42.2729227756965,2008-2015
Denver Nuggets_2009,hilarne01_2009,50.0999001995014,2008-2015
Denver Nuggets_2009,jonesda02_2009,37.76241517699841,2008-2015
Denver Nuggets_2009,kleizli01_2009,42.708313008125245,2008-2015
Denver Nuggets_2009,martike01_2009,45.94562003064057,2008-2015
Denver Nuggets_2009,petrojo01_2009,14.730919862656235,2008-2015
Denver Nuggets_2009,smithjr01_2009,47.38143096192854,2008-2015
Denver Nuggets_2010,afflaar01_2010,47.12748667179272,2008-2015
Denver Nuggets_2010,allenma01_2010,21.354156504062622,2008-2015
Denver Nuggets_2010,anderch01_2010,41.1703777004778,2008-2015
Denver Nuggets_2010,anthoca01_2010,51.32250968142536,2008-2015
Denver Nuggets_2010,billuch01_2010,49.8998997994986,2008-2015
Denver Nuggets_2010,cartean01_2010,29.30870177950569,2008-2015
Denver Nuggets_2010,grahajo01_2010,27.54995462791182,2008-2015
Denver Nuggets_2010,hilarne01_2010,52.48809388804284,2008-2015
Denver Nuggets_2010,lawsoty01_2010,36.30426972134269,2008-2015
Denver Nuggets_2010,martike01_2010,44.56455991031439,2008-2015
Denver Nuggets_2010,petrojo01_2010,20.8806130178211,2008-2015
Denver Nuggets_2010,smithjr01_2010,45.628938186199335,2008-2015
Denver Nuggets_2011,afflaar01_2011,48.2078831727758,2008-2015
Denver Nuggets_2011,anderch01_2011,27.055498516937366,2008-2015
Denver Nuggets_2011,anthoca01_2011,42.118879377305376,2008-2015
Denver Nuggets_2011,billuch01_2011,40.570925550201586,2008-2015
Denver Nuggets_2011,chandwi01_2011,25.337718918639855,2008-2015
Denver Nuggets_2011,elyme01_2011,19.131126469708992,2008-2015
Denver Nuggets_2011,feltora01_2011,25.748786379167466,2008-2015
Denver Nuggets_2011,forbega01_2011,28.124722220850465,2008-2015
Denver Nuggets_2011,harrial01_2011,40.80441152620633,2008-2015
Denver Nuggets_2011,hilarne01_2011,47.86439177509728,2008-2015
Denver Nuggets_2011,lawsoty01_2011,45.858477951192405,2008-2015
Denver Nuggets_2011,martike01_2011,35.11409973215888,2008-2015
Denver Nuggets_2011,smithjr01_2011,44.36214602563767,2008-2015
Denver Nuggets_2011,willish02_2011,26.70205984563738,2008-2015
Denver Nuggets_2012,afflaar01_2012,45.67274898667694,2008-2015
Denver Nuggets_2012,anderch01_2012,22.045407685048602,2008-2015
Denver Nuggets_2012,breweco01_2012,35.874782229304195,2008-2015
Denver Nuggets_2012,farieke01_2012,32.202484376209235,2008-2015
Denver Nuggets_2012,fernaru01_2012,26.645825188948457,2008-2015
Denver Nuggets_2012,gallida01_2012,36.75595189897821,2008-2015
Denver Nuggets_2012,hamiljo02_2012,16.06237840420901,2008-2015
Denver Nuggets_2012,harrial01_2012,41.96427051671457,2008-2015
Denver Nuggets_2012,hilarne01_2012,28.74021572639983,2008-2015
Denver Nuggets_2012,koufoko01_2012,28.142494558940577,2008-2015
Denver Nuggets_2012,lawsoty01_2012,46.08687448721165,2008-2015
Denver Nuggets_2012,millean02_2012,42.532340636273474,2008-2015
Denver Nuggets_2012,mozgoti01_2012,26.210684844162312,2008-2015
Denver Nuggets_2012,stoneju01_2012,13.379088160259652,2008-2015
Denver Nuggets_2013,breweco01_2013,44.75488800120049,2008-2015
Denver Nuggets_2013,chandwi01_2013,32.848135411313685,2008-2015
Denver Nuggets_2013,farieke01_2013,47.41307836451879,2008-2015
Denver Nuggets_2013,fournev01_2013,20.688160865577203,2008-2015
Denver Nuggets_2013,gallida01_2013,48.05205510693585,2008-2015
Denver Nuggets_2013,hamiljo02_2013,19.924858845171276,2008-2015
Denver Nuggets_2013,iguodan01_2013,52.716221412388805,2008-2015
Denver Nuggets_2013,koufoko01_2013,42.62628297189423,2008-2015
Denver Nuggets_2013,lawsoty01_2013,50.12983143797713,2008-2015
Denver Nuggets_2013,mcgeeja01_2013,37.8549864614954,2008-2015
Denver Nuggets_2013,millean02_2013,46.37887450122092,2008-2015
Denver Nuggets_2013,mozgoti01_2013,19.131126469708992,2008-2015
Denver Nuggets_2013,randoan01_2013,18.138357147217054,2008-2015
Denver Nuggets_2014,arthuda01_2014,34.07345007480164,2008-2015
Denver Nuggets_2014,brookaa01_2014,29.0,2008-2015
Denver Nuggets_2014,chandwi01_2014,43.89760813529594,2008-2015
Denver Nuggets_2014,farieke01_2014,46.66904755831214,2008-2015
Denver Nuggets_2014,fournev01_2014,38.768543949960254,2008-2015
Denver Nuggets_2014,foyera01_2014,49.84977432245807,2008-2015
Denver Nuggets_2014,hamiljo02_2014,25.88435821108957,2008-2015
Denver Nuggets_2014,hicksjj01_2014,43.116122274620196,2008-2015
Denver Nuggets_2014,lawsoty01_2014,47.138094997570704,2008-2015
Denver Nuggets_2014,millean02_2014,23.874672772626646,2008-2015
Denver Nuggets_2014,millequ01_2014,28.089143810376278,2008-2015
Denver Nuggets_2014,mozgoti01_2014,42.07136793592526,2008-2015
Denver Nuggets_2014,randoan01_2014,22.956480566497994,2008-2015
Denver Nuggets_2014,robinna01_2014,29.427877939124322,2008-2015
Denver Nuggets_2014,veselja01_2014,17.4928556845359,2008-2015
Denver Nuggets_2015,afflaar01_2015,41.83300132670378,2008-2015
Denver Nuggets_2015,arthuda01_2015,31.432467291003423,2008-2015
Denver Nuggets_2015,bartowi01_2015,26.13426869074396,2008-2015
Denver Nuggets_2015,chandwi01_2015,49.70915408654627,2008-2015
Denver Nuggets_2015,farieke01_2015,45.67274898667694,2008-2015
Denver Nuggets_2015,foyera01_2015,32.96968304366907,2008-2015
Denver Nuggets_2015,gallida01_2015,37.76241517699841,2008-2015
Denver Nuggets_2015,geeal01_2015,22.60530911091463,2008-2015
Denver Nuggets_2015,greener01_2015,20.248456731316587,2008-2015
Denver Nuggets_2015,harriga01_2015,26.814175355583846,2008-2015
Denver Nuggets_2015,hicksjj01_2015,37.5632799419859,2008-2015
Denver Nuggets_2015,lauvejo01_2015,16.3707055437449,2008-2015
Denver Nuggets_2015,lawsoty01_2015,51.62363799656123,2008-2015
Denver Nuggets_2015,mozgoti01_2015,29.949958263743873,2008-2015
Denver Nuggets_2015,nelsoja01_2015,26.49528259898354,2008-2015
Denver Nuggets_2015,nurkiju01_2015,33.21144381083123,2008-2015
Denver Nuggets_2015,robinna01_2015,21.563858652847824,2008-2015
Denver Nuggets_2016,arthuda01_2016,38.93584466786357,2016-present
Denver Nuggets_2016,augusdj01_2016,25.67099530598687,2016-present
Denver Nuggets_2016,bartowi01_2016,48.507731342539614,2016-present
Denver Nuggets_2016,farieke01_2016,41.15823125451335,2016-present
Denver Nuggets_2016,foyera01_2016,32.71085446759225,2016-present
Denver Nuggets_2016,gallida01_2016,42.883563284783136,2016-present
Denver Nuggets_2016,harriga01_2016,49.38623289946298,2016-present
Denver Nuggets_2016,jokicni01_2016,41.6293165929973,2016-present
Denver Nuggets_2016,lauvejo01_2016,32.264531609803356,2016-present
Denver Nuggets_2016,millemi01_2016,19.313207915827967,2016-present
Denver Nuggets_2016,mudiaem01_2016,45.47526800360829,2016-present
Denver Nuggets_2016,nelsoja01_2016,32.18695387886216,2016-present
Denver Nuggets_2016,nurkiju01_2016,23.388031127053,2016-present
Denver Nuggets_2016,papanko01_2016,17.146428199482248,2016-present
Denver Nuggets_2016,sampsja02_2016,21.656407827707714,2016-present
Denver Nuggets_2016,toupaax01_2016,17.46424919657298,2016-present
Denver Nuggets_2017,arthuda01_2017,25.278449319529077,2016-present
Denver Nuggets_2017,bartowi01_2017,41.291645644125154,2016-present
Denver Nuggets_2017,beaslma01_2017,12.84523257866513,2016-present
Denver Nuggets_2017,chandwi01_2017,46.87216658103186,2016-present
Denver Nuggets_2017,farieke01_2017,36.0,2016-present
Denver Nuggets_2017,gallida01_2017,46.195237849804386,2016-present
Denver Nuggets_2017,harriga01_2017,42.21374183841087,2016-present
Denver Nuggets_2017,hernaju01_2017,29.017236257093817,2016-present
Denver Nuggets_2017,jokicni01_2017,45.14421336118285,2016-present
Denver Nuggets_2017,mudiaem01_2017,37.49666651850535,2016-present
Denver Nuggets_2017,murraja01_2017,42.0,2016-present
Denver Nuggets_2017,nelsoja01_2017,45.221676218380054,2016-present
Denver Nuggets_2017,nurkiju01_2017,28.407745422683583,2016-present
Denver Nuggets_2017,plumlma01_2017,25.13961017995307,2016-present
Denver Nuggets_2018,bartowi01_2018,51.79768334587948,2016-present
Denver Nuggets_2018,beaslma01_2018,24.145392935299274,2016-present
Denver Nuggets_2018,chandwi01_2018,48.43552415324934,2016-present
Denver Nuggets_2018,craigto01_2018,25.079872407968907,2016-present
Denver Nuggets_2018,farieke01_2018,21.470910553583888,2016-present
Denver Nuggets_2018,harride01_2018,23.08679276123039,2016-present
Denver Nuggets_2018,harriga01_2018,48.0,2016-present
Denver Nuggets_2018,hernaju01_2018,16.64331697709324,2016-present
Denver Nuggets_2018,jokicni01_2018,49.42671342502959,2016-present
Denver Nuggets_2018,lylestr01_2018,37.296112397943034,2016-present
Denver Nuggets_2018,millspa01_2018,33.80828300875393,2016-present
Denver Nuggets_2018,mudiaem01_2018,27.422618401604176,2016-present
Denver Nuggets_2018,murraja01_2018,50.6458290484024,2016-present
Denver Nuggets_2018,plumlma01_2018,37.93415347678132,2016-present
Denver Nuggets_2019,bartowi01_2019,34.48187929913333,2016-present
Denver Nuggets_2019,beaslma01_2019,43.347433603386484,2016-present
Denver Nuggets_2019,craigto01_2019,38.768543949960254,2016-present
Denver Nuggets_2019,harriga01_2019,40.48456495999432,2016-present
Denver Nuggets_2019,hernaju01_2019,36.851051545376556,2016-present
Denver Nuggets_2019,jokicni01_2019,50.039984012787215,2016-present
Denver Nuggets_2019,lydonty01_2019,9.695359714832659,2016-present
Denver Nuggets_2019,lylestr01_2019,33.46640106136302,2016-present
Denver Nuggets_2019,millspa01_2019,43.53159771935783,2016-present
Denver Nuggets_2019,morrimo01_2019,44.384682042344295,2016-present
Denver Nuggets_2019,murraja01_2019,49.467160824126545,2016-present
Denver Nuggets_2019,plumlma01_2019,41.60528812542944,2016-present
Denver Nuggets_2020,bartowi01_2020,43.77213725647858,2016-present
Denver Nuggets_2020,beaslma01_2020,27.313000567495326,2016-present
Denver Nuggets_2020,craigto01_2020,32.7414110874898,2016-present
Denver Nuggets_2020,doziepj01_2020,20.29778313018444,2016-present
Denver Nuggets_2020,grantje01_2020,43.497126341863094,2016-present
Denver Nuggets_2020,harriga01_2020,42.190046219457976,2016-present
Denver Nuggets_2020,hernaju01_2020,20.54263858417414,2016-present
Denver Nuggets_2020,jokicni01_2020,48.33218389437829,2016-present
Denver Nuggets_2020,millspa01_2020,35.21363372331802,2016-present
Denver Nuggets_2020,morrimo01_2020,40.44749683231337,2016-present
Denver Nuggets_2020,murraja01_2020,43.634848458542855,2016-present
Denver Nuggets_2020,plumlma01_2020,32.51153641401772,2016-present
Denver Nuggets_2020,portemi01_2020,30.04995840263344,2016-present
Denver Nuggets_2021,bartowi01_2021,41.66533331199932,2016-present
Denver Nuggets_2021,bolbo01_2021,12.649110640673518,2016-present
Denver Nuggets_2021,campafa01_2021,37.749172176353746,2016-present
Denver Nuggets_2021,cancavl01_2021,16.76305461424021,2016-present
Denver Nuggets_2021,doziepj01_2021,32.984845004941285,2016-present
Denver Nuggets_2021,gordoaa01_2021,25.45584412271571,2016-present
Denver Nuggets_2021,greenja01_2021,33.46640106136302,2016-present
Denver Nuggets_2021,hamptrj01_2021,15.264337522473747,2016-present
Denver Nuggets_2021,harteis01_2021,16.492422502470642,2016-present
Denver Nuggets_2021,howarma02_2021,14.317821063276353,2016-present
Denver Nuggets_2021,jokicni01_2021,49.879855653359705,2016-present
Denver Nuggets_2021,millspa01_2021,34.08812109811862,2016-present
Denver Nuggets_2021,morrimo01_2021,34.583232931581165,2016-present
Denver Nuggets_2021,murraja01_2021,41.27953488110059,2016-present
Denver Nuggets_2021,nnajize01_2021,19.924858845171276,2016-present
Denver Nuggets_2021,portemi01_2021,43.726422218150894,2016-present
Denver Nuggets_2022,bartowi01_2022,47.7179211617606,2016-present
Denver Nuggets_2022,campafa01_2022,34.40930106817051,2016-present
Denver Nuggets_2022,couside01_2022,20.760539492026695,2016-present
Denver Nuggets_2022,forbebr01_2022,24.698178070456937,2016-present
Denver Nuggets_2022,gordoaa01_2022,48.744230427815765,2016-present
Denver Nuggets_2022,greenja01_2022,32.93933818400121,2016-present
Denver Nuggets_2022,greenje02_2022,43.0,2016-present
Denver Nuggets_2022,howarma02_2022,13.2664991614216,2016-present
Denver Nuggets_2022,hylanbo01_2022,36.193922141707716,2016-present
Denver Nuggets_2022,jokicni01_2022,49.759421218498915,2016-present
Denver Nuggets_2022,morrimo01_2022,47.31807265728392,2016-present
Denver Nuggets_2022,nnajize01_2022,26.419689627245813,2016-present
Denver Nuggets_2022,reedda01_2022,25.84569596664017,2016-present
Denver Nuggets_2022,riverau01_2022,38.47076812334269,2016-present
Denver Nuggets_2023,braunch01_2023,34.36568055487916,2016-present
Denver Nuggets_2023,brownbr01_2023,47.74934554525329,2016-present
Denver Nuggets_2023,caldwke01_2023,48.79549159502341,2016-present
Denver Nuggets_2023,cancavl01_2023,29.816103031751148,2016-present
Denver Nuggets_2023,gordoaa01_2023,45.332107826572546,2016-present
Denver Nuggets_2023,greenje02_2023,33.03028912982749,2016-present
Denver Nuggets_2023,hylanbo01_2023,28.635642126552707,2016-present
Denver Nuggets_2023,jokicni01_2023,48.19751030914356,2016-present
Denver Nuggets_2023,jordade01_2023,24.20743687382041,2016-present
Denver Nuggets_2023,murraja01_2023,46.184412955021955,2016-present
Denver Nuggets_2023,nnajize01_2023,26.981475126464083,2016-present
Denver Nuggets_2023,portemi01_2023,42.40283009422838,2016-present
Denver Nuggets_2023,reedda01_2023,17.74823934929885,2016-present
Denver Nuggets_2023,smithis01_2023,19.949937343260004,2016-present
Denver Nuggets_2023,watsope01_2023,13.638181696985855,2016-present
Denver Nuggets_2024,braunch01_2024,40.681691213615984,2016-present
Denver Nuggets_2024,caldwke01_2024,49.01020301937138,2016-present
Denver Nuggets_2024,gilleco01_2024,15.0,2016-present
Denver Nuggets_2024,gordoaa01_2024,47.92702786528704,2016-present
Denver Nuggets_2024,holidju01_2024,29.359836511806396,2016-present
Denver Nuggets_2024,jacksre01_2024,42.62628297189423,2016-present
Denver Nuggets_2024,jokicni01_2024,52.316345438113316,2016-present
Denver Nuggets_2024,jordade01_2024,19.8997487421324,2016-present
Denver Nuggets_2024,murraja01_2024,43.139309220245984,2016-present
Denver Nuggets_2024,nnajize01_2024,24.0,2016-present
Denver Nuggets_2024,pickeja02_2024,11.045361017187261,2016-present
Denver Nuggets_2024,portemi01_2024,50.6458290484024,2016-present
Denver Nuggets_2024,strawju01_2024,23.345235059857504,2016-present
Denver Nuggets_2024,watsope01_2024,38.57460304397182,2016-present
Denver Nuggets_2025,alexatr01_2025,10.816653826391969,2016-present
Denver Nuggets_2025,braunch01_2025,51.720402163943,2016-present
Denver Nuggets_2025,gordoaa01_2025,38.03945320322047,2016-present
Denver Nuggets_2025,jokicni01_2025,50.70502933634887,2016-present
Denver Nuggets_2025,jordade01_2025,26.28687885618983,2016-present
Denver Nuggets_2025,murraja01_2025,49.17316341257699,2016-present
Denver Nuggets_2025,nnajize01_2025,24.657656011875904,2016-present
Denver Nuggets_2025,pickeja02_2025,25.80697580112788,2016-present
Denver Nuggets_2025,portemi01_2025,50.92150822589606,2016-present
Denver Nuggets_2025,strawju01_2025,37.20215047547655,2016-present
Denver Nuggets_2025,tysonhu01_2025,20.0,2016-present
Denver Nuggets_2025,watsope01_2025,40.69397989875161,2016-present
Denver Nuggets_2025,westbru01_2025,45.73838650411709,2016-present
Detroit Pistons_1999,buechju01_1999,32.49615361854384,1999-2007
Detroit Pistons_1999,delebi01_1999,34.307433596816885,1999-2007
Detroit Pistons_1999,dumarjo01_1999,33.406586176980134,1999-2007
Detroit Pistons_1999,hillgr01_1999,43.034869582700026,1999-2007
Detroit Pistons_1999,hunteli01_1999,41.892720131306824,1999-2007
Detroit Pistons_1999,montrer01_1999,24.020824298928627,1999-2007
Detroit Pistons_1999,reiddo01_1999,30.577769702841312,1999-2007
Detroit Pistons_1999,stackje01_1999,34.46737587922817,1999-2007
Detroit Pistons_1999,vaughlo01_1999,21.93171219946131,1999-2007
Detroit Pistons_1999,willije01_1999,33.97057550292606,1999-2007
Detroit Pistons_2000,buechju01_2000,25.632011235952593,1999-2007
Detroit Pistons_2000,crottjo01_2000,30.610455730027933,1999-2007
Detroit Pistons_2000,currymi01_2000,40.13726448077895,1999-2007
Detroit Pistons_2000,hillgr01_2000,52.687759489277965,1999-2007
Detroit Pistons_2000,hunteli01_2000,54.0277706369604,1999-2007
Detroit Pistons_2000,laettch01_2000,49.42671342502959,1999-2007
Detroit Pistons_2000,millste01_2000,42.91852746774987,1999-2007
Detroit Pistons_2000,montrer01_2000,18.2208671582886,1999-2007
Detroit Pistons_2000,mooremi01_2000,22.090722034374522,1999-2007
Detroit Pistons_2000,reiddo01_2000,12.84523257866513,1999-2007
Detroit Pistons_2000,stackje01_2000,56.10704055642215,1999-2007
Detroit Pistons_2000,vaughlo01_2000,17.08800749063506,1999-2007
Detroit Pistons_2000,willije01_2000,45.8475735453906,1999-2007
Detroit Pistons_2001,atkinch01_2001,48.61069841094653,1999-2007
Detroit Pistons_2001,barroda01_2001,32.848135411313685,1999-2007
Detroit Pistons_2001,buechju01_2001,27.147743920996454,1999-2007
Detroit Pistons_2001,cleavma01_2001,35.608987629529715,1999-2007
Detroit Pistons_2001,currymi01_2001,38.535697735995385,1999-2007
Detroit Pistons_2001,montrer01_2001,23.83275057562597,1999-2007
Detroit Pistons_2001,mooremi01_2001,33.97057550292606,1999-2007
Detroit Pistons_2001,owensbi01_2001,28.160255680657446,1999-2007
Detroit Pistons_2001,smithjo02_2001,44.05678154382138,1999-2007
Detroit Pistons_2001,stackje01_2001,56.70097000933934,1999-2007
Detroit Pistons_2001,wallabe01_2001,52.53570214625479,1999-2007
Detroit Pistons_2001,wallajo01_2001,22.956480566497994,1999-2007
Detroit Pistons_2001,willico02_2001,28.284271247461902,1999-2007
Detroit Pistons_2001,willije01_2001,28.35489375751565,1999-2007
Detroit Pistons_2002,atkinch01_2002,47.80167361086848,1999-2007
Detroit Pistons_2002,barroda01_2002,24.124676163629637,1999-2007
Detroit Pistons_2002,barryjo01_2002,44.553338819890925,1999-2007
Detroit Pistons_2002,currymi01_2002,43.726422218150894,1999-2007
Detroit Pistons_2002,jonesda01_2002,32.90896534380867,1999-2007
Detroit Pistons_2002,mooremi01_2002,14.730919862656235,1999-2007
Detroit Pistons_2002,rebraze01_2002,34.336569426778794,1999-2007
Detroit Pistons_2002,robincl02_2002,53.43220002957018,1999-2007
Detroit Pistons_2002,stackje01_2002,51.81698563212646,1999-2007
Detroit Pistons_2002,wallabe01_2002,54.04627646748664,1999-2007
Detroit Pistons_2002,willico02_2002,41.24318125460256,1999-2007
Detroit Pistons_2003,atkinch01_2003,37.389838191679836,1999-2007
Detroit Pistons_2003,barryjo01_2003,38.379682124790975,1999-2007
Detroit Pistons_2003,billuch01_2003,48.23898838076935,1999-2007
Detroit Pistons_2003,currymi01_2003,39.433488306260706,1999-2007
Detroit Pistons_2003,davishu01_2003,18.110770276274835,1999-2007
Detroit Pistons_2003,hamilri01_2003,51.38093031466052,1999-2007
Detroit Pistons_2003,okurme01_2003,36.959437225152655,1999-2007
Detroit Pistons_2003,princta01_2003,20.85665361461421,1999-2007
Detroit Pistons_2003,rebraze01_2003,22.090722034374522,1999-2007
Detroit Pistons_2003,robincl02_2003,53.150729063673246,1999-2007
Detroit Pistons_2003,wallabe01_2003,53.600373133029585,1999-2007
Detroit Pistons_2003,willico02_2003,45.39823785126467,1999-2007
Detroit Pistons_2004,atkinch01_2004,27.40437921208944,1999-2007
Detroit Pistons_2004,billuch01_2004,52.51666402200353,1999-2007
Detroit Pistons_2004,campbel01_2004,29.866369046136157,1999-2007
Detroit Pistons_2004,fowlktr01_2004,16.15549442140351,1999-2007
Detroit Pistons_2004,hamda01_2004,22.0,1999-2007
Detroit Pistons_2004,hamilri01_2004,52.64978632435273,1999-2007
Detroit Pistons_2004,hunteli01_2004,25.709920264364882,1999-2007
Detroit Pistons_2004,jamesmi01_2004,22.627416997969522,1999-2007
Detroit Pistons_2004,milicda01_2004,12.609520212918492,1999-2007
Detroit Pistons_2004,okurme01_2004,39.74921382870358,1999-2007
Detroit Pistons_2004,princta01_2004,51.97114584074513,1999-2007
Detroit Pistons_2004,rebraze01_2004,14.89966442575134,1999-2007
Detroit Pistons_2004,surabo01_2004,26.589471600616662,1999-2007
Detroit Pistons_2004,wallabe01_2004,55.226805085936306,1999-2007
Detroit Pistons_2004,wallara01_2004,25.942243542145693,1999-2007
Detroit Pistons_2004,willico02_2004,39.67366884975475,1999-2007
Detroit Pistons_2005,arroyca01_2005,26.570660511172846,1999-2007
Detroit Pistons_2005,billuch01_2005,53.53503525729669,1999-2007
Detroit Pistons_2005,campbel01_2005,18.439088914585774,1999-2007
Detroit Pistons_2005,delfica01_2005,21.42428528562855,1999-2007
Detroit Pistons_2005,duprero01_2005,21.72556098240043,1999-2007
Detroit Pistons_2005,hamda01_2005,16.583123951777,1999-2007
Detroit Pistons_2005,hamilri01_2005,54.092513345194085,1999-2007
Detroit Pistons_2005,hunteli01_2005,33.823069050575526,1999-2007
Detroit Pistons_2005,mcdyean01_2005,42.391036788453285,1999-2007
Detroit Pistons_2005,milicda01_2005,15.937377450509228,1999-2007
Detroit Pistons_2005,princta01_2005,55.12712580935088,1999-2007
Detroit Pistons_2005,wallabe01_2005,51.6817182376902,1999-2007
Detroit Pistons_2005,wallara01_2005,51.836280730777744,1999-2007
Detroit Pistons_2006,arroyca01_2006,24.49489742783178,1999-2007
Detroit Pistons_2006,billuch01_2006,54.08326913195984,1999-2007
Detroit Pistons_2006,davisda01_2006,13.341664064126334,1999-2007
Detroit Pistons_2006,delfica01_2006,26.94438717061496,1999-2007
Detroit Pistons_2006,delkto01_2006,19.44222209522358,1999-2007
Detroit Pistons_2006,evansma01_2006,33.74907406137241,1999-2007
Detroit Pistons_2006,hamilri01_2006,53.150729063673246,1999-2007
Detroit Pistons_2006,hunteli01_2006,18.788294228055936,1999-2007
Detroit Pistons_2006,maxieja01_2006,12.609520212918492,1999-2007
Detroit Pistons_2006,mcdyean01_2006,41.6293165929973,1999-2007
Detroit Pistons_2006,milicda01_2006,11.832159566199232,1999-2007
Detroit Pistons_2006,princta01_2006,53.83307533477908,1999-2007
Detroit Pistons_2006,wallabe01_2006,53.75872022286245,1999-2007
Detroit Pistons_2006,wallara01_2006,52.72570530585627,1999-2007
Detroit Pistons_2007,billuch01_2007,50.32891812864648,1999-2007
Detroit Pistons_2007,davisda01_2007,21.540659228538015,1999-2007
Detroit Pistons_2007,delfica01_2007,37.04051835490427,1999-2007
Detroit Pistons_2007,hamilri01_2007,52.5642464038057,1999-2007
Detroit Pistons_2007,hunteli01_2007,27.294688127912362,1999-2007
Detroit Pistons_2007,maxieja01_2007,30.708305065568176,1999-2007
Detroit Pistons_2007,mcdyean01_2007,41.58124577258358,1999-2007
Detroit Pistons_2007,mohamna01_2007,27.80287754891569,1999-2007
Detroit Pistons_2007,murraro01_2007,38.43175770115127,1999-2007
Detroit Pistons_2007,princta01_2007,54.78138369920935,1999-2007
Detroit Pistons_2007,wallara01_2007,49.18333050943175,1999-2007
Detroit Pistons_2007,webbech01_2007,35.73513677041127,1999-2007
Detroit Pistons_2008,afflaar01_2008,31.144823004794873,2008-2015
Detroit Pistons_2008,billuch01_2008,50.21951811795888,2008-2015
Detroit Pistons_2008,hamilri01_2008,49.23413450036468,2008-2015
Detroit Pistons_2008,hayesja01_2008,35.874782229304195,2008-2015
Detroit Pistons_2008,herrmwa01_2008,14.106735979665885,2008-2015
Detroit Pistons_2008,hunteli01_2008,14.66287829861518,2008-2015
Detroit Pistons_2008,johnsam01_2008,27.640549922170507,2008-2015
Detroit Pistons_2008,maxieja01_2008,42.04759208325728,2008-2015
Detroit Pistons_2008,mcdyean01_2008,47.80167361086848,2008-2015
Detroit Pistons_2008,mohamna01_2008,15.0996688705415,2008-2015
Detroit Pistons_2008,princta01_2008,51.90375708944392,2008-2015
Detroit Pistons_2008,stuckro01_2008,32.87856444554719,2008-2015
Detroit Pistons_2008,wallara01_2008,48.43552415324934,2008-2015
Detroit Pistons_2009,afflaar01_2009,35.12833614050059,2008-2015
Detroit Pistons_2009,brownkw01_2009,31.606961258558215,2008-2015
Detroit Pistons_2009,bynumwi01_2009,28.337254630609507,2008-2015
Detroit Pistons_2009,hamilri01_2009,47.738873049120045,2008-2015
Detroit Pistons_2009,herrmwa01_2009,25.099800796022265,2008-2015
Detroit Pistons_2009,iversal01_2009,44.384682042344295,2008-2015
Detroit Pistons_2009,johnsam01_2009,30.18277654557314,2008-2015
Detroit Pistons_2009,maxieja01_2009,37.52332607858744,2008-2015
Detroit Pistons_2009,mcdyean01_2009,43.197222132910355,2008-2015
Detroit Pistons_2009,princta01_2009,55.29014378711634,2008-2015
Detroit Pistons_2009,stuckro01_2009,50.16971197844373,2008-2015
Detroit Pistons_2009,wallara01_2009,46.07602413403309,2008-2015
Detroit Pistons_2010,atkinch01_2010,25.37715508089904,2008-2015
Detroit Pistons_2010,brownkw01_2010,25.69046515733026,2008-2015
Detroit Pistons_2010,bynumwi01_2010,40.82891132518721,2008-2015
Detroit Pistons_2010,dayeau01_2010,30.24896692450835,2008-2015
Detroit Pistons_2010,gordobe01_2010,41.593268686170845,2008-2015
Detroit Pistons_2010,hamilri01_2010,39.395431207184416,2008-2015
Detroit Pistons_2010,jerebjo01_2010,47.24404724407086,2008-2015
Detroit Pistons_2010,maxieja01_2010,39.370039370059054,2008-2015
Detroit Pistons_2010,princta01_2010,40.792156108742276,2008-2015
Detroit Pistons_2010,stuckro01_2010,49.98999899979995,2008-2015
Detroit Pistons_2010,summeda01_2010,20.12461179749811,2008-2015
Detroit Pistons_2010,villach01_2010,42.988370520409354,2008-2015
Detroit Pistons_2010,wallabe01_2010,44.44097208657794,2008-2015
Detroit Pistons_2010,wilcoch01_2010,21.0,2008-2015
Detroit Pistons_2011,bynumwi01_2011,33.54101966249684,2008-2015
Detroit Pistons_2011,dayeau01_2011,38.02630668366309,2008-2015
Detroit Pistons_2011,gordobe01_2011,46.16275555033516,2008-2015
Detroit Pistons_2011,hamilri01_2011,38.704004960727254,2008-2015
Detroit Pistons_2011,maxieja01_2011,30.495901363953813,2008-2015
Detroit Pistons_2011,mcgratr01_2011,41.060930335295616,2008-2015
Detroit Pistons_2011,monrogr01_2011,47.138094997570704,2008-2015
Detroit Pistons_2011,princta01_2011,50.61620293937506,2008-2015
Detroit Pistons_2011,stuckro01_2011,46.72258554489466,2008-2015
Detroit Pistons_2011,summeda01_2011,14.106735979665885,2008-2015
Detroit Pistons_2011,villach01_2011,40.8166632639171,2008-2015
Detroit Pistons_2011,wallabe01_2011,35.185224171518364,2008-2015
Detroit Pistons_2011,wilcoch01_2011,31.54362059117501,2008-2015
Detroit Pistons_2012,bynumwi01_2012,22.67156809750927,2008-2015
Detroit Pistons_2012,dayeau01_2012,24.55605831561735,2008-2015
Detroit Pistons_2012,gordobe01_2012,37.389838191679836,2008-2015
Detroit Pistons_2012,jerebjo01_2012,38.31448812133603,2008-2015
Detroit Pistons_2012,knighbr03_2012,46.14108798023731,2008-2015
Detroit Pistons_2012,macklve01_2012,11.61895003862225,2008-2015
Detroit Pistons_2012,maxieja01_2012,38.28837943815329,2008-2015
Detroit Pistons_2012,monrogr01_2012,45.628938186199335,2008-2015
Detroit Pistons_2012,princta01_2012,45.68369512200168,2008-2015
Detroit Pistons_2012,russewa02_2012,18.894443627691185,2008-2015
Detroit Pistons_2012,stuckro01_2012,40.54626986542659,2008-2015
Detroit Pistons_2012,wallabe01_2012,31.304951684997057,2008-2015
Detroit Pistons_2012,wilkida02_2012,30.364452901377952,2008-2015
Detroit Pistons_2013,bynumwi01_2013,34.91418050019218,2008-2015
Detroit Pistons_2013,caldejo01_2013,29.782545223670862,2008-2015
Detroit Pistons_2013,dayeau01_2013,18.65475810617763,2008-2015
Detroit Pistons_2013,drumman01_2013,35.25620512760839,2008-2015
Detroit Pistons_2013,engliki01_2013,20.174241001832016,2008-2015
Detroit Pistons_2013,jerebjo01_2013,29.866369046136157,2008-2015
Detroit Pistons_2013,knighbr03_2013,48.63126566315131,2008-2015
Detroit Pistons_2013,kravtvi01_2013,14.966629547095765,2008-2015
Detroit Pistons_2013,maxieja01_2013,42.2965719651132,2008-2015
Detroit Pistons_2013,middlkh01_2013,21.79449471770337,2008-2015
Detroit Pistons_2013,monrogr01_2013,51.836280730777744,2008-2015
Detroit Pistons_2013,princta01_2013,38.17066936798463,2008-2015
Detroit Pistons_2013,singlky01_2013,47.885279575251516,2008-2015
Detroit Pistons_2013,stuckro01_2013,46.593991028886975,2008-2015
Detroit Pistons_2013,villach01_2013,33.04542328371661,2008-2015
Detroit Pistons_2014,bynumwi01_2014,32.46536616149585,2008-2015
Detroit Pistons_2014,caldwke01_2014,39.786932528155525,2008-2015
Detroit Pistons_2014,datomlu01_2014,15.427248620541512,2008-2015
Detroit Pistons_2014,drumman01_2014,51.176166327695945,2008-2015
Detroit Pistons_2014,harrejo01_2014,17.804493814764857,2008-2015
Detroit Pistons_2014,jennibr01_2014,52.230259428802384,2008-2015
Detroit Pistons_2014,jerebjo01_2014,27.2213151776324,2008-2015
Detroit Pistons_2014,mitchto02_2014,8.888194417315589,2008-2015
Detroit Pistons_2014,monrogr01_2014,51.86520991955976,2008-2015
Detroit Pistons_2014,singlky01_2014,48.342527861087284,2008-2015
Detroit Pistons_2014,sivape01_2014,14.966629547095765,2008-2015
Detroit Pistons_2014,smithjo03_2014,52.24940191045253,2008-2015
Detroit Pistons_2014,stuckro01_2014,44.15880433163923,2008-2015
Detroit Pistons_2015,anthojo01_2015,20.149441679609886,2008-2015
Detroit Pistons_2015,augusdj01_2015,35.874782229304195,2008-2015
Detroit Pistons_2015,butleca01_2015,40.28647415696737,2008-2015
Detroit Pistons_2015,caldwke01_2015,50.86255990411808,2008-2015
Detroit Pistons_2015,dinwisp01_2015,21.330729007701542,2008-2015
Detroit Pistons_2015,drumman01_2015,50.0199960015992,2008-2015
Detroit Pistons_2015,jacksre01_2015,29.49576240750525,2008-2015
Detroit Pistons_2015,jennibr01_2015,34.249087579087416,2008-2015
Detroit Pistons_2015,jerebjo01_2015,26.514147167125703,2008-2015
Detroit Pistons_2015,lucasjo02_2015,16.492422502470642,2008-2015
Detroit Pistons_2015,martica01_2015,14.071247279470288,2008-2015
Detroit Pistons_2015,meeksjo01_2015,38.23610858861032,2008-2015
Detroit Pistons_2015,monrogr01_2015,46.22769732530488,2008-2015
Detroit Pistons_2015,princta01_2015,23.895606290697042,2008-2015
Detroit Pistons_2015,singlky01_2015,35.874782229304195,2008-2015
Detroit Pistons_2015,smithjo03_2015,29.93325909419153,2008-2015
Detroit Pistons_2015,tollian01_2015,34.058772731852805,2008-2015
Detroit Pistons_2016,baynear01_2016,35.11409973215888,2016-present
Detroit Pistons_2016,blakest01_2016,31.400636936215164,2016-present
Detroit Pistons_2016,bullore01_2016,20.71231517720798,2016-present
Detroit Pistons_2016,caldwke01_2016,52.81098370604357,2016-present
Detroit Pistons_2016,drumman01_2016,51.633322573702344,2016-present
Detroit Pistons_2016,harrito02_2016,30.04995840263344,2016-present
Detroit Pistons_2016,hillida01_2016,19.570385790780925,2016-present
Detroit Pistons_2016,ilyaser01_2016,37.86819245752297,2016-present
Detroit Pistons_2016,jacksre01_2016,49.23413450036468,2016-present
Detroit Pistons_2016,jennibr01_2016,20.396078054371138,2016-present
Detroit Pistons_2016,johnsst04_2016,41.0731055558257,2016-present
Detroit Pistons_2016,morrima03_2016,53.44155686354955,2016-present
Detroit Pistons_2016,tollian01_2016,36.61966684720111,2016-present
Detroit Pistons_2017,baynear01_2017,34.10278580995987,2016-present
Detroit Pistons_2017,bullore01_2017,21.61018278497431,2016-present
Detroit Pistons_2017,caldwke01_2017,50.28916384272063,2016-present
Detroit Pistons_2017,drumman01_2017,49.08156476723211,2016-present
Detroit Pistons_2017,harrito02_2017,50.665570163573605,2016-present
Detroit Pistons_2017,hillida01_2017,19.519221295943137,2016-present
Detroit Pistons_2017,jacksre01_2017,37.73592452822641,2016-present
Detroit Pistons_2017,johnsst04_2017,37.027017163147235,2016-present
Detroit Pistons_2017,leuerjo01_2017,44.090815370097204,2016-present
Detroit Pistons_2017,marjabo01_2017,17.11724276862369,2016-present
Detroit Pistons_2017,morrima03_2017,50.6458290484024,2016-present
Detroit Pistons_2017,smithis01_2017,44.21538193886829,2016-present
Detroit Pistons_2017,udrihbe01_2017,23.664319132398465,2016-present
Detroit Pistons_2018,bradlav01_2018,35.608987629529715,2016-present
Detroit Pistons_2018,bullore01_2018,41.617304093369626,2016-present
Detroit Pistons_2018,buyckdw01_2018,20.663978319771825,2016-present
Detroit Pistons_2018,drumman01_2018,51.234753829797995,2016-present
Detroit Pistons_2018,ellenhe01_2018,18.138357147217054,2016-present
Detroit Pistons_2018,ennisja01_2018,23.473389188611005,2016-present
Detroit Pistons_2018,gallola01_2018,29.376861643136763,2016-present
Detroit Pistons_2018,griffbl01_2018,28.827070610799147,2016-present
Detroit Pistons_2018,harrito02_2018,39.534794801541594,2016-present
Detroit Pistons_2018,jacksre01_2018,34.655446902326915,2016-present
Detroit Pistons_2018,johnsst04_2018,43.520110293977886,2016-present
Detroit Pistons_2018,kennalu01_2018,38.24918299781056,2016-present
Detroit Pistons_2018,moreler01_2018,28.372521918222215,2016-present
Detroit Pistons_2018,smithis01_2018,45.19955751995809,2016-present
Detroit Pistons_2018,tollian01_2018,41.916583830269374,2016-present
Detroit Pistons_2019,brownbr01_2019,38.06573262134856,2016-present
Detroit Pistons_2019,bullore01_2019,36.810324638611924,2016-present
Detroit Pistons_2019,caldejo01_2019,25.13961017995307,2016-present
Detroit Pistons_2019,drumman01_2019,51.44900387762624,2016-present
Detroit Pistons_2019,ellinwa01_2019,27.640549922170507,2016-present
Detroit Pistons_2019,gallola01_2019,41.773197148410844,2016-present
Detroit Pistons_2019,griffbl01_2019,51.20546845796843,2016-present
Detroit Pistons_2019,jacksre01_2019,47.843494855622744,2016-present
Detroit Pistons_2019,johnsst04_2019,31.0,2016-present
Detroit Pistons_2019,kennalu01_2019,37.907782842049734,2016-present
Detroit Pistons_2019,leuerjo01_2019,20.049937655763422,2016-present
Detroit Pistons_2019,makerth01_2019,23.727621035409346,2016-present
Detroit Pistons_2019,pachuza01_2019,29.631064780058107,2016-present
Detroit Pistons_2019,robingl02_2019,24.698178070456937,2016-present
Detroit Pistons_2019,smithis01_2019,35.369478367654786,2016-present
Detroit Pistons_2019,thomakh01_2019,13.96424004376894,2016-present
Detroit Pistons_2020,brownbr01_2020,40.422765862815474,2016-present
Detroit Pistons_2020,doumbse01_2020,27.459060435491963,2016-present
Detroit Pistons_2020,drumman01_2020,40.66939881532551,2016-present
Detroit Pistons_2020,fraziti01_2020,18.841443681416774,2016-present
Detroit Pistons_2020,gallola01_2020,41.255302689472536,2016-present
Detroit Pistons_2020,kennalu01_2020,30.364452901377952,2016-present
Detroit Pistons_2020,makerth01_2020,27.85677655436824,2016-present
Detroit Pistons_2020,morrima02_2020,31.432467291003423,2016-present
Detroit Pistons_2020,mykhasv01_2020,35.566838487557476,2016-present
Detroit Pistons_2020,rosede01_2020,36.02776706930364,2016-present
Detroit Pistons_2020,snellto01_2020,40.50925820105819,2016-present
Detroit Pistons_2020,woodch01_2020,36.40054944640259,2016-present
Detroit Pistons_2021,beysa01_2021,43.69210454990696,2016-present
Detroit Pistons_2021,cookty01_2021,20.518284528683193,2016-present
Detroit Pistons_2021,doumbse01_2021,29.478805945967352,2016-present
Detroit Pistons_2021,ellinwa01_2021,31.811947441173732,2016-present
Detroit Pistons_2021,grantje01_2021,42.76680956068619,2016-present
Detroit Pistons_2021,hayeski01_2021,25.88435821108957,2016-present
Detroit Pistons_2021,jacksfr01_2021,27.16615541441225,2016-present
Detroit Pistons_2021,jacksjo02_2021,39.496835316262995,2016-present
Detroit Pistons_2021,leesa01_2021,27.94637722496424,2016-present
Detroit Pistons_2021,mykhasv01_2021,25.179356624028344,2016-present
Detroit Pistons_2021,okafoja01_2021,18.627936010197157,2016-present
Detroit Pistons_2021,plumlma01_2021,38.71692136521188,2016-present
Detroit Pistons_2021,stewais01_2021,38.144462245521304,2016-present
Detroit Pistons_2021,wrighde01_2021,32.43454948045371,2016-present
Detroit Pistons_2022,beysa01_2022,52.0,2016-present
Detroit Pistons_2022,cunnica01_2022,45.69463863518345,2016-present
Detroit Pistons_2022,diallha01_2022,35.62302626111375,2016-present
Detroit Pistons_2022,garzalu01_2022,19.72308292331602,2016-present
Detroit Pistons_2022,grantje01_2022,38.72983346207417,2016-present
Detroit Pistons_2022,hayeski01_2022,40.58324777540605,2016-present
Detroit Pistons_2022,jacksfr01_2022,34.11744421846396,2016-present
Detroit Pistons_2022,jacksjo02_2022,26.589471600616662,2016-present
Detroit Pistons_2022,josepco01_2022,40.0,2016-present
Detroit Pistons_2022,leesa01_2022,24.576411454889016,2016-present
Detroit Pistons_2022,lylestr01_2022,31.464265445104548,2016-present
Detroit Pistons_2022,mcgruro01_2022,27.459060435491963,2016-present
Detroit Pistons_2022,olynyke01_2022,27.640549922170507,2016-present
Detroit Pistons_2022,stewais01_2022,42.61455150532503,2016-present
Detroit Pistons_2023,baglema01_2023,31.464265445104548,2016-present
Detroit Pistons_2023,beysa01_2023,38.72983346207417,2016-present
Detroit Pistons_2023,bogdabo02_2023,43.508619835614184,2016-present
Detroit Pistons_2023,burksal01_2023,33.49626844888845,2016-present
Detroit Pistons_2023,diallha01_2023,31.559467676119,2016-present
Detroit Pistons_2023,durenja01_2023,40.8656334834051,2016-present
Detroit Pistons_2023,hamptrj01_2023,19.72308292331602,2016-present
Detroit Pistons_2023,hayeski01_2023,46.411205543489174,2016-present
Detroit Pistons_2023,iveyja01_2023,48.0,2016-present
Detroit Pistons_2023,josepco01_2023,35.02855977627399,2016-present
Detroit Pistons_2023,knoxke01_2023,24.351591323771842,2016-present
Detroit Pistons_2023,liveris01_2023,34.62657938636157,2016-present
Detroit Pistons_2023,mcgruro01_2023,22.891046284519195,2016-present
Detroit Pistons_2023,stewais01_2023,37.603191353926334,2016-present
Detroit Pistons_2023,wisemja01_2023,24.596747752497688,2016-present
Detroit Pistons_2024,baglema01_2024,21.863211109075447,2016-present
Detroit Pistons_2024,bogdabo02_2024,30.347981810987037,2016-present
Detroit Pistons_2024,browntr01_2024,20.42057785666214,2016-present
Detroit Pistons_2024,burksal01_2024,30.01666203960727,2016-present
Detroit Pistons_2024,cunnica01_2024,45.5411901469428,2016-present
Detroit Pistons_2024,durenja01_2024,42.15447781671598,2016-present
Detroit Pistons_2024,flynnma01_2024,18.49324200890693,2016-present
Detroit Pistons_2024,fournev01_2024,23.259406699226016,2016-present
Detroit Pistons_2024,hayeski01_2024,31.74901573277509,2016-present
Detroit Pistons_2024,iveyja01_2024,47.085029467974216,2016-present
Detroit Pistons_2024,knoxke01_2024,23.664319132398465,2016-present
Detroit Pistons_2024,liveris01_2024,21.656407827707714,2016-present
Detroit Pistons_2024,sassema01_2024,36.75595189897821,2016-present
Detroit Pistons_2024,stewais01_2024,37.72267222772003,2016-present
Detroit Pistons_2024,thompau01_2024,39.786932528155525,2016-present
Detroit Pistons_2024,umudest01_2024,17.52141546793523,2016-present
Detroit Pistons_2024,wisemja01_2024,33.03028912982749,2016-present
Detroit Pistons_2025,beaslma01_2025,47.78074926160116,2016-present
Detroit Pistons_2025,cunnica01_2025,49.51767361255979,2016-present
Detroit Pistons_2025,durenja01_2025,45.09988913511872,2016-present
Detroit Pistons_2025,fontesi01_2025,35.17101079013795,2016-present
Detroit Pistons_2025,hardati02_2025,46.400431032480725,2016-present
Detroit Pistons_2025,harrito02_2025,48.010415536631214,2016-present
Detroit Pistons_2025,hollaro01_2025,35.58089374931439,2016-present
Detroit Pistons_2025,iveyja01_2025,29.966648127543394,2016-present
Detroit Pistons_2025,reedpa01_2025,20.92844953645635,2016-present
Detroit Pistons_2025,sassema01_2025,28.478061731796284,2016-present
Detroit Pistons_2025,schrode01_2025,26.551836094703507,2016-present
Detroit Pistons_2025,stewais01_2025,37.86819245752297,2016-present
Detroit Pistons_2025,thompau01_2025,36.4417343165772,2016-present
Golden State Warriors_1999,boguemu01_1999,26.720778431774775,1999-2007
Golden State Warriors_1999,caffeja01_1999,29.597297173897484,1999-2007
Golden State Warriors_1999,colesbi01_1999,35.66510900025401,1999-2007
Golden State Warriors_1999,cummite01_1999,31.796226191169293,1999-2007
Golden State Warriors_1999,dampier01_1999,37.603191353926334,1999-2007
Golden State Warriors_1999,delkto01_1999,25.099800796022265,1999-2007
Golden State Warriors_1999,foylead01_1999,24.779023386727733,1999-2007
Golden State Warriors_1999,jamisan01_1999,32.526911934581186,1999-2007
Golden State Warriors_1999,marshdo01_1999,35.35533905932738,1999-2007
Golden State Warriors_1999,millsch01_1999,37.3496987939662,1999-2007
Golden State Warriors_1999,spencfe01_1999,12.609520212918492,1999-2007
Golden State Warriors_1999,starkjo01_1999,41.060930335295616,1999-2007
Golden State Warriors_2000,blaylmo01_2000,49.58830507286975,1999-2007
Golden State Warriors_2000,caffeja01_2000,46.46504062195577,1999-2007
Golden State Warriors_2000,cummite01_2000,19.949937343260004,1999-2007
Golden State Warriors_2000,cummivo01_2000,42.34383071948026,1999-2007
Golden State Warriors_2000,curlebi01_2000,16.09347693943108,1999-2007
Golden State Warriors_2000,dampier01_2000,22.24859546128699,1999-2007
Golden State Warriors_2000,davisma02_2000,21.540659228538015,1999-2007
Golden State Warriors_2000,farmeto01_2000,34.62657938636157,1999-2007
Golden State Warriors_2000,foylead01_2000,40.66939881532551,1999-2007
Golden State Warriors_2000,hughela01_2000,36.138621999185304,1999-2007
Golden State Warriors_2000,jacobsa01_2000,25.748786379167466,1999-2007
Golden State Warriors_2000,jamisan01_2000,39.44616584663204,1999-2007
Golden State Warriors_2000,legleti01_2000,16.852299546352718,1999-2007
Golden State Warriors_2000,macksa01_2000,18.24828759089466,1999-2007
Golden State Warriors_2000,marshdo01_2000,45.50824101193101,1999-2007
Golden State Warriors_2000,starkjo01_2000,33.28663395418648,1999-2007
Golden State Warriors_2000,youngti01_2000,11.704699910719626,1999-2007
Golden State Warriors_2001,blaylmo01_2001,48.49742261192856,1999-2007
Golden State Warriors_2001,blounco01_2001,30.298514815086232,1999-2007
Golden State Warriors_2001,cummivo01_2001,38.66522985836241,1999-2007
Golden State Warriors_2001,dampier01_2001,32.218007387174026,1999-2007
Golden State Warriors_2001,delnevi01_2001,19.8997487421324,1999-2007
Golden State Warriors_2001,foylead01_2001,38.17066936798463,1999-2007
Golden State Warriors_2001,hughela01_2001,42.96510211788167,1999-2007
Golden State Warriors_2001,jacksma02_2001,37.54996671103717,1999-2007
Golden State Warriors_2001,jamisan01_2001,58.25804665451803,1999-2007
Golden State Warriors_2001,keefead01_2001,28.91366458960192,1999-2007
Golden State Warriors_2001,mcphepa01_2001,16.941074346097416,1999-2007
Golden State Warriors_2001,portech01_2001,33.8673884437522,1999-2007
Golden State Warriors_2001,surabo01_2001,41.036569057366385,1999-2007
Golden State Warriors_2002,arenagi01_2002,33.98529093593286,1999-2007
Golden State Warriors_2002,blaylmo01_2002,24.474476501040833,1999-2007
Golden State Warriors_2002,dampier01_2002,41.71330722922842,1999-2007
Golden State Warriors_2002,fortsda01_2002,47.07440918375928,1999-2007
Golden State Warriors_2002,foylead01_2002,38.535697735995385,1999-2007
Golden State Warriors_2002,hughela01_2002,45.2658811910251,1999-2007
Golden State Warriors_2002,jamisan01_2002,55.072679252057455,1999-2007
Golden State Warriors_2002,millsch01_2002,35.17101079013795,1999-2007
Golden State Warriors_2002,murphtr01_2002,38.05259518088089,1999-2007
Golden State Warriors_2002,richaja01_2002,51.273774973177076,1999-2007
Golden State Warriors_2002,surabo01_2002,42.190046219457976,1999-2007
Golden State Warriors_2003,arenagi01_2003,53.53503525729669,1999-2007
Golden State Warriors_2003,boykiea01_2003,36.345563690772494,1999-2007
Golden State Warriors_2003,dampier01_2003,44.474711915874174,1999-2007
Golden State Warriors_2003,dunlemi02_2003,36.124783736376884,1999-2007
Golden State Warriors_2003,foylead01_2003,42.2729227756965,1999-2007
Golden State Warriors_2003,jamisan01_2003,56.79788728465171,1999-2007
Golden State Warriors_2003,millsch01_2003,16.186414056238647,1999-2007
Golden State Warriors_2003,murphtr01_2003,50.0999001995014,1999-2007
Golden State Warriors_2003,richaja01_2003,51.94227565288221,1999-2007
Golden State Warriors_2003,surabo01_2003,33.61547262794322,1999-2007
Golden State Warriors_2003,welscji01_2003,15.297058540778355,1999-2007
Golden State Warriors_2004,cardibr01_2004,40.422765862815474,1999-2007
Golden State Warriors_2004,cheanca01_2004,45.46427168667722,1999-2007
Golden State Warriors_2004,claxtsp01_2004,39.93745109543172,1999-2007
Golden State Warriors_2004,dampier01_2004,49.02040391510457,1999-2007
Golden State Warriors_2004,dunlemi02_2004,48.33218389437829,1999-2007
Golden State Warriors_2004,foylead01_2004,23.916521486202797,1999-2007
Golden State Warriors_2004,johnsav01_2004,25.238858928247925,1999-2007
Golden State Warriors_2004,murphtr01_2004,24.698178070456937,1999-2007
Golden State Warriors_2004,pietrmi01_2004,27.349588662354687,1999-2007
Golden State Warriors_2004,richaja01_2004,54.18486873657626,1999-2007
Golden State Warriors_2004,robincl02_2004,53.34791467339656,1999-2007
Golden State Warriors_2004,vanexni01_2004,35.4259791678367,1999-2007
Golden State Warriors_2005,biedran01_2005,19.595917942265423,1999-2007
Golden State Warriors_2005,cabarza01_2005,21.540659228538015,1999-2007
Golden State Warriors_2005,cheanca01_2005,30.83828789021855,1999-2007
Golden State Warriors_2005,claxtsp01_2005,38.742741255621034,1999-2007
Golden State Warriors_2005,davisba01_2005,31.432467291003423,1999-2007
Golden State Warriors_2005,davisda01_2005,24.020824298928627,1999-2007
Golden State Warriors_2005,dunlemi02_2005,50.695167422546305,1999-2007
Golden State Warriors_2005,fishede01_2005,47.138094997570704,1999-2007
Golden State Warriors_2005,foylead01_2005,41.23105625617661,1999-2007
Golden State Warriors_2005,murphtr01_2005,48.73397172404482,1999-2007
Golden State Warriors_2005,najered01_2005,24.698178070456937,1999-2007
Golden State Warriors_2005,pietrmi01_2005,36.60601043544625,1999-2007
Golden State Warriors_2005,richaja01_2005,52.191953402799555,1999-2007
Golden State Warriors_2005,robincl02_2005,33.015148038438355,1999-2007
Golden State Warriors_2006,biedran01_2006,31.622776601683793,1999-2007
Golden State Warriors_2006,cabarza01_2006,22.47220505424423,1999-2007
Golden State Warriors_2006,cheanca01_2006,21.166010488516726,1999-2007
Golden State Warriors_2006,davisba01_2006,44.395945760846224,1999-2007
Golden State Warriors_2006,dioguik01_2006,32.109188716004645,1999-2007
Golden State Warriors_2006,dunlemi02_2006,50.774009099144415,1999-2007
Golden State Warriors_2006,ellismo01_2006,29.765752132274432,1999-2007
Golden State Warriors_2006,fishede01_2006,50.882216932834204,1999-2007
Golden State Warriors_2006,foylead01_2006,42.708313008125245,1999-2007
Golden State Warriors_2006,murphtr01_2006,50.15974481593781,1999-2007
Golden State Warriors_2006,pietrmi01_2006,34.336569426778794,1999-2007
Golden State Warriors_2006,richaja01_2006,53.637673327615545,1999-2007
Golden State Warriors_2007,azubuke01_2007,25.865034312755125,1999-2007
Golden State Warriors_2007,barnema02_2007,42.579337712087536,1999-2007
Golden State Warriors_2007,biedran01_2007,48.80573736764972,1999-2007
Golden State Warriors_2007,davisba01_2007,47.12748667179272,1999-2007
Golden State Warriors_2007,dunlemi02_2007,32.41913015489465,1999-2007
Golden State Warriors_2007,ellismo01_2007,51.36146415358503,1999-2007
Golden State Warriors_2007,foylead01_2007,21.79449471770337,1999-2007
Golden State Warriors_2007,harrial01_2007,36.810324638611924,1999-2007
Golden State Warriors_2007,jacksst02_2007,35.958309192730404,1999-2007
Golden State Warriors_2007,jasiksa01_2007,17.578395831246947,1999-2007
Golden State Warriors_2007,mcleoke01_2007,19.467922333931785,1999-2007
Golden State Warriors_2007,murphtr01_2007,25.826343140289914,1999-2007
Golden State Warriors_2007,pietrmi01_2007,44.01136216933077,1999-2007
Golden State Warriors_2007,poweljo01_2007,17.0,1999-2007
Golden State Warriors_2007,richaja01_2007,40.92676385936225,1999-2007
Golden State Warriors_2008,azubuke01_2008,41.617304093369626,2008-2015
Golden State Warriors_2008,barnema02_2008,37.603191353926334,2008-2015
Golden State Warriors_2008,belinma01_2008,15.524174696260024,2008-2015
Golden State Warriors_2008,biedran01_2008,45.58508528016593,2008-2015
Golden State Warriors_2008,croshau01_2008,21.37755832643195,2008-2015
Golden State Warriors_2008,davisba01_2008,56.53317610041028,2008-2015
Golden State Warriors_2008,ellismo01_2008,55.41660400998964,2008-2015
Golden State Warriors_2008,harrial01_2008,46.79743582719036,2008-2015
Golden State Warriors_2008,jacksst02_2008,53.43220002957018,2008-2015
Golden State Warriors_2008,obryapa01_2008,9.9498743710662,2008-2015
Golden State Warriors_2008,pietrmi01_2008,36.27671429443411,2008-2015
Golden State Warriors_2008,watsocj01_2008,19.183326093250876,2008-2015
Golden State Warriors_2008,wrighbr03_2008,19.390719429665317,2008-2015
Golden State Warriors_2009,azubuke01_2009,48.73397172404482,2008-2015
Golden State Warriors_2009,belinma01_2009,29.698484809834994,2008-2015
Golden State Warriors_2009,biedran01_2009,43.162483709814474,2008-2015
Golden State Warriors_2009,crawfja01_2009,45.68369512200168,2008-2015
Golden State Warriors_2009,ellismo01_2009,29.866369046136157,2008-2015
Golden State Warriors_2009,jacksst02_2009,48.36320915737499,2008-2015
Golden State Warriors_2009,kurzro01_2009,21.02379604162864,2008-2015
Golden State Warriors_2009,maggeco01_2009,39.84971769034255,2008-2015
Golden State Warriors_2009,morroan01_2009,38.92300091205713,2008-2015
Golden State Warriors_2009,randoan01_2009,33.60059523282288,2008-2015
Golden State Warriors_2009,turiaro01_2009,41.182520563948,2008-2015
Golden State Warriors_2009,watsocj01_2009,43.393547907494266,2008-2015
Golden State Warriors_2009,wrighbr03_2009,26.229754097208,2008-2015
Golden State Warriors_2010,biedran01_2010,27.622454633866266,2008-2015
Golden State Warriors_2010,curryst01_2010,53.81449618829484,2008-2015
Golden State Warriors_2010,ellismo01_2010,51.44900387762624,2008-2015
Golden State Warriors_2010,georgde01_2010,27.586228448267445,2008-2015
Golden State Warriors_2010,huntech01_2010,27.982137159266443,2008-2015
Golden State Warriors_2010,maggeco01_2010,45.617978911828175,2008-2015
Golden State Warriors_2010,mooremi01_2010,20.149441679609886,2008-2015
Golden State Warriors_2010,morroan01_2010,44.9221548904324,2008-2015
Golden State Warriors_2010,radmavl01_2010,27.53179979587241,2008-2015
Golden State Warriors_2010,randoan01_2010,27.367864366808018,2008-2015
Golden State Warriors_2010,tollian01_2010,37.72267222772003,2008-2015
Golden State Warriors_2010,turiaro01_2010,29.5296461204668,2008-2015
Golden State Warriors_2010,watsocj01_2010,42.28474902373195,2008-2015
Golden State Warriors_2010,willire02_2010,27.964262908219126,2008-2015
Golden State Warriors_2011,adrieje01_2011,14.0,2008-2015
Golden State Warriors_2011,amundlo01_2011,26.28687885618983,2008-2015
Golden State Warriors_2011,biedran01_2011,37.376463182061514,2008-2015
Golden State Warriors_2011,carnero01_2011,18.193405398660254,2008-2015
Golden State Warriors_2011,curryst01_2011,49.889878733065686,2008-2015
Golden State Warriors_2011,ellismo01_2011,56.806689746895124,2008-2015
Golden State Warriors_2011,gadzuda01_2011,17.233687939614086,2008-2015
Golden State Warriors_2011,lawac01_2011,25.13961017995307,2008-2015
Golden State Warriors_2011,leeda02_2011,51.32250968142536,2008-2015
Golden State Warriors_2011,linje01_2011,16.881943016134134,2008-2015
Golden State Warriors_2011,radmavl01_2011,34.19064199455752,2008-2015
Golden State Warriors_2011,thornal01_2011,17.72004514666935,2008-2015
Golden State Warriors_2011,udohek01_2011,32.09361307176243,2008-2015
Golden State Warriors_2011,willire02_2011,40.32369030731191,2008-2015
Golden State Warriors_2011,wrighbr03_2011,13.96424004376894,2008-2015
Golden State Warriors_2011,wrighdo01_2011,56.098128311023,2008-2015
Golden State Warriors_2012,biedran01_2012,27.184554438136374,2008-2015
Golden State Warriors_2012,curryst01_2012,27.055498516937366,2008-2015
Golden State Warriors_2012,ellismo01_2012,36.945906403822335,2008-2015
Golden State Warriors_2012,jefferi01_2012,24.08318915758459,2008-2015
Golden State Warriors_2012,jenkich01_2012,29.88310559496787,2008-2015
Golden State Warriors_2012,leeda02_2012,46.05431575867782,2008-2015
Golden State Warriors_2012,mcguido01_2012,33.57082066318904,2008-2015
Golden State Warriors_2012,robinna01_2012,34.52535300326414,2008-2015
Golden State Warriors_2012,rushbr01_2012,41.43669871020132,2008-2015
Golden State Warriors_2012,thompkl01_2012,40.099875311526844,2008-2015
Golden State Warriors_2012,tylerje01_2012,23.83275057562597,2008-2015
Golden State Warriors_2012,udohek01_2012,28.75760768909681,2008-2015
Golden State Warriors_2012,wrighch01_2012,13.638181696985855,2008-2015
Golden State Warriors_2012,wrighdo01_2012,40.620192023179804,2008-2015
Golden State Warriors_2013,barneha02_2013,45.36518488885502,2008-2015
Golden State Warriors_2013,bazemke01_2013,16.34013463836819,2008-2015
Golden State Warriors_2013,biedran01_2013,22.24859546128699,2008-2015
Golden State Warriors_2013,bogutan01_2013,28.035691537752374,2008-2015
Golden State Warriors_2013,curryst01_2013,54.616847217685496,2008-2015
Golden State Warriors_2013,ezelife01_2013,33.46640106136302,2008-2015
Golden State Warriors_2013,greendr01_2013,32.57299494980466,2008-2015
Golden State Warriors_2013,jackja01_2013,48.46648326421054,2008-2015
Golden State Warriors_2013,jefferi01_2013,23.83275057562597,2008-2015
Golden State Warriors_2013,jenkich01_2013,17.05872210923198,2008-2015
Golden State Warriors_2013,landrca01_2013,43.31281565541543,2008-2015
Golden State Warriors_2013,leeda02_2013,53.91660226683428,2008-2015
Golden State Warriors_2013,thompkl01_2013,54.18486873657626,2008-2015
Golden State Warriors_2014,barneha02_2014,46.94677837722201,2008-2015
Golden State Warriors_2014,bazemke01_2014,16.3707055437449,2008-2015
Golden State Warriors_2014,blakest01_2014,24.63736998950984,2008-2015
Golden State Warriors_2014,bogutan01_2014,42.05948168962618,2008-2015
Golden State Warriors_2014,crawfjo02_2014,25.709920264364882,2008-2015
Golden State Warriors_2014,curryst01_2014,53.34791467339656,2008-2015
Golden State Warriors_2014,douglto01_2014,16.278820596099706,2008-2015
Golden State Warriors_2014,greendr01_2014,42.391036788453285,2008-2015
Golden State Warriors_2014,iguodan01_2014,45.16635916254486,2008-2015
Golden State Warriors_2014,kuzmiog01_2014,9.591663046625438,2008-2015
Golden State Warriors_2014,leeda02_2014,47.83304297240559,2008-2015
Golden State Warriors_2014,nedovne01_2014,11.916375287812984,2008-2015
Golden State Warriors_2014,onealje01_2014,29.715315916207253,2008-2015
Golden State Warriors_2014,speigma01_2014,31.336879231984796,2008-2015
Golden State Warriors_2014,thompkl01_2014,53.55371135598354,2008-2015
Golden State Warriors_2015,barbole01_2015,31.336879231984796,2008-2015
Golden State Warriors_2015,barneha02_2015,48.14561246884289,2008-2015
Golden State Warriors_2015,bogutan01_2015,39.786932528155525,2008-2015
Golden State Warriors_2015,curryst01_2015,51.11751167652823,2008-2015
Golden State Warriors_2015,ezelife01_2015,22.44994432064365,2008-2015
Golden State Warriors_2015,greendr01_2015,49.8998997994986,2008-2015
Golden State Warriors_2015,holidju01_2015,25.632011235952593,2008-2015
Golden State Warriors_2015,iguodan01_2015,45.48626166217664,2008-2015
Golden State Warriors_2015,leeda02_2015,30.066592756745816,2008-2015
Golden State Warriors_2015,livinsh01_2015,38.31448812133603,2008-2015
Golden State Warriors_2015,rushbr01_2015,16.46207763315433,2008-2015
Golden State Warriors_2015,speigma01_2015,34.741905532080416,2008-2015
Golden State Warriors_2015,thompkl01_2015,49.54795656734998,2008-2015
Golden State Warriors_2016,barbole01_2016,32.848135411313685,2016-present
Golden State Warriors_2016,barneha02_2016,45.18849411078001,2016-present
Golden State Warriors_2016,bogutan01_2016,38.09199390948182,2016-present
Golden State Warriors_2016,clarkia01_2016,24.041630560342615,2016-present
Golden State Warriors_2016,curryst01_2016,51.96152422706632,2016-present
Golden State Warriors_2016,ezelife01_2016,27.748873851023216,2016-present
Golden State Warriors_2016,greendr01_2016,52.99056519796708,2016-present
Golden State Warriors_2016,iguodan01_2016,41.617304093369626,2016-present
Golden State Warriors_2016,livinsh01_2016,38.98717737923585,2016-present
Golden State Warriors_2016,mcadoja01_2016,16.186414056238647,2016-present
Golden State Warriors_2016,rushbr01_2016,32.48076353782343,2016-present
Golden State Warriors_2016,speigma01_2016,28.844410203711913,2016-present
Golden State Warriors_2016,thompja02_2016,13.379088160259652,2016-present
Golden State Warriors_2016,thompkl01_2016,51.633322573702344,2016-present
Golden State Warriors_2016,varejan01_2016,13.638181696985855,2016-present
Golden State Warriors_2017,clarkia01_2017,33.71943060017473,2016-present
Golden State Warriors_2017,curryst01_2017,51.36146415358503,2016-present
Golden State Warriors_2017,duranke01_2017,45.4972526643093,2016-present
Golden State Warriors_2017,greendr01_2017,49.70915408654627,2016-present
Golden State Warriors_2017,iguodan01_2017,44.69899327725402,2016-present
Golden State Warriors_2017,livinsh01_2017,36.6742416417845,2016-present
Golden State Warriors_2017,looneke01_2017,21.142374511865974,2016-present
Golden State Warriors_2017,mcadoja01_2017,21.37755832643195,2016-present
Golden State Warriors_2017,mccawpa01_2017,32.77193921634788,2016-present
Golden State Warriors_2017,mcgeeja01_2017,27.184554438136374,2016-present
Golden State Warriors_2017,pachuza01_2017,35.608987629529715,2016-present
Golden State Warriors_2017,thompkl01_2017,51.468436929831086,2016-present
Golden State Warriors_2017,westda01_2017,29.223278392404914,2016-present
Golden State Warriors_2018,belljo01_2018,28.442925306655784,2016-present
Golden State Warriors_2018,casspom01_2018,27.202941017470888,2016-present
Golden State Warriors_2018,cookqu01_2018,27.202941017470888,2016-present
Golden State Warriors_2018,curryst01_2018,40.38564101261734,2016-present
Golden State Warriors_2018,duranke01_2018,48.218253804964775,2016-present
Golden State Warriors_2018,greendr01_2018,47.82258880487337,2016-present
Golden State Warriors_2018,iguodan01_2018,40.27406113120453,2016-present
Golden State Warriors_2018,livinsh01_2018,33.60059523282288,2016-present
Golden State Warriors_2018,looneke01_2018,30.166206257996713,2016-present
Golden State Warriors_2018,mccawpa01_2018,31.0,2016-present
Golden State Warriors_2018,mcgeeja01_2018,24.79919353527449,2016-present
Golden State Warriors_2018,pachuza01_2018,31.176914536239792,2016-present
Golden State Warriors_2018,thompkl01_2018,50.05996404313531,2016-present
Golden State Warriors_2018,westda01_2018,31.606961258558215,2016-present
Golden State Warriors_2018,youngni01_2018,37.322915213043046,2016-present
Golden State Warriors_2019,belljo01_2019,28.071337695236398,2016-present
Golden State Warriors_2019,cookqu01_2019,32.54228019054596,2016-present
Golden State Warriors_2019,couside01_2019,27.76688675382964,2016-present
Golden State Warriors_2019,curryst01_2019,48.28043081829324,2016-present
Golden State Warriors_2019,duranke01_2019,51.980765673468106,2016-present
Golden State Warriors_2019,evansja02_2019,14.2828568570857,2016-present
Golden State Warriors_2019,greendr01_2019,45.44227107000705,2016-present
Golden State Warriors_2019,iguodan01_2019,39.72404813208241,2016-present
Golden State Warriors_2019,jerebjo01_2019,34.899856733230294,2016-present
Golden State Warriors_2019,jonesda03_2019,20.248456731316587,2016-present
Golden State Warriors_2019,leeda03_2019,19.364916731037084,2016-present
Golden State Warriors_2019,livinsh01_2019,31.096623610932426,2016-present
Golden State Warriors_2019,looneke01_2019,38.48376280978771,2016-present
Golden State Warriors_2019,mckinal01_2019,31.670175244226233,2016-present
Golden State Warriors_2019,thompkl01_2019,51.49757275833493,2016-present
Golden State Warriors_2020,bowmaky01_2020,31.85906464414798,2016-present
Golden State Warriors_2020,burksal01_2020,37.282703764614496,2016-present
Golden State Warriors_2020,caulewi01_2020,30.659419433511783,2016-present
Golden State Warriors_2020,chrisma01_2020,34.583232931581165,2016-present
Golden State Warriors_2020,evansja02_2020,20.346989949375804,2016-present
Golden State Warriors_2020,greendr01_2020,34.95711658589707,2016-present
Golden State Warriors_2020,leeda03_2020,37.72267222772003,2016-present
Golden State Warriors_2020,pascher01_2020,40.66939881532551,2016-present
Golden State Warriors_2020,poolejo01_2020,35.6931365951495,2016-present
Golden State Warriors_2020,robingl02_2020,38.93584466786357,2016-present
Golden State Warriors_2020,russeda01_2020,32.55764119219941,2016-present
Golden State Warriors_2020,spellom01_2020,29.765752132274432,2016-present
Golden State Warriors_2021,bazemke01_2021,36.51027252705737,2016-present
Golden State Warriors_2021,curryst01_2021,46.389654018972806,2016-present
Golden State Warriors_2021,greendr01_2021,44.51965857910413,2016-present
Golden State Warriors_2021,leeda03_2021,32.848135411313685,2016-present
Golden State Warriors_2021,looneke01_2021,34.07345007480164,2016-present
Golden State Warriors_2021,mannini01_2021,19.078784028338912,2016-present
Golden State Warriors_2021,muldemy01_2021,27.676705006196094,2016-present
Golden State Warriors_2021,oubreke01_2021,41.0731055558257,2016-present
Golden State Warriors_2021,pascher01_2021,26.362852652928137,2016-present
Golden State Warriors_2021,poolejo01_2021,31.432467291003423,2016-present
Golden State Warriors_2021,toscaju01_2021,33.27160951922825,2016-present
Golden State Warriors_2021,wanambr01_2021,25.0,2016-present
Golden State Warriors_2021,wiggian01_2021,48.620983124572874,2016-present
Golden State Warriors_2021,wisemja01_2021,28.91366458960192,2016-present
Golden State Warriors_2022,bjeline01_2022,33.793490497431605,2016-present
Golden State Warriors_2022,chiozch01_2022,19.28730152198591,2016-present
Golden State Warriors_2022,curryst01_2022,47.02127178203499,2016-present
Golden State Warriors_2022,greendr01_2022,36.45545226711637,2016-present
Golden State Warriors_2022,iguodan01_2022,24.55605831561735,2016-present
Golden State Warriors_2022,kuminjo01_2022,34.42382895611701,2016-present
Golden State Warriors_2022,leeda03_2022,35.4400902933387,2016-present
Golden State Warriors_2022,looneke01_2022,41.617304093369626,2016-present
Golden State Warriors_2022,moodymo01_2022,24.63736998950984,2016-present
Golden State Warriors_2022,paytoga02_2022,35.31288716601915,2016-present
Golden State Warriors_2022,poolejo01_2022,47.78074926160116,2016-present
Golden State Warriors_2022,porteot01_2022,37.36308338453881,2016-present
Golden State Warriors_2022,thompkl01_2022,30.675723300355934,2016-present
Golden State Warriors_2022,toscaju01_2022,31.52776554086889,2016-present
Golden State Warriors_2022,wiggian01_2022,48.25971404805462,2016-present
Golden State Warriors_2023,baldwpa01_2023,15.033296378372908,2016-present
Golden State Warriors_2023,curryst01_2023,44.05678154382138,2016-present
Golden State Warriors_2023,divindo01_2023,43.520110293977886,2016-present
Golden State Warriors_2023,greendr01_2023,47.92702786528704,2016-present
Golden State Warriors_2023,greenja01_2023,28.231188426986208,2016-present
Golden State Warriors_2023,jeromty01_2023,28.5657137141714,2016-present
Golden State Warriors_2023,kuminjo01_2023,37.33630940518894,2016-present
Golden State Warriors_2023,lamban01_2023,34.56877203488721,2016-present
Golden State Warriors_2023,looneke01_2023,44.24929377967517,2016-present
Golden State Warriors_2023,moodymo01_2023,28.583211855912904,2016-present
Golden State Warriors_2023,poolejo01_2023,49.57822102496216,2016-present
Golden State Warriors_2023,thompkl01_2023,47.738873049120045,2016-present
Golden State Warriors_2023,wiggian01_2023,34.49637662132068,2016-present
Golden State Warriors_2023,wisemja01_2023,16.186414056238647,2016-present
Golden State Warriors_2024,curryst01_2024,49.20365840057018,2016-present
Golden State Warriors_2024,greendr01_2024,38.600518131237564,2016-present
Golden State Warriors_2024,jackstr02_2024,33.61547262794322,2016-present
Golden State Warriors_2024,josepco01_2024,17.204650534085253,2016-present
Golden State Warriors_2024,kuminjo01_2024,44.14748010928823,2016-present
Golden State Warriors_2024,looneke01_2024,34.56877203488721,2016-present
Golden State Warriors_2024,moodymo01_2024,34.0,2016-present
Golden State Warriors_2024,paulch01_2024,39.1279950930277,2016-present
Golden State Warriors_2024,paytoga02_2024,26.076809620810597,2016-present
Golden State Warriors_2024,podzibr01_2024,44.36214602563767,2016-present
Golden State Warriors_2024,quinole01_2024,19.849433241279208,2016-present
Golden State Warriors_2024,robinje01_2024,9.0,2016-present
Golden State Warriors_2024,santogu01_2024,13.856406460551018,2016-present
Golden State Warriors_2024,saricda01_2024,33.13608305156178,2016-present
Golden State Warriors_2024,thompkl01_2024,47.791212581394085,2016-present
Golden State Warriors_2024,wiggian01_2024,43.81780460041329,2016-present
Golden State Warriors_2025,anderky01_2025,23.259406699226016,2016-present
Golden State Warriors_2025,butleji01_2025,31.304951684997057,2016-present
Golden State Warriors_2025,curryst01_2025,47.45524207081869,2016-present
Golden State Warriors_2025,greendr01_2025,44.53088815642464,2016-present
Golden State Warriors_2025,hieldbu01_2025,43.162483709814474,2016-present
Golden State Warriors_2025,jackstr02_2025,31.096623610932426,2016-present
Golden State Warriors_2025,kuminjo01_2025,33.823069050575526,2016-present
Golden State Warriors_2025,looneke01_2025,33.793490497431605,2016-present
Golden State Warriors_2025,moodymo01_2025,40.607881008493905,2016-present
Golden State Warriors_2025,paytoga02_2025,30.44667469527666,2016-present
Golden State Warriors_2025,podzibr01_2025,41.42463035441596,2016-present
Golden State Warriors_2025,postqu01_2025,26.19160170741759,2016-present
Golden State Warriors_2025,santogu01_2025,27.60434748368452,2016-present
Golden State Warriors_2025,schrode01_2025,25.059928172283335,2016-present
Golden State Warriors_2025,spencpa01_2025,15.811388300841896,2016-present
Golden State Warriors_2025,waterli01_2025,25.592967784139454,2016-present
Golden State Warriors_2025,wiggian01_2025,36.0,2016-present
Houston Rockets_1999,barklch01_1999,39.06404996924922,1999-2007
Houston Rockets_1999,bullama01_1999,20.322401432901575,1999-2007
Houston Rockets_1999,dickemi01_1999,39.4715087119811,1999-2007
Houston Rockets_1999,drewbr01_1999,21.0,1999-2007
Houston Rockets_1999,harriot01_1999,30.04995840263344,1999-2007
Houston Rockets_1999,macksa01_1999,22.494443758403985,1999-2007
Houston Rockets_1999,millean01_1999,15.7797338380595,1999-2007
Houston Rockets_1999,moblecu01_1999,38.157568056677825,1999-2007
Houston Rockets_1999,olajuha01_1999,42.23742416388575,1999-2007
Houston Rockets_1999,pippesc01_1999,44.844174649557324,1999-2007
Houston Rockets_1999,pricebr01_1999,28.39013913315678,1999-2007
Houston Rockets_2000,andersh01_2000,51.96152422706632,1999-2007
Houston Rockets_2000,bullama01_2000,32.0,1999-2007
Houston Rockets_2000,catoke01_2000,39.761790704142086,1999-2007
Houston Rockets_2000,drewbr01_2000,35.958309192730404,1999-2007
Houston Rockets_2000,francst01_2000,52.687759489277965,1999-2007
Houston Rockets_2000,grayde01_2000,11.135528725660043,1999-2007
Houston Rockets_2000,hamilth01_2000,16.522711641858304,1999-2007
Houston Rockets_2000,millean01_2000,21.817424229271428,1999-2007
Houston Rockets_2000,moblecu01_2000,49.95998398718719,1999-2007
Houston Rockets_2000,norrimo01_2000,22.40535650240808,1999-2007
Houston Rockets_2000,olajuha01_2000,32.38826948140329,1999-2007
Houston Rockets_2000,rogerca01_2000,33.18132004607411,1999-2007
Houston Rockets_2000,thomake01_2000,42.391036788453285,1999-2007
Houston Rockets_2000,williwa02_2000,43.116122274620196,1999-2007
Houston Rockets_2001,andersh01_2001,48.948953002081666,1999-2007
Houston Rockets_2001,bullama01_2001,31.622776601683793,1999-2007
Houston Rockets_2001,catoke01_2001,24.979991993593593,1999-2007
Houston Rockets_2001,collija02_2001,14.89966442575134,1999-2007
Houston Rockets_2001,francst01_2001,56.515484603779164,1999-2007
Houston Rockets_2001,langhda01_2001,15.524174696260024,1999-2007
Houston Rockets_2001,moblecu01_2001,54.7905101272109,1999-2007
Houston Rockets_2001,norrimo01_2001,40.66939881532551,1999-2007
Houston Rockets_2001,olajuha01_2001,39.30648801406709,1999-2007
Houston Rockets_2001,rogerca01_2001,23.323807579381203,1999-2007
Houston Rockets_2001,tayloma01_2001,44.40720662234904,1999-2007
Houston Rockets_2001,thomake01_2001,42.661458015403085,1999-2007
Houston Rockets_2001,williwa02_2001,39.786932528155525,1999-2007
Houston Rockets_2002,brownti01_2002,20.074859899884732,1999-2007
Houston Rockets_2002,catoke01_2002,43.78355855797927,1999-2007
Houston Rockets_2002,collija02_2002,19.1049731745428,1999-2007
Houston Rockets_2002,francst01_2002,48.40454524112379,1999-2007
Houston Rockets_2002,griffed01_2002,43.54308211415448,1999-2007
Houston Rockets_2002,langhda01_2002,20.83266665599966,1999-2007
Houston Rockets_2002,moblecu01_2002,55.82114294781145,1999-2007
Houston Rockets_2002,morrite01_2002,33.31666249791537,1999-2007
Houston Rockets_2002,norrimo01_2002,47.4236228055175,1999-2007
Houston Rockets_2002,thomake01_2002,49.839743177508446,1999-2007
Houston Rockets_2002,torreos01_2002,32.78719262151,1999-2007
Houston Rockets_2002,willike02_2002,29.410882339705484,1999-2007
Houston Rockets_2002,williwa02_2002,33.421549934136806,1999-2007
Houston Rockets_2003,catoke01_2003,35.31288716601915,1999-2007
Houston Rockets_2003,francst01_2003,57.60208329565867,1999-2007
Houston Rockets_2003,griffed01_2003,43.474130238568314,1999-2007
Houston Rockets_2003,hawkiju01_2003,26.1725046566048,1999-2007
Houston Rockets_2003,mingya01_2003,48.80573736764972,1999-2007
Houston Rockets_2003,moblecu01_2003,55.17245689653489,1999-2007
Houston Rockets_2003,morrite01_2003,25.13961017995307,1999-2007
Houston Rockets_2003,norrimo01_2003,37.080992435478315,1999-2007
Houston Rockets_2003,poseyja01_2003,40.570925550201586,1999-2007
Houston Rockets_2003,ricegl01_2003,39.14077158156185,1999-2007
Houston Rockets_2003,tayloma01_2003,37.107950630558946,1999-2007
Houston Rockets_2004,catoke01_2004,41.7492514902962,1999-2007
Houston Rockets_2004,francst01_2004,56.515484603779164,1999-2007
Houston Rockets_2004,jacksji01_2004,55.848008021772806,1999-2007
Houston Rockets_2004,jacksma01_2004,24.020824298928627,1999-2007
Houston Rockets_2004,mingya01_2004,51.884487084291386,1999-2007
Houston Rockets_2004,moblecu01_2004,56.824290580701486,1999-2007
Houston Rockets_2004,nachbbo01_2004,22.715633383201094,1999-2007
Houston Rockets_2004,norrimo01_2004,20.024984394500787,1999-2007
Houston Rockets_2004,padgesc01_2004,23.388031127053,1999-2007
Houston Rockets_2004,piatker01_2004,26.514147167125703,1999-2007
Houston Rockets_2004,tayloma01_2004,45.617978911828175,1999-2007
Houston Rockets_2004,weathcl01_2004,25.534290669607408,1999-2007
Houston Rockets_2004,wilksmi01_2004,12.041594578792296,1999-2007
Houston Rockets_2005,barrean01_2005,17.72004514666935,1999-2007
Houston Rockets_2005,barryjo01_2005,35.07135583350036,1999-2007
Houston Rockets_2005,bowenry01_2005,24.576411454889016,1999-2007
Houston Rockets_2005,howarju01_2005,40.29888335921977,1999-2007
Houston Rockets_2005,jacksji01_2005,31.464265445104548,1999-2007
Houston Rockets_2005,jamesmi01_2005,26.30589287593181,1999-2007
Houston Rockets_2005,luety01_2005,21.88606862823929,1999-2007
Houston Rockets_2005,mcgratr01_2005,56.40921910468182,1999-2007
Houston Rockets_2005,mingya01_2005,49.467160824126545,1999-2007
Houston Rockets_2005,mutomdi01_2005,34.813790371058424,1999-2007
Houston Rockets_2005,padgesc01_2005,30.692018506445613,1999-2007
Houston Rockets_2005,surabo01_2005,43.840620433565945,1999-2007
Houston Rockets_2005,tayloma01_2005,30.083217912982647,1999-2007
Houston Rockets_2005,weathcl01_2005,22.9128784747792,1999-2007
Houston Rockets_2005,wesleda01_2005,42.89522117905443,1999-2007
Houston Rockets_2006,alstora01_2006,49.3051721424842,1999-2007
Houston Rockets_2006,baxtelo01_2006,16.76305461424021,1999-2007
Houston Rockets_2006,boganke01_2006,32.61901286060018,1999-2007
Houston Rockets_2006,bowenry01_2006,25.534290669607408,1999-2007
Houston Rockets_2006,brunsri01_2006,14.66287829861518,1999-2007
Houston Rockets_2006,hayesch01_2006,23.130067012440755,1999-2007
Houston Rockets_2006,headlu01_2006,48.062459362791664,1999-2007
Houston Rockets_2006,howarju01_2006,50.368641037852115,1999-2007
Houston Rockets_2006,mcgratr01_2006,41.773197148410844,1999-2007
Houston Rockets_2006,mingya01_2006,44.14748010928823,1999-2007
Houston Rockets_2006,mutomdi01_2006,30.903074280724887,1999-2007
Houston Rockets_2006,norrimo01_2006,15.524174696260024,1999-2007
Houston Rockets_2006,swiftst01_2006,36.66060555964672,1999-2007
Houston Rockets_2006,wesleda01_2006,48.703182647543684,1999-2007
Houston Rockets_2007,alstora01_2007,55.136195008360886,1999-2007
Houston Rockets_2007,battish01_2007,54.662601474865795,1999-2007
Houston Rockets_2007,hayesch01_2007,41.400483088968905,1999-2007
Houston Rockets_2007,headlu01_2007,47.02127178203499,1999-2007
Houston Rockets_2007,howarju01_2007,46.07602413403309,1999-2007
Houston Rockets_2007,lucasjo02_2007,19.570385790780925,1999-2007
Houston Rockets_2007,mcgratr01_2007,50.38849074937649,1999-2007
Houston Rockets_2007,mingya01_2007,40.29888335921977,1999-2007
Houston Rockets_2007,mutomdi01_2007,35.90264614203248,1999-2007
Houston Rockets_2007,novakst01_2007,13.820274961085254,1999-2007
Houston Rockets_2007,padgesc01_2007,14.071247279470288,1999-2007
Houston Rockets_2007,snydeki01_2007,23.727621035409346,1999-2007
Houston Rockets_2007,spanova01_2007,16.492422502470642,1999-2007
Houston Rockets_2007,wellsbo01_2007,24.289915602982237,1999-2007
Houston Rockets_2008,alstora01_2008,50.25932749251625,2008-2015
Houston Rockets_2008,battish01_2008,53.91660226683428,2008-2015
Houston Rockets_2008,brookaa01_2008,24.657656011875904,2008-2015
Houston Rockets_2008,hayesch01_2008,39.68626966596886,2008-2015
Houston Rockets_2008,headlu01_2008,37.134889255254286,2008-2015
Houston Rockets_2008,jacksbo01_2008,22.315913604421397,2008-2015
Houston Rockets_2008,jamesmi01_2008,23.173260452512935,2008-2015
Houston Rockets_2008,landrca01_2008,26.664583251946766,2008-2015
Houston Rockets_2008,mcgratr01_2008,49.39635614091387,2008-2015
Houston Rockets_2008,mingya01_2008,45.21061822182926,2008-2015
Houston Rockets_2008,mutomdi01_2008,24.879710609249457,2008-2015
Houston Rockets_2008,novakst01_2008,16.24807680927192,2008-2015
Houston Rockets_2008,scolalu01_2008,44.98888751680797,2008-2015
Houston Rockets_2008,wellsbo01_2008,33.52610922848042,2008-2015
Houston Rockets_2009,alstora01_2009,39.88734135035826,2008-2015
Houston Rockets_2009,artesro01_2009,49.51767361255979,2008-2015
Houston Rockets_2009,barrybr01_2009,29.274562336608895,2008-2015
Houston Rockets_2009,battish01_2009,45.066617356974994,2008-2015
Houston Rockets_2009,brookaa01_2009,44.69899327725402,2008-2015
Houston Rockets_2009,hayesch01_2009,29.29163703175362,2008-2015
Houston Rockets_2009,headlu01_2009,17.944358444926362,2008-2015
Houston Rockets_2009,landrca01_2009,38.301436004411116,2008-2015
Houston Rockets_2009,lowryky01_2009,24.657656011875904,2008-2015
Houston Rockets_2009,mcgratr01_2009,34.36568055487916,2008-2015
Houston Rockets_2009,mingya01_2009,50.882216932834204,2008-2015
Houston Rockets_2009,scolalu01_2009,49.879855653359705,2008-2015
Houston Rockets_2009,wafervo01_2009,35.0,2008-2015
Houston Rockets_2010,anderda03_2010,29.8496231131986,2008-2015
Houston Rockets_2010,arizatr01_2010,51.273774973177076,2008-2015
Houston Rockets_2010,battish01_2010,46.561786907291264,2008-2015
Houston Rockets_2010,brookaa01_2010,54.0277706369604,2008-2015
Houston Rockets_2010,budinch01_2010,38.57460304397182,2008-2015
Houston Rockets_2010,hayesch01_2010,42.1070065428546,2008-2015
Houston Rockets_2010,hilljo01_2010,19.28730152198591,2008-2015
Houston Rockets_2010,landrca01_2010,37.61648574760805,2008-2015
Houston Rockets_2010,lowryky01_2010,40.63249930782009,2008-2015
Houston Rockets_2010,martike02_2010,29.30870177950569,2008-2015
Houston Rockets_2010,scolalu01_2010,51.6817182376902,2008-2015
Houston Rockets_2010,tayloje02_2010,17.406895185529212,2008-2015
Houston Rockets_2011,battish01_2011,42.638011210655684,2008-2015
Houston Rockets_2011,brookaa01_2011,28.478061731796284,2008-2015
Houston Rockets_2011,budinch01_2011,41.689327171351664,2008-2015
Houston Rockets_2011,dragigo01_2011,19.44222209522358,2008-2015
Houston Rockets_2011,hayesch01_2011,45.59605246071199,2008-2015
Houston Rockets_2011,hilljo01_2011,33.54101966249684,2008-2015
Houston Rockets_2011,leeco01_2011,41.50903516103452,2008-2015
Houston Rockets_2011,lowryky01_2011,50.62608023538856,2008-2015
Houston Rockets_2011,martike02_2011,51.01960407529639,2008-2015
Houston Rockets_2011,millebr01_2011,31.85906464414798,2008-2015
Houston Rockets_2011,pattepa01_2011,29.46183972531247,2008-2015
Houston Rockets_2011,scolalu01_2011,49.1121166312347,2008-2015
Houston Rockets_2011,smithis01_2011,18.138357147217054,2008-2015
Houston Rockets_2012,budinch01_2012,36.02776706930364,2008-2015
Houston Rockets_2012,dalemsa01_2012,38.02630668366309,2008-2015
Houston Rockets_2012,dragigo01_2012,41.8568990729127,2008-2015
Houston Rockets_2012,hilljo01_2012,21.656407827707714,2008-2015
Houston Rockets_2012,leeco01_2012,41.916583830269374,2008-2015
Houston Rockets_2012,lowryky01_2012,38.8587184554509,2008-2015
Houston Rockets_2012,martike02_2012,35.552777669262355,2008-2015
Houston Rockets_2012,parsoch01_2012,42.473521163190604,2008-2015
Houston Rockets_2012,pattepa01_2012,38.50973902793941,2008-2015
Houston Rockets_2012,scolalu01_2012,45.46427168667722,2008-2015
Houston Rockets_2013,aldrico01_2013,14.594519519326424,2008-2015
Houston Rockets_2013,anderja01_2013,17.52141546793523,2008-2015
Houston Rockets_2013,asikom01_2013,49.63869458396343,2008-2015
Houston Rockets_2013,beverpa01_2013,26.70205984563738,2008-2015
Houston Rockets_2013,delfica01_2013,41.09744517606904,2008-2015
Houston Rockets_2013,douglto01_2013,30.215889859476256,2008-2015
Houston Rockets_2013,hardeja01_2013,54.63515351859094,2008-2015
Houston Rockets_2013,linje01_2013,51.38093031466052,2008-2015
Houston Rockets_2013,morrima03_2013,33.97057550292606,2008-2015
Houston Rockets_2013,motiedo01_2013,23.194827009486403,2008-2015
Houston Rockets_2013,parsoch01_2013,52.51666402200353,2008-2015
Houston Rockets_2013,pattepa01_2013,34.91418050019218,2008-2015
Houston Rockets_2013,smithgr02_2013,33.31666249791537,2008-2015
Houston Rockets_2014,asikom01_2014,31.11269837220809,2008-2015
Houston Rockets_2014,beverpa01_2014,41.84495190581536,2008-2015
Houston Rockets_2014,brewero02_2014,12.569805089976535,2008-2015
Houston Rockets_2014,brookaa01_2014,26.758176320519304,2008-2015
Houston Rockets_2014,canaais01_2014,15.874507866387544,2008-2015
Houston Rockets_2014,casspom01_2014,35.81898937714463,2008-2015
Houston Rockets_2014,garcifr01_2014,32.90896534380867,2008-2015
Houston Rockets_2014,hamiljo02_2014,18.681541692269406,2008-2015
Houston Rockets_2014,hardeja01_2014,52.69724850502159,2008-2015
Houston Rockets_2014,howardw01_2014,48.948953002081666,2008-2015
Houston Rockets_2014,joneste01_2014,45.58508528016593,2008-2015
Houston Rockets_2014,linje01_2014,45.32107677449864,2008-2015
Houston Rockets_2014,motiedo01_2014,30.854497241083024,2008-2015
Houston Rockets_2014,parsoch01_2014,52.754146756439916,2008-2015
Houston Rockets_2015,arizatr01_2015,54.12947441089743,2008-2015
Houston Rockets_2015,beverpa01_2015,41.557189510360296,2008-2015
Houston Rockets_2015,blackta01_2015,19.82422760159901,2008-2015
Houston Rockets_2015,breweco01_2015,37.5099986670221,2008-2015
Houston Rockets_2015,canaais01_2015,19.209372712298546,2008-2015
Houston Rockets_2015,dorsejo01_2015,29.223278392404914,2008-2015
Houston Rockets_2015,hardeja01_2015,54.59853477887479,2008-2015
Houston Rockets_2015,howardw01_2015,34.97141690009142,2008-2015
Houston Rockets_2015,johnsni01_2015,16.186414056238647,2008-2015
Houston Rockets_2015,joneste01_2015,29.816103031751148,2008-2015
Houston Rockets_2015,motiedo01_2015,45.13313638558703,2008-2015
Houston Rockets_2015,papanko01_2015,28.19574435974337,2008-2015
Houston Rockets_2015,prigipa01_2015,20.049937655763422,2008-2015
Houston Rockets_2015,smithjo03_2015,37.469987990390386,2008-2015
Houston Rockets_2015,terryja01_2015,40.50925820105819,2008-2015
Houston Rockets_2016,arizatr01_2016,53.4696175411794,2016-present
Houston Rockets_2016,beverpa01_2016,45.17742799230607,2016-present
Houston Rockets_2016,breweco01_2016,40.85339643163099,2016-present
Houston Rockets_2016,capelca01_2016,38.353617821530214,2016-present
Houston Rockets_2016,hardeja01_2016,55.90169943749474,2016-present
Houston Rockets_2016,harremo01_2016,19.467922333931785,2016-present
Houston Rockets_2016,howardw01_2016,47.74934554525329,2016-present
Houston Rockets_2016,joneste01_2016,32.31098884280702,2016-present
Houston Rockets_2016,lawsoty01_2016,34.292856398964496,2016-present
Houston Rockets_2016,mcdankj01_2016,15.329709716755891,2016-present
Houston Rockets_2016,motiedo01_2016,23.388031127053,2016-present
Houston Rockets_2016,smithjo03_2016,20.518284528683193,2016-present
Houston Rockets_2016,terryja01_2016,35.4682957019364,2016-present
Houston Rockets_2016,thornma01_2016,29.748949561287034,2016-present
Houston Rockets_2017,anderry01_2017,46.0,2016-present
Houston Rockets_2017,arizatr01_2017,52.65928218272634,2016-present
Houston Rockets_2017,beverpa01_2017,45.36518488885502,2016-present
Houston Rockets_2017,breweco01_2017,30.380915061926625,2016-present
Houston Rockets_2017,brownbo02_2017,11.090536506409418,2016-present
Houston Rockets_2017,capelca01_2017,39.382737335030434,2016-present
Houston Rockets_2017,dekkesa01_2017,37.66961640367472,2016-present
Houston Rockets_2017,ennisty01_2017,14.0,2016-present
Houston Rockets_2017,gordoer01_2017,48.19751030914356,2016-present
Houston Rockets_2017,hardeja01_2017,54.286278192559855,2016-present
Houston Rockets_2017,harremo01_2017,32.61901286060018,2016-present
Houston Rockets_2017,hilarne01_2017,34.61213659975356,2016-present
Houston Rockets_2017,mcdankj01_2017,14.560219778561036,2016-present
Houston Rockets_2017,willilo02_2017,24.310491562286437,2016-present
Houston Rockets_2018,anderry01_2018,41.53311931459037,2016-present
Houston Rockets_2018,arizatr01_2018,47.634021455258214,2016-present
Houston Rockets_2018,blackta01_2018,23.15167380558045,2016-present
Houston Rockets_2018,capelca01_2018,45.09988913511872,2016-present
Houston Rockets_2018,gordoer01_2018,46.411205543489174,2016-present
Houston Rockets_2018,greenge01_2018,30.479501308256342,2016-present
Houston Rockets_2018,hardeja01_2018,50.50742519669756,2016-present
Houston Rockets_2018,hilarne01_2018,27.53179979587241,2016-present
Houston Rockets_2018,johnsjo02_2018,22.47220505424423,2016-present
Houston Rockets_2018,mbahalu01_2018,39.54743986657038,2016-present
Houston Rockets_2018,paulch01_2018,42.9767378938886,2016-present
Houston Rockets_2018,tuckepj01_2018,47.75981574503821,2016-present
Houston Rockets_2019,capelca01_2019,47.4236228055175,2016-present
Houston Rockets_2019,clarkga01_2019,25.317977802344327,2016-present
Houston Rockets_2019,ennisja01_2019,30.805843601498726,2016-present
Houston Rockets_2019,farieke01_2019,24.698178070456937,2016-present
Houston Rockets_2019,gordoer01_2019,46.45427859734774,2016-present
Houston Rockets_2019,greenge01_2019,38.379682124790975,2016-present
Houston Rockets_2019,hardeja01_2019,53.54437412091022,2016-present
Houston Rockets_2019,harteis01_2019,14.866068747318506,2016-present
Houston Rockets_2019,hilarne01_2019,23.366642891095847,2016-present
Houston Rockets_2019,houseda01_2019,31.28897569432403,2016-present
Houston Rockets_2019,paulch01_2019,43.09292285283048,2016-present
Houston Rockets_2019,riverau01_2019,36.6742416417845,2016-present
Houston Rockets_2019,tuckepj01_2019,52.933921071464184,2016-present
Houston Rockets_2020,capelca01_2020,35.76310948449533,2016-present
Houston Rockets_2020,chandty01_2020,14.798648586948742,2016-present
Houston Rockets_2020,clemoch01_2020,17.05872210923198,2016-present
Houston Rockets_2020,covinro01_2020,26.94438717061496,2016-present
Houston Rockets_2020,gordoer01_2020,31.874754901018456,2016-present
Houston Rockets_2020,hardeja01_2020,49.82971001320397,2016-present
Houston Rockets_2020,harteis01_2020,16.30950643030009,2016-present
Houston Rockets_2020,houseda01_2020,43.73785545725808,2016-present
Houston Rockets_2020,mclembe01_2020,40.23679907746142,2016-present
Houston Rockets_2020,riverau01_2020,39.92492955535426,2016-present
Houston Rockets_2020,sefolth01_2020,20.8806130178211,2016-present
Houston Rockets_2020,tuckepj01_2020,49.66890375275057,2016-present
Houston Rockets_2020,westbru01_2020,45.2658811910251,2016-present
Houston Rockets_2021,brownst02_2021,35.05709628591621,2016-present
Houston Rockets_2021,couside01_2021,22.494443758403985,2016-present
Houston Rockets_2021,gordoer01_2021,28.089143810376278,2016-present
Houston Rockets_2021,houseda01_2021,30.528675044947494,2016-present
Houston Rockets_2021,jonesma05_2021,17.52141546793523,2016-present
Houston Rockets_2021,lamban01_2021,20.37154878746336,2016-present
Houston Rockets_2021,martike04_2021,32.68026927673638,2016-present
Houston Rockets_2021,mclembe01_2021,23.173260452512935,2016-present
Houston Rockets_2021,nwabada01_2021,26.057628441590765,2016-present
Houston Rockets_2021,olynyke01_2021,28.982753492378876,2016-present
Houston Rockets_2021,porteke02_2021,28.89636655359978,2016-present
Houston Rockets_2021,tateja01_2021,45.19955751995809,2016-present
Houston Rockets_2021,tuckepj01_2021,30.967725134404045,2016-present
Houston Rockets_2021,walljo01_2021,35.888716889852724,2016-present
Houston Rockets_2021,wilsodj01_2021,18.110770276274835,2016-present
Houston Rockets_2021,woodch01_2021,36.41428291206625,2016-present
Houston Rockets_2022,augusdj01_2022,22.58317958127243,2016-present
Houston Rockets_2022,brookar01_2022,26.267851073127396,2016-present
Houston Rockets_2022,chrisjo01_2022,36.52396473549935,2016-present
Houston Rockets_2022,garubus01_2022,15.459624833740307,2016-present
Houston Rockets_2022,gordoer01_2022,40.85339643163099,2016-present
Houston Rockets_2022,greenja05_2022,46.238512086787566,2016-present
Houston Rockets_2022,martike04_2022,40.69397989875161,2016-present
Houston Rockets_2022,mathega01_2022,41.376321731154405,2016-present
Houston Rockets_2022,nixda01_2022,16.15549442140351,2016-present
Houston Rockets_2022,nwabada01_2022,24.677925358506133,2016-present
Houston Rockets_2022,porteke02_2022,43.669211121796096,2016-present
Houston Rockets_2022,sengual01_2022,38.58756276314948,2016-present
Houston Rockets_2022,tateja01_2022,45.34313619501854,2016-present
Houston Rockets_2022,theisda01_2022,24.166091947189145,2016-present
Houston Rockets_2022,woodch01_2022,45.760244754590204,2016-present
Houston Rockets_2023,chrisjo01_2023,28.035691537752374,2016-present
Houston Rockets_2023,easonta01_2023,42.035699113967404,2016-present
Houston Rockets_2023,fernabr01_2023,19.078784028338912,2016-present
Houston Rockets_2023,garubus01_2023,31.144823004794873,2016-present
Houston Rockets_2023,gordoer01_2023,37.656340767525464,2016-present
Houston Rockets_2023,greenja05_2023,51.0098029794274,2016-present
Houston Rockets_2023,marjabo01_2023,13.076696830622021,2016-present
Houston Rockets_2023,martike04_2023,47.8748368143433,2016-present
Houston Rockets_2023,mathega01_2023,24.535688292770594,2016-present
Houston Rockets_2023,nixda01_2023,30.23243291566195,2016-present
Houston Rockets_2023,porteke02_2023,44.98888751680797,2016-present
Houston Rockets_2023,sengual01_2023,46.593991028886975,2016-present
Houston Rockets_2023,smithja05_2023,49.50757517794625,2016-present
Houston Rockets_2023,tateja01_2023,26.019223662515376,2016-present
Houston Rockets_2023,washity02_2023,20.808652046684813,2016-present
Houston Rockets_2024,brookdi01_2024,47.19110085598767,2016-present
Houston Rockets_2024,bullore01_2024,20.42057785666214,2016-present
Houston Rockets_2024,easonta01_2024,21.908902300206645,2016-present
Houston Rockets_2024,greenja05_2024,51.0,2016-present
Houston Rockets_2024,greenje02_2024,36.15245496505044,2016-present
Houston Rockets_2024,holidaa01_2024,35.62302626111375,2016-present
Houston Rockets_2024,landajo01_2024,27.622454633866266,2016-present
Houston Rockets_2024,sengual01_2024,45.232731511594565,2016-present
Houston Rockets_2024,smithja05_2024,49.23413450036468,2016-present
Houston Rockets_2024,tateja01_2024,32.109188716004645,2016-present
Houston Rockets_2024,thompam01_2024,37.255872020394314,2016-present
Houston Rockets_2024,vanvlfr01_2024,51.807335387954474,2016-present
Houston Rockets_2024,whitmca01_2024,29.664793948382652,2016-present
Houston Rockets_2024,willije02_2024,11.357816691600547,2016-present
Houston Rockets_2025,adamsst01_2025,28.178005607210743,2016-present
Houston Rockets_2025,brookdi01_2025,48.86716689148246,2016-present
Houston Rockets_2025,easonta01_2025,37.68288736283355,2016-present
Houston Rockets_2025,greenja05_2025,51.93264869039514,2016-present
Houston Rockets_2025,greenje02_2025,19.8997487421324,2016-present
Houston Rockets_2025,holidaa01_2025,28.142494558940577,2016-present
Houston Rockets_2025,landajo01_2025,22.360679774997898,2016-present
Houston Rockets_2025,sengual01_2025,48.938737212968626,2016-present
Houston Rockets_2025,sheppre01_2025,25.573423705088842,2016-present
Houston Rockets_2025,smithja05_2025,41.42463035441596,2016-present
Houston Rockets_2025,tateja01_2025,24.24871130596428,2016-present
Houston Rockets_2025,thompam01_2025,47.16990566028302,2016-present
Houston Rockets_2025,vanvlfr01_2025,45.94562003064057,2016-present
Houston Rockets_2025,whitmca01_2025,28.75760768909681,2016-present
Indiana Pacers_1999,besttr01_1999,32.29551052391029,1999-2007
Indiana Pacers_1999,croshau01_1999,15.7797338380595,1999-2007
Indiana Pacers_1999,davisan01_1999,35.651086939951774,1999-2007
Indiana Pacers_1999,davisda01_1999,37.067505985701274,1999-2007
Indiana Pacers_1999,harrial01_1999,12.649110640673518,1999-2007
Indiana Pacers_1999,jacksma01_1999,37.17526059088221,1999-2007
Indiana Pacers_1999,millere01_1999,42.2729227756965,1999-2007
Indiana Pacers_1999,mullich01_1999,34.336569426778794,1999-2007
Indiana Pacers_1999,perkisa01_1999,28.089143810376278,1999-2007
Indiana Pacers_1999,roseja01_1999,35.185224171518364,1999-2007
Indiana Pacers_1999,smitsri01_1999,35.651086939951774,1999-2007
Indiana Pacers_2000,bendejo01_2000,11.40175425099138,1999-2007
Indiana Pacers_2000,besttr01_2000,41.12177038990418,1999-2007
Indiana Pacers_2000,croshau01_2000,43.41658669218482,1999-2007
Indiana Pacers_2000,davisda01_2000,46.119410230400824,1999-2007
Indiana Pacers_2000,harrial01_2000,29.223278392404914,1999-2007
Indiana Pacers_2000,jacksma01_2000,46.79743582719036,1999-2007
Indiana Pacers_2000,mckeyde01_2000,25.179356624028344,1999-2007
Indiana Pacers_2000,millere01_2000,54.653453687758834,1999-2007
Indiana Pacers_2000,mullich01_2000,24.124676163629637,1999-2007
Indiana Pacers_2000,perkisa01_2000,40.24922359499622,1999-2007
Indiana Pacers_2000,roseja01_2000,54.57105459856901,1999-2007
Indiana Pacers_2000,smitsri01_2000,43.034869582700026,1999-2007
Indiana Pacers_2001,bendejo01_2001,23.958297101421877,1999-2007
Indiana Pacers_2001,besttr01_2001,49.56813492557492,1999-2007
Indiana Pacers_2001,croshau01_2001,43.289721643826724,1999-2007
Indiana Pacers_2001,edneyty01_2001,16.217274740226856,1999-2007
Indiana Pacers_2001,fosteje01_2001,33.94112549695428,1999-2007
Indiana Pacers_2001,harrial01_2001,43.497126341863094,1999-2007
Indiana Pacers_2001,mckeyde01_2001,31.416556144810016,1999-2007
Indiana Pacers_2001,millere01_2001,56.4003546088143,1999-2007
Indiana Pacers_2001,onealje01_2001,51.39066063011839,1999-2007
Indiana Pacers_2001,perkisa01_2001,31.606961258558215,1999-2007
Indiana Pacers_2001,roseja01_2001,54.249423960075376,1999-2007
Indiana Pacers_2001,tabakza01_2001,27.874719729532707,1999-2007
Indiana Pacers_2002,artesro01_2002,28.61817604250837,1999-2007
Indiana Pacers_2002,bendejo01_2002,40.58324777540605,1999-2007
Indiana Pacers_2002,besttr01_2002,30.886890422961002,1999-2007
Indiana Pacers_2002,brezepr01_2002,12.649110640673518,1999-2007
Indiana Pacers_2002,croshau01_2002,35.86084215408221,1999-2007
Indiana Pacers_2002,fosteje01_2002,42.261093218230876,1999-2007
Indiana Pacers_2002,harrial01_2002,36.235341863986875,1999-2007
Indiana Pacers_2002,millebr01_2002,29.5296461204668,1999-2007
Indiana Pacers_2002,millere01_2002,53.749418601506754,1999-2007
Indiana Pacers_2002,ollieke01_2002,24.020824298928627,1999-2007
Indiana Pacers_2002,onealje01_2002,52.028838157314254,1999-2007
Indiana Pacers_2002,rogerca01_2002,12.96148139681572,1999-2007
Indiana Pacers_2002,roseja01_2002,44.01136216933077,1999-2007
Indiana Pacers_2002,sundobr01_2002,9.38083151964686,1999-2007
Indiana Pacers_2002,tinslja01_2002,49.416596402423345,1999-2007
Indiana Pacers_2003,artesro01_2003,48.13522618623496,1999-2007
Indiana Pacers_2003,bendejo01_2003,28.61817604250837,1999-2007
Indiana Pacers_2003,brezepr01_2003,10.535653752852738,1999-2007
Indiana Pacers_2003,croshau01_2003,25.15949125081825,1999-2007
Indiana Pacers_2003,fosteje01_2003,28.319604517012593,1999-2007
Indiana Pacers_2003,harrial01_2003,49.66890375275057,1999-2007
Indiana Pacers_2003,mercero01_2003,40.87786687193939,1999-2007
Indiana Pacers_2003,millebr01_2003,47.644516998286385,1999-2007
Indiana Pacers_2003,millere01_2003,46.010868281309364,1999-2007
Indiana Pacers_2003,onealje01_2003,53.51635264103861,1999-2007
Indiana Pacers_2003,stricer01_2003,35.70714214271425,1999-2007
Indiana Pacers_2003,tinslja01_2003,47.29693436154187,1999-2007
Indiana Pacers_2004,anderke01_2004,30.083217912982647,1999-2007
Indiana Pacers_2004,artesro01_2004,52.09606511052442,1999-2007
Indiana Pacers_2004,bendejo01_2004,16.46207763315433,1999-2007
Indiana Pacers_2004,croshau01_2004,32.41913015489465,1999-2007
Indiana Pacers_2004,fosteje01_2004,44.28317965096906,1999-2007
Indiana Pacers_2004,harrial01_2004,49.4064773081425,1999-2007
Indiana Pacers_2004,johnsan02_2004,39.97499218261337,1999-2007
Indiana Pacers_2004,jonesfr01_2004,38.8329756778952,1999-2007
Indiana Pacers_2004,millere01_2004,47.47630988187688,1999-2007
Indiana Pacers_2004,onealje01_2004,52.80151512977634,1999-2007
Indiana Pacers_2004,pollasc01_2004,26.038433132583073,1999-2007
Indiana Pacers_2004,tinslja01_2004,37.12142238654117,1999-2007
Indiana Pacers_2005,croshau01_2005,42.74342054632502,1999-2007
Indiana Pacers_2005,davisda01_2005,27.018512172212592,1999-2007
Indiana Pacers_2005,edwarjo01_2005,11.789826122551595,1999-2007
Indiana Pacers_2005,fosteje01_2005,39.92492955535426,1999-2007
Indiana Pacers_2005,gilled01_2005,31.953090617340916,1999-2007
Indiana Pacers_2005,harrida01_2005,27.568097504180443,1999-2007
Indiana Pacers_2005,jacksst02_2005,42.49705872175156,1999-2007
Indiana Pacers_2005,johnsan02_2005,41.79712908801273,1999-2007
Indiana Pacers_2005,jonesfr01_2005,47.62352359916263,1999-2007
Indiana Pacers_2005,jonesja02_2005,36.46916505762094,1999-2007
Indiana Pacers_2005,millere01_2005,45.880278987817846,1999-2007
Indiana Pacers_2005,onealje01_2005,39.11521443121589,1999-2007
Indiana Pacers_2005,pollasc01_2005,29.410882339705484,1999-2007
Indiana Pacers_2005,tinslja01_2005,36.069377593742864,1999-2007
Indiana Pacers_2006,croshau01_2006,33.88214869219483,1999-2007
Indiana Pacers_2006,fosteje01_2006,39.761790704142086,1999-2007
Indiana Pacers_2006,gilled01_2006,11.045361017187261,1999-2007
Indiana Pacers_2006,grangda01_2006,42.01190307520001,1999-2007
Indiana Pacers_2006,harrida01_2006,32.155870381627054,1999-2007
Indiana Pacers_2006,jacksst02_2006,53.94441583704471,1999-2007
Indiana Pacers_2006,jasiksa01_2006,39.45883931389772,1999-2007
Indiana Pacers_2006,johnsan02_2006,44.50842616853577,1999-2007
Indiana Pacers_2006,jonesfr01_2006,42.86023798347368,1999-2007
Indiana Pacers_2006,onealje01_2006,42.44997055358225,1999-2007
Indiana Pacers_2006,pollasc01_2006,27.76688675382964,1999-2007
Indiana Pacers_2006,stojape01_2006,38.13135192987524,1999-2007
Indiana Pacers_2006,tinslja01_2006,33.49626844888845,1999-2007
Indiana Pacers_2007,armstda01_2007,35.70714214271425,1999-2007
Indiana Pacers_2007,bastoma01_2007,20.12461179749811,1999-2007
Indiana Pacers_2007,daniema01_2007,28.284271247461902,1999-2007
Indiana Pacers_2007,dioguik01_2007,23.194827009486403,1999-2007
Indiana Pacers_2007,dunlemi02_2007,39.102429592034305,1999-2007
Indiana Pacers_2007,fosteje01_2007,41.71330722922842,1999-2007
Indiana Pacers_2007,grangda01_2007,52.773099207835045,1999-2007
Indiana Pacers_2007,greenor01_2007,15.937377450509228,1999-2007
Indiana Pacers_2007,harrial01_2007,34.75629439396553,1999-2007
Indiana Pacers_2007,harrida01_2007,13.784048752090222,1999-2007
Indiana Pacers_2007,jacksst02_2007,34.438350715445125,1999-2007
Indiana Pacers_2007,jasiksa01_2007,25.768197453450252,1999-2007
Indiana Pacers_2007,marshra01_2007,19.0,1999-2007
Indiana Pacers_2007,mcleoke01_2007,18.411952639521967,1999-2007
Indiana Pacers_2007,murphtr01_2007,34.42382895611701,1999-2007
Indiana Pacers_2007,onealje01_2007,49.58830507286975,1999-2007
Indiana Pacers_2007,tinslja01_2007,47.36032094485847,1999-2007
Indiana Pacers_2007,willish03_2007,23.57965224510319,1999-2007
Indiana Pacers_2008,daniema01_2008,39.319206502675,2008-2015
Indiana Pacers_2008,dienetr01_2008,36.823905279043935,2008-2015
Indiana Pacers_2008,dioguik01_2008,17.46424919657298,2008-2015
Indiana Pacers_2008,dunlemi02_2008,54.3415126767741,2008-2015
Indiana Pacers_2008,fosteje01_2008,43.40506882842141,2008-2015
Indiana Pacers_2008,grahast01_2008,11.313708498984761,2008-2015
Indiana Pacers_2008,grangda01_2008,53.62835071116769,2008-2015
Indiana Pacers_2008,harrida01_2008,26.49528259898354,2008-2015
Indiana Pacers_2008,murphtr01_2008,45.89117562233506,2008-2015
Indiana Pacers_2008,murraro01_2008,22.956480566497994,2008-2015
Indiana Pacers_2008,onealje01_2008,34.72751070837067,2008-2015
Indiana Pacers_2008,owensan01_2008,19.79898987322333,2008-2015
Indiana Pacers_2008,rushka01_2008,38.781438859330635,2008-2015
Indiana Pacers_2008,tinslja01_2008,35.958309192730404,2008-2015
Indiana Pacers_2008,willish03_2008,31.096623610932426,2008-2015
Indiana Pacers_2009,bastoma01_2009,14.730919862656235,2008-2015
Indiana Pacers_2009,daniema01_2009,41.23105625617661,2008-2015
Indiana Pacers_2009,dienetr01_2009,26.814175355583846,2008-2015
Indiana Pacers_2009,fordtj01_2009,47.51841748206689,2008-2015
Indiana Pacers_2009,fosteje01_2009,42.7551166528639,2008-2015
Indiana Pacers_2009,grahast01_2009,26.153393661244042,2008-2015
Indiana Pacers_2009,grangda01_2009,49.23413450036468,2008-2015
Indiana Pacers_2009,hibbero01_2009,31.76476034853718,2008-2015
Indiana Pacers_2009,jackja01_2009,52.11525688318153,2008-2015
Indiana Pacers_2009,mcrobjo01_2009,16.703293088490067,2008-2015
Indiana Pacers_2009,murphtr01_2009,49.8196748283246,2008-2015
Indiana Pacers_2009,nestera01_2009,34.84250278036869,2008-2015
Indiana Pacers_2009,rushbr01_2009,42.46174749112429,2008-2015
Indiana Pacers_2010,dunlemi02_2010,38.54867053479276,2008-2015
Indiana Pacers_2010,fordtj01_2010,34.48187929913333,2008-2015
Indiana Pacers_2010,grangda01_2010,47.7283982551269,2008-2015
Indiana Pacers_2010,hansbty01_2010,22.60530911091463,2008-2015
Indiana Pacers_2010,headlu01_2010,28.513154858766505,2008-2015
Indiana Pacers_2010,hibbero01_2010,45.110974274559844,2008-2015
Indiana Pacers_2010,jonesda02_2010,43.497126341863094,2008-2015
Indiana Pacers_2010,jonesso01_2010,25.98076211353316,2008-2015
Indiana Pacers_2010,mcrobjo01_2010,22.891046284519195,2008-2015
Indiana Pacers_2010,murphtr01_2010,48.41487374764082,2008-2015
Indiana Pacers_2010,priceaj01_2010,29.410882339705484,2008-2015
Indiana Pacers_2010,rushbr01_2010,49.90991885387112,2008-2015
Indiana Pacers_2010,watsoea01_2010,48.187135212627034,2008-2015
Indiana Pacers_2011,collida01_2011,48.579831205964474,2008-2015
Indiana Pacers_2011,dunlemi02_2011,41.02438299353203,2008-2015
Indiana Pacers_2011,fordtj01_2011,27.80287754891569,2008-2015
Indiana Pacers_2011,fosteje01_2011,30.659419433511783,2008-2015
Indiana Pacers_2011,georgpa01_2011,35.566838487557476,2008-2015
Indiana Pacers_2011,grangda01_2011,52.5642464038057,2008-2015
Indiana Pacers_2011,hansbty01_2011,39.179076048319466,2008-2015
Indiana Pacers_2011,hibbero01_2011,47.37087712930804,2008-2015
Indiana Pacers_2011,jonesda02_2011,24.269322199023193,2008-2015
Indiana Pacers_2011,jonesso01_2011,22.978250586152114,2008-2015
Indiana Pacers_2011,mcrobjo01_2011,39.96248240537617,2008-2015
Indiana Pacers_2011,poseyja01_2011,28.965496715920477,2008-2015
Indiana Pacers_2011,priceaj01_2011,28.19574435974337,2008-2015
Indiana Pacers_2011,rushbr01_2011,41.88078318274385,2008-2015
Indiana Pacers_2012,amundlo01_2012,27.440845468024488,2008-2015
Indiana Pacers_2012,barbole01_2012,20.8806130178211,2008-2015
Indiana Pacers_2012,collida01_2012,43.3358973600409,2008-2015
Indiana Pacers_2012,georgpa01_2012,44.24929377967517,2008-2015
Indiana Pacers_2012,grangda01_2012,45.40925015897091,2008-2015
Indiana Pacers_2012,hansbty01_2012,37.97367509209505,2008-2015
Indiana Pacers_2012,hibbero01_2012,44.01136216933077,2008-2015
Indiana Pacers_2012,hillge01_2012,35.6931365951495,2008-2015
Indiana Pacers_2012,jonesda02_2012,32.43454948045371,2008-2015
Indiana Pacers_2012,priceaj01_2012,23.83275057562597,2008-2015
Indiana Pacers_2012,stephla01_2012,21.02379604162864,2008-2015
Indiana Pacers_2012,westda01_2012,43.87482193696061,2008-2015
Indiana Pacers_2013,augusdj01_2013,35.014282800023196,2008-2015
Indiana Pacers_2013,georgpa01_2013,54.516052681756044,2008-2015
Indiana Pacers_2013,greenge01_2013,32.863353450309965,2008-2015
Indiana Pacers_2013,hansbbe01_2013,14.142135623730951,2008-2015
Indiana Pacers_2013,hansbty01_2013,36.959437225152655,2008-2015
Indiana Pacers_2013,hibbero01_2013,47.634021455258214,2008-2015
Indiana Pacers_2013,hillge01_2013,51.18593556827891,2008-2015
Indiana Pacers_2013,johnsor01_2013,24.879710609249457,2008-2015
Indiana Pacers_2013,mahinia01_2013,36.359317925395686,2008-2015
Indiana Pacers_2013,pendeje02_2013,19.209372712298546,2008-2015
Indiana Pacers_2013,stephla01_2013,47.7283982551269,2008-2015
Indiana Pacers_2013,westda01_2013,49.34571916590131,2008-2015
Indiana Pacers_2013,youngsa01_2013,26.324893162176366,2008-2015
Indiana Pacers_2014,butlera01_2014,19.44222209522358,2008-2015
Indiana Pacers_2014,copelch01_2014,16.278820596099706,2008-2015
Indiana Pacers_2014,georgpa01_2014,53.83307533477908,2008-2015
Indiana Pacers_2014,grangda01_2014,25.553864678361276,2008-2015
Indiana Pacers_2014,hibbero01_2014,49.08156476723211,2008-2015
Indiana Pacers_2014,hillge01_2014,49.33558553417604,2008-2015
Indiana Pacers_2014,hillso01_2014,15.033296378372908,2008-2015
Indiana Pacers_2014,johnsor01_2014,18.49324200890693,2008-2015
Indiana Pacers_2014,mahinia01_2014,35.32704346531139,2008-2015
Indiana Pacers_2014,scolalu01_2014,37.403208418530085,2008-2015
Indiana Pacers_2014,sloando01_2014,19.79898987322333,2008-2015
Indiana Pacers_2014,stephla01_2014,52.459508194416,2008-2015
Indiana Pacers_2014,turneev01_2014,23.895606290697042,2008-2015
Indiana Pacers_2014,watsocj01_2014,34.539832078341085,2008-2015
Indiana Pacers_2014,westda01_2014,49.71921157862421,2008-2015
Indiana Pacers_2015,allenla01_2015,32.71085446759225,2008-2015
Indiana Pacers_2015,copelch01_2015,28.77498913987632,2008-2015
Indiana Pacers_2015,hibbero01_2015,43.88621651498338,2008-2015
Indiana Pacers_2015,hillge01_2015,35.59494346111537,2008-2015
Indiana Pacers_2015,hillso01_2015,48.79549159502341,2008-2015
Indiana Pacers_2015,mahinia01_2015,33.85262175962151,2008-2015
Indiana Pacers_2015,milescj01_2015,42.906875905849866,2008-2015
Indiana Pacers_2015,rudezda01_2015,32.357379374726875,2008-2015
Indiana Pacers_2015,scolalu01_2015,40.7308237088326,2008-2015
Indiana Pacers_2015,sloando01_2015,33.27160951922825,2008-2015
Indiana Pacers_2015,stuckro01_2015,43.289721643826724,2008-2015
Indiana Pacers_2015,watsocj01_2015,37.70941526992961,2008-2015
Indiana Pacers_2015,westda01_2015,43.53159771935783,2008-2015
Indiana Pacers_2016,allenla01_2016,39.98749804626441,2016-present
Indiana Pacers_2016,budinch01_2016,27.0,2016-present
Indiana Pacers_2016,ellismo01_2016,52.28766584960549,2016-present
Indiana Pacers_2016,georgpa01_2016,53.094255809833136,2016-present
Indiana Pacers_2016,hillge01_2016,50.23942674832188,2016-present
Indiana Pacers_2016,hilljo01_2016,38.897300677553446,2016-present
Indiana Pacers_2016,hillso01_2016,29.427877939124322,2016-present
Indiana Pacers_2016,mahinia01_2016,42.61455150532503,2016-present
Indiana Pacers_2016,milescj01_2016,38.262252939417984,2016-present
Indiana Pacers_2016,robingl02_2016,22.538855339169288,2016-present
Indiana Pacers_2016,stuckro01_2016,35.70714214271425,2016-present
Indiana Pacers_2016,turnemy01_2016,36.9729630946723,2016-present
Indiana Pacers_2016,youngjo01_2016,19.595917942265423,2016-present
Indiana Pacers_2017,allenla01_2017,29.512709126747414,2016-present
Indiana Pacers_2017,brookaa01_2017,29.899832775452108,2016-present
Indiana Pacers_2017,chrisra01_2017,14.798648586948742,2016-present
Indiana Pacers_2017,ellismo01_2017,44.69899327725402,2016-present
Indiana Pacers_2017,georgpa01_2017,51.85556864985669,2016-present
Indiana Pacers_2017,jeffeal01_2017,30.512292604784715,2016-present
Indiana Pacers_2017,milescj01_2017,42.14261501141095,2016-present
Indiana Pacers_2017,niangge01_2017,9.643650760992955,2016-present
Indiana Pacers_2017,robingl02_2017,37.77565353504821,2016-present
Indiana Pacers_2017,serapke01_2017,23.643180835073778,2016-present
Indiana Pacers_2017,stuckro01_2017,26.38181191654584,2016-present
Indiana Pacers_2017,teaguje01_2017,51.54609587543949,2016-present
Indiana Pacers_2017,turnemy01_2017,50.40833264451424,2016-present
Indiana Pacers_2017,youngjo01_2017,11.61895003862225,2016-present
Indiana Pacers_2017,youngth01_2017,47.29693436154187,2016-present
Indiana Pacers_2018,bogdabo02_2018,49.63869458396343,2016-present
Indiana Pacers_2018,collida01_2018,44.9221548904324,2016-present
Indiana Pacers_2018,jeffeal01_2018,22.0,2016-present
Indiana Pacers_2018,josepco01_2018,47.01063709417264,2016-present
Indiana Pacers_2018,leaftj01_2018,21.42428528562855,2016-present
Indiana Pacers_2018,oladivi01_2018,50.51732376126036,2016-present
Indiana Pacers_2018,poythal01_2018,10.198039027185569,2016-present
Indiana Pacers_2018,robingl02_2018,18.384776310850235,2016-present
Indiana Pacers_2018,sabondo01_2018,42.5440947723653,2016-present
Indiana Pacers_2018,stephla01_2018,43.01162633521314,2016-present
Indiana Pacers_2018,turnemy01_2018,42.8485705712571,2016-present
Indiana Pacers_2018,youngjo01_2018,23.62202362203543,2016-present
Indiana Pacers_2018,youngth01_2018,51.05878964487897,2016-present
Indiana Pacers_2019,bogdabo02_2019,50.724747411889595,2016-present
Indiana Pacers_2019,collida01_2019,46.292547996410825,2016-present
Indiana Pacers_2019,evansty01_2019,37.44329045369811,2016-present
Indiana Pacers_2019,holidaa01_2019,25.41653005427767,2016-present
Indiana Pacers_2019,josepco01_2019,45.42025979670306,2016-present
Indiana Pacers_2019,leaftj01_2019,22.847319317591726,2016-present
Indiana Pacers_2019,matthwe02_2019,26.92582403567252,2016-present
Indiana Pacers_2019,mcderdo01_2019,36.60601043544625,2016-present
Indiana Pacers_2019,oladivi01_2019,33.8673884437522,2016-present
Indiana Pacers_2019,oquinky01_2019,19.261360284258224,2016-present
Indiana Pacers_2019,sabondo01_2019,42.871902220452036,2016-present
Indiana Pacers_2019,sumneed01_2019,14.491376746189438,2016-present
Indiana Pacers_2019,turnemy01_2019,46.03259714593562,2016-present
Indiana Pacers_2019,youngth01_2019,49.889878733065686,2016-present
Indiana Pacers_2020,bitadgo01_2020,21.702534414210707,2016-present
Indiana Pacers_2020,brogdma01_2020,40.8166632639171,2016-present
Indiana Pacers_2020,holidaa01_2020,40.2119385257662,2016-present
Indiana Pacers_2020,holidju01_2020,42.731721238442994,2016-present
Indiana Pacers_2020,lambje01_2020,35.93048844644336,2016-present
Indiana Pacers_2020,leaftj01_2020,14.89966442575134,2016-present
Indiana Pacers_2020,mccontj01_2020,36.41428291206625,2016-present
Indiana Pacers_2020,mcderdo01_2020,37.04051835490427,2016-present
Indiana Pacers_2020,sabondo01_2020,46.46504062195577,2016-present
Indiana Pacers_2020,sampsja02_2020,21.702534414210707,2016-present
Indiana Pacers_2020,sumneed01_2020,21.142374511865974,2016-present
Indiana Pacers_2020,turnemy01_2020,42.731721238442994,2016-present
Indiana Pacers_2020,warretj01_2020,46.92547282660026,2016-present
Indiana Pacers_2021,bitadgo01_2021,23.68543856465402,2016-present
Indiana Pacers_2021,brissos01_2021,22.781571499789035,2016-present
Indiana Pacers_2021,brogdma01_2021,43.93176527297759,2016-present
Indiana Pacers_2021,holidaa01_2021,34.292856398964496,2016-present
Indiana Pacers_2021,holidju01_2021,46.72258554489466,2016-present
Indiana Pacers_2021,lambje01_2021,27.65863337187866,2016-present
Indiana Pacers_2021,leverca01_2021,33.94112549695428,2016-present
Indiana Pacers_2021,martike03_2021,17.944358444926362,2016-present
Indiana Pacers_2021,mccontj01_2021,42.37924020083418,2016-present
Indiana Pacers_2021,mcderdo01_2021,40.23679907746142,2016-present
Indiana Pacers_2021,sabondo01_2021,47.23346271447817,2016-present
Indiana Pacers_2021,sampsja02_2021,17.776388834631177,2016-present
Indiana Pacers_2021,stanlca01_2021,9.643650760992955,2016-present
Indiana Pacers_2021,sumneed01_2021,29.34280150224242,2016-present
Indiana Pacers_2021,turnemy01_2021,38.144462245521304,2016-present
Indiana Pacers_2022,bitadgo01_2022,27.0,2016-present
Indiana Pacers_2022,brissos01_2022,39.54743986657038,2016-present
Indiana Pacers_2022,brogdma01_2022,34.72751070837067,2016-present
Indiana Pacers_2022,craigto01_2022,32.155870381627054,2016-present
Indiana Pacers_2022,duartch01_2022,39.25557285278104,2016-present
Indiana Pacers_2022,halibty01_2022,30.62678566222711,2016-present
Indiana Pacers_2022,hieldbu01_2022,30.4138126514911,2016-present
Indiana Pacers_2022,holidju01_2022,37.62977544445356,2016-present
Indiana Pacers_2022,jacksis01_2022,23.259406699226016,2016-present
Indiana Pacers_2022,lambje01_2022,24.758836806279895,2016-present
Indiana Pacers_2022,leverca01_2022,34.84250278036869,2016-present
Indiana Pacers_2022,martike03_2022,21.071307505705477,2016-present
Indiana Pacers_2022,mccontj01_2022,25.534290669607408,2016-present
Indiana Pacers_2022,sabondo01_2022,40.39801975344831,2016-present
Indiana Pacers_2022,smithja04_2022,23.302360395462088,2016-present
Indiana Pacers_2022,stephla01_2022,27.27636339397171,2016-present
Indiana Pacers_2022,sykeske01_2022,23.790754506740637,2016-present
Indiana Pacers_2022,taylote01_2022,26.720778431774775,2016-present
Indiana Pacers_2022,turnemy01_2022,35.14256678161116,2016-present
Indiana Pacers_2022,wanambr01_2022,17.11724276862369,2016-present
Indiana Pacers_2022,washidu02_2022,31.11269837220809,2016-present
Indiana Pacers_2023,bitadgo01_2023,14.212670403551895,2016-present
Indiana Pacers_2023,brissos01_2023,32.90896534380867,2016-present
Indiana Pacers_2023,duartch01_2023,29.949958263743873,2016-present
Indiana Pacers_2023,halibty01_2023,43.393547907494266,2016-present
Indiana Pacers_2023,hieldbu01_2023,49.8196748283246,2016-present
Indiana Pacers_2023,jacksis01_2023,32.28002478313795,2016-present
Indiana Pacers_2023,mathube01_2023,47.138094997570704,2016-present
Indiana Pacers_2023,mccontj01_2023,39.06404996924922,2016-present
Indiana Pacers_2023,nembhan01_2023,45.53020975132884,2016-present
Indiana Pacers_2023,nesmiaa01_2023,42.61455150532503,2016-present
Indiana Pacers_2023,nworajo01_2023,24.310491562286437,2016-present
Indiana Pacers_2023,smithja04_2023,35.76310948449533,2016-present
Indiana Pacers_2023,taylote01_2023,15.0996688705415,2016-present
Indiana Pacers_2023,turnemy01_2023,42.720018726587654,2016-present
Indiana Pacers_2024,brownbr01_2024,31.32091952673165,2016-present
Indiana Pacers_2024,halibty01_2024,47.15930449020638,2016-present
Indiana Pacers_2024,hieldbu01_2024,36.55133376499413,2016-present
Indiana Pacers_2024,jacksis01_2024,27.76688675382964,2016-present
Indiana Pacers_2024,mathube01_2024,39.21734310225516,2016-present
Indiana Pacers_2024,mccontj01_2024,35.93048844644336,2016-present
Indiana Pacers_2024,nembhan01_2024,41.19465984809196,2016-present
Indiana Pacers_2024,nesmiaa01_2024,44.66542286825459,2016-present
Indiana Pacers_2024,sheppbe01_2024,28.53068523537421,2016-present
Indiana Pacers_2024,siakapa01_2024,36.09709129556009,2016-present
Indiana Pacers_2024,smithja04_2024,32.357379374726875,2016-present
Indiana Pacers_2024,toppiob01_2024,41.593268686170845,2016-present
Indiana Pacers_2024,turnemy01_2024,45.56314299957807,2016-present
Indiana Pacers_2024,walkeja02_2024,18.439088914585774,2016-present
Indiana Pacers_2025,bryanth01_2025,29.120439557122072,2016-present
Indiana Pacers_2025,freemen01_2025,13.45362404707371,2016-present
Indiana Pacers_2025,furphjo01_2025,19.467922333931785,2016-present
Indiana Pacers_2025,halibty01_2025,49.50757517794625,2016-present
Indiana Pacers_2025,jacksqu01_2025,19.519221295943137,2016-present
Indiana Pacers_2025,mathube01_2025,46.357307945997036,2016-present
Indiana Pacers_2025,mccontj01_2025,37.61648574760805,2016-present
Indiana Pacers_2025,nembhan01_2025,43.37049688440288,2016-present
Indiana Pacers_2025,nesmiaa01_2025,33.51119216023208,2016-present
Indiana Pacers_2025,sheppbe01_2025,35.04283093587046,2016-present
Indiana Pacers_2025,siakapa01_2025,50.47771785649585,2016-present
Indiana Pacers_2025,toppiob01_2025,39.30648801406709,2016-present
Indiana Pacers_2025,turnemy01_2025,46.62617290749907,2016-present
Indiana Pacers_2025,walkeja02_2025,34.45286635390443,2016-present
Los Angeles Clippers_1999,douglsh01_1999,29.017236257093817,1999-2007
Los Angeles Clippers_1999,hudsotr01_1999,22.891046284519195,1999-2007
Los Angeles Clippers_1999,martida01_1999,30.675723300355934,1999-2007
Los Angeles Clippers_1999,murrala01_1999,36.29049462324811,1999-2007
Los Angeles Clippers_1999,nesbyty01_1999,35.888716889852724,1999-2007
Los Angeles Clippers_1999,olowomi01_1999,35.76310948449533,1999-2007
Los Angeles Clippers_1999,piatker01_1999,35.24202037341219,1999-2007
Los Angeles Clippers_1999,rogerro01_1999,31.11269837220809,1999-2007
Los Angeles Clippers_1999,skinnbr01_1999,16.06237840420901,1999-2007
Los Angeles Clippers_1999,smithch04_1999,17.804493814764857,1999-2007
Los Angeles Clippers_1999,tayloma01_1999,38.79432948254165,1999-2007
Los Angeles Clippers_1999,wrighlo02_1999,33.689761055846034,1999-2007
Los Angeles Clippers_2000,anderde01_2000,46.9148164229596,1999-2007
Los Angeles Clippers_2000,aventan01_2000,19.4164878389476,1999-2007
Los Angeles Clippers_2000,chilcpe01_2000,18.627936010197157,1999-2007
Los Angeles Clippers_2000,closske01_2000,28.635642126552707,1999-2007
Los Angeles Clippers_2000,hudsotr01_2000,39.89987468652001,1999-2007
Los Angeles Clippers_2000,jonesch03_2000,25.729360660537214,1999-2007
Los Angeles Clippers_2000,mcinnje01_2000,24.43358344574123,1999-2007
Los Angeles Clippers_2000,murdoer01_2000,26.324893162176366,1999-2007
Los Angeles Clippers_2000,nesbyty01_2000,48.13522618623496,1999-2007
Los Angeles Clippers_2000,odomla01_2000,52.602281319349636,1999-2007
Los Angeles Clippers_2000,olowomi01_2000,49.92995093127971,1999-2007
Los Angeles Clippers_2000,piatker01_2000,41.376321731154405,1999-2007
Los Angeles Clippers_2000,skinnbr01_2000,27.83882181415011,1999-2007
Los Angeles Clippers_2000,tayloma01_2000,47.19110085598767,1999-2007
Los Angeles Clippers_2001,doolike01_2001,35.17101079013795,1999-2007
Los Angeles Clippers_2001,maggeco01_2001,36.864617182333525,1999-2007
Los Angeles Clippers_2001,mcinnje01_2001,53.207142377692115,1999-2007
Los Angeles Clippers_2001,milesda01_2001,46.184412955021955,1999-2007
Los Angeles Clippers_2001,odomla01_2001,53.25410782277739,1999-2007
Los Angeles Clippers_2001,olowomi01_2001,46.119410230400824,1999-2007
Los Angeles Clippers_2001,parksch02_2001,29.597297173897484,1999-2007
Los Angeles Clippers_2001,piatker01_2001,46.3033476111609,1999-2007
Los Angeles Clippers_2001,richaqu01_2001,36.851051545376556,1999-2007
Los Angeles Clippers_2001,rooksse01_2001,39.408120990476064,1999-2007
Los Angeles Clippers_2001,skinnbr01_2001,24.166091947189145,1999-2007
Los Angeles Clippers_2001,stronde01_2001,22.15851980616034,1999-2007
Los Angeles Clippers_2002,boykiea01_2002,27.586228448267445,1999-2007
Los Angeles Clippers_2002,brandel01_2002,54.954526656136345,1999-2007
Los Angeles Clippers_2002,ekeziob01_2002,12.328828005937952,1999-2007
Los Angeles Clippers_2002,fowlktr01_2002,18.520259177452136,1999-2007
Los Angeles Clippers_2002,jamisha01_2002,13.2664991614216,1999-2007
Los Angeles Clippers_2002,maggeco01_2002,40.18706259482024,1999-2007
Los Angeles Clippers_2002,mcinnje01_2002,55.04543577809154,1999-2007
Los Angeles Clippers_2002,milesda01_2002,47.19110085598767,1999-2007
Los Angeles Clippers_2002,odomla01_2002,31.606961258558215,1999-2007
Los Angeles Clippers_2002,olowomi01_2002,50.67543783727971,1999-2007
Los Angeles Clippers_2002,piatker01_2002,41.44876355212541,1999-2007
Los Angeles Clippers_2002,richaqu01_2002,46.389654018972806,1999-2007
Los Angeles Clippers_2002,rooksse01_2002,26.981475126464083,1999-2007
Los Angeles Clippers_2003,brandel01_2003,49.53786430600334,1999-2007
Los Angeles Clippers_2003,doolike01_2003,31.12876483254676,1999-2007
Los Angeles Clippers_2003,elyme01_2003,28.319604517012593,1999-2007
Los Angeles Clippers_2003,fowlktr01_2003,23.93741840717165,1999-2007
Los Angeles Clippers_2003,jaricma01_2003,37.134889255254286,1999-2007
Los Angeles Clippers_2003,maggeco01_2003,44.78839135311738,1999-2007
Los Angeles Clippers_2003,millean02_2003,53.97221507405454,1999-2007
Los Angeles Clippers_2003,odomla01_2003,40.97560249709576,1999-2007
Los Angeles Clippers_2003,olowomi01_2003,37.0,1999-2007
Los Angeles Clippers_2003,parksch02_2003,25.45584412271571,1999-2007
Los Angeles Clippers_2003,piatker01_2003,36.87817782917155,1999-2007
Los Angeles Clippers_2003,richaqu01_2003,36.98648401781386,1999-2007
Los Angeles Clippers_2003,rooksse01_2003,36.66060555964672,1999-2007
Los Angeles Clippers_2003,wilcoch01_2003,21.88606862823929,1999-2007
Los Angeles Clippers_2003,zhizhwa01_2003,20.29778313018444,1999-2007
Los Angeles Clippers_2004,barnema02_2004,26.90724809414742,1999-2007
Los Angeles Clippers_2004,brandel01_2004,51.67204273105525,1999-2007
Los Angeles Clippers_2004,doolike01_2004,33.71943060017473,1999-2007
Los Angeles Clippers_2004,drobnpr01_2004,30.805843601498726,1999-2007
Los Angeles Clippers_2004,elyme01_2004,22.58317958127243,1999-2007
Los Angeles Clippers_2004,houseed01_2004,34.46737587922817,1999-2007
Los Angeles Clippers_2004,jaricma01_2004,41.95235392680606,1999-2007
Los Angeles Clippers_2004,kamanch01_2004,42.930175867331364,1999-2007
Los Angeles Clippers_2004,maggeco01_2004,51.264022471905186,1999-2007
Los Angeles Clippers_2004,overtdo01_2004,31.796226191169293,1999-2007
Los Angeles Clippers_2004,richaqu01_2004,48.35286961494633,1999-2007
Los Angeles Clippers_2004,simmobo01_2004,37.094473981982816,1999-2007
Los Angeles Clippers_2004,wilcoch01_2004,36.60601043544625,1999-2007
Los Angeles Clippers_2005,brandel01_2005,54.78138369920935,1999-2007
Los Angeles Clippers_2005,brunsri01_2005,44.10215414239989,1999-2007
Los Angeles Clippers_2005,chalmli01_2005,20.808652046684813,1999-2007
Los Angeles Clippers_2005,jaricma01_2005,40.69397989875161,1999-2007
Los Angeles Clippers_2005,kamanch01_2005,40.39801975344831,1999-2007
Los Angeles Clippers_2005,livinsh01_2005,28.53068523537421,1999-2007
Los Angeles Clippers_2005,maggeco01_2005,49.35585071701227,1999-2007
Los Angeles Clippers_2005,mooremi01_2005,34.322004603461025,1999-2007
Los Angeles Clippers_2005,rebraze01_2005,30.463092423455635,1999-2007
Los Angeles Clippers_2005,rossqu01_2005,40.7308237088326,1999-2007
Los Angeles Clippers_2005,simmobo01_2005,52.905576265645195,1999-2007
Los Angeles Clippers_2005,wilcoch01_2005,31.701734968294716,1999-2007
Los Angeles Clippers_2006,brandel01_2006,55.66866263886712,1999-2007
Los Angeles Clippers_2006,cassesa01_2006,51.507281038703645,1999-2007
Los Angeles Clippers_2006,ewingda01_2006,31.160872901765767,1999-2007
Los Angeles Clippers_2006,kamanch01_2006,50.59644256269407,1999-2007
Los Angeles Clippers_2006,korolya01_2006,11.269427669584644,1999-2007
Los Angeles Clippers_2006,livinsh01_2006,39.05124837953327,1999-2007
Los Angeles Clippers_2006,maggeco01_2006,30.708305065568176,1999-2007
Los Angeles Clippers_2006,mccarwa01_2006,18.788294228055936,1999-2007
Los Angeles Clippers_2006,moblecu01_2006,54.58021619598075,1999-2007
Los Angeles Clippers_2006,ndongbo01_2006,12.328828005937952,1999-2007
Los Angeles Clippers_2006,radmavl01_2006,29.748949561287034,1999-2007
Los Angeles Clippers_2006,rebraze01_2006,20.29778313018444,1999-2007
Los Angeles Clippers_2006,rossqu01_2006,38.92300091205713,1999-2007
Los Angeles Clippers_2006,singlja01_2006,27.440845468024488,1999-2007
Los Angeles Clippers_2006,wilcoch01_2006,25.632011235952593,1999-2007
Los Angeles Clippers_2007,brandel01_2007,55.47071299343465,1999-2007
Los Angeles Clippers_2007,cassesa01_2007,37.5099986670221,1999-2007
Los Angeles Clippers_2007,davispa01_2007,13.416407864998739,1999-2007
Los Angeles Clippers_2007,ewingda01_2007,26.68332812825267,1999-2007
Los Angeles Clippers_2007,hartja01_2007,27.313000567495326,1999-2007
Los Angeles Clippers_2007,kamanch01_2007,46.647615158762406,1999-2007
Los Angeles Clippers_2007,livinsh01_2007,40.13726448077895,1999-2007
Los Angeles Clippers_2007,maggeco01_2007,47.86439177509728,1999-2007
Los Angeles Clippers_2007,moblecu01_2007,53.301031884945715,1999-2007
Los Angeles Clippers_2007,rossqu01_2007,41.23105625617661,1999-2007
Los Angeles Clippers_2007,singlja01_2007,19.390719429665317,1999-2007
Los Angeles Clippers_2007,thomati01_2007,45.32107677449864,1999-2007
Los Angeles Clippers_2007,williaa01_2007,19.339079605813716,1999-2007
Los Angeles Clippers_2008,cassesa01_2008,31.22498999199199,2008-2015
Los Angeles Clippers_2008,davispa01_2008,13.92838827718412,2008-2015
Los Angeles Clippers_2008,dickada01_2008,32.2490309931942,2008-2015
Los Angeles Clippers_2008,fazekni01_2008,16.1245154965971,2008-2015
Los Angeles Clippers_2008,kamanch01_2008,45.639894828976104,2008-2015
Los Angeles Clippers_2008,knighbr01_2008,40.91454509095757,2008-2015
Los Angeles Clippers_2008,maggeco01_2008,50.0199960015992,2008-2015
Los Angeles Clippers_2008,moblecu01_2008,51.980765673468106,2008-2015
Los Angeles Clippers_2008,poweljo01_2008,35.04283093587046,2008-2015
Los Angeles Clippers_2008,rossqu01_2008,38.79432948254165,2008-2015
Los Angeles Clippers_2008,thomati01_2008,44.04543109109048,2008-2015
Los Angeles Clippers_2008,thornal01_2008,46.45427859734774,2008-2015
Los Angeles Clippers_2008,williaa01_2008,17.233687939614086,2008-2015
Los Angeles Clippers_2009,cambyma01_2009,43.87482193696061,2008-2015
Los Angeles Clippers_2009,collima01_2009,28.548204847240395,2008-2015
Los Angeles Clippers_2009,davisba01_2009,47.41307836451879,2008-2015
Los Angeles Clippers_2009,davispa01_2009,17.88854381999832,2008-2015
Los Angeles Clippers_2009,davisri01_2009,28.0178514522438,2008-2015
Los Angeles Clippers_2009,gordoer01_2009,51.73973328110612,2008-2015
Los Angeles Clippers_2009,hartja01_2009,17.663521732655695,2008-2015
Los Angeles Clippers_2009,jonesfr01_2009,38.66522985836241,2008-2015
Los Angeles Clippers_2009,jordade01_2009,27.76688675382964,2008-2015
Los Angeles Clippers_2009,kamanch01_2009,30.347981810987037,2008-2015
Los Angeles Clippers_2009,novakst01_2009,34.07345007480164,2008-2015
Los Angeles Clippers_2009,randoza01_2009,37.0,2008-2015
Los Angeles Clippers_2009,skinnbr01_2009,29.03446228191595,2008-2015
Los Angeles Clippers_2009,taylomi01_2009,27.76688675382964,2008-2015
Los Angeles Clippers_2009,thornal01_2009,51.51698748956503,2008-2015
Los Angeles Clippers_2010,blakest01_2010,27.60434748368452,2008-2015
Los Angeles Clippers_2010,brownbo02_2010,13.820274961085254,2008-2015
Los Angeles Clippers_2010,butlera01_2010,51.980765673468106,2008-2015
Los Angeles Clippers_2010,cambyma01_2010,39.949968710876355,2008-2015
Los Angeles Clippers_2010,collima01_2010,21.6794833886788,2008-2015
Los Angeles Clippers_2010,davisba01_2010,50.22947341949744,2008-2015
Los Angeles Clippers_2010,davisri01_2010,22.338307903688676,2008-2015
Los Angeles Clippers_2010,goodedr01_2010,26.92582403567252,2008-2015
Los Angeles Clippers_2010,gordoer01_2010,47.21228653645151,2008-2015
Los Angeles Clippers_2010,jordade01_2010,33.71943060017473,2008-2015
Los Angeles Clippers_2010,kamanch01_2010,51.068581339214816,2008-2015
Los Angeles Clippers_2010,novakst01_2010,19.026297590440446,2008-2015
Los Angeles Clippers_2010,outlatr01_2010,22.338307903688676,2008-2015
Los Angeles Clippers_2010,smithcr01_2010,35.09985754956849,2008-2015
Los Angeles Clippers_2010,telfase01_2010,24.124676163629637,2008-2015
Los Angeles Clippers_2010,thornal01_2010,37.48332962798263,2008-2015
Los Angeles Clippers_2011,aminual01_2011,38.1051177665153,2008-2015
Los Angeles Clippers_2011,bledser01_2011,42.906875905849866,2008-2015
Los Angeles Clippers_2011,butlera01_2011,27.27636339397171,2008-2015
Los Angeles Clippers_2011,collija03_2011,12.529964086141668,2008-2015
Los Angeles Clippers_2011,cookbr01_2011,21.142374511865974,2008-2015
Los Angeles Clippers_2011,davisba01_2011,35.62302626111375,2008-2015
Los Angeles Clippers_2011,dioguik01_2011,21.6794833886788,2008-2015
Los Angeles Clippers_2011,foyera01_2011,39.382737335030434,2008-2015
Los Angeles Clippers_2011,gomesry01_2011,45.77116996538323,2008-2015
Los Angeles Clippers_2011,gordoer01_2011,45.95650117230423,2008-2015
Los Angeles Clippers_2011,griffbl01_2011,55.78530272392541,2008-2015
Los Angeles Clippers_2011,jordade01_2011,45.24378410345447,2008-2015
Los Angeles Clippers_2011,kamanch01_2011,28.948229652260256,2008-2015
Los Angeles Clippers_2011,smithcr01_2011,24.20743687382041,2008-2015
Los Angeles Clippers_2011,willima01_2011,26.888659319497503,2008-2015
Los Angeles Clippers_2012,bledser01_2012,21.540659228538015,2008-2015
Los Angeles Clippers_2012,butleca01_2012,43.255057507764334,2008-2015
Los Angeles Clippers_2012,evansre01_2012,27.76688675382964,2008-2015
Los Angeles Clippers_2012,foyera01_2012,41.012193308819754,2008-2015
Los Angeles Clippers_2012,gomesry01_2012,20.615528128088304,2008-2015
Los Angeles Clippers_2012,griffbl01_2012,48.908077042549934,2008-2015
Los Angeles Clippers_2012,jordade01_2012,42.40283009422838,2008-2015
Los Angeles Clippers_2012,martike01_2012,30.659419433511783,2008-2015
Los Angeles Clippers_2012,paulch01_2012,46.70117771534247,2008-2015
Los Angeles Clippers_2012,simmobo01_2012,20.445048300260872,2008-2015
Los Angeles Clippers_2012,thomptr02_2012,10.908712114635714,2008-2015
Los Angeles Clippers_2012,willima01_2012,38.36665218650175,2008-2015
Los Angeles Clippers_2012,youngni01_2012,22.759613353482084,2008-2015
Los Angeles Clippers_2013,barnema02_2013,45.36518488885502,2008-2015
Los Angeles Clippers_2013,billuch01_2013,20.445048300260872,2008-2015
Los Angeles Clippers_2013,bledser01_2013,39.408120990476064,2008-2015
Los Angeles Clippers_2013,butleca01_2013,43.347433603386484,2008-2015
Los Angeles Clippers_2013,crawfja01_2013,47.22287581247038,2008-2015
Los Angeles Clippers_2013,greenwi01_2013,34.46737587922817,2008-2015
Los Angeles Clippers_2013,griffbl01_2013,50.97057974949863,2008-2015
Los Angeles Clippers_2013,hillgr01_2013,20.904544960366874,2008-2015
Los Angeles Clippers_2013,holliry01_2013,25.748786379167466,2008-2015
Los Angeles Clippers_2013,jordade01_2013,44.83302354291979,2008-2015
Los Angeles Clippers_2013,odomla01_2013,40.19950248448356,2008-2015
Los Angeles Clippers_2013,paulch01_2013,48.321837713398274,2008-2015
Los Angeles Clippers_2013,turiaro01_2013,26.476404589747453,2008-2015
Los Angeles Clippers_2014,barnema02_2014,41.65333119931706,2008-2015
Los Angeles Clippers_2014,bullore01_2014,19.87460691435179,2008-2015
Los Angeles Clippers_2014,collida01_2014,45.48626166217664,2008-2015
Los Angeles Clippers_2014,crawfja01_2014,45.760244754590204,2008-2015
Los Angeles Clippers_2014,davisgl01_2014,17.549928774784245,2008-2015
Los Angeles Clippers_2014,dudleja01_2014,41.58124577258358,2008-2015
Los Angeles Clippers_2014,greenwi01_2014,29.478805945967352,2008-2015
Los Angeles Clippers_2014,griffbl01_2014,53.50700888668698,2008-2015
Los Angeles Clippers_2014,holliry01_2014,21.95449840010015,2008-2015
Los Angeles Clippers_2014,jamisan01_2014,15.748015748023622,2008-2015
Los Angeles Clippers_2014,jordade01_2014,53.5723809439155,2008-2015
Los Angeles Clippers_2014,mulleby01_2014,12.922847983320086,2008-2015
Los Angeles Clippers_2014,paulch01_2014,46.593991028886975,2008-2015
Los Angeles Clippers_2014,redicjj01_2014,31.416556144810016,2008-2015
Los Angeles Clippers_2014,turkohe01_2014,19.79898987322333,2008-2015
Los Angeles Clippers_2015,barnema02_2015,47.65501022977542,2008-2015
Los Angeles Clippers_2015,bullore01_2015,16.217274740226856,2008-2015
Los Angeles Clippers_2015,crawfja01_2015,41.2674205639267,2008-2015
Los Angeles Clippers_2015,davisgl01_2015,30.066592756745816,2008-2015
Los Angeles Clippers_2015,farmajo01_2015,23.0,2008-2015
Los Angeles Clippers_2015,griffbl01_2015,48.53864439804639,2008-2015
Los Angeles Clippers_2015,hawessp01_2015,35.6931365951495,2008-2015
Los Angeles Clippers_2015,jonesda02_2015,11.090536506409418,2008-2015
Los Angeles Clippers_2015,jordade01_2015,53.103672189407014,2008-2015
Los Angeles Clippers_2015,paulch01_2015,53.45091205957107,2008-2015
Los Angeles Clippers_2015,redicjj01_2015,49.08156476723211,2008-2015
Los Angeles Clippers_2015,riverau01_2015,28.124722220850465,2008-2015
Los Angeles Clippers_2015,turkohe01_2015,26.551836094703507,2008-2015
Los Angeles Clippers_2015,udohek01_2015,11.313708498984761,2008-2015
Los Angeles Clippers_2015,wilcocj01_2015,10.04987562112089,2008-2015
Los Angeles Clippers_2016,aldrico01_2016,28.284271247461902,2016-present
Los Angeles Clippers_2016,crawfja01_2016,46.10856753359401,2016-present
Los Angeles Clippers_2016,greenje02_2016,26.627053911388696,2016-present
Los Angeles Clippers_2016,griffbl01_2016,34.20526275297414,2016-present
Los Angeles Clippers_2016,johnswe01_2016,40.8166632639171,2016-present
Los Angeles Clippers_2016,jordade01_2016,50.97057974949863,2016-present
Los Angeles Clippers_2016,mbahalu01_2016,35.6931365951495,2016-present
Los Angeles Clippers_2016,paulch01_2016,49.193495504995376,2016-present
Los Angeles Clippers_2016,piercpa01_2016,35.08560958569767,2016-present
Los Angeles Clippers_2016,prigipa01_2016,28.687976575562104,2016-present
Los Angeles Clippers_2016,redicjj01_2016,45.79301256742124,2016-present
Los Angeles Clippers_2016,riverau01_2016,38.262252939417984,2016-present
Los Angeles Clippers_2016,smithjo03_2016,21.42428528562855,2016-present
Los Angeles Clippers_2016,stephla01_2016,26.076809620810597,2016-present
Los Angeles Clippers_2016,wilcocj01_2016,12.922847983320086,2016-present
Los Angeles Clippers_2017,anderal01_2017,17.549928774784245,2016-present
Los Angeles Clippers_2017,bassbr01_2017,24.020824298928627,2016-present
Los Angeles Clippers_2017,crawfja01_2017,46.44351407893249,2016-present
Los Angeles Clippers_2017,feltora01_2017,41.23105625617661,2016-present
Los Angeles Clippers_2017,griffbl01_2017,45.56314299957807,2016-present
Los Angeles Clippers_2017,johnswe01_2017,28.460498941515414,2016-present
Los Angeles Clippers_2017,jordade01_2017,50.695167422546305,2016-present
Los Angeles Clippers_2017,mbahalu01_2017,42.2729227756965,2016-present
Los Angeles Clippers_2017,paulch01_2017,43.829214001622255,2016-present
Los Angeles Clippers_2017,piercpa01_2017,16.64331697709324,2016-present
Los Angeles Clippers_2017,redicjj01_2017,46.88283267892417,2016-present
Los Angeles Clippers_2017,riverau01_2017,45.32107677449864,2016-present
Los Angeles Clippers_2017,speigma01_2017,35.86084215408221,2016-present
Los Angeles Clippers_2018,dekkesa01_2018,29.715315916207253,2016-present
Los Angeles Clippers_2018,evansja01_2018,27.892651361962706,2016-present
Los Angeles Clippers_2018,gallida01_2018,25.903667693977237,2016-present
Los Angeles Clippers_2018,griffbl01_2018,33.74907406137241,2016-present
Los Angeles Clippers_2018,harremo01_2018,35.958309192730404,2016-present
Los Angeles Clippers_2018,harrito02_2018,33.24154027718932,2016-present
Los Angeles Clippers_2018,johnswe01_2018,38.54867053479276,2016-present
Los Angeles Clippers_2018,jordade01_2018,49.23413450036468,2016-present
Los Angeles Clippers_2018,reedwi02_2018,20.46948949045872,2016-present
Los Angeles Clippers_2018,riverau01_2018,45.35416188179427,2016-present
Los Angeles Clippers_2018,teodomi01_2018,33.67491648096547,2016-present
Los Angeles Clippers_2018,thornsi01_2018,34.0,2016-present
Los Angeles Clippers_2018,wallaty01_2018,29.171904291629644,2016-present
Los Angeles Clippers_2018,willicj01_2018,26.589471600616662,2016-present
Los Angeles Clippers_2018,willilo02_2018,50.882216932834204,2016-present
Los Angeles Clippers_2019,beverpa01_2019,46.22769732530488,2016-present
Los Angeles Clippers_2019,bradlav01_2019,38.24918299781056,2016-present
Los Angeles Clippers_2019,gallida01_2019,45.37620521815371,2016-present
Los Angeles Clippers_2019,gilgesh01_2019,46.62617290749907,2016-present
Los Angeles Clippers_2019,gortama01_2019,27.40437921208944,2016-present
Los Angeles Clippers_2019,greenja01_2019,21.702534414210707,2016-present
Los Angeles Clippers_2019,harremo01_2019,46.45427859734774,2016-present
Los Angeles Clippers_2019,harrito02_2019,43.62338822237447,2016-present
Los Angeles Clippers_2019,marjabo01_2019,19.390719429665317,2016-present
Los Angeles Clippers_2019,motlejo01_2019,12.489995996796797,2016-present
Los Angeles Clippers_2019,robinje01_2019,17.88854381999832,2016-present
Los Angeles Clippers_2019,scottmi01_2019,27.349588662354687,2016-present
Los Angeles Clippers_2019,shamela01_2019,26.343879744638983,2016-present
Los Angeles Clippers_2019,templga01_2019,22.58317958127243,2016-present
Los Angeles Clippers_2019,thornsi01_2019,17.69180601295413,2016-present
Los Angeles Clippers_2019,wallaty01_2019,25.059928172283335,2016-present
Los Angeles Clippers_2019,willilo02_2019,44.64302857109943,2016-present
Los Angeles Clippers_2019,zubaciv01_2019,22.891046284519195,2016-present
Los Angeles Clippers_2020,beverpa01_2020,36.6333181680284,2016-present
Los Angeles Clippers_2020,georgpa01_2020,37.66961640367472,2016-present
Los Angeles Clippers_2020,greenja01_2020,36.15245496505044,2016-present
Los Angeles Clippers_2020,harklma01_2020,33.77869150810907,2016-present
Los Angeles Clippers_2020,harremo01_2020,41.82104733265297,2016-present
Los Angeles Clippers_2020,leonaka01_2020,42.988370520409354,2016-present
Los Angeles Clippers_2020,mannte01_2020,19.026297590440446,2016-present
Los Angeles Clippers_2020,mcgruro01_2020,29.512709126747414,2016-present
Los Angeles Clippers_2020,pattepa01_2020,27.85677655436824,2016-present
Los Angeles Clippers_2020,robinje01_2020,21.817424229271428,2016-present
Los Angeles Clippers_2020,shamela01_2020,38.1051177665153,2016-present
Los Angeles Clippers_2020,waltode01_2020,14.89966442575134,2016-present
Los Angeles Clippers_2020,willilo02_2020,43.174066289845804,2016-present
Los Angeles Clippers_2020,zubaciv01_2020,36.41428291206625,2016-present
Los Angeles Clippers_2021,batumni01_2021,42.83689998120779,2016-present
Los Angeles Clippers_2021,beverpa01_2021,28.844410203711913,2016-present
Los Angeles Clippers_2021,coffeam01_2021,19.849433241279208,2016-present
Los Angeles Clippers_2021,georgpa01_2021,42.67317658670374,2016-present
Los Angeles Clippers_2021,ibakase01_2021,30.903074280724887,2016-present
Los Angeles Clippers_2021,jacksre01_2021,39.293765408777,2016-present
Los Angeles Clippers_2021,kabenmf01_2021,9.695359714832659,2016-present
Los Angeles Clippers_2021,kennalu01_2021,35.09985754956849,2016-present
Los Angeles Clippers_2021,leonaka01_2021,42.1070065428546,2016-present
Los Angeles Clippers_2021,mannte01_2021,35.53871128783372,2016-present
Los Angeles Clippers_2021,morrima03_2021,38.7556447501522,2016-present
Los Angeles Clippers_2021,oturuda01_2021,12.68857754044952,2016-present
Los Angeles Clippers_2021,pattepa01_2021,24.124676163629637,2016-present
Los Angeles Clippers_2021,willilo02_2021,30.298514815086232,2016-present
Los Angeles Clippers_2021,zubaciv01_2021,40.11234224026316,2016-present
Los Angeles Clippers_2022,batumni01_2022,38.23610858861032,2016-present
Los Angeles Clippers_2022,bledser01_2022,36.89173349139343,2016-present
Los Angeles Clippers_2022,bostobr01_2022,27.568097504180443,2016-present
Los Angeles Clippers_2022,coffeam01_2022,39.585350825778974,2016-present
Los Angeles Clippers_2022,covinro01_2022,22.561028345356956,2016-present
Los Angeles Clippers_2022,georgpa01_2022,32.817678162843876,2016-present
Los Angeles Clippers_2022,harteis01_2022,34.87119154832539,2016-present
Los Angeles Clippers_2022,ibakase01_2022,23.194827009486403,2016-present
Los Angeles Clippers_2022,jacksre01_2022,48.342527861087284,2016-present
Los Angeles Clippers_2022,kennalu01_2022,43.80639222761902,2016-present
Los Angeles Clippers_2022,mannte01_2022,48.13522618623496,2016-present
Los Angeles Clippers_2022,morrima03_2022,39.54743986657038,2016-present
Los Angeles Clippers_2022,winslju01_2022,21.88606862823929,2016-present
Los Angeles Clippers_2022,zubaciv01_2022,43.034869582700026,2016-present
Los Angeles Clippers_2023,batumni01_2023,41.340053217188775,2016-present
Los Angeles Clippers_2023,bostobr01_2023,15.748015748023622,2016-present
Los Angeles Clippers_2023,brownmo01_2023,16.97056274847714,2016-present
Los Angeles Clippers_2023,coffeam01_2023,25.0,2016-present
Los Angeles Clippers_2023,covinro01_2023,27.910571473905726,2016-present
Los Angeles Clippers_2023,diabamo01_2023,13.96424004376894,2016-present
Los Angeles Clippers_2023,georgpa01_2023,44.034077712607996,2016-present
Los Angeles Clippers_2023,gordoer01_2023,23.388031127053,2016-present
Los Angeles Clippers_2023,jacksre01_2023,36.578682316343766,2016-present
Los Angeles Clippers_2023,kennalu01_2023,26.92582403567252,2016-present
Los Angeles Clippers_2023,leonaka01_2023,41.80908992073375,2016-present
Los Angeles Clippers_2023,mannte01_2023,43.266615305567875,2016-present
Los Angeles Clippers_2023,morrima03_2023,42.720018726587654,2016-present
Los Angeles Clippers_2023,plumlma01_2023,21.37755832643195,2016-present
Los Angeles Clippers_2023,powelno01_2023,39.585350825778974,2016-present
Los Angeles Clippers_2023,walljo01_2023,27.477263328068172,2016-present
Los Angeles Clippers_2023,westbru01_2023,25.199206336708304,2016-present
Los Angeles Clippers_2023,zubaciv01_2023,46.58325879540846,2016-present
Los Angeles Clippers_2024,bostobr01_2024,18.57417562100671,2016-present
Los Angeles Clippers_2024,brownko01_2024,19.849433241279208,2016-present
Los Angeles Clippers_2024,coffeam01_2024,38.2099463490856,2016-present
Los Angeles Clippers_2024,georgpa01_2024,50.0199960015992,2016-present
Los Angeles Clippers_2024,hardeja01_2024,49.69909455915671,2016-present
Los Angeles Clippers_2024,hylanbo01_2024,23.2379000772445,2016-present
Los Angeles Clippers_2024,leonaka01_2024,48.27007354458868,2016-present
Los Angeles Clippers_2024,mannte01_2024,43.278170016764804,2016-present
Los Angeles Clippers_2024,plumlma01_2024,25.96150997149434,2016-present
Los Angeles Clippers_2024,powelno01_2024,44.609416046390926,2016-present
Los Angeles Clippers_2024,theisda01_2024,31.73326330524486,2016-present
Los Angeles Clippers_2024,tuckepj01_2024,20.493901531919196,2016-present
Los Angeles Clippers_2024,westbru01_2024,39.102429592034305,2016-present
Los Angeles Clippers_2024,zubaciv01_2024,42.35563716909474,2016-present
Los Angeles Clippers_2025,bambamo01_2025,18.76166303929372,2016-present
Los Angeles Clippers_2025,batumni01_2025,36.9729630946723,2016-present
Los Angeles Clippers_2025,bogdabo01_2025,27.386127875258307,2016-present
Los Angeles Clippers_2025,brownko01_2025,16.492422502470642,2016-present
Los Angeles Clippers_2025,coffeam01_2025,41.80908992073375,2016-present
Los Angeles Clippers_2025,dunnkr01_2025,42.22558466143482,2016-present
Los Angeles Clippers_2025,eubandr01_2025,13.341664064126334,2016-present
Los Angeles Clippers_2025,hardeja01_2025,52.81098370604357,2016-present
Los Angeles Clippers_2025,jonesde02_2025,43.278170016764804,2016-present
Los Angeles Clippers_2025,joneska01_2025,14.422205101855956,2016-present
Los Angeles Clippers_2025,leonaka01_2025,34.351128074635334,2016-present
Los Angeles Clippers_2025,mannte01_2025,27.055498516937366,2016-present
Los Angeles Clippers_2025,millejo02_2025,20.493901531919196,2016-present
Los Angeles Clippers_2025,porteke02_2025,29.732137494637012,2016-present
Los Angeles Clippers_2025,powelno01_2025,44.24929377967517,2016-present
Los Angeles Clippers_2025,zubaciv01_2025,51.22499389946279,2016-present
Los Angeles Lakers_1999,bryanko01_1999,43.54308211415448,1999-2007
Los Angeles Lakers_1999,fishede01_1999,33.63034344160047,1999-2007
Los Angeles Lakers_1999,foxri01_1999,30.72458299147443,1999-2007
Los Angeles Lakers_1999,harpede01_1999,33.46640106136302,1999-2007
Los Angeles Lakers_1999,horryro01_1999,27.27636339397171,1999-2007
Los Angeles Lakers_1999,knightr01_1999,22.9128784747792,1999-2007
Los Angeles Lakers_1999,onealsh01_1999,41.291645644125154,1999-2007
Los Angeles Lakers_1999,patteru01_1999,12.0,1999-2007
Los Angeles Lakers_1999,reidjr01_1999,21.748563170931547,1999-2007
Los Angeles Lakers_1999,ricegl01_1999,31.38470965295043,1999-2007
Los Angeles Lakers_1999,rodmade01_1999,25.632011235952593,1999-2007
Los Angeles Lakers_1999,rooksse01_1999,17.74823934929885,1999-2007
Los Angeles Lakers_2000,bryanko01_2000,50.23942674832188,1999-2007
Los Angeles Lakers_2000,fishede01_2000,42.46174749112429,1999-2007
Los Angeles Lakers_2000,foxri01_2000,38.379682124790975,1999-2007
Los Angeles Lakers_2000,georgde01_2000,18.57417562100671,1999-2007
Los Angeles Lakers_2000,greenac01_2000,43.9203825119955,1999-2007
Los Angeles Lakers_2000,harpero01_2000,45.18849411078001,1999-2007
Los Angeles Lakers_2000,horryro01_2000,41.048751503547585,1999-2007
Los Angeles Lakers_2000,knightr01_2000,20.248456731316587,1999-2007
Los Angeles Lakers_2000,onealsh01_2000,56.24055476255546,1999-2007
Los Angeles Lakers_2000,ricegl01_2000,50.299105359837164,1999-2007
Los Angeles Lakers_2000,sallejo01_2000,17.406895185529212,1999-2007
Los Angeles Lakers_2000,shawbr01_2000,35.34119409414458,1999-2007
Los Angeles Lakers_2001,bryanko01_2001,52.754146756439916,1999-2007
Los Angeles Lakers_2001,fostegr01_2001,21.236760581595302,1999-2007
Los Angeles Lakers_2001,foxri01_2001,47.86439177509728,1999-2007
Los Angeles Lakers_2001,georgde01_2001,24.351591323771842,1999-2007
Los Angeles Lakers_2001,grantho01_2001,48.88762624632127,1999-2007
Los Angeles Lakers_2001,harpero01_2001,33.74907406137241,1999-2007
Los Angeles Lakers_2001,horryro01_2001,39.83716857408418,1999-2007
Los Angeles Lakers_2001,luety01_2001,21.633307652783937,1999-2007
Los Angeles Lakers_2001,madsema01_2001,25.317977802344327,1999-2007
Los Angeles Lakers_2001,onealsh01_2001,54.0740233383831,1999-2007
Los Angeles Lakers_2001,penbemi01_2001,29.171904291629644,1999-2007
Los Angeles Lakers_2001,rideris01_2001,34.72751070837067,1999-2007
Los Angeles Lakers_2001,shawbr01_2001,42.81354925721529,1999-2007
Los Angeles Lakers_2002,bryanko01_2002,55.344376408086845,1999-2007
Los Angeles Lakers_2002,fishede01_2002,44.429719783046124,1999-2007
Los Angeles Lakers_2002,foxri01_2002,47.843494855622744,1999-2007
Los Angeles Lakers_2002,georgde01_2002,41.94043395102154,1999-2007
Los Angeles Lakers_2002,horryro01_2002,46.26013402488151,1999-2007
Los Angeles Lakers_2002,hunteli01_2002,40.19950248448356,1999-2007
Los Angeles Lakers_2002,madsema01_2002,25.495097567963924,1999-2007
Los Angeles Lakers_2002,mccoyje01_2002,10.198039027185569,1999-2007
Los Angeles Lakers_2002,medvest01_2002,27.0,1999-2007
Los Angeles Lakers_2002,onealsh01_2002,49.21381919745713,1999-2007
Los Angeles Lakers_2002,richmmi01_2002,26.627053911388696,1999-2007
Los Angeles Lakers_2002,shawbr01_2002,25.11971337416094,1999-2007
Los Angeles Lakers_2002,walkesa01_2002,40.681691213615984,1999-2007
Los Angeles Lakers_2003,bryanko01_2003,58.31809324729333,1999-2007
Los Angeles Lakers_2003,fishede01_2003,53.1883445878888,1999-2007
Los Angeles Lakers_2003,foxri01_2003,46.70117771534247,1999-2007
Los Angeles Lakers_2003,georgde01_2003,40.162171256046406,1999-2007
Los Angeles Lakers_2003,horryro01_2003,48.40454524112379,1999-2007
Los Angeles Lakers_2003,madsema01_2003,27.94637722496424,1999-2007
Los Angeles Lakers_2003,medvest01_2003,24.899799195977465,1999-2007
Los Angeles Lakers_2003,murratr01_2003,13.892443989449804,1999-2007
Los Angeles Lakers_2003,onealsh01_2003,50.34878350069642,1999-2007
Los Angeles Lakers_2003,pargoja01_2003,18.49324200890693,1999-2007
Los Angeles Lakers_2003,rushka01_2003,29.5296461204668,1999-2007
Los Angeles Lakers_2003,shawbr01_2003,30.0,1999-2007
Los Angeles Lakers_2003,walkesa01_2003,35.25620512760839,1999-2007
Los Angeles Lakers_2004,bryanko01_2004,49.467160824126545,1999-2007
Los Angeles Lakers_2004,cookbr01_2004,21.02379604162864,1999-2007
Los Angeles Lakers_2004,fishede01_2004,42.05948168962618,1999-2007
Los Angeles Lakers_2004,foxri01_2004,29.086079144497972,1999-2007
Los Angeles Lakers_2004,georgde01_2004,44.170125650715555,1999-2007
Los Angeles Lakers_2004,grantho01_2004,33.25657829663178,1999-2007
Los Angeles Lakers_2004,malonka01_2004,37.05401462729781,1999-2007
Los Angeles Lakers_2004,medvest01_2004,37.97367509209505,1999-2007
Los Angeles Lakers_2004,onealsh01_2004,49.63869458396343,1999-2007
Los Angeles Lakers_2004,paytoga01_2004,53.150729063673246,1999-2007
Los Angeles Lakers_2004,rushka01_2004,35.270384177096794,1999-2007
Los Angeles Lakers_2004,russebr01_2004,30.740852297878796,1999-2007
Los Angeles Lakers_2004,waltolu01_2004,27.018512172212592,1999-2007
Los Angeles Lakers_2005,atkinch01_2005,53.879495172096775,1999-2007
Los Angeles Lakers_2005,brownti01_2005,32.64965543462902,1999-2007
Los Angeles Lakers_2005,bryanko01_2005,51.85556864985669,1999-2007
Los Angeles Lakers_2005,butleca01_2005,52.40229002629561,1999-2007
Los Angeles Lakers_2005,cookbr01_2005,32.96968304366907,1999-2007
Los Angeles Lakers_2005,grantbr01_2005,33.704599092705436,1999-2007
Los Angeles Lakers_2005,jonesju01_2005,42.77849927241488,1999-2007
Los Angeles Lakers_2005,medvest01_2005,20.566963801203133,1999-2007
Los Angeles Lakers_2005,mihmch01_2005,43.243496620879306,1999-2007
Los Angeles Lakers_2005,odomla01_2005,48.16637831516918,1999-2007
Los Angeles Lakers_2005,vujacsa01_2005,20.074859899884732,1999-2007
Los Angeles Lakers_2005,waltolu01_2005,27.712812921102035,1999-2007
Los Angeles Lakers_2006,brownkw01_2006,44.474711915874174,1999-2007
Los Angeles Lakers_2006,bryanko01_2006,57.245087125446844,1999-2007
Los Angeles Lakers_2006,bynuman01_2006,18.384776310850235,1999-2007
Los Angeles Lakers_2006,cookbr01_2006,39.179076048319466,1999-2007
Los Angeles Lakers_2006,georgde01_2006,39.26830783214372,1999-2007
Los Angeles Lakers_2006,greende01_2006,11.61895003862225,1999-2007
Los Angeles Lakers_2006,mihmch01_2006,39.25557285278104,1999-2007
Los Angeles Lakers_2006,odomla01_2006,56.753854494650845,1999-2007
Los Angeles Lakers_2006,parkesm01_2006,52.65928218272634,1999-2007
Los Angeles Lakers_2006,profila01_2006,16.703293088490067,1999-2007
Los Angeles Lakers_2006,turiaro01_2006,12.68857754044952,1999-2007
Los Angeles Lakers_2006,vujacsa01_2006,38.06573262134856,1999-2007
Los Angeles Lakers_2006,waltolu01_2006,36.51027252705737,1999-2007
Los Angeles Lakers_2007,brownkw01_2007,33.645207682521445,1999-2007
Los Angeles Lakers_2007,bryanko01_2007,56.0357029044876,1999-2007
Los Angeles Lakers_2007,bynuman01_2007,42.34383071948026,1999-2007
Los Angeles Lakers_2007,cookbr01_2007,31.906112267087632,1999-2007
Los Angeles Lakers_2007,evansma01_2007,41.617304093369626,1999-2007
Los Angeles Lakers_2007,farmajo01_2007,33.015148038438355,1999-2007
Los Angeles Lakers_2007,odomla01_2007,46.92547282660026,1999-2007
Los Angeles Lakers_2007,parkesm01_2007,49.56813492557492,1999-2007
Los Angeles Lakers_2007,radmavl01_2007,31.400636936215164,1999-2007
Los Angeles Lakers_2007,turiaro01_2007,32.96968304366907,1999-2007
Los Angeles Lakers_2007,vujacsa01_2007,30.577769702841312,1999-2007
Los Angeles Lakers_2007,waltolu01_2007,44.51965857910413,1999-2007
Los Angeles Lakers_2007,willish01_2007,18.57417562100671,1999-2007
Los Angeles Lakers_2008,arizatr01_2008,20.760539492026695,2008-2015
Los Angeles Lakers_2008,brownkw01_2008,22.561028345356956,2008-2015
Los Angeles Lakers_2008,bryanko01_2008,56.49778756730214,2008-2015
Los Angeles Lakers_2008,bynuman01_2008,31.74901573277509,2008-2015
Los Angeles Lakers_2008,crittja01_2008,13.076696830622021,2008-2015
Los Angeles Lakers_2008,farmajo01_2008,41.10960958218893,2008-2015
Los Angeles Lakers_2008,fishede01_2008,47.4236228055175,2008-2015
Los Angeles Lakers_2008,gasolpa01_2008,30.298514815086232,2008-2015
Los Angeles Lakers_2008,mbengdj01_2008,14.0,2008-2015
Los Angeles Lakers_2008,mihmch01_2008,16.673332000533065,2008-2015
Los Angeles Lakers_2008,odomla01_2008,54.04627646748664,2008-2015
Los Angeles Lakers_2008,radmavl01_2008,38.50973902793941,2008-2015
Los Angeles Lakers_2008,turiaro01_2008,38.18376618407357,2008-2015
Los Angeles Lakers_2008,vujacsa01_2008,35.76310948449533,2008-2015
Los Angeles Lakers_2008,waltolu01_2008,41.58124577258358,2008-2015
Los Angeles Lakers_2009,arizatr01_2009,44.710177812216315,2008-2015
Los Angeles Lakers_2009,bryanko01_2009,54.405882034941776,2008-2015
Los Angeles Lakers_2009,bynuman01_2009,38.02630668366309,2008-2015
Los Angeles Lakers_2009,farmajo01_2009,34.52535300326414,2008-2015
Los Angeles Lakers_2009,fishede01_2009,49.4064773081425,2008-2015
Los Angeles Lakers_2009,gasolpa01_2009,54.76312628037227,2008-2015
Los Angeles Lakers_2009,mbengdj01_2009,13.45362404707371,2008-2015
Los Angeles Lakers_2009,odomla01_2009,48.12483766206386,2008-2015
Los Angeles Lakers_2009,poweljo01_2009,26.514147167125703,2008-2015
Los Angeles Lakers_2009,radmavl01_2009,27.76688675382964,2008-2015
Los Angeles Lakers_2009,vujacsa01_2009,35.958309192730404,2008-2015
Los Angeles Lakers_2009,waltolu01_2009,34.14674215792775,2008-2015
Los Angeles Lakers_2010,artesro01_2010,51.03920062069938,2008-2015
Los Angeles Lakers_2010,brownsh01_2010,41.23105625617661,2008-2015
Los Angeles Lakers_2010,bryanko01_2010,53.24471804789655,2008-2015
Los Angeles Lakers_2010,bynuman01_2010,44.46346815083142,2008-2015
Los Angeles Lakers_2010,farmajo01_2010,38.39270764090493,2008-2015
Los Angeles Lakers_2010,fishede01_2010,47.19110085598767,2008-2015
Los Angeles Lakers_2010,gasolpa01_2010,49.02040391510457,2008-2015
Los Angeles Lakers_2010,mbengdj01_2010,18.841443681416774,2008-2015
Los Angeles Lakers_2010,morriad01_2010,15.524174696260024,2008-2015
Los Angeles Lakers_2010,odomla01_2010,50.84289527554464,2008-2015
Los Angeles Lakers_2010,poweljo01_2010,24.1039415863879,2008-2015
Los Angeles Lakers_2010,vujacsa01_2010,23.979157616563597,2008-2015
Los Angeles Lakers_2010,waltolu01_2010,16.492422502470642,2008-2015
Los Angeles Lakers_2011,artesro01_2011,49.09175083453431,2008-2015
Los Angeles Lakers_2011,barnema02_2011,31.937438845342623,2008-2015
Los Angeles Lakers_2011,blakest01_2011,39.761790704142086,2008-2015
Los Angeles Lakers_2011,brownsh01_2011,39.59797974644666,2008-2015
Los Angeles Lakers_2011,bryanko01_2011,52.716221412388805,2008-2015
Los Angeles Lakers_2011,bynuman01_2011,38.72983346207417,2008-2015
Los Angeles Lakers_2011,caracde01_2011,14.66287829861518,2008-2015
Los Angeles Lakers_2011,fishede01_2011,47.92702786528704,2008-2015
Los Angeles Lakers_2011,gasolpa01_2011,55.10898293381942,2008-2015
Los Angeles Lakers_2011,odomla01_2011,51.37119815616529,2008-2015
Los Angeles Lakers_2011,waltolu01_2011,22.0,2008-2015
Los Angeles Lakers_2012,artesro01_2012,41.47288270665544,2008-2015
Los Angeles Lakers_2012,barnema02_2012,37.94733192202055,2008-2015
Los Angeles Lakers_2012,blakest01_2012,35.17101079013795,2008-2015
Los Angeles Lakers_2012,bryanko01_2012,47.24404724407086,2008-2015
Los Angeles Lakers_2012,bynuman01_2012,45.95650117230423,2008-2015
Los Angeles Lakers_2012,ebankde01_2012,19.8997487421324,2008-2015
Los Angeles Lakers_2012,fishede01_2012,33.18132004607411,2008-2015
Los Angeles Lakers_2012,gasolpa01_2012,49.29503017546495,2008-2015
Los Angeles Lakers_2012,goudean01_2012,20.46948949045872,2008-2015
Los Angeles Lakers_2012,kaponja01_2012,16.401219466856727,2008-2015
Los Angeles Lakers_2012,mcrobjo01_2012,26.795522013948524,2008-2015
Los Angeles Lakers_2012,murphtr01_2012,30.919249667480614,2008-2015
Los Angeles Lakers_2012,sessira01_2012,26.476404589747453,2008-2015
Los Angeles Lakers_2013,artesro01_2013,50.299105359837164,2008-2015
Los Angeles Lakers_2013,blakest01_2013,34.27827300200522,2008-2015
Los Angeles Lakers_2013,bryanko01_2013,54.89080068645383,2008-2015
Los Angeles Lakers_2013,clarkea01_2013,36.91882988394946,2008-2015
Los Angeles Lakers_2013,duhonch01_2013,28.635642126552707,2008-2015
Los Angeles Lakers_2013,gasolpa01_2013,40.681691213615984,2008-2015
Los Angeles Lakers_2013,hilljo01_2013,21.400934559032695,2008-2015
Los Angeles Lakers_2013,howardw01_2013,52.172789842982326,2008-2015
Los Angeles Lakers_2013,jamisan01_2013,40.44749683231337,2008-2015
Los Angeles Lakers_2013,meeksjo01_2013,40.779897008207364,2008-2015
Los Angeles Lakers_2013,morrida01_2013,26.13426869074396,2008-2015
Los Angeles Lakers_2013,nashst01_2013,40.33608806019741,2008-2015
Los Angeles Lakers_2013,sacrero01_2013,14.247806848775006,2008-2015
Los Angeles Lakers_2014,bazemke01_2014,25.357444666211933,2008-2015
Los Angeles Lakers_2014,blakest01_2014,29.8496231131986,2008-2015
Los Angeles Lakers_2014,farmajo01_2014,30.199337741083,2008-2015
Los Angeles Lakers_2014,gasolpa01_2014,43.40506882842141,2008-2015
Los Angeles Lakers_2014,henryxa01_2014,30.133038346638727,2008-2015
Los Angeles Lakers_2014,hilljo01_2014,38.72983346207417,2008-2015
Los Angeles Lakers_2014,johnswe01_2014,47.32863826479693,2008-2015
Los Angeles Lakers_2014,kamanch01_2014,27.129319932501073,2008-2015
Los Angeles Lakers_2014,kellyry01_2014,36.22154055254967,2008-2015
Los Angeles Lakers_2014,marshke01_2014,39.54743986657038,2008-2015
Los Angeles Lakers_2014,meeksjo01_2014,50.556898639058154,2008-2015
Los Angeles Lakers_2014,sacrero01_2014,33.0,2008-2015
Los Angeles Lakers_2014,willish03_2014,27.40437921208944,2008-2015
Los Angeles Lakers_2014,youngni01_2014,42.5440947723653,2008-2015
Los Angeles Lakers_2015,blackta01_2015,28.337254630609507,2008-2015
Los Angeles Lakers_2015,boozeca01_2015,41.13392760240627,2008-2015
Los Angeles Lakers_2015,bryanko01_2015,34.741905532080416,2008-2015
Los Angeles Lakers_2015,clarkjo01_2015,38.41874542459709,2008-2015
Los Angeles Lakers_2015,davised01_2015,42.89522117905443,2008-2015
Los Angeles Lakers_2015,ellinwa01_2015,40.92676385936225,2008-2015
Los Angeles Lakers_2015,hilljo01_2015,43.289721643826724,2008-2015
Los Angeles Lakers_2015,johnswe01_2015,47.38143096192854,2008-2015
Los Angeles Lakers_2015,kellyry01_2015,35.11409973215888,2008-2015
Los Angeles Lakers_2015,linje01_2015,43.669211121796096,2008-2015
Los Angeles Lakers_2015,pricero01_2015,31.336879231984796,2008-2015
Los Angeles Lakers_2015,sacrero01_2015,33.66006535941367,2008-2015
Los Angeles Lakers_2015,youngni01_2015,31.622776601683793,2008-2015
Los Angeles Lakers_2016,artesro01_2016,24.289915602982237,2016-present
Los Angeles Lakers_2016,bassbr01_2016,36.6333181680284,2016-present
Los Angeles Lakers_2016,blackta01_2016,22.271057451320086,2016-present
Los Angeles Lakers_2016,brownan02_2016,24.474476501040833,2016-present
Los Angeles Lakers_2016,bryanko01_2016,43.162483709814474,2016-present
Los Angeles Lakers_2016,clarkjo01_2016,50.51732376126036,2016-present
Los Angeles Lakers_2016,hibbero01_2016,43.3358973600409,2016-present
Los Angeles Lakers_2016,huertma01_2016,29.478805945967352,2016-present
Los Angeles Lakers_2016,kellyry01_2016,21.6794833886788,2016-present
Los Angeles Lakers_2016,nancela02_2016,35.58089374931439,2016-present
Los Angeles Lakers_2016,randlju01_2016,47.81213235152768,2016-present
Los Angeles Lakers_2016,russeda01_2016,47.52893855326458,2016-present
Los Angeles Lakers_2016,sacrero01_2016,17.88854381999832,2016-present
Los Angeles Lakers_2016,willilo02_2016,43.669211121796096,2016-present
Los Angeles Lakers_2016,youngni01_2016,32.14031735997639,2016-present
Los Angeles Lakers_2017,artesro01_2017,12.649110640673518,2016-present
Los Angeles Lakers_2017,blackta01_2017,33.03028912982749,2016-present
Los Angeles Lakers_2017,breweco01_2017,18.920887928424502,2016-present
Los Angeles Lakers_2017,caldejo01_2017,17.08800749063506,2016-present
Los Angeles Lakers_2017,clarkjo01_2017,48.95916665957459,2016-present
Los Angeles Lakers_2017,denglu01_2017,38.54867053479276,2016-present
Los Angeles Lakers_2017,ennisty01_2017,19.79898987322333,2016-present
Los Angeles Lakers_2017,huertma01_2017,15.394804318340652,2016-present
Los Angeles Lakers_2017,ingrabr01_2017,47.738873049120045,2016-present
Los Angeles Lakers_2017,mozgoti01_2017,33.2264954516723,2016-present
Los Angeles Lakers_2017,nancela02_2017,37.97367509209505,2016-present
Los Angeles Lakers_2017,randlju01_2017,46.17358552246078,2016-present
Los Angeles Lakers_2017,robinth01_2017,23.664319132398465,2016-present
Los Angeles Lakers_2017,russeda01_2017,42.555845661906424,2016-present
Los Angeles Lakers_2017,willilo02_2017,37.456641600656084,2016-present
Los Angeles Lakers_2017,youngni01_2017,39.44616584663204,2016-present
Los Angeles Lakers_2017,zubaciv01_2017,24.677925358506133,2016-present
Los Angeles Lakers_2018,balllo01_2018,42.190046219457976,2016-present
Los Angeles Lakers_2018,bogutan01_2018,14.696938456699069,2016-present
Los Angeles Lakers_2018,breweco01_2018,26.343879744638983,2016-present
Los Angeles Lakers_2018,caldwke01_2018,49.57822102496216,2016-present
Los Angeles Lakers_2018,carusal01_2018,23.706539182259394,2016-present
Los Angeles Lakers_2018,clarkjo01_2018,35.4400902933387,2016-present
Los Angeles Lakers_2018,ennisty01_2018,26.13426869074396,2016-present
Los Angeles Lakers_2018,hartjo01_2018,38.22302970723278,2016-present
Los Angeles Lakers_2018,ingrabr01_2018,44.44097208657794,2016-present
Los Angeles Lakers_2018,kuzmaky01_2018,49.0,2016-present
Los Angeles Lakers_2018,lopezbr01_2018,41.65333119931706,2016-present
Los Angeles Lakers_2018,nancela02_2018,30.364452901377952,2016-present
Los Angeles Lakers_2018,randlju01_2018,46.79743582719036,2016-present
Los Angeles Lakers_2018,zubaciv01_2018,20.248456731316587,2016-present
Los Angeles Lakers_2019,balllo01_2019,37.72267222772003,2016-present
Los Angeles Lakers_2019,beaslmi01_2019,16.64331697709324,2016-present
Los Angeles Lakers_2019,bongais01_2019,10.954451150103322,2016-present
Los Angeles Lakers_2019,caldwke01_2019,45.110974274559844,2016-present
Los Angeles Lakers_2019,carusal01_2019,23.043437243605826,2016-present
Los Angeles Lakers_2019,chandty01_2019,28.035691537752374,2016-present
Los Angeles Lakers_2019,hartjo01_2019,41.41255848169731,2016-present
Los Angeles Lakers_2019,ingrabr01_2019,41.95235392680606,2016-present
Los Angeles Lakers_2019,jamesle01_2019,44.01136216933077,2016-present
Los Angeles Lakers_2019,kuzmaky01_2019,48.104053883222775,2016-present
Los Angeles Lakers_2019,mcgeeja01_2019,40.87786687193939,2016-present
Los Angeles Lakers_2019,mykhasv01_2019,20.493901531919196,2016-present
Los Angeles Lakers_2019,rondora01_2019,37.0,2016-present
Los Angeles Lakers_2019,stephla01_2019,33.51119216023208,2016-present
Los Angeles Lakers_2019,wagnemo01_2019,21.118712081942874,2016-present
Los Angeles Lakers_2019,willijo04_2019,19.28730152198591,2016-present
Los Angeles Lakers_2019,zubaciv01_2019,22.715633383201094,2016-present
Los Angeles Lakers_2020,bradlav01_2020,34.438350715445125,2016-present
Los Angeles Lakers_2020,caldwke01_2020,41.97618372363071,2016-present
Los Angeles Lakers_2020,carusal01_2020,34.27827300200522,2016-present
Los Angeles Lakers_2020,cookqu01_2020,22.538855339169288,2016-present
Los Angeles Lakers_2020,danietr01_2020,21.354156504062622,2016-present
Los Angeles Lakers_2020,davisan02_2020,46.16275555033516,2016-present
Los Angeles Lakers_2020,dudleja01_2020,19.078784028338912,2016-present
Los Angeles Lakers_2020,greenda02_2020,41.0731055558257,2016-present
Los Angeles Lakers_2020,howardw01_2020,36.138621999185304,2016-present
Los Angeles Lakers_2020,jamesle01_2020,48.12483766206386,2016-present
Los Angeles Lakers_2020,kuzmaky01_2020,39.06404996924922,2016-present
Los Angeles Lakers_2020,mcgeeja01_2020,33.61547262794322,2016-present
Los Angeles Lakers_2020,rondora01_2020,31.368774282716245,2016-present
Los Angeles Lakers_2021,caldwke01_2021,43.61192497471305,2016-present
Los Angeles Lakers_2021,carusal01_2021,34.87119154832539,2016-present
Los Angeles Lakers_2021,davisan02_2021,34.08812109811862,2016-present
Los Angeles Lakers_2021,drumman01_2021,22.80350850198276,2016-present
Los Angeles Lakers_2021,gasolma01_2021,31.51190251317746,2016-present
Los Angeles Lakers_2021,harremo01_2021,39.74921382870358,2016-present
Los Angeles Lakers_2021,hortota01_2021,36.11094017053558,2016-present
Los Angeles Lakers_2021,jamesle01_2021,38.781438859330635,2016-present
Los Angeles Lakers_2021,kuzmaky01_2021,44.204072210600685,2016-present
Los Angeles Lakers_2021,matthwe02_2021,33.61547262794322,2016-present
Los Angeles Lakers_2021,mckinal01_2021,16.06237840420901,2016-present
Los Angeles Lakers_2021,mclembe01_2021,19.183326093250876,2016-present
Los Angeles Lakers_2021,morrima02_2021,34.64101615137755,2016-present
Los Angeles Lakers_2021,schrode01_2021,44.22668877499196,2016-present
Los Angeles Lakers_2022,anthoca01_2022,42.34383071948026,2016-present
Los Angeles Lakers_2022,arizatr01_2022,21.494185260204677,2016-present
Los Angeles Lakers_2022,augusdj01_2022,19.313207915827967,2016-present
Los Angeles Lakers_2022,bazemke01_2022,23.345235059857504,2016-present
Los Angeles Lakers_2022,bradlav01_2022,37.49666651850535,2016-present
Los Angeles Lakers_2022,davisan02_2022,37.469987990390386,2016-present
Los Angeles Lakers_2022,ellinwa01_2022,28.460498941515414,2016-present
Los Angeles Lakers_2022,hortota01_2022,38.87158345115362,2016-present
Los Angeles Lakers_2022,howardw01_2022,31.160872901765767,2016-present
Los Angeles Lakers_2022,jamesle01_2022,45.65084884205331,2016-present
Los Angeles Lakers_2022,johnsst04_2022,33.075670817082454,2016-present
Los Angeles Lakers_2022,jordade01_2022,20.199009876724155,2016-present
Los Angeles Lakers_2022,monkma01_2022,46.24932431938871,2016-present
Los Angeles Lakers_2022,reaveau01_2022,37.656340767525464,2016-present
Los Angeles Lakers_2022,westbru01_2022,51.749396131742444,2016-present
Los Angeles Lakers_2023,beaslma01_2023,24.919871588754223,2016-present
Los Angeles Lakers_2023,beverpa01_2023,34.79942528261063,2016-present
Los Angeles Lakers_2023,browntr01_2023,43.12771730569565,2016-present
Los Angeles Lakers_2023,bryanth01_2023,29.597297173897484,2016-present
Los Angeles Lakers_2023,chrisma02_2023,22.627416997969522,2016-present
Los Angeles Lakers_2023,davisan02_2023,43.634848458542855,2016-present
Los Angeles Lakers_2023,gabriwe01_2023,32.0,2016-present
Los Angeles Lakers_2023,hachiru01_2023,27.16615541441225,2016-present
Los Angeles Lakers_2023,jamesle01_2023,44.204072210600685,2016-present
Los Angeles Lakers_2023,jonesda03_2023,13.2664991614216,2016-present
Los Angeles Lakers_2023,nunnke01_2023,22.978250586152114,2016-present
Los Angeles Lakers_2023,reaveau01_2023,42.930175867331364,2016-present
Los Angeles Lakers_2023,schrode01_2023,44.56455991031439,2016-present
Los Angeles Lakers_2023,toscaju01_2023,19.1049731745428,2016-present
Los Angeles Lakers_2023,vandeja01_2023,25.0,2016-present
Los Angeles Lakers_2023,walkelo01_2023,36.013886210738214,2016-present
Los Angeles Lakers_2023,westbru01_2023,38.61346915261564,2016-present
Los Angeles Lakers_2024,chrisma02_2024,30.72458299147443,2016-present
Los Angeles Lakers_2024,davisan02_2024,51.96152422706632,2016-present
Los Angeles Lakers_2024,dinwisp01_2024,26.038433132583073,2016-present
Los Angeles Lakers_2024,hachiru01_2024,42.731721238442994,2016-present
Los Angeles Lakers_2024,hayesja02_2024,29.614185789921695,2016-present
Los Angeles Lakers_2024,hoodsja01_2024,10.44030650891055,2016-present
Los Angeles Lakers_2024,jamesle01_2024,50.039984012787215,2016-present
Los Angeles Lakers_2024,lewisma05_2024,10.14889156509222,2016-present
Los Angeles Lakers_2024,princta02_2024,45.91296113299599,2016-present
Los Angeles Lakers_2024,reaveau01_2024,51.273774973177076,2016-present
Los Angeles Lakers_2024,reddica01_2024,31.368774282716245,2016-present
Los Angeles Lakers_2024,russeda01_2024,49.839743177508446,2016-present
Los Angeles Lakers_2024,vandeja01_2024,24.1039415863879,2016-present
Los Angeles Lakers_2024,woodch01_2024,29.5296461204668,2016-present
Los Angeles Lakers_2025,chrisma02_2025,33.97057550292606,2016-present
Los Angeles Lakers_2025,davisan02_2025,37.94733192202055,2016-present
Los Angeles Lakers_2025,doncilu01_2025,31.368774282716245,2016-present
Los Angeles Lakers_2025,finnedo01_2025,35.199431813596085,2016-present
Los Angeles Lakers_2025,goodwjo01_2025,23.302360395462088,2016-present
Los Angeles Lakers_2025,hachiru01_2025,43.23193264243457,2016-present
Los Angeles Lakers_2025,hayesja02_2025,33.06055050963308,2016-present
Los Angeles Lakers_2025,jamesbr02_2025,13.45362404707371,2016-present
Los Angeles Lakers_2025,jamesle01_2025,49.4368283772331,2016-present
Los Angeles Lakers_2025,jemistr01_2025,15.033296378372908,2016-present
Los Angeles Lakers_2025,knechda01_2025,38.65229618017538,2016-present
Los Angeles Lakers_2025,kolokch01_2025,18.49324200890693,2016-present
Los Angeles Lakers_2025,miltosh01_2025,18.57417562100671,2016-present
Los Angeles Lakers_2025,reaveau01_2025,50.49752469181039,2016-present
Los Angeles Lakers_2025,reddica01_2025,24.269322199023193,2016-present
Los Angeles Lakers_2025,russeda01_2025,27.622454633866266,2016-present
Los Angeles Lakers_2025,vandeja01_2025,24.1039415863879,2016-present
Los Angeles Lakers_2025,vincega01_2025,39.07684736515984,2016-present
Memphis Grizzlies_2002,austiis01_2002,17.52141546793523,1999-2007
Memphis Grizzlies_2002,battish01_2002,55.65069631190611,1999-2007
Memphis Grizzlies_2002,buforro01_2002,42.05948168962618,1999-2007
Memphis Grizzlies_2002,fotsian01_2002,17.88854381999832,1999-2007
Memphis Grizzlies_2002,gasolpa01_2002,54.83611948342078,1999-2007
Memphis Grizzlies_2002,gilled01_2002,19.595917942265423,1999-2007
Memphis Grizzlies_2002,knighbr01_2002,33.926390907374746,1999-2007
Memphis Grizzlies_2002,longgr01_2002,43.22036556994862,1999-2007
Memphis Grizzlies_2002,masseto01_2002,35.31288716601915,1999-2007
Memphis Grizzlies_2002,solomwi01_2002,29.5296461204668,1999-2007
Memphis Grizzlies_2002,swiftst01_2002,42.485291572496,1999-2007
Memphis Grizzlies_2002,willija02_2002,47.286361670147556,1999-2007
Memphis Grizzlies_2002,wrighlo02_2002,35.369478367654786,1999-2007
Memphis Grizzlies_2003,batismi01_2003,35.32704346531139,1999-2007
Memphis Grizzlies_2003,battish01_2003,48.815980989835694,1999-2007
Memphis Grizzlies_2003,gasolpa01_2003,54.29548784199291,1999-2007
Memphis Grizzlies_2003,giricgo01_2003,34.45286635390443,1999-2007
Memphis Grizzlies_2003,goodedr01_2003,36.45545226711637,1999-2007
Memphis Grizzlies_2003,knighbr01_2003,30.463092423455635,1999-2007
Memphis Grizzlies_2003,persowe01_2003,44.05678154382138,1999-2007
Memphis Grizzlies_2003,swiftst01_2003,38.44476557348217,1999-2007
Memphis Grizzlies_2003,watsoea01_2003,36.959437225152655,1999-2007
Memphis Grizzlies_2003,willija02_2003,49.06118628814432,1999-2007
Memphis Grizzlies_2003,wrighlo02_2003,44.51965857910413,1999-2007
Memphis Grizzlies_2004,battish01_2004,44.12482294582042,1999-2007
Memphis Grizzlies_2004,gasolpa01_2004,49.57822102496216,1999-2007
Memphis Grizzlies_2004,millemi01_2004,42.07136793592526,1999-2007
Memphis Grizzlies_2004,outlabo01_2004,40.07492981902776,1999-2007
Memphis Grizzlies_2004,poseyja01_2004,49.50757517794625,1999-2007
Memphis Grizzlies_2004,swiftst01_2004,39.08964057138413,1999-2007
Memphis Grizzlies_2004,tsakaja01_2004,23.08679276123039,1999-2007
Memphis Grizzlies_2004,watsoea01_2004,40.85339643163099,1999-2007
Memphis Grizzlies_2004,wellsbo01_2004,38.31448812133603,1999-2007
Memphis Grizzlies_2004,willija02_2004,45.98912915026767,1999-2007
Memphis Grizzlies_2004,wrighlo02_2004,40.91454509095757,1999-2007
Memphis Grizzlies_2005,battish01_2005,50.15974481593781,1999-2007
Memphis Grizzlies_2005,burksan01_2005,14.798648586948742,1999-2007
Memphis Grizzlies_2005,cardibr01_2005,37.8549864614954,1999-2007
Memphis Grizzlies_2005,gasolpa01_2005,42.30839160261236,1999-2007
Memphis Grizzlies_2005,humphry01_2005,17.804493814764857,1999-2007
Memphis Grizzlies_2005,jonesda02_2005,25.475478405713993,1999-2007
Memphis Grizzlies_2005,millemi01_2005,47.7283982551269,1999-2007
Memphis Grizzlies_2005,poseyja01_2005,37.17526059088221,1999-2007
Memphis Grizzlies_2005,swiftst01_2005,35.76310948449533,1999-2007
Memphis Grizzlies_2005,tsakaja01_2005,16.673332000533065,1999-2007
Memphis Grizzlies_2005,watsoea01_2005,42.5205832509386,1999-2007
Memphis Grizzlies_2005,wellsbo01_2005,38.58756276314948,1999-2007
Memphis Grizzlies_2005,willija02_2005,44.181444068749045,1999-2007
Memphis Grizzlies_2005,wrighlo02_2005,47.82258880487337,1999-2007
Memphis Grizzlies_2006,atkinch01_2006,34.07345007480164,1999-2007
Memphis Grizzlies_2006,battish01_2006,53.28226721902888,1999-2007
Memphis Grizzlies_2006,burksan01_2006,23.874672772626646,1999-2007
Memphis Grizzlies_2006,cardibr01_2006,20.049937655763422,1999-2007
Memphis Grizzlies_2006,gasolpa01_2006,55.991070716677676,1999-2007
Memphis Grizzlies_2006,jacksbo01_2006,42.13074886588179,1999-2007
Memphis Grizzlies_2006,jonesda02_2006,31.096623610932426,1999-2007
Memphis Grizzlies_2006,jonesed02_2006,49.36598018878993,1999-2007
Memphis Grizzlies_2006,millemi01_2006,47.62352359916263,1999-2007
Memphis Grizzlies_2006,roberla01_2006,13.45362404707371,1999-2007
Memphis Grizzlies_2006,stoudda01_2006,29.359836511806396,1999-2007
Memphis Grizzlies_2006,tsakaja01_2006,27.055498516937366,1999-2007
Memphis Grizzlies_2006,warriha01_2006,26.90724809414742,1999-2007
Memphis Grizzlies_2006,wrighlo02_2006,41.09744517606904,1999-2007
Memphis Grizzlies_2007,atkinch01_2007,45.43126676640219,1999-2007
Memphis Grizzlies_2007,cardibr01_2007,17.69180601295413,1999-2007
Memphis Grizzlies_2007,gasolpa01_2007,46.184412955021955,1999-2007
Memphis Grizzlies_2007,gayru01_2007,45.858477951192405,1999-2007
Memphis Grizzlies_2007,harriju01_2007,23.302360395462088,1999-2007
Memphis Grizzlies_2007,johnsal01_2007,27.440845468024488,1999-2007
Memphis Grizzlies_2007,jonesda02_2007,40.87786687193939,1999-2007
Memphis Grizzlies_2007,jonesed02_2007,23.68543856465402,1999-2007
Memphis Grizzlies_2007,kinseta01_2007,31.096623610932426,1999-2007
Memphis Grizzlies_2007,millemi01_2007,52.3450093132096,1999-2007
Memphis Grizzlies_2007,roberla01_2007,31.12876483254676,1999-2007
Memphis Grizzlies_2007,stoudda01_2007,38.742741255621034,1999-2007
Memphis Grizzlies_2007,swiftst01_2007,32.07802986469088,1999-2007
Memphis Grizzlies_2007,tsakaja01_2007,16.06237840420901,1999-2007
Memphis Grizzlies_2007,warriha01_2007,46.389654018972806,1999-2007
Memphis Grizzlies_2008,brownan01_2008,16.911534525287763,2008-2015
Memphis Grizzlies_2008,cardibr01_2008,20.97617696340303,2008-2015
Memphis Grizzlies_2008,collija04_2008,22.090722034374522,2008-2015
Memphis Grizzlies_2008,conlemi01_2008,37.16180835212409,2008-2015
Memphis Grizzlies_2008,crittja01_2008,22.538855339169288,2008-2015
Memphis Grizzlies_2008,gasolpa01_2008,37.8549864614954,2008-2015
Memphis Grizzlies_2008,gayru01_2008,54.772255750516614,2008-2015
Memphis Grizzlies_2008,jacobca01_2008,23.388031127053,2008-2015
Memphis Grizzlies_2008,lowryky01_2008,45.70557952810576,2008-2015
Memphis Grizzlies_2008,milicda01_2008,40.779897008207364,2008-2015
Memphis Grizzlies_2008,millemi01_2008,49.73932046178355,2008-2015
Memphis Grizzlies_2008,navarju01_2008,46.010868281309364,2008-2015
Memphis Grizzlies_2008,stoudda01_2008,24.979991993593593,2008-2015
Memphis Grizzlies_2008,swiftst01_2008,23.430749027719962,2008-2015
Memphis Grizzlies_2008,warriha01_2008,41.88078318274385,2008-2015
Memphis Grizzlies_2009,arthuda01_2009,38.262252939417984,2008-2015
Memphis Grizzlies_2009,buckngr01_2009,29.631064780058107,2008-2015
Memphis Grizzlies_2009,conlemi01_2009,50.07993610219566,2008-2015
Memphis Grizzlies_2009,gasolma01_2009,50.20956084253277,2008-2015
Memphis Grizzlies_2009,gayru01_2009,54.26785420486054,2008-2015
Memphis Grizzlies_2009,jaricma01_2009,24.596747752497688,2008-2015
Memphis Grizzlies_2009,lowryky01_2009,32.72613634390714,2008-2015
Memphis Grizzlies_2009,mayooj01_2009,55.85696017507576,2008-2015
Memphis Grizzlies_2009,milesda01_2009,17.26267650163207,2008-2015
Memphis Grizzlies_2009,milicda01_2009,32.155870381627054,2008-2015
Memphis Grizzlies_2009,rossqu01_2009,34.11744421846396,2008-2015
Memphis Grizzlies_2009,warriha01_2009,45.044422518220834,2008-2015
Memphis Grizzlies_2010,arthuda01_2010,21.37755832643195,2008-2015
Memphis Grizzlies_2010,carrode01_2010,28.19574435974337,2008-2015
Memphis Grizzlies_2010,conlemi01_2010,50.68530358989675,2008-2015
Memphis Grizzlies_2010,gasolma01_2010,49.68903299521938,2008-2015
Memphis Grizzlies_2010,gayru01_2010,56.34713834792323,2008-2015
Memphis Grizzlies_2010,haddaha01_2010,15.491933384829668,2008-2015
Memphis Grizzlies_2010,huntest01_2010,12.569805089976535,2008-2015
Memphis Grizzlies_2010,mayooj01_2010,55.794264938253285,2008-2015
Memphis Grizzlies_2010,randoza01_2010,55.235857918565905,2008-2015
Memphis Grizzlies_2010,thabeha01_2010,29.715315916207253,2008-2015
Memphis Grizzlies_2010,tinslja01_2010,24.269322199023193,2008-2015
Memphis Grizzlies_2010,willima03_2010,29.5296461204668,2008-2015
Memphis Grizzlies_2010,youngsa01_2010,36.345563690772494,2008-2015
Memphis Grizzlies_2011,allento01_2011,38.65229618017538,2008-2015
Memphis Grizzlies_2011,arthuda01_2011,40.11234224026316,2008-2015
Memphis Grizzlies_2011,battish01_2011,23.600847442411894,2008-2015
Memphis Grizzlies_2011,conlemi01_2011,53.59104402789705,2008-2015
Memphis Grizzlies_2011,gasolma01_2011,50.85272854036448,2008-2015
Memphis Grizzlies_2011,gayru01_2011,46.389654018972806,2008-2015
Memphis Grizzlies_2011,haddaha01_2011,12.96148139681572,2008-2015
Memphis Grizzlies_2011,henryxa01_2011,22.956480566497994,2008-2015
Memphis Grizzlies_2011,mayooj01_2011,43.23193264243457,2008-2015
Memphis Grizzlies_2011,randoza01_2011,52.191953402799555,2008-2015
Memphis Grizzlies_2011,thabeha01_2011,19.209372712298546,2008-2015
Memphis Grizzlies_2011,vasqugr01_2011,29.32575659723036,2008-2015
Memphis Grizzlies_2011,youngsa01_2011,39.71145930332956,2008-2015
Memphis Grizzlies_2012,allento01_2012,39.05124837953327,2008-2015
Memphis Grizzlies_2012,conlemi01_2012,46.62617290749907,2008-2015
Memphis Grizzlies_2012,cunnida01_2012,33.52610922848042,2008-2015
Memphis Grizzlies_2012,gasolma01_2012,48.68264577855234,2008-2015
Memphis Grizzlies_2012,gayru01_2012,49.21381919745713,2008-2015
Memphis Grizzlies_2012,haddaha01_2012,14.352700094407323,2008-2015
Memphis Grizzlies_2012,mayooj01_2012,42.08325082500163,2008-2015
Memphis Grizzlies_2012,pargoje01_2012,20.591260281974,2008-2015
Memphis Grizzlies_2012,pondequ01_2012,31.654383582688826,2008-2015
Memphis Grizzlies_2012,randoza01_2012,27.110883423451916,2008-2015
Memphis Grizzlies_2012,selbyjo01_2012,15.394804318340652,2008-2015
Memphis Grizzlies_2012,speigma01_2012,36.6742416417845,2008-2015
Memphis Grizzlies_2012,youngsa01_2012,15.491933384829668,2008-2015
Memphis Grizzlies_2013,allento01_2013,45.92385001282014,2008-2015
Memphis Grizzlies_2013,arthuda01_2013,31.144823004794873,2008-2015
Memphis Grizzlies_2013,bayleje01_2013,42.01190307520001,2008-2015
Memphis Grizzlies_2013,conlemi01_2013,52.507142371300304,2008-2015
Memphis Grizzlies_2013,davised01_2013,23.323807579381203,2008-2015
Memphis Grizzlies_2013,dayeau01_2013,18.110770276274835,2008-2015
Memphis Grizzlies_2013,ellinwa01_2013,26.0,2008-2015
Memphis Grizzlies_2013,gasolma01_2013,52.87721626560914,2008-2015
Memphis Grizzlies_2013,gayru01_2013,39.25557285278104,2008-2015
Memphis Grizzlies_2013,pondequ01_2013,35.25620512760839,2008-2015
Memphis Grizzlies_2013,princta01_2013,34.26368339802363,2008-2015
Memphis Grizzlies_2013,randoza01_2013,51.05878964487897,2008-2015
Memphis Grizzlies_2013,speigma01_2013,24.06241883103193,2008-2015
Memphis Grizzlies_2013,wroteto01_2013,16.492422502470642,2008-2015
Memphis Grizzlies_2014,allento01_2014,35.749125863438955,2008-2015
Memphis Grizzlies_2014,bayleje01_2014,25.495097567963924,2008-2015
Memphis Grizzlies_2014,calatni01_2014,34.249087579087416,2008-2015
Memphis Grizzlies_2014,conlemi01_2014,49.457052075512955,2008-2015
Memphis Grizzlies_2014,davised01_2014,30.919249667480614,2008-2015
Memphis Grizzlies_2014,frankja01_2014,12.68857754044952,2008-2015
Memphis Grizzlies_2014,gasolma01_2014,44.384682042344295,2008-2015
Memphis Grizzlies_2014,johnsja01_2014,30.919249667480614,2008-2015
Memphis Grizzlies_2014,koufoko01_2014,36.72873534441391,2008-2015
Memphis Grizzlies_2014,leeco01_2014,38.3275357934736,2008-2015
Memphis Grizzlies_2014,leuerjo01_2014,25.337718918639855,2008-2015
Memphis Grizzlies_2014,millemi01_2014,41.31585652022719,2008-2015
Memphis Grizzlies_2014,princta01_2014,44.13615298142782,2008-2015
Memphis Grizzlies_2014,randoza01_2014,52.009614495783374,2008-2015
Memphis Grizzlies_2015,adamsjo01_2015,15.748015748023622,2008-2015
Memphis Grizzlies_2015,allento01_2015,40.59556626036888,2008-2015
Memphis Grizzlies_2015,calatni01_2015,28.948229652260256,2008-2015
Memphis Grizzlies_2015,cartevi01_2015,33.03028912982749,2008-2015
Memphis Grizzlies_2015,conlemi01_2015,47.16990566028302,2008-2015
Memphis Grizzlies_2015,gasolma01_2015,51.836280730777744,2008-2015
Memphis Grizzlies_2015,greenje02_2015,36.89173349139343,2008-2015
Memphis Grizzlies_2015,koufoko01_2015,36.71511950137164,2008-2015
Memphis Grizzlies_2015,leeco01_2015,48.518037882832814,2008-2015
Memphis Grizzlies_2015,leuerjo01_2015,28.705400188814647,2008-2015
Memphis Grizzlies_2015,pondequ01_2015,23.2379000772445,2008-2015
Memphis Grizzlies_2015,princta01_2015,25.059928172283335,2008-2015
Memphis Grizzlies_2015,randoza01_2015,48.0,2008-2015
Memphis Grizzlies_2015,udrihbe01_2015,38.65229618017538,2008-2015
Memphis Grizzlies_2016,allento01_2016,40.24922359499622,2016-present
Memphis Grizzlies_2016,barnema02_2016,46.79743582719036,2016-present
Memphis Grizzlies_2016,cartevi01_2016,31.701734968294716,2016-present
Memphis Grizzlies_2016,chalmma01_2016,35.397740040855716,2016-present
Memphis Grizzlies_2016,conlemi01_2016,41.96427051671457,2016-present
Memphis Grizzlies_2016,gasolma01_2016,42.320207938997655,2016-present
Memphis Grizzlies_2016,greenja01_2016,38.02630668366309,2016-present
Memphis Grizzlies_2016,greenje02_2016,39.293765408777,2016-present
Memphis Grizzlies_2016,holliry01_2016,20.29778313018444,2016-present
Memphis Grizzlies_2016,leeco01_2016,38.58756276314948,2016-present
Memphis Grizzlies_2016,martija01_2016,19.493588689617926,2016-present
Memphis Grizzlies_2016,randoza01_2016,44.8998886412873,2016-present
Memphis Grizzlies_2016,stephla01_2016,26.30589287593181,2016-present
Memphis Grizzlies_2017,allento01_2017,43.749285708454714,2016-present
Memphis Grizzlies_2017,baldwwa01_2017,20.12461179749811,2016-present
Memphis Grizzlies_2017,cartevi01_2017,42.41462012089699,2016-present
Memphis Grizzlies_2017,conlemi01_2017,47.8748368143433,2016-present
Memphis Grizzlies_2017,danietr01_2017,34.39476704383968,2016-present
Memphis Grizzlies_2017,davisde01_2017,15.427248620541512,2016-present
Memphis Grizzlies_2017,douglto01_2017,19.849433241279208,2016-present
Memphis Grizzlies_2017,ennisja01_2017,38.742741255621034,2016-present
Memphis Grizzlies_2017,gasolma01_2017,50.309044912421065,2016-present
Memphis Grizzlies_2017,greenja01_2017,45.83666654546336,2016-present
Memphis Grizzlies_2017,harrian01_2017,38.39270764090493,2016-present
Memphis Grizzlies_2017,martija01_2017,23.62202362203543,2016-present
Memphis Grizzlies_2017,parsoch01_2017,25.98076211353316,2016-present
Memphis Grizzlies_2017,randoza01_2017,42.261093218230876,2016-present
Memphis Grizzlies_2017,willitr02_2017,20.445048300260872,2016-present
Memphis Grizzlies_2017,wrighbr03_2017,21.142374511865974,2016-present
Memphis Grizzlies_2018,brookdi01_2018,48.47679857416329,2016-present
Memphis Grizzlies_2018,chalmma01_2018,37.69615364994153,2016-present
Memphis Grizzlies_2018,davisde01_2018,30.708305065568176,2016-present
Memphis Grizzlies_2018,ennisja01_2018,32.449961479175904,2016-present
Memphis Grizzlies_2018,evansty01_2018,40.08740450565489,2016-present
Memphis Grizzlies_2018,gasolma01_2018,49.07137658554119,2016-present
Memphis Grizzlies_2018,greenja01_2018,39.26830783214372,2016-present
Memphis Grizzlies_2018,harrian01_2018,36.41428291206625,2016-present
Memphis Grizzlies_2018,martija01_2018,40.755367744629666,2016-present
Memphis Grizzlies_2018,mclembe01_2018,33.03028912982749,2016-present
Memphis Grizzlies_2018,parsoch01_2018,26.28687885618983,2016-present
Memphis Grizzlies_2018,rabbiv01_2018,22.715633383201094,2016-present
Memphis Grizzlies_2018,seldewa01_2018,26.30589287593181,2016-present
Memphis Grizzlies_2018,simmoko01_2018,25.357444666211933,2016-present
Memphis Grizzlies_2018,wrighbr03_2018,19.131126469708992,2016-present
Memphis Grizzlies_2019,anderky01_2019,35.79106033634656,2016-present
Memphis Grizzlies_2019,brookma01_2019,19.672315572906,2016-present
Memphis Grizzlies_2019,cabocbr01_2019,28.284271247461902,2016-present
Memphis Grizzlies_2019,carteje01_2019,24.020824298928627,2016-present
Memphis Grizzlies_2019,casspom01_2019,22.80350850198276,2016-present
Memphis Grizzlies_2019,conlemi01_2019,48.394214530251446,2016-present
Memphis Grizzlies_2019,dorsety01_2019,21.142374511865974,2016-present
Memphis Grizzlies_2019,gasolma01_2019,42.28474902373195,2016-present
Memphis Grizzlies_2019,greenja01_2019,30.0,2016-present
Memphis Grizzlies_2019,holidju01_2019,35.805027579936315,2016-present
Memphis Grizzlies_2019,jacksja02_2019,38.92300091205713,2016-present
Memphis Grizzlies_2019,macksh01_2019,34.698703145794944,2016-present
Memphis Grizzlies_2019,noahjo01_2019,26.324893162176366,2016-present
Memphis Grizzlies_2019,parsoch01_2019,22.271057451320086,2016-present
Memphis Grizzlies_2019,rabbiv01_2019,26.851443164195103,2016-present
Memphis Grizzlies_2019,seldewa01_2019,21.330729007701542,2016-present
Memphis Grizzlies_2019,templga01_2019,39.11521443121589,2016-present
Memphis Grizzlies_2019,wrighde01_2019,28.319604517012593,2016-present
Memphis Grizzlies_2020,allengr01_2020,26.795522013948524,2016-present
Memphis Grizzlies_2020,anderky01_2020,36.46916505762094,2016-present
Memphis Grizzlies_2020,brookdi01_2020,45.95650117230423,2016-present
Memphis Grizzlies_2020,cabocbr01_2020,13.856406460551018,2016-present
Memphis Grizzlies_2020,clarkbr01_2020,36.05551275463989,2016-present
Memphis Grizzlies_2020,crowdja01_2020,36.359317925395686,2016-present
Memphis Grizzlies_2020,gudurma01_2020,22.0,2016-present
Memphis Grizzlies_2020,hillso01_2020,30.01666203960727,2016-present
Memphis Grizzlies_2020,jacksja02_2020,40.27406113120453,2016-present
Memphis Grizzlies_2020,jacksjo02_2020,19.519221295943137,2016-present
Memphis Grizzlies_2020,jonesty01_2020,35.09985754956849,2016-present
Memphis Grizzlies_2020,meltode01_2020,34.161381705077446,2016-present
Memphis Grizzlies_2020,moranja01_2020,45.5411901469428,2016-present
Memphis Grizzlies_2020,valanjo01_2020,42.95346318982906,2016-present
Memphis Grizzlies_2021,allengr01_2021,35.482389998420345,2016-present
Memphis Grizzlies_2021,anderky01_2021,43.439613257946945,2016-present
Memphis Grizzlies_2021,banede01_2021,38.97435053981015,2016-present
Memphis Grizzlies_2021,brookdi01_2021,44.68780594300866,2016-present
Memphis Grizzlies_2021,clarkbr01_2021,37.61648574760805,2016-present
Memphis Grizzlies_2021,dienggo01_2021,19.261360284258224,2016-present
Memphis Grizzlies_2021,jonesty01_2021,34.95711658589707,2016-present
Memphis Grizzlies_2021,konchjo01_2021,23.979157616563597,2016-present
Memphis Grizzlies_2021,meltode01_2021,32.32645975048923,2016-present
Memphis Grizzlies_2021,moranja01_2021,45.31004303683677,2016-present
Memphis Grizzlies_2021,tillmxa01_2021,32.93933818400121,2016-present
Memphis Grizzlies_2021,valanjo01_2021,41.892720131306824,2016-present
Memphis Grizzlies_2021,winslju01_2021,22.516660498395403,2016-present
Memphis Grizzlies_2022,adamsst01_2022,44.710177812216315,2016-present
Memphis Grizzlies_2022,aldamsa01_2022,18.973665961010276,2016-present
Memphis Grizzlies_2022,anderky01_2022,38.52272056851645,2016-present
Memphis Grizzlies_2022,banede01_2022,47.60252094164762,2016-present
Memphis Grizzlies_2022,brookdi01_2022,29.748949561287034,2016-present
Memphis Grizzlies_2022,clarkbr01_2022,35.298725189445584,2016-present
Memphis Grizzlies_2022,culveja01_2022,18.384776310850235,2016-present
Memphis Grizzlies_2022,jacksja02_2022,46.10856753359401,2016-present
Memphis Grizzlies_2022,jonesty01_2022,39.35733730830886,2016-present
Memphis Grizzlies_2022,konchjo01_2022,35.94440151122286,2016-present
Memphis Grizzlies_2022,meltode01_2022,40.70626487409524,2016-present
Memphis Grizzlies_2022,moranja01_2022,43.46262762420146,2016-present
Memphis Grizzlies_2022,tilliki02_2022,21.470910553583888,2016-present
Memphis Grizzlies_2022,tillmxa01_2022,26.476404589747453,2016-present
Memphis Grizzlies_2022,willizi02_2022,36.68787265568828,2016-present
Memphis Grizzlies_2023,adamsst01_2023,33.66006535941367,2016-present
Memphis Grizzlies_2023,aldamsa01_2023,41.012193308819754,2016-present
Memphis Grizzlies_2023,banede01_2023,42.906875905849866,2016-present
Memphis Grizzlies_2023,brookdi01_2023,47.05316142407437,2016-present
Memphis Grizzlies_2023,chandke01_2023,16.76305461424021,2016-present
Memphis Grizzlies_2023,clarkbr01_2023,33.015148038438355,2016-present
Memphis Grizzlies_2023,jacksja02_2023,42.2729227756965,2016-present
Memphis Grizzlies_2023,jonesty01_2023,44.04543109109048,2016-present
Memphis Grizzlies_2023,kennalu01_2023,24.289915602982237,2016-present
Memphis Grizzlies_2023,konchjo01_2023,38.65229618017538,2016-present
Memphis Grizzlies_2023,laravja01_2023,20.346989949375804,2016-present
Memphis Grizzlies_2023,loftoke01_2023,13.2664991614216,2016-present
Memphis Grizzlies_2023,moranja01_2023,44.13615298142782,2016-present
Memphis Grizzlies_2023,roddyda01_2023,35.4682957019364,2016-present
Memphis Grizzlies_2023,tillmxa01_2023,34.351128074635334,2016-present
Memphis Grizzlies_2023,willizi02_2023,23.68543856465402,2016-present
Memphis Grizzlies_2024,aldamsa01_2024,40.22437072223753,2016-present
Memphis Grizzlies_2024,banede01_2024,37.986839826445156,2016-present
Memphis Grizzlies_2024,biyombi01_2024,26.795522013948524,2016-present
Memphis Grizzlies_2024,gilyaja01_2024,25.573423705088842,2016-present
Memphis Grizzlies_2024,jacksgg01_2024,35.11409973215888,2016-present
Memphis Grizzlies_2024,jacksja02_2024,46.08687448721165,2016-present
Memphis Grizzlies_2024,jemistr01_2024,23.916521486202797,2016-present
Memphis Grizzlies_2024,kennalu01_2024,31.606961258558215,2016-present
Memphis Grizzlies_2024,konchjo01_2024,34.249087579087416,2016-present
Memphis Grizzlies_2024,laravja01_2024,28.39013913315678,2016-present
Memphis Grizzlies_2024,pippesc02_2024,22.956480566497994,2016-present
Memphis Grizzlies_2024,roddyda01_2024,33.37663853655727,2016-present
Memphis Grizzlies_2024,rosede01_2024,19.974984355438178,2016-present
Memphis Grizzlies_2024,tillmxa01_2024,26.457513110645905,2016-present
Memphis Grizzlies_2024,willivi01_2024,37.89459064299283,2016-present
Memphis Grizzlies_2024,willizi02_2024,32.218007387174026,2016-present
Memphis Grizzlies_2025,aldamsa01_2025,40.74309757492672,2016-present
Memphis Grizzlies_2025,banede01_2025,46.95742752749558,2016-present
Memphis Grizzlies_2025,clarkbr01_2025,34.741905532080416,2016-present
Memphis Grizzlies_2025,edeyza01_2025,37.62977544445356,2016-present
Memphis Grizzlies_2025,huffja01_2025,27.349588662354687,2016-present
Memphis Grizzlies_2025,jacksgg01_2025,21.42428528562855,2016-present
Memphis Grizzlies_2025,jacksja02_2025,46.97871858618538,2016-present
Memphis Grizzlies_2025,kawamyu01_2025,9.643650760992955,2016-present
Memphis Grizzlies_2025,kennalu01_2025,38.36665218650175,2016-present
Memphis Grizzlies_2025,konchjo01_2025,23.62202362203543,2016-present
Memphis Grizzlies_2025,laravja01_2025,31.336879231984796,2016-present
Memphis Grizzlies_2025,moranja01_2025,38.97435053981015,2016-present
Memphis Grizzlies_2025,pippesc02_2025,41.02438299353203,2016-present
Memphis Grizzlies_2025,spencca01_2025,15.874507866387544,2016-present
Memphis Grizzlies_2025,wellsja01_2025,45.19955751995809,2016-present
Memphis Grizzlies_2025,willivi01_2025,22.338307903688676,2016-present
Miami Heat_1999,askinke01_1999,20.37154878746336,1999-2007
Miami Heat_1999,brownpj01_1999,40.13726448077895,1999-2007
Miami Heat_1999,edwarbl01_1999,16.822603841260722,1999-2007
Miami Heat_1999,hardati01_1999,42.09513035969837,1999-2007
Miami Heat_1999,majerda01_1999,40.29888335921977,1999-2007
Miami Heat_1999,mashbja01_1999,29.24038303442689,1999-2007
Miami Heat_1999,mournal01_1999,41.86884283091664,1999-2007
Miami Heat_1999,portete01_1999,36.945906403822335,1999-2007
Miami Heat_1999,stricma01_1999,18.894443627691185,1999-2007
Miami Heat_1999,waltere01_1999,22.494443758403985,1999-2007
Miami Heat_1999,weathcl01_1999,32.2490309931942,1999-2007
Miami Heat_2000,bowenbr01_2000,23.811761799581316,1999-2007
Miami Heat_2000,brownpj01_2000,47.97916214358062,1999-2007
Miami Heat_2000,buforro01_2000,19.6468827043885,1999-2007
Miami Heat_2000,cartean01_2000,43.116122274620196,1999-2007
Miami Heat_2000,causwdu01_2000,13.601470508735444,1999-2007
Miami Heat_2000,hardati01_2000,40.890096600521744,1999-2007
Miami Heat_2000,lenarvo01_2000,37.86819245752297,1999-2007
Miami Heat_2000,majerda01_2000,48.041648597857254,1999-2007
Miami Heat_2000,mashbja01_2000,53.178943201233324,1999-2007
Miami Heat_2000,mournal01_2000,52.421369688324624,1999-2007
Miami Heat_2000,stricma01_2000,25.748786379167466,1999-2007
Miami Heat_2000,thorpot01_2000,27.874719729532707,1999-2007
Miami Heat_2000,waltere01_2000,19.72308292331602,1999-2007
Miami Heat_2000,weathcl01_2000,40.18706259482024,1999-2007
Miami Heat_2001,bowenbr01_2001,51.81698563212646,1999-2007
Miami Heat_2001,cartean01_2001,40.3732584763727,1999-2007
Miami Heat_2001,causwdu01_2001,19.595917942265423,1999-2007
Miami Heat_2001,cebalce01_2001,19.82422760159901,1999-2007
Miami Heat_2001,grantbr01_2001,52.640288753007425,1999-2007
Miami Heat_2001,greenac01_2001,37.5632799419859,1999-2007
Miami Heat_2001,hardati01_2001,51.11751167652823,1999-2007
Miami Heat_2001,houseed01_2001,23.45207879911715,1999-2007
Miami Heat_2001,jonesed02_2001,47.77028364998475,1999-2007
Miami Heat_2001,majerda01_2001,36.138621999185304,1999-2007
Miami Heat_2001,masonan01_2001,57.043842787806646,1999-2007
Miami Heat_2002,cartean01_2002,32.4037034920393,1999-2007
Miami Heat_2002,ellisla01_2002,41.036569057366385,1999-2007
Miami Heat_2002,gatlich01_2002,28.442925306655784,1999-2007
Miami Heat_2002,gillke01_2002,37.54996671103717,1999-2007
Miami Heat_2002,grantbr01_2002,47.49736834815167,1999-2007
Miami Heat_2002,houseed01_2002,35.07135583350036,1999-2007
Miami Heat_2002,jacksji01_2002,42.720018726587654,1999-2007
Miami Heat_2002,jonesed02_2002,56.178287620752556,1999-2007
Miami Heat_2002,marksse01_2002,17.86057109949175,1999-2007
Miami Heat_2002,mournal01_2002,49.54795656734998,1999-2007
Miami Heat_2002,stepavl01_2002,29.732137494637012,1999-2007
Miami Heat_2002,stricro02_2002,47.89572005931219,1999-2007
Miami Heat_2003,allenma01_2003,48.14561246884289,1999-2007
Miami Heat_2003,besttr01_2003,42.50882261366456,1999-2007
Miami Heat_2003,butleca01_2003,53.46026561849464,1999-2007
Miami Heat_2003,butlera01_2003,38.91015291668744,1999-2007
Miami Heat_2003,cartean01_2003,30.199337741083,1999-2007
Miami Heat_2003,ellisla01_2003,28.0,1999-2007
Miami Heat_2003,grantbr01_2003,51.39066063011839,1999-2007
Miami Heat_2003,houseed01_2003,32.01562118716424,1999-2007
Miami Heat_2003,jamesmi01_2003,41.49698784249286,1999-2007
Miami Heat_2003,jonesed02_2003,42.2965719651132,1999-2007
Miami Heat_2003,lamplse01_2003,22.06807649071391,1999-2007
Miami Heat_2003,marksse01_2003,14.933184523068078,1999-2007
Miami Heat_2003,stepavl01_2003,39.92492955535426,1999-2007
Miami Heat_2004,allenma01_2004,24.819347291981714,1999-2007
Miami Heat_2004,alstora01_2004,50.80354318352215,1999-2007
Miami Heat_2004,butleca01_2004,45.05552130427524,1999-2007
Miami Heat_2004,butlera01_2004,25.98076211353316,1999-2007
Miami Heat_2004,colesbi01_2004,13.038404810405298,1999-2007
Miami Heat_2004,grantbr01_2004,47.989582202807306,1999-2007
Miami Heat_2004,hasleud01_2004,42.36744032862972,1999-2007
Miami Heat_2004,jonesed02_2004,54.75399528801528,1999-2007
Miami Heat_2004,odomla01_2004,54.79963503528103,1999-2007
Miami Heat_2004,wadedw01_2004,46.10856753359401,1999-2007
Miami Heat_2004,walkesa01_2004,20.445048300260872,1999-2007
Miami Heat_2004,wallajo01_2004,19.183326093250876,1999-2007
Miami Heat_2004,woodslo01_2004,22.494443758403985,1999-2007
Miami Heat_2005,andersh01_2005,33.926390907374746,1999-2007
Miami Heat_2005,butlera01_2005,34.68429039204925,1999-2007
Miami Heat_2005,doleami01_2005,34.27827300200522,1999-2007
Miami Heat_2005,doolike01_2005,34.40930106817051,1999-2007
Miami Heat_2005,hasleud01_2005,51.720402163943,1999-2007
Miami Heat_2005,jonesda01_2005,50.75431016179808,1999-2007
Miami Heat_2005,jonesed02_2005,53.28226721902888,1999-2007
Miami Heat_2005,laettch01_2005,27.184554438136374,1999-2007
Miami Heat_2005,onealsh01_2005,49.91993589739474,1999-2007
Miami Heat_2005,wadedw01_2005,54.53439281774392,1999-2007
Miami Heat_2006,anderde01_2006,21.563858652847824,1999-2007
Miami Heat_2006,andersh01_2006,25.25866188063018,1999-2007
Miami Heat_2006,doleami01_2006,19.261360284258224,1999-2007
Miami Heat_2006,hasleud01_2006,49.90991885387112,1999-2007
Miami Heat_2006,kaponja01_2006,25.787593916455254,1999-2007
Miami Heat_2006,mournal01_2006,36.08323710533743,1999-2007
Miami Heat_2006,onealsh01_2006,42.49705872175156,1999-2007
Miami Heat_2006,paytoga01_2006,48.010415536631214,1999-2007
Miami Heat_2006,poseyja01_2006,43.749285708454714,1999-2007
Miami Heat_2006,simiewa01_2006,20.346989949375804,1999-2007
Miami Heat_2006,wadedw01_2006,53.777318638995006,1999-2007
Miami Heat_2006,walkean02_2006,46.89349635077342,1999-2007
Miami Heat_2006,willija02_2006,43.289721643826724,1999-2007
Miami Heat_2007,barroea01_2007,14.247806848775006,1999-2007
Miami Heat_2007,doleami01_2007,26.419689627245813,1999-2007
Miami Heat_2007,hasleud01_2007,49.82971001320397,1999-2007
Miami Heat_2007,jonesed02_2007,32.14031735997639,1999-2007
Miami Heat_2007,kaponja01_2007,42.035699113967404,1999-2007
Miami Heat_2007,mournal01_2007,39.64845520319802,1999-2007
Miami Heat_2007,onealsh01_2007,33.689761055846034,1999-2007
Miami Heat_2007,paytoga01_2007,38.768543949960254,1999-2007
Miami Heat_2007,poseyja01_2007,43.80639222761902,1999-2007
Miami Heat_2007,quinnch01_2007,20.199009876724155,1999-2007
Miami Heat_2007,wadedw01_2007,43.94314508543966,1999-2007
Miami Heat_2007,walkean02_2007,42.638011210655684,1999-2007
Miami Heat_2007,willija02_2007,43.18564576337837,1999-2007
Miami Heat_2007,wrighdo01_2007,35.94440151122286,1999-2007
Miami Heat_2008,anthojo01_2008,22.315913604421397,2008-2015
Miami Heat_2008,barroea01_2008,29.816103031751148,2008-2015
Miami Heat_2008,blounma01_2008,39.26830783214372,2008-2015
Miami Heat_2008,cookda02_2008,37.960505792204614,2008-2015
Miami Heat_2008,davisri01_2008,54.433445601027316,2008-2015
Miami Heat_2008,hasleud01_2008,42.485291572496,2008-2015
Miami Heat_2008,johnsal01_2008,23.430749027719962,2008-2015
Miami Heat_2008,mournal01_2008,19.72308292331602,2008-2015
Miami Heat_2008,onealsh01_2008,30.740852297878796,2008-2015
Miami Heat_2008,quinnch01_2008,36.60601043544625,2008-2015
Miami Heat_2008,wadedw01_2008,44.204072210600685,2008-2015
Miami Heat_2008,willija02_2008,43.42810150121693,2008-2015
Miami Heat_2008,wrighdo01_2008,33.2264954516723,2008-2015
Miami Heat_2009,anthojo01_2009,32.37282811247729,2008-2015
Miami Heat_2009,beaslmi01_2009,44.82186966202994,2008-2015
Miami Heat_2009,chalmma01_2009,51.24451190127583,2008-2015
Miami Heat_2009,cookda02_2009,42.81354925721529,2008-2015
Miami Heat_2009,diawaya01_2009,29.171904291629644,2008-2015
Miami Heat_2009,hasleud01_2009,50.59644256269407,2008-2015
Miami Heat_2009,jonesja02_2009,25.099800796022265,2008-2015
Miami Heat_2009,magloja01_2009,26.627053911388696,2008-2015
Miami Heat_2009,mariosh01_2009,38.93584466786357,2008-2015
Miami Heat_2009,moonja01_2009,26.248809496813376,2008-2015
Miami Heat_2009,onealje01_2009,28.478061731796284,2008-2015
Miami Heat_2009,quinnch01_2009,31.016124838541646,2008-2015
Miami Heat_2009,wadedw01_2009,55.20869496736904,2008-2015
Miami Heat_2010,alstora01_2010,25.592967784139454,2008-2015
Miami Heat_2010,anthojo01_2010,36.359317925395686,2008-2015
Miami Heat_2010,arroyca01_2010,39.81205847478876,2008-2015
Miami Heat_2010,beaslmi01_2010,48.249352327259274,2008-2015
Miami Heat_2010,chalmma01_2010,42.50882261366456,2008-2015
Miami Heat_2010,cookda02_2010,26.28687885618983,2008-2015
Miami Heat_2010,hasleud01_2010,46.65833258915282,2008-2015
Miami Heat_2010,jonesja02_2010,22.427661492005804,2008-2015
Miami Heat_2010,magloja01_2010,18.947295321496416,2008-2015
Miami Heat_2010,onealje01_2010,44.62062303464621,2008-2015
Miami Heat_2010,richaqu01_2010,45.628938186199335,2008-2015
Miami Heat_2010,wadedw01_2010,52.839379254491625,2008-2015
Miami Heat_2010,wrighdo01_2010,38.67815921162743,2008-2015
Miami Heat_2011,anthojo01_2011,38.24918299781056,2008-2015
Miami Heat_2011,arroyca01_2011,31.54362059117501,2008-2015
Miami Heat_2011,bibbymi01_2011,24.124676163629637,2008-2015
Miami Heat_2011,boshch01_2011,52.86775955154521,2008-2015
Miami Heat_2011,chalmma01_2011,39.736632972611055,2008-2015
Miami Heat_2011,dampier01_2011,28.548204847240395,2008-2015
Miami Heat_2011,houseed01_2011,31.272991542223778,2008-2015
Miami Heat_2011,howarju01_2011,24.331050121192877,2008-2015
Miami Heat_2011,ilgauzy01_2011,33.83784863137726,2008-2015
Miami Heat_2011,jamesle01_2011,55.344376408086845,2008-2015
Miami Heat_2011,jonesja02_2011,39.35733730830886,2008-2015
Miami Heat_2011,millemi01_2011,28.948229652260256,2008-2015
Miami Heat_2011,wadedw01_2011,53.131911315140925,2008-2015
Miami Heat_2012,anthojo01_2012,36.72873534441391,2008-2015
Miami Heat_2012,battish01_2012,38.71692136521188,2008-2015
Miami Heat_2012,boshch01_2012,44.799553569204235,2008-2015
Miami Heat_2012,chalmma01_2012,42.720018726587654,2008-2015
Miami Heat_2012,coleno01_2012,35.4964786985977,2008-2015
Miami Heat_2012,harrite01_2012,17.832554500127006,2008-2015
Miami Heat_2012,hasleud01_2012,39.8622628559895,2008-2015
Miami Heat_2012,howarju01_2012,13.784048752090222,2008-2015
Miami Heat_2012,jamesle01_2012,48.228622207149975,2008-2015
Miami Heat_2012,jonesja02_2012,25.80697580112788,2008-2015
Miami Heat_2012,millemi01_2012,27.422618401604176,2008-2015
Miami Heat_2012,pittmde01_2012,17.349351572897472,2008-2015
Miami Heat_2012,wadedw01_2012,40.311288741492746,2008-2015
Miami Heat_2013,allenra02_2013,45.110974274559844,2008-2015
Miami Heat_2013,anderch01_2013,24.979991993593593,2008-2015
Miami Heat_2013,anthojo01_2013,23.790754506740637,2008-2015
Miami Heat_2013,battish01_2013,42.261093218230876,2008-2015
Miami Heat_2013,boshch01_2013,49.53786430600334,2008-2015
Miami Heat_2013,chalmma01_2013,45.47526800360829,2008-2015
Miami Heat_2013,coleno01_2013,39.87480407475377,2008-2015
Miami Heat_2013,hasleud01_2013,37.603191353926334,2008-2015
Miami Heat_2013,jamesle01_2013,53.637673327615545,2008-2015
Miami Heat_2013,jonesja02_2013,14.866068747318506,2008-2015
Miami Heat_2013,lewisra02_2013,28.142494558940577,2008-2015
Miami Heat_2013,millemi01_2013,30.0,2008-2015
Miami Heat_2013,wadedw01_2013,48.8978527135906,2008-2015
Miami Heat_2014,allenra02_2014,44.0,2008-2015
Miami Heat_2014,anderch01_2014,37.36308338453881,2008-2015
Miami Heat_2014,battish01_2014,38.31448812133603,2008-2015
Miami Heat_2014,beaslmi01_2014,28.827070610799147,2008-2015
Miami Heat_2014,boshch01_2014,50.309044912421065,2008-2015
Miami Heat_2014,chalmma01_2014,46.66904755831214,2008-2015
Miami Heat_2014,coleno01_2014,44.87761134463375,2008-2015
Miami Heat_2014,douglto01_2014,20.248456731316587,2008-2015
Miami Heat_2014,hasleud01_2014,25.553864678361276,2008-2015
Miami Heat_2014,jamesle01_2014,53.87021440462252,2008-2015
Miami Heat_2014,lewisra02_2014,31.160872901765767,2008-2015
Miami Heat_2014,masonro01_2014,16.1245154965971,2008-2015
Miami Heat_2014,odengr01_2014,14.560219778561036,2008-2015
Miami Heat_2014,wadedw01_2014,42.13074886588179,2008-2015
Miami Heat_2015,anderch01_2015,33.645207682521445,2008-2015
Miami Heat_2015,beaslmi01_2015,22.47220505424423,2008-2015
Miami Heat_2015,boshch01_2015,39.44616584663204,2008-2015
Miami Heat_2015,chalmma01_2015,48.662100242385755,2008-2015
Miami Heat_2015,coleno01_2015,33.88214869219483,2008-2015
Miami Heat_2015,denglu01_2015,49.20365840057018,2008-2015
Miami Heat_2015,dragigo01_2015,30.083217912982647,2008-2015
Miami Heat_2015,ennisja01_2015,32.41913015489465,2008-2015
Miami Heat_2015,grangda01_2015,24.758836806279895,2008-2015
Miami Heat_2015,hamilju01_2015,17.0,2008-2015
Miami Heat_2015,hasleud01_2015,31.54362059117501,2008-2015
Miami Heat_2015,johnsty01_2015,24.55605831561735,2008-2015
Miami Heat_2015,napiesh01_2015,31.811947441173732,2008-2015
Miami Heat_2015,wadedw01_2015,44.395945760846224,2008-2015
Miami Heat_2015,walkebi01_2015,25.059928172283335,2008-2015
Miami Heat_2015,whiteha01_2015,33.793490497431605,2008-2015
Miami Heat_2015,willish03_2015,30.397368307141328,2008-2015
Miami Heat_2016,boshch01_2016,42.16633728461603,2016-present
Miami Heat_2016,denglu01_2016,48.92851929090027,2016-present
Miami Heat_2016,dragigo01_2016,48.61069841094653,2016-present
Miami Heat_2016,greenge01_2016,39.45883931389772,2016-present
Miami Heat_2016,hasleud01_2016,16.1245154965971,2016-present
Miami Heat_2016,johnsjo02_2016,27.730849247724095,2016-present
Miami Heat_2016,johnsty01_2016,29.376861643136763,2016-present
Miami Heat_2016,mcrobjo01_2016,24.392621835300936,2016-present
Miami Heat_2016,richajo01_2016,33.27160951922825,2016-present
Miami Heat_2016,stoudam01_2016,27.60434748368452,2016-present
Miami Heat_2016,udrihbe01_2016,24.228082879171435,2016-present
Miami Heat_2016,wadedw01_2016,47.51841748206689,2016-present
Miami Heat_2016,whiteha01_2016,46.09772228646444,2016-present
Miami Heat_2016,winslju01_2016,47.24404724407086,2016-present
Miami Heat_2017,babbilu01_2017,32.63433774416144,2016-present
Miami Heat_2017,dragigo01_2017,49.58830507286975,2016-present
Miami Heat_2017,ellinwa01_2017,38.72983346207417,2016-present
Miami Heat_2017,johnsja01_2017,45.661800227323496,2016-present
Miami Heat_2017,johnsty01_2017,46.66904755831214,2016-present
Miami Heat_2017,mcgruro01_2017,44.339598554790726,2016-present
Miami Heat_2017,mcrobjo01_2017,19.519221295943137,2016-present
Miami Heat_2017,reedwi02_2017,32.109188716004645,2016-present
Miami Heat_2017,richajo01_2017,40.17461885320133,2016-present
Miami Heat_2017,waitedi01_2017,37.20215047547655,2016-present
Miami Heat_2017,whiteha01_2017,50.12983143797713,2016-present
Miami Heat_2017,whiteok01_2017,21.702534414210707,2016-present
Miami Heat_2017,willide02_2017,19.4164878389476,2016-present
Miami Heat_2018,adebaba01_2018,36.98648401781386,2016-present
Miami Heat_2018,dragigo01_2018,48.76474136094644,2016-present
Miami Heat_2018,ellinwa01_2018,45.17742799230607,2016-present
Miami Heat_2018,johnsja01_2018,44.07947368106838,2016-present
Miami Heat_2018,johnsty01_2018,45.2990066116245,2016-present
Miami Heat_2018,mickejo01_2018,16.852299546352718,2016-present
Miami Heat_2018,olynyke01_2018,42.17819341792628,2016-present
Miami Heat_2018,richajo01_2018,51.85556864985669,2016-present
Miami Heat_2018,wadedw01_2018,21.61018278497431,2016-present
Miami Heat_2018,waitedi01_2018,30.298514815086232,2016-present
Miami Heat_2018,whiteha01_2018,36.932370625238775,2016-present
Miami Heat_2018,winslju01_2018,40.98780306383839,2016-present
Miami Heat_2019,adebaba01_2019,43.73785545725808,2016-present
Miami Heat_2019,dragigo01_2019,31.480152477394387,2016-present
Miami Heat_2019,ellinwa01_2019,23.08679276123039,2016-present
Miami Heat_2019,johnsja01_2019,34.11744421846396,2016-present
Miami Heat_2019,johnsty01_2019,33.51119216023208,2016-present
Miami Heat_2019,jonesde02_2019,33.95585369269929,2016-present
Miami Heat_2019,mcgruro01_2019,39.370039370059054,2016-present
Miami Heat_2019,olynyke01_2019,42.567593307585526,2016-present
Miami Heat_2019,richajo01_2019,50.38849074937649,2016-present
Miami Heat_2019,wadedw01_2019,43.41658669218482,2016-present
Miami Heat_2019,waitedi01_2019,33.734255586866,2016-present
Miami Heat_2019,whiteha01_2019,40.91454509095757,2016-present
Miami Heat_2019,winslju01_2019,44.26059195266146,2016-present
Miami Heat_2020,adebaba01_2020,49.16299421312742,2016-present
Miami Heat_2020,butleji01_2020,44.26059195266146,2016-present
Miami Heat_2020,dragigo01_2020,40.779897008207364,2016-present
Miami Heat_2020,herroty01_2020,38.8329756778952,2016-present
Miami Heat_2020,iguodan01_2020,20.445048300260872,2016-present
Miami Heat_2020,jonesde02_2020,37.080992435478315,2016-present
Miami Heat_2020,leoname01_2020,32.155870381627054,2016-present
Miami Heat_2020,nunnke01_2020,44.294469180700204,2016-present
Miami Heat_2020,olynyke01_2020,36.05551275463989,2016-present
Miami Heat_2020,robindu01_2020,46.54030511288038,2016-present
Miami Heat_2020,silvach01_2020,18.601075237738275,2016-present
Miami Heat_2021,achiupr01_2021,27.147743920996454,2016-present
Miami Heat_2021,adebaba01_2021,46.292547996410825,2016-present
Miami Heat_2021,arizatr01_2021,29.0,2016-present
Miami Heat_2021,butleji01_2021,41.773197148410844,2016-present
Miami Heat_2021,dragigo01_2021,36.565010597564445,2016-present
Miami Heat_2021,herroty01_2021,40.43513323831146,2016-present
Miami Heat_2021,iguodan01_2021,36.59234892706397,2016-present
Miami Heat_2021,nunnke01_2021,40.620192023179804,2016-present
Miami Heat_2021,okpalkz01_2021,21.142374511865974,2016-present
Miami Heat_2021,olynyke01_2021,34.0147027033899,2016-present
Miami Heat_2021,robindu01_2021,47.56048780237646,2016-present
Miami Heat_2021,strusma01_2021,22.516660498395403,2016-present
Miami Heat_2021,vincega01_2021,25.592967784139454,2016-present
Miami Heat_2022,adebaba01_2022,42.720018726587654,2016-present
Miami Heat_2022,butleji01_2022,43.94314508543966,2016-present
Miami Heat_2022,dedmode01_2022,32.63433774416144,2016-present
Miami Heat_2022,herroty01_2022,46.37887450122092,2016-present
Miami Heat_2022,lowryky01_2022,46.184412955021955,2016-present
Miami Heat_2022,martica02_2022,37.04051835490427,2016-present
Miami Heat_2022,okpalkz01_2022,15.620499351813308,2016-present
Miami Heat_2022,robindu01_2022,45.19955751995809,2016-present
Miami Heat_2022,strusma01_2022,39.83716857408418,2016-present
Miami Heat_2022,tuckepj01_2022,44.50842616853577,2016-present
Miami Heat_2022,vincega01_2022,39.8622628559895,2016-present
Miami Heat_2022,yurtsom01_2022,26.570660511172846,2016-present
Miami Heat_2023,adebaba01_2023,50.97057974949863,2016-present
Miami Heat_2023,butleji01_2023,46.238512086787566,2016-present
Miami Heat_2023,dedmode01_2023,18.708286933869708,2016-present
Miami Heat_2023,herroty01_2023,48.342527861087284,2016-present
Miami Heat_2023,highsha01_2023,31.12876483254676,2016-present
Miami Heat_2023,loveke01_2023,20.46948949045872,2016-present
Miami Heat_2023,lowryky01_2023,41.44876355212541,2016-present
Miami Heat_2023,martica02_2023,45.574115460423364,2016-present
Miami Heat_2023,oladivi01_2023,33.25657829663178,2016-present
Miami Heat_2023,robindu01_2023,26.28687885618983,2016-present
Miami Heat_2023,robinor01_2023,20.615528128088304,2016-present
Miami Heat_2023,strusma01_2023,47.66550115125194,2016-present
Miami Heat_2023,vincega01_2023,41.94043395102154,2016-present
Miami Heat_2024,adebaba01_2024,49.15282290977803,2016-present
Miami Heat_2024,bryanth01_2024,21.0,2016-present
Miami Heat_2024,butleji01_2024,45.18849411078001,2016-present
Miami Heat_2024,cainja01_2024,16.09347693943108,2016-present
Miami Heat_2024,herroty01_2024,37.5099986670221,2016-present
Miami Heat_2024,highsha01_2024,36.959437225152655,2016-present
Miami Heat_2024,jaqueja01_2024,45.967379738244816,2016-present
Miami Heat_2024,jovicni01_2024,29.93325909419153,2016-present
Miami Heat_2024,loveke01_2024,30.397368307141328,2016-present
Miami Heat_2024,lowryky01_2024,32.202484376209235,2016-present
Miami Heat_2024,martica02_2024,41.90465367951393,2016-present
Miami Heat_2024,richajo01_2024,33.21144381083123,2016-present
Miami Heat_2024,robindu01_2024,43.64630568559039,2016-present
Miami Heat_2024,robinor01_2024,17.435595774162696,2016-present
Miami Heat_2024,roziete01_2024,31.22498999199199,2016-present
Miami Heat_2025,adebaba01_2025,51.710733895391584,2016-present
Miami Heat_2025,anderky01_2025,21.470910553583888,2016-present
Miami Heat_2025,burksal01_2025,29.376861643136763,2016-present
Miami Heat_2025,butleji01_2025,27.676705006196094,2016-present
Miami Heat_2025,herroty01_2025,52.20153254455275,2016-present
Miami Heat_2025,highsha01_2025,42.638011210655684,2016-present
Miami Heat_2025,jaqueja01_2025,36.98648401781386,2016-present
Miami Heat_2025,jovicni01_2025,34.0,2016-present
Miami Heat_2025,larsspe01_2025,27.964262908219126,2016-present
Miami Heat_2025,loveke01_2025,15.84297951775486,2016-present
Miami Heat_2025,mitchda01_2025,30.773365106858236,2016-present
Miami Heat_2025,robindu01_2025,42.24926034855522,2016-present
Miami Heat_2025,roziete01_2025,40.718546143004666,2016-present
Miami Heat_2025,wareke01_2025,37.70941526992961,2016-present
Milwaukee Bucks_1999,allenra02_1999,41.46082488325576,1999-2007
Milwaukee Bucks_1999,curryde01_1999,29.393876913398138,1999-2007
Milwaukee Bucks_1999,currymi01_1999,33.85262175962151,1999-2007
Milwaukee Bucks_1999,delnevi01_1999,33.06055050963308,1999-2007
Milwaukee Bucks_1999,gatlich01_1999,22.22611077089287,1999-2007
Milwaukee Bucks_1999,gilliar01_1999,25.84569596664017,1999-2007
Milwaukee Bucks_1999,johnser02_1999,32.046840717924134,1999-2007
Milwaukee Bucks_1999,robingl01_1999,39.736632972611055,1999-2007
Milwaukee Bucks_1999,thomati01_1999,24.979991993593593,1999-2007
Milwaukee Bucks_1999,traylro01_1999,28.035691537752374,1999-2007
Milwaukee Bucks_1999,workmha01_1999,28.548204847240395,1999-2007
Milwaukee Bucks_2000,allenra02_2000,55.40758070878027,1999-2007
Milwaukee Bucks_2000,alstora01_2000,19.0,1999-2007
Milwaukee Bucks_2000,cassesa01_2000,53.842362503887216,1999-2007
Milwaukee Bucks_2000,delnevi01_2000,34.79942528261063,1999-2007
Milwaukee Bucks_2000,hamda01_2000,28.142494558940577,1999-2007
Milwaukee Bucks_2000,johnser02_2000,46.14108798023731,1999-2007
Milwaukee Bucks_2000,mannida01_2000,34.88552708502482,1999-2007
Milwaukee Bucks_2000,reidjr01_2000,24.535688292770594,1999-2007
Milwaukee Bucks_2000,robingl01_2000,53.9351462406472,1999-2007
Milwaukee Bucks_2000,thomati01_2000,45.749316934791494,1999-2007
Milwaukee Bucks_2000,traylro01_2000,21.142374511865974,1999-2007
Milwaukee Bucks_2000,willisc01_2000,38.57460304397182,1999-2007
Milwaukee Bucks_2000,workmha01_2000,15.748015748023622,1999-2007
Milwaukee Bucks_2001,allenra02_2001,55.937465083787984,1999-2007
Milwaukee Bucks_2001,alstora01_2001,16.97056274847714,1999-2007
Milwaukee Bucks_2001,caffeja01_2001,38.2099463490856,1999-2007
Milwaukee Bucks_2001,cassesa01_2001,52.04805471869242,1999-2007
Milwaukee Bucks_2001,hamda01_2001,23.2379000772445,1999-2007
Milwaukee Bucks_2001,hunteli01_2001,44.74371464239419,1999-2007
Milwaukee Bucks_2001,johnser02_2001,44.50842616853577,1999-2007
Milwaukee Bucks_2001,kerseje01_2001,15.588457268119896,1999-2007
Milwaukee Bucks_2001,popema01_2001,30.692018506445613,1999-2007
Milwaukee Bucks_2001,przybjo01_2001,16.431676725154983,1999-2007
Milwaukee Bucks_2001,robingl01_2001,53.03772242470448,1999-2007
Milwaukee Bucks_2001,thomati01_2001,45.67274898667694,1999-2007
Milwaukee Bucks_2001,willisc01_2001,35.66510900025401,1999-2007
Milwaukee Bucks_2002,allenra02_2002,50.24937810560445,1999-2007
Milwaukee Bucks_2002,alstora01_2002,24.49489742783178,1999-2007
Milwaukee Bucks_2002,anthogr01_2002,23.515952032609693,1999-2007
Milwaukee Bucks_2002,caffeja01_2002,16.822603841260722,1999-2007
Milwaukee Bucks_2002,cassesa01_2002,51.03920062069938,1999-2007
Milwaukee Bucks_2002,hamda01_2002,34.75629439396553,1999-2007
Milwaukee Bucks_2002,johnser02_2002,40.74309757492672,1999-2007
Milwaukee Bucks_2002,masonan01_2002,56.06246516163912,1999-2007
Milwaukee Bucks_2002,popema01_2002,20.639767440550294,1999-2007
Milwaukee Bucks_2002,przybjo01_2002,33.58571124749333,1999-2007
Milwaukee Bucks_2002,reddmi01_2002,37.64306044943742,1999-2007
Milwaukee Bucks_2002,robingl01_2002,48.43552415324934,1999-2007
Milwaukee Bucks_2002,thomati01_2002,44.57577817604534,1999-2007
Milwaukee Bucks_2003,allenra02_2003,41.02438299353203,1999-2007
Milwaukee Bucks_2003,caffeja01_2003,29.899832775452108,1999-2007
Milwaukee Bucks_2003,cassesa01_2003,51.96152422706632,1999-2007
Milwaukee Bucks_2003,gadzuda01_2003,27.568097504180443,1999-2007
Milwaukee Bucks_2003,haislma01_2003,21.0,1999-2007
Milwaukee Bucks_2003,johnser02_2003,34.20526275297414,1999-2007
Milwaukee Bucks_2003,kukocto01_2003,41.27953488110059,1999-2007
Milwaukee Bucks_2003,masonan01_2003,46.03259714593562,1999-2007
Milwaukee Bucks_2003,masonde01_2003,30.854497241083024,1999-2007
Milwaukee Bucks_2003,ollieke01_2003,33.57082066318904,1999-2007
Milwaukee Bucks_2003,paytoga01_2003,32.93933818400121,1999-2007
Milwaukee Bucks_2003,przybjo01_2003,23.366642891095847,1999-2007
Milwaukee Bucks_2003,reddmi01_2003,48.12483766206386,1999-2007
Milwaukee Bucks_2003,thomati01_2003,48.55924216871593,1999-2007
Milwaukee Bucks_2004,fordtj01_2004,38.36665218650175,1999-2007
Milwaukee Bucks_2004,gadzuda01_2004,35.4964786985977,1999-2007
Milwaukee Bucks_2004,haislma01_2004,16.217274740226856,1999-2007
Milwaukee Bucks_2004,jonesda01_2004,44.8998886412873,1999-2007
Milwaukee Bucks_2004,knighbr01_2004,20.493901531919196,1999-2007
Milwaukee Bucks_2004,kukocto01_2004,39.01281840626232,1999-2007
Milwaukee Bucks_2004,masonde01_2004,50.33885179461288,1999-2007
Milwaukee Bucks_2004,reddmi01_2004,54.96362433464518,1999-2007
Milwaukee Bucks_2004,santida01_2004,26.60826939130014,1999-2007
Milwaukee Bucks_2004,skinnbr01_2004,39.71145930332956,1999-2007
Milwaukee Bucks_2004,smithjo02_2004,47.47630988187688,1999-2007
Milwaukee Bucks_2004,stricer01_2004,23.895606290697042,1999-2007
Milwaukee Bucks_2004,thomati01_2004,36.64696440361739,1999-2007
Milwaukee Bucks_2004,vanhoke01_2004,27.676705006196094,1999-2007
Milwaukee Bucks_2005,fizerma01_2005,30.04995840263344,1999-2007
Milwaukee Bucks_2005,gadzuda01_2005,42.22558466143482,1999-2007
Milwaukee Bucks_2005,goldwan01_2005,21.95449840010015,1999-2007
Milwaukee Bucks_2005,jamesmi01_2005,34.161381705077446,1999-2007
Milwaukee Bucks_2005,kukocto01_2005,33.15116890850155,1999-2007
Milwaukee Bucks_2005,masonde01_2005,53.786615435440815,1999-2007
Milwaukee Bucks_2005,pachuza01_2005,37.376463182061514,1999-2007
Milwaukee Bucks_2005,reddmi01_2005,53.36665625650534,1999-2007
Milwaukee Bucks_2005,smithjo02_2005,47.59201613716318,1999-2007
Milwaukee Bucks_2005,stricer01_2005,31.843366656181317,1999-2007
Milwaukee Bucks_2005,vanhoke01_2005,28.600699292150182,1999-2007
Milwaukee Bucks_2005,willima01_2005,47.47630988187688,1999-2007
Milwaukee Bucks_2006,bellch01_2006,35.81898937714463,1999-2007
Milwaukee Bucks_2006,bogutan01_2006,48.45616575834287,1999-2007
Milwaukee Bucks_2006,fordtj01_2006,50.566787519082126,1999-2007
Milwaukee Bucks_2006,gadzuda01_2006,29.748949561287034,1999-2007
Milwaukee Bucks_2006,jacksje01_2006,14.212670403551895,1999-2007
Milwaukee Bucks_2006,kukocto01_2006,31.906112267087632,1999-2007
Milwaukee Bucks_2006,magloja01_2006,49.64876634922564,1999-2007
Milwaukee Bucks_2006,reddmi01_2006,55.94640292279746,1999-2007
Milwaukee Bucks_2006,simmobo01_2006,50.37856687124,1999-2007
Milwaukee Bucks_2006,smithjo02_2006,29.782545223670862,1999-2007
Milwaukee Bucks_2006,welscji01_2006,29.427877939124322,1999-2007
Milwaukee Bucks_2006,willima01_2006,39.1279950930277,1999-2007
Milwaukee Bucks_2007,bellch01_2007,53.36665625650534,1999-2007
Milwaukee Bucks_2007,blakest01_2007,24.145392935299274,1999-2007
Milwaukee Bucks_2007,bogutan01_2007,47.51841748206689,1999-2007
Milwaukee Bucks_2007,boykiea01_2007,33.97057550292606,1999-2007
Milwaukee Bucks_2007,gadzuda01_2007,28.982753492378876,1999-2007
Milwaukee Bucks_2007,greerly01_2007,20.784609690826528,1999-2007
Milwaukee Bucks_2007,ilyaser01_2007,31.192947920964443,1999-2007
Milwaukee Bucks_2007,markoda01_2007,13.038404810405298,1999-2007
Milwaukee Bucks_2007,noelda01_2007,28.142494558940577,1999-2007
Milwaukee Bucks_2007,patteru01_2007,50.07993610219566,1999-2007
Milwaukee Bucks_2007,reddmi01_2007,45.12205669071391,1999-2007
Milwaukee Bucks_2007,reineja01_2007,15.620499351813308,1999-2007
Milwaukee Bucks_2007,skinnbr01_2007,39.02563260217571,1999-2007
Milwaukee Bucks_2007,villach01_2007,31.368774282716245,1999-2007
Milwaukee Bucks_2007,willima01_2007,49.71921157862421,1999-2007
Milwaukee Bucks_2008,bellch01_2008,40.34848200366403,2008-2015
Milwaukee Bucks_2008,bogutan01_2008,52.15361924162119,2008-2015
Milwaukee Bucks_2008,gadzuda01_2008,23.108440016582687,2008-2015
Milwaukee Bucks_2008,iveyro01_2008,37.907782842049734,2008-2015
Milwaukee Bucks_2008,jianlyi01_2008,40.58324777540605,2008-2015
Milwaukee Bucks_2008,masonde01_2008,41.255302689472536,2008-2015
Milwaukee Bucks_2008,reddmi01_2008,51.980765673468106,2008-2015
Milwaukee Bucks_2008,ruffimi01_2008,25.13961017995307,2008-2015
Milwaukee Bucks_2008,simmobo01_2008,39.0,2008-2015
Milwaukee Bucks_2008,storeaw01_2008,16.09347693943108,2008-2015
Milwaukee Bucks_2008,villach01_2008,42.76680956068619,2008-2015
Milwaukee Bucks_2008,voskuja01_2008,19.6468827043885,2008-2015
Milwaukee Bucks_2008,willima01_2008,49.09175083453431,2008-2015
Milwaukee Bucks_2009,alexajo01_2009,26.758176320519304,2008-2015
Milwaukee Bucks_2009,allenma01_2009,24.06241883103193,2008-2015
Milwaukee Bucks_2009,bellch01_2009,42.22558466143482,2008-2015
Milwaukee Bucks_2009,boganke01_2009,22.02271554554524,2008-2015
Milwaukee Bucks_2009,bogutan01_2009,33.52610922848042,2008-2015
Milwaukee Bucks_2009,elsonfr01_2009,31.25699921617557,2008-2015
Milwaukee Bucks_2009,gadzuda01_2009,30.675723300355934,2008-2015
Milwaukee Bucks_2009,jefferi01_2009,54.2125446737192,2008-2015
Milwaukee Bucks_2009,luety01_2009,19.79898987322333,2008-2015
Milwaukee Bucks_2009,mbahalu01_2009,45.9782557302906,2008-2015
Milwaukee Bucks_2009,reddmi01_2009,34.68429039204925,2008-2015
Milwaukee Bucks_2009,ridnolu01_2009,45.088801270381985,2008-2015
Milwaukee Bucks_2009,sessira01_2009,46.61544808322666,2008-2015
Milwaukee Bucks_2009,villach01_2009,45.77116996538323,2008-2015
Milwaukee Bucks_2010,bellch01_2010,40.13726448077895,2008-2015
Milwaukee Bucks_2010,bogutan01_2010,47.21228653645151,2008-2015
Milwaukee Bucks_2010,delfica01_2010,47.738873049120045,2008-2015
Milwaukee Bucks_2010,gadzuda01_2010,17.72004514666935,2008-2015
Milwaukee Bucks_2010,ilyaser01_2010,43.56604182158393,2008-2015
Milwaukee Bucks_2010,jennibr01_2010,51.6817182376902,2008-2015
Milwaukee Bucks_2010,mbahalu01_2010,43.197222132910355,2008-2015
Milwaukee Bucks_2010,meeksjo01_2010,22.045407685048602,2008-2015
Milwaukee Bucks_2010,ridnolu01_2010,41.94043395102154,2008-2015
Milwaukee Bucks_2010,salmojo01_2010,33.60059523282288,2008-2015
Milwaukee Bucks_2010,stackje01_2010,29.24038303442689,2008-2015
Milwaukee Bucks_2010,thomaku01_2010,32.38826948140329,2008-2015
Milwaukee Bucks_2010,warriha01_2010,32.0,2008-2015
Milwaukee Bucks_2011,bogutan01_2011,47.92702786528704,2008-2015
Milwaukee Bucks_2011,boykiea01_2011,29.359836511806396,2008-2015
Milwaukee Bucks_2011,brockjo01_2011,26.019223662515376,2008-2015
Milwaukee Bucks_2011,delfica01_2011,39.87480407475377,2008-2015
Milwaukee Bucks_2011,doolike01_2011,41.916583830269374,2008-2015
Milwaukee Bucks_2011,douglch01_2011,29.732137494637012,2008-2015
Milwaukee Bucks_2011,goodedr01_2011,29.32575659723036,2008-2015
Milwaukee Bucks_2011,ilyaser01_2011,38.79432948254165,2008-2015
Milwaukee Bucks_2011,jennibr01_2011,46.57252408878007,2008-2015
Milwaukee Bucks_2011,maggeco01_2011,37.429934544425805,2008-2015
Milwaukee Bucks_2011,mbahalu01_2011,45.749316934791494,2008-2015
Milwaukee Bucks_2011,salmojo01_2011,50.53711507397311,2008-2015
Milwaukee Bucks_2011,sandela01_2011,29.5296461204668,2008-2015
Milwaukee Bucks_2012,brockjo01_2012,15.459624833740307,2008-2015
Milwaukee Bucks_2012,delfica01_2012,39.20459156782532,2008-2015
Milwaukee Bucks_2012,dunlemi02_2012,38.01315561749642,2008-2015
Milwaukee Bucks_2012,ellismo01_2012,27.477263328068172,2008-2015
Milwaukee Bucks_2012,goodedr01_2012,38.3275357934736,2008-2015
Milwaukee Bucks_2012,harrito02_2012,21.88606862823929,2008-2015
Milwaukee Bucks_2012,ilyaser01_2012,40.681691213615984,2008-2015
Milwaukee Bucks_2012,jacksst02_2012,26.68332812825267,2008-2015
Milwaukee Bucks_2012,jennibr01_2012,48.28043081829324,2008-2015
Milwaukee Bucks_2012,leuerjo01_2012,23.558437978779494,2008-2015
Milwaukee Bucks_2012,livinsh01_2012,33.04542328371661,2008-2015
Milwaukee Bucks_2012,mbahalu01_2012,31.76476034853718,2008-2015
Milwaukee Bucks_2012,sandela01_2012,25.357444666211933,2008-2015
Milwaukee Bucks_2012,udohek01_2012,21.517434791350013,2008-2015
Milwaukee Bucks_2012,udrihbe01_2012,32.863353450309965,2008-2015
Milwaukee Bucks_2013,dalemsa01_2013,27.65863337187866,2008-2015
Milwaukee Bucks_2013,daniema01_2013,32.93933818400121,2008-2015
Milwaukee Bucks_2013,dunlemi02_2013,44.07947368106838,2008-2015
Milwaukee Bucks_2013,ellismo01_2013,55.46169849544819,2008-2015
Milwaukee Bucks_2013,harrito02_2013,18.027756377319946,2008-2015
Milwaukee Bucks_2013,hensojo01_2013,28.75760768909681,2008-2015
Milwaukee Bucks_2013,ilyaser01_2013,44.85532298401161,2008-2015
Milwaukee Bucks_2013,jennibr01_2013,53.823786563191554,2008-2015
Milwaukee Bucks_2013,lambdo01_2013,16.73320053068151,2008-2015
Milwaukee Bucks_2013,mbahalu01_2013,36.41428291206625,2008-2015
Milwaukee Bucks_2013,redicjj01_2013,28.35489375751565,2008-2015
Milwaukee Bucks_2013,sandela01_2013,44.01136216933077,2008-2015
Milwaukee Bucks_2013,udohek01_2013,36.22154055254967,2008-2015
Milwaukee Bucks_2013,udrihbe01_2013,26.814175355583846,2008-2015
Milwaukee Bucks_2014,adrieje01_2014,26.551836094703507,2008-2015
Milwaukee Bucks_2014,antetgi01_2014,43.55456348076513,2008-2015
Milwaukee Bucks_2014,butleca01_2014,28.653097563788805,2008-2015
Milwaukee Bucks_2014,hensojo01_2014,43.08131845707603,2008-2015
Milwaukee Bucks_2014,ilyaser01_2014,38.44476557348217,2008-2015
Milwaukee Bucks_2014,knighbr03_2014,48.98979485566356,2008-2015
Milwaukee Bucks_2014,mayooj01_2014,36.68787265568828,2008-2015
Milwaukee Bucks_2014,middlkh01_2014,49.59838707054898,2008-2015
Milwaukee Bucks_2014,nealga01_2014,24.63736998950984,2008-2015
Milwaukee Bucks_2014,pachuza01_2014,36.40054944640259,2008-2015
Milwaukee Bucks_2014,radulmi01_2014,21.563858652847824,2008-2015
Milwaukee Bucks_2014,ridnolu01_2014,27.622454633866266,2008-2015
Milwaukee Bucks_2014,sandela01_2014,24.166091947189145,2008-2015
Milwaukee Bucks_2014,sessira01_2014,30.14962686336267,2008-2015
Milwaukee Bucks_2014,udohek01_2014,28.35489375751565,2008-2015
Milwaukee Bucks_2014,woltena01_2014,36.180105030251084,2008-2015
Milwaukee Bucks_2015,antetgi01_2015,50.40833264451424,2008-2015
Milwaukee Bucks_2015,bayleje01_2015,41.43669871020132,2008-2015
Milwaukee Bucks_2015,cartemi01_2015,27.53179979587241,2008-2015
Milwaukee Bucks_2015,dudleja01_2015,41.43669871020132,2008-2015
Milwaukee Bucks_2015,ennisty01_2015,18.788294228055936,2008-2015
Milwaukee Bucks_2015,hensojo01_2015,35.04283093587046,2008-2015
Milwaukee Bucks_2015,ilyaser01_2015,36.318039594669756,2008-2015
Milwaukee Bucks_2015,knighbr03_2015,41.08527716834828,2008-2015
Milwaukee Bucks_2015,marshke01_2015,20.42057785666214,2008-2015
Milwaukee Bucks_2015,mayooj01_2015,41.19465984809196,2008-2015
Milwaukee Bucks_2015,middlkh01_2015,48.76474136094644,2008-2015
Milwaukee Bucks_2015,obryajo01_2015,19.183326093250876,2008-2015
Milwaukee Bucks_2015,pachuza01_2015,41.593268686170845,2008-2015
Milwaukee Bucks_2015,parkeja01_2015,27.16615541441225,2008-2015
Milwaukee Bucks_2015,sandela01_2015,24.20743687382041,2008-2015
Milwaukee Bucks_2016,antetgi01_2016,53.131911315140925,2016-present
Milwaukee Bucks_2016,bayleje01_2016,38.79432948254165,2016-present
Milwaukee Bucks_2016,cartemi01_2016,40.607881008493905,2016-present
Milwaukee Bucks_2016,copelch01_2016,12.489995996796797,2016-present
Milwaukee Bucks_2016,ennisty01_2016,25.573423705088842,2016-present
Milwaukee Bucks_2016,hensojo01_2016,30.983866769659336,2016-present
Milwaukee Bucks_2016,mayooj01_2016,33.015148038438355,2016-present
Milwaukee Bucks_2016,middlkh01_2016,53.40411969127476,2016-present
Milwaukee Bucks_2016,monrogr01_2016,48.104053883222775,2016-present
Milwaukee Bucks_2016,obryajo01_2016,29.274562336608895,2016-present
Milwaukee Bucks_2016,parkeja01_2016,49.07137658554119,2016-present
Milwaukee Bucks_2016,plumlmi01_2016,29.49576240750525,2016-present
Milwaukee Bucks_2016,vasqugr01_2016,21.447610589527216,2016-present
Milwaukee Bucks_2016,vaughra01_2016,31.63858403911275,2016-present
Milwaukee Bucks_2017,antetgi01_2017,53.33854141237835,2016-present
Milwaukee Bucks_2017,beaslmi01_2017,30.577769702841312,2016-present
Milwaukee Bucks_2017,brogdma01_2017,44.51965857910413,2016-present
Milwaukee Bucks_2017,dellama01_2017,44.56455991031439,2016-present
Milwaukee Bucks_2017,hensojo01_2017,33.51119216023208,2016-present
Milwaukee Bucks_2017,makerth01_2017,23.706539182259394,2016-present
Milwaukee Bucks_2017,middlkh01_2017,29.816103031751148,2016-present
Milwaukee Bucks_2017,monrogr01_2017,42.69660408041839,2016-present
Milwaukee Bucks_2017,parkeja01_2017,41.569219381653056,2016-present
Milwaukee Bucks_2017,plumlmi01_2017,17.60681686165901,2016-present
Milwaukee Bucks_2017,snellto01_2017,48.33218389437829,2016-present
Milwaukee Bucks_2017,teletmi01_2017,33.66006535941367,2016-present
Milwaukee Bucks_2017,terryja01_2017,36.945906403822335,2016-present
Milwaukee Bucks_2017,vaughra01_2017,21.400934559032695,2016-present
Milwaukee Bucks_2018,antetgi01_2018,52.49761899362675,2016-present
Milwaukee Bucks_2018,bledser01_2018,47.31807265728392,2016-present
Milwaukee Bucks_2018,brogdma01_2018,37.89459064299283,2016-present
Milwaukee Bucks_2018,brownst02_2018,27.85677655436824,2016-present
Milwaukee Bucks_2018,dellama01_2018,26.68332812825267,2016-present
Milwaukee Bucks_2018,hensojo01_2018,44.384682042344295,2016-present
Milwaukee Bucks_2018,kilpase01_2018,14.317821063276353,2016-present
Milwaukee Bucks_2018,liggide01_2018,21.908902300206645,2016-present
Milwaukee Bucks_2018,makerth01_2018,35.185224171518364,2016-present
Milwaukee Bucks_2018,middlkh01_2018,54.607691765904185,2016-present
Milwaukee Bucks_2018,parkeja01_2018,27.258026340878022,2016-present
Milwaukee Bucks_2018,snellto01_2018,45.31004303683677,2016-present
Milwaukee Bucks_2018,terryja01_2018,28.53068523537421,2016-present
Milwaukee Bucks_2018,vaughra01_2018,13.152946437965905,2016-present
Milwaukee Bucks_2018,wilsodj01_2018,8.426149773176359,2016-present
Milwaukee Bucks_2018,zellety01_2018,20.149441679609886,2016-present
Milwaukee Bucks_2019,antetgi01_2019,48.55924216871593,2016-present
Milwaukee Bucks_2019,bledser01_2019,47.66550115125194,2016-present
Milwaukee Bucks_2019,brogdma01_2019,42.80186911806539,2016-present
Milwaukee Bucks_2019,brownst02_2019,32.155870381627054,2016-present
Milwaukee Bucks_2019,connapa01_2019,35.510561809129406,2016-present
Milwaukee Bucks_2019,divindo01_2019,20.273134932713294,2016-present
Milwaukee Bucks_2019,hillge01_2019,30.95157508108432,2016-present
Milwaukee Bucks_2019,ilyaser01_2019,35.08560958569767,2016-present
Milwaukee Bucks_2019,lopezbr01_2019,48.187135212627034,2016-present
Milwaukee Bucks_2019,makerth01_2019,20.223748416156685,2016-present
Milwaukee Bucks_2019,middlkh01_2019,48.91829923454004,2016-present
Milwaukee Bucks_2019,snellto01_2019,36.11094017053558,2016-present
Milwaukee Bucks_2019,wilsodj01_2019,29.698484809834994,2016-present
Milwaukee Bucks_2020,antetgi01_2020,43.78355855797927,2016-present
Milwaukee Bucks_2020,bledser01_2020,40.570925550201586,2016-present
Milwaukee Bucks_2020,brownst02_2020,27.694764848252458,2016-present
Milwaukee Bucks_2020,connapa01_2020,35.25620512760839,2016-present
Milwaukee Bucks_2020,divindo01_2020,38.98717737923585,2016-present
Milwaukee Bucks_2020,hillge01_2020,35.651086939951774,2016-present
Milwaukee Bucks_2020,ilyaser01_2020,31.400636936215164,2016-present
Milwaukee Bucks_2020,korveky01_2020,30.983866769659336,2016-present
Milwaukee Bucks_2020,lopezbr01_2020,42.62628297189423,2016-present
Milwaukee Bucks_2020,lopezro01_2020,30.95157508108432,2016-present
Milwaukee Bucks_2020,matthwe02_2020,40.43513323831146,2016-present
Milwaukee Bucks_2020,middlkh01_2020,43.04648650006177,2016-present
Milwaukee Bucks_2020,wilsodj01_2020,19.05255888325765,2016-present
Milwaukee Bucks_2021,antetgi01_2021,44.86646854834911,2016-present
Milwaukee Bucks_2021,antetth01_2021,23.473389188611005,2016-present
Milwaukee Bucks_2021,augusdj01_2021,26.70205984563738,2016-present
Milwaukee Bucks_2021,connapa01_2021,39.68626966596886,2016-present
Milwaukee Bucks_2021,divindo01_2021,42.59107887809371,2016-present
Milwaukee Bucks_2021,forbebr01_2021,36.796738985948195,2016-present
Milwaukee Bucks_2021,holidjr01_2021,43.669211121796096,2016-present
Milwaukee Bucks_2021,lopezbr01_2021,43.61192497471305,2016-present
Milwaukee Bucks_2021,merrisa01_2021,15.264337522473747,2016-present
Milwaukee Bucks_2021,middlkh01_2021,47.634021455258214,2016-present
Milwaukee Bucks_2021,nworajo01_2021,16.55294535724685,2016-present
Milwaukee Bucks_2021,portibo01_2021,37.04051835490427,2016-present
Milwaukee Bucks_2021,teaguje01_2021,18.275666882497067,2016-present
Milwaukee Bucks_2022,allengr01_2022,42.485291572496,2016-present
Milwaukee Bucks_2022,antetgi01_2022,46.94677837722201,2016-present
Milwaukee Bucks_2022,antetth01_2022,21.748563170931547,2016-present
Milwaukee Bucks_2022,connapa01_2022,41.12177038990418,2016-present
Milwaukee Bucks_2022,hillge01_2022,35.397740040855716,2016-present
Milwaukee Bucks_2022,holidjr01_2022,46.97871858618538,2016-present
Milwaukee Bucks_2022,hoodro01_2022,24.1039415863879,2016-present
Milwaukee Bucks_2022,mamuksa01_2022,20.174241001832016,2016-present
Milwaukee Bucks_2022,matthwe02_2022,31.654383582688826,2016-present
Milwaukee Bucks_2022,middlkh01_2022,46.2709412050371,2016-present
Milwaukee Bucks_2022,nworajo01_2022,34.42382895611701,2016-present
Milwaukee Bucks_2022,portibo01_2022,45.033320996790806,2016-present
Milwaukee Bucks_2023,allengr01_2023,44.40720662234904,2016-present
Milwaukee Bucks_2023,antetgi01_2023,44.98888751680797,2016-present
Milwaukee Bucks_2023,antetth01_2023,14.352700094407323,2016-present
Milwaukee Bucks_2023,beaucma01_2023,26.476404589747453,2016-present
Milwaukee Bucks_2023,carteje01_2023,42.5440947723653,2016-present
Milwaukee Bucks_2023,connapa01_2023,37.986839826445156,2016-present
Milwaukee Bucks_2023,greenaj01_2023,18.57417562100671,2016-present
Milwaukee Bucks_2023,hillge01_2023,25.84569596664017,2016-present
Milwaukee Bucks_2023,holidjr01_2023,46.72258554489466,2016-present
Milwaukee Bucks_2023,inglejo01_2023,32.31098884280702,2016-present
Milwaukee Bucks_2023,lopezbr01_2023,48.7134478352744,2016-present
Milwaukee Bucks_2023,mamuksa01_2023,14.730919862656235,2016-present
Milwaukee Bucks_2023,matthwe02_2023,28.635642126552707,2016-present
Milwaukee Bucks_2023,middlkh01_2023,28.30194339616981,2016-present
Milwaukee Bucks_2023,nworajo01_2023,24.43358344574123,2016-present
Milwaukee Bucks_2023,portibo01_2023,42.638011210655684,2016-present
Milwaukee Bucks_2024,antetgi01_2024,50.665570163573605,2016-present
Milwaukee Bucks_2024,antetth01_2024,12.449899597988733,2016-present
Milwaukee Bucks_2024,beaslma01_2024,48.342527861087284,2016-present
Milwaukee Bucks_2024,beaucma01_2024,24.657656011875904,2016-present
Milwaukee Bucks_2024,beverpa01_2024,23.302360395462088,2016-present
Milwaukee Bucks_2024,connapa01_2024,40.93897898091744,2016-present
Milwaukee Bucks_2024,crowdja01_2024,34.0,2016-present
Milwaukee Bucks_2024,greenaj01_2024,24.779023386727733,2016-present
Milwaukee Bucks_2024,jacksan01_2024,23.916521486202797,2016-present
Milwaukee Bucks_2024,lillada01_2024,50.78385570237849,2016-present
Milwaukee Bucks_2024,livinch01_2024,9.486832980505138,2016-present
Milwaukee Bucks_2024,lopezbr01_2024,49.10193478876367,2016-present
Milwaukee Bucks_2024,middlkh01_2024,38.561638969317684,2016-present
Milwaukee Bucks_2024,payneca01_2024,26.49528259898354,2016-present
Milwaukee Bucks_2024,portibo01_2024,44.81071300481616,2016-present
Milwaukee Bucks_2025,antetgi01_2025,47.843494855622744,2016-present
Milwaukee Bucks_2025,beaucma01_2025,11.045361017187261,2016-present
Milwaukee Bucks_2025,connapa01_2025,24.55605831561735,2016-present
Milwaukee Bucks_2025,greenaj01_2025,40.7308237088326,2016-present
Milwaukee Bucks_2025,jacksan01_2025,31.304951684997057,2016-present
Milwaukee Bucks_2025,kuzmaky01_2025,32.38826948140329,2016-present
Milwaukee Bucks_2025,lillada01_2025,45.749316934791494,2016-present
Milwaukee Bucks_2025,livinch01_2025,10.295630140987,2016-present
Milwaukee Bucks_2025,lopezbr01_2025,50.457903246171455,2016-present
Milwaukee Bucks_2025,middlkh01_2025,23.108440016582687,2016-present
Milwaukee Bucks_2025,porteke02_2025,24.454038521274967,2016-present
Milwaukee Bucks_2025,portibo01_2025,35.270384177096794,2016-present
Milwaukee Bucks_2025,princta02_2025,46.54030511288038,2016-present
Milwaukee Bucks_2025,rolliry01_2025,28.635642126552707,2016-present
Milwaukee Bucks_2025,smithty02_2025,11.045361017187261,2016-present
Milwaukee Bucks_2025,trentga02_2025,43.508619835614184,2016-present
Milwaukee Bucks_2025,umudest01_2025,9.273618495495704,2016-present
Milwaukee Bucks_2025,wrighde01_2025,20.12461179749811,2016-present
Minnesota Timberwolves_1999,brandte01_1999,26.68332812825267,1999-2007
Minnesota Timberwolves_1999,curlebi01_1999,19.28730152198591,1999-2007
Minnesota Timberwolves_1999,garneke01_1999,42.190046219457976,1999-2007
Minnesota Timberwolves_1999,garrede01_1999,32.46536616149585,1999-2007
Minnesota Timberwolves_1999,hammoto01_1999,26.758176320519304,1999-2007
Minnesota Timberwolves_1999,jacksbo01_1999,30.675723300355934,1999-2007
Minnesota Timberwolves_1999,jordare01_1999,17.204650534085253,1999-2007
Minnesota Timberwolves_1999,mitchsa01_1999,36.66060555964672,1999-2007
Minnesota Timberwolves_1999,pattean01_1999,16.852299546352718,1999-2007
Minnesota Timberwolves_1999,peelean01_1999,28.460498941515414,1999-2007
Minnesota Timberwolves_1999,scottde01_1999,23.065125189341593,1999-2007
Minnesota Timberwolves_1999,sealyma01_1999,27.03701166919155,1999-2007
Minnesota Timberwolves_1999,smithjo02_1999,37.656340767525464,1999-2007
Minnesota Timberwolves_2000,averywi01_2000,22.0,1999-2007
Minnesota Timberwolves_2000,brandte01_2000,50.86255990411808,1999-2007
Minnesota Timberwolves_2000,garneke01_2000,56.94734409961539,1999-2007
Minnesota Timberwolves_2000,garrede01_2000,24.576411454889016,1999-2007
Minnesota Timberwolves_2000,hammoto01_2000,19.28730152198591,1999-2007
Minnesota Timberwolves_2000,jacksbo01_2000,32.155870381627054,1999-2007
Minnesota Timberwolves_2000,mitchsa01_2000,35.02855977627399,1999-2007
Minnesota Timberwolves_2000,nestera01_2000,41.50903516103452,1999-2007
Minnesota Timberwolves_2000,peelean01_2000,45.53020975132884,1999-2007
Minnesota Timberwolves_2000,sealyma01_2000,48.908077042549934,1999-2007
Minnesota Timberwolves_2000,smithjo02_2000,44.44097208657794,1999-2007
Minnesota Timberwolves_2000,szczewa02_2000,46.593991028886975,1999-2007
Minnesota Timberwolves_2001,averywi01_2001,21.517434791350013,1999-2007
Minnesota Timberwolves_2001,billuch01_2001,42.30839160261236,1999-2007
Minnesota Timberwolves_2001,brandte01_2001,53.113086899558006,1999-2007
Minnesota Timberwolves_2001,dayto01_2001,18.57417562100671,1999-2007
Minnesota Timberwolves_2001,ellisla01_2001,44.13615298142782,1999-2007
Minnesota Timberwolves_2001,garneke01_2001,56.586217403180434,1999-2007
Minnesota Timberwolves_2001,garrede01_2001,28.827070610799147,1999-2007
Minnesota Timberwolves_2001,lopezfe01_2001,21.37755832643195,1999-2007
Minnesota Timberwolves_2001,mitchsa01_2001,31.352830813181765,1999-2007
Minnesota Timberwolves_2001,nestera01_2001,35.11409973215888,1999-2007
Minnesota Timberwolves_2001,peelean01_2001,46.10856753359401,1999-2007
Minnesota Timberwolves_2001,slatere01_2001,26.19160170741759,1999-2007
Minnesota Timberwolves_2001,szczewa02_2001,53.44155686354955,1999-2007
Minnesota Timberwolves_2002,averywi01_2002,16.06237840420901,1999-2007
Minnesota Timberwolves_2002,billuch01_2002,48.52834223420371,1999-2007
Minnesota Timberwolves_2002,brandte01_2002,31.016124838541646,1999-2007
Minnesota Timberwolves_2002,garneke01_2002,56.34713834792323,1999-2007
Minnesota Timberwolves_2002,garrede01_2002,12.328828005937952,1999-2007
Minnesota Timberwolves_2002,jacksma02_2002,18.05547008526779,1999-2007
Minnesota Timberwolves_2002,lopezfe01_2002,24.1039415863879,1999-2007
Minnesota Timberwolves_2002,mitchsa01_2002,26.94438717061496,1999-2007
Minnesota Timberwolves_2002,nestera01_2002,47.095647357266465,1999-2007
Minnesota Timberwolves_2002,peelean01_2002,45.387222871640866,1999-2007
Minnesota Timberwolves_2002,smithjo02_2002,43.840620433565945,1999-2007
Minnesota Timberwolves_2002,szczewa02_2002,55.83009940883144,1999-2007
Minnesota Timberwolves_2002,trentga01_2002,33.76388603226827,1999-2007
Minnesota Timberwolves_2002,woodslo01_2002,22.715633383201094,1999-2007
Minnesota Timberwolves_2003,garneke01_2003,57.62811813689564,1999-2007
Minnesota Timberwolves_2003,gillke01_2003,45.47526800360829,1999-2007
Minnesota Timberwolves_2003,hudsotr01_2003,50.99019513592785,1999-2007
Minnesota Timberwolves_2003,jacksma02_2003,32.264531609803356,1999-2007
Minnesota Timberwolves_2003,nestera01_2003,48.342527861087284,1999-2007
Minnesota Timberwolves_2003,peelean01_2003,47.38143096192854,1999-2007
Minnesota Timberwolves_2003,rakocig01_2003,15.620499351813308,1999-2007
Minnesota Timberwolves_2003,slatere01_2003,11.874342087037917,1999-2007
Minnesota Timberwolves_2003,smithjo02_2003,33.421549934136806,1999-2007
Minnesota Timberwolves_2003,stricro02_2003,30.919249667480614,1999-2007
Minnesota Timberwolves_2003,szczewa02_2003,42.8485705712571,1999-2007
Minnesota Timberwolves_2003,trentga01_2003,34.95711658589707,1999-2007
Minnesota Timberwolves_2003,wilksmi01_2003,18.0,1999-2007
Minnesota Timberwolves_2003,woodslo01_2003,18.788294228055936,1999-2007
Minnesota Timberwolves_2004,cassesa01_2004,53.27288240746881,1999-2007
Minnesota Timberwolves_2004,garneke01_2004,56.84188596448925,1999-2007
Minnesota Timberwolves_2004,hassetr01_2004,47.58150901348127,1999-2007
Minnesota Timberwolves_2004,hoibefr01_2004,42.473521163190604,1999-2007
Minnesota Timberwolves_2004,hudsotr01_2004,22.427661492005804,1999-2007
Minnesota Timberwolves_2004,johnser02_2004,31.064449134018133,1999-2007
Minnesota Timberwolves_2004,madsema01_2004,35.298725189445584,1999-2007
Minnesota Timberwolves_2004,mcleoke01_2004,19.77371993328519,1999-2007
Minnesota Timberwolves_2004,milleol01_2004,22.494443758403985,1999-2007
Minnesota Timberwolves_2004,olowomi01_2004,30.4138126514911,1999-2007
Minnesota Timberwolves_2004,sprewla01_2004,55.67764362830022,1999-2007
Minnesota Timberwolves_2004,szczewa02_2004,24.939927826679853,1999-2007
Minnesota Timberwolves_2004,trentga01_2004,32.01562118716424,1999-2007
Minnesota Timberwolves_2005,cartean01_2005,27.23967694375247,1999-2007
Minnesota Timberwolves_2005,cassesa01_2005,39.01281840626232,1999-2007
Minnesota Timberwolves_2005,garneke01_2005,55.86591089385369,1999-2007
Minnesota Timberwolves_2005,griffed01_2005,38.62641583165593,1999-2007
Minnesota Timberwolves_2005,hassetr01_2005,45.47526800360829,1999-2007
Minnesota Timberwolves_2005,hoibefr01_2005,35.66510900025401,1999-2007
Minnesota Timberwolves_2005,hudsotr01_2005,41.58124577258358,1999-2007
Minnesota Timberwolves_2005,johnser02_2005,20.248456731316587,1999-2007
Minnesota Timberwolves_2005,madsema01_2005,24.515301344262525,1999-2007
Minnesota Timberwolves_2005,olowomi01_2005,34.85685011586675,1999-2007
Minnesota Timberwolves_2005,sprewla01_2005,49.49747468305833,1999-2007
Minnesota Timberwolves_2005,szczewa02_2005,50.57667446560717,1999-2007
Minnesota Timberwolves_2005,thomajo02_2005,22.825424421026653,1999-2007
Minnesota Timberwolves_2006,banksma01_2006,35.04283093587046,1999-2007
Minnesota Timberwolves_2006,blounma01_2006,34.0147027033899,1999-2007
Minnesota Timberwolves_2006,cartean01_2006,24.269322199023193,1999-2007
Minnesota Timberwolves_2006,davisri01_2006,38.2099463490856,1999-2007
Minnesota Timberwolves_2006,duprero01_2006,16.278820596099706,1999-2007
Minnesota Timberwolves_2006,frahmri01_2006,15.0,1999-2007
Minnesota Timberwolves_2006,garneke01_2006,54.378304497290095,1999-2007
Minnesota Timberwolves_2006,griffed01_2006,36.864617182333525,1999-2007
Minnesota Timberwolves_2006,hassetr01_2006,50.1398045468867,1999-2007
Minnesota Timberwolves_2006,hudsotr01_2006,28.284271247461902,1999-2007
Minnesota Timberwolves_2006,jaricma01_2006,45.8475735453906,1999-2007
Minnesota Timberwolves_2006,madsema01_2006,26.0,1999-2007
Minnesota Timberwolves_2006,mccanra01_2006,36.90528417449187,1999-2007
Minnesota Timberwolves_2006,olowomi01_2006,27.422618401604176,1999-2007
Minnesota Timberwolves_2006,reedju01_2006,26.570660511172846,1999-2007
Minnesota Timberwolves_2006,szczewa02_2006,39.433488306260706,1999-2007
Minnesota Timberwolves_2007,blounma01_2007,50.438080851673966,1999-2007
Minnesota Timberwolves_2007,davisri01_2007,54.96362433464518,1999-2007
Minnesota Timberwolves_2007,foyera01_2007,43.347433603386484,1999-2007
Minnesota Timberwolves_2007,garneke01_2007,54.72659317004851,1999-2007
Minnesota Timberwolves_2007,hassetr01_2007,47.148700936505136,1999-2007
Minnesota Timberwolves_2007,hudsotr01_2007,23.53720459187964,1999-2007
Minnesota Timberwolves_2007,jamesmi01_2007,45.48626166217664,1999-2007
Minnesota Timberwolves_2007,jaricma01_2007,39.433488306260706,1999-2007
Minnesota Timberwolves_2007,madsema01_2007,21.748563170931547,1999-2007
Minnesota Timberwolves_2007,mccanra01_2007,23.53720459187964,1999-2007
Minnesota Timberwolves_2007,reedju01_2007,17.832554500127006,1999-2007
Minnesota Timberwolves_2007,smithcr01_2007,39.20459156782532,1999-2007
Minnesota Timberwolves_2008,breweco01_2008,42.46174749112429,2008-2015
Minnesota Timberwolves_2008,buckngr01_2008,22.80350850198276,2008-2015
Minnesota Timberwolves_2008,doleami01_2008,16.0312195418814,2008-2015
Minnesota Timberwolves_2008,foyera01_2008,35.482389998420345,2008-2015
Minnesota Timberwolves_2008,gomesry01_2008,49.33558553417604,2008-2015
Minnesota Timberwolves_2008,greenge01_2008,18.920887928424502,2008-2015
Minnesota Timberwolves_2008,jaricma01_2008,46.78675026115834,2008-2015
Minnesota Timberwolves_2008,jeffeal01_2008,54.0277706369604,2008-2015
Minnesota Timberwolves_2008,mccanra01_2008,44.94441010848846,2008-2015
Minnesota Timberwolves_2008,richach01_2008,23.57965224510319,2008-2015
Minnesota Timberwolves_2008,smithcr01_2008,39.331920878594275,2008-2015
Minnesota Timberwolves_2008,snydeki01_2008,26.076809620810597,2008-2015
Minnesota Timberwolves_2008,telfase01_2008,43.965895873961216,2008-2015
Minnesota Timberwolves_2008,walkean02_2008,29.866369046136157,2008-2015
Minnesota Timberwolves_2009,brownbo02_2009,16.0,2008-2015
Minnesota Timberwolves_2009,cardibr01_2009,30.14962686336267,2008-2015
Minnesota Timberwolves_2009,carnero01_2009,34.62657938636157,2008-2015
Minnesota Timberwolves_2009,collija04_2009,20.54263858417414,2008-2015
Minnesota Timberwolves_2009,foyera01_2009,49.93996395673509,2008-2015
Minnesota Timberwolves_2009,gomesry01_2009,51.12729212465687,2008-2015
Minnesota Timberwolves_2009,jeffeal01_2009,42.8485705712571,2008-2015
Minnesota Timberwolves_2009,loveke01_2009,45.254833995939045,2008-2015
Minnesota Timberwolves_2009,mccanra01_2009,25.219040425836983,2008-2015
Minnesota Timberwolves_2009,millemi01_2009,48.53864439804639,2008-2015
Minnesota Timberwolves_2009,ollieke01_2009,29.154759474226502,2008-2015
Minnesota Timberwolves_2009,smithcr01_2009,38.2099463490856,2008-2015
Minnesota Timberwolves_2009,telfase01_2009,45.77116996538323,2008-2015
Minnesota Timberwolves_2010,breweco01_2010,49.8196748283246,2008-2015
Minnesota Timberwolves_2010,cardibr01_2010,16.34013463836819,2008-2015
Minnesota Timberwolves_2010,ellinwa01_2010,37.20215047547655,2008-2015
Minnesota Timberwolves_2010,flynnjo01_2010,48.36320915737499,2008-2015
Minnesota Timberwolves_2010,gomesry01_2010,47.01063709417264,2008-2015
Minnesota Timberwolves_2010,holliry01_2010,34.97141690009142,2008-2015
Minnesota Timberwolves_2010,jawaina01_2010,20.29778313018444,2008-2015
Minnesota Timberwolves_2010,jeffeal01_2010,49.628620774710235,2008-2015
Minnesota Timberwolves_2010,loveke01_2010,41.400483088968905,2008-2015
Minnesota Timberwolves_2010,milicda01_2010,24.779023386727733,2008-2015
Minnesota Timberwolves_2010,pavloal01_2010,29.614185789921695,2008-2015
Minnesota Timberwolves_2010,pecheol01_2010,21.142374511865974,2008-2015
Minnesota Timberwolves_2010,sessira01_2010,41.617304093369626,2008-2015
Minnesota Timberwolves_2010,wilkida02_2010,39.81205847478876,2008-2015
Minnesota Timberwolves_2011,beaslmi01_2011,48.590122453025366,2008-2015
Minnesota Timberwolves_2011,breweco01_2011,36.90528417449187,2008-2015
Minnesota Timberwolves_2011,ellinwa01_2011,34.36568055487916,2008-2015
Minnesota Timberwolves_2011,flynnjo01_2011,31.352830813181765,2008-2015
Minnesota Timberwolves_2011,haywala01_2011,20.46948949045872,2008-2015
Minnesota Timberwolves_2011,johnswe01_2011,45.48626166217664,2008-2015
Minnesota Timberwolves_2011,koufoko01_2011,18.33030277982336,2008-2015
Minnesota Timberwolves_2011,loveke01_2011,51.09794516416487,2008-2015
Minnesota Timberwolves_2011,milicda01_2011,41.060930335295616,2008-2015
Minnesota Timberwolves_2011,pekovni01_2011,29.782545223670862,2008-2015
Minnesota Timberwolves_2011,randoan01_2011,21.517434791350013,2008-2015
Minnesota Timberwolves_2011,ridnolu01_2011,46.46504062195577,2008-2015
Minnesota Timberwolves_2011,telfase01_2011,26.664583251946766,2008-2015
Minnesota Timberwolves_2011,tollian01_2011,36.90528417449187,2008-2015
Minnesota Timberwolves_2011,webstma02_2011,33.075670817082454,2008-2015
Minnesota Timberwolves_2012,bareajo01_2012,32.12475680841802,2008-2015
Minnesota Timberwolves_2012,beaslmi01_2012,32.96968304366907,2008-2015
Minnesota Timberwolves_2012,ellinwa01_2012,31.192947920964443,2008-2015
Minnesota Timberwolves_2012,johnswe01_2012,38.3275357934736,2008-2015
Minnesota Timberwolves_2012,loveke01_2012,46.314144707637645,2008-2015
Minnesota Timberwolves_2012,milicda01_2012,21.72556098240043,2008-2015
Minnesota Timberwolves_2012,pekovni01_2012,35.552777669262355,2008-2015
Minnesota Timberwolves_2012,randoan01_2012,22.737634001804146,2008-2015
Minnesota Timberwolves_2012,ridnolu01_2012,41.83300132670378,2008-2015
Minnesota Timberwolves_2012,rubiori01_2012,37.469987990390386,2008-2015
Minnesota Timberwolves_2012,tollian01_2012,29.698484809834994,2008-2015
Minnesota Timberwolves_2012,webstma02_2012,33.76388603226827,2008-2015
Minnesota Timberwolves_2012,willide02_2012,37.656340767525464,2008-2015
Minnesota Timberwolves_2013,bareajo01_2013,41.38840417314975,2008-2015
Minnesota Timberwolves_2013,budinch01_2013,22.538855339169288,2008-2015
Minnesota Timberwolves_2013,cunnida01_2013,44.83302354291979,2008-2015
Minnesota Timberwolves_2013,gelabmi01_2013,25.37715508089904,2008-2015
Minnesota Timberwolves_2013,johnsch03_2013,16.852299546352718,2008-2015
Minnesota Timberwolves_2013,kirilan01_2013,45.09988913511872,2008-2015
Minnesota Timberwolves_2013,pekovni01_2013,44.26059195266146,2008-2015
Minnesota Timberwolves_2013,ridnolu01_2013,49.73932046178355,2008-2015
Minnesota Timberwolves_2013,rubiori01_2013,41.12177038990418,2008-2015
Minnesota Timberwolves_2013,shvedal01_2013,42.89522117905443,2008-2015
Minnesota Timberwolves_2013,stiemgr01_2013,34.77067730142742,2008-2015
Minnesota Timberwolves_2013,willide02_2013,43.77213725647858,2008-2015
Minnesota Timberwolves_2014,bareajo01_2014,38.353617821530214,2008-2015
Minnesota Timberwolves_2014,breweco01_2014,51.07837115648854,2008-2015
Minnesota Timberwolves_2014,budinch01_2014,27.40437921208944,2008-2015
Minnesota Timberwolves_2014,cunnida01_2014,40.43513323831146,2008-2015
Minnesota Timberwolves_2014,dienggo01_2014,28.600699292150182,2008-2015
Minnesota Timberwolves_2014,hummero01_2014,25.592967784139454,2008-2015
Minnesota Timberwolves_2014,loveke01_2014,52.88667128870941,2008-2015
Minnesota Timberwolves_2014,martike02_2014,46.65833258915282,2008-2015
Minnesota Timberwolves_2014,mbahalu01_2014,28.407745422683583,2008-2015
Minnesota Timberwolves_2014,muhamsh01_2014,17.029386365926403,2008-2015
Minnesota Timberwolves_2014,pekovni01_2014,40.779897008207364,2008-2015
Minnesota Timberwolves_2014,priceaj01_2014,9.9498743710662,2008-2015
Minnesota Timberwolves_2014,rubiori01_2014,51.36146415358503,2008-2015
Minnesota Timberwolves_2014,shvedal01_2014,25.768197453450252,2008-2015
Minnesota Timberwolves_2014,turiaro01_2014,24.61706725018234,2008-2015
Minnesota Timberwolves_2015,bennean01_2015,29.899832775452108,2008-2015
Minnesota Timberwolves_2015,breweco01_2015,26.076809620810597,2008-2015
Minnesota Timberwolves_2015,brownlo01_2015,23.430749027719962,2008-2015
Minnesota Timberwolves_2015,budinch01_2015,35.86084215408221,2008-2015
Minnesota Timberwolves_2015,dienggo01_2015,46.82947789587238,2008-2015
Minnesota Timberwolves_2015,hummero01_2015,27.23967694375247,2008-2015
Minnesota Timberwolves_2015,lavinza01_2015,43.61192497471305,2008-2015
Minnesota Timberwolves_2015,martike02_2015,36.08323710533743,2008-2015
Minnesota Timberwolves_2015,muhamsh01_2015,29.427877939124322,2008-2015
Minnesota Timberwolves_2015,paynead01_2015,26.832815729997478,2008-2015
Minnesota Timberwolves_2015,pekovni01_2015,28.548204847240395,2008-2015
Minnesota Timberwolves_2015,robingl02_2015,10.392304845413264,2008-2015
Minnesota Timberwolves_2015,rubiori01_2015,26.30589287593181,2008-2015
Minnesota Timberwolves_2015,wiggian01_2015,54.48853090330111,2008-2015
Minnesota Timberwolves_2015,willima01_2015,33.896902513356586,2008-2015
Minnesota Timberwolves_2015,youngth01_2015,40.06245124802026,2008-2015
Minnesota Timberwolves_2016,bjeline01_2016,32.78719262151,2016-present
Minnesota Timberwolves_2016,dienggo01_2016,47.11687595755899,2016-present
Minnesota Timberwolves_2016,garneke01_2016,23.57965224510319,2016-present
Minnesota Timberwolves_2016,jonesty01_2016,23.93741840717165,2016-present
Minnesota Timberwolves_2016,lavinza01_2016,47.89572005931219,2016-present
Minnesota Timberwolves_2016,martike02_2016,28.879058156387302,2016-present
Minnesota Timberwolves_2016,millean02_2016,16.73320053068151,2016-present
Minnesota Timberwolves_2016,muhamsh01_2016,41.012193308819754,2016-present
Minnesota Timberwolves_2016,paynead01_2016,22.045407685048602,2016-present
Minnesota Timberwolves_2016,princta01_2016,38.23610858861032,2016-present
Minnesota Timberwolves_2016,rubiori01_2016,48.19751030914356,2016-present
Minnesota Timberwolves_2016,rudezda01_2016,16.64331697709324,2016-present
Minnesota Timberwolves_2016,townska01_2016,51.254268114957995,2016-present
Minnesota Timberwolves_2016,wiggian01_2016,53.33854141237835,2016-present
Minnesota Timberwolves_2017,aldrico01_2017,23.043437243605826,2016-present
Minnesota Timberwolves_2017,bjeline01_2017,34.49637662132068,2016-present
Minnesota Timberwolves_2017,dienggo01_2017,51.507281038703645,2016-present
Minnesota Timberwolves_2017,dunnkr01_2017,36.51027252705737,2016-present
Minnesota Timberwolves_2017,jonesty01_2017,27.820855486487112,2016-present
Minnesota Timberwolves_2017,lavinza01_2017,41.82104733265297,2016-present
Minnesota Timberwolves_2017,muhamsh01_2017,38.93584466786357,2016-present
Minnesota Timberwolves_2017,rubiori01_2017,49.68903299521938,2016-present
Minnesota Timberwolves_2017,rushbr01_2017,32.09361307176243,2016-present
Minnesota Timberwolves_2017,townska01_2017,55.04543577809154,2016-present
Minnesota Timberwolves_2017,wiggian01_2017,55.20869496736904,2016-present
Minnesota Timberwolves_2018,aldrico01_2018,7.0,2016-present
Minnesota Timberwolves_2018,bjeline01_2018,37.027017163147235,2016-present
Minnesota Timberwolves_2018,brookaa01_2018,13.74772708486752,2016-present
Minnesota Timberwolves_2018,butleji01_2018,46.51881339845203,2016-present
Minnesota Timberwolves_2018,crawfja01_2018,40.65710270051225,2016-present
Minnesota Timberwolves_2018,dienggo01_2018,36.51027252705737,2016-present
Minnesota Timberwolves_2018,georgma01_2018,14.966629547095765,2016-present
Minnesota Timberwolves_2018,gibsota01_2018,52.21110992882645,2016-present
Minnesota Timberwolves_2018,jonesty01_2018,38.301436004411116,2016-present
Minnesota Timberwolves_2018,muhamsh01_2018,17.349351572897472,2016-present
Minnesota Timberwolves_2018,teaguje01_2018,48.07286136688766,2016-present
Minnesota Timberwolves_2018,townska01_2018,54.01851534427802,2016-present
Minnesota Timberwolves_2018,wiggian01_2018,54.58021619598075,2016-present
Minnesota Timberwolves_2019,bateske01_2019,22.427661492005804,2016-present
Minnesota Timberwolves_2019,bayleje01_2019,25.632011235952593,2016-present
Minnesota Timberwolves_2019,covinro01_2019,27.622454633866266,2016-present
Minnesota Timberwolves_2019,denglu01_2019,19.79898987322333,2016-present
Minnesota Timberwolves_2019,dienggo01_2019,32.109188716004645,2016-present
Minnesota Timberwolves_2019,gibsota01_2019,41.060930335295616,2016-present
Minnesota Timberwolves_2019,jonesty01_2019,39.496835316262995,2016-present
Minnesota Timberwolves_2019,okogijo01_2019,41.916583830269374,2016-present
Minnesota Timberwolves_2019,rosede01_2019,37.30951621235526,2016-present
Minnesota Timberwolves_2019,saricda01_2019,40.33608806019741,2016-present
Minnesota Timberwolves_2019,teaguje01_2019,35.552777669262355,2016-present
Minnesota Timberwolves_2019,tollian01_2019,32.848135411313685,2016-present
Minnesota Timberwolves_2019,townska01_2019,50.44799302251776,2016-present
Minnesota Timberwolves_2019,wiggian01_2019,50.428166732491874,2016-present
Minnesota Timberwolves_2020,bateske01_2020,25.41653005427767,2016-present
Minnesota Timberwolves_2020,belljo01_2020,15.329709716755891,2016-present
Minnesota Timberwolves_2020,covinro01_2020,37.5632799419859,2016-present
Minnesota Timberwolves_2020,culveja01_2020,38.80721582386451,2016-present
Minnesota Timberwolves_2020,dienggo01_2020,27.892651361962706,2016-present
Minnesota Timberwolves_2020,grahatr01_2020,25.748786379167466,2016-present
Minnesota Timberwolves_2020,laymaja01_2020,22.47220505424423,2016-present
Minnesota Timberwolves_2020,martike03_2020,22.24859546128699,2016-present
Minnesota Timberwolves_2020,mclaujo01_2020,24.289915602982237,2016-present
Minnesota Timberwolves_2020,napiesh01_2020,29.257477676655586,2016-present
Minnesota Timberwolves_2020,okogijo01_2020,39.331920878594275,2016-present
Minnesota Timberwolves_2020,reidna01_2020,22.24859546128699,2016-present
Minnesota Timberwolves_2020,teaguje01_2020,30.740852297878796,2016-present
Minnesota Timberwolves_2020,townska01_2020,34.45286635390443,2016-present
Minnesota Timberwolves_2020,vonleno01_2020,18.627936010197157,2016-present
Minnesota Timberwolves_2020,wiggian01_2020,38.144462245521304,2016-present
Minnesota Timberwolves_2021,beaslma01_2021,34.84250278036869,2016-present
Minnesota Timberwolves_2021,culveja01_2021,22.338307903688676,2016-present
Minnesota Timberwolves_2021,davised01_2021,17.291616465790582,2016-present
Minnesota Timberwolves_2021,edwaran01_2021,48.104053883222775,2016-present
Minnesota Timberwolves_2021,hernaju01_2021,30.0,2016-present
Minnesota Timberwolves_2021,laymaja01_2021,25.03996805109783,2016-present
Minnesota Timberwolves_2021,mcdanja02_2021,38.87158345115362,2016-present
Minnesota Timberwolves_2021,mclaujo01_2021,30.62678566222711,2016-present
Minnesota Timberwolves_2021,nowelja01_2021,27.54995462791182,2016-present
Minnesota Timberwolves_2021,okogijo01_2021,34.597687784012386,2016-present
Minnesota Timberwolves_2021,reidna01_2021,36.701498607005135,2016-present
Minnesota Timberwolves_2021,rubiori01_2021,42.09513035969837,2016-present
Minnesota Timberwolves_2021,russeda01_2021,34.583232931581165,2016-present
Minnesota Timberwolves_2021,townska01_2021,41.09744517606904,2016-present
Minnesota Timberwolves_2021,vandeja01_2021,33.74907406137241,2016-present
Minnesota Timberwolves_2022,beaslma01_2022,44.45222154178574,2016-present
Minnesota Timberwolves_2022,beverpa01_2022,38.41874542459709,2016-present
Minnesota Timberwolves_2022,bolmale01_2022,15.524174696260024,2016-present
Minnesota Timberwolves_2022,edwaran01_2022,49.658836071740545,2016-present
Minnesota Timberwolves_2022,knighna01_2022,16.34013463836819,2016-present
Minnesota Timberwolves_2022,laymaja01_2022,15.198684153570664,2016-present
Minnesota Timberwolves_2022,mcdanja02_2022,42.46174749112429,2016-present
Minnesota Timberwolves_2022,mclaujo01_2022,30.033314835362415,2016-present
Minnesota Timberwolves_2022,nowelja01_2022,31.22498999199199,2016-present
Minnesota Timberwolves_2022,okogijo01_2022,22.715633383201094,2016-present
Minnesota Timberwolves_2022,princta02_2022,34.307433596816885,2016-present
Minnesota Timberwolves_2022,reidna01_2022,34.85685011586675,2016-present
Minnesota Timberwolves_2022,russeda01_2022,45.574115460423364,2016-present
Minnesota Timberwolves_2022,townska01_2022,49.759421218498915,2016-present
Minnesota Timberwolves_2022,vandeja01_2022,43.3589667773576,2016-present
Minnesota Timberwolves_2023,alexani01_2023,18.867962264113206,2016-present
Minnesota Timberwolves_2023,anderky01_2023,44.23799272118933,2016-present
Minnesota Timberwolves_2023,conlemi01_2023,27.440845468024488,2016-present
Minnesota Timberwolves_2023,edwaran01_2023,53.31041174104736,2016-present
Minnesota Timberwolves_2023,forbebr01_2023,16.3707055437449,2016-present
Minnesota Timberwolves_2023,garzalu01_2023,15.588457268119896,2016-present
Minnesota Timberwolves_2023,goberru01_2023,46.34652090502587,2016-present
Minnesota Timberwolves_2023,knighna01_2023,17.05872210923198,2016-present
Minnesota Timberwolves_2023,mcdanja02_2023,49.15282290977803,2016-present
Minnesota Timberwolves_2023,mclaujo01_2023,26.038433132583073,2016-present
Minnesota Timberwolves_2023,moorewe01_2023,12.36931687685298,2016-present
Minnesota Timberwolves_2023,nowelja01_2023,35.38361202590826,2016-present
Minnesota Timberwolves_2023,princta02_2023,34.52535300326414,2016-present
Minnesota Timberwolves_2023,reidna01_2023,35.369478367654786,2016-present
Minnesota Timberwolves_2023,riverau01_2023,31.874754901018456,2016-present
Minnesota Timberwolves_2023,russeda01_2023,42.16633728461603,2016-present
Minnesota Timberwolves_2023,ryanma01_2023,13.45362404707371,2016-present
Minnesota Timberwolves_2023,townska01_2023,30.93541659651604,2016-present
Minnesota Timberwolves_2024,alexani01_2024,43.829214001622255,2016-present
Minnesota Timberwolves_2024,anderky01_2024,42.21374183841087,2016-present
Minnesota Timberwolves_2024,browntr01_2024,20.248456731316587,2016-present
Minnesota Timberwolves_2024,conlemi01_2024,46.82947789587238,2016-present
Minnesota Timberwolves_2024,edwaran01_2024,52.630789467763066,2016-present
Minnesota Timberwolves_2024,garzalu01_2024,11.045361017187261,2016-present
Minnesota Timberwolves_2024,goberru01_2024,50.92150822589606,2016-present
Minnesota Timberwolves_2024,mcdanja02_2024,45.880278987817846,2016-present
Minnesota Timberwolves_2024,mclaujo01_2024,25.019992006393608,2016-present
Minnesota Timberwolves_2024,miltosh01_2024,22.15851980616034,2016-present
Minnesota Timberwolves_2024,minotjo01_2024,9.539392014169456,2016-present
Minnesota Timberwolves_2024,moorewe01_2024,8.660254037844387,2016-present
Minnesota Timberwolves_2024,morrimo01_2024,20.199009876724155,2016-present
Minnesota Timberwolves_2024,reidna01_2024,44.31703961232068,2016-present
Minnesota Timberwolves_2024,townska01_2024,45.0111097397076,2016-present
Minnesota Timberwolves_2025,alexani01_2025,45.53020975132884,2016-present
Minnesota Timberwolves_2025,clarkja02_2025,22.847319317591726,2016-present
Minnesota Timberwolves_2025,conlemi01_2025,41.90465367951393,2016-present
Minnesota Timberwolves_2025,dilliro01_2025,22.715633383201094,2016-present
Minnesota Timberwolves_2025,divindo01_2025,40.07492981902776,2016-present
Minnesota Timberwolves_2025,edwaran01_2025,53.58171329847526,2016-present
Minnesota Timberwolves_2025,garzalu01_2025,14.798648586948742,2016-present
Minnesota Timberwolves_2025,goberru01_2025,48.86716689148246,2016-present
Minnesota Timberwolves_2025,mcdanja02_2025,51.12729212465687,2016-present
Minnesota Timberwolves_2025,minotjo01_2025,16.61324772583615,2016-present
Minnesota Timberwolves_2025,randlju01_2025,47.18050444834179,2016-present
Minnesota Timberwolves_2025,reidna01_2025,46.9041575982343,2016-present
Minnesota Timberwolves_2025,shannte01_2025,18.411952639521967,2016-present
New Jersey Nets_1999,burresc01_1999,26.570660511172846,1999-2007
New Jersey Nets_1999,carrch01_1999,19.078784028338912,1999-2007
New Jersey Nets_1999,feickja01_1999,29.13760456866693,1999-2007
New Jersey Nets_1999,gillke01_1999,40.07492981902776,1999-2007
New Jersey Nets_1999,harrilu01_1999,24.535688292770594,1999-2007
New Jersey Nets_1999,hendrma01_1999,19.974984355438178,1999-2007
New Jersey Nets_1999,kittlke01_1999,39.6232255123179,1999-2007
New Jersey Nets_1999,marbust01_1999,35.12833614050059,1999-2007
New Jersey Nets_1999,mcilvji01_1999,16.401219466856727,1999-2007
New Jersey Nets_1999,perryel01_1999,15.588457268119896,1999-2007
New Jersey Nets_1999,vanhoke01_1999,39.698866482558415,1999-2007
New Jersey Nets_1999,willija01_1999,31.937438845342623,1999-2007
New Jersey Nets_2000,burresc01_2000,36.55133376499413,1999-2007
New Jersey Nets_2000,eschmev01_2000,19.313207915827967,1999-2007
New Jersey Nets_2000,feickja01_2000,47.3392015141785,1999-2007
New Jersey Nets_2000,gillke01_2000,48.52834223420371,1999-2007
New Jersey Nets_2000,harrilu01_2000,38.8587184554509,1999-2007
New Jersey Nets_2000,kittlke01_2000,43.54308211415448,1999-2007
New Jersey Nets_2000,marbust01_2000,53.67494760127857,1999-2007
New Jersey Nets_2000,mcilvji01_2000,32.37282811247729,1999-2007
New Jersey Nets_2000,muresgh01_2000,16.34013463836819,1999-2007
New Jersey Nets_2000,newmajo01_2000,41.98809355043403,1999-2007
New Jersey Nets_2000,perryel01_2000,28.337254630609507,1999-2007
New Jersey Nets_2000,vanhoke01_2000,52.744667976962376,1999-2007
New Jersey Nets_2001,douglsh01_2001,33.075670817082454,1999-2007
New Jersey Nets_2001,eschmev01_2001,36.4828726939094,1999-2007
New Jersey Nets_2001,gillke01_2001,29.866369046136157,1999-2007
New Jersey Nets_2001,harrilu01_2001,45.50824101193101,1999-2007
New Jersey Nets_2001,jacksst02_2001,40.74309757492672,1999-2007
New Jersey Nets_2001,marbust01_2001,50.566787519082126,1999-2007
New Jersey Nets_2001,martike01_2001,47.66550115125194,1999-2007
New Jersey Nets_2001,newmajo01_2001,45.2658811910251,1999-2007
New Jersey Nets_2001,samakso01_2001,15.033296378372908,1999-2007
New Jersey Nets_2001,stepavl01_2001,16.73320053068151,1999-2007
New Jersey Nets_2001,vanhoke01_2001,41.6293165929973,1999-2007
New Jersey Nets_2001,williaa01_2001,48.33218389437829,1999-2007
New Jersey Nets_2002,armstbr01_2002,14.0,1999-2007
New Jersey Nets_2002,collija04_2002,37.5099986670221,1999-2007
New Jersey Nets_2002,dialde01_2002,15.7797338380595,1999-2007
New Jersey Nets_2002,harrilu01_2002,39.408120990476064,1999-2007
New Jersey Nets_2002,jefferi01_2002,43.78355855797927,1999-2007
New Jersey Nets_2002,johnsan02_2002,19.131126469708992,1999-2007
New Jersey Nets_2002,kiddja01_2002,55.281099844341014,1999-2007
New Jersey Nets_2002,kittlke01_2002,51.0,1999-2007
New Jersey Nets_2002,maccuto01_2002,38.7556447501522,1999-2007
New Jersey Nets_2002,martike01_2002,50.039984012787215,1999-2007
New Jersey Nets_2002,scalabr01_2002,17.029386365926403,1999-2007
New Jersey Nets_2002,vanhoke01_2002,49.64876634922564,1999-2007
New Jersey Nets_2002,williaa01_2002,39.319206502675,1999-2007
New Jersey Nets_2003,collija04_2003,43.58898943540674,1999-2007
New Jersey Nets_2003,harrilu01_2003,44.41846462902562,1999-2007
New Jersey Nets_2003,jefferi01_2003,53.65631370118525,1999-2007
New Jersey Nets_2003,johnsan02_2003,29.017236257093817,1999-2007
New Jersey Nets_2003,kiddja01_2003,54.67174773134658,1999-2007
New Jersey Nets_2003,kittlke01_2003,44.170125650715555,1999-2007
New Jersey Nets_2003,martike01_2003,51.264022471905186,1999-2007
New Jersey Nets_2003,mutomdi01_2003,22.67156809750927,1999-2007
New Jersey Nets_2003,rogerro01_2003,36.09709129556009,1999-2007
New Jersey Nets_2003,scalabr01_2003,26.90724809414742,1999-2007
New Jersey Nets_2003,slayta01_2003,16.55294535724685,1999-2007
New Jersey Nets_2003,williaa01_2003,39.96248240537617,1999-2007
New Jersey Nets_2004,armstbr01_2004,20.83266665599966,1999-2007
New Jersey Nets_2004,collija04_2004,47.11687595755899,1999-2007
New Jersey Nets_2004,harrilu01_2004,38.781438859330635,1999-2007
New Jersey Nets_2004,jefferi01_2004,55.97320787662612,1999-2007
New Jersey Nets_2004,kiddja01_2004,49.49747468305833,1999-2007
New Jersey Nets_2004,kittlke01_2004,53.31041174104736,1999-2007
New Jersey Nets_2004,martike01_2004,47.45524207081869,1999-2007
New Jersey Nets_2004,packro01_2004,14.832396974191326,1999-2007
New Jersey Nets_2004,planizo01_2004,21.748563170931547,1999-2007
New Jersey Nets_2004,rogerro01_2004,37.53664875824692,1999-2007
New Jersey Nets_2004,scalabr01_2004,30.463092423455635,1999-2007
New Jersey Nets_2004,slayta01_2004,12.84523257866513,1999-2007
New Jersey Nets_2004,williaa01_2004,36.565010597564445,1999-2007
New Jersey Nets_2005,besttr01_2005,38.22302970723278,1999-2007
New Jersey Nets_2005,buforro01_2005,36.235341863986875,1999-2007
New Jersey Nets_2005,cartevi01_2005,47.11687595755899,1999-2007
New Jersey Nets_2005,collija04_2005,50.41825066382212,1999-2007
New Jersey Nets_2005,jefferi01_2005,36.810324638611924,1999-2007
New Jersey Nets_2005,kiddja01_2005,49.34571916590131,1999-2007
New Jersey Nets_2005,krstine01_2005,44.328320518603,1999-2007
New Jersey Nets_2005,planizo01_2005,22.693611435820433,1999-2007
New Jersey Nets_2005,robincl02_2005,24.474476501040833,1999-2007
New Jersey Nets_2005,scalabr01_2005,34.161381705077446,1999-2007
New Jersey Nets_2005,smithja01_2005,25.45584412271571,1999-2007
New Jersey Nets_2005,thomabi01_2005,18.867962264113206,1999-2007
New Jersey Nets_2005,vaughja01_2005,37.54996671103717,1999-2007
New Jersey Nets_2005,willier01_2005,27.184554438136374,1999-2007
New Jersey Nets_2006,cartevi01_2006,53.907327887774215,1999-2007
New Jersey Nets_2006,collija04_2006,43.53159771935783,1999-2007
New Jersey Nets_2006,jacksma02_2006,20.808652046684813,1999-2007
New Jersey Nets_2006,jefferi01_2006,55.308227236099334,1999-2007
New Jersey Nets_2006,kiddja01_2006,54.543560573178574,1999-2007
New Jersey Nets_2006,krstine01_2006,49.68903299521938,1999-2007
New Jersey Nets_2006,mcinnje01_2006,22.045407685048602,1999-2007
New Jersey Nets_2006,murrala01_2006,24.0,1999-2007
New Jersey Nets_2006,padgesc01_2006,26.795522013948524,1999-2007
New Jersey Nets_2006,planizo01_2006,24.413111231467404,1999-2007
New Jersey Nets_2006,robincl02_2006,43.162483709814474,1999-2007
New Jersey Nets_2006,vaughja01_2006,35.12833614050059,1999-2007
New Jersey Nets_2006,wrighan01_2006,19.235384061671343,1999-2007
New Jersey Nets_2007,adamsha01_2007,22.24859546128699,1999-2007
New Jersey Nets_2007,boonejo01_2007,25.865034312755125,1999-2007
New Jersey Nets_2007,cartevi01_2007,55.910642993977454,1999-2007
New Jersey Nets_2007,collija04_2007,42.941821107167776,1999-2007
New Jersey Nets_2007,houseed01_2007,30.757112998459398,1999-2007
New Jersey Nets_2007,jefferi01_2007,44.22668877499196,1999-2007
New Jersey Nets_2007,kiddja01_2007,54.15717865620402,1999-2007
New Jersey Nets_2007,krstine01_2007,29.120439557122072,1999-2007
New Jersey Nets_2007,mooremi01_2007,45.628938186199335,1999-2007
New Jersey Nets_2007,nachbbo01_2007,39.14077158156185,1999-2007
New Jersey Nets_2007,robincl02_2007,30.903074280724887,1999-2007
New Jersey Nets_2007,willima03_2007,36.26292872893749,1999-2007
New Jersey Nets_2007,wrighan01_2007,33.71943060017473,1999-2007
New Jersey Nets_2008,allenma01_2008,27.622454633866266,2008-2015
New Jersey Nets_2008,armstda01_2008,23.430749027719962,2008-2015
New Jersey Nets_2008,boonejo01_2008,42.1070065428546,2008-2015
New Jersey Nets_2008,cartevi01_2008,54.396691075836586,2008-2015
New Jersey Nets_2008,collija04_2008,26.153393661244042,2008-2015
New Jersey Nets_2008,diopde01_2008,20.024984394500787,2008-2015
New Jersey Nets_2008,harride01_2008,28.948229652260256,2008-2015
New Jersey Nets_2008,hassetr01_2008,17.60681686165901,2008-2015
New Jersey Nets_2008,jefferi01_2008,56.568542494923804,2008-2015
New Jersey Nets_2008,kiddja01_2008,43.53159771935783,2008-2015
New Jersey Nets_2008,krstine01_2008,28.495613697550013,2008-2015
New Jersey Nets_2008,magloja01_2008,16.09347693943108,2008-2015
New Jersey Nets_2008,nachbbo01_2008,40.74309757492672,2008-2015
New Jersey Nets_2008,swiftst01_2008,17.175564037317667,2008-2015
New Jersey Nets_2008,willima03_2008,29.223278392404914,2008-2015
New Jersey Nets_2008,willise01_2008,35.749125863438955,2008-2015
New Jersey Nets_2008,wrighan01_2008,32.49615361854384,2008-2015
New Jersey Nets_2009,anderry01_2009,36.22154055254967,2008-2015
New Jersey Nets_2009,boonejo01_2009,31.54362059117501,2008-2015
New Jersey Nets_2009,cartevi01_2009,54.27706698044764,2008-2015
New Jersey Nets_2009,doolike01_2009,45.5411901469428,2008-2015
New Jersey Nets_2009,douglch01_2009,24.186773244895647,2008-2015
New Jersey Nets_2009,harride01_2009,49.93996395673509,2008-2015
New Jersey Nets_2009,hassetr01_2009,33.075670817082454,2008-2015
New Jersey Nets_2009,hayesja01_2009,42.80186911806539,2008-2015
New Jersey Nets_2009,jianlyi01_2009,37.69615364994153,2008-2015
New Jersey Nets_2009,lopezbr01_2009,50.00999900019995,2008-2015
New Jersey Nets_2009,najered01_2009,17.86057109949175,2008-2015
New Jersey Nets_2009,simmobo01_2009,41.58124577258358,2008-2015
New Jersey Nets_2009,willise01_2009,19.131126469708992,2008-2015
New Jersey Nets_2010,alstora01_2010,27.676705006196094,2008-2015
New Jersey Nets_2010,boonejo01_2010,32.32645975048923,2008-2015
New Jersey Nets_2010,doolike01_2010,31.160872901765767,2008-2015
New Jersey Nets_2010,douglch01_2010,41.593268686170845,2008-2015
New Jersey Nets_2010,harride01_2010,47.12748667179272,2008-2015
New Jersey Nets_2010,hassetr01_2010,33.25657829663178,2008-2015
New Jersey Nets_2010,hayesja01_2010,32.14031735997639,2008-2015
New Jersey Nets_2010,humphkr01_2010,30.099833886584822,2008-2015
New Jersey Nets_2010,jianlyi01_2010,40.681691213615984,2008-2015
New Jersey Nets_2010,leeco01_2010,48.73397172404482,2008-2015
New Jersey Nets_2010,lopezbr01_2010,55.018178813915675,2008-2015
New Jersey Nets_2010,quinnch01_2010,14.933184523068078,2008-2015
New Jersey Nets_2010,simmobo01_2010,19.87460691435179,2008-2015
New Jersey Nets_2010,willite01_2010,42.0,2008-2015
New Jersey Nets_2011,farmajo01_2011,42.37924020083418,2008-2015
New Jersey Nets_2011,favorde01_2011,33.03028912982749,2008-2015
New Jersey Nets_2011,grahast01_2011,30.967725134404045,2008-2015
New Jersey Nets_2011,harride01_2011,41.52107898405339,2008-2015
New Jersey Nets_2011,humphkr01_2011,45.39823785126467,2008-2015
New Jersey Nets_2011,jamesda01_2011,20.074859899884732,2008-2015
New Jersey Nets_2011,lopezbr01_2011,53.749418601506754,2008-2015
New Jersey Nets_2011,morroan01_2011,43.08131845707603,2008-2015
New Jersey Nets_2011,outlatr01_2011,48.55924216871593,2008-2015
New Jersey Nets_2011,petrojo01_2011,29.88310559496787,2008-2015
New Jersey Nets_2011,rossqu01_2011,18.788294228055936,2008-2015
New Jersey Nets_2011,uzohbe01_2011,20.92844953645635,2008-2015
New Jersey Nets_2011,vujacsa01_2011,39.92492955535426,2008-2015
New Jersey Nets_2012,brookma01_2012,40.59556626036888,2008-2015
New Jersey Nets_2012,farmajo01_2012,28.827070610799147,2008-2015
New Jersey Nets_2012,gainesu01_2012,28.160255680657446,2008-2015
New Jersey Nets_2012,greenge01_2012,27.94637722496424,2008-2015
New Jersey Nets_2012,humphkr01_2012,46.49731175025068,2008-2015
New Jersey Nets_2012,morroan01_2012,40.44749683231337,2008-2015
New Jersey Nets_2012,petrojo01_2012,30.331501776206203,2008-2015
New Jersey Nets_2012,stevede01_2012,30.983866769659336,2008-2015
New Jersey Nets_2012,willide01_2012,44.710177812216315,2008-2015
New Jersey Nets_2012,willijo03_2012,25.199206336708304,2008-2015
New Jersey Nets_2012,willish02_2012,35.7211421989835,2008-2015
New Jersey Nets_2012,willish03_2012,22.67156809750927,2008-2015
New Orleans Hornets_2003,alexaco02_2003,36.87817782917155,1999-2007
New Orleans Hornets_2003,anderke01_2003,21.118712081942874,1999-2007
New Orleans Hornets_2003,augmost01_2003,29.359836511806396,1999-2007
New Orleans Hornets_2003,brownpj01_2003,51.07837115648854,1999-2007
New Orleans Hornets_2003,campbel01_2003,26.1725046566048,1999-2007
New Orleans Hornets_2003,davisba01_2003,43.46262762420146,1999-2007
New Orleans Hornets_2003,lynchge01_2003,38.691084244306204,1999-2007
New Orleans Hornets_2003,magloja01_2003,49.42671342502959,1999-2007
New Orleans Hornets_2003,mashbja01_2003,57.62811813689564,1999-2007
New Orleans Hornets_2003,moisoje01_2003,25.37715508089904,1999-2007
New Orleans Hornets_2003,packro01_2003,20.97617696340303,1999-2007
New Orleans Hornets_2003,traylro01_2003,29.171904291629644,1999-2007
New Orleans Hornets_2003,wesleda01_2003,52.05766033928148,1999-2007
New Orleans Hornets_2004,armstda01_2004,47.40253157796533,1999-2007
New Orleans Hornets_2004,augmost01_2004,37.62977544445356,1999-2007
New Orleans Hornets_2004,brownpj01_2004,52.46903848937962,1999-2007
New Orleans Hornets_2004,davisba01_2004,51.82663407939975,1999-2007
New Orleans Hornets_2004,lynchge01_2004,41.24318125460256,1999-2007
New Orleans Hornets_2004,magloja01_2004,52.69724850502159,1999-2007
New Orleans Hornets_2004,rooksse01_2004,18.027756377319946,1999-2007
New Orleans Hornets_2004,smithst01_2004,30.479501308256342,1999-2007
New Orleans Hornets_2004,traylro01_2004,30.692018506445613,1999-2007
New Orleans Hornets_2004,wesleda01_2004,44.73253849269008,1999-2007
New Orleans Hornets_2004,westda01_2004,30.495901363953813,1999-2007
New Orleans Hornets_2005,anderch01_2005,37.815340802378074,1999-2007
New Orleans Hornets_2005,brownpj01_2005,53.075418038862395,1999-2007
New Orleans Hornets_2005,dickada01_2005,45.5411901469428,1999-2007
New Orleans Hornets_2005,freijma01_2005,21.0,1999-2007
New Orleans Hornets_2005,harriju01_2005,23.45207879911715,1999-2007
New Orleans Hornets_2005,jacobca01_2005,32.09361307176243,1999-2007
New Orleans Hornets_2005,lampema01_2005,16.15549442140351,1999-2007
New Orleans Hornets_2005,lynchge01_2005,30.54504869860253,1999-2007
New Orleans Hornets_2005,magloja01_2005,26.514147167125703,1999-2007
New Orleans Hornets_2005,nachbbo01_2005,33.71943060017473,1999-2007
New Orleans Hornets_2005,nailole01_2005,44.91102314577124,1999-2007
New Orleans Hornets_2005,rogerro01_2005,29.698484809834994,1999-2007
New Orleans Hornets_2005,smithjr01_2005,43.116122274620196,1999-2007
New Orleans Hornets_2005,vromaja01_2005,25.45584412271571,1999-2007
New Orleans Hornets_2005,wesleda01_2005,30.56141357987225,1999-2007
New Orleans Hornets_2005,westda01_2005,23.49468024894146,1999-2007
New Orleans Hornets_2008,armsthi01_2008,27.055498516937366,2008-2015
New Orleans Hornets_2008,bowenry01_2008,25.69046515733026,2008-2015
New Orleans Hornets_2008,butlera01_2008,29.58039891549808,2008-2015
New Orleans Hornets_2008,chandty01_2008,52.754146756439916,2008-2015
New Orleans Hornets_2008,elyme01_2008,24.919871588754223,2008-2015
New Orleans Hornets_2008,jacksbo01_2008,29.8496231131986,2008-2015
New Orleans Hornets_2008,jamesmi01_2008,13.527749258468683,2008-2015
New Orleans Hornets_2008,pargoja01_2008,38.691084244306204,2008-2015
New Orleans Hornets_2008,paulch01_2008,54.8270006474912,2008-2015
New Orleans Hornets_2008,petermo01_2008,42.37924020083418,2008-2015
New Orleans Hornets_2008,stojape01_2008,52.06726418777925,2008-2015
New Orleans Hornets_2008,wellsbo01_2008,20.92844953645635,2008-2015
New Orleans Hornets_2008,westda01_2008,53.5723809439155,2008-2015
New Orleans Hornets_2008,wrighju01_2008,25.298221281347036,2008-2015
New Orleans Hornets_2009,armsthi01_2009,33.04542328371661,2008-2015
New Orleans Hornets_2009,bowenry01_2009,14.798648586948742,2008-2015
New Orleans Hornets_2009,brownde02_2009,29.478805945967352,2008-2015
New Orleans Hornets_2009,butlera01_2009,51.12729212465687,2008-2015
New Orleans Hornets_2009,chandty01_2009,38.01315561749642,2008-2015
New Orleans Hornets_2009,daniean01_2009,27.073972741361768,2008-2015
New Orleans Hornets_2009,elyme01_2009,19.313207915827967,2008-2015
New Orleans Hornets_2009,marksse01_2009,28.948229652260256,2008-2015
New Orleans Hornets_2009,paulch01_2009,54.7905101272109,2008-2015
New Orleans Hornets_2009,petermo01_2009,22.693611435820433,2008-2015
New Orleans Hornets_2009,poseyja01_2009,46.26013402488151,2008-2015
New Orleans Hornets_2009,stojape01_2009,45.70557952810576,2008-2015
New Orleans Hornets_2009,westda01_2009,54.607691765904185,2008-2015
New Orleans Hornets_2009,wrighju01_2009,27.784887978899608,2008-2015
New Orleans Hornets_2010,brownbo02_2010,18.110770276274835,2008-2015
New Orleans Hornets_2010,brownde02_2010,31.096623610932426,2008-2015
New Orleans Hornets_2010,collida01_2010,45.92385001282014,2008-2015
New Orleans Hornets_2010,grayaa01_2010,16.15549442140351,2008-2015
New Orleans Hornets_2010,okafoem01_2010,48.68264577855234,2008-2015
New Orleans Hornets_2010,paulch01_2010,41.376321731154405,2008-2015
New Orleans Hornets_2010,petermo01_2010,31.192947920964443,2008-2015
New Orleans Hornets_2010,poseyja01_2010,41.60528812542944,2008-2015
New Orleans Hornets_2010,songada01_2010,37.54996671103717,2008-2015
New Orleans Hornets_2010,stojape01_2010,44.12482294582042,2008-2015
New Orleans Hornets_2010,thornma01_2010,43.266615305567875,2008-2015
New Orleans Hornets_2010,westda01_2010,54.30469592954186,2008-2015
New Orleans Hornets_2010,wrighju01_2010,29.512709126747414,2008-2015
New Orleans Hornets_2011,anderda03_2011,14.933184523068078,2008-2015
New Orleans Hornets_2011,arizatr01_2011,50.99019513592785,2008-2015
New Orleans Hornets_2011,belinma01_2011,44.23799272118933,2008-2015
New Orleans Hornets_2011,grayaa01_2011,23.043437243605826,2008-2015
New Orleans Hornets_2011,greenwi01_2011,40.91454509095757,2008-2015
New Orleans Hornets_2011,jackja01_2011,37.080992435478315,2008-2015
New Orleans Hornets_2011,landrca01_2011,24.535688292770594,2008-2015
New Orleans Hornets_2011,mbengdj01_2011,18.16590212458495,2008-2015
New Orleans Hornets_2011,okafoem01_2011,47.82258880487337,2008-2015
New Orleans Hornets_2011,paulch01_2011,53.665631459994955,2008-2015
New Orleans Hornets_2011,pondequ01_2011,27.09243436828813,2008-2015
New Orleans Hornets_2011,smithja02_2011,33.19638534539566,2008-2015
New Orleans Hornets_2011,thornma01_2011,27.294688127912362,2008-2015
New Orleans Hornets_2011,westda01_2011,49.50757517794625,2008-2015
New Orleans Hornets_2012,aminual01_2012,38.43175770115127,2008-2015
New Orleans Hornets_2012,arizatr01_2012,36.742346141747674,2008-2015
New Orleans Hornets_2012,ayongu01_2012,32.984845004941285,2008-2015
New Orleans Hornets_2012,belinma01_2012,44.339598554790726,2008-2015
New Orleans Hornets_2012,henryxa01_2012,27.54995462791182,2008-2015
New Orleans Hornets_2012,jackja01_2012,39.11521443121589,2008-2015
New Orleans Hornets_2012,kamanch01_2012,37.04051835490427,2008-2015
New Orleans Hornets_2012,landrca01_2012,31.606961258558215,2008-2015
New Orleans Hornets_2012,okafoem01_2012,27.94637722496424,2008-2015
New Orleans Hornets_2012,smithja02_2012,30.773365106858236,2008-2015
New Orleans Hornets_2012,thomala01_2012,25.099800796022265,2008-2015
New Orleans Hornets_2012,vasqugr01_2012,41.30375285612676,2008-2015
New Orleans Hornets_2013,aminual01_2013,45.45327270945405,2008-2015
New Orleans Hornets_2013,anderry01_2013,50.02999100539596,2008-2015
New Orleans Hornets_2013,davisan02_2013,42.96510211788167,2008-2015
New Orleans Hornets_2013,gordoer01_2013,35.552777669262355,2008-2015
New Orleans Hornets_2013,henryxa01_2013,25.0,2008-2015
New Orleans Hornets_2013,lopezro01_2013,46.216880033165374,2008-2015
New Orleans Hornets_2013,masonro01_2013,34.91418050019218,2008-2015
New Orleans Hornets_2013,milleda01_2013,26.343879744638983,2008-2015
New Orleans Hornets_2013,riverau01_2013,37.656340767525464,2008-2015
New Orleans Hornets_2013,roberbr01_2013,36.38681079732051,2008-2015
New Orleans Hornets_2013,smithja02_2013,29.597297173897484,2008-2015
New Orleans Hornets_2013,thomala01_2013,25.41653005427767,2008-2015
New Orleans Hornets_2013,vasqugr01_2013,51.81698563212646,2008-2015
New Orleans/Oklahoma City Hornets_2006,anderch01_2006,23.874672772626646,1999-2007
New Orleans/Oklahoma City Hornets_2006,bassbr01_2006,16.3707055437449,1999-2007
New Orleans/Oklahoma City Hornets_2006,brownpj01_2006,48.78524367060187,1999-2007
New Orleans/Oklahoma City Hornets_2006,butlera01_2006,43.30127018922193,1999-2007
New Orleans/Oklahoma City Hornets_2006,claxtsp01_2006,44.93328387732194,1999-2007
New Orleans/Oklahoma City Hornets_2006,jacksma02_2006,24.372115213907882,1999-2007
New Orleans/Oklahoma City Hornets_2006,johnsli01_2006,22.11334438749598,1999-2007
New Orleans/Oklahoma City Hornets_2006,masonde01_2006,45.8475735453906,1999-2007
New Orleans/Oklahoma City Hornets_2006,nachbbo01_2006,20.12461179749811,1999-2007
New Orleans/Oklahoma City Hornets_2006,paulch01_2006,52.99056519796708,1999-2007
New Orleans/Oklahoma City Hornets_2006,smithjr01_2006,31.448370387032774,1999-2007
New Orleans/Oklahoma City Hornets_2006,snydeki01_2006,36.193922141707716,1999-2007
New Orleans/Oklahoma City Hornets_2006,vromaja01_2006,20.149441679609886,1999-2007
New Orleans/Oklahoma City Hornets_2006,westda01_2006,50.25932749251625,1999-2007
New Orleans/Oklahoma City Hornets_2006,williaa01_2006,26.30589287593181,1999-2007
New Orleans/Oklahoma City Hornets_2007,armsthi01_2007,25.179356624028344,1999-2007
New Orleans/Oklahoma City Hornets_2007,bassbr01_2007,12.727922061357855,1999-2007
New Orleans/Oklahoma City Hornets_2007,brownde02_2007,40.76763422127902,1999-2007
New Orleans/Oklahoma City Hornets_2007,butlera01_2007,47.148700936505136,1999-2007
New Orleans/Oklahoma City Hornets_2007,chandty01_2007,50.24937810560445,1999-2007
New Orleans/Oklahoma City Hornets_2007,jacksbo01_2007,36.46916505762094,1999-2007
New Orleans/Oklahoma City Hornets_2007,jacksma02_2007,32.01562118716424,1999-2007
New Orleans/Oklahoma City Hornets_2007,johnsli01_2007,26.832815729997478,1999-2007
New Orleans/Oklahoma City Hornets_2007,masonde01_2007,50.7444578254611,1999-2007
New Orleans/Oklahoma City Hornets_2007,pargoja01_2007,41.352146256270665,1999-2007
New Orleans/Oklahoma City Hornets_2007,paulch01_2007,48.507731342539614,1999-2007
New Orleans/Oklahoma City Hornets_2007,simmoce01_2007,23.108440016582687,1999-2007
New Orleans/Oklahoma City Hornets_2007,westda01_2007,43.58898943540674,1999-2007
New Orleans Pelicans_2014,ajincal01_2014,30.83828789021855,2008-2015
New Orleans Pelicans_2014,aminual01_2014,45.221676218380054,2008-2015
New Orleans Pelicans_2014,anderry01_2014,28.19574435974337,2008-2015
New Orleans Pelicans_2014,babbilu01_2014,21.748563170931547,2008-2015
New Orleans Pelicans_2014,davisan02_2014,48.55924216871593,2008-2015
New Orleans Pelicans_2014,evansty01_2014,45.033320996790806,2008-2015
New Orleans Pelicans_2014,gordoer01_2014,45.35416188179427,2008-2015
New Orleans Pelicans_2014,holidjr01_2014,33.80828300875393,2008-2015
New Orleans Pelicans_2014,milleda01_2014,26.888659319497503,2008-2015
New Orleans Pelicans_2014,morroan01_2014,37.76241517699841,2008-2015
New Orleans Pelicans_2014,riverau01_2014,36.59234892706397,2008-2015
New Orleans Pelicans_2014,roberbr01_2014,40.82891132518721,2008-2015
New Orleans Pelicans_2014,smithja02_2014,28.809720581775867,2008-2015
New Orleans Pelicans_2014,stiemgr01_2014,31.73326330524486,2008-2015
New Orleans Pelicans_2014,witheje01_2014,26.153393661244042,2008-2015
New Orleans Pelicans_2015,ajincal01_2015,30.93541659651604,2008-2015
New Orleans Pelicans_2015,anderry01_2015,40.92676385936225,2008-2015
New Orleans Pelicans_2015,asikom01_2015,44.51965857910413,2008-2015
New Orleans Pelicans_2015,babbilu01_2015,28.809720581775867,2008-2015
New Orleans Pelicans_2015,coleno01_2015,26.13426869074396,2008-2015
New Orleans Pelicans_2015,cunnida01_2015,40.64480286580315,2008-2015
New Orleans Pelicans_2015,davisan02_2015,49.54795656734998,2008-2015
New Orleans Pelicans_2015,evansty01_2015,51.86520991955976,2008-2015
New Orleans Pelicans_2015,fredeji01_2015,22.561028345356956,2008-2015
New Orleans Pelicans_2015,gordoer01_2015,44.9221548904324,2008-2015
New Orleans Pelicans_2015,holidjr01_2015,36.09709129556009,2008-2015
New Orleans Pelicans_2015,pondequ01_2015,35.397740040855716,2008-2015
New Orleans Pelicans_2015,riverau01_2015,27.784887978899608,2008-2015
New Orleans Pelicans_2015,salmojo01_2015,16.431676725154983,2008-2015
New Orleans Pelicans_2015,witheje01_2015,16.09347693943108,2008-2015
New Orleans Pelicans_2016,ajincal01_2016,29.34280150224242,2016-present
New Orleans Pelicans_2016,anderry01_2016,44.81071300481616,2016-present
New Orleans Pelicans_2016,asikom01_2016,34.322004603461025,2016-present
New Orleans Pelicans_2016,babbilu01_2016,29.068883707497267,2016-present
New Orleans Pelicans_2016,coleno01_2016,34.61213659975356,2016-present
New Orleans Pelicans_2016,cunnida01_2016,44.395945760846224,2016-present
New Orleans Pelicans_2016,davisan02_2016,46.51881339845203,2016-present
New Orleans Pelicans_2016,douglto01_2016,35.52463933666322,2016-present
New Orleans Pelicans_2016,evansty01_2016,27.65863337187866,2016-present
New Orleans Pelicans_2016,geeal01_2016,40.39801975344831,2016-present
New Orleans Pelicans_2016,gordoer01_2016,38.48376280978771,2016-present
New Orleans Pelicans_2016,holidjr01_2016,42.790185790669334,2016-present
New Orleans Pelicans_2016,perkike01_2016,23.280893453645632,2016-present
New Orleans Pelicans_2016,smithis01_2016,24.839484696748443,2016-present
New Orleans Pelicans_2017,ajincal01_2017,24.166091947189145,2016-present
New Orleans Pelicans_2017,asikom01_2017,21.95449840010015,2016-present
New Orleans Pelicans_2017,cunnida01_2017,40.607881008493905,2016-present
New Orleans Pelicans_2017,davisan02_2017,52.03844732503075,2016-present
New Orleans Pelicans_2017,evansty01_2017,21.77154105707724,2016-present
New Orleans Pelicans_2017,fraziti01_2017,39.05124837953327,2016-present
New Orleans Pelicans_2017,gallola01_2017,33.46640106136302,2016-present
New Orleans Pelicans_2017,hieldbu01_2017,34.07345007480164,2016-present
New Orleans Pelicans_2017,hillso01_2017,48.72371086031933,2016-present
New Orleans Pelicans_2017,holidjr01_2017,46.79743582719036,2016-present
New Orleans Pelicans_2017,joneste01_2017,35.552777669262355,2016-present
New Orleans Pelicans_2017,mooreet01_2017,42.661458015403085,2016-present
New Orleans Pelicans_2017,motiedo01_2017,21.88606862823929,2016-present
New Orleans Pelicans_2018,allento01_2018,16.522711641858304,2016-present
New Orleans Pelicans_2018,clarkia01_2018,38.144462245521304,2016-present
New Orleans Pelicans_2018,couside01_2018,41.677331968349414,2016-present
New Orleans Pelicans_2018,cunnida01_2018,33.391615714128,2016-present
New Orleans Pelicans_2018,davisan02_2018,52.22068555658763,2016-present
New Orleans Pelicans_2018,diallch01_2018,24.1039415863879,2016-present
New Orleans Pelicans_2018,holidjr01_2018,54.101755978895916,2016-present
New Orleans Pelicans_2018,liggide01_2018,15.620499351813308,2016-present
New Orleans Pelicans_2018,milleda01_2018,44.090815370097204,2016-present
New Orleans Pelicans_2018,mirotni01_2018,29.5296461204668,2016-present
New Orleans Pelicans_2018,mooreet01_2018,50.85272854036448,2016-present
New Orleans Pelicans_2018,nelsoja01_2018,29.949958263743873,2016-present
New Orleans Pelicans_2018,okafoem01_2018,18.788294228055936,2016-present
New Orleans Pelicans_2018,rondora01_2018,41.291645644125154,2016-present
New Orleans Pelicans_2019,clarkia01_2019,31.192947920964443,2016-present
New Orleans Pelicans_2019,davisan02_2019,43.01162633521314,2016-present
New Orleans Pelicans_2019,diallch01_2019,29.93325909419153,2016-present
New Orleans Pelicans_2019,fraziti01_2019,30.14962686336267,2016-present
New Orleans Pelicans_2019,hillso01_2019,29.631064780058107,2016-present
New Orleans Pelicans_2019,holidjr01_2019,49.01020301937138,2016-present
New Orleans Pelicans_2019,jacksfr01_2019,34.19064199455752,2016-present
New Orleans Pelicans_2019,johnswe01_2019,19.4164878389476,2016-present
New Orleans Pelicans_2019,milleda01_2019,41.916583830269374,2016-present
New Orleans Pelicans_2019,mirotni01_2019,30.4138126514911,2016-present
New Orleans Pelicans_2019,mooreet01_2019,38.24918299781056,2016-present
New Orleans Pelicans_2019,okafoja01_2019,30.577769702841312,2016-present
New Orleans Pelicans_2019,paytoel01_2019,35.35533905932738,2016-present
New Orleans Pelicans_2019,randlju01_2019,47.24404724407086,2016-present
New Orleans Pelicans_2019,willike04_2019,32.848135411313685,2016-present
New Orleans Pelicans_2020,alexani01_2020,24.310491562286437,2016-present
New Orleans Pelicans_2020,balllo01_2020,45.0,2016-present
New Orleans Pelicans_2020,favorde01_2020,35.25620512760839,2016-present
New Orleans Pelicans_2020,hartjo01_2020,41.892720131306824,2016-present
New Orleans Pelicans_2020,hayesja02_2020,32.863353450309965,2016-present
New Orleans Pelicans_2020,holidjr01_2020,46.010868281309364,2016-present
New Orleans Pelicans_2020,ingrabr01_2020,45.86937976471886,2016-present
New Orleans Pelicans_2020,jacksfr01_2020,28.231188426986208,2016-present
New Orleans Pelicans_2020,mellini01_2020,32.28002478313795,2016-present
New Orleans Pelicans_2020,mooreet01_2020,31.937438845342623,2016-present
New Orleans Pelicans_2020,okafoja01_2020,21.61018278497431,2016-present
New Orleans Pelicans_2020,redicjj01_2020,39.761790704142086,2016-present
New Orleans Pelicans_2020,willike04_2020,28.844410203711913,2016-present
New Orleans Pelicans_2020,willizi01_2020,25.84569596664017,2016-present
New Orleans Pelicans_2021,adamsst01_2021,40.06245124802026,2016-present
New Orleans Pelicans_2021,alexani01_2021,31.73326330524486,2016-present
New Orleans Pelicans_2021,balllo01_2021,41.79712908801273,2016-present
New Orleans Pelicans_2021,bledser01_2021,45.94562003064057,2016-present
New Orleans Pelicans_2021,gabriwe01_2021,15.524174696260024,2016-present
New Orleans Pelicans_2021,hartjo01_2021,36.72873534441391,2016-present
New Orleans Pelicans_2021,hayesja02_2021,31.04834939252005,2016-present
New Orleans Pelicans_2021,hernawi01_2021,29.086079144497972,2016-present
New Orleans Pelicans_2021,ingrabr01_2021,45.749316934791494,2016-present
New Orleans Pelicans_2021,johnsja01_2021,23.2163735324878,2016-present
New Orleans Pelicans_2021,lewiski01_2021,30.066592756745816,2016-present
New Orleans Pelicans_2021,marshna01_2021,26.457513110645905,2016-present
New Orleans Pelicans_2021,mellini01_2021,15.524174696260024,2016-present
New Orleans Pelicans_2021,redicjj01_2021,24.0,2016-present
New Orleans Pelicans_2021,willizi01_2021,45.0111097397076,2016-present
New Orleans Pelicans_2022,alexani01_2022,36.29049462324811,2016-present
New Orleans Pelicans_2022,alvarjo01_2022,28.879058156387302,2016-present
New Orleans Pelicans_2022,clarkga01_2022,19.44222209522358,2016-present
New Orleans Pelicans_2022,grahade01_2022,46.49731175025068,2016-present
New Orleans Pelicans_2022,hartjo01_2022,37.067505985701274,2016-present
New Orleans Pelicans_2022,hayesja02_2022,37.389838191679836,2016-present
New Orleans Pelicans_2022,hernawi01_2022,28.965496715920477,2016-present
New Orleans Pelicans_2022,ingrabr01_2022,43.23193264243457,2016-present
New Orleans Pelicans_2022,joneshe01_2022,48.321837713398274,2016-present
New Orleans Pelicans_2022,lewiski01_2022,18.466185312619388,2016-present
New Orleans Pelicans_2022,marshna01_2022,27.110883423451916,2016-present
New Orleans Pelicans_2022,mccolcj01_2022,29.631064780058107,2016-present
New Orleans Pelicans_2022,murphtr02_2022,29.393876913398138,2016-present
New Orleans Pelicans_2022,satorto01_2022,21.93171219946131,2016-present
New Orleans Pelicans_2022,templga01_2022,33.13608305156178,2016-present
New Orleans Pelicans_2022,valanjo01_2022,47.32863826479693,2016-present
New Orleans Pelicans_2023,alvarjo01_2023,36.193922141707716,2016-present
New Orleans Pelicans_2023,daniedy01_2023,32.28002478313795,2016-present
New Orleans Pelicans_2023,grahade01_2023,28.478061731796284,2016-present
New Orleans Pelicans_2023,hayesja02_2023,24.698178070456937,2016-present
New Orleans Pelicans_2023,hernawi01_2023,21.400934559032695,2016-present
New Orleans Pelicans_2023,ingrabr01_2023,39.21734310225516,2016-present
New Orleans Pelicans_2023,joneshe01_2023,44.170125650715555,2016-present
New Orleans Pelicans_2023,lewiski01_2023,15.329709716755891,2016-present
New Orleans Pelicans_2023,marshna01_2023,42.33202097703345,2016-present
New Orleans Pelicans_2023,mccolcj01_2023,51.468436929831086,2016-present
New Orleans Pelicans_2023,murphtr02_2023,49.47726750741192,2016-present
New Orleans Pelicans_2023,nancela02_2023,37.16180835212409,2016-present
New Orleans Pelicans_2023,richajo01_2023,23.08679276123039,2016-present
New Orleans Pelicans_2023,templga01_2023,12.727922061357855,2016-present
New Orleans Pelicans_2023,valanjo01_2023,44.36214602563767,2016-present
New Orleans Pelicans_2023,willizi01_2023,30.919249667480614,2016-present
New Orleans Pelicans_2024,alvarjo01_2024,32.0624390837628,2016-present
New Orleans Pelicans_2024,daniedy01_2024,36.851051545376556,2016-present
New Orleans Pelicans_2024,hawkijo01_2024,34.058772731852805,2016-present
New Orleans Pelicans_2024,ingrabr01_2024,45.858477951192405,2016-present
New Orleans Pelicans_2024,joneshe01_2024,48.176757881783615,2016-present
New Orleans Pelicans_2024,marshna01_2024,35.45419580247167,2016-present
New Orleans Pelicans_2024,mccolcj01_2024,46.46504062195577,2016-present
New Orleans Pelicans_2024,murphtr02_2024,41.10960958218893,2016-present
New Orleans Pelicans_2024,nancela02_2024,34.87119154832539,2016-present
New Orleans Pelicans_2024,robinje02_2024,18.275666882497067,2016-present
New Orleans Pelicans_2024,ryanma01_2024,19.748417658131498,2016-present
New Orleans Pelicans_2024,valanjo01_2024,43.87482193696061,2016-present
New Orleans Pelicans_2024,willizi01_2024,46.97871858618538,2016-present
New Orleans Pelicans_2024,zelleco01_2024,17.88854381999832,2016-present
New Orleans Pelicans_2025,alvarjo01_2025,36.959437225152655,2016-present
New Orleans Pelicans_2025,bostobr01_2025,31.51190251317746,2016-present
New Orleans Pelicans_2025,brownbr01_2025,23.853720883753127,2016-present
New Orleans Pelicans_2025,cainja01_2025,22.40535650240808,2016-present
New Orleans Pelicans_2025,greenja02_2025,33.04542328371661,2016-present
New Orleans Pelicans_2025,hawkijo01_2025,36.345563690772494,2016-present
New Orleans Pelicans_2025,matkoka01_2025,28.124722220850465,2016-present
New Orleans Pelicans_2025,mccolcj01_2025,42.80186911806539,2016-present
New Orleans Pelicans_2025,missiyv01_2025,44.22668877499196,2016-present
New Orleans Pelicans_2025,murphtr02_2025,43.05810028322197,2016-present
New Orleans Pelicans_2025,murrade01_2025,31.811947441173732,2016-present
New Orleans Pelicans_2025,reevean01_2025,25.69046515733026,2016-present
New Orleans Pelicans_2025,robinje02_2025,35.199431813596085,2016-present
New Orleans Pelicans_2025,theisda01_2025,24.919871588754223,2016-present
New Orleans Pelicans_2025,willizi01_2025,29.274562336608895,2016-present
New York Knicks_1999,cambyma01_1999,30.740852297878796,1999-2007
New York Knicks_1999,childch01_1999,36.013886210738214,1999-2007
New York Knicks_1999,dudlech02_1999,26.1725046566048,1999-2007
New York Knicks_1999,ewingpa01_1999,36.05551275463989,1999-2007
New York Knicks_1999,houstal01_1999,42.60281680828159,1999-2007
New York Knicks_1999,johnsla02_1999,40.48456495999432,1999-2007
New York Knicks_1999,sprewla01_1999,35.11409973215888,1999-2007
New York Knicks_1999,thomaku01_1999,34.38022687534217,1999-2007
New York Knicks_1999,wardch01_1999,39.44616584663204,1999-2007
New York Knicks_2000,brunsri01_2000,17.0,1999-2007
New York Knicks_2000,cambyma01_2000,39.344631145812,1999-2007
New York Knicks_2000,childch01_2000,40.92676385936225,1999-2007
New York Knicks_2000,dudlech02_2000,21.42428528562855,1999-2007
New York Knicks_2000,ewingpa01_2000,45.110974274559844,1999-2007
New York Knicks_2000,houstal01_2000,56.293871780150276,1999-2007
New York Knicks_2000,johnsla02_2000,47.75981574503821,1999-2007
New York Knicks_2000,sprewla01_2000,57.23635208501674,1999-2007
New York Knicks_2000,thomaku01_2000,44.395945760846224,1999-2007
New York Knicks_2000,wallajo01_2000,28.24889378365107,1999-2007
New York Knicks_2000,wardch01_2000,44.56455991031439,1999-2007
New York Knicks_2001,cambyma01_2001,46.119410230400824,1999-2007
New York Knicks_2001,childch01_2001,36.180105030251084,1999-2007
New York Knicks_2001,harriot01_2001,23.40939982143925,1999-2007
New York Knicks_2001,houstal01_2001,53.46026561849464,1999-2007
New York Knicks_2001,jacksma01_2001,28.035691537752374,1999-2007
New York Knicks_2001,johnsla02_2001,45.880278987817846,1999-2007
New York Knicks_2001,knightr01_2001,16.0,1999-2007
New York Knicks_2001,longllu01_2001,17.349351572897472,1999-2007
New York Knicks_2001,postela01_2001,13.0,1999-2007
New York Knicks_2001,ricegl01_2001,47.031904065219386,1999-2007
New York Knicks_2001,sprewla01_2001,54.92722457943783,1999-2007
New York Knicks_2001,stricer01_2001,20.518284528683193,1999-2007
New York Knicks_2001,thomaku01_2001,46.09772228646444,1999-2007
New York Knicks_2001,wardch01_2001,38.62641583165593,1999-2007
New York Knicks_2002,andersh01_2002,39.949968710876355,1999-2007
New York Knicks_2002,cambyma01_2002,31.73326330524486,1999-2007
New York Knicks_2002,eisleho01_2002,24.677925358506133,1999-2007
New York Knicks_2002,harriot01_2002,39.534794801541594,1999-2007
New York Knicks_2002,houstal01_2002,53.98147830506312,1999-2007
New York Knicks_2002,jacksma01_2002,48.65182422068057,1999-2007
New York Knicks_2002,knightr01_2002,20.71231517720798,1999-2007
New York Knicks_2002,postela01_2002,13.379088160259652,1999-2007
New York Knicks_2002,spencfe01_2002,15.748015748023622,1999-2007
New York Knicks_2002,sprewla01_2002,57.67148342118486,1999-2007
New York Knicks_2002,thomaku01_2002,52.640288753007425,1999-2007
New York Knicks_2002,wardch01_2002,32.526911934581186,1999-2007
New York Knicks_2002,weathcl01_2002,41.569219381653056,1999-2007
New York Knicks_2003,andersh01_2003,41.60528812542944,1999-2007
New York Knicks_2003,doleami01_2003,32.264531609803356,1999-2007
New York Knicks_2003,eisleho01_2003,47.36032094485847,1999-2007
New York Knicks_2003,harriot01_2003,43.01162633521314,1999-2007
New York Knicks_2003,houstal01_2003,55.749439459065414,1999-2007
New York Knicks_2003,knightr01_2003,16.941074346097416,1999-2007
New York Knicks_2003,nailole01_2003,20.12461179749811,1999-2007
New York Knicks_2003,sprewla01_2003,53.4696175411794,1999-2007
New York Knicks_2003,thomaku01_2003,50.76416058598822,1999-2007
New York Knicks_2003,wardch01_2003,38.27531841800928,1999-2007
New York Knicks_2003,weathcl01_2003,44.98888751680797,1999-2007
New York Knicks_2003,willifr02_2003,12.922847983320086,1999-2007
New York Knicks_2004,andersh01_2004,44.429719783046124,1999-2007
New York Knicks_2004,doleami01_2004,26.1725046566048,1999-2007
New York Knicks_2004,eisleho01_2004,27.018512172212592,1999-2007
New York Knicks_2004,hardaan01_2004,34.91418050019218,1999-2007
New York Knicks_2004,harriot01_2004,29.5296461204668,1999-2007
New York Knicks_2004,houstal01_2004,42.41462012089699,1999-2007
New York Knicks_2004,johnsde03_2004,16.941074346097416,1999-2007
New York Knicks_2004,marbust01_2004,42.883563284783136,1999-2007
New York Knicks_2004,mohamna01_2004,25.942243542145693,1999-2007
New York Knicks_2004,mutomdi01_2004,38.65229618017538,1999-2007
New York Knicks_2004,norrimo01_2004,21.118712081942874,1999-2007
New York Knicks_2004,sweetmi01_2004,22.22611077089287,1999-2007
New York Knicks_2004,thomaku01_2004,50.47771785649585,1999-2007
New York Knicks_2004,thomati01_2004,27.313000567495326,1999-2007
New York Knicks_2004,vanhoke01_2004,39.67366884975475,1999-2007
New York Knicks_2004,wardch01_2004,28.75760768909681,1999-2007
New York Knicks_2004,willifr02_2004,26.720778431774775,1999-2007
New York Knicks_2005,arizatr01_2005,37.17526059088221,1999-2007
New York Knicks_2005,bakervi01_2005,13.820274961085254,1999-2007
New York Knicks_2005,crawfja01_2005,51.84592558726288,1999-2007
New York Knicks_2005,hardaan01_2005,29.899832775452108,1999-2007
New York Knicks_2005,jacksje01_2005,15.165750888103101,1999-2007
New York Knicks_2005,marbust01_2005,57.28001396647874,1999-2007
New York Knicks_2005,mohamna01_2005,38.97435053981015,1999-2007
New York Knicks_2005,norrimo01_2005,17.916472867168917,1999-2007
New York Knicks_2005,rosema01_2005,24.758836806279895,1999-2007
New York Knicks_2005,sundobr01_2005,8.54400374531753,1999-2007
New York Knicks_2005,sweetmi01_2005,38.84584919911006,1999-2007
New York Knicks_2005,tayloma01_2005,20.760539492026695,1999-2007
New York Knicks_2005,thomaku01_2005,53.43220002957018,1999-2007
New York Knicks_2005,thomati01_2005,44.04543109109048,1999-2007
New York Knicks_2005,willije01_2005,34.79942528261063,1999-2007
New York Knicks_2006,arizatr01_2006,26.627053911388696,1999-2007
New York Knicks_2006,butleja01_2006,27.202941017470888,1999-2007
New York Knicks_2006,crawfja01_2006,50.547007824400445,1999-2007
New York Knicks_2006,curryed01_2006,43.18564576337837,1999-2007
New York Knicks_2006,davisan01_2006,27.367864366808018,1999-2007
New York Knicks_2006,francst01_2006,25.67099530598687,1999-2007
New York Knicks_2006,fryech01_2006,39.64845520319802,1999-2007
New York Knicks_2006,jamesje01_2006,20.149441679609886,1999-2007
New York Knicks_2006,leeda02_2006,33.60059523282288,1999-2007
New York Knicks_2006,marbust01_2006,46.82947789587238,1999-2007
New York Knicks_2006,richaqu01_2006,37.97367509209505,1999-2007
New York Knicks_2006,robinna01_2006,39.293765408777,1999-2007
New York Knicks_2006,roseja01_2006,27.331300737432898,1999-2007
New York Knicks_2006,rosema01_2006,33.45145736735546,1999-2007
New York Knicks_2006,tayloma01_2006,34.785054261852174,1999-2007
New York Knicks_2006,woodsqy01_2006,31.827660925679098,1999-2007
New York Knicks_2007,balkmre01_2007,32.61901286060018,1999-2007
New York Knicks_2007,collima01_2007,27.874719729532707,1999-2007
New York Knicks_2007,crawfja01_2007,46.88283267892417,1999-2007
New York Knicks_2007,curryed01_2007,53.376024580330075,1999-2007
New York Knicks_2007,francst01_2007,35.17101079013795,1999-2007
New York Knicks_2007,fryech01_2007,43.54308211415448,1999-2007
New York Knicks_2007,jamesje01_2007,16.522711641858304,1999-2007
New York Knicks_2007,jeffrja01_2007,36.15245496505044,1999-2007
New York Knicks_2007,leeda02_2007,41.60528812542944,1999-2007
New York Knicks_2007,marbust01_2007,52.421369688324624,1999-2007
New York Knicks_2007,richaqu01_2007,40.26164427839479,1999-2007
New York Knicks_2007,robinna01_2007,36.823905279043935,1999-2007
New York Knicks_2007,rosema01_2007,28.460498941515414,1999-2007
New York Knicks_2008,balkmre01_2008,30.854497241083024,2008-2015
New York Knicks_2008,chandwi01_2008,26.1725046566048,2008-2015
New York Knicks_2008,collima01_2008,25.179356624028344,2008-2015
New York Knicks_2008,crawfja01_2008,56.480084985771754,2008-2015
New York Knicks_2008,curryed01_2008,39.11521443121589,2008-2015
New York Knicks_2008,jeffrja01_2008,36.40054944640259,2008-2015
New York Knicks_2008,jonesfr01_2008,41.916583830269374,2008-2015
New York Knicks_2008,leeda02_2008,48.53864439804639,2008-2015
New York Knicks_2008,marbust01_2008,28.372521918222215,2008-2015
New York Knicks_2008,randoza01_2008,47.37087712930804,2008-2015
New York Knicks_2008,richaqu01_2008,42.906875905849866,2008-2015
New York Knicks_2008,robinna01_2008,43.393547907494266,2008-2015
New York Knicks_2008,rosema01_2008,22.22611077089287,2008-2015
New York Knicks_2009,chandwi01_2009,52.29722745997153,2008-2015
New York Knicks_2009,duhonch01_2009,53.907327887774215,2008-2015
New York Knicks_2009,gallida01_2009,20.29778313018444,2008-2015
New York Knicks_2009,harrial01_2009,48.78524367060187,2008-2015
New York Knicks_2009,hughela01_2009,26.210684844162312,2008-2015
New York Knicks_2009,jeffrja01_2009,36.193922141707716,2008-2015
New York Knicks_2009,leeda02_2009,53.14132102234569,2008-2015
New York Knicks_2009,richaqu01_2009,43.520110293977886,2008-2015
New York Knicks_2009,roberan02_2009,15.905973720586866,2008-2015
New York Knicks_2009,robinna01_2009,47.0,2008-2015
New York Knicks_2009,thomati01_2009,27.80287754891569,2008-2015
New York Knicks_2009,wilcoch01_2009,18.16590212458495,2008-2015
New York Knicks_2010,bendejo01_2010,17.08800749063506,2008-2015
New York Knicks_2010,chandwi01_2010,48.16637831516918,2008-2015
New York Knicks_2010,douglto01_2010,32.96968304366907,2008-2015
New York Knicks_2010,duhonch01_2010,45.51922670696417,2008-2015
New York Knicks_2010,gallida01_2010,52.41183072551463,2008-2015
New York Knicks_2010,harrial01_2010,46.850827100489916,2008-2015
New York Knicks_2010,hilljo01_2010,15.874507866387544,2008-2015
New York Knicks_2010,hughela01_2010,28.635642126552707,2008-2015
New York Knicks_2010,jeffrja01_2010,38.23610858861032,2008-2015
New York Knicks_2010,leeda02_2010,54.945427471264615,2008-2015
New York Knicks_2010,mcgratr01_2010,25.03996805109783,2008-2015
New York Knicks_2010,robinna01_2010,27.073972741361768,2008-2015
New York Knicks_2010,rodrise01_2010,23.043437243605826,2008-2015
New York Knicks_2010,walkebi01_2010,27.184554438136374,2008-2015
New York Knicks_2011,anthoca01_2011,31.25699921617557,2008-2015
New York Knicks_2011,billuch01_2011,25.768197453450252,2008-2015
New York Knicks_2011,chandwi01_2011,41.94043395102154,2008-2015
New York Knicks_2011,douglto01_2011,44.395945760846224,2008-2015
New York Knicks_2011,feltora01_2011,45.5411901469428,2008-2015
New York Knicks_2011,fieldla01_2011,50.40833264451424,2008-2015
New York Knicks_2011,gallida01_2011,40.87786687193939,2008-2015
New York Knicks_2011,jeffrja01_2011,21.517434791350013,2008-2015
New York Knicks_2011,masonro01_2011,17.86057109949175,2008-2015
New York Knicks_2011,mozgoti01_2011,21.400934559032695,2008-2015
New York Knicks_2011,stoudam01_2011,53.5723809439155,2008-2015
New York Knicks_2011,turiaro01_2011,33.77869150810907,2008-2015
New York Knicks_2011,walkebi01_2011,28.0,2008-2015
New York Knicks_2011,willish03_2011,36.373066958946424,2008-2015
New York Knicks_2012,anthoca01_2012,43.31281565541543,2008-2015
New York Knicks_2012,bibbymi01_2012,23.600847442411894,2008-2015
New York Knicks_2012,chandty01_2012,45.39823785126467,2008-2015
New York Knicks_2012,davisba01_2012,24.392621835300936,2008-2015
New York Knicks_2012,douglto01_2012,25.612496949731394,2008-2015
New York Knicks_2012,fieldla01_2012,43.520110293977886,2008-2015
New York Knicks_2012,harrejo01_2012,23.2379000772445,2008-2015
New York Knicks_2012,jeffrja01_2012,27.0,2008-2015
New York Knicks_2012,jordaje01_2012,10.392304845413264,2008-2015
New York Knicks_2012,linje01_2012,30.659419433511783,2008-2015
New York Knicks_2012,novakst01_2012,31.937438845342623,2008-2015
New York Knicks_2012,shumpim01_2012,41.291645644125154,2008-2015
New York Knicks_2012,smithjr01_2012,31.096623610932426,2008-2015
New York Knicks_2012,stoudam01_2012,39.28103868280471,2008-2015
New York Knicks_2012,walkebi01_2012,24.899799195977465,2008-2015
New York Knicks_2013,anthoca01_2013,49.8196748283246,2008-2015
New York Knicks_2013,brewero02_2013,26.664583251946766,2008-2015
New York Knicks_2013,cambyma01_2013,15.811388300841896,2008-2015
New York Knicks_2013,chandty01_2013,46.51881339845203,2008-2015
New York Knicks_2013,copelch01_2013,29.359836511806396,2008-2015
New York Knicks_2013,feltora01_2013,48.093658625644196,2008-2015
New York Knicks_2013,kiddja01_2013,45.19955751995809,2008-2015
New York Knicks_2013,novakst01_2013,40.50925820105819,2008-2015
New York Knicks_2013,prigipa01_2013,35.53871128783372,2008-2015
New York Knicks_2013,shumpim01_2013,31.559467676119,2008-2015
New York Knicks_2013,smithjr01_2013,51.749396131742444,2008-2015
New York Knicks_2013,stoudam01_2013,26.115129714401192,2008-2015
New York Knicks_2013,thomaku01_2013,19.79898987322333,2008-2015
New York Knicks_2013,wallara01_2013,17.204650534085253,2008-2015
New York Knicks_2013,whiteja02_2013,20.85665361461421,2008-2015
New York Knicks_2014,aldrico01_2014,18.16590212458495,2008-2015
New York Knicks_2014,anthoca01_2014,54.607691765904185,2008-2015
New York Knicks_2014,artesro01_2014,19.697715603592208,2008-2015
New York Knicks_2014,bargnan01_2014,35.45419580247167,2008-2015
New York Knicks_2014,chandty01_2014,40.76763422127902,2008-2015
New York Knicks_2014,feltora01_2014,44.91102314577124,2008-2015
New York Knicks_2014,hardati02_2014,43.30127018922193,2008-2015
New York Knicks_2014,martike01_2014,25.15949125081825,2008-2015
New York Knicks_2014,murryto01_2014,19.313207915827967,2008-2015
New York Knicks_2014,prigipa01_2014,35.81898937714463,2008-2015
New York Knicks_2014,shumpim01_2014,44.294469180700204,2008-2015
New York Knicks_2014,smithjr01_2014,49.20365840057018,2008-2015
New York Knicks_2014,stoudam01_2014,38.28837943815329,2008-2015
New York Knicks_2014,tylerje01_2014,19.949937343260004,2008-2015
New York Knicks_2014,udrihbe01_2014,24.24871130596428,2008-2015
New York Knicks_2015,acyqu01_2015,35.874782229304195,2008-2015
New York Knicks_2015,aldrico01_2015,31.240998703626616,2008-2015
New York Knicks_2015,amundlo01_2015,29.29163703175362,2008-2015
New York Knicks_2015,anthoca01_2015,37.78888725538237,2008-2015
New York Knicks_2015,bargnan01_2015,28.0178514522438,2008-2015
New York Knicks_2015,caldejo01_2015,35.63705936241092,2008-2015
New York Knicks_2015,dalemsa01_2015,23.323807579381203,2008-2015
New York Knicks_2015,earlycl01_2015,25.436194683953808,2008-2015
New York Knicks_2015,gallola01_2015,38.17066936798463,2008-2015
New York Knicks_2015,hardati02_2015,41.0,2008-2015
New York Knicks_2015,larkish01_2015,43.18564576337837,2008-2015
New York Knicks_2015,prigipa01_2015,28.19574435974337,2008-2015
New York Knicks_2015,shumpim01_2015,25.0,2008-2015
New York Knicks_2015,smithja02_2015,42.24926034855522,2008-2015
New York Knicks_2015,smithjr01_2015,24.879710609249457,2008-2015
New York Knicks_2015,stoudam01_2015,29.410882339705484,2008-2015
New York Knicks_2015,thomala01_2015,32.2490309931942,2008-2015
New York Knicks_2015,weartr01_2015,25.92296279363144,2008-2015
New York Knicks_2016,afflaar01_2016,48.692915295759406,2016-present
New York Knicks_2016,amundlo01_2016,14.2828568570857,2016-present
New York Knicks_2016,anthoca01_2016,50.299105359837164,2016-present
New York Knicks_2016,caldejo01_2016,44.98888751680797,2016-present
New York Knicks_2016,gallola01_2016,45.088801270381985,2016-present
New York Knicks_2016,grantje02_2016,35.566838487557476,2016-present
New York Knicks_2016,lopezro01_2016,47.10626285325551,2016-present
New York Knicks_2016,oquinky01_2016,27.640549922170507,2016-present
New York Knicks_2016,porzikr01_2016,45.24378410345447,2016-present
New York Knicks_2016,serapke01_2016,22.93468988235943,2016-present
New York Knicks_2016,thomala01_2016,36.235341863986875,2016-present
New York Knicks_2016,vujacsa01_2016,30.133038346638727,2016-present
New York Knicks_2016,willide02_2016,37.881393849751625,2016-present
New York Knicks_2017,anthoca01_2017,50.37856687124,2016-present
New York Knicks_2017,bakerro01_2017,29.274562336608895,2016-present
New York Knicks_2017,hernawi01_2017,36.38681079732051,2016-present
New York Knicks_2017,holidju01_2017,40.48456495999432,2016-present
New York Knicks_2017,jennibr01_2017,37.78888725538237,2016-present
New York Knicks_2017,kuzmimi01_2017,31.874754901018456,2016-present
New York Knicks_2017,leeco01_2017,49.58830507286975,2016-present
New York Knicks_2017,ndourma01_2017,18.193405398660254,2016-present
New York Knicks_2017,noahjo01_2017,31.85906464414798,2016-present
New York Knicks_2017,oquinky01_2017,35.05709628591621,2016-present
New York Knicks_2017,plumlma02_2017,13.038404810405298,2016-present
New York Knicks_2017,porzikr01_2017,46.51881339845203,2016-present
New York Knicks_2017,rosede01_2017,45.628938186199335,2016-present
New York Knicks_2017,thomala01_2017,31.11269837220809,2016-present
New York Knicks_2017,vujacsa01_2017,20.199009876724155,2016-present
New York Knicks_2018,bakerro01_2018,19.621416870348583,2016-present
New York Knicks_2018,beaslmi01_2018,40.65710270051225,2016-present
New York Knicks_2018,burketr01_2018,28.0178514522438,2016-present
New York Knicks_2018,dotsoda01_2018,21.77154105707724,2016-present
New York Knicks_2018,hardati02_2018,43.41658669218482,2016-present
New York Knicks_2018,hernawi01_2018,15.264337522473747,2016-present
New York Knicks_2018,jackja01_2018,39.344631145812,2016-present
New York Knicks_2018,kanteen01_2018,42.77849927241488,2016-present
New York Knicks_2018,leeco01_2018,48.062459362791664,2016-present
New York Knicks_2018,mcderdo01_2018,34.23448553724738,2016-present
New York Knicks_2018,mudiaem01_2018,22.20360331117452,2016-present
New York Knicks_2018,ntilila01_2018,41.30375285612676,2016-present
New York Knicks_2018,oquinky01_2018,37.242448899072144,2016-present
New York Knicks_2018,porzikr01_2018,39.408120990476064,2016-present
New York Knicks_2018,thomala01_2018,36.78314831549904,2016-present
New York Knicks_2019,burketr01_2019,26.248809496813376,2016-present
New York Knicks_2019,dotsoda01_2019,44.76605857119878,2016-present
New York Knicks_2019,hardati02_2019,38.71692136521188,2016-present
New York Knicks_2019,hezonma01_2019,34.72751070837067,2016-present
New York Knicks_2019,jenkijo01_2019,17.86057109949175,2016-present
New York Knicks_2019,kanteen01_2019,33.58571124749333,2016-present
New York Knicks_2019,knoxke01_2019,46.45427859734774,2016-present
New York Knicks_2019,kornelu01_2019,28.0,2016-present
New York Knicks_2019,mudiaem01_2019,40.08740450565489,2016-present
New York Knicks_2019,ntilila01_2019,30.066592756745816,2016-present
New York Knicks_2019,robinmi01_2019,36.87817782917155,2016-present
New York Knicks_2019,smithde03_2019,24.49489742783178,2016-present
New York Knicks_2019,thomala01_2019,27.982137159266443,2016-present
New York Knicks_2019,trieral01_2019,38.19685850956856,2016-present
New York Knicks_2019,vonleno01_2019,41.49698784249286,2016-present
New York Knicks_2020,barrerj01_2020,41.27953488110059,2016-present
New York Knicks_2020,bullore01_2020,26.153393661244042,2016-present
New York Knicks_2020,dotsoda01_2020,28.91366458960192,2016-present
New York Knicks_2020,ellinwa01_2020,23.62202362203543,2016-present
New York Knicks_2020,gibsota01_2020,32.01562118716424,2016-present
New York Knicks_2020,knoxke01_2020,34.14674215792775,2016-present
New York Knicks_2020,morrima03_2020,37.242448899072144,2016-present
New York Knicks_2020,ntilila01_2020,34.45286635390443,2016-present
New York Knicks_2020,paytoel01_2020,35.298725189445584,2016-present
New York Knicks_2020,portibo01_2020,37.322915213043046,2016-present
New York Knicks_2020,randlju01_2020,45.60701700396552,2016-present
New York Knicks_2020,robinmi01_2020,37.57658845611187,2016-present
New York Knicks_2020,smithde03_2020,23.173260452512935,2016-present
New York Knicks_2020,trieral01_2020,17.05872210923198,2016-present
New York Knicks_2021,barrerj01_2021,50.1098792654702,2016-present
New York Knicks_2021,bullore01_2021,44.14748010928823,2016-present
New York Knicks_2021,burksal01_2021,35.4259791678367,2016-present
New York Knicks_2021,gibsota01_2021,30.59411708155671,2016-present
New York Knicks_2021,knoxke01_2021,21.540659228538015,2016-present
New York Knicks_2021,noelne01_2021,39.331920878594275,2016-present
New York Knicks_2021,ntilila01_2021,17.944358444926362,2016-present
New York Knicks_2021,paytoel01_2021,38.52272056851645,2016-present
New York Knicks_2021,quickim01_2021,35.25620512760839,2016-present
New York Knicks_2021,randlju01_2021,51.64300533470143,2016-present
New York Knicks_2021,riverau01_2021,21.02379604162864,2016-present
New York Knicks_2021,robinmi01_2021,29.206163733020468,2016-present
New York Knicks_2021,rosede01_2021,30.610455730027933,2016-present
New York Knicks_2021,toppiob01_2021,26.13426869074396,2016-present
New York Knicks_2022,barrerj01_2022,49.16299421312742,2016-present
New York Knicks_2022,burksal01_2022,48.14561246884289,2016-present
New York Knicks_2022,fournev01_2022,48.55924216871593,2016-present
New York Knicks_2022,gibsota01_2022,30.757112998459398,2016-present
New York Knicks_2022,grimequ01_2022,28.035691537752374,2016-present
New York Knicks_2022,mcbrimi01_2022,19.28730152198591,2016-present
New York Knicks_2022,noelne01_2022,23.706539182259394,2016-present
New York Knicks_2022,quickim01_2022,42.44997055358225,2016-present
New York Knicks_2022,randlju01_2022,50.438080851673966,2016-present
New York Knicks_2022,robinmi01_2022,42.988370520409354,2016-present
New York Knicks_2022,rosede01_2022,25.219040425836983,2016-present
New York Knicks_2022,simsje01_2022,23.558437978779494,2016-present
New York Knicks_2022,toppiob01_2022,35.07135583350036,2016-present
New York Knicks_2022,walkeke02_2022,30.789608636681304,2016-present
New York Knicks_2023,barrerj01_2023,49.749371855331,2016-present
New York Knicks_2023,brunsja01_2023,48.774993593028796,2016-present
New York Knicks_2023,fournev01_2023,21.42428528562855,2016-present
New York Knicks_2023,grimequ01_2023,46.05431575867782,2016-present
New York Knicks_2023,harteis01_2023,40.32369030731191,2016-present
New York Knicks_2023,hartjo01_2023,27.386127875258307,2016-present
New York Knicks_2023,mcbrimi01_2023,27.568097504180443,2016-present
New York Knicks_2023,quickim01_2023,48.41487374764082,2016-present
New York Knicks_2023,randlju01_2023,52.316345438113316,2016-present
New York Knicks_2023,robinmi01_2023,39.88734135035826,2016-present
New York Knicks_2023,rosede01_2023,18.384776310850235,2016-present
New York Knicks_2023,simsje01_2023,28.495613697550013,2016-present
New York Knicks_2023,toppiob01_2023,32.4037034920393,2016-present
New York Knicks_2024,achiupr01_2024,34.45286635390443,2016-present
New York Knicks_2024,anunoog01_2024,28.319604517012593,2016-present
New York Knicks_2024,barrerj01_2024,27.676705006196094,2016-present
New York Knicks_2024,bogdabo02_2024,23.600847442411894,2016-present
New York Knicks_2024,brunsja01_2024,52.21110992882645,2016-present
New York Knicks_2024,burksal01_2024,17.635192088548397,2016-present
New York Knicks_2024,divindo01_2024,48.579831205964474,2016-present
New York Knicks_2024,grimequ01_2024,30.166206257996713,2016-present
New York Knicks_2024,harteis01_2024,43.54308211415448,2016-present
New York Knicks_2024,hartjo01_2024,52.028838157314254,2016-present
New York Knicks_2024,mcbrimi01_2024,36.4417343165772,2016-present
New York Knicks_2024,quickim01_2024,26.832815729997478,2016-present
New York Knicks_2024,randlju01_2024,40.3732584763727,2016-present
New York Knicks_2024,robinmi01_2024,27.712812921102035,2016-present
New York Knicks_2024,simsje01_2024,24.186773244895647,2016-present
New York Knicks_2025,achiupr01_2025,34.20526275297414,2016-present
New York Knicks_2025,anunoog01_2025,52.01922721455981,2016-present
New York Knicks_2025,bridgmi01_2025,55.09990925582364,2016-present
New York Knicks_2025,brunsja01_2025,47.968739820845826,2016-present
New York Knicks_2025,hartjo01_2025,53.823786563191554,2016-present
New York Knicks_2025,hukpoar01_2025,14.730919862656235,2016-present
New York Knicks_2025,kolekty01_2025,17.204650534085253,2016-present
New York Knicks_2025,mcbrimi01_2025,39.91240408695021,2016-present
New York Knicks_2025,payneca01_2025,33.015148038438355,2016-present
New York Knicks_2025,shamela01_2025,27.60434748368452,2016-present
New York Knicks_2025,simsje01_2025,20.54263858417414,2016-present
New York Knicks_2025,townska01_2025,50.16971197844373,2016-present
Oklahoma City Thunder_2009,collini01_2009,42.790185790669334,2008-2015
Oklahoma City Thunder_2009,duranke01_2009,53.71219600798314,2008-2015
Oklahoma City Thunder_2009,greenje02_2009,53.600373133029585,2008-2015
Oklahoma City Thunder_2009,krstine01_2009,33.77869150810907,2008-2015
Oklahoma City Thunder_2009,masonde01_2009,32.61901286060018,2008-2015
Oklahoma City Thunder_2009,petrojo01_2009,18.49324200890693,2008-2015
Oklahoma City Thunder_2009,sefolth01_2009,26.795522013948524,2008-2015
Oklahoma City Thunder_2009,smithjo02_2009,26.28687885618983,2008-2015
Oklahoma City Thunder_2009,swiftro01_2009,18.520259177452136,2008-2015
Oklahoma City Thunder_2009,watsoea01_2009,42.14261501141095,2008-2015
Oklahoma City Thunder_2009,weaveky01_2009,34.14674215792775,2008-2015
Oklahoma City Thunder_2009,westbru01_2009,51.65268628057983,2008-2015
Oklahoma City Thunder_2009,wilcoch01_2009,26.814175355583846,2008-2015
Oklahoma City Thunder_2009,wilkida02_2009,25.219040425836983,2008-2015
Oklahoma City Thunder_2010,collini01_2010,39.45883931389772,2008-2015
Oklahoma City Thunder_2010,duranke01_2010,56.91221310052878,2008-2015
Oklahoma City Thunder_2010,greenje02_2010,55.163393659201205,2008-2015
Oklahoma City Thunder_2010,hardeja01_2010,41.689327171351664,2008-2015
Oklahoma City Thunder_2010,ibakase01_2010,36.373066958946424,2008-2015
Oklahoma City Thunder_2010,krstine01_2010,41.72529209005013,2008-2015
Oklahoma City Thunder_2010,maynoer01_2010,30.099833886584822,2008-2015
Oklahoma City Thunder_2010,ollieke01_2010,16.217274740226856,2008-2015
Oklahoma City Thunder_2010,sefolth01_2010,48.45616575834287,2008-2015
Oklahoma City Thunder_2010,thomaet01_2010,17.916472867168917,2008-2015
Oklahoma City Thunder_2010,westbru01_2010,53.03772242470448,2008-2015
Oklahoma City Thunder_2011,collini01_2011,39.03844259188627,2008-2015
Oklahoma City Thunder_2011,cookda02_2011,24.454038521274967,2008-2015
Oklahoma City Thunder_2011,duranke01_2011,55.11805511808268,2008-2015
Oklahoma City Thunder_2011,greenje02_2011,42.60281680828159,2008-2015
Oklahoma City Thunder_2011,hardeja01_2011,46.78675026115834,2008-2015
Oklahoma City Thunder_2011,ibakase01_2011,47.07440918375928,2008-2015
Oklahoma City Thunder_2011,iveyro01_2011,12.449899597988733,2008-2015
Oklahoma City Thunder_2011,krstine01_2011,31.906112267087632,2008-2015
Oklahoma City Thunder_2011,maynoer01_2011,34.64101615137755,2008-2015
Oklahoma City Thunder_2011,mohamna01_2011,20.71231517720798,2008-2015
Oklahoma City Thunder_2011,sefolth01_2011,45.2658811910251,2008-2015
Oklahoma City Thunder_2011,westbru01_2011,53.3572862878164,2008-2015
Oklahoma City Thunder_2011,whitedj01_2011,14.798648586948742,2008-2015
Oklahoma City Thunder_2012,aldrico01_2012,13.152946437965905,2008-2015
Oklahoma City Thunder_2012,collini01_2012,36.15245496505044,2008-2015
Oklahoma City Thunder_2012,cookda02_2012,31.448370387032774,2008-2015
Oklahoma City Thunder_2012,duranke01_2012,50.457903246171455,2008-2015
Oklahoma City Thunder_2012,hardeja01_2012,44.11349000022555,2008-2015
Oklahoma City Thunder_2012,haywala01_2012,11.874342087037917,2008-2015
Oklahoma City Thunder_2012,ibakase01_2012,42.33202097703345,2008-2015
Oklahoma City Thunder_2012,iveyro01_2012,18.81488772222678,2008-2015
Oklahoma City Thunder_2012,jacksre01_2012,22.38302928559939,2008-2015
Oklahoma City Thunder_2012,mohamna01_2012,26.30589287593181,2008-2015
Oklahoma City Thunder_2012,perkike01_2012,41.7612260356422,2008-2015
Oklahoma City Thunder_2012,sefolth01_2012,30.23243291566195,2008-2015
Oklahoma City Thunder_2012,westbru01_2012,48.28043081829324,2008-2015
Oklahoma City Thunder_2013,collini01_2013,39.786932528155525,2008-2015
Oklahoma City Thunder_2013,duranke01_2013,55.848008021772806,2008-2015
Oklahoma City Thunder_2013,fishede01_2013,18.601075237738275,2008-2015
Oklahoma City Thunder_2013,ibakase01_2013,49.85980344927164,2008-2015
Oklahoma City Thunder_2013,jacksre01_2013,31.51190251317746,2008-2015
Oklahoma City Thunder_2013,jonespe01_2013,16.73320053068151,2008-2015
Oklahoma City Thunder_2013,lambje01_2013,12.12435565298214,2008-2015
Oklahoma City Thunder_2013,liggide01_2013,17.029386365926403,2008-2015
Oklahoma City Thunder_2013,martike02_2013,46.216880033165374,2008-2015
Oklahoma City Thunder_2013,maynoer01_2013,19.77371993328519,2008-2015
Oklahoma City Thunder_2013,perkike01_2013,44.204072210600685,2008-2015
Oklahoma City Thunder_2013,sefolth01_2013,47.21228653645151,2008-2015
Oklahoma City Thunder_2013,thabeha01_2013,27.748873851023216,2008-2015
Oklahoma City Thunder_2013,westbru01_2013,53.48831648126533,2008-2015
Oklahoma City Thunder_2014,adamsst01_2014,34.597687784012386,2008-2015
Oklahoma City Thunder_2014,butleca01_2014,24.454038521274967,2008-2015
Oklahoma City Thunder_2014,collini01_2014,36.78314831549904,2008-2015
Oklahoma City Thunder_2014,duranke01_2014,55.87486017879597,2008-2015
Oklahoma City Thunder_2014,fishede01_2014,37.78888725538237,2008-2015
Oklahoma City Thunder_2014,ibakase01_2014,51.633322573702344,2008-2015
Oklahoma City Thunder_2014,jacksre01_2014,47.7179211617606,2008-2015
Oklahoma City Thunder_2014,jonespe01_2014,27.640549922170507,2008-2015
Oklahoma City Thunder_2014,lambje01_2014,39.21734310225516,2008-2015
Oklahoma City Thunder_2014,perkike01_2014,34.741905532080416,2008-2015
Oklahoma City Thunder_2014,roberan03_2014,19.974984355438178,2008-2015
Oklahoma City Thunder_2014,sefolth01_2014,39.7994974842648,2008-2015
Oklahoma City Thunder_2014,thabeha01_2014,13.856406460551018,2008-2015
Oklahoma City Thunder_2014,westbru01_2014,37.57658845611187,2008-2015
Oklahoma City Thunder_2015,adamsst01_2015,42.08325082500163,2008-2015
Oklahoma City Thunder_2015,augusdj01_2015,26.019223662515376,2008-2015
Oklahoma City Thunder_2015,collini01_2015,33.18132004607411,2008-2015
Oklahoma City Thunder_2015,duranke01_2015,30.215889859476256,2008-2015
Oklahoma City Thunder_2015,ibakase01_2015,46.0,2008-2015
Oklahoma City Thunder_2015,jacksre01_2015,37.389838191679836,2008-2015
Oklahoma City Thunder_2015,jonespe01_2015,25.11971337416094,2008-2015
Oklahoma City Thunder_2015,kanteen01_2015,28.442925306655784,2008-2015
Oklahoma City Thunder_2015,lambje01_2015,25.15949125081825,2008-2015
Oklahoma City Thunder_2015,mcgarmi01_2015,22.02271554554524,2008-2015
Oklahoma City Thunder_2015,morroan01_2015,42.49705872175156,2008-2015
Oklahoma City Thunder_2015,perkike01_2015,31.32091952673165,2008-2015
Oklahoma City Thunder_2015,roberan03_2015,35.86084215408221,2008-2015
Oklahoma City Thunder_2015,singlky01_2015,21.354156504062622,2008-2015
Oklahoma City Thunder_2015,smithis01_2015,12.449899597988733,2008-2015
Oklahoma City Thunder_2015,thomala01_2015,21.213203435596427,2008-2015
Oklahoma City Thunder_2015,waitedi01_2015,37.70941526992961,2008-2015
Oklahoma City Thunder_2015,westbru01_2015,47.97916214358062,2008-2015
Oklahoma City Thunder_2016,adamsst01_2016,44.87761134463375,2016-present
Oklahoma City Thunder_2016,augusdj01_2016,22.781571499789035,2016-present
Oklahoma City Thunder_2016,collini01_2016,26.43860813280457,2016-present
Oklahoma City Thunder_2016,duranke01_2016,50.774009099144415,2016-present
Oklahoma City Thunder_2016,foyera01_2016,23.916521486202797,2016-present
Oklahoma City Thunder_2016,ibakase01_2016,50.0,2016-present
Oklahoma City Thunder_2016,kanteen01_2016,41.48493702538308,2016-present
Oklahoma City Thunder_2016,morroan01_2016,30.430248109405877,2016-present
Oklahoma City Thunder_2016,payneca01_2016,26.419689627245813,2016-present
Oklahoma City Thunder_2016,roberan03_2016,39.408120990476064,2016-present
Oklahoma City Thunder_2016,singlky01_2016,31.25699921617557,2016-present
Oklahoma City Thunder_2016,waitedi01_2016,46.389654018972806,2016-present
Oklahoma City Thunder_2016,westbru01_2016,52.44044240850758,2016-present
Oklahoma City Thunder_2017,abrinal01_2017,32.48076353782343,2016-present
Oklahoma City Thunder_2017,adamsst01_2017,48.877397639399746,2016-present
Oklahoma City Thunder_2017,chrisse01_2017,31.192947920964443,2016-present
Oklahoma City Thunder_2017,gibsota01_2017,22.06807649071391,2016-present
Oklahoma City Thunder_2017,grantje01_2017,38.600518131237564,2016-present
Oklahoma City Thunder_2017,kanteen01_2017,39.153543900903784,2016-present
Oklahoma City Thunder_2017,lauvejo01_2017,27.184554438136374,2016-present
Oklahoma City Thunder_2017,mcderdo01_2017,20.73644135332772,2016-present
Oklahoma City Thunder_2017,morroan01_2017,25.03996805109783,2016-present
Oklahoma City Thunder_2017,oladivi01_2017,47.138094997570704,2016-present
Oklahoma City Thunder_2017,roberan03_2017,48.744230427815765,2016-present
Oklahoma City Thunder_2017,sabondo01_2017,40.39801975344831,2016-present
Oklahoma City Thunder_2017,singlky01_2017,19.621416870348583,2016-present
Oklahoma City Thunder_2017,westbru01_2017,52.933921071464184,2016-present
Oklahoma City Thunder_2018,abrinal01_2018,33.67491648096547,2016-present
Oklahoma City Thunder_2018,adamsst01_2018,49.86983055916673,2016-present
Oklahoma City Thunder_2018,anthoca01_2018,50.00999900019995,2016-present
Oklahoma City Thunder_2018,feltora01_2018,36.945906403822335,2016-present
Oklahoma City Thunder_2018,fergute01_2018,27.622454633866266,2016-present
Oklahoma City Thunder_2018,georgpa01_2018,53.76802023508026,2016-present
Oklahoma City Thunder_2018,grantje01_2018,40.58324777540605,2016-present
Oklahoma City Thunder_2018,huestjo01_2018,31.336879231984796,2016-present
Oklahoma City Thunder_2018,johnsda04_2018,12.68857754044952,2016-present
Oklahoma City Thunder_2018,pattepa01_2018,35.63705936241092,2016-present
Oklahoma City Thunder_2018,roberan03_2018,32.202484376209235,2016-present
Oklahoma City Thunder_2018,westbru01_2018,53.98147830506312,2016-present
Oklahoma City Thunder_2019,abrinal01_2019,24.24871130596428,2016-present
Oklahoma City Thunder_2019,adamsst01_2019,51.66236541235796,2016-present
Oklahoma City Thunder_2019,burtode02_2019,15.491933384829668,2016-present
Oklahoma City Thunder_2019,diallha01_2019,22.93468988235943,2016-present
Oklahoma City Thunder_2019,feltora01_2019,19.467922333931785,2016-present
Oklahoma City Thunder_2019,fergute01_2019,43.94314508543966,2016-present
Oklahoma City Thunder_2019,georgpa01_2019,53.301031884945715,2016-present
Oklahoma City Thunder_2019,grantje01_2019,51.10772935672255,2016-present
Oklahoma City Thunder_2019,luwawti01_2019,11.090536506409418,2016-present
Oklahoma City Thunder_2019,morrima02_2019,19.672315572906,2016-present
Oklahoma City Thunder_2019,naderab01_2019,26.343879744638983,2016-present
Oklahoma City Thunder_2019,noelne01_2019,32.48076353782343,2016-present
Oklahoma City Thunder_2019,pattepa01_2019,29.34280150224242,2016-present
Oklahoma City Thunder_2019,schrode01_2019,48.104053883222775,2016-present
Oklahoma City Thunder_2019,westbru01_2019,51.28352561983234,2016-present
Oklahoma City Thunder_2020,adamsst01_2020,40.98780306383839,2016-present
Oklahoma City Thunder_2020,bazleda01_2020,33.61547262794322,2016-present
Oklahoma City Thunder_2020,burtode02_2020,18.867962264113206,2016-present
Oklahoma City Thunder_2020,diallha01_2020,29.93325909419153,2016-present
Oklahoma City Thunder_2020,dortlu01_2020,28.635642126552707,2016-present
Oklahoma City Thunder_2020,fergute01_2020,35.45419580247167,2016-present
Oklahoma City Thunder_2020,gallida01_2020,42.82522621072771,2016-present
Oklahoma City Thunder_2020,gilgesh01_2020,49.27473997901968,2016-present
Oklahoma City Thunder_2020,muscami01_2020,23.916521486202797,2016-present
Oklahoma City Thunder_2020,naderab01_2020,29.444863728670914,2016-present
Oklahoma City Thunder_2020,noelne01_2020,33.57082066318904,2016-present
Oklahoma City Thunder_2020,paulch01_2020,46.98936049788292,2016-present
Oklahoma City Thunder_2020,schrode01_2020,44.710177812216315,2016-present
Oklahoma City Thunder_2021,bazleda01_2021,41.400483088968905,2016-present
Oklahoma City Thunder_2021,bradlto01_2021,19.924858845171276,2016-present
Oklahoma City Thunder_2021,brownmo01_2021,30.331501776206203,2016-present
Oklahoma City Thunder_2021,diallha01_2021,27.586228448267445,2016-present
Oklahoma City Thunder_2021,dortlu01_2021,39.28103868280471,2016-present
Oklahoma City Thunder_2021,gilgesh01_2021,34.351128074635334,2016-present
Oklahoma City Thunder_2021,halljo01_2021,18.33030277982336,2016-present
Oklahoma City Thunder_2021,horfoal01_2021,27.964262908219126,2016-present
Oklahoma City Thunder_2021,jacksju01_2021,23.323807579381203,2016-present
Oklahoma City Thunder_2021,jeromty01_2021,28.071337695236398,2016-present
Oklahoma City Thunder_2021,maledth01_2021,42.16633728461603,2016-present
Oklahoma City Thunder_2021,muscami01_2021,25.39685019840059,2016-present
Oklahoma City Thunder_2021,mykhasv01_2021,26.267851073127396,2016-present
Oklahoma City Thunder_2021,pokusal01_2021,33.015148038438355,2016-present
Oklahoma City Thunder_2021,robyis01_2021,37.749172176353746,2016-present
Oklahoma City Thunder_2021,willike04_2021,37.76241517699841,2016-present
Oklahoma City Thunder_2022,bazleda01_2022,43.86342439892262,2016-present
Oklahoma City Thunder_2022,dortlu01_2022,40.80441152620633,2016-present
Oklahoma City Thunder_2022,favorde01_2022,25.553864678361276,2016-present
Oklahoma City Thunder_2022,giddejo01_2022,41.23105625617661,2016-present
Oklahoma City Thunder_2022,gilgesh01_2022,44.06812907306141,2016-present
Oklahoma City Thunder_2022,jeromty01_2022,28.30194339616981,2016-present
Oklahoma City Thunder_2022,krejcvi01_2022,26.267851073127396,2016-present
Oklahoma City Thunder_2022,maledth01_2022,30.133038346638727,2016-present
Oklahoma City Thunder_2022,manntr01_2022,36.9729630946723,2016-present
Oklahoma City Thunder_2022,muscami01_2022,24.331050121192877,2016-present
Oklahoma City Thunder_2022,pokusal01_2022,35.11409973215888,2016-present
Oklahoma City Thunder_2022,robinje02_2022,32.96968304366907,2016-present
Oklahoma City Thunder_2022,robyis01_2022,30.789608636681304,2016-present
Oklahoma City Thunder_2022,sarrol01_2022,20.518284528683193,2016-present
Oklahoma City Thunder_2022,waterli01_2022,21.563858652847824,2016-present
Oklahoma City Thunder_2022,wiggiaa01_2022,34.77067730142742,2016-present
Oklahoma City Thunder_2022,willike04_2022,32.7414110874898,2016-present
Oklahoma City Thunder_2023,bazleda01_2023,23.558437978779494,2016-present
Oklahoma City Thunder_2023,diengou01_2023,23.853720883753127,2016-present
Oklahoma City Thunder_2023,dortlu01_2023,47.66550115125194,2016-present
Oklahoma City Thunder_2023,giddejo01_2023,48.65182422068057,2016-present
Oklahoma City Thunder_2023,gilgesh01_2023,49.15282290977803,2016-present
Oklahoma City Thunder_2023,joeis01_2023,37.3496987939662,2016-present
Oklahoma City Thunder_2023,manntr01_2023,34.39476704383968,2016-present
Oklahoma City Thunder_2023,muscami01_2023,24.939927826679853,2016-present
Oklahoma City Thunder_2023,omorueu01_2023,16.492422502470642,2016-present
Oklahoma City Thunder_2023,pokusal01_2023,26.476404589747453,2016-present
Oklahoma City Thunder_2023,robinje02_2023,28.53068523537421,2016-present
Oklahoma City Thunder_2023,waterli01_2023,23.043437243605826,2016-present
Oklahoma City Thunder_2023,wiggiaa01_2023,36.013886210738214,2016-present
Oklahoma City Thunder_2023,willija06_2023,47.70744176750625,2016-present
Oklahoma City Thunder_2023,willija07_2023,30.23243291566195,2016-present
Oklahoma City Thunder_2023,willike04_2023,34.72751070837067,2016-present
Oklahoma City Thunder_2024,diengou01_2024,19.1049731745428,2016-present
Oklahoma City Thunder_2024,dortlu01_2024,47.391982444291145,2016-present
Oklahoma City Thunder_2024,giddejo01_2024,44.844174649557324,2016-present
Oklahoma City Thunder_2024,gilgesh01_2024,50.52722038663912,2016-present
Oklahoma City Thunder_2024,haywago01_2024,21.142374511865974,2016-present
Oklahoma City Thunder_2024,holmgch01_2024,49.122296363260546,2016-present
Oklahoma City Thunder_2024,joeis01_2024,38.01315561749642,2016-present
Oklahoma City Thunder_2024,micicva01_2024,19.0,2016-present
Oklahoma City Thunder_2024,wallaca01_2024,41.13392760240627,2016-present
Oklahoma City Thunder_2024,waterli01_2024,16.73320053068151,2016-present
Oklahoma City Thunder_2024,wiggiaa01_2024,35.04283093587046,2016-present
Oklahoma City Thunder_2024,willija06_2024,47.148700936505136,2016-present
Oklahoma City Thunder_2024,willija07_2024,29.949958263743873,2016-present
Oklahoma City Thunder_2024,willike04_2024,32.07802986469088,2016-present
Oklahoma City Thunder_2025,carlsbr01_2025,15.684387141358123,2016-present
Oklahoma City Thunder_2025,carusal01_2025,32.264531609803356,2016-present
Oklahoma City Thunder_2025,diengou01_2025,20.12461179749811,2016-present
Oklahoma City Thunder_2025,dortlu01_2025,45.53020975132884,2016-present
Oklahoma City Thunder_2025,ducasal01_2025,11.180339887498949,2016-present
Oklahoma City Thunder_2025,flaglad01_2025,14.247806848775006,2016-present
Oklahoma City Thunder_2025,gilgesh01_2025,50.97057974949863,2016-present
Oklahoma City Thunder_2025,harteis01_2025,39.87480407475377,2016-present
Oklahoma City Thunder_2025,holmgch01_2025,29.614185789921695,2016-present
Oklahoma City Thunder_2025,joeis01_2025,40.049968789001575,2016-present
Oklahoma City Thunder_2025,jonesdi01_2025,23.473389188611005,2016-present
Oklahoma City Thunder_2025,mitchaj01_2025,24.43358344574123,2016-present
Oklahoma City Thunder_2025,wallaca01_2025,43.31281565541543,2016-present
Oklahoma City Thunder_2025,wiggiaa01_2025,41.7612260356422,2016-present
Oklahoma City Thunder_2025,willija06_2025,47.29693436154187,2016-present
Oklahoma City Thunder_2025,willija07_2025,28.0,2016-present
Oklahoma City Thunder_2025,willike04_2025,33.645207682521445,2016-present
Orlando Magic_1999,anderni01_1999,39.761790704142086,1999-2007
Orlando Magic_1999,armstbj01_1999,13.416407864998739,1999-2007
Orlando Magic_1999,armstda01_1999,38.7556447501522,1999-2007
Orlando Magic_1999,austiis01_1999,35.482389998420345,1999-2007
Orlando Magic_1999,doleami01_1999,27.92848008753788,1999-2007
Orlando Magic_1999,grantho01_1999,40.74309757492672,1999-2007
Orlando Magic_1999,hardaan01_1999,44.090815370097204,1999-2007
Orlando Magic_1999,harprma01_1999,33.37663853655727,1999-2007
Orlando Magic_1999,outlabo01_1999,29.171904291629644,1999-2007
Orlando Magic_1999,stronde01_1999,26.362852652928137,1999-2007
Orlando Magic_1999,wilkido01_1999,15.874507866387544,1999-2007
Orlando Magic_2000,abdulta01_2000,34.713109915419565,1999-2007
Orlando Magic_2000,amaecjo01_2000,41.036569057366385,1999-2007
Orlando Magic_2000,armstda01_2000,50.89204259999789,1999-2007
Orlando Magic_2000,atkinch01_2000,40.32369030731191,1999-2007
Orlando Magic_2000,doleami01_2000,36.53765181289022,1999-2007
Orlando Magic_2000,garripa01_2000,38.45776904605882,1999-2007
Orlando Magic_2000,gatlich01_2000,32.264531609803356,1999-2007
Orlando Magic_2000,maggeco01_2000,37.013511046643494,1999-2007
Orlando Magic_2000,mercero01_2000,31.12876483254676,1999-2007
Orlando Magic_2000,outlabo01_2000,48.228622207149975,1999-2007
Orlando Magic_2000,wallabe01_2000,44.26059195266146,1999-2007
Orlando Magic_2000,willimo01_2000,38.742741255621034,1999-2007
Orlando Magic_2001,alexaco01_2001,15.066519173319364,1999-2007
Orlando Magic_2001,amaecjo01_2001,41.352146256270665,1999-2007
Orlando Magic_2001,armstda01_2001,52.602281319349636,1999-2007
Orlando Magic_2001,declean01_2001,30.04995840263344,1999-2007
Orlando Magic_2001,doleami01_2001,37.389838191679836,1999-2007
Orlando Magic_2001,garripa01_2001,39.736632972611055,1999-2007
Orlando Magic_2001,hudsotr01_2001,31.74901573277509,1999-2007
Orlando Magic_2001,mcgratr01_2001,55.560777532356404,1999-2007
Orlando Magic_2001,millemi01_2001,48.88762624632127,1999-2007
Orlando Magic_2001,outlabo01_2001,50.33885179461288,1999-2007
Orlando Magic_2001,reiddo01_2001,27.640549922170507,1999-2007
Orlando Magic_2001,willimo01_2001,34.79942528261063,1999-2007
Orlando Magic_2002,armstda01_2002,52.24940191045253,1999-2007
Orlando Magic_2002,buechju01_2002,25.099800796022265,1999-2007
Orlando Magic_2002,declean01_2002,25.15949125081825,1999-2007
Orlando Magic_2002,ewingpa01_2002,30.01666203960727,1999-2007
Orlando Magic_2002,garripa01_2002,49.05099387372289,1999-2007
Orlando Magic_2002,grantho01_2002,47.01063709417264,1999-2007
Orlando Magic_2002,hudsotr01_2002,43.05810028322197,1999-2007
Orlando Magic_2002,huntest01_2002,22.715633383201094,1999-2007
Orlando Magic_2002,mcgratr01_2002,53.96295025292817,1999-2007
Orlando Magic_2002,millemi01_2002,46.07602413403309,1999-2007
Orlando Magic_2002,reiddo01_2002,26.720778431774775,1999-2007
Orlando Magic_2002,willimo01_2002,35.832945734337834,1999-2007
Orlando Magic_2003,armstda01_2003,48.47679857416329,1999-2007
Orlando Magic_2003,burkepa01_2003,27.982137159266443,1999-2007
Orlando Magic_2003,declean01_2003,36.42801120017397,1999-2007
Orlando Magic_2003,garripa01_2003,50.83306010855534,1999-2007
Orlando Magic_2003,giricgo01_2003,31.0,1999-2007
Orlando Magic_2003,hillgr01_2003,29.03446228191595,1999-2007
Orlando Magic_2003,humphry01_2003,17.944358444926362,1999-2007
Orlando Magic_2003,huntest01_2003,21.142374511865974,1999-2007
Orlando Magic_2003,kempsh01_2003,40.4103947023535,1999-2007
Orlando Magic_2003,mcgratr01_2003,54.35071296680477,1999-2007
Orlando Magic_2003,millemi01_2003,42.731721238442994,1999-2007
Orlando Magic_2003,oyedeol01_2003,12.041594578792296,1999-2007
Orlando Magic_2003,sasseje01_2003,32.01562118716424,1999-2007
Orlando Magic_2003,vaughja01_2003,41.060930335295616,1999-2007
Orlando Magic_2003,whitnch01_2003,17.029386365926403,1999-2007
Orlando Magic_2004,boganke01_2004,42.2729227756965,1999-2007
Orlando Magic_2004,declean01_2004,34.79942528261063,1999-2007
Orlando Magic_2004,gainere01_2004,19.078784028338912,1999-2007
Orlando Magic_2004,giricgo01_2004,37.881393849751625,1999-2007
Orlando Magic_2004,goodedr01_2004,46.195237849804386,1999-2007
Orlando Magic_2004,harvedo01_2004,18.57417562100671,1999-2007
Orlando Magic_2004,howarju01_2004,53.637673327615545,1999-2007
Orlando Magic_2004,huntest01_2004,28.089143810376278,1999-2007
Orlando Magic_2004,luety01_2004,48.29078587059855,1999-2007
Orlando Magic_2004,mcgratr01_2004,51.720402163943,1999-2007
Orlando Magic_2004,pachuza01_2004,25.768197453450252,1999-2007
Orlando Magic_2004,stevede01_2004,30.54504869860253,1999-2007
Orlando Magic_2004,stricro02_2004,30.24896692450835,1999-2007
Orlando Magic_2004,willish01_2004,22.9128784747792,1999-2007
Orlando Magic_2005,augmost01_2005,25.748786379167466,1999-2007
Orlando Magic_2005,battito01_2005,43.520110293977886,1999-2007
Orlando Magic_2005,catoke01_2005,39.05124837953327,1999-2007
Orlando Magic_2005,chrisdo01_2005,23.0,1999-2007
Orlando Magic_2005,francst01_2005,54.57105459856901,1999-2007
Orlando Magic_2005,garripa01_2005,30.903074280724887,1999-2007
Orlando Magic_2005,hillgr01_2005,48.35286961494633,1999-2007
Orlando Magic_2005,howardw01_2005,51.67204273105525,1999-2007
Orlando Magic_2005,huntebr01_2005,14.966629547095765,1999-2007
Orlando Magic_2005,kasunma01_2005,18.867962264113206,1999-2007
Orlando Magic_2005,moblecu01_2005,26.94438717061496,1999-2007
Orlando Magic_2005,nelsoja01_2005,40.149719799769464,1999-2007
Orlando Magic_2005,stevede01_2005,33.0,1999-2007
Orlando Magic_2005,turkohe01_2005,41.916583830269374,1999-2007
Orlando Magic_2006,arizatr01_2006,17.029386365926403,1999-2007
Orlando Magic_2006,arroyca01_2006,24.372115213907882,1999-2007
Orlando Magic_2006,augmost01_2006,19.621416870348583,1999-2007
Orlando Magic_2006,battito01_2006,47.06378650300037,1999-2007
Orlando Magic_2006,catoke01_2006,17.291616465790582,1999-2007
Orlando Magic_2006,dienetr01_2006,15.684387141358123,1999-2007
Orlando Magic_2006,doolike01_2006,33.71943060017473,1999-2007
Orlando Magic_2006,francst01_2006,41.641325627314025,1999-2007
Orlando Magic_2006,garripa01_2006,30.62678566222711,1999-2007
Orlando Magic_2006,hillgr01_2006,24.758836806279895,1999-2007
Orlando Magic_2006,howardw01_2006,54.96362433464518,1999-2007
Orlando Magic_2006,kasunma01_2006,14.594519519326424,1999-2007
Orlando Magic_2006,milicda01_2006,25.03996805109783,1999-2007
Orlando Magic_2006,morrite01_2006,13.856406460551018,1999-2007
Orlando Magic_2006,nelsoja01_2006,42.23742416388575,1999-2007
Orlando Magic_2006,outlabo01_2006,18.841443681416774,1999-2007
Orlando Magic_2006,stevede01_2006,51.45872132107443,1999-2007
Orlando Magic_2006,turkohe01_2006,51.137070702182385,1999-2007
Orlando Magic_2007,arizatr01_2007,35.749125863438955,1999-2007
Orlando Magic_2007,arroyca01_2007,36.11094017053558,1999-2007
Orlando Magic_2007,battito01_2007,39.68626966596886,1999-2007
Orlando Magic_2007,boganke01_2007,31.464265445104548,1999-2007
Orlando Magic_2007,dienetr01_2007,16.97056274847714,1999-2007
Orlando Magic_2007,doolike01_2007,37.881393849751625,1999-2007
Orlando Magic_2007,garripa01_2007,16.64331697709324,1999-2007
Orlando Magic_2007,hillgr01_2007,44.82186966202994,1999-2007
Orlando Magic_2007,howardw01_2007,54.981815175565096,1999-2007
Orlando Magic_2007,milicda01_2007,43.73785545725808,1999-2007
Orlando Magic_2007,nelsoja01_2007,48.28043081829324,1999-2007
Orlando Magic_2007,outlabo01_2007,21.447610589527216,1999-2007
Orlando Magic_2007,redicjj01_2007,24.939927826679853,1999-2007
Orlando Magic_2007,turkohe01_2007,47.62352359916263,1999-2007
Orlando Magic_2008,arroyca01_2008,35.62302626111375,2008-2015
Orlando Magic_2008,augusja01_2008,12.206555615733702,2008-2015
Orlando Magic_2008,boganke01_2008,46.88283267892417,2008-2015
Orlando Magic_2008,cookbr01_2008,23.643180835073778,2008-2015
Orlando Magic_2008,doolike01_2008,36.52396473549935,2008-2015
Orlando Magic_2008,evansma01_2008,40.29888335921977,2008-2015
Orlando Magic_2008,foylead01_2008,27.820855486487112,2008-2015
Orlando Magic_2008,garripa01_2008,16.852299546352718,2008-2015
Orlando Magic_2008,howardw01_2008,55.569775957799216,2008-2015
Orlando Magic_2008,lewisra02_2008,55.46169849544819,2008-2015
Orlando Magic_2008,nelsoja01_2008,44.28317965096906,2008-2015
Orlando Magic_2008,redicjj01_2008,16.61324772583615,2008-2015
Orlando Magic_2008,turkohe01_2008,55.00909015790027,2008-2015
Orlando Magic_2009,alstora01_2009,29.257477676655586,2008-2015
Orlando Magic_2009,battito01_2009,34.66987164671943,2008-2015
Orlando Magic_2009,boganke01_2009,28.053520278211074,2008-2015
Orlando Magic_2009,cookbr01_2009,12.083045973594572,2008-2015
Orlando Magic_2009,gortama01_2009,28.178005607210743,2008-2015
Orlando Magic_2009,howardw01_2009,53.113086899558006,2008-2015
Orlando Magic_2009,johnsan02_2009,38.48376280978771,2008-2015
Orlando Magic_2009,leeco01_2009,44.034077712607996,2008-2015
Orlando Magic_2009,lewisra02_2009,53.4696175411794,2008-2015
Orlando Magic_2009,nelsoja01_2009,36.180105030251084,2008-2015
Orlando Magic_2009,pietrmi01_2009,36.45545226711637,2008-2015
Orlando Magic_2009,redicjj01_2009,33.331666624997915,2008-2015
Orlando Magic_2009,turkohe01_2009,53.056573579529235,2008-2015
Orlando Magic_2010,anderry01_2010,30.18277654557314,2008-2015
Orlando Magic_2010,barnema02_2010,45.79301256742124,2008-2015
Orlando Magic_2010,bassbr01_2010,25.45584412271571,2008-2015
Orlando Magic_2010,cartevi01_2010,48.062459362791664,2008-2015
Orlando Magic_2010,gortama01_2010,32.984845004941285,2008-2015
Orlando Magic_2010,howardw01_2010,53.319789947073126,2008-2015
Orlando Magic_2010,johnsan02_2010,20.149441679609886,2008-2015
Orlando Magic_2010,lewisra02_2010,48.67237409455183,2008-2015
Orlando Magic_2010,nelsoja01_2010,43.12771730569565,2008-2015
Orlando Magic_2010,pietrmi01_2010,41.0731055558257,2008-2015
Orlando Magic_2010,redicjj01_2010,42.5205832509386,2008-2015
Orlando Magic_2010,willija02_2010,41.2674205639267,2008-2015
Orlando Magic_2011,anderry01_2011,37.73592452822641,2008-2015
Orlando Magic_2011,arenagi01_2011,32.71085446759225,2008-2015
Orlando Magic_2011,bassbr01_2011,44.49719092257398,2008-2015
Orlando Magic_2011,cartevi01_2011,25.768197453450252,2008-2015
Orlando Magic_2011,clarkea01_2011,19.79898987322333,2008-2015
Orlando Magic_2011,duhonch01_2011,27.820855486487112,2008-2015
Orlando Magic_2011,gortama01_2011,19.8997487421324,2008-2015
Orlando Magic_2011,howardw01_2011,54.17564028232615,2008-2015
Orlando Magic_2011,lewisra02_2011,28.460498941515414,2008-2015
Orlando Magic_2011,nelsoja01_2011,48.155996511338024,2008-2015
Orlando Magic_2011,redicjj01_2011,38.897300677553446,2008-2015
Orlando Magic_2011,richaja01_2011,43.80639222761902,2008-2015
Orlando Magic_2011,richaqu01_2011,30.903074280724887,2008-2015
Orlando Magic_2011,turkohe01_2011,43.70354676682432,2008-2015
Orlando Magic_2012,anderry01_2012,44.31703961232068,2008-2015
Orlando Magic_2012,clarkea01_2012,23.643180835073778,2008-2015
Orlando Magic_2012,davisgl01_2012,37.77565353504821,2008-2015
Orlando Magic_2012,duhonch01_2012,35.014282800023196,2008-2015
Orlando Magic_2012,howardw01_2012,45.4972526643093,2008-2015
Orlando Magic_2012,nelsoja01_2012,41.30375285612676,2008-2015
Orlando Magic_2012,redicjj01_2012,42.01190307520001,2008-2015
Orlando Magic_2012,richaja01_2012,39.88734135035826,2008-2015
Orlando Magic_2012,richaqu01_2012,29.427877939124322,2008-2015
Orlando Magic_2012,turkohe01_2012,40.65710270051225,2008-2015
Orlando Magic_2012,wafervo01_2012,21.656407827707714,2008-2015
Orlando Magic_2013,afflaar01_2013,48.03123983409131,2008-2015
Orlando Magic_2013,ayongu01_2013,23.895606290697042,2008-2015
Orlando Magic_2013,davisgl01_2013,32.61901286060018,2008-2015
Orlando Magic_2013,harklma01_2013,44.429719783046124,2008-2015
Orlando Magic_2013,harrito02_2013,31.20897306865447,2008-2015
Orlando Magic_2013,jonesde01_2013,28.337254630609507,2008-2015
Orlando Magic_2013,lambdo01_2013,17.233687939614086,2008-2015
Orlando Magic_2013,mcrobjo01_2013,26.1725046566048,2008-2015
Orlando Magic_2013,mooreet01_2013,41.012193308819754,2008-2015
Orlando Magic_2013,nelsoja01_2013,44.46346815083142,2008-2015
Orlando Magic_2013,nichoan01_2013,35.34119409414458,2008-2015
Orlando Magic_2013,oquinky01_2013,25.25866188063018,2008-2015
Orlando Magic_2013,redicjj01_2013,39.68626966596886,2008-2015
Orlando Magic_2013,smithis01_2013,19.44222209522358,2008-2015
Orlando Magic_2013,udrihbe01_2013,27.16615541441225,2008-2015
Orlando Magic_2013,vucevni01_2013,50.586559479766954,2008-2015
Orlando Magic_2014,afflaar01_2014,50.51732376126036,2008-2015
Orlando Magic_2014,davisgl01_2014,36.796738985948195,2008-2015
Orlando Magic_2014,harklma01_2014,44.15880433163923,2008-2015
Orlando Magic_2014,harrito02_2014,43.01162633521314,2008-2015
Orlando Magic_2014,lambdo01_2014,26.362852652928137,2008-2015
Orlando Magic_2014,maxieja01_2014,22.090722034374522,2008-2015
Orlando Magic_2014,mooreet01_2014,38.80721582386451,2008-2015
Orlando Magic_2014,nelsoja01_2014,46.67976006793523,2008-2015
Orlando Magic_2014,nichoan01_2014,34.26368339802363,2008-2015
Orlando Magic_2014,oladivi01_2014,49.86983055916673,2008-2015
Orlando Magic_2014,oquinky01_2014,34.46737587922817,2008-2015
Orlando Magic_2014,pricero01_2014,19.4164878389476,2008-2015
Orlando Magic_2014,vucevni01_2014,42.567593307585526,2008-2015
Orlando Magic_2015,dedmode01_2015,29.068883707497267,2008-2015
Orlando Magic_2015,fournev01_2015,40.755367744629666,2008-2015
Orlando Magic_2015,fryech01_2015,43.243496620879306,2008-2015
Orlando Magic_2015,gordoaa01_2015,28.231188426986208,2008-2015
Orlando Magic_2015,gordobe01_2015,28.106938645110393,2008-2015
Orlando Magic_2015,greenwi01_2015,30.83828789021855,2008-2015
Orlando Magic_2015,harklma01_2015,25.96150997149434,2008-2015
Orlando Magic_2015,harrito02_2015,48.67237409455183,2008-2015
Orlando Magic_2015,nichoan01_2015,22.181073012818835,2008-2015
Orlando Magic_2015,oladivi01_2015,50.724747411889595,2008-2015
Orlando Magic_2015,oquinky01_2015,28.705400188814647,2008-2015
Orlando Magic_2015,paytoel01_2015,49.889878733065686,2008-2015
Orlando Magic_2015,ridnolu01_2015,26.13426869074396,2008-2015
Orlando Magic_2015,vucevni01_2015,50.28916384272063,2008-2015
Orlando Magic_2016,dedmode01_2016,26.551836094703507,2016-present
Orlando Magic_2016,fournev01_2016,50.65570056765576,2016-present
Orlando Magic_2016,fryech01_2016,27.459060435491963,2016-present
Orlando Magic_2016,gordoaa01_2016,43.162483709814474,2016-present
Orlando Magic_2016,harrito02_2016,40.124805295477756,2016-present
Orlando Magic_2016,hezonma01_2016,37.589892258425,2016-present
Orlando Magic_2016,ilyaser01_2016,21.142374511865974,2016-present
Orlando Magic_2016,jennibr01_2016,21.2602916254693,2016-present
Orlando Magic_2016,marblde01_2016,15.7797338380595,2016-present
Orlando Magic_2016,napiesh01_2016,24.49489742783178,2016-present
Orlando Magic_2016,nichoan01_2016,28.687976575562104,2016-present
Orlando Magic_2016,oladivi01_2016,48.774993593028796,2016-present
Orlando Magic_2016,paytoel01_2016,46.314144707637645,2016-present
Orlando Magic_2016,smithja02_2016,34.36568055487916,2016-present
Orlando Magic_2016,vucevni01_2016,45.13313638558703,2016-present
Orlando Magic_2016,watsocj01_2016,25.612496949731394,2016-present
Orlando Magic_2017,augusdj01_2017,39.21734310225516,2016-present
Orlando Magic_2017,biyombi01_2017,42.34383071948026,2016-present
Orlando Magic_2017,fournev01_2017,47.265209192385896,2016-present
Orlando Magic_2017,gordoaa01_2017,47.93745925682754,2016-present
Orlando Magic_2017,greenje02_2017,39.16631205513228,2016-present
Orlando Magic_2017,hezonma01_2017,30.983866769659336,2016-present
Orlando Magic_2017,ibakase01_2017,41.352146256270665,2016-present
Orlando Magic_2017,meeksjo01_2017,27.16615541441225,2016-present
Orlando Magic_2017,paytoel01_2017,49.1121166312347,2016-present
Orlando Magic_2017,rosste01_2017,27.349588662354687,2016-present
Orlando Magic_2017,rudezda01_2017,17.72004514666935,2016-present
Orlando Magic_2017,vucevni01_2017,46.50806381693394,2016-present
Orlando Magic_2017,watsocj01_2017,31.811947441173732,2016-present
Orlando Magic_2017,wilcocj01_2017,10.392304845413264,2016-present
Orlando Magic_2018,afflaar01_2018,26.115129714401192,2016-present
Orlando Magic_2018,augusdj01_2018,41.95235392680606,2016-present
Orlando Magic_2018,birchkh01_2018,24.041630560342615,2016-present
Orlando Magic_2018,biyombi01_2018,38.66522985836241,2016-present
Orlando Magic_2018,fournev01_2018,42.86023798347368,2016-present
Orlando Magic_2018,gordoaa01_2018,43.69210454990696,2016-present
Orlando Magic_2018,hezonma01_2018,40.70626487409524,2016-present
Orlando Magic_2018,isaacjo01_2018,23.15167380558045,2016-present
Orlando Magic_2018,iwundwe01_2018,31.937438845342623,2016-present
Orlando Magic_2018,macksh01_2018,36.945906403822335,2016-present
Orlando Magic_2018,paytoel01_2018,35.45419580247167,2016-present
Orlando Magic_2018,rosste01_2018,24.49489742783178,2016-present
Orlando Magic_2018,simmojo02_2018,45.044422518220834,2016-present
Orlando Magic_2018,speigma01_2018,25.98076211353316,2016-present
Orlando Magic_2018,vucevni01_2018,41.02438299353203,2016-present
Orlando Magic_2019,augusdj01_2019,47.634021455258214,2016-present
Orlando Magic_2019,bambamo01_2019,27.676705006196094,2016-present
Orlando Magic_2019,birchkh01_2019,25.357444666211933,2016-present
Orlando Magic_2019,briscis01_2019,23.643180835073778,2016-present
Orlando Magic_2019,fournev01_2019,50.52722038663912,2016-present
Orlando Magic_2019,gordoaa01_2019,51.31276644267,2016-present
Orlando Magic_2019,grantje02_2019,30.643106892089126,2016-present
Orlando Magic_2019,isaacjo01_2019,44.67661580737735,2016-present
Orlando Magic_2019,iwundwe01_2019,35.11409973215888,2016-present
Orlando Magic_2019,martija01_2019,18.110770276274835,2016-present
Orlando Magic_2019,rosste01_2019,46.36809247747852,2016-present
Orlando Magic_2019,simmojo02_2019,29.068883707497267,2016-present
Orlando Magic_2019,vucevni01_2019,50.0999001995014,2016-present
Orlando Magic_2020,augusdj01_2020,37.68288736283355,2016-present
Orlando Magic_2020,bambamo01_2020,29.631064780058107,2016-present
Orlando Magic_2020,birchkh01_2020,30.364452901377952,2016-present
Orlando Magic_2020,cartemi01_2020,28.861739379323623,2016-present
Orlando Magic_2020,clarkga01_2020,18.841443681416774,2016-present
Orlando Magic_2020,fournev01_2020,45.56314299957807,2016-present
Orlando Magic_2020,fultzma01_2020,44.67661580737735,2016-present
Orlando Magic_2020,gordoaa01_2020,44.91102314577124,2016-present
Orlando Magic_2020,isaacjo01_2020,31.304951684997057,2016-present
Orlando Magic_2020,iwundwe01_2020,30.870698080866262,2016-present
Orlando Magic_2020,rosste01_2020,43.46262762420146,2016-present
Orlando Magic_2020,vucevni01_2020,44.69899327725402,2016-present
Orlando Magic_2021,anthoco01_2021,35.679125549822544,2016-present
Orlando Magic_2021,bacondw01_2021,43.04648650006177,2016-present
Orlando Magic_2021,bambamo01_2021,26.92582403567252,2016-present
Orlando Magic_2021,birchkh01_2021,30.854497241083024,2016-present
Orlando Magic_2021,cartemi01_2021,28.284271247461902,2016-present
Orlando Magic_2021,cartewe01_2021,24.145392935299274,2016-present
Orlando Magic_2021,clarkga01_2021,25.238858928247925,2016-present
Orlando Magic_2021,ennisja01_2021,31.400636936215164,2016-present
Orlando Magic_2021,fournev01_2021,28.053520278211074,2016-present
Orlando Magic_2021,gordoaa01_2021,27.129319932501073,2016-present
Orlando Magic_2021,hamptrj01_2021,25.592967784139454,2016-present
Orlando Magic_2021,okekech01_2021,33.66006535941367,2016-present
Orlando Magic_2021,randlch01_2021,28.930952282978865,2016-present
Orlando Magic_2021,rosste01_2021,36.701498607005135,2016-present
Orlando Magic_2021,vucevni01_2021,38.72983346207417,2016-present
Orlando Magic_2022,anthoco01_2022,45.37620521815371,2016-present
Orlando Magic_2022,bambamo01_2022,42.708313008125245,2016-present
Orlando Magic_2022,brazdig01_2022,23.15167380558045,2016-present
Orlando Magic_2022,cartewe01_2022,43.034869582700026,2016-present
Orlando Magic_2022,hamptrj01_2022,37.44329045369811,2016-present
Orlando Magic_2022,harriga01_2022,41.593268686170845,2016-present
Orlando Magic_2022,lopezro01_2022,24.73863375370596,2016-present
Orlando Magic_2022,okekech01_2022,41.82104733265297,2016-present
Orlando Magic_2022,rosste01_2022,38.05259518088089,2016-present
Orlando Magic_2022,schofad01_2022,21.656407827707714,2016-present
Orlando Magic_2022,suggsja01_2022,36.15245496505044,2016-present
Orlando Magic_2022,wagnefr01_2022,49.28488612140643,2016-present
Orlando Magic_2022,wagnemo01_2022,30.983866769659336,2016-present
Orlando Magic_2023,anthoco01_2023,39.395431207184416,2016-present
Orlando Magic_2023,bambamo01_2023,26.095976701399778,2016-present
Orlando Magic_2023,banchpa01_2023,49.29503017546495,2016-present
Orlando Magic_2023,bolbo01_2023,38.79432948254165,2016-present
Orlando Magic_2023,cartewe01_2023,41.10960958218893,2016-present
Orlando Magic_2023,fultzma01_2023,42.16633728461603,2016-present
Orlando Magic_2023,hamptrj01_2023,19.0,2016-present
Orlando Magic_2023,harriga01_2023,34.40930106817051,2016-present
Orlando Magic_2023,harrike01_2023,21.37755832643195,2016-present
Orlando Magic_2023,houstca01_2023,28.495613697550013,2016-present
Orlando Magic_2023,okekech01_2023,22.759613353482084,2016-present
Orlando Magic_2023,rosste01_2023,30.72458299147443,2016-present
Orlando Magic_2023,schofad01_2023,21.236760581595302,2016-present
Orlando Magic_2023,suggsja01_2023,35.298725189445584,2016-present
Orlando Magic_2023,wagnefr01_2023,51.07837115648854,2016-present
Orlando Magic_2023,wagnemo01_2023,33.301651610693426,2016-present
Orlando Magic_2024,anthoco01_2024,42.62628297189423,2016-present
Orlando Magic_2024,banchpa01_2024,52.905576265645195,2016-present
Orlando Magic_2024,bitadgo01_2024,30.93541659651604,2016-present
Orlando Magic_2024,blackan01_2024,34.11744421846396,2016-present
Orlando Magic_2024,cartewe01_2024,37.49666651850535,2016-present
Orlando Magic_2024,fultzma01_2024,30.166206257996713,2016-present
Orlando Magic_2024,harriga01_2024,36.013886210738214,2016-present
Orlando Magic_2024,houstca01_2024,28.548204847240395,2016-present
Orlando Magic_2024,inglejo01_2024,34.19064199455752,2016-present
Orlando Magic_2024,isaacjo01_2024,30.23243291566195,2016-present
Orlando Magic_2024,okekech01_2024,20.784609690826528,2016-present
Orlando Magic_2024,schofad01_2024,9.16515138991168,2016-present
Orlando Magic_2024,suggsja01_2024,45.0,2016-present
Orlando Magic_2024,wagnefr01_2024,48.342527861087284,2016-present
Orlando Magic_2024,wagnemo01_2024,37.61648574760805,2016-present
Orlando Magic_2025,anthoco01_2025,35.12833614050059,2016-present
Orlando Magic_2025,banchpa01_2025,39.774363602702685,2016-present
Orlando Magic_2025,bitadgo01_2025,37.815340802378074,2016-present
Orlando Magic_2025,blackan01_2025,43.439613257946945,2016-present
Orlando Magic_2025,caldwke01_2025,47.738873049120045,2016-present
Orlando Magic_2025,cartewe01_2025,41.92851058647326,2016-present
Orlando Magic_2025,dasiltr01_2025,40.36087214122113,2016-present
Orlando Magic_2025,harriga01_2025,26.664583251946766,2016-present
Orlando Magic_2025,houstca01_2025,28.071337695236398,2016-present
Orlando Magic_2025,howarje01_2025,26.476404589747453,2016-present
Orlando Magic_2025,isaacjo01_2025,33.015148038438355,2016-present
Orlando Magic_2025,josepco01_2025,24.73863375370596,2016-present
Orlando Magic_2025,queentr01_2025,20.73644135332772,2016-present
Orlando Magic_2025,suggsja01_2025,31.654383582688826,2016-present
Orlando Magic_2025,wagnefr01_2025,44.97777228809804,2016-present
Orlando Magic_2025,wagnemo01_2025,23.748684174075834,2016-present
Philadelphia 76ers_1999,geigema01_1999,39.242833740697165,1999-2007
Philadelphia 76ers_1999,grantha01_1999,28.24889378365107,1999-2007
Philadelphia 76ers_1999,hillty01_1999,24.228082879171435,1999-2007
Philadelphia 76ers_1999,hughela01_1999,31.432467291003423,1999-2007
Philadelphia 76ers_1999,iversal01_1999,44.609416046390926,1999-2007
Philadelphia 76ers_1999,lynchge01_1999,36.26292872893749,1999-2007
Philadelphia 76ers_1999,mckieaa01_1999,30.967725134404045,1999-2007
Philadelphia 76ers_1999,mohamna01_1999,11.0,1999-2007
Philadelphia 76ers_1999,ratlith01_1999,40.33608806019741,1999-2007
Philadelphia 76ers_1999,snower01_1999,41.42463035441596,1999-2007
Philadelphia 76ers_2000,bowenbr01_2000,17.635192088548397,1999-2007
Philadelphia 76ers_2000,geigema01_2000,37.49666651850535,1999-2007
Philadelphia 76ers_2000,hillty01_2000,46.42197755374064,1999-2007
Philadelphia 76ers_2000,hughela01_2000,31.906112267087632,1999-2007
Philadelphia 76ers_2000,iversal01_2000,53.41348144429457,1999-2007
Philadelphia 76ers_2000,jonesju01_2000,11.74734012447073,1999-2007
Philadelphia 76ers_2000,kukocto01_2000,30.265491900843113,1999-2007
Philadelphia 76ers_2000,lynchge01_2000,49.15282290977803,1999-2007
Philadelphia 76ers_2000,maccuto01_2000,22.978250586152114,1999-2007
Philadelphia 76ers_2000,mckieaa01_2000,44.181444068749045,1999-2007
Philadelphia 76ers_2000,mohamna01_2000,13.784048752090222,1999-2007
Philadelphia 76ers_2000,ollieke01_2000,17.029386365926403,1999-2007
Philadelphia 76ers_2000,owensbi01_2000,30.315012782448235,1999-2007
Philadelphia 76ers_2000,ratlith01_2000,42.36744032862972,1999-2007
Philadelphia 76ers_2000,snower01_2000,53.53503525729669,1999-2007
Philadelphia 76ers_2001,buforro01_2001,23.93741840717165,1999-2007
Philadelphia 76ers_2001,geigema01_2001,23.280893453645632,1999-2007
Philadelphia 76ers_2001,hillty01_2001,48.61069841094653,1999-2007
Philadelphia 76ers_2001,iversal01_2001,54.58021619598075,1999-2007
Philadelphia 76ers_2001,jonesju01_2001,29.427877939124322,1999-2007
Philadelphia 76ers_2001,kukocto01_2001,31.28897569432403,1999-2007
Philadelphia 76ers_2001,lynchge01_2001,51.468436929831086,1999-2007
Philadelphia 76ers_2001,maccuto01_2001,24.43358344574123,1999-2007
Philadelphia 76ers_2001,maxweve01_2001,19.364916731037084,1999-2007
Philadelphia 76ers_2001,mckieaa01_2001,48.92851929090027,1999-2007
Philadelphia 76ers_2001,mohamna01_2001,14.0,1999-2007
Philadelphia 76ers_2001,mutomdi01_2001,29.58039891549808,1999-2007
Philadelphia 76ers_2001,ollieke01_2001,27.640549922170507,1999-2007
Philadelphia 76ers_2001,ratlith01_2001,42.42640687119285,1999-2007
Philadelphia 76ers_2001,sanchpe01_2001,10.770329614269007,1999-2007
Philadelphia 76ers_2001,snower01_2001,41.71330722922842,1999-2007
Philadelphia 76ers_2002,bellra01_2002,29.832867780352597,1999-2007
Philadelphia 76ers_2002,blounco01_2002,37.76241517699841,1999-2007
Philadelphia 76ers_2002,claxtsp01_2002,39.08964057138413,1999-2007
Philadelphia 76ers_2002,colemde01_2002,45.60701700396552,1999-2007
Philadelphia 76ers_2002,cummivo01_2002,22.38302928559939,1999-2007
Philadelphia 76ers_2002,dalemsa01_2002,13.30413469565007,1999-2007
Philadelphia 76ers_2002,harprma01_2002,50.40833264451424,1999-2007
Philadelphia 76ers_2002,iversal01_2002,51.20546845796843,1999-2007
Philadelphia 76ers_2002,jonesal01_2002,11.224972160321824,1999-2007
Philadelphia 76ers_2002,mckeyde01_2002,28.0,1999-2007
Philadelphia 76ers_2002,mckieaa01_2002,38.353617821530214,1999-2007
Philadelphia 76ers_2002,mutomdi01_2002,53.91660226683428,1999-2007
Philadelphia 76ers_2002,snower01_2002,47.16990566028302,1999-2007
Philadelphia 76ers_2003,buckngr01_2003,38.91015291668744,1999-2007
Philadelphia 76ers_2003,colemde01_2003,41.737273509418415,1999-2007
Philadelphia 76ers_2003,hillty01_2003,22.271057451320086,1999-2007
Philadelphia 76ers_2003,iversal01_2003,59.033888572581766,1999-2007
Philadelphia 76ers_2003,maccuto01_2003,28.495613697550013,1999-2007
Philadelphia 76ers_2003,mckieaa01_2003,48.72371086031933,1999-2007
Philadelphia 76ers_2003,rentzef01_2003,12.0,1999-2007
Philadelphia 76ers_2003,salmojo01_2003,22.44994432064365,1999-2007
Philadelphia 76ers_2003,skinnbr01_2003,37.16180835212409,1999-2007
Philadelphia 76ers_2003,snower01_2003,55.749439459065414,1999-2007
Philadelphia 76ers_2003,thomake01_2003,37.30951621235526,1999-2007
Philadelphia 76ers_2003,vanhoke01_2003,48.342527861087284,1999-2007
Philadelphia 76ers_2003,willimo01_2003,16.61324772583615,1999-2007
Philadelphia 76ers_2004,buckngr01_2004,26.514147167125703,1999-2007
Philadelphia 76ers_2004,colemde01_2004,29.03446228191595,1999-2007
Philadelphia 76ers_2004,dalemsa01_2004,46.87216658103186,1999-2007
Philadelphia 76ers_2004,greenwi01_2004,27.694764848252458,1999-2007
Philadelphia 76ers_2004,hamilze01_2004,21.748563170931547,1999-2007
Philadelphia 76ers_2004,iversal01_2004,45.16635916254486,1999-2007
Philadelphia 76ers_2004,jacksma02_2004,24.454038521274967,1999-2007
Philadelphia 76ers_2004,korveky01_2004,29.698484809834994,1999-2007
Philadelphia 76ers_2004,mccasam01_2004,25.219040425836983,1999-2007
Philadelphia 76ers_2004,mckieaa01_2004,45.95650117230423,1999-2007
Philadelphia 76ers_2004,robingl01_2004,36.55133376499413,1999-2007
Philadelphia 76ers_2004,salmojo01_2004,40.0374824383352,1999-2007
Philadelphia 76ers_2004,snower01_2004,54.46099521676041,1999-2007
Philadelphia 76ers_2004,thomake01_2004,51.95190083144215,1999-2007
Philadelphia 76ers_2005,dalemsa01_2005,42.24926034855522,1999-2007
Philadelphia 76ers_2005,davisjo02_2005,18.110770276274835,1999-2007
Philadelphia 76ers_2005,greenwi01_2005,32.64965543462902,1999-2007
Philadelphia 76ers_2005,iguodan01_2005,51.82663407939975,1999-2007
Philadelphia 76ers_2005,iversal01_2005,56.3382640840131,1999-2007
Philadelphia 76ers_2005,jacksma02_2005,44.45222154178574,1999-2007
Philadelphia 76ers_2005,korveky01_2005,51.64300533470143,1999-2007
Philadelphia 76ers_2005,mckieaa01_2005,33.436506994600975,1999-2007
Philadelphia 76ers_2005,ollieke01_2005,12.569805089976535,1999-2007
Philadelphia 76ers_2005,rogerro01_2005,22.02271554554524,1999-2007
Philadelphia 76ers_2005,salmojo01_2005,31.51190251317746,1999-2007
Philadelphia 76ers_2005,skinnbr01_2005,15.684387141358123,1999-2007
Philadelphia 76ers_2005,thomake01_2005,36.66060555964672,1999-2007
Philadelphia 76ers_2005,webbech01_2005,26.49528259898354,1999-2007
Philadelphia 76ers_2005,willico02_2005,32.49615361854384,1999-2007
Philadelphia 76ers_2006,barnema02_2006,23.194827009486403,1999-2007
Philadelphia 76ers_2006,bradlmi01_2006,19.157244060668017,1999-2007
Philadelphia 76ers_2006,dalemsa01_2006,41.96427051671457,1999-2007
Philadelphia 76ers_2006,huntest01_2006,36.22154055254967,1999-2007
Philadelphia 76ers_2006,iguodan01_2006,55.5517776493246,1999-2007
Philadelphia 76ers_2006,iversal01_2006,55.70457790882182,1999-2007
Philadelphia 76ers_2006,korveky01_2006,50.62608023538856,1999-2007
Philadelphia 76ers_2006,nailole01_2006,15.394804318340652,1999-2007
Philadelphia 76ers_2006,ollieke01_2006,32.69556544854363,1999-2007
Philadelphia 76ers_2006,randosh01_2006,22.06807649071391,1999-2007
Philadelphia 76ers_2006,salmojo01_2006,45.37620521815371,1999-2007
Philadelphia 76ers_2006,webbech01_2006,53.786615435440815,1999-2007
Philadelphia 76ers_2006,willilo02_2006,12.041594578792296,1999-2007
Philadelphia 76ers_2007,carnero01_2007,34.19064199455752,1999-2007
Philadelphia 76ers_2007,dalemsa01_2007,50.34878350069642,1999-2007
Philadelphia 76ers_2007,greenwi01_2007,42.91852746774987,1999-2007
Philadelphia 76ers_2007,hendeal01_2007,20.445048300260872,1999-2007
Philadelphia 76ers_2007,huntest01_2007,40.06245124802026,1999-2007
Philadelphia 76ers_2007,iguodan01_2007,55.33534132902769,1999-2007
Philadelphia 76ers_2007,jonesbo02_2007,18.33030277982336,1999-2007
Philadelphia 76ers_2007,korveky01_2007,47.83304297240559,1999-2007
Philadelphia 76ers_2007,millean02_2007,46.3033476111609,1999-2007
Philadelphia 76ers_2007,ollieke01_2007,30.315012782448235,1999-2007
Philadelphia 76ers_2007,smithjo02_2007,36.810324638611924,1999-2007
Philadelphia 76ers_2007,willilo02_2007,26.229754097208,1999-2007
Philadelphia 76ers_2008,boothca01_2008,14.2828568570857,2008-2015
Philadelphia 76ers_2008,carnero01_2008,32.2335229225724,2008-2015
Philadelphia 76ers_2008,dalemsa01_2008,52.191953402799555,2008-2015
Philadelphia 76ers_2008,evansre01_2008,43.347433603386484,2008-2015
Philadelphia 76ers_2008,greenwi01_2008,44.384682042344295,2008-2015
Philadelphia 76ers_2008,iguodan01_2008,56.938563381947034,2008-2015
Philadelphia 76ers_2008,korveky01_2008,25.632011235952593,2008-2015
Philadelphia 76ers_2008,millean02_2008,54.91812087098393,2008-2015
Philadelphia 76ers_2008,ollieke01_2008,17.320508075688775,2008-2015
Philadelphia 76ers_2008,smithja02_2008,33.27160951922825,2008-2015
Philadelphia 76ers_2008,willilo02_2008,43.15089802078283,2008-2015
Philadelphia 76ers_2008,youngth01_2008,39.42080668885405,2008-2015
Philadelphia 76ers_2009,brandel01_2009,30.331501776206203,2008-2015
Philadelphia 76ers_2009,dalemsa01_2009,45.12205669071391,2008-2015
Philadelphia 76ers_2009,evansre01_2009,33.71943060017473,2008-2015
Philadelphia 76ers_2009,greenwi01_2009,42.7551166528639,2008-2015
Philadelphia 76ers_2009,iguodan01_2009,57.175169435691224,2008-2015
Philadelphia 76ers_2009,iveyro01_2009,29.34280150224242,2008-2015
Philadelphia 76ers_2009,marshdo01_2009,13.74772708486752,2008-2015
Philadelphia 76ers_2009,millean02_2009,54.55272678794342,2008-2015
Philadelphia 76ers_2009,ratlith01_2009,24.06241883103193,2008-2015
Philadelphia 76ers_2009,rushka01_2009,14.106735979665885,2008-2015
Philadelphia 76ers_2009,speigma01_2009,35.53871128783372,2008-2015
Philadelphia 76ers_2009,willilo02_2009,43.80639222761902,2008-2015
Philadelphia 76ers_2009,youngth01_2009,50.79370039680118,2008-2015
Philadelphia 76ers_2010,brandel01_2010,47.92702786528704,2008-2015
Philadelphia 76ers_2010,carnero01_2010,29.274562336608895,2008-2015
Philadelphia 76ers_2010,dalemsa01_2010,46.08687448721165,2008-2015
Philadelphia 76ers_2010,greenwi01_2010,39.408120990476064,2008-2015
Philadelphia 76ers_2010,holidjr01_2010,42.035699113967404,2008-2015
Philadelphia 76ers_2010,iguodan01_2010,56.50663677834667,2008-2015
Philadelphia 76ers_2010,iversal01_2010,28.24889378365107,2008-2015
Philadelphia 76ers_2010,iveyro01_2010,15.362291495737216,2008-2015
Philadelphia 76ers_2010,kaponja01_2010,31.240998703626616,2008-2015
Philadelphia 76ers_2010,smithja02_2010,25.65151067676132,2008-2015
Philadelphia 76ers_2010,speigma01_2010,31.874754901018456,2008-2015
Philadelphia 76ers_2010,willilo02_2010,43.726422218150894,2008-2015
Philadelphia 76ers_2010,youngth01_2010,46.314144707637645,2008-2015
Philadelphia 76ers_2011,battito01_2011,19.4164878389476,2008-2015
Philadelphia 76ers_2011,brandel01_2011,53.0,2008-2015
Philadelphia 76ers_2011,hawessp01_2011,41.44876355212541,2008-2015
Philadelphia 76ers_2011,holidjr01_2011,53.86093203798092,2008-2015
Philadelphia 76ers_2011,iguodan01_2011,49.68903299521938,2008-2015
Philadelphia 76ers_2011,kaponja01_2011,10.583005244258363,2008-2015
Philadelphia 76ers_2011,meeksjo01_2011,45.40925015897091,2008-2015
Philadelphia 76ers_2011,nocioan01_2011,30.512292604784715,2008-2015
Philadelphia 76ers_2011,speigma01_2011,27.09243436828813,2008-2015
Philadelphia 76ers_2011,turneev01_2011,42.391036788453285,2008-2015
Philadelphia 76ers_2011,willilo02_2011,41.79712908801273,2008-2015
Philadelphia 76ers_2011,youngth01_2011,46.20606020859169,2008-2015
Philadelphia 76ers_2012,allenla01_2012,24.979991993593593,2008-2015
Philadelphia 76ers_2012,battito01_2012,17.175564037317667,2008-2015
Philadelphia 76ers_2012,brandel01_2012,41.617304093369626,2008-2015
Philadelphia 76ers_2012,hawessp01_2012,30.331501776206203,2008-2015
Philadelphia 76ers_2012,holidjr01_2012,46.861498055439924,2008-2015
Philadelphia 76ers_2012,iguodan01_2012,47.0,2008-2015
Philadelphia 76ers_2012,meeksjo01_2012,40.54626986542659,2008-2015
Philadelphia 76ers_2012,turneev01_2012,41.38840417314975,2008-2015
Philadelphia 76ers_2012,vucevni01_2012,28.495613697550013,2008-2015
Philadelphia 76ers_2012,willilo02_2012,41.012193308819754,2008-2015
Philadelphia 76ers_2012,youngth01_2012,41.892720131306824,2008-2015
Philadelphia 76ers_2013,allenla01_2013,40.85339643163099,2008-2015
Philadelphia 76ers_2013,brownkw01_2013,16.401219466856727,2008-2015
Philadelphia 76ers_2013,hawessp01_2013,47.25462940284264,2008-2015
Philadelphia 76ers_2013,holidjr01_2013,54.092513345194085,2008-2015
Philadelphia 76ers_2013,iveyro01_2013,26.419689627245813,2008-2015
Philadelphia 76ers_2013,moultar01_2013,23.280893453645632,2008-2015
Philadelphia 76ers_2013,richaja01_2013,30.59411708155671,2008-2015
Philadelphia 76ers_2013,turneev01_2013,53.777318638995006,2008-2015
Philadelphia 76ers_2013,waynsma01_2013,12.84523257866513,2008-2015
Philadelphia 76ers_2013,wilkida02_2013,33.090784215548595,2008-2015
Philadelphia 76ers_2013,wrighdo01_2013,42.22558466143482,2008-2015
Philadelphia 76ers_2013,youngni01_2013,37.5632799419859,2008-2015
Philadelphia 76ers_2013,youngth01_2013,51.273774973177076,2008-2015
Philadelphia 76ers_2014,allenla01_2014,30.983866769659336,2008-2015
Philadelphia 76ers_2014,anderja01_2014,48.05205510693585,2008-2015
Philadelphia 76ers_2014,brownlo01_2014,14.966629547095765,2008-2015
Philadelphia 76ers_2014,cartemi01_2014,49.13247398615299,2008-2015
Philadelphia 76ers_2014,daviebr01_2014,23.979157616563597,2008-2015
Philadelphia 76ers_2014,hawessp01_2014,40.8166632639171,2008-2015
Philadelphia 76ers_2014,ortonda01_2014,15.84297951775486,2008-2015
Philadelphia 76ers_2014,simshe01_2014,26.589471600616662,2008-2015
Philadelphia 76ers_2014,thompho01_2014,41.737273509418415,2008-2015
Philadelphia 76ers_2014,turneev01_2014,43.42810150121693,2008-2015
Philadelphia 76ers_2014,varnaja01_2014,18.35755975068582,2008-2015
Philadelphia 76ers_2014,williel01_2014,34.0147027033899,2008-2015
Philadelphia 76ers_2014,wroteto01_2014,42.01190307520001,2008-2015
Philadelphia 76ers_2014,youngth01_2014,52.1344415909483,2008-2015
Philadelphia 76ers_2015,aldemfu01_2015,23.2379000772445,2008-2015
Philadelphia 76ers_2015,canaais01_2015,23.853720883753127,2008-2015
Philadelphia 76ers_2015,cartemi01_2015,37.296112397943034,2008-2015
Philadelphia 76ers_2015,covinro01_2015,44.22668877499196,2008-2015
Philadelphia 76ers_2015,grantje01_2015,37.107950630558946,2008-2015
Philadelphia 76ers_2015,mbahalu01_2015,43.77213725647858,2008-2015
Philadelphia 76ers_2015,mcdankj01_2015,36.318039594669756,2008-2015
Philadelphia 76ers_2015,noelne01_2015,48.07286136688766,2008-2015
Philadelphia 76ers_2015,robinth01_2015,20.174241001832016,2008-2015
Philadelphia 76ers_2015,sampsja02_2015,33.63034344160047,2008-2015
Philadelphia 76ers_2015,simshe01_2015,37.403208418530085,2008-2015
Philadelphia 76ers_2015,smithis01_2015,26.019223662515376,2008-2015
Philadelphia 76ers_2015,thompho01_2015,42.14261501141095,2008-2015
Philadelphia 76ers_2015,wroteto01_2015,29.916550603303182,2008-2015
Philadelphia 76ers_2016,canaais01_2016,44.339598554790726,2016-present
Philadelphia 76ers_2016,covinro01_2016,43.62338822237447,2016-present
Philadelphia 76ers_2016,grantje01_2016,45.45327270945405,2016-present
Philadelphia 76ers_2016,holmeri01_2016,26.49528259898354,2016-present
Philadelphia 76ers_2016,landrca01_2016,23.853720883753127,2016-present
Philadelphia 76ers_2016,marshke01_2016,20.0,2016-present
Philadelphia 76ers_2016,mccontj01_2016,40.07492981902776,2016-present
Philadelphia 76ers_2016,noelne01_2016,44.328320518603,2016-present
Philadelphia 76ers_2016,okafoja01_2016,39.88734135035826,2016-present
Philadelphia 76ers_2016,sampsja02_2016,26.28687885618983,2016-present
Philadelphia 76ers_2016,smithis01_2016,40.27406113120453,2016-present
Philadelphia 76ers_2016,stausni01_2016,42.532340636273474,2016-present
Philadelphia 76ers_2016,thompho01_2016,46.411205543489174,2016-present
Philadelphia 76ers_2017,anderju01_2017,22.759613353482084,2016-present
Philadelphia 76ers_2017,covinro01_2017,46.03259714593562,2016-present
Philadelphia 76ers_2017,embiijo01_2017,28.035691537752374,2016-present
Philadelphia 76ers_2017,hendege02_2017,40.82891132518721,2016-present
Philadelphia 76ers_2017,holmeri01_2017,34.539832078341085,2016-present
Philadelphia 76ers_2017,ilyaser01_2017,38.03945320322047,2016-present
Philadelphia 76ers_2017,luwawti01_2017,34.49637662132068,2016-present
Philadelphia 76ers_2017,mccontj01_2017,46.184412955021955,2016-present
Philadelphia 76ers_2017,noelne01_2017,23.748684174075834,2016-present
Philadelphia 76ers_2017,okafoja01_2017,33.67491648096547,2016-present
Philadelphia 76ers_2017,rodrise01_2017,38.961519477556315,2016-present
Philadelphia 76ers_2017,saricda01_2017,46.14108798023731,2016-present
Philadelphia 76ers_2017,stausni01_2017,46.776062254106,2016-present
Philadelphia 76ers_2017,thompho01_2017,23.68543856465402,2016-present
Philadelphia 76ers_2018,anderju01_2018,22.781571499789035,2016-present
Philadelphia 76ers_2018,bayleje01_2018,30.4138126514911,2016-present
Philadelphia 76ers_2018,belinma01_2018,27.147743920996454,2016-present
Philadelphia 76ers_2018,booketr01_2018,22.22611077089287,2016-present
Philadelphia 76ers_2018,covinro01_2018,50.3189825016365,2016-present
Philadelphia 76ers_2018,embiijo01_2018,43.726422218150894,2016-present
Philadelphia 76ers_2018,holmeri01_2018,27.313000567495326,2016-present
Philadelphia 76ers_2018,ilyaser01_2018,23.53720459187964,2016-present
Philadelphia 76ers_2018,johnsam01_2018,34.219877264537345,2016-present
Philadelphia 76ers_2018,luwawti01_2018,28.407745422683583,2016-present
Philadelphia 76ers_2018,mccontj01_2018,41.30375285612676,2016-present
Philadelphia 76ers_2018,redicjj01_2018,46.0,2016-present
Philadelphia 76ers_2018,saricda01_2018,48.062459362791664,2016-present
Philadelphia 76ers_2018,simmobe01_2018,52.26853738148792,2016-present
Philadelphia 76ers_2019,boldejo01_2019,25.278449319529077,2016-present
Philadelphia 76ers_2019,butleji01_2019,42.708313008125245,2016-present
Philadelphia 76ers_2019,chandwi01_2019,30.83828789021855,2016-present
Philadelphia 76ers_2019,embiijo01_2019,46.411205543489174,2016-present
Philadelphia 76ers_2019,harrito02_2019,30.72458299147443,2016-present
Philadelphia 76ers_2019,johnsam01_2019,23.0,2016-present
Philadelphia 76ers_2019,korkmfu01_2019,26.057628441590765,2016-present
Philadelphia 76ers_2019,marjabo01_2019,17.46424919657298,2016-present
Philadelphia 76ers_2019,mccontj01_2019,38.34057902536163,2016-present
Philadelphia 76ers_2019,muscami01_2019,32.264531609803356,2016-present
Philadelphia 76ers_2019,redicjj01_2019,48.774993593028796,2016-present
Philadelphia 76ers_2019,scottmi01_2019,25.436194683953808,2016-present
Philadelphia 76ers_2019,shamela01_2019,33.28663395418648,2016-present
Philadelphia 76ers_2019,simmobe01_2019,51.96152422706632,2016-present
Philadelphia 76ers_2020,burketr01_2020,18.138357147217054,2016-present
Philadelphia 76ers_2020,embiijo01_2020,38.80721582386451,2016-present
Philadelphia 76ers_2020,ennisja01_2020,27.85677655436824,2016-present
Philadelphia 76ers_2020,harrito02_2020,49.68903299521938,2016-present
Philadelphia 76ers_2020,horfoal01_2020,45.0,2016-present
Philadelphia 76ers_2020,korkmfu01_2020,39.48417404479927,2016-present
Philadelphia 76ers_2020,miltosh01_2020,28.372521918222215,2016-present
Philadelphia 76ers_2020,netora01_2020,25.84569596664017,2016-present
Philadelphia 76ers_2020,oquinky01_2020,17.69180601295413,2016-present
Philadelphia 76ers_2020,pelleno01_2020,15.231546211727817,2016-present
Philadelphia 76ers_2020,richajo01_2020,41.14608122288197,2016-present
Philadelphia 76ers_2020,scottmi01_2020,34.741905532080416,2016-present
Philadelphia 76ers_2020,simmobe01_2020,44.91102314577124,2016-present
Philadelphia 76ers_2020,thybuma01_2020,35.874782229304195,2016-present
Philadelphia 76ers_2021,curryse01_2021,40.47221268969612,2016-present
Philadelphia 76ers_2021,embiijo01_2021,39.81205847478876,2016-present
Philadelphia 76ers_2021,greenda02_2021,43.977266854592045,2016-present
Philadelphia 76ers_2021,harrito02_2021,44.87761134463375,2016-present
Philadelphia 76ers_2021,howardw01_2021,34.583232931581165,2016-present
Philadelphia 76ers_2021,joeis01_2021,19.570385790780925,2016-present
Philadelphia 76ers_2021,korkmfu01_2021,32.58834147360065,2016-present
Philadelphia 76ers_2021,maxeyty01_2021,30.577769702841312,2016-present
Philadelphia 76ers_2021,miltosh01_2021,38.22302970723278,2016-present
Philadelphia 76ers_2021,reedpa01_2021,13.30413469565007,2016-present
Philadelphia 76ers_2021,scottmi01_2021,29.189039038652847,2016-present
Philadelphia 76ers_2021,simmobe01_2021,43.32435804486894,2016-present
Philadelphia 76ers_2021,thybuma01_2021,36.02776706930364,2016-present
Philadelphia 76ers_2022,bassech01_2022,12.96148139681572,2016-present
Philadelphia 76ers_2022,curryse01_2022,39.57271787481876,2016-present
Philadelphia 76ers_2022,drumman01_2022,30.033314835362415,2016-present
Philadelphia 76ers_2022,embiijo01_2022,47.92702786528704,2016-present
Philadelphia 76ers_2022,greenda02_2022,36.78314831549904,2016-present
Philadelphia 76ers_2022,hardeja01_2022,28.142494558940577,2016-present
Philadelphia 76ers_2022,harrito02_2022,50.428166732491874,2016-present
Philadelphia 76ers_2022,joeis01_2022,24.677925358506133,2016-present
Philadelphia 76ers_2022,korkmfu01_2022,37.603191353926334,2016-present
Philadelphia 76ers_2022,maxeyty01_2022,51.478150704935004,2016-present
Philadelphia 76ers_2022,miltosh01_2022,34.336569426778794,2016-present
Philadelphia 76ers_2022,niangge01_2022,41.66533331199932,2016-present
Philadelphia 76ers_2022,reedpa01_2022,17.378147196982766,2016-present
Philadelphia 76ers_2022,thybuma01_2022,41.048751503547585,2016-present
Philadelphia 76ers_2023,embiijo01_2023,47.791212581394085,2016-present
Philadelphia 76ers_2023,hardeja01_2023,46.20606020859169,2016-present
Philadelphia 76ers_2023,harremo01_2023,26.095976701399778,2016-present
Philadelphia 76ers_2023,harrito02_2023,49.35585071701227,2016-present
Philadelphia 76ers_2023,houseda01_2023,28.407745422683583,2016-present
Philadelphia 76ers_2023,korkmfu01_2023,18.788294228055936,2016-present
Philadelphia 76ers_2023,maxeyty01_2023,44.8998886412873,2016-present
Philadelphia 76ers_2023,mcdanja01_2023,20.46948949045872,2016-present
Philadelphia 76ers_2023,meltode01_2023,46.36809247747852,2016-present
Philadelphia 76ers_2023,miltosh01_2023,39.585350825778974,2016-present
Philadelphia 76ers_2023,niangge01_2023,38.88444419044716,2016-present
Philadelphia 76ers_2023,reedpa01_2023,27.477263328068172,2016-present
Philadelphia 76ers_2023,thybuma01_2023,24.310491562286437,2016-present
Philadelphia 76ers_2023,tuckepj01_2023,43.81780460041329,2016-present
Philadelphia 76ers_2024,bambamo01_2024,27.202941017470888,2016-present
Philadelphia 76ers_2024,batumni01_2024,38.40572873934304,2016-present
Philadelphia 76ers_2024,beverpa01_2024,30.315012782448235,2016-present
Philadelphia 76ers_2024,councri01_2024,17.0,2016-present
Philadelphia 76ers_2024,covinro01_2024,20.46948949045872,2016-present
Philadelphia 76ers_2024,embiijo01_2024,36.180105030251084,2016-present
Philadelphia 76ers_2024,harrito02_2024,48.662100242385755,2016-present
Philadelphia 76ers_2024,hieldbu01_2024,28.705400188814647,2016-present
Philadelphia 76ers_2024,houseda01_2024,22.561028345356956,2016-present
Philadelphia 76ers_2024,korkmfu01_2024,17.320508075688775,2016-present
Philadelphia 76ers_2024,lowryky01_2024,25.553864678361276,2016-present
Philadelphia 76ers_2024,martike04_2024,26.739483914241877,2016-present
Philadelphia 76ers_2024,maxeyty01_2024,51.24451190127583,2016-present
Philadelphia 76ers_2024,meltode01_2024,31.984371183438952,2016-present
Philadelphia 76ers_2024,morrima03_2024,25.238858928247925,2016-present
Philadelphia 76ers_2024,oubreke01_2024,45.332107826572546,2016-present
Philadelphia 76ers_2024,payneca01_2024,24.535688292770594,2016-present
Philadelphia 76ers_2024,reedpa01_2024,39.87480407475377,2016-present
Philadelphia 76ers_2024,sprinja01_2024,19.4164878389476,2016-present
Philadelphia 76ers_2025,bonaad01_2025,30.083217912982647,2016-present
Philadelphia 76ers_2025,butleja02_2025,26.115129714401192,2016-present
Philadelphia 76ers_2025,councri01_2025,35.35533905932738,2016-present
Philadelphia 76ers_2025,dowtije01_2025,24.919871588754223,2016-present
Philadelphia 76ers_2025,drumman01_2025,27.40437921208944,2016-present
Philadelphia 76ers_2025,edwarju01_2025,33.98529093593286,2016-present
Philadelphia 76ers_2025,georgpa01_2025,36.52396473549935,2016-present
Philadelphia 76ers_2025,gordoer01_2025,27.712812921102035,2016-present
Philadelphia 76ers_2025,grimequ01_2025,30.708305065568176,2016-present
Philadelphia 76ers_2025,jacksre01_2025,19.595917942265423,2016-present
Philadelphia 76ers_2025,lowryky01_2025,25.67099530598687,2016-present
Philadelphia 76ers_2025,martica02_2025,30.708305065568176,2016-present
Philadelphia 76ers_2025,martike04_2025,21.908902300206645,2016-present
Philadelphia 76ers_2025,maxeyty01_2025,44.27188724235731,2016-present
Philadelphia 76ers_2025,mccaija01_2025,24.331050121192877,2016-present
Philadelphia 76ers_2025,oubreke01_2025,45.58508528016593,2016-present
Philadelphia 76ers_2025,yabusgu01_2025,43.53159771935783,2016-present
Phoenix Suns_1999,baileto01_1999,15.7797338380595,1999-2007
Phoenix Suns_1999,brownge02_1999,15.362291495737216,1999-2007
Phoenix Suns_1999,chapmre01_1999,34.39476704383968,1999-2007
Phoenix Suns_1999,garripa01_1999,23.194827009486403,1999-2007
Phoenix Suns_1999,guglito01_1999,39.534794801541594,1999-2007
Phoenix Suns_1999,kiddja01_1999,45.387222871640866,1999-2007
Phoenix Suns_1999,kleinjo01_1999,19.339079605813716,1999-2007
Phoenix Suns_1999,longllu01_1999,30.54504869860253,1999-2007
Phoenix Suns_1999,mannida01_1999,34.40930106817051,1999-2007
Phoenix Suns_1999,mccloge01_1999,35.2845575287547,1999-2007
Phoenix Suns_1999,morrich01_1999,23.130067012440755,1999-2007
Phoenix Suns_1999,robincl02_1999,41.71330722922842,1999-2007
Phoenix Suns_2000,baileto01_2000,21.18962010041709,1999-2007
Phoenix Suns_2000,blounco01_2000,21.118712081942874,1999-2007
Phoenix Suns_2000,chapmre01_2000,30.93541659651604,1999-2007
Phoenix Suns_2000,dayto01_2000,30.675723300355934,1999-2007
Phoenix Suns_2000,guglito01_2000,42.035699113967404,1999-2007
Phoenix Suns_2000,hardaan01_2000,47.46577714522327,1999-2007
Phoenix Suns_2000,kiddja01_2000,51.146847410177685,1999-2007
Phoenix Suns_2000,livinra01_2000,32.87856444554719,1999-2007
Phoenix Suns_2000,longllu01_2000,37.64306044943742,1999-2007
Phoenix Suns_2000,mariosh01_2000,35.4964786985977,1999-2007
Phoenix Suns_2000,milleol01_2000,32.984845004941285,1999-2007
Phoenix Suns_2000,robincl02_2000,53.28226721902888,1999-2007
Phoenix Suns_2000,rogerro01_2000,47.81213235152768,1999-2007
Phoenix Suns_2000,westma01_2000,11.269427669584644,1999-2007
Phoenix Suns_2001,blounco01_2001,19.672315572906,1999-2007
Phoenix Suns_2001,delkto01_2001,47.83304297240559,1999-2007
Phoenix Suns_2001,delnevi01_2001,22.93468988235943,1999-2007
Phoenix Suns_2001,dudlech02_2001,24.758836806279895,1999-2007
Phoenix Suns_2001,eliema01_2001,38.80721582386451,1999-2007
Phoenix Suns_2001,guglito01_2001,34.044089061098404,1999-2007
Phoenix Suns_2001,kiddja01_2001,55.362442142665635,1999-2007
Phoenix Suns_2001,mariosh01_2001,53.45091205957107,1999-2007
Phoenix Suns_2001,mcphepa01_2001,17.549928774784245,1999-2007
Phoenix Suns_2001,perryel01_2001,21.447610589527216,1999-2007
Phoenix Suns_2001,robincl02_2001,52.44997616777342,1999-2007
Phoenix Suns_2001,rogerro01_2001,46.72258554489466,1999-2007
Phoenix Suns_2001,santida01_2001,24.1039415863879,1999-2007
Phoenix Suns_2001,tsakaja01_2001,30.773365106858236,1999-2007
Phoenix Suns_2002,delkto01_2002,29.614185789921695,1999-2007
Phoenix Suns_2002,fordal02_2002,21.2602916254693,1999-2007
Phoenix Suns_2002,guglito01_2002,33.60059523282288,1999-2007
Phoenix Suns_2002,hardaan01_2002,49.61854492022111,1999-2007
Phoenix Suns_2002,johnsjo02_2002,30.215889859476256,1999-2007
Phoenix Suns_2002,majerda01_2002,34.351128074635334,1999-2007
Phoenix Suns_2002,marbust01_2002,56.45352070508977,1999-2007
Phoenix Suns_2002,mariosh01_2002,55.758407437802596,1999-2007
Phoenix Suns_2002,outlabo01_2002,42.04759208325728,1999-2007
Phoenix Suns_2002,palacmi01_2002,16.492422502470642,1999-2007
Phoenix Suns_2002,rogerro01_2002,35.41186241925155,1999-2007
Phoenix Suns_2002,tsakaja01_2002,39.774363602702685,1999-2007
Phoenix Suns_2002,voskuja01_2002,30.0,1999-2007
Phoenix Suns_2002,wallajo01_2002,22.135943621178654,1999-2007
Phoenix Suns_2003,brownra02_2003,16.186414056238647,1999-2007
Phoenix Suns_2003,guglito01_2003,21.142374511865974,1999-2007
Phoenix Suns_2003,hardaan01_2003,42.15447781671598,1999-2007
Phoenix Suns_2003,jacobca01_2003,33.8673884437522,1999-2007
Phoenix Suns_2003,johnsjo02_2003,47.486840282335066,1999-2007
Phoenix Suns_2003,langhda01_2003,23.259406699226016,1999-2007
Phoenix Suns_2003,marbust01_2003,56.92099788303083,1999-2007
Phoenix Suns_2003,mariosh01_2003,58.077534382926416,1999-2007
Phoenix Suns_2003,outlabo01_2003,42.42640687119285,1999-2007
Phoenix Suns_2003,stoudam01_2003,50.695167422546305,1999-2007
Phoenix Suns_2003,tsakaja01_2003,23.302360395462088,1999-2007
Phoenix Suns_2003,voskuja01_2003,30.773365106858236,1999-2007
Phoenix Suns_2003,willisc01_2003,29.5296461204668,1999-2007
Phoenix Suns_2004,barbole01_2004,38.72983346207417,1999-2007
Phoenix Suns_2004,cabarza01_2004,23.874672772626646,1999-2007
Phoenix Suns_2004,eisleho01_2004,26.962937525425527,1999-2007
Phoenix Suns_2004,guglito01_2004,17.435595774162696,1999-2007
Phoenix Suns_2004,hardaan01_2004,29.597297173897484,1999-2007
Phoenix Suns_2004,harvedo01_2004,20.92844953645635,1999-2007
Phoenix Suns_2004,jacobca01_2004,42.7551166528639,1999-2007
Phoenix Suns_2004,johnsjo02_2004,57.7148161220323,1999-2007
Phoenix Suns_2004,lampema01_2004,14.966629547095765,1999-2007
Phoenix Suns_2004,marbust01_2004,37.61648574760805,1999-2007
Phoenix Suns_2004,mariosh01_2004,56.71860364994893,1999-2007
Phoenix Suns_2004,mcdyean01_2004,22.494443758403985,1999-2007
Phoenix Suns_2004,stoudam01_2004,45.0,1999-2007
Phoenix Suns_2004,voskuja01_2004,40.07492981902776,1999-2007
Phoenix Suns_2004,whiteja01_2004,29.34280150224242,1999-2007
Phoenix Suns_2005,barbole01_2005,32.96968304366907,1999-2007
Phoenix Suns_2005,huntest01_2005,32.341923257592455,1999-2007
Phoenix Suns_2005,jacksji01_2005,31.575306807693888,1999-2007
Phoenix Suns_2005,jacobca01_2005,27.712812921102035,1999-2007
Phoenix Suns_2005,johnsjo02_2005,56.92099788303083,1999-2007
Phoenix Suns_2005,mariosh01_2005,56.089214649520635,1999-2007
Phoenix Suns_2005,mccarwa01_2005,18.788294228055936,1999-2007
Phoenix Suns_2005,nashst01_2005,50.724747411889595,1999-2007
Phoenix Suns_2005,outlabo01_2005,14.628738838327793,1999-2007
Phoenix Suns_2005,richaqu01_2005,53.28226721902888,1999-2007
Phoenix Suns_2005,stoudam01_2005,53.749418601506754,1999-2007
Phoenix Suns_2005,voskuja01_2005,18.973665961010276,1999-2007
Phoenix Suns_2006,barbole01_2006,39.89987468652001,1999-2007
Phoenix Suns_2006,bellra01_2006,54.396691075836586,1999-2007
Phoenix Suns_2006,burkepa01_2006,18.601075237738275,1999-2007
Phoenix Suns_2006,diawbo01_2006,53.60970061472084,1999-2007
Phoenix Suns_2006,grantbr01_2006,15.748015748023622,1999-2007
Phoenix Suns_2006,houseed01_2006,37.69615364994153,1999-2007
Phoenix Suns_2006,jacksji01_2006,20.493901531919196,1999-2007
Phoenix Suns_2006,jonesja02_2006,42.09513035969837,1999-2007
Phoenix Suns_2006,mariosh01_2006,57.12267500739089,1999-2007
Phoenix Suns_2006,nashst01_2006,52.87721626560914,1999-2007
Phoenix Suns_2006,thomaku01_2006,37.5632799419859,1999-2007
Phoenix Suns_2006,thomati01_2006,25.179356624028344,1999-2007
Phoenix Suns_2007,banksma01_2007,22.427661492005804,1999-2007
Phoenix Suns_2007,barbole01_2007,51.11751167652823,1999-2007
Phoenix Suns_2007,bellra01_2007,54.00925846556311,1999-2007
Phoenix Suns_2007,burkepa01_2007,12.806248474865697,1999-2007
Phoenix Suns_2007,diawbo01_2007,47.62352359916263,1999-2007
Phoenix Suns_2007,jonesja02_2007,37.094473981982816,1999-2007
Phoenix Suns_2007,mariosh01_2007,54.86346689738081,1999-2007
Phoenix Suns_2007,nashst01_2007,51.78802950489621,1999-2007
Phoenix Suns_2007,roseja01_2007,15.684387141358123,1999-2007
Phoenix Suns_2007,stoudam01_2007,51.85556864985669,1999-2007
Phoenix Suns_2007,thomaku01_2007,34.75629439396553,1999-2007
Phoenix Suns_2008,banksma01_2008,17.60681686165901,2008-2015
Phoenix Suns_2008,barbole01_2008,49.20365840057018,2008-2015
Phoenix Suns_2008,bellra01_2008,51.43928459844674,2008-2015
Phoenix Suns_2008,diawbo01_2008,48.041648597857254,2008-2015
Phoenix Suns_2008,giricgo01_2008,21.02379604162864,2008-2015
Phoenix Suns_2008,hillgr01_2008,47.138094997570704,2008-2015
Phoenix Suns_2008,mariosh01_2008,41.38840417314975,2008-2015
Phoenix Suns_2008,nashst01_2008,52.72570530585627,2008-2015
Phoenix Suns_2008,onealsh01_2008,28.337254630609507,2008-2015
Phoenix Suns_2008,skinnbr01_2008,29.0516780926679,2008-2015
Phoenix Suns_2008,stoudam01_2008,51.73973328110612,2008-2015
Phoenix Suns_2008,strawdj01_2008,16.431676725154983,2008-2015
Phoenix Suns_2009,amundlo01_2009,32.31098884280702,2008-2015
Phoenix Suns_2009,barbole01_2009,41.291645644125154,2008-2015
Phoenix Suns_2009,barnema02_2009,45.628938186199335,2008-2015
Phoenix Suns_2009,bellra01_2009,26.68332812825267,2008-2015
Phoenix Suns_2009,diawbo01_2009,23.194827009486403,2008-2015
Phoenix Suns_2009,dragigo01_2009,26.981475126464083,2008-2015
Phoenix Suns_2009,dudleja01_2009,26.981475126464083,2008-2015
Phoenix Suns_2009,hillgr01_2009,49.44694126030446,2008-2015
Phoenix Suns_2009,lopezro01_2009,24.779023386727733,2008-2015
Phoenix Suns_2009,nashst01_2009,49.839743177508446,2008-2015
Phoenix Suns_2009,onealsh01_2009,47.45524207081869,2008-2015
Phoenix Suns_2009,richaja01_2009,43.80639222761902,2008-2015
Phoenix Suns_2009,stoudam01_2009,44.13615298142782,2008-2015
Phoenix Suns_2009,tuckeal02_2009,16.792855623746664,2008-2015
Phoenix Suns_2010,amundlo01_2010,34.17601498127012,2008-2015
Phoenix Suns_2010,barbole01_2010,28.035691537752374,2008-2015
Phoenix Suns_2010,clarkea01_2010,19.570385790780925,2008-2015
Phoenix Suns_2010,collija03_2010,16.15549442140351,2008-2015
Phoenix Suns_2010,dragigo01_2010,37.97367509209505,2008-2015
Phoenix Suns_2010,dudleja01_2010,44.62062303464621,2008-2015
Phoenix Suns_2010,fryech01_2010,46.79743582719036,2008-2015
Phoenix Suns_2010,hillgr01_2010,49.29503017546495,2008-2015
Phoenix Suns_2010,lopezro01_2010,31.400636936215164,2008-2015
Phoenix Suns_2010,nashst01_2010,51.57518783291051,2008-2015
Phoenix Suns_2010,richaja01_2010,49.84977432245807,2008-2015
Phoenix Suns_2010,stoudam01_2010,53.27288240746881,2008-2015
Phoenix Suns_2011,brookaa01_2011,21.748563170931547,2008-2015
Phoenix Suns_2011,cartevi01_2011,37.242448899072144,2008-2015
Phoenix Suns_2011,childjo01_2011,29.899832775452108,2008-2015
Phoenix Suns_2011,dowdeza01_2011,17.08800749063506,2008-2015
Phoenix Suns_2011,dragigo01_2011,29.257477676655586,2008-2015
Phoenix Suns_2011,dudleja01_2011,46.26013402488151,2008-2015
Phoenix Suns_2011,fryech01_2011,50.40833264451424,2008-2015
Phoenix Suns_2011,gortama01_2011,40.44749683231337,2008-2015
Phoenix Suns_2011,hillgr01_2011,49.08156476723211,2008-2015
Phoenix Suns_2011,lopezro01_2011,31.480152477394387,2008-2015
Phoenix Suns_2011,nashst01_2011,49.969990994595946,2008-2015
Phoenix Suns_2011,pietrmi01_2011,26.248809496813376,2008-2015
Phoenix Suns_2011,richaja01_2011,28.21347195933177,2008-2015
Phoenix Suns_2011,silerga01_2011,10.04987562112089,2008-2015
Phoenix Suns_2011,turkohe01_2011,25.099800796022265,2008-2015
Phoenix Suns_2011,warriha01_2011,37.62977544445356,2008-2015
Phoenix Suns_2012,brownsh01_2012,37.416573867739416,2008-2015
Phoenix Suns_2012,childjo01_2012,22.15851980616034,2008-2015
Phoenix Suns_2012,dudleja01_2012,44.94441010848846,2008-2015
Phoenix Suns_2012,fryech01_2012,40.85339643163099,2008-2015
Phoenix Suns_2012,gortama01_2012,45.9782557302906,2008-2015
Phoenix Suns_2012,hillgr01_2012,37.12142238654117,2008-2015
Phoenix Suns_2012,lopezro01_2012,29.916550603303182,2008-2015
Phoenix Suns_2012,morrima02_2012,35.02855977627399,2008-2015
Phoenix Suns_2012,nashst01_2012,44.28317965096906,2008-2015
Phoenix Suns_2012,pricero01_2012,22.737634001804146,2008-2015
Phoenix Suns_2012,reddmi01_2012,27.748873851023216,2008-2015
Phoenix Suns_2012,telfase01_2012,29.916550603303182,2008-2015
Phoenix Suns_2012,warriha01_2012,22.427661492005804,2008-2015
Phoenix Suns_2013,beaslmi01_2013,39.42080668885405,2008-2015
Phoenix Suns_2013,brownsh01_2013,37.44329045369811,2008-2015
Phoenix Suns_2013,dragigo01_2013,50.80354318352215,2008-2015
Phoenix Suns_2013,dudleja01_2013,46.58325879540846,2008-2015
Phoenix Suns_2013,gortama01_2013,43.31281565541543,2008-2015
Phoenix Suns_2013,johnswe01_2013,30.870698080866262,2008-2015
Phoenix Suns_2013,marshke01_2013,26.49528259898354,2008-2015
Phoenix Suns_2013,morrima02_2013,42.86023798347368,2008-2015
Phoenix Suns_2013,morrima03_2013,19.235384061671343,2008-2015
Phoenix Suns_2013,onealje01_2013,32.07802986469088,2008-2015
Phoenix Suns_2013,scolalu01_2013,46.73328578219169,2008-2015
Phoenix Suns_2013,telfase01_2013,28.19574435974337,2008-2015
Phoenix Suns_2013,tuckepj01_2013,43.70354676682432,2008-2015
Phoenix Suns_2014,bledser01_2014,37.62977544445356,2008-2015
Phoenix Suns_2014,chrisdi01_2014,14.071247279470288,2008-2015
Phoenix Suns_2014,dragigo01_2014,51.65268628057983,2008-2015
Phoenix Suns_2014,fryech01_2014,48.08326112068523,2008-2015
Phoenix Suns_2014,goodwar01_2014,23.08679276123039,2008-2015
Phoenix Suns_2014,greenge01_2014,48.27007354458868,2008-2015
Phoenix Suns_2014,lenal01_2014,19.026297590440446,2008-2015
Phoenix Suns_2014,morrima02_2014,46.400431032480725,2008-2015
Phoenix Suns_2014,morrima03_2014,42.42640687119285,2008-2015
Phoenix Suns_2014,plumlmi01_2014,44.31703961232068,2008-2015
Phoenix Suns_2014,smithis01_2014,31.71750305430741,2008-2015
Phoenix Suns_2014,tuckepj01_2014,49.8998997994986,2008-2015
Phoenix Suns_2015,bledser01_2015,52.91502622129181,2008-2015
Phoenix Suns_2015,dragigo01_2015,41.65333119931706,2008-2015
Phoenix Suns_2015,goodwar01_2015,23.130067012440755,2008-2015
Phoenix Suns_2015,greenge01_2015,38.02630668366309,2008-2015
Phoenix Suns_2015,lenal01_2015,38.961519477556315,2008-2015
Phoenix Suns_2015,morrima02_2015,50.80354318352215,2008-2015
Phoenix Suns_2015,morrima03_2015,45.221676218380054,2008-2015
Phoenix Suns_2015,plumlmi01_2015,31.701734968294716,2008-2015
Phoenix Suns_2015,thomais02_2015,34.36568055487916,2008-2015
Phoenix Suns_2015,tollian01_2015,16.492422502470642,2008-2015
Phoenix Suns_2015,tuckepj01_2015,48.815980989835694,2008-2015
Phoenix Suns_2015,warretj01_2015,24.779023386727733,2008-2015
Phoenix Suns_2015,wrighbr03_2015,29.29163703175362,2008-2015
Phoenix Suns_2016,bledser01_2016,32.54228019054596,2016-present
Phoenix Suns_2016,bookede01_2016,45.91296113299599,2016-present
Phoenix Suns_2016,chandty01_2016,40.22437072223753,2016-present
Phoenix Suns_2016,goodwar01_2016,33.37663853655727,2016-present
Phoenix Suns_2016,jenkijo01_2016,16.941074346097416,2016-present
Phoenix Suns_2016,knighbr03_2016,43.243496620879306,2016-present
Phoenix Suns_2016,lenal01_2016,42.67317658670374,2016-present
Phoenix Suns_2016,leuerjo01_2016,35.4259791678367,2016-present
Phoenix Suns_2016,morrima02_2016,30.28200785945344,2016-present
Phoenix Suns_2016,pricero01_2016,34.79942528261063,2016-present
Phoenix Suns_2016,teletmi01_2016,41.060930335295616,2016-present
Phoenix Suns_2016,tuckepj01_2016,50.39841267341661,2016-present
Phoenix Suns_2016,warretj01_2016,32.71085446759225,2016-present
Phoenix Suns_2016,weemsso01_2016,20.518284528683193,2016-present
Phoenix Suns_2017,barbole01_2017,31.0322412983658,2016-present
Phoenix Suns_2017,bendedr01_2017,23.958297101421877,2016-present
Phoenix Suns_2017,bledser01_2017,46.647615158762406,2016-present
Phoenix Suns_2017,bookede01_2017,52.24940191045253,2016-present
Phoenix Suns_2017,chandty01_2017,36.02776706930364,2016-present
Phoenix Suns_2017,chrisma01_2017,41.7492514902962,2016-present
Phoenix Suns_2017,dudleja01_2017,36.90528417449187,2016-present
Phoenix Suns_2017,jonesde02_2017,23.345235059857504,2016-present
Phoenix Suns_2017,knighbr03_2017,33.76388603226827,2016-present
Phoenix Suns_2017,lenal01_2017,39.496835316262995,2016-present
Phoenix Suns_2017,tuckepj01_2017,40.33608806019741,2016-present
Phoenix Suns_2017,ulisty01_2017,33.51119216023208,2016-present
Phoenix Suns_2017,warretj01_2017,45.254833995939045,2016-present
Phoenix Suns_2017,willial03_2017,26.60826939130014,2016-present
Phoenix Suns_2018,bendedr01_2018,45.48626166217664,2016-present
Phoenix Suns_2018,bookede01_2018,43.18564576337837,2016-present
Phoenix Suns_2018,chandty01_2018,33.926390907374746,2016-present
Phoenix Suns_2018,chrisma01_2018,39.07684736515984,2016-present
Phoenix Suns_2018,danietr01_2018,40.27406113120453,2016-present
Phoenix Suns_2018,dudleja01_2018,26.19160170741759,2016-present
Phoenix Suns_2018,harrish01_2018,19.595917942265423,2016-present
Phoenix Suns_2018,houseda01_2018,20.074859899884732,2016-present
Phoenix Suns_2018,jacksjo02_2018,44.26059195266146,2016-present
Phoenix Suns_2018,jamesmi02_2018,25.865034312755125,2016-present
Phoenix Suns_2018,lenal01_2018,37.3496987939662,2016-present
Phoenix Suns_2018,reedda01_2018,15.556349186104045,2016-present
Phoenix Suns_2018,ulisty01_2018,40.718546143004666,2016-present
Phoenix Suns_2018,warretj01_2018,46.281745861624536,2016-present
Phoenix Suns_2019,arizatr01_2019,29.732137494637012,2016-present
Phoenix Suns_2019,aytonde01_2019,46.72258554489466,2016-present
Phoenix Suns_2019,bendedr01_2019,28.74021572639983,2016-present
Phoenix Suns_2019,bookede01_2019,47.34976240700686,2016-present
Phoenix Suns_2019,bridgmi01_2019,49.16299421312742,2016-present
Phoenix Suns_2019,crawfja01_2019,34.79942528261063,2016-present
Phoenix Suns_2019,danietr01_2019,27.568097504180443,2016-present
Phoenix Suns_2019,holmeri01_2019,34.40930106817051,2016-present
Phoenix Suns_2019,jacksjo02_2019,44.58699361921591,2016-present
Phoenix Suns_2019,meltode01_2019,31.368774282716245,2016-present
Phoenix Suns_2019,okoboel01_2019,30.95157508108432,2016-present
Phoenix Suns_2019,oubreke01_2019,34.351128074635334,2016-present
Phoenix Suns_2019,warretj01_2019,36.87817782917155,2016-present
Phoenix Suns_2020,aytonde01_2020,35.156791662493895,2016-present
Phoenix Suns_2020,baynear01_2020,30.56141357987225,2016-present
Phoenix Suns_2020,bookede01_2020,50.11985634456667,2016-present
Phoenix Suns_2020,bridgmi01_2020,45.18849411078001,2016-present
Phoenix Suns_2020,carteje01_2020,30.740852297878796,2016-present
Phoenix Suns_2020,diallch01_2020,21.88606862823929,2016-present
Phoenix Suns_2020,jeromty01_2020,18.110770276274835,2016-present
Phoenix Suns_2020,johnsca02_2020,35.4259791678367,2016-present
Phoenix Suns_2020,johnsty01_2020,22.693611435820433,2016-present
Phoenix Suns_2020,kaminfr01_2020,27.874719729532707,2016-present
Phoenix Suns_2020,okoboel01_2020,26.814175355583846,2016-present
Phoenix Suns_2020,oubreke01_2020,43.965895873961216,2016-present
Phoenix Suns_2020,rubiori01_2020,44.8998886412873,2016-present
Phoenix Suns_2020,saricda01_2020,40.39801975344831,2016-present
Phoenix Suns_2021,aytonde01_2021,45.98912915026767,2016-present
Phoenix Suns_2021,bookede01_2021,47.644516998286385,2016-present
Phoenix Suns_2021,bridgmi01_2021,48.45616575834287,2016-present
Phoenix Suns_2021,carteje01_2021,26.77685567799177,2016-present
Phoenix Suns_2021,craigto01_2021,24.535688292770594,2016-present
Phoenix Suns_2021,crowdja01_2021,40.59556626036888,2016-present
Phoenix Suns_2021,gallola01_2021,20.92844953645635,2016-present
Phoenix Suns_2021,johnsca02_2021,37.907782842049734,2016-present
Phoenix Suns_2021,kaminfr01_2021,26.739483914241877,2016-present
Phoenix Suns_2021,mooreet01_2021,19.72308292331602,2016-present
Phoenix Suns_2021,naderab01_2021,18.841443681416774,2016-present
Phoenix Suns_2021,paulch01_2021,46.89349635077342,2016-present
Phoenix Suns_2021,payneca01_2021,32.848135411313685,2016-present
Phoenix Suns_2021,saricda01_2021,29.512709126747414,2016-present
Phoenix Suns_2021,smithja04_2021,12.489995996796797,2016-present
Phoenix Suns_2022,aytonde01_2022,41.38840417314975,2016-present
Phoenix Suns_2022,biyombi01_2022,22.494443758403985,2016-present
Phoenix Suns_2022,bookede01_2022,48.425200051213004,2016-present
Phoenix Suns_2022,bridgmi01_2022,53.422841556772326,2016-present
Phoenix Suns_2022,craigto01_2022,23.706539182259394,2016-present
Phoenix Suns_2022,crowdja01_2022,43.42810150121693,2016-present
Phoenix Suns_2022,holidaa01_2022,18.920887928424502,2016-present
Phoenix Suns_2022,johnsca02_2022,41.593268686170845,2016-present
Phoenix Suns_2022,mcgeeja01_2022,34.23448553724738,2016-present
Phoenix Suns_2022,paulch01_2022,46.24932431938871,2016-present
Phoenix Suns_2022,payneca01_2022,35.749125863438955,2016-present
Phoenix Suns_2022,paytoel01_2022,23.430749027719962,2016-present
Phoenix Suns_2022,shamela01_2022,37.907782842049734,2016-present
Phoenix Suns_2022,smithja04_2022,19.544820285692065,2016-present
Phoenix Suns_2022,wainris01_2022,18.947295321496416,2016-present
Phoenix Suns_2023,aytonde01_2023,45.110974274559844,2016-present
Phoenix Suns_2023,biyombi01_2023,29.563490998188964,2016-present
Phoenix Suns_2023,bookede01_2023,42.83689998120779,2016-present
Phoenix Suns_2023,bridgmi01_2023,45.16635916254486,2016-present
Phoenix Suns_2023,craigto01_2023,44.13615298142782,2016-present
Phoenix Suns_2023,landajo01_2023,31.28897569432403,2016-present
Phoenix Suns_2023,leeda03_2023,38.80721582386451,2016-present
Phoenix Suns_2023,leesa01_2023,19.05255888325765,2016-present
Phoenix Suns_2023,okogijo01_2023,36.742346141747674,2016-present
Phoenix Suns_2023,paulch01_2023,43.46262762420146,2016-present
Phoenix Suns_2023,payneca01_2023,31.11269837220809,2016-present
Phoenix Suns_2023,rosste01_2023,19.6468827043885,2016-present
Phoenix Suns_2023,saricda01_2023,23.08679276123039,2016-present
Phoenix Suns_2023,shamela01_2023,28.407745422683583,2016-present
Phoenix Suns_2023,wainris01_2023,30.24896692450835,2016-present
Phoenix Suns_2023,washidu02_2023,19.849433241279208,2016-present
Phoenix Suns_2024,allengr01_2024,50.12983143797713,2016-present
Phoenix Suns_2024,bateske01_2024,24.43358344574123,2016-present
Phoenix Suns_2024,bealbr01_2024,42.035699113967404,2016-present
Phoenix Suns_2024,bolbo01_2024,21.656407827707714,2016-present
Phoenix Suns_2024,bookede01_2024,49.467160824126545,2016-present
Phoenix Suns_2024,duranke01_2024,52.82991576748916,2016-present
Phoenix Suns_2024,eubandr01_2024,34.19064199455752,2016-present
Phoenix Suns_2024,goodwjo01_2024,23.62202362203543,2016-present
Phoenix Suns_2024,gordoer01_2024,43.508619835614184,2016-present
Phoenix Suns_2024,leesa01_2024,13.601470508735444,2016-present
Phoenix Suns_2024,littlna01_2024,21.400934559032695,2016-present
Phoenix Suns_2024,metuch01_2024,21.166010488516726,2016-present
Phoenix Suns_2024,nurkiju01_2024,45.58508528016593,2016-present
Phoenix Suns_2024,okogijo01_2024,30.983866769659336,2016-present
Phoenix Suns_2024,onealro01_2024,27.422618401604176,2016-present
Phoenix Suns_2024,watanyu01_2024,19.544820285692065,2016-present
Phoenix Suns_2025,allengr01_2025,39.293765408777,2016-present
Phoenix Suns_2025,bealbr01_2025,41.255302689472536,2016-present
Phoenix Suns_2025,bolbo01_2025,21.166010488516726,2016-present
Phoenix Suns_2025,bookede01_2025,52.86775955154521,2016-present
Phoenix Suns_2025,dunnry01_2025,37.54996671103717,2016-present
Phoenix Suns_2025,duranke01_2025,47.59201613716318,2016-present
Phoenix Suns_2025,gilleco01_2025,21.470910553583888,2016-present
Phoenix Suns_2025,ighodos01_2025,32.32645975048923,2016-present
Phoenix Suns_2025,jonesty01_2025,46.62617290749907,2016-present
Phoenix Suns_2025,leeda03_2025,12.0,2016-present
Phoenix Suns_2025,morrimo01_2025,23.895606290697042,2016-present
Phoenix Suns_2025,nurkiju01_2025,24.331050121192877,2016-present
Phoenix Suns_2025,okogijo01_2025,18.734993995195193,2016-present
Phoenix Suns_2025,onealro01_2025,42.86023798347368,2016-present
Phoenix Suns_2025,plumlma01_2025,36.05551275463989,2016-present
Phoenix Suns_2025,richani01_2025,28.5657137141714,2016-present
Portland Trail Blazers_1999,anthogr01_1999,28.39013913315678,1999-2007
Portland Trail Blazers_1999,augmost01_1999,29.563490998188964,1999-2007
Portland Trail Blazers_1999,catoke01_1999,23.345235059857504,1999-2007
Portland Trail Blazers_1999,grantbr01_1999,39.05124837953327,1999-2007
Portland Trail Blazers_1999,jacksji01_1999,34.27827300200522,1999-2007
Portland Trail Blazers_1999,onealje01_1999,17.635192088548397,1999-2007
Portland Trail Blazers_1999,rideris01_1999,37.21558813185679,1999-2007
Portland Trail Blazers_1999,sabonar01_1999,36.72873534441391,1999-2007
Portland Trail Blazers_1999,stoudda01_1999,40.90232267243512,1999-2007
Portland Trail Blazers_1999,wallara01_1999,37.603191353926334,1999-2007
Portland Trail Blazers_1999,williwa02_1999,32.31098884280702,1999-2007
Portland Trail Blazers_2000,anthogr01_2000,39.344631145812,1999-2007
Portland Trail Blazers_2000,augmost01_2000,26.30589287593181,1999-2007
Portland Trail Blazers_2000,grantbr01_2000,36.359317925395686,1999-2007
Portland Trail Blazers_2000,onealje01_2000,29.30870177950569,1999-2007
Portland Trail Blazers_2000,pippesc01_2000,52.43090691567332,1999-2007
Portland Trail Blazers_2000,sabonar01_2000,41.08527716834828,1999-2007
Portland Trail Blazers_2000,schrede01_2000,40.76763422127902,1999-2007
Portland Trail Blazers_2000,smithst01_2000,51.85556864985669,1999-2007
Portland Trail Blazers_2000,stoudda01_2000,48.703182647543684,1999-2007
Portland Trail Blazers_2000,wallara01_2000,53.33854141237835,1999-2007
Portland Trail Blazers_2000,wellsbo01_2000,34.08812109811862,1999-2007
Portland Trail Blazers_2001,anthogr01_2001,29.257477676655586,1999-2007
Portland Trail Blazers_2001,augmost01_2001,34.38022687534217,1999-2007
Portland Trail Blazers_2001,davisda01_2001,46.49731175025068,1999-2007
Portland Trail Blazers_2001,kempsh01_2001,32.90896534380867,1999-2007
Portland Trail Blazers_2001,pippesc01_2001,46.184412955021955,1999-2007
Portland Trail Blazers_2001,sabonar01_2001,36.0416425818802,1999-2007
Portland Trail Blazers_2001,schrede01_2001,19.924858845171276,1999-2007
Portland Trail Blazers_2001,smithst01_2001,50.41825066382212,1999-2007
Portland Trail Blazers_2001,stoudda01_2001,51.526692111953004,1999-2007
Portland Trail Blazers_2001,stricro02_2001,18.734993995195193,1999-2007
Portland Trail Blazers_2001,wallara01_2001,54.22176684690383,1999-2007
Portland Trail Blazers_2001,wellsbo01_2001,44.66542286825459,1999-2007
Portland Trail Blazers_2002,anderde01_2002,43.12771730569565,1999-2007
Portland Trail Blazers_2002,boumtru01_2002,15.652475842498529,1999-2007
Portland Trail Blazers_2002,brunsri01_2002,22.80350850198276,1999-2007
Portland Trail Blazers_2002,davisda01_2002,49.467160824126545,1999-2007
Portland Trail Blazers_2002,dudlech02_2002,18.083141320025124,1999-2007
Portland Trail Blazers_2002,kempsh01_2002,35.09985754956849,1999-2007
Portland Trail Blazers_2002,kerrst01_2002,27.83882181415011,1999-2007
Portland Trail Blazers_2002,patteru01_2002,42.01190307520001,1999-2007
Portland Trail Blazers_2002,pippesc01_2002,44.67661580737735,1999-2007
Portland Trail Blazers_2002,randoza01_2002,15.427248620541512,1999-2007
Portland Trail Blazers_2002,stoudda01_2002,52.87721626560914,1999-2007
Portland Trail Blazers_2002,wallara01_2002,54.433445601027316,1999-2007
Portland Trail Blazers_2002,wellsbo01_2002,48.45616575834287,1999-2007
Portland Trail Blazers_2003,anderde01_2003,50.556898639058154,1999-2007
Portland Trail Blazers_2003,daniean01_2003,29.5296461204668,1999-2007
Portland Trail Blazers_2003,davisda01_2003,47.77028364998475,1999-2007
Portland Trail Blazers_2003,mcinnje01_2003,36.207733980463345,1999-2007
Portland Trail Blazers_2003,patteru01_2003,40.681691213615984,1999-2007
Portland Trail Blazers_2003,pippesc01_2003,43.71498598878879,1999-2007
Portland Trail Blazers_2003,randoza01_2003,36.069377593742864,1999-2007
Portland Trail Blazers_2003,sabonar01_2003,34.77067730142742,1999-2007
Portland Trail Blazers_2003,stoudda01_2003,36.26292872893749,1999-2007
Portland Trail Blazers_2003,wallara01_2003,51.807335387954474,1999-2007
Portland Trail Blazers_2003,wellsbo01_2003,48.948953002081666,1999-2007
Portland Trail Blazers_2003,woodsqy01_2003,18.275666882497067,1999-2007
Portland Trail Blazers_2004,abdursh01_2004,26.981475126464083,1999-2007
Portland Trail Blazers_2004,anderde01_2004,42.5440947723653,1999-2007
Portland Trail Blazers_2004,davisda01_2004,41.012193308819754,1999-2007
Portland Trail Blazers_2004,gilled01_2004,12.529964086141668,1999-2007
Portland Trail Blazers_2004,mcinnje01_2004,35.62302626111375,1999-2007
Portland Trail Blazers_2004,milesda01_2004,34.51086785347479,1999-2007
Portland Trail Blazers_2004,patteru01_2004,40.63249930782009,1999-2007
Portland Trail Blazers_2004,persowe01_2004,24.919871588754223,1999-2007
Portland Trail Blazers_2004,randoza01_2004,55.380501984001555,1999-2007
Portland Trail Blazers_2004,ratlith01_2004,31.874754901018456,1999-2007
Portland Trail Blazers_2004,stepavl01_2004,21.283796653792763,1999-2007
Portland Trail Blazers_2004,stoudda01_2004,55.839054433254866,1999-2007
Portland Trail Blazers_2004,wallara01_2004,40.92676385936225,1999-2007
Portland Trail Blazers_2004,woodsqy01_2004,25.942243542145693,1999-2007
Portland Trail Blazers_2005,abdursh01_2005,43.2087954009366,1999-2007
Portland Trail Blazers_2005,anderde01_2005,35.199431813596085,1999-2007
Portland Trail Blazers_2005,frahmri01_2005,22.338307903688676,1999-2007
Portland Trail Blazers_2005,khryavi01_2005,22.869193252058544,1999-2007
Portland Trail Blazers_2005,milesda01_2005,41.2189276910499,1999-2007
Portland Trail Blazers_2005,outlatr01_2005,28.160255680657446,1999-2007
Portland Trail Blazers_2005,patteru01_2005,44.23799272118933,1999-2007
Portland Trail Blazers_2005,przybjo01_2005,43.104524124504614,1999-2007
Portland Trail Blazers_2005,randoza01_2005,40.0374824383352,1999-2007
Portland Trail Blazers_2005,ratlith01_2005,41.60528812542944,1999-2007
Portland Trail Blazers_2005,stoudda01_2005,52.55473337388365,1999-2007
Portland Trail Blazers_2005,telfase01_2005,36.46916505762094,1999-2007
Portland Trail Blazers_2005,vanexni01_2005,40.23679907746142,1999-2007
Portland Trail Blazers_2006,blakest01_2006,42.20189569201838,1999-2007
Portland Trail Blazers_2006,dixonju01_2006,43.81780460041329,1999-2007
Portland Trail Blazers_2006,jackja01_2006,39.98749804626441,1999-2007
Portland Trail Blazers_2006,khryavi01_2006,38.62641583165593,1999-2007
Portland Trail Blazers_2006,milesda01_2006,35.86084215408221,1999-2007
Portland Trail Blazers_2006,moniase01_2006,18.33030277982336,1999-2007
Portland Trail Blazers_2006,outlatr01_2006,33.95585369269929,1999-2007
Portland Trail Blazers_2006,patteru01_2006,32.49615361854384,1999-2007
Portland Trail Blazers_2006,przybjo01_2006,37.3496987939662,1999-2007
Portland Trail Blazers_2006,randoza01_2006,50.44799302251776,1999-2007
Portland Trail Blazers_2006,ratlith01_2006,36.069377593742864,1999-2007
Portland Trail Blazers_2006,seungha01_2006,14.560219778561036,1999-2007
Portland Trail Blazers_2006,skinnbr01_2006,22.693611435820433,1999-2007
Portland Trail Blazers_2006,smithch04_2006,14.422205101855956,1999-2007
Portland Trail Blazers_2006,telfase01_2006,40.50925820105819,1999-2007
Portland Trail Blazers_2006,webstma02_2006,32.71085446759225,1999-2007
Portland Trail Blazers_2007,aldrila01_2007,37.30951621235526,1999-2007
Portland Trail Blazers_2007,dickada01_2007,21.071307505705477,1999-2007
Portland Trail Blazers_2007,dixonju01_2007,35.25620512760839,1999-2007
Portland Trail Blazers_2007,jackja01_2007,51.487862647424,1999-2007
Portland Trail Blazers_2007,jonesfr01_2007,21.18962010041709,1999-2007
Portland Trail Blazers_2007,lafrera01_2007,18.76166303929372,1999-2007
Portland Trail Blazers_2007,magloja01_2007,41.2674205639267,1999-2007
Portland Trail Blazers_2007,outlatr01_2007,39.14077158156185,1999-2007
Portland Trail Blazers_2007,przybjo01_2007,26.476404589747453,1999-2007
Portland Trail Blazers_2007,randoza01_2007,49.24428900898052,1999-2007
Portland Trail Blazers_2007,rodrise01_2007,29.359836511806396,1999-2007
Portland Trail Blazers_2007,roybr01_2007,44.88875137492688,1999-2007
Portland Trail Blazers_2007,udokaim01_2007,46.3033476111609,1999-2007
Portland Trail Blazers_2007,webstma02_2007,41.94043395102154,1999-2007
Portland Trail Blazers_2008,aldrila01_2008,51.468436929831086,2008-2015
Portland Trail Blazers_2008,blakest01_2008,49.23413450036468,2008-2015
Portland Trail Blazers_2008,fryech01_2008,36.6333181680284,2008-2015
Portland Trail Blazers_2008,jackja01_2008,47.21228653645151,2008-2015
Portland Trail Blazers_2008,jonesja02_2008,35.7211421989835,2008-2015
Portland Trail Blazers_2008,lafrera01_2008,17.05872210923198,2008-2015
Portland Trail Blazers_2008,outlatr01_2008,46.75467891024384,2008-2015
Portland Trail Blazers_2008,przybjo01_2008,42.649736224272246,2008-2015
Portland Trail Blazers_2008,rodrise01_2008,25.059928172283335,2008-2015
Portland Trail Blazers_2008,roybr01_2008,52.839379254491625,2008-2015
Portland Trail Blazers_2008,webstma02_2008,46.17358552246078,2008-2015
Portland Trail Blazers_2009,aldrila01_2009,54.80875842417888,2008-2015
Portland Trail Blazers_2009,batumni01_2009,38.13135192987524,2008-2015
Portland Trail Blazers_2009,bayleje01_2009,25.592967784139454,2008-2015
Portland Trail Blazers_2009,blakest01_2009,46.776062254106,2008-2015
Portland Trail Blazers_2009,fernaru01_2009,44.64302857109943,2008-2015
Portland Trail Blazers_2009,fryech01_2009,27.313000567495326,2008-2015
Portland Trail Blazers_2009,odengr01_2009,36.24913792078372,2008-2015
Portland Trail Blazers_2009,outlatr01_2009,47.391982444291145,2008-2015
Portland Trail Blazers_2009,przybjo01_2009,44.181444068749045,2008-2015
Portland Trail Blazers_2009,rodrise01_2009,35.0,2008-2015
Portland Trail Blazers_2009,roybr01_2009,53.879495172096775,2008-2015
Portland Trail Blazers_2010,aldrila01_2010,54.055527006958314,2008-2015
Portland Trail Blazers_2010,batumni01_2010,30.298514815086232,2008-2015
Portland Trail Blazers_2010,bayleje01_2010,36.11094017053558,2008-2015
Portland Trail Blazers_2010,blakest01_2010,37.376463182061514,2008-2015
Portland Trail Blazers_2010,cambyma01_2010,26.795522013948524,2008-2015
Portland Trail Blazers_2010,cunnida01_2010,26.589471600616662,2008-2015
Portland Trail Blazers_2010,fernaru01_2010,37.960505792204614,2008-2015
Portland Trail Blazers_2010,howarju01_2010,40.39801975344831,2008-2015
Portland Trail Blazers_2010,millean02_2010,50.0,2008-2015
Portland Trail Blazers_2010,odengr01_2010,22.40535650240808,2008-2015
Portland Trail Blazers_2010,pendeje02_2010,20.12461179749811,2008-2015
Portland Trail Blazers_2010,przybjo01_2010,26.095976701399778,2008-2015
Portland Trail Blazers_2010,roybr01_2010,49.18333050943175,2008-2015
Portland Trail Blazers_2010,webstma02_2010,44.77722635447622,2008-2015
Portland Trail Blazers_2011,aldrila01_2011,56.66568626602876,2008-2015
Portland Trail Blazers_2011,babbilu01_2011,11.704699910719626,2008-2015
Portland Trail Blazers_2011,batumni01_2011,50.21951811795888,2008-2015
Portland Trail Blazers_2011,cambyma01_2011,39.242833740697165,2008-2015
Portland Trail Blazers_2011,cunnida01_2011,33.28663395418648,2008-2015
Portland Trail Blazers_2011,fernaru01_2011,42.67317658670374,2008-2015
Portland Trail Blazers_2011,johnsar02_2011,16.64331697709324,2008-2015
Portland Trail Blazers_2011,marksse01_2011,14.422205101855956,2008-2015
Portland Trail Blazers_2011,matthwe02_2011,52.51666402200353,2008-2015
Portland Trail Blazers_2011,millean02_2011,51.478150704935004,2008-2015
Portland Trail Blazers_2011,millspa02_2011,27.982137159266443,2008-2015
Portland Trail Blazers_2011,przybjo01_2011,21.095023109728988,2008-2015
Portland Trail Blazers_2011,roybr01_2011,36.193922141707716,2008-2015
Portland Trail Blazers_2011,wallage01_2011,28.653097563788805,2008-2015
Portland Trail Blazers_2012,aldrila01_2012,44.654227123532216,2008-2015
Portland Trail Blazers_2012,babbilu01_2012,23.173260452512935,2008-2015
Portland Trail Blazers_2012,batumni01_2012,42.320207938997655,2008-2015
Portland Trail Blazers_2012,cambyma01_2012,29.899832775452108,2008-2015
Portland Trail Blazers_2012,crawfja01_2012,40.162171256046406,2008-2015
Portland Trail Blazers_2012,feltora01_2012,43.657759905886145,2008-2015
Portland Trail Blazers_2012,matthwe02_2012,47.20169488482379,2008-2015
Portland Trail Blazers_2012,przybjo01_2012,21.18962010041709,2008-2015
Portland Trail Blazers_2012,smithcr01_2012,21.540659228538015,2008-2015
Portland Trail Blazers_2012,smithno01_2012,23.259406699226016,2008-2015
Portland Trail Blazers_2012,thomaku01_2012,28.337254630609507,2008-2015
Portland Trail Blazers_2012,wallage01_2012,38.768543949960254,2008-2015
Portland Trail Blazers_2012,williel01_2012,12.206555615733702,2008-2015
Portland Trail Blazers_2013,aldrila01_2013,52.820450584977024,2008-2015
Portland Trail Blazers_2013,babbilu01_2013,27.018512172212592,2008-2015
Portland Trail Blazers_2013,bartowi01_2013,29.899832775452108,2008-2015
Portland Trail Blazers_2013,batumni01_2013,52.98112871579842,2008-2015
Portland Trail Blazers_2013,clavevi01_2013,28.495613697550013,2008-2015
Portland Trail Blazers_2013,freeljo01_2013,21.840329667841555,2008-2015
Portland Trail Blazers_2013,hicksjj01_2013,48.19751030914356,2008-2015
Portland Trail Blazers_2013,jeffrja01_2013,18.708286933869708,2008-2015
Portland Trail Blazers_2013,leoname01_2013,34.72751070837067,2008-2015
Portland Trail Blazers_2013,lillada01_2013,56.27610505356603,2008-2015
Portland Trail Blazers_2013,matthwe02_2013,49.02040391510457,2008-2015
Portland Trail Blazers_2013,maynoer01_2013,23.916521486202797,2008-2015
Portland Trail Blazers_2013,pavloal01_2013,22.978250586152114,2008-2015
Portland Trail Blazers_2013,pricero01_2013,22.58317958127243,2008-2015
Portland Trail Blazers_2013,smithno01_2013,16.97056274847714,2008-2015
Portland Trail Blazers_2014,aldrila01_2014,49.9799959983992,2008-2015
Portland Trail Blazers_2014,bartowi01_2014,19.672315572906,2008-2015
Portland Trail Blazers_2014,batumni01_2014,54.36910887627275,2008-2015
Portland Trail Blazers_2014,clavevi01_2014,13.564659966250536,2008-2015
Portland Trail Blazers_2014,freeljo01_2014,26.962937525425527,2008-2015
Portland Trail Blazers_2014,leoname01_2014,18.841443681416774,2008-2015
Portland Trail Blazers_2014,lillada01_2014,54.194095619356915,2008-2015
Portland Trail Blazers_2014,lopezro01_2014,51.01960407529639,2008-2015
Portland Trail Blazers_2014,matthwe02_2014,52.72570530585627,2008-2015
Portland Trail Blazers_2014,mccolcj01_2014,21.817424229271428,2008-2015
Portland Trail Blazers_2014,robinth01_2014,29.546573405388315,2008-2015
Portland Trail Blazers_2014,watsoea01_2014,12.68857754044952,2008-2015
Portland Trail Blazers_2014,willima01_2014,42.82522621072771,2008-2015
Portland Trail Blazers_2014,wrighdo01_2014,31.368774282716245,2008-2015
Portland Trail Blazers_2015,afflaar01_2015,27.422618401604176,2008-2015
Portland Trail Blazers_2015,aldrila01_2015,50.11985634456667,2008-2015
Portland Trail Blazers_2015,bartowi01_2015,17.320508075688775,2008-2015
Portland Trail Blazers_2015,batumni01_2015,48.78524367060187,2008-2015
Portland Trail Blazers_2015,blakest01_2015,39.102429592034305,2008-2015
Portland Trail Blazers_2015,crabbal01_2015,26.13426869074396,2008-2015
Portland Trail Blazers_2015,freeljo01_2015,24.839484696748443,2008-2015
Portland Trail Blazers_2015,kamanch01_2015,37.389838191679836,2008-2015
Portland Trail Blazers_2015,leoname01_2015,29.103264421710495,2008-2015
Portland Trail Blazers_2015,lillada01_2015,54.08326913195984,2008-2015
Portland Trail Blazers_2015,lopezro01_2015,40.47221268969612,2008-2015
Portland Trail Blazers_2015,matthwe02_2015,44.98888751680797,2008-2015
Portland Trail Blazers_2015,mccolcj01_2015,31.192947920964443,2008-2015
Portland Trail Blazers_2015,robinth01_2015,19.77371993328519,2008-2015
Portland Trail Blazers_2015,wrighdo01_2015,24.331050121192877,2008-2015
Portland Trail Blazers_2016,aminual01_2016,48.38388161361178,2016-present
Portland Trail Blazers_2016,connapa01_2016,11.958260743101398,2016-present
Portland Trail Blazers_2016,crabbal01_2016,45.880278987817846,2016-present
Portland Trail Blazers_2016,davised01_2016,41.036569057366385,2016-present
Portland Trail Blazers_2016,fraziti01_2016,16.492422502470642,2016-present
Portland Trail Blazers_2016,harklma01_2016,38.17066936798463,2016-present
Portland Trail Blazers_2016,hendege02_2016,37.82856063875548,2016-present
Portland Trail Blazers_2016,leoname01_2016,36.51027252705737,2016-present
Portland Trail Blazers_2016,lillada01_2016,51.73006862551025,2016-present
Portland Trail Blazers_2016,mccolcj01_2016,52.72570530585627,2016-present
Portland Trail Blazers_2016,plumlma01_2016,45.65084884205331,2016-present
Portland Trail Blazers_2016,roberbr01_2016,11.704699910719626,2016-present
Portland Trail Blazers_2016,vonleno01_2016,34.26368339802363,2016-present
Portland Trail Blazers_2017,aminual01_2017,42.1070065428546,2016-present
Portland Trail Blazers_2017,connapa01_2017,17.776388834631177,2016-present
Portland Trail Blazers_2017,crabbal01_2017,47.47630988187688,2016-present
Portland Trail Blazers_2017,davised01_2017,28.089143810376278,2016-present
Portland Trail Blazers_2017,harklma01_2017,47.148700936505136,2016-present
Portland Trail Blazers_2017,laymaja01_2017,15.7797338380595,2016-present
Portland Trail Blazers_2017,leoname01_2017,34.95711658589707,2016-present
Portland Trail Blazers_2017,lillada01_2017,51.90375708944392,2016-present
Portland Trail Blazers_2017,mccolcj01_2017,52.87721626560914,2016-present
Portland Trail Blazers_2017,napiesh01_2017,22.627416997969522,2016-present
Portland Trail Blazers_2017,plumlma01_2017,38.93584466786357,2016-present
Portland Trail Blazers_2017,turneev01_2017,40.718546143004666,2016-present
Portland Trail Blazers_2017,vonleno01_2017,35.566838487557476,2016-present
Portland Trail Blazers_2018,aminual01_2018,45.51922670696417,2016-present
Portland Trail Blazers_2018,colliza01_2018,32.32645975048923,2016-present
Portland Trail Blazers_2018,connapa01_2018,38.57460304397182,2016-present
Portland Trail Blazers_2018,davised01_2018,38.353617821530214,2016-present
Portland Trail Blazers_2018,harklma01_2018,35.552777669262355,2016-present
Portland Trail Blazers_2018,laymaja01_2018,12.649110640673518,2016-present
Portland Trail Blazers_2018,leoname01_2018,15.937377450509228,2016-present
Portland Trail Blazers_2018,lillada01_2018,51.67204273105525,2016-present
Portland Trail Blazers_2018,mccolcj01_2018,54.064775963653084,2016-present
Portland Trail Blazers_2018,napiesh01_2018,39.179076048319466,2016-present
Portland Trail Blazers_2018,nurkiju01_2018,45.69463863518345,2016-present
Portland Trail Blazers_2018,swanica01_2018,13.74772708486752,2016-present
Portland Trail Blazers_2018,turneev01_2018,45.09988913511872,2016-present
Portland Trail Blazers_2018,vonleno01_2018,21.817424229271428,2016-present
Portland Trail Blazers_2019,aminual01_2019,47.8748368143433,2016-present
Portland Trail Blazers_2019,colliza01_2019,36.823905279043935,2016-present
Portland Trail Blazers_2019,curryse01_2019,37.403208418530085,2016-present
Portland Trail Blazers_2019,harklma01_2019,37.61648574760805,2016-present
Portland Trail Blazers_2019,hoodro01_2019,25.67099530598687,2016-present
Portland Trail Blazers_2019,kanteen01_2019,22.627416997969522,2016-present
Portland Trail Blazers_2019,laymaja01_2019,36.42801120017397,2016-present
Portland Trail Blazers_2019,leoname01_2019,29.631064780058107,2016-present
Portland Trail Blazers_2019,lillada01_2019,53.27288240746881,2016-present
Portland Trail Blazers_2019,mccolcj01_2019,48.73397172404482,2016-present
Portland Trail Blazers_2019,nurkiju01_2019,44.429719783046124,2016-present
Portland Trail Blazers_2019,stausni01_2019,25.942243542145693,2016-present
Portland Trail Blazers_2019,turneev01_2019,40.06245124802026,2016-present
Portland Trail Blazers_2020,anthoca01_2020,43.61192497471305,2016-present
Portland Trail Blazers_2020,arizatr01_2020,26.49528259898354,2016-present
Portland Trail Blazers_2020,bazemke01_2020,33.331666624997915,2016-present
Portland Trail Blazers_2020,hezonma01_2020,29.512709126747414,2016-present
Portland Trail Blazers_2020,hoodro01_2020,24.879710609249457,2016-present
Portland Trail Blazers_2020,labissk01_2020,23.811761799581316,2016-present
Portland Trail Blazers_2020,lillada01_2020,49.73932046178355,2016-present
Portland Trail Blazers_2020,littlna01_2020,23.93741840717165,2016-present
Portland Trail Blazers_2020,mccolcj01_2020,50.556898639058154,2016-present
Portland Trail Blazers_2020,simonan01_2020,38.06573262134856,2016-present
Portland Trail Blazers_2020,tollian01_2020,23.53720459187964,2016-present
Portland Trail Blazers_2020,trentga02_2020,36.49657518178932,2016-present
Portland Trail Blazers_2020,whiteha01_2020,44.81071300481616,2016-present
Portland Trail Blazers_2021,anthoca01_2021,41.10960958218893,2016-present
Portland Trail Blazers_2021,covinro01_2021,47.36032094485847,2016-present
Portland Trail Blazers_2021,ellebcj01_2021,13.856406460551018,2016-present
Portland Trail Blazers_2021,gilesha01_2021,18.65475810617763,2016-present
Portland Trail Blazers_2021,hoodro01_2021,26.94438717061496,2016-present
Portland Trail Blazers_2021,jonesde02_2021,36.30426972134269,2016-present
Portland Trail Blazers_2021,kanteen01_2021,41.92851058647326,2016-present
Portland Trail Blazers_2021,lillada01_2021,48.96937818678118,2016-present
Portland Trail Blazers_2021,littlna01_2021,25.298221281347036,2016-present
Portland Trail Blazers_2021,mccolcj01_2021,40.0,2016-present
Portland Trail Blazers_2021,nurkiju01_2021,29.664793948382652,2016-present
Portland Trail Blazers_2021,powelno01_2021,30.463092423455635,2016-present
Portland Trail Blazers_2021,simonan01_2021,33.2264954516723,2016-present
Portland Trail Blazers_2021,trentga02_2021,35.52463933666322,2016-present
Portland Trail Blazers_2022,blevike01_2022,18.681541692269406,2016-present
Portland Trail Blazers_2022,browngr01_2022,25.298221281347036,2016-present
Portland Trail Blazers_2022,covinro01_2022,37.82856063875548,2016-present
Portland Trail Blazers_2022,ellebcj01_2022,34.26368339802363,2016-present
Portland Trail Blazers_2022,eubandr01_2022,25.495097567963924,2016-present
Portland Trail Blazers_2022,hugheel01_2022,17.944358444926362,2016-present
Portland Trail Blazers_2022,johnske07_2022,23.706539182259394,2016-present
Portland Trail Blazers_2022,lillada01_2022,32.49615361854384,2016-present
Portland Trail Blazers_2022,littlna01_2022,32.984845004941285,2016-present
Portland Trail Blazers_2022,mccolcj01_2022,35.59494346111537,2016-present
Portland Trail Blazers_2022,mclembe01_2022,35.84689665786984,2016-present
Portland Trail Blazers_2022,nancela02_2022,29.29163703175362,2016-present
Portland Trail Blazers_2022,nurkiju01_2022,39.736632972611055,2016-present
Portland Trail Blazers_2022,powelno01_2022,36.51027252705737,2016-present
Portland Trail Blazers_2022,simonan01_2022,41.0,2016-present
Portland Trail Blazers_2022,smithde03_2022,25.25866188063018,2016-present
Portland Trail Blazers_2022,snellto01_2022,23.366642891095847,2016-present
Portland Trail Blazers_2022,watfotr01_2022,29.478805945967352,2016-present
Portland Trail Blazers_2022,willibr03_2022,25.298221281347036,2016-present
Portland Trail Blazers_2022,zelleco01_2022,18.841443681416774,2016-present
Portland Trail Blazers_2023,eubandr01_2023,39.7994974842648,2016-present
Portland Trail Blazers_2023,grantje01_2023,47.391982444291145,2016-present
Portland Trail Blazers_2023,hartjo01_2023,41.27953488110059,2016-present
Portland Trail Blazers_2023,johnske07_2023,20.396078054371138,2016-present
Portland Trail Blazers_2023,knoxke01_2023,18.947295321496416,2016-present
Portland Trail Blazers_2023,lillada01_2023,45.902069670114,2016-present
Portland Trail Blazers_2023,littlna01_2023,31.240998703626616,2016-present
Portland Trail Blazers_2023,nurkiju01_2023,37.296112397943034,2016-present
Portland Trail Blazers_2023,sharpsh01_2023,42.17819341792628,2016-present
Portland Trail Blazers_2023,simonan01_2023,46.593991028886975,2016-present
Portland Trail Blazers_2023,thybuma01_2023,24.677925358506133,2016-present
Portland Trail Blazers_2023,walkeja01_2023,24.879710609249457,2016-present
Portland Trail Blazers_2023,watfotr01_2023,34.38022687534217,2016-present
Portland Trail Blazers_2023,winslju01_2023,27.85677655436824,2016-present
Portland Trail Blazers_2024,aytonde01_2024,42.23742416388575,2016-present
Portland Trail Blazers_2024,badjiib01_2024,15.033296378372908,2016-present
Portland Trail Blazers_2024,bantoda01_2024,29.597297173897484,2016-present
Portland Trail Blazers_2024,brogdma01_2024,33.481338085566414,2016-present
Portland Trail Blazers_2024,brownmo01_2024,14.142135623730951,2016-present
Portland Trail Blazers_2024,camarto01_2024,41.701318923986086,2016-present
Portland Trail Blazers_2024,grantje01_2024,42.77849927241488,2016-present
Portland Trail Blazers_2024,hendesc01_2024,42.01190307520001,2016-present
Portland Trail Blazers_2024,mayssk01_2024,18.867962264113206,2016-present
Portland Trail Blazers_2024,minayju01_2024,19.519221295943137,2016-present
Portland Trail Blazers_2024,murrakr01_2024,36.71511950137164,2016-present
Portland Trail Blazers_2024,reathdu01_2024,34.84250278036869,2016-present
Portland Trail Blazers_2024,ruperra01_2024,25.15949125081825,2016-present
Portland Trail Blazers_2024,sharpsh01_2024,32.54228019054596,2016-present
Portland Trail Blazers_2024,simonan01_2024,39.774363602702685,2016-present
Portland Trail Blazers_2024,thybuma01_2024,38.561638969317684,2016-present
Portland Trail Blazers_2024,walkeja01_2024,41.23105625617661,2016-present
Portland Trail Blazers_2025,avdijde01_2025,46.486557196677836,2016-present
Portland Trail Blazers_2025,aytonde01_2025,34.72751070837067,2016-present
Portland Trail Blazers_2025,bantoda01_2025,33.46640106136302,2016-present
Portland Trail Blazers_2025,camarto01_2025,50.47771785649585,2016-present
Portland Trail Blazers_2025,clingdo01_2025,36.38681079732051,2016-present
Portland Trail Blazers_2025,grantje01_2025,39.03844259188627,2016-present
Portland Trail Blazers_2025,hendesc01_2025,41.94043395102154,2016-present
Portland Trail Blazers_2025,murrakr01_2025,32.2490309931942,2016-present
Portland Trail Blazers_2025,reathdu01_2025,21.656407827707714,2016-present
Portland Trail Blazers_2025,ruperra01_2025,21.447610589527216,2016-present
Portland Trail Blazers_2025,sharpsh01_2025,47.45524207081869,2016-present
Portland Trail Blazers_2025,simonan01_2025,47.8748368143433,2016-present
Portland Trail Blazers_2025,walkeja01_2025,27.367864366808018,2016-present
Sacramento Kings_1999,abdulta01_1999,34.713109915419565,1999-2007
Sacramento Kings_1999,barryjo01_1999,27.129319932501073,1999-2007
Sacramento Kings_1999,divacvl01_1999,41.96427051671457,1999-2007
Sacramento Kings_1999,fundela01_1999,30.59411708155671,1999-2007
Sacramento Kings_1999,hawkimi01_1999,14.247806848775006,1999-2007
Sacramento Kings_1999,maxweve01_1999,31.73326330524486,1999-2007
Sacramento Kings_1999,stojape01_1999,32.01562118716424,1999-2007
Sacramento Kings_1999,webbech01_1999,41.46082488325576,1999-2007
Sacramento Kings_1999,willico02_1999,37.067505985701274,1999-2007
Sacramento Kings_1999,willija02_1999,42.485291572496,1999-2007
Sacramento Kings_2000,anderni01_2000,45.760244754590204,1999-2007
Sacramento Kings_2000,barryjo01_2000,35.79106033634656,1999-2007
Sacramento Kings_2000,corbity01_2000,30.675723300355934,1999-2007
Sacramento Kings_2000,delkto01_2000,26.115129714401192,1999-2007
Sacramento Kings_2000,divacvl01_2000,48.72371086031933,1999-2007
Sacramento Kings_2000,fundela01_2000,32.03123475609393,1999-2007
Sacramento Kings_2000,martida01_2000,29.88310559496787,1999-2007
Sacramento Kings_2000,pollasc01_2000,36.55133376499413,1999-2007
Sacramento Kings_2000,stojape01_2000,41.82104733265297,1999-2007
Sacramento Kings_2000,webbech01_2000,53.665631459994955,1999-2007
Sacramento Kings_2000,willico02_2000,41.31585652022719,1999-2007
Sacramento Kings_2000,willija02_2000,52.53570214625479,1999-2007
Sacramento Kings_2001,anderni01_2001,13.0,1999-2007
Sacramento Kings_2001,barryjo01_2001,31.78049716414141,1999-2007
Sacramento Kings_2001,chrisdo01_2001,54.2125446737192,1999-2007
Sacramento Kings_2001,divacvl01_2001,49.193495504995376,1999-2007
Sacramento Kings_2001,fundela01_2001,26.419689627245813,1999-2007
Sacramento Kings_2001,jacksbo01_2001,40.59556626036888,1999-2007
Sacramento Kings_2001,martida01_2001,13.2664991614216,1999-2007
Sacramento Kings_2001,pollasc01_2001,40.718546143004666,1999-2007
Sacramento Kings_2001,stojape01_2001,53.898051912847464,1999-2007
Sacramento Kings_2001,turkohe01_2001,35.2845575287547,1999-2007
Sacramento Kings_2001,webbech01_2001,53.25410782277739,1999-2007
Sacramento Kings_2001,willija02_2001,47.853944456021594,1999-2007
Sacramento Kings_2002,bibbymi01_2002,51.56549233741495,1999-2007
Sacramento Kings_2002,chrisdo01_2002,52.896124621752776,1999-2007
Sacramento Kings_2002,cleavma01_2002,12.36931687685298,1999-2007
Sacramento Kings_2002,divacvl01_2002,49.193495504995376,1999-2007
Sacramento Kings_2002,fundela01_2002,26.870057685088806,1999-2007
Sacramento Kings_2002,jacksbo01_2002,41.83300132670378,1999-2007
Sacramento Kings_2002,pollasc01_2002,43.37049688440288,1999-2007
Sacramento Kings_2002,stojape01_2002,51.468436929831086,1999-2007
Sacramento Kings_2002,turkohe01_2002,44.384682042344295,1999-2007
Sacramento Kings_2002,wallage01_2002,20.73644135332772,1999-2007
Sacramento Kings_2002,webbech01_2002,45.50824101193101,1999-2007
Sacramento Kings_2003,bibbymi01_2003,42.83689998120779,1999-2007
Sacramento Kings_2003,chrisdo01_2003,52.05766033928148,1999-2007
Sacramento Kings_2003,clarkke01_2003,42.190046219457976,1999-2007
Sacramento Kings_2003,divacvl01_2003,48.82622246293481,1999-2007
Sacramento Kings_2003,fundela01_2003,15.132745950421556,1999-2007
Sacramento Kings_2003,jacksbo01_2003,40.93897898091744,1999-2007
Sacramento Kings_2003,jacksji01_2003,36.180105030251084,1999-2007
Sacramento Kings_2003,jonesda01_2003,26.627053911388696,1999-2007
Sacramento Kings_2003,pollasc01_2003,18.027756377319946,1999-2007
Sacramento Kings_2003,stojape01_2003,49.49747468305833,1999-2007
Sacramento Kings_2003,turkohe01_2003,34.27827300200522,1999-2007
Sacramento Kings_2003,wallage01_2003,23.895606290697042,1999-2007
Sacramento Kings_2003,webbech01_2003,51.20546845796843,1999-2007
Sacramento Kings_2004,bibbymi01_2004,54.589376255824725,1999-2007
Sacramento Kings_2004,buforro01_2004,11.874342087037917,1999-2007
Sacramento Kings_2004,chrisdo01_2004,52.72570530585627,1999-2007
Sacramento Kings_2004,divacvl01_2004,48.13522618623496,1999-2007
Sacramento Kings_2004,jacksbo01_2004,34.42382895611701,1999-2007
Sacramento Kings_2004,masseto01_2004,28.089143810376278,1999-2007
Sacramento Kings_2004,millebr01_2004,51.19570294468082,1999-2007
Sacramento Kings_2004,peelean01_2004,37.296112397943034,1999-2007
Sacramento Kings_2004,smithja01_2004,12.96148139681572,1999-2007
Sacramento Kings_2004,songada01_2004,31.240998703626616,1999-2007
Sacramento Kings_2004,stojape01_2004,57.1314274283428,1999-2007
Sacramento Kings_2004,wallage01_2004,18.35755975068582,1999-2007
Sacramento Kings_2004,webbech01_2004,28.827070610799147,1999-2007
Sacramento Kings_2005,barnema02_2005,26.739483914241877,1999-2007
Sacramento Kings_2005,bibbymi01_2005,55.53377350765928,1999-2007
Sacramento Kings_2005,chrisdo01_2005,31.559467676119,1999-2007
Sacramento Kings_2005,danieer01_2005,8.48528137423857,1999-2007
Sacramento Kings_2005,evansma01_2005,35.11409973215888,1999-2007
Sacramento Kings_2005,houseed01_2005,23.45207879911715,1999-2007
Sacramento Kings_2005,jacksbo01_2005,23.15167380558045,1999-2007
Sacramento Kings_2005,martike02_2005,21.330729007701542,1999-2007
Sacramento Kings_2005,millebr01_2005,45.70557952810576,1999-2007
Sacramento Kings_2005,moblecu01_2005,40.76763422127902,1999-2007
Sacramento Kings_2005,ostergr01_2005,23.57965224510319,1999-2007
Sacramento Kings_2005,skinnbr01_2005,26.362852652928137,1999-2007
Sacramento Kings_2005,songada01_2005,40.84115571332428,1999-2007
Sacramento Kings_2005,stojape01_2005,50.33885179461288,1999-2007
Sacramento Kings_2005,thomake01_2005,28.687976575562104,1999-2007
Sacramento Kings_2005,webbech01_2005,40.84115571332428,1999-2007
Sacramento Kings_2005,willico02_2005,21.702534414210707,1999-2007
Sacramento Kings_2006,abdursh01_2006,44.28317965096906,1999-2007
Sacramento Kings_2006,artesro01_2006,40.049968789001575,1999-2007
Sacramento Kings_2006,bibbymi01_2006,56.27610505356603,1999-2007
Sacramento Kings_2006,garcifr01_2006,36.069377593742864,1999-2007
Sacramento Kings_2006,hartja01_2006,28.600699292150182,1999-2007
Sacramento Kings_2006,martike02_2006,43.73785545725808,1999-2007
Sacramento Kings_2006,millebr01_2006,54.064775963653084,1999-2007
Sacramento Kings_2006,pricero01_2006,12.24744871391589,1999-2007
Sacramento Kings_2006,skinnbr01_2006,20.71231517720798,1999-2007
Sacramento Kings_2006,stojape01_2006,33.8673884437522,1999-2007
Sacramento Kings_2006,thomake01_2006,47.885279575251516,1999-2007
Sacramento Kings_2006,wellsbo01_2006,41.036569057366385,1999-2007
Sacramento Kings_2006,willico02_2006,19.026297590440446,1999-2007
Sacramento Kings_2007,abdursh01_2007,44.88875137492688,1999-2007
Sacramento Kings_2007,artesro01_2007,51.39066063011839,1999-2007
Sacramento Kings_2007,bibbymi01_2007,52.76362383309168,1999-2007
Sacramento Kings_2007,doubyqu01_2007,18.947295321496416,1999-2007
Sacramento Kings_2007,garcifr01_2007,37.54996671103717,1999-2007
Sacramento Kings_2007,martike02_2007,53.08483775994799,1999-2007
Sacramento Kings_2007,millebr01_2007,42.22558466143482,1999-2007
Sacramento Kings_2007,pricero01_2007,23.727621035409346,1999-2007
Sacramento Kings_2007,salmojo01_2007,46.20606020859169,1999-2007
Sacramento Kings_2007,thomake01_2007,37.57658845611187,1999-2007
Sacramento Kings_2007,willico02_2007,36.565010597564445,1999-2007
Sacramento Kings_2007,williju01_2007,18.24828759089466,1999-2007
Sacramento Kings_2008,artesro01_2008,46.604720790924176,2008-2015
Sacramento Kings_2008,doubyqu01_2008,29.597297173897484,2008-2015
Sacramento Kings_2008,garcifr01_2008,45.78209256903839,2008-2015
Sacramento Kings_2008,hawessp01_2008,30.512292604784715,2008-2015
Sacramento Kings_2008,johnsan02_2008,20.248456731316587,2008-2015
Sacramento Kings_2008,jonesda02_2008,14.352700094407323,2008-2015
Sacramento Kings_2008,martike02_2008,47.07440918375928,2008-2015
Sacramento Kings_2008,millebr01_2008,50.12983143797713,2008-2015
Sacramento Kings_2008,mooremi01_2008,48.83646178829912,2008-2015
Sacramento Kings_2008,salmojo01_2008,50.16971197844373,2008-2015
Sacramento Kings_2008,thomake01_2008,16.76305461424021,2008-2015
Sacramento Kings_2008,udrihbe01_2008,45.60701700396552,2008-2015
Sacramento Kings_2008,williju01_2008,10.816653826391969,2008-2015
Sacramento Kings_2008,willish02_2008,19.026297590440446,2008-2015
Sacramento Kings_2009,brownbo02_2009,25.98076211353316,2008-2015
Sacramento Kings_2009,garcifr01_2009,44.44097208657794,2008-2015
Sacramento Kings_2009,greendo01_2009,26.92582403567252,2008-2015
Sacramento Kings_2009,hawessp01_2009,47.52893855326458,2008-2015
Sacramento Kings_2009,jacksbo01_2009,38.52272056851645,2008-2015
Sacramento Kings_2009,martike02_2009,44.12482294582042,2008-2015
Sacramento Kings_2009,mccanra01_2009,21.563858652847824,2008-2015
Sacramento Kings_2009,millebr01_2009,36.796738985948195,2008-2015
Sacramento Kings_2009,mooremi01_2009,27.313000567495326,2008-2015
Sacramento Kings_2009,nocioan01_2009,26.70205984563738,2008-2015
Sacramento Kings_2009,salmojo01_2009,44.49719092257398,2008-2015
Sacramento Kings_2009,thompja02_2009,47.989582202807306,2008-2015
Sacramento Kings_2009,udrihbe01_2009,47.644516998286385,2008-2015
Sacramento Kings_2009,willish02_2009,17.46424919657298,2008-2015
Sacramento Kings_2010,brockjo01_2010,25.573423705088842,2008-2015
Sacramento Kings_2010,casspom01_2010,43.94314508543966,2008-2015
Sacramento Kings_2010,evansty01_2010,51.73973328110612,2008-2015
Sacramento Kings_2010,garcifr01_2010,23.979157616563597,2008-2015
Sacramento Kings_2010,greendo01_2010,40.3732584763727,2008-2015
Sacramento Kings_2010,hawessp01_2010,43.634848458542855,2008-2015
Sacramento Kings_2010,landrca01_2010,32.46536616149585,2008-2015
Sacramento Kings_2010,martike02_2010,27.820855486487112,2008-2015
Sacramento Kings_2010,mayse01_2010,18.193405398660254,2008-2015
Sacramento Kings_2010,nocioan01_2010,38.43175770115127,2008-2015
Sacramento Kings_2010,rodrise01_2010,22.737634001804146,2008-2015
Sacramento Kings_2010,thomake01_2010,17.69180601295413,2008-2015
Sacramento Kings_2010,thompja02_2010,48.54894437575342,2008-2015
Sacramento Kings_2010,udokaim01_2010,30.72458299147443,2008-2015
Sacramento Kings_2010,udrihbe01_2010,49.76946855251722,2008-2015
Sacramento Kings_2011,casspom01_2011,41.255302689472536,2008-2015
Sacramento Kings_2011,couside01_2011,48.05205510693585,2008-2015
Sacramento Kings_2011,dalemsa01_2011,44.02272140611028,2008-2015
Sacramento Kings_2011,evansty01_2011,45.902069670114,2008-2015
Sacramento Kings_2011,garcifr01_2011,37.22902093797257,2008-2015
Sacramento Kings_2011,greendo01_2011,33.57082066318904,2008-2015
Sacramento Kings_2011,headlu01_2011,24.20743687382041,2008-2015
Sacramento Kings_2011,jacksda01_2011,22.045407685048602,2008-2015
Sacramento Kings_2011,jetereu01_2011,29.29163703175362,2008-2015
Sacramento Kings_2011,landrca01_2011,37.49666651850535,2008-2015
Sacramento Kings_2011,tayloje02_2011,20.149441679609886,2008-2015
Sacramento Kings_2011,thompja02_2011,41.80908992073375,2008-2015
Sacramento Kings_2011,thornma01_2011,32.09361307176243,2008-2015
Sacramento Kings_2011,udrihbe01_2011,52.28766584960549,2008-2015
Sacramento Kings_2012,couside01_2012,44.15880433163923,2008-2015
Sacramento Kings_2012,evansty01_2012,46.49731175025068,2008-2015
Sacramento Kings_2012,fredeji01_2012,33.689761055846034,2008-2015
Sacramento Kings_2012,garcifr01_2012,28.24889378365107,2008-2015
Sacramento Kings_2012,greendo01_2012,27.874719729532707,2008-2015
Sacramento Kings_2012,hayesch01_2012,32.2335229225724,2008-2015
Sacramento Kings_2012,hicksjj01_2012,25.37715508089904,2008-2015
Sacramento Kings_2012,outlatr01_2012,22.360679774997898,2008-2015
Sacramento Kings_2012,salmojo01_2012,35.35533905932738,2008-2015
Sacramento Kings_2012,thomais02_2012,40.69397989875161,2008-2015
Sacramento Kings_2012,thompja02_2012,40.70626487409524,2008-2015
Sacramento Kings_2012,thornma01_2012,42.190046219457976,2008-2015
Sacramento Kings_2013,brookaa01_2013,30.967725134404045,2008-2015
Sacramento Kings_2013,couside01_2013,47.843494855622744,2008-2015
Sacramento Kings_2013,douglto01_2013,19.390719429665317,2008-2015
Sacramento Kings_2013,evansty01_2013,44.8998886412873,2008-2015
Sacramento Kings_2013,fredeji01_2013,31.096623610932426,2008-2015
Sacramento Kings_2013,garcifr01_2013,26.645825188948457,2008-2015
Sacramento Kings_2013,hayesch01_2013,34.77067730142742,2008-2015
Sacramento Kings_2013,johnsja01_2013,29.631064780058107,2008-2015
Sacramento Kings_2013,outlatr01_2013,21.071307505705477,2008-2015
Sacramento Kings_2013,pattepa01_2013,23.57965224510319,2008-2015
Sacramento Kings_2013,robinth01_2013,28.442925306655784,2008-2015
Sacramento Kings_2013,salmojo01_2013,47.7283982551269,2008-2015
Sacramento Kings_2013,thomais02_2013,46.06517122512408,2008-2015
Sacramento Kings_2013,thompja02_2013,47.80167361086848,2008-2015
Sacramento Kings_2013,thornma01_2013,41.54515615568198,2008-2015
Sacramento Kings_2014,acyqu01_2014,28.035691537752374,2008-2015
Sacramento Kings_2014,couside01_2014,47.93745925682754,2008-2015
Sacramento Kings_2014,evansre01_2014,22.360679774997898,2008-2015
Sacramento Kings_2014,fredeji01_2014,21.517434791350013,2008-2015
Sacramento Kings_2014,gayru01_2014,43.497126341863094,2008-2015
Sacramento Kings_2014,grayaa01_2014,18.303005217723125,2008-2015
Sacramento Kings_2014,mccalra01_2014,29.949958263743873,2008-2015
Sacramento Kings_2014,mclembe01_2014,46.76537180435969,2008-2015
Sacramento Kings_2014,outlatr01_2014,32.63433774416144,2008-2015
Sacramento Kings_2014,thomais02_2014,49.969990994595946,2008-2015
Sacramento Kings_2014,thompja02_2014,44.799553569204235,2008-2015
Sacramento Kings_2014,thornma01_2014,33.481338085566414,2008-2015
Sacramento Kings_2014,willide02_2014,40.718546143004666,2008-2015
Sacramento Kings_2015,casspom01_2015,37.62977544445356,2008-2015
Sacramento Kings_2015,collida01_2015,39.56008088970496,2008-2015
Sacramento Kings_2015,couside01_2015,44.86646854834911,2008-2015
Sacramento Kings_2015,evansre01_2015,27.640549922170507,2008-2015
Sacramento Kings_2015,gayru01_2015,49.07137658554119,2008-2015
Sacramento Kings_2015,holliry01_2015,21.0,2008-2015
Sacramento Kings_2015,landrca01_2015,34.52535300326414,2008-2015
Sacramento Kings_2015,mccalra01_2015,37.89459064299283,2008-2015
Sacramento Kings_2015,mclembe01_2015,51.67204273105525,2008-2015
Sacramento Kings_2015,millean02_2015,24.939927826679853,2008-2015
Sacramento Kings_2015,sessira01_2015,25.337718918639855,2008-2015
Sacramento Kings_2015,stausni01_2015,33.57082066318904,2008-2015
Sacramento Kings_2015,thompja02_2015,44.62062303464621,2008-2015
Sacramento Kings_2015,willide02_2015,38.23610858861032,2008-2015
Sacramento Kings_2016,acyqu01_2016,29.597297173897484,2016-present
Sacramento Kings_2016,anderja01_2016,26.851443164195103,2016-present
Sacramento Kings_2016,belinma01_2016,40.890096600521744,2016-present
Sacramento Kings_2016,casspom01_2016,43.3589667773576,2016-present
Sacramento Kings_2016,caulewi01_2016,37.57658845611187,2016-present
Sacramento Kings_2016,collida01_2016,47.10626285325551,2016-present
Sacramento Kings_2016,couside01_2016,47.391982444291145,2016-present
Sacramento Kings_2016,curryse01_2016,26.30589287593181,2016-present
Sacramento Kings_2016,gayru01_2016,48.774993593028796,2016-present
Sacramento Kings_2016,koufoko01_2016,38.49675310984031,2016-present
Sacramento Kings_2016,mclembe01_2016,37.986839826445156,2016-present
Sacramento Kings_2016,rondora01_2016,50.368641037852115,2016-present
Sacramento Kings_2017,afflaar01_2017,39.74921382870358,2016-present
Sacramento Kings_2017,barnema02_2017,36.9729630946723,2016-present
Sacramento Kings_2017,casspom01_2017,19.924858845171276,2016-present
Sacramento Kings_2017,caulewi01_2017,37.69615364994153,2016-present
Sacramento Kings_2017,collida01_2017,45.42025979670306,2016-present
Sacramento Kings_2017,couside01_2017,43.485629810317796,2016-present
Sacramento Kings_2017,gayru01_2017,31.827660925679098,2016-present
Sacramento Kings_2017,hieldbu01_2017,26.962937525425527,2016-present
Sacramento Kings_2017,koufoko01_2017,37.66961640367472,2016-present
Sacramento Kings_2017,labissk01_2017,24.73863375370596,2016-present
Sacramento Kings_2017,lawsoty01_2017,41.617304093369626,2016-present
Sacramento Kings_2017,mclembe01_2017,34.292856398964496,2016-present
Sacramento Kings_2017,papagge01_2017,18.841443681416774,2016-present
Sacramento Kings_2017,richama01_2017,14.071247279470288,2016-present
Sacramento Kings_2017,templga01_2017,41.569219381653056,2016-present
Sacramento Kings_2017,tollian01_2017,38.43175770115127,2016-present
Sacramento Kings_2018,bogdabo01_2018,46.636895265444075,2016-present
Sacramento Kings_2018,cartevi01_2018,32.03123475609393,2016-present
Sacramento Kings_2018,caulewi01_2018,45.21061822182926,2016-present
Sacramento Kings_2018,foxde01_2018,45.0111097397076,2016-present
Sacramento Kings_2018,hieldbu01_2018,44.98888751680797,2016-present
Sacramento Kings_2018,hillge01_2018,33.80828300875393,2016-present
Sacramento Kings_2018,jacksju01_2018,38.80721582386451,2016-present
Sacramento Kings_2018,koufoko01_2018,37.296112397943034,2016-present
Sacramento Kings_2018,labissk01_2018,35.21363372331802,2016-present
Sacramento Kings_2018,masonfr01_2018,31.368774282716245,2016-present
Sacramento Kings_2018,randoza01_2018,38.8329756778952,2016-present
Sacramento Kings_2018,richama01_2018,17.86057109949175,2016-present
Sacramento Kings_2018,sampsja02_2018,18.547236990991408,2016-present
Sacramento Kings_2018,templga01_2018,40.18706259482024,2016-present
Sacramento Kings_2019,baglema01_2019,39.585350825778974,2016-present
Sacramento Kings_2019,barneha02_2019,30.805843601498726,2016-present
Sacramento Kings_2019,bjeline01_2019,42.28474902373195,2016-present
Sacramento Kings_2019,bogdabo01_2019,44.12482294582042,2016-present
Sacramento Kings_2019,breweco01_2019,18.76166303929372,2016-present
Sacramento Kings_2019,caulewi01_2019,47.042533945356304,2016-present
Sacramento Kings_2019,ferreyo01_2019,32.66496594212215,2016-present
Sacramento Kings_2019,foxde01_2019,50.457903246171455,2016-present
Sacramento Kings_2019,gilesha01_2019,28.635642126552707,2016-present
Sacramento Kings_2019,hieldbu01_2019,51.137070702182385,2016-present
Sacramento Kings_2019,jacksju01_2019,32.90896534380867,2016-present
Sacramento Kings_2019,koufoko01_2019,22.40535650240808,2016-present
Sacramento Kings_2019,masonfr01_2019,20.85665361461421,2016-present
Sacramento Kings_2019,shumpim01_2019,33.15116890850155,2016-present
Sacramento Kings_2019,willitr02_2019,17.663521732655695,2016-present
Sacramento Kings_2020,arizatr01_2020,28.124722220850465,2016-present
Sacramento Kings_2020,barneha02_2020,49.8196748283246,2016-present
Sacramento Kings_2020,bazemke01_2020,24.020824298928627,2016-present
Sacramento Kings_2020,bjeline01_2020,44.844174649557324,2016-present
Sacramento Kings_2020,bogdabo01_2020,42.02380277890139,2016-present
Sacramento Kings_2020,dedmode01_2020,23.259406699226016,2016-present
Sacramento Kings_2020,ferreyo01_2020,23.021728866442675,2016-present
Sacramento Kings_2020,foxde01_2020,40.422765862815474,2016-present
Sacramento Kings_2020,gilesha01_2020,25.826343140289914,2016-present
Sacramento Kings_2020,hieldbu01_2020,47.07440918375928,2016-present
Sacramento Kings_2020,holmeri01_2020,35.24202037341219,2016-present
Sacramento Kings_2020,jamesju01_2020,15.231546211727817,2016-present
Sacramento Kings_2020,josepco01_2020,41.94043395102154,2016-present
Sacramento Kings_2021,baglema01_2021,33.34666400106613,2016-present
Sacramento Kings_2021,barneha02_2021,45.8475735453906,2016-present
Sacramento Kings_2021,bjeline01_2021,20.952326839756964,2016-present
Sacramento Kings_2021,daviste02_2021,24.1039415863879,2016-present
Sacramento Kings_2021,foxde01_2021,45.12205669071391,2016-present
Sacramento Kings_2021,guyky01_2021,15.329709716755891,2016-present
Sacramento Kings_2021,halibty01_2021,41.78516483155236,2016-present
Sacramento Kings_2021,harklma01_2021,25.45584412271571,2016-present
Sacramento Kings_2021,hieldbu01_2021,49.3254498205541,2016-present
Sacramento Kings_2021,holmeri01_2021,42.21374183841087,2016-present
Sacramento Kings_2021,jamesju01_2021,17.60681686165901,2016-present
Sacramento Kings_2021,josepco01_2021,30.72458299147443,2016-present
Sacramento Kings_2021,metuch01_2021,22.090722034374522,2016-present
Sacramento Kings_2021,robingl02_2021,19.209372712298546,2016-present
Sacramento Kings_2021,whiteha01_2021,23.366642891095847,2016-present
Sacramento Kings_2021,wrighde01_2021,26.38181191654584,2016-present
Sacramento Kings_2022,baglema01_2022,25.612496949731394,2016-present
Sacramento Kings_2022,barneha02_2022,50.86255990411808,2016-present
Sacramento Kings_2022,daviste02_2022,23.15167380558045,2016-present
Sacramento Kings_2022,divindo01_2022,25.787593916455254,2016-present
Sacramento Kings_2022,foxde01_2022,45.639894828976104,2016-present
Sacramento Kings_2022,halibty01_2022,41.916583830269374,2016-present
Sacramento Kings_2022,harklma01_2022,29.376861643136763,2016-present
Sacramento Kings_2022,hieldbu01_2022,39.67366884975475,2016-present
Sacramento Kings_2022,holidju01_2022,25.317977802344327,2016-present
Sacramento Kings_2022,holmeri01_2022,32.77193921634788,2016-present
Sacramento Kings_2022,jonesda03_2022,31.89043743820395,2016-present
Sacramento Kings_2022,lenal01_2022,24.899799195977465,2016-present
Sacramento Kings_2022,lylestr01_2022,23.388031127053,2016-present
Sacramento Kings_2022,metuch01_2022,35.76310948449533,2016-present
Sacramento Kings_2022,mitchda01_2022,45.56314299957807,2016-present
Sacramento Kings_2022,thomptr01_2022,21.330729007701542,2016-present
Sacramento Kings_2023,barneha02_2023,51.59457335805772,2016-present
Sacramento Kings_2023,daviste02_2023,29.0,2016-present
Sacramento Kings_2023,dellama01_2023,14.594519519326424,2016-present
Sacramento Kings_2023,edwarke02_2023,17.4928556845359,2016-present
Sacramento Kings_2023,foxde01_2023,49.34571916590131,2016-present
Sacramento Kings_2023,holmeri01_2023,18.65475810617763,2016-present
Sacramento Kings_2023,huertke01_2023,46.93612681080534,2016-present
Sacramento Kings_2023,lenal01_2023,12.68857754044952,2016-present
Sacramento Kings_2023,lylestr01_2023,35.31288716601915,2016-present
Sacramento Kings_2023,metuch01_2023,26.248809496813376,2016-present
Sacramento Kings_2023,mitchda01_2023,38.03945320322047,2016-present
Sacramento Kings_2023,monkma01_2023,41.46082488325576,2016-present
Sacramento Kings_2023,murrake02_2023,48.80573736764972,2016-present
Sacramento Kings_2023,okpalkz01_2023,15.748015748023622,2016-present
Sacramento Kings_2023,sabondo01_2023,52.306787322488084,2016-present
Sacramento Kings_2024,barneha02_2024,48.79549159502341,2016-present
Sacramento Kings_2024,duartch01_2024,26.814175355583846,2016-present
Sacramento Kings_2024,edwarke02_2024,16.583123951777,2016-present
Sacramento Kings_2024,elliske01_2024,31.272991542223778,2016-present
Sacramento Kings_2024,foxde01_2024,51.56549233741495,2016-present
Sacramento Kings_2024,huertke01_2024,39.52214569073901,2016-present
Sacramento Kings_2024,jonesco02_2024,13.856406460551018,2016-present
Sacramento Kings_2024,lenal01_2024,21.071307505705477,2016-present
Sacramento Kings_2024,lylestr01_2024,34.02939905434711,2016-present
Sacramento Kings_2024,mcgeeja01_2024,18.411952639521967,2016-present
Sacramento Kings_2024,mitchda01_2024,33.18132004607411,2016-present
Sacramento Kings_2024,monkma01_2024,43.266615305567875,2016-present
Sacramento Kings_2024,murrake02_2024,50.872389367907616,2016-present
Sacramento Kings_2024,sabondo01_2024,54.11099703387473,2016-present
Sacramento Kings_2024,vezenal01_2024,22.60530911091463,2016-present
Sacramento Kings_2025,cartede02_2025,19.8997487421324,2016-present
Sacramento Kings_2025,derozde01_2025,52.61178575186362,2016-present
Sacramento Kings_2025,elliske01_2025,44.13615298142782,2016-present
Sacramento Kings_2025,foxde01_2025,40.779897008207364,2016-present
Sacramento Kings_2025,fultzma01_2025,13.564659966250536,2016-present
Sacramento Kings_2025,huertke01_2025,29.9833287011299,2016-present
Sacramento Kings_2025,jonesco02_2025,11.40175425099138,2016-present
Sacramento Kings_2025,jonesis01_2025,17.435595774162696,2016-present
Sacramento Kings_2025,lavinza01_2025,34.20526275297414,2016-present
Sacramento Kings_2025,lenal01_2025,16.06237840420901,2016-present
Sacramento Kings_2025,lylestr01_2025,36.72873534441391,2016-present
Sacramento Kings_2025,mcderdo01_2025,18.49324200890693,2016-present
Sacramento Kings_2025,mclaujo01_2025,13.784048752090222,2016-present
Sacramento Kings_2025,monkma01_2025,45.32107677449864,2016-present
Sacramento Kings_2025,murrake02_2025,51.088159097779204,2016-present
Sacramento Kings_2025,sabondo01_2025,49.28488612140643,2016-present
Sacramento Kings_2025,valanjo01_2025,23.259406699226016,2016-present
San Antonio Spurs_1999,daniean01_1999,24.779023386727733,1999-2007
San Antonio Spurs_1999,duncati01_1999,44.30575583375144,1999-2007
San Antonio Spurs_1999,eliema01_1999,35.93048844644336,1999-2007
San Antonio Spurs_1999,elliose01_1999,38.84584919911006,1999-2007
San Antonio Spurs_1999,jacksja01_1999,29.34280150224242,1999-2007
San Antonio Spurs_1999,johnsav01_1999,40.890096600521744,1999-2007
San Antonio Spurs_1999,kerrst01_1999,27.09243436828813,1999-2007
San Antonio Spurs_1999,kerseje01_1999,26.43860813280457,1999-2007
San Antonio Spurs_1999,perduwi01_1999,21.095023109728988,1999-2007
San Antonio Spurs_1999,robinda01_1999,39.42080668885405,1999-2007
San Antonio Spurs_1999,rosema01_1999,24.657656011875904,1999-2007
San Antonio Spurs_2000,brownch01_2000,24.535688292770594,1999-2007
San Antonio Spurs_2000,daniean01_2000,34.56877203488721,1999-2007
San Antonio Spurs_2000,duncati01_2000,53.61902647381804,1999-2007
San Antonio Spurs_2000,eliema01_2000,47.085029467974216,1999-2007
San Antonio Spurs_2000,jacksja01_2000,41.12177038990418,1999-2007
San Antonio Spurs_2000,johnsav01_2000,50.70502933634887,1999-2007
San Antonio Spurs_2000,kerrst01_2000,16.3707055437449,1999-2007
San Antonio Spurs_2000,kerseje01_2000,36.193922141707716,1999-2007
San Antonio Spurs_2000,portete01_2000,40.162171256046406,1999-2007
San Antonio Spurs_2000,robinda01_2000,50.566787519082126,1999-2007
San Antonio Spurs_2000,rosema01_2000,36.61966684720111,1999-2007
San Antonio Spurs_2000,spencfe01_2000,12.206555615733702,1999-2007
San Antonio Spurs_2000,walkesa01_2000,31.304951684997057,1999-2007
San Antonio Spurs_2001,anderde01_2001,53.4696175411794,1999-2007
San Antonio Spurs_2001,daniean01_2001,45.387222871640866,1999-2007
San Antonio Spurs_2001,dialde01_2001,14.38749456993816,1999-2007
San Antonio Spurs_2001,duncati01_2001,56.3382640840131,1999-2007
San Antonio Spurs_2001,elliose01_2001,35.05709628591621,1999-2007
San Antonio Spurs_2001,ferryda01_2001,41.08527716834828,1999-2007
San Antonio Spurs_2001,johnsav01_2001,35.91656999213594,1999-2007
San Antonio Spurs_2001,kerrst01_2001,25.495097567963924,1999-2007
San Antonio Spurs_2001,newblir01_2001,13.564659966250536,1999-2007
San Antonio Spurs_2001,portete01_2001,40.963398296528084,1999-2007
San Antonio Spurs_2001,robinda01_2001,48.692915295759406,1999-2007
San Antonio Spurs_2001,rosema01_2001,34.91418050019218,1999-2007
San Antonio Spurs_2001,scottsh01_2001,12.0,1999-2007
San Antonio Spurs_2001,walkesa01_2001,31.0322412983658,1999-2007
San Antonio Spurs_2002,bowenbr01_2002,41.2189276910499,1999-2007
San Antonio Spurs_2002,bryanma01_2002,14.352700094407323,1999-2007
San Antonio Spurs_2002,daniean01_2002,46.636895265444075,1999-2007
San Antonio Spurs_2002,duncati01_2002,57.697486947006624,1999-2007
San Antonio Spurs_2002,ferryda01_2002,28.26658805020514,1999-2007
San Antonio Spurs_2002,jacksst02_2002,15.066519173319364,1999-2007
San Antonio Spurs_2002,mccasam01_2002,12.36931687685298,1999-2007
San Antonio Spurs_2002,parketo01_2002,47.61302342846965,1999-2007
San Antonio Spurs_2002,parksch02_2002,15.297058540778355,1999-2007
San Antonio Spurs_2002,portete01_2002,35.9722114972099,1999-2007
San Antonio Spurs_2002,robinda01_2002,47.989582202807306,1999-2007
San Antonio Spurs_2002,rosema01_2002,41.53311931459037,1999-2007
San Antonio Spurs_2002,smithch04_2002,33.77869150810907,1999-2007
San Antonio Spurs_2002,smithst01_2002,47.02127178203499,1999-2007
San Antonio Spurs_2003,bowenbr01_2003,50.65570056765576,1999-2007
San Antonio Spurs_2003,claxtsp01_2003,21.702534414210707,1999-2007
San Antonio Spurs_2003,duncati01_2003,56.4003546088143,1999-2007
San Antonio Spurs_2003,ferryda01_2003,24.515301344262525,1999-2007
San Antonio Spurs_2003,ginobma01_2003,37.82856063875548,1999-2007
San Antonio Spurs_2003,jacksst02_2003,47.47630988187688,1999-2007
San Antonio Spurs_2003,kerrst01_2003,30.854497241083024,1999-2007
San Antonio Spurs_2003,parketo01_2003,52.66877632905477,1999-2007
San Antonio Spurs_2003,robinda01_2003,40.93897898091744,1999-2007
San Antonio Spurs_2003,rosema01_2003,43.965895873961216,1999-2007
San Antonio Spurs_2003,smithst01_2003,32.12475680841802,1999-2007
San Antonio Spurs_2003,willike02_2003,28.982753492378876,1999-2007
San Antonio Spurs_2004,bowenbr01_2004,51.22499389946279,1999-2007
San Antonio Spurs_2004,brownde02_2004,25.03996805109783,1999-2007
San Antonio Spurs_2004,duncati01_2004,50.269274910227224,1999-2007
San Antonio Spurs_2004,ginobma01_2004,47.53945729601885,1999-2007
San Antonio Spurs_2004,hartja01_2004,25.69046515733026,1999-2007
San Antonio Spurs_2004,horryro01_2004,35.91656999213594,1999-2007
San Antonio Spurs_2004,mercero01_2004,22.715633383201094,1999-2007
San Antonio Spurs_2004,nestera01_2004,48.507731342539614,1999-2007
San Antonio Spurs_2004,parketo01_2004,50.76416058598822,1999-2007
San Antonio Spurs_2004,rosema01_2004,35.4400902933387,1999-2007
San Antonio Spurs_2004,turkohe01_2004,45.53020975132884,1999-2007
San Antonio Spurs_2004,wardch01_2004,20.615528128088304,1999-2007
San Antonio Spurs_2004,willike02_2004,19.313207915827967,1999-2007
San Antonio Spurs_2005,barrybr01_2005,41.737273509418415,1999-2007
San Antonio Spurs_2005,bowenbr01_2005,51.254268114957995,1999-2007
San Antonio Spurs_2005,brownde02_2005,35.185224171518364,1999-2007
San Antonio Spurs_2005,duncati01_2005,46.93612681080534,1999-2007
San Antonio Spurs_2005,ginobma01_2005,46.82947789587238,1999-2007
San Antonio Spurs_2005,horryro01_2005,37.36308338453881,1999-2007
San Antonio Spurs_2005,marksse01_2005,15.620499351813308,1999-2007
San Antonio Spurs_2005,masseto01_2005,26.43860813280457,1999-2007
San Antonio Spurs_2005,mohamna01_2005,20.346989949375804,1999-2007
San Antonio Spurs_2005,nestera01_2005,42.24926034855522,1999-2007
San Antonio Spurs_2005,parketo01_2005,52.29722745997153,1999-2007
San Antonio Spurs_2005,rosema01_2005,29.359836511806396,1999-2007
San Antonio Spurs_2005,udrihbe01_2005,33.896902513356586,1999-2007
San Antonio Spurs_2005,wilksmi01_2005,16.673332000533065,1999-2007
San Antonio Spurs_2006,barrybr01_2006,35.482389998420345,1999-2007
San Antonio Spurs_2006,bowenbr01_2006,52.48809388804284,1999-2007
San Antonio Spurs_2006,duncati01_2006,52.76362383309168,1999-2007
San Antonio Spurs_2006,finlemi01_2006,45.14421336118285,1999-2007
San Antonio Spurs_2006,ginobma01_2006,42.579337712087536,1999-2007
San Antonio Spurs_2006,horryro01_2006,34.38022687534217,1999-2007
San Antonio Spurs_2006,marksse01_2006,13.45362404707371,1999-2007
San Antonio Spurs_2006,mohamna01_2006,37.26929030716845,1999-2007
San Antonio Spurs_2006,nestera01_2006,38.92300091205713,1999-2007
San Antonio Spurs_2006,obertfa01_2006,22.135943621178654,1999-2007
San Antonio Spurs_2006,parketo01_2006,52.10566188045211,1999-2007
San Antonio Spurs_2006,udrihbe01_2006,24.20743687382041,1999-2007
San Antonio Spurs_2006,vanexni01_2006,31.400636936215164,1999-2007
San Antonio Spurs_2007,barrybr01_2007,40.38564101261734,1999-2007
San Antonio Spurs_2007,bonnema01_2007,25.553864678361276,1999-2007
San Antonio Spurs_2007,bowenbr01_2007,49.63869458396343,1999-2007
San Antonio Spurs_2007,duncati01_2007,52.21110992882645,1999-2007
San Antonio Spurs_2007,elsonfr01_2007,36.49657518178932,1999-2007
San Antonio Spurs_2007,finlemi01_2007,42.69660408041839,1999-2007
San Antonio Spurs_2007,ginobma01_2007,45.387222871640866,1999-2007
San Antonio Spurs_2007,horryro01_2007,33.52610922848042,1999-2007
San Antonio Spurs_2007,obertfa01_2007,36.945906403822335,1999-2007
San Antonio Spurs_2007,parketo01_2007,49.98999899979995,1999-2007
San Antonio Spurs_2007,udrihbe01_2007,30.789608636681304,1999-2007
San Antonio Spurs_2007,vaughja01_2007,27.568097504180443,1999-2007
San Antonio Spurs_2008,barrybr01_2008,23.53720459187964,2008-2015
San Antonio Spurs_2008,bonnema01_2008,29.206163733020468,2008-2015
San Antonio Spurs_2008,bowenbr01_2008,49.47726750741192,2008-2015
San Antonio Spurs_2008,duncati01_2008,51.487862647424,2008-2015
San Antonio Spurs_2008,elsonfr01_2008,23.108440016582687,2008-2015
San Antonio Spurs_2008,finlemi01_2008,46.94677837722201,2008-2015
San Antonio Spurs_2008,ginobma01_2008,47.94788837894741,2008-2015
San Antonio Spurs_2008,horryro01_2008,24.145392935299274,2008-2015
San Antonio Spurs_2008,obertfa01_2008,40.54626986542659,2008-2015
San Antonio Spurs_2008,parketo01_2008,48.08326112068523,2008-2015
San Antonio Spurs_2008,stoudda01_2008,20.322401432901575,2008-2015
San Antonio Spurs_2008,thomaku01_2008,22.891046284519195,2008-2015
San Antonio Spurs_2008,udokaim01_2008,36.27671429443411,2008-2015
San Antonio Spurs_2008,vaughja01_2008,33.74907406137241,2008-2015
San Antonio Spurs_2009,bonnema01_2009,43.9089968002003,2008-2015
San Antonio Spurs_2009,bowenbr01_2009,38.80721582386451,2008-2015
San Antonio Spurs_2009,duncati01_2009,50.23942674832188,2008-2015
San Antonio Spurs_2009,finlemi01_2009,48.33218389437829,2008-2015
San Antonio Spurs_2009,ginobma01_2009,34.36568055487916,2008-2015
San Antonio Spurs_2009,hillge01_2009,35.63705936241092,2008-2015
San Antonio Spurs_2009,masonro01_2009,49.95998398718719,2008-2015
San Antonio Spurs_2009,obertfa01_2009,26.019223662515376,2008-2015
San Antonio Spurs_2009,parketo01_2009,49.558046773455466,2008-2015
San Antonio Spurs_2009,thomaku01_2009,37.469987990390386,2008-2015
San Antonio Spurs_2009,udokaim01_2009,32.17141588429082,2008-2015
San Antonio Spurs_2009,vaughja01_2009,17.08800749063506,2008-2015
San Antonio Spurs_2010,blairde01_2010,38.65229618017538,2008-2015
San Antonio Spurs_2010,boganke01_2010,39.48417404479927,2008-2015
San Antonio Spurs_2010,bonnema01_2010,34.07345007480164,2008-2015
San Antonio Spurs_2010,duncati01_2010,49.37610758251404,2008-2015
San Antonio Spurs_2010,finlemi01_2010,19.87460691435179,2008-2015
San Antonio Spurs_2010,ginobma01_2010,46.36809247747852,2008-2015
San Antonio Spurs_2010,hairsma01_2010,17.804493814764857,2008-2015
San Antonio Spurs_2010,hillge01_2010,47.70744176750625,2008-2015
San Antonio Spurs_2010,jefferi01_2010,50.19960159204453,2008-2015
San Antonio Spurs_2010,mahinia01_2010,12.84523257866513,2008-2015
San Antonio Spurs_2010,masonro01_2010,38.92300091205713,2008-2015
San Antonio Spurs_2010,mcdyean01_2010,40.2119385257662,2008-2015
San Antonio Spurs_2010,parketo01_2010,41.569219381653056,2008-2015
San Antonio Spurs_2010,ratlith01_2010,13.527749258468683,2008-2015
San Antonio Spurs_2011,anderja01_2011,16.911534525287763,2008-2015
San Antonio Spurs_2011,blairde01_2011,41.641325627314025,2008-2015
San Antonio Spurs_2011,bonnema01_2011,37.841775856849004,2008-2015
San Antonio Spurs_2011,duncati01_2011,46.4327470649756,2008-2015
San Antonio Spurs_2011,ginobma01_2011,49.25444142409901,2008-2015
San Antonio Spurs_2011,hillge01_2011,46.34652090502587,2008-2015
San Antonio Spurs_2011,jefferi01_2011,49.58830507286975,2008-2015
San Antonio Spurs_2011,mcdyean01_2011,37.242448899072144,2008-2015
San Antonio Spurs_2011,nealga01_2011,41.048751503547585,2008-2015
San Antonio Spurs_2011,novakst01_2011,14.035668847618199,2008-2015
San Antonio Spurs_2011,parketo01_2011,50.27922035990614,2008-2015
San Antonio Spurs_2011,quinnch01_2011,17.08800749063506,2008-2015
San Antonio Spurs_2011,splitti01_2011,27.16615541441225,2008-2015
San Antonio Spurs_2012,anderja01_2012,24.55605831561735,2008-2015
San Antonio Spurs_2012,blairde01_2012,36.91882988394946,2008-2015
San Antonio Spurs_2012,bonnema01_2012,36.41428291206625,2008-2015
San Antonio Spurs_2012,duncati01_2012,40.422765862815474,2008-2015
San Antonio Spurs_2012,ginobma01_2012,28.142494558940577,2008-2015
San Antonio Spurs_2012,greenda02_2012,39.01281840626232,2008-2015
San Antonio Spurs_2012,jacksst02_2012,22.360679774997898,2008-2015
San Antonio Spurs_2012,jefferi01_2012,34.17601498127012,2008-2015
San Antonio Spurs_2012,josepco01_2012,16.30950643030009,2008-2015
San Antonio Spurs_2012,leonaka01_2012,39.16631205513228,2008-2015
San Antonio Spurs_2012,nealga01_2012,34.72751070837067,2008-2015
San Antonio Spurs_2012,parketo01_2012,43.8520238985614,2008-2015
San Antonio Spurs_2012,splitti01_2012,33.481338085566414,2008-2015
San Antonio Spurs_2013,blairde01_2013,29.171904291629644,2008-2015
San Antonio Spurs_2013,bonnema01_2013,30.14962686336267,2008-2015
San Antonio Spurs_2013,decolna01_2013,30.331501776206203,2008-2015
San Antonio Spurs_2013,diawbo01_2013,41.340053217188775,2008-2015
San Antonio Spurs_2013,duncati01_2013,45.58508528016593,2008-2015
San Antonio Spurs_2013,ginobma01_2013,37.322915213043046,2008-2015
San Antonio Spurs_2013,greenda02_2013,46.9148164229596,2008-2015
San Antonio Spurs_2013,jacksst02_2013,32.78719262151,2008-2015
San Antonio Spurs_2013,josepco01_2013,19.697715603592208,2008-2015
San Antonio Spurs_2013,leonaka01_2013,42.5440947723653,2008-2015
San Antonio Spurs_2013,millspa02_2013,25.612496949731394,2008-2015
San Antonio Spurs_2013,nealga01_2013,38.52272056851645,2008-2015
San Antonio Spurs_2013,parketo01_2013,46.62617290749907,2008-2015
San Antonio Spurs_2013,splitti01_2013,44.68780594300866,2008-2015
San Antonio Spurs_2014,baynear01_2014,22.15851980616034,2008-2015
San Antonio Spurs_2014,belinma01_2014,44.8998886412873,2008-2015
San Antonio Spurs_2014,bonnema01_2014,26.267851073127396,2008-2015
San Antonio Spurs_2014,decolna01_2014,17.349351572897472,2008-2015
San Antonio Spurs_2014,diawbo01_2014,44.429719783046124,2008-2015
San Antonio Spurs_2014,duncati01_2014,46.45427859734774,2008-2015
San Antonio Spurs_2014,ginobma01_2014,39.370039370059054,2008-2015
San Antonio Spurs_2014,greenda02_2014,40.63249930782009,2008-2015
San Antonio Spurs_2014,josepco01_2014,30.59411708155671,2008-2015
San Antonio Spurs_2014,leonaka01_2014,43.8520238985614,2008-2015
San Antonio Spurs_2014,millspa02_2014,39.07684736515984,2008-2015
San Antonio Spurs_2014,parketo01_2014,44.68780594300866,2008-2015
San Antonio Spurs_2014,pendeje02_2014,30.854497241083024,2008-2015
San Antonio Spurs_2014,splitti01_2014,35.651086939951774,2008-2015
San Antonio Spurs_2015,anderky01_2015,18.920887928424502,2008-2015
San Antonio Spurs_2015,baynear01_2015,33.49626844888845,2008-2015
San Antonio Spurs_2015,belinma01_2015,37.255872020394314,2008-2015
San Antonio Spurs_2015,bonnema01_2015,30.577769702841312,2008-2015
San Antonio Spurs_2015,dayeau01_2015,16.3707055437449,2008-2015
San Antonio Spurs_2015,diawbo01_2015,44.54211490264017,2008-2015
San Antonio Spurs_2015,duncati01_2015,47.19110085598767,2008-2015
San Antonio Spurs_2015,ginobma01_2015,39.83716857408418,2008-2015
San Antonio Spurs_2015,greenda02_2015,48.08326112068523,2008-2015
San Antonio Spurs_2015,josepco01_2015,38.0,2008-2015
San Antonio Spurs_2015,leonaka01_2015,45.088801270381985,2008-2015
San Antonio Spurs_2015,millspa02_2015,28.30194339616981,2008-2015
San Antonio Spurs_2015,parketo01_2015,44.19275958796871,2008-2015
San Antonio Spurs_2015,pendeje02_2015,19.570385790780925,2008-2015
San Antonio Spurs_2015,splitti01_2015,32.09361307176243,2008-2015
San Antonio Spurs_2016,aldrila01_2016,47.54997371187496,2016-present
San Antonio Spurs_2016,anderky01_2016,35.2845575287547,2016-present
San Antonio Spurs_2016,bonnema01_2016,14.352700094407323,2016-present
San Antonio Spurs_2016,butlera01_2016,20.784609690826528,2016-present
San Antonio Spurs_2016,diawbo01_2016,37.22902093797257,2016-present
San Antonio Spurs_2016,duncati01_2016,39.191835884530846,2016-present
San Antonio Spurs_2016,ginobma01_2016,33.67491648096547,2016-present
San Antonio Spurs_2016,greenda02_2016,45.40925015897091,2016-present
San Antonio Spurs_2016,leonaka01_2016,48.78524367060187,2016-present
San Antonio Spurs_2016,marjabo01_2016,22.538855339169288,2016-present
San Antonio Spurs_2016,mccalra01_2016,16.0,2016-present
San Antonio Spurs_2016,millspa02_2016,40.76763422127902,2016-present
San Antonio Spurs_2016,parketo01_2016,44.49719092257398,2016-present
San Antonio Spurs_2016,simmojo02_2016,28.513154858766505,2016-present
San Antonio Spurs_2016,westda01_2016,37.469987990390386,2016-present
San Antonio Spurs_2017,aldrila01_2017,48.321837713398274,2016-present
San Antonio Spurs_2017,anderky01_2017,31.937438845342623,2016-present
San Antonio Spurs_2017,bertada01_2017,28.42534080710379,2016-present
San Antonio Spurs_2017,dedmode01_2017,36.46916505762094,2016-present
San Antonio Spurs_2017,forbebr01_2017,16.881943016134134,2016-present
San Antonio Spurs_2017,gasolpa01_2017,40.33608806019741,2016-present
San Antonio Spurs_2017,ginobma01_2017,35.93048844644336,2016-present
San Antonio Spurs_2017,greenda02_2017,42.50882261366456,2016-present
San Antonio Spurs_2017,leeda02_2017,38.43175770115127,2016-present
San Antonio Spurs_2017,leonaka01_2017,49.73932046178355,2016-present
San Antonio Spurs_2017,millspa02_2017,41.88078318274385,2016-present
San Antonio Spurs_2017,murrade01_2017,17.944358444926362,2016-present
San Antonio Spurs_2017,parketo01_2017,39.83716857408418,2016-present
San Antonio Spurs_2017,simmojo02_2017,37.30951621235526,2016-present
San Antonio Spurs_2018,aldrila01_2018,50.08991914547278,2016-present
San Antonio Spurs_2018,anderky01_2018,44.474711915874174,2016-present
San Antonio Spurs_2018,bertada01_2018,32.95451410656816,2016-present
San Antonio Spurs_2018,forbebr01_2018,38.948684188300895,2016-present
San Antonio Spurs_2018,gasolpa01_2018,42.567593307585526,2016-present
San Antonio Spurs_2018,gayru01_2018,35.08560958569767,2016-present
San Antonio Spurs_2018,ginobma01_2018,36.0416425818802,2016-present
San Antonio Spurs_2018,greenda02_2018,42.320207938997655,2016-present
San Antonio Spurs_2018,lauvejo01_2018,23.108440016582687,2016-present
San Antonio Spurs_2018,millspa02_2018,45.902069670114,2016-present
San Antonio Spurs_2018,murrade01_2018,41.7492514902962,2016-present
San Antonio Spurs_2018,parketo01_2018,32.72613634390714,2016-present
San Antonio Spurs_2018,paulbr01_2018,24.0,2016-present
San Antonio Spurs_2019,aldrila01_2019,51.836280730777744,2016-present
San Antonio Spurs_2019,belinma01_2019,42.60281680828159,2016-present
San Antonio Spurs_2019,bertada01_2019,40.39801975344831,2016-present
San Antonio Spurs_2019,cunnida01_2019,30.463092423455635,2016-present
San Antonio Spurs_2019,derozde01_2019,51.84592558726288,2016-present
San Antonio Spurs_2019,eubandr01_2019,10.63014581273465,2016-present
San Antonio Spurs_2019,forbebr01_2019,47.885279575251516,2016-present
San Antonio Spurs_2019,gasolpa01_2019,18.16590212458495,2016-present
San Antonio Spurs_2019,gayru01_2019,42.91852746774987,2016-present
San Antonio Spurs_2019,metuch01_2019,12.041594578792296,2016-present
San Antonio Spurs_2019,millspa02_2019,43.68065933568311,2016-present
San Antonio Spurs_2019,poeltja01_2019,35.679125549822544,2016-present
San Antonio Spurs_2019,pondequ01_2019,17.08800749063506,2016-present
San Antonio Spurs_2019,whitede01_2019,41.569219381653056,2016-present
San Antonio Spurs_2020,aldrila01_2020,41.88078318274385,2016-present
San Antonio Spurs_2020,belinma01_2020,29.715315916207253,2016-present
San Antonio Spurs_2020,derozde01_2020,48.12483766206386,2016-present
San Antonio Spurs_2020,eubandr01_2020,16.492422502470642,2016-present
San Antonio Spurs_2020,forbebr01_2020,39.736632972611055,2016-present
San Antonio Spurs_2020,gayru01_2020,38.22302970723278,2016-present
San Antonio Spurs_2020,lylestr01_2020,35.651086939951774,2016-present
San Antonio Spurs_2020,millspa02_2020,38.535697735995385,2016-present
San Antonio Spurs_2020,murrade01_2020,41.0731055558257,2016-present
San Antonio Spurs_2020,poeltja01_2020,34.219877264537345,2016-present
San Antonio Spurs_2020,walkelo01_2020,31.432467291003423,2016-present
San Antonio Spurs_2020,whitede01_2020,40.95119045888654,2016-present
San Antonio Spurs_2021,aldrila01_2021,23.323807579381203,2016-present
San Antonio Spurs_2021,bateske01_2021,15.652475842498529,2016-present
San Antonio Spurs_2021,derozde01_2021,45.34313619501854,2016-present
San Antonio Spurs_2021,eubandr01_2021,27.477263328068172,2016-present
San Antonio Spurs_2021,gayru01_2021,36.851051545376556,2016-present
San Antonio Spurs_2021,johnske04_2021,44.36214602563767,2016-present
San Antonio Spurs_2021,jonestr01_2021,16.401219466856727,2016-present
San Antonio Spurs_2021,lylestr01_2021,18.920887928424502,2016-present
San Antonio Spurs_2021,millspa02_2021,41.048751503547585,2016-present
San Antonio Spurs_2021,murrade01_2021,46.24932431938871,2016-present
San Antonio Spurs_2021,poeltja01_2021,42.95346318982906,2016-present
San Antonio Spurs_2021,samanlu01_2021,17.549928774784245,2016-present
San Antonio Spurs_2021,vassede01_2021,32.49615361854384,2016-present
San Antonio Spurs_2021,walkelo01_2021,39.01281840626232,2016-present
San Antonio Spurs_2021,whitede01_2021,32.61901286060018,2016-present
San Antonio Spurs_2022,bateske01_2022,30.919249667480614,2016-present
San Antonio Spurs_2022,colliza01_2022,22.40535650240808,2016-present
San Antonio Spurs_2022,eubandr01_2022,24.392621835300936,2016-present
San Antonio Spurs_2022,forbebr01_2022,26.0,2016-present
San Antonio Spurs_2022,johnske04_2022,48.908077042549934,2016-present
San Antonio Spurs_2022,jonestr01_2022,33.88214869219483,2016-present
San Antonio Spurs_2022,landajo01_2022,24.269322199023193,2016-present
San Antonio Spurs_2022,mcderdo01_2022,34.97141690009142,2016-present
San Antonio Spurs_2022,murrade01_2022,48.641546028061235,2016-present
San Antonio Spurs_2022,poeltja01_2022,44.384682042344295,2016-present
San Antonio Spurs_2022,primojo01_2022,31.064449134018133,2016-present
San Antonio Spurs_2022,richajo01_2022,22.64950330581225,2016-present
San Antonio Spurs_2022,vassede01_2022,44.01136216933077,2016-present
San Antonio Spurs_2022,walkelo01_2022,40.149719799769464,2016-present
San Antonio Spurs_2022,whitede01_2022,38.54867053479276,2016-present
San Antonio Spurs_2022,wieskjo01_2022,14.317821063276353,2016-present
San Antonio Spurs_2022,youngth01_2022,19.235384061671343,2016-present
San Antonio Spurs_2023,barlodo01_2023,20.199009876724155,2016-present
San Antonio Spurs_2023,bassech01_2023,22.538855339169288,2016-present
San Antonio Spurs_2023,bateske01_2023,38.1051177665153,2016-present
San Antonio Spurs_2023,branhma01_2023,39.370039370059054,2016-present
San Antonio Spurs_2023,colliza01_2023,37.960505792204614,2016-present
San Antonio Spurs_2023,dienggo01_2023,18.920887928424502,2016-present
San Antonio Spurs_2023,johnske04_2023,45.42025979670306,2016-present
San Antonio Spurs_2023,johnsst04_2023,21.656407827707714,2016-present
San Antonio Spurs_2023,jonestr01_2023,44.54211490264017,2016-present
San Antonio Spurs_2023,langfro01_2023,29.0516780926679,2016-present
San Antonio Spurs_2023,mcderdo01_2023,36.24913792078372,2016-present
San Antonio Spurs_2023,poeltja01_2023,34.62657938636157,2016-present
San Antonio Spurs_2023,richajo01_2023,31.575306807693888,2016-present
San Antonio Spurs_2023,robyis01_2023,21.77154105707724,2016-present
San Antonio Spurs_2023,sochaje01_2023,38.18376618407357,2016-present
San Antonio Spurs_2023,vassede01_2023,34.322004603461025,2016-present
San Antonio Spurs_2023,weslebl01_2023,25.865034312755125,2016-present
San Antonio Spurs_2024,barlodo01_2024,20.493901531919196,2016-present
San Antonio Spurs_2024,branhma01_2024,39.92492955535426,2016-present
San Antonio Spurs_2024,champju02_2024,38.31448812133603,2016-present
San Antonio Spurs_2024,colliza01_2024,39.06404996924922,2016-present
San Antonio Spurs_2024,grahade01_2024,17.69180601295413,2016-present
San Antonio Spurs_2024,johnske04_2024,45.14421336118285,2016-present
San Antonio Spurs_2024,jonestr01_2024,46.238512086787566,2016-present
San Antonio Spurs_2024,mamuksa01_2024,21.236760581595302,2016-present
San Antonio Spurs_2024,mcderdo01_2024,26.457513110645905,2016-present
San Antonio Spurs_2024,osmande01_2024,35.62302626111375,2016-present
San Antonio Spurs_2024,sochaje01_2024,46.82947789587238,2016-present
San Antonio Spurs_2024,vassede01_2024,47.41307836451879,2016-present
San Antonio Spurs_2024,wembavi01_2024,45.89117562233506,2016-present
San Antonio Spurs_2024,weslebl01_2024,29.597297173897484,2016-present
San Antonio Spurs_2025,barneha02_2025,47.22287581247038,2016-present
San Antonio Spurs_2025,bassech01_2025,19.390719429665317,2016-present
San Antonio Spurs_2025,biyombi01_2025,22.978250586152114,2016-present
San Antonio Spurs_2025,branhma01_2025,20.663978319771825,2016-present
San Antonio Spurs_2025,castlst01_2025,46.49731175025068,2016-present
San Antonio Spurs_2025,champju02_2025,43.95452195167182,2016-present
San Antonio Spurs_2025,colliza01_2025,20.615528128088304,2016-present
San Antonio Spurs_2025,johnske04_2025,42.871902220452036,2016-present
San Antonio Spurs_2025,jonestr01_2025,21.213203435596427,2016-present
San Antonio Spurs_2025,mamuksa01_2025,26.095976701399778,2016-present
San Antonio Spurs_2025,paulch01_2025,47.8748368143433,2016-present
San Antonio Spurs_2025,sochaje01_2025,36.932370625238775,2016-present
San Antonio Spurs_2025,vassede01_2025,44.53088815642464,2016-present
San Antonio Spurs_2025,wembavi01_2025,39.07684736515984,2016-present
San Antonio Spurs_2025,weslebl01_2025,26.13426869074396,2016-present
Seattle SuperSonics_1999,bakervi01_1999,34.08812109811862,1999-2007
Seattle SuperSonics_1999,crottjo01_1999,19.05255888325765,1999-2007
Seattle SuperSonics_1999,ellisda01_1999,35.09985754956849,1999-2007
Seattle SuperSonics_1999,hawkihe01_1999,40.54626986542659,1999-2007
Seattle SuperSonics_1999,mccoyje01_1999,18.193405398660254,1999-2007
Seattle SuperSonics_1999,owensbi01_1999,21.236760581595302,1999-2007
Seattle SuperSonics_1999,paytoga01_1999,44.81071300481616,1999-2007
Seattle SuperSonics_1999,polynol01_1999,38.48376280978771,1999-2007
Seattle SuperSonics_1999,schrede01_1999,42.01190307520001,1999-2007
Seattle SuperSonics_1999,stepavl01_1999,17.69180601295413,1999-2007
Seattle SuperSonics_1999,williaa01_1999,21.400934559032695,1999-2007
Seattle SuperSonics_2000,bakervi01_2000,53.376024580330075,1999-2007
Seattle SuperSonics_2000,barrybr01_2000,52.21110992882645,1999-2007
Seattle SuperSonics_2000,davisem01_2000,26.476404589747453,1999-2007
Seattle SuperSonics_2000,fostegr01_2000,26.795522013948524,1999-2007
Seattle SuperSonics_2000,grantho01_2000,51.84592558726288,1999-2007
Seattle SuperSonics_2000,lewisra02_2000,39.68626966596886,1999-2007
Seattle SuperSonics_2000,maxweve01_2000,31.448370387032774,1999-2007
Seattle SuperSonics_2000,mccoyje01_2000,27.313000567495326,1999-2007
Seattle SuperSonics_2000,patteru01_2000,45.79301256742124,1999-2007
Seattle SuperSonics_2000,paytoga01_2000,58.52349955359813,1999-2007
Seattle SuperSonics_2000,persoch01_2000,18.439088914585774,1999-2007
Seattle SuperSonics_2000,stepavl01_2000,14.212670403551895,1999-2007
Seattle SuperSonics_2000,willish01_2000,22.737634001804146,1999-2007
Seattle SuperSonics_2001,bakervi01_2001,46.14108798023731,1999-2007
Seattle SuperSonics_2001,barrybr01_2001,42.16633728461603,1999-2007
Seattle SuperSonics_2001,davisem01_2001,35.91656999213594,1999-2007
Seattle SuperSonics_2001,ewingpa01_2001,45.902069670114,1999-2007
Seattle SuperSonics_2001,lewisra02_2001,52.15361924162119,1999-2007
Seattle SuperSonics_2001,masonde01_2001,39.01281840626232,1999-2007
Seattle SuperSonics_2001,mccoyje01_2001,33.80828300875393,1999-2007
Seattle SuperSonics_2001,oyedeol01_2001,14.866068747318506,1999-2007
Seattle SuperSonics_2001,patteru01_2001,45.37620521815371,1999-2007
Seattle SuperSonics_2001,paytoga01_2001,56.95612346359257,1999-2007
Seattle SuperSonics_2001,willish01_2001,35.185224171518364,1999-2007
Seattle SuperSonics_2001,wolkoru01_2001,17.46424919657298,1999-2007
Seattle SuperSonics_2002,bakervi01_2002,41.352146256270665,1999-2007
Seattle SuperSonics_2002,barrybr01_2002,55.136195008360886,1999-2007
Seattle SuperSonics_2002,drobnpr01_2002,34.26368339802363,1999-2007
Seattle SuperSonics_2002,jamesje01_2002,30.805843601498726,1999-2007
Seattle SuperSonics_2002,lewisra02_2002,50.84289527554464,1999-2007
Seattle SuperSonics_2002,longar01_2002,31.448370387032774,1999-2007
Seattle SuperSonics_2002,masonde01_2002,49.193495504995376,1999-2007
Seattle SuperSonics_2002,oyedeol01_2002,14.866068747318506,1999-2007
Seattle SuperSonics_2002,paytoga01_2002,57.4543296888929,1999-2007
Seattle SuperSonics_2002,radmavl01_2002,35.07135583350036,1999-2007
Seattle SuperSonics_2002,watsoea01_2002,31.04834939252005,1999-2007
Seattle SuperSonics_2002,willish01_2002,24.55605831561735,1999-2007
Seattle SuperSonics_2003,allenra02_2003,34.597687784012386,1999-2007
Seattle SuperSonics_2003,anderke01_2003,26.248809496813376,1999-2007
Seattle SuperSonics_2003,barrybr01_2003,49.79959839195493,1999-2007
Seattle SuperSonics_2003,boothca01_2003,23.979157616563597,1999-2007
Seattle SuperSonics_2003,drobnpr01_2003,44.54211490264017,1999-2007
Seattle SuperSonics_2003,evansre01_2003,36.945906403822335,1999-2007
Seattle SuperSonics_2003,jamesje01_2003,27.676705006196094,1999-2007
Seattle SuperSonics_2003,lewisra02_2003,55.17245689653489,1999-2007
Seattle SuperSonics_2003,masonde01_2003,42.555845661906424,1999-2007
Seattle SuperSonics_2003,ollieke01_2003,27.748873851023216,1999-2007
Seattle SuperSonics_2003,paytoga01_2003,46.07602413403309,1999-2007
Seattle SuperSonics_2003,potapvi01_2003,20.074859899884732,1999-2007
Seattle SuperSonics_2003,radmavl01_2003,43.70354676682432,1999-2007
Seattle SuperSonics_2003,sesayan01_2003,21.166010488516726,1999-2007
Seattle SuperSonics_2004,allenra02_2004,46.389654018972806,1999-2007
Seattle SuperSonics_2004,barrybr01_2004,42.46174749112429,1999-2007
Seattle SuperSonics_2004,boothca01_2004,34.72751070837067,1999-2007
Seattle SuperSonics_2004,daniean01_2004,38.88444419044716,1999-2007
Seattle SuperSonics_2004,evansre01_2004,35.77708763999664,1999-2007
Seattle SuperSonics_2004,frahmri01_2004,21.656407827707714,1999-2007
Seattle SuperSonics_2004,jamesje01_2004,31.464265445104548,1999-2007
Seattle SuperSonics_2004,lewisra02_2004,54.13871073455665,1999-2007
Seattle SuperSonics_2004,murraro01_2004,44.955533585978046,1999-2007
Seattle SuperSonics_2004,potapvi01_2004,37.66961640367472,1999-2007
Seattle SuperSonics_2004,radmavl01_2004,48.176757881783615,1999-2007
Seattle SuperSonics_2004,ridnolu01_2004,33.37663853655727,1999-2007
Seattle SuperSonics_2004,sesayan01_2004,24.145392935299274,1999-2007
Seattle SuperSonics_2005,allenra02_2005,55.35341001239219,1999-2007
Seattle SuperSonics_2005,collini01_2005,37.36308338453881,1999-2007
Seattle SuperSonics_2005,daniean01_2005,45.0111097397076,1999-2007
Seattle SuperSonics_2005,evansre01_2005,43.37049688440288,1999-2007
Seattle SuperSonics_2005,fortsda01_2005,32.357379374726875,1999-2007
Seattle SuperSonics_2005,jamesje01_2005,36.46916505762094,1999-2007
Seattle SuperSonics_2005,lewisra02_2005,51.93264869039514,1999-2007
Seattle SuperSonics_2005,murraro01_2005,29.715315916207253,1999-2007
Seattle SuperSonics_2005,potapvi01_2005,18.303005217723125,1999-2007
Seattle SuperSonics_2005,radmavl01_2005,43.08131845707603,1999-2007
Seattle SuperSonics_2005,ridnolu01_2005,50.70502933634887,1999-2007
Seattle SuperSonics_2005,wilkida02_2005,22.80350850198276,1999-2007
Seattle SuperSonics_2006,allenra02_2006,54.97272050753901,1999-2007
Seattle SuperSonics_2006,cleavma01_2006,15.165750888103101,1999-2007
Seattle SuperSonics_2006,collini01_2006,38.05259518088089,1999-2007
Seattle SuperSonics_2006,evansre01_2006,28.071337695236398,1999-2007
Seattle SuperSonics_2006,fortsda01_2006,16.61324772583615,1999-2007
Seattle SuperSonics_2006,lewisra02_2006,53.62835071116769,1999-2007
Seattle SuperSonics_2006,mooremi01_2006,24.145392935299274,1999-2007
Seattle SuperSonics_2006,murraro01_2006,32.93933818400121,1999-2007
Seattle SuperSonics_2006,petrojo01_2006,35.805027579936315,1999-2007
Seattle SuperSonics_2006,potapvi01_2006,17.916472867168917,1999-2007
Seattle SuperSonics_2006,radmavl01_2006,33.0,1999-2007
Seattle SuperSonics_2006,ridnolu01_2006,51.234753829797995,1999-2007
Seattle SuperSonics_2006,swiftro01_2006,31.416556144810016,1999-2007
Seattle SuperSonics_2006,watsoea01_2006,24.55605831561735,1999-2007
Seattle SuperSonics_2006,wilcoch01_2006,29.5296461204668,1999-2007
Seattle SuperSonics_2006,wilkida02_2006,39.05124837953327,1999-2007
Seattle SuperSonics_2007,allenra02_2007,47.10626285325551,1999-2007
Seattle SuperSonics_2007,brownan01_2007,16.46207763315433,1999-2007
Seattle SuperSonics_2007,collini01_2007,48.76474136094644,1999-2007
Seattle SuperSonics_2007,gelabmi01_2007,35.199431813596085,1999-2007
Seattle SuperSonics_2007,lewisra02_2007,48.45616575834287,1999-2007
Seattle SuperSonics_2007,petrojo01_2007,38.8587184554509,1999-2007
Seattle SuperSonics_2007,ridnolu01_2007,45.727453460694704,1999-2007
Seattle SuperSonics_2007,senesa01_2007,13.0,1999-2007
Seattle SuperSonics_2007,watsoea01_2007,46.389654018972806,1999-2007
Seattle SuperSonics_2007,wilcoch01_2007,50.85272854036448,1999-2007
Seattle SuperSonics_2007,wilkida02_2007,45.13313638558703,1999-2007
Seattle SuperSonics_2007,wilksmi01_2007,23.108440016582687,1999-2007
Seattle SuperSonics_2008,collini01_2008,47.148700936505136,2008-2015
Seattle SuperSonics_2008,duranke01_2008,52.61178575186362,2008-2015
Seattle SuperSonics_2008,elsonfr01_2008,16.703293088490067,2008-2015
Seattle SuperSonics_2008,gelabmi01_2008,21.563858652847824,2008-2015
Seattle SuperSonics_2008,greenje02_2008,47.46577714522327,2008-2015
Seattle SuperSonics_2008,petrojo01_2008,36.193922141707716,2008-2015
Seattle SuperSonics_2008,ridnolu01_2008,34.97141690009142,2008-2015
Seattle SuperSonics_2008,szczewa02_2008,34.351128074635334,2008-2015
Seattle SuperSonics_2008,thomaku01_2008,32.55764119219941,2008-2015
Seattle SuperSonics_2008,watsoea01_2008,47.634021455258214,2008-2015
Seattle SuperSonics_2008,westde01_2008,26.962937525425527,2008-2015
Seattle SuperSonics_2008,wilcoch01_2008,41.701318923986086,2008-2015
Seattle SuperSonics_2008,wilkida02_2008,42.930175867331364,2008-2015
Toronto Raptors_1999,brownde01_1999,37.107950630558946,1999-2007
Toronto Raptors_1999,cartevi01_1999,41.95235392680606,1999-2007
Toronto Raptors_1999,chrisdo01_1999,42.04759208325728,1999-2007
Toronto Raptors_1999,mcgratr01_1999,33.25657829663178,1999-2007
Toronto Raptors_1999,oaklech01_1999,40.4103947023535,1999-2007
Toronto Raptors_1999,slatere01_1999,16.217274740226856,1999-2007
Toronto Raptors_1999,stewami01_1999,19.849433241279208,1999-2007
Toronto Raptors_1999,thomajo02_1999,24.351591323771842,1999-2007
Toronto Raptors_1999,wallajo01_1999,28.495613697550013,1999-2007
Toronto Raptors_1999,willial02_1999,32.41913015489465,1999-2007
Toronto Raptors_1999,willike02_1999,34.87119154832539,1999-2007
Toronto Raptors_2000,boguemu01_2000,41.60528812542944,1999-2007
Toronto Raptors_2000,brownde01_2000,25.942243542145693,1999-2007
Toronto Raptors_2000,cartevi01_2000,55.910642993977454,1999-2007
Toronto Raptors_2000,chrisdo01_2000,47.58150901348127,1999-2007
Toronto Raptors_2000,curryde01_2000,33.090784215548595,1999-2007
Toronto Raptors_2000,davisan01_2000,49.78955713801841,1999-2007
Toronto Raptors_2000,mcgratr01_2000,49.61854492022111,1999-2007
Toronto Raptors_2000,oaklech01_2000,49.3051721424842,1999-2007
Toronto Raptors_2000,stewami01_2000,19.72308292331602,1999-2007
Toronto Raptors_2000,thomajo02_2000,21.840329667841555,1999-2007
Toronto Raptors_2000,willial02_2000,27.910571473905726,1999-2007
Toronto Raptors_2000,willike02_2000,40.97560249709576,1999-2007
Toronto Raptors_2001,cartevi01_2001,54.58021619598075,1999-2007
Toronto Raptors_2001,childch01_2001,23.45207879911715,1999-2007
Toronto Raptors_2001,clarkke01_2001,31.11269837220809,1999-2007
Toronto Raptors_2001,curryde01_2001,30.919249667480614,1999-2007
Toronto Raptors_2001,davisan01_2001,52.23983154643591,1999-2007
Toronto Raptors_2001,jacksma01_2001,42.44997055358225,1999-2007
Toronto Raptors_2001,murratr01_2001,21.283796653792763,1999-2007
Toronto Raptors_2001,oaklech01_2001,52.602281319349636,1999-2007
Toronto Raptors_2001,petermo01_2001,42.532340636273474,1999-2007
Toronto Raptors_2001,stewami01_2001,11.090536506409418,1999-2007
Toronto Raptors_2001,willial02_2001,48.92851929090027,1999-2007
Toronto Raptors_2001,willico02_2001,29.765752132274432,1999-2007
Toronto Raptors_2001,willije01_2001,19.44222209522358,1999-2007
Toronto Raptors_2001,willike02_2001,27.76688675382964,1999-2007
Toronto Raptors_2002,bradlmi01_2002,10.862780491200215,1999-2007
Toronto Raptors_2002,cartevi01_2002,48.83646178829912,1999-2007
Toronto Raptors_2002,childch01_2002,39.698866482558415,1999-2007
Toronto Raptors_2002,clarkke01_2002,46.74398357008097,1999-2007
Toronto Raptors_2002,curryde01_2002,29.765752132274432,1999-2007
Toronto Raptors_2002,davisan01_2002,54.57105459856901,1999-2007
Toronto Raptors_2002,jacksje01_2002,16.73320053068151,1999-2007
Toronto Raptors_2002,montrer01_2002,25.592967784139454,1999-2007
Toronto Raptors_2002,murratr01_2002,21.748563170931547,1999-2007
Toronto Raptors_2002,olajuha01_2002,37.12142238654117,1999-2007
Toronto Raptors_2002,petermo01_2002,44.58699361921591,1999-2007
Toronto Raptors_2002,willial02_2002,54.101755978895916,1999-2007
Toronto Raptors_2002,willije01_2002,40.50925820105819,1999-2007
Toronto Raptors_2003,alstora01_2003,31.304951684997057,1999-2007
Toronto Raptors_2003,bradlmi01_2003,36.24913792078372,1999-2007
Toronto Raptors_2003,cartevi01_2003,38.353617821530214,1999-2007
Toronto Raptors_2003,davisan01_2003,43.520110293977886,1999-2007
Toronto Raptors_2003,fostegr01_2003,23.2163735324878,1999-2007
Toronto Raptors_2003,hunteli01_2003,25.942243542145693,1999-2007
Toronto Raptors_2003,jacksje01_2003,16.911534525287763,1999-2007
Toronto Raptors_2003,jeffech01_2003,25.80697580112788,1999-2007
Toronto Raptors_2003,lenarvo01_2003,43.9203825119955,1999-2007
Toronto Raptors_2003,mccoyje01_2003,36.9729630946723,1999-2007
Toronto Raptors_2003,ndiayma02_2003,19.078784028338912,1999-2007
Toronto Raptors_2003,petermo01_2003,54.30469592954186,1999-2007
Toronto Raptors_2003,willial02_2003,51.36146415358503,1999-2007
Toronto Raptors_2003,willije01_2003,48.43552415324934,1999-2007
Toronto Raptors_2004,archiro01_2004,15.684387141358123,1999-2007
Toronto Raptors_2004,baxtelo01_2004,22.06807649071391,1999-2007
Toronto Raptors_2004,boshch01_2004,50.0999001995014,1999-2007
Toronto Raptors_2004,cartevi01_2004,52.773099207835045,1999-2007
Toronto Raptors_2004,currymi01_2004,35.05709628591621,1999-2007
Toronto Raptors_2004,marshdo01_2004,50.79370039680118,1999-2007
Toronto Raptors_2004,masonro01_2004,16.881943016134134,1999-2007
Toronto Raptors_2004,moisoje01_2004,20.42057785666214,1999-2007
Toronto Raptors_2004,murrala01_2004,22.759613353482084,1999-2007
Toronto Raptors_2004,palacmi01_2004,34.79942528261063,1999-2007
Toronto Raptors_2004,petermo01_2004,46.34652090502587,1999-2007
Toronto Raptors_2004,roseja01_2004,44.36214602563767,1999-2007
Toronto Raptors_2004,willial02_2004,41.593268686170845,1999-2007
Toronto Raptors_2005,alstora01_2005,52.124850119688595,1999-2007
Toronto Raptors_2005,araujra01_2005,27.129319932501073,1999-2007
Toronto Raptors_2005,bonnema01_2005,39.408120990476064,1999-2007
Toronto Raptors_2005,boshch01_2005,54.92722457943783,1999-2007
Toronto Raptors_2005,marshdo01_2005,40.55859958134649,1999-2007
Toronto Raptors_2005,murrala01_2005,30.298514815086232,1999-2007
Toronto Raptors_2005,palacmi01_2005,39.153543900903784,1999-2007
Toronto Raptors_2005,petermo01_2005,50.0999001995014,1999-2007
Toronto Raptors_2005,roseja01_2005,52.05766033928148,1999-2007
Toronto Raptors_2005,sowpa01_2005,15.968719422671311,1999-2007
Toronto Raptors_2005,williaa01_2005,12.84523257866513,1999-2007
Toronto Raptors_2005,willier01_2005,24.145392935299274,1999-2007
Toronto Raptors_2005,woodslo01_2005,26.68332812825267,1999-2007
Toronto Raptors_2006,araujra01_2006,24.515301344262525,1999-2007
Toronto Raptors_2006,bonnema01_2006,41.352146256270665,1999-2007
Toronto Raptors_2006,boshch01_2006,52.44997616777342,1999-2007
Toronto Raptors_2006,caldejo01_2006,38.561638969317684,1999-2007
Toronto Raptors_2006,grahajo01_2006,39.761790704142086,1999-2007
Toronto Raptors_2006,jamesmi01_2006,54.08326913195984,1999-2007
Toronto Raptors_2006,martida01_2006,18.411952639521967,1999-2007
Toronto Raptors_2006,petermo01_2006,56.0357029044876,1999-2007
Toronto Raptors_2006,roseja01_2006,35.156791662493895,1999-2007
Toronto Raptors_2006,sowpa01_2006,24.289915602982237,1999-2007
Toronto Raptors_2006,villach01_2006,48.590122453025366,1999-2007
Toronto Raptors_2006,willier01_2006,18.76166303929372,1999-2007
Toronto Raptors_2006,woodslo01_2006,18.0,1999-2007
Toronto Raptors_2007,bargnan01_2007,40.36087214122113,1999-2007
Toronto Raptors_2007,boshch01_2007,51.55579501860097,1999-2007
Toronto Raptors_2007,caldejo01_2007,40.17461885320133,1999-2007
Toronto Raptors_2007,dixonju01_2007,26.13426869074396,1999-2007
Toronto Raptors_2007,fordtj01_2007,47.36032094485847,1999-2007
Toronto Raptors_2007,garbajo01_2007,43.69210454990696,1999-2007
Toronto Raptors_2007,grahajo01_2007,36.318039594669756,1999-2007
Toronto Raptors_2007,humphkr01_2007,25.88435821108957,1999-2007
Toronto Raptors_2007,jonesfr01_2007,29.49576240750525,1999-2007
Toronto Raptors_2007,martida01_2007,14.832396974191326,1999-2007
Toronto Raptors_2007,nestera01_2007,40.93897898091744,1999-2007
Toronto Raptors_2007,parkean01_2007,49.36598018878993,1999-2007
Toronto Raptors_2007,petermo01_2007,38.92300091205713,1999-2007
Toronto Raptors_2008,bargnan01_2008,43.139309220245984,2008-2015
Toronto Raptors_2008,boshch01_2008,49.24428900898052,2008-2015
Toronto Raptors_2008,caldejo01_2008,49.839743177508446,2008-2015
Toronto Raptors_2008,delfica01_2008,43.9089968002003,2008-2015
Toronto Raptors_2008,dixonju01_2008,20.591260281974,2008-2015
Toronto Raptors_2008,fordtj01_2008,34.62657938636157,2008-2015
Toronto Raptors_2008,grahajo01_2008,18.193405398660254,2008-2015
Toronto Raptors_2008,humphkr01_2008,30.4138126514911,2008-2015
Toronto Raptors_2008,kaponja01_2008,39.11521443121589,2008-2015
Toronto Raptors_2008,moonja01_2008,46.54030511288038,2008-2015
Toronto Raptors_2008,nestera01_2008,38.54867053479276,2008-2015
Toronto Raptors_2008,parkean01_2008,51.32250968142536,2008-2015
Toronto Raptors_2009,bargnan01_2009,49.52776998815917,2008-2015
Toronto Raptors_2009,boshch01_2009,54.11099703387473,2008-2015
Toronto Raptors_2009,caldejo01_2009,48.30113870293329,2008-2015
Toronto Raptors_2009,grahajo01_2009,39.25557285278104,2008-2015
Toronto Raptors_2009,humphkr01_2009,16.278820596099706,2008-2015
Toronto Raptors_2009,kaponja01_2009,42.790185790669334,2008-2015
Toronto Raptors_2009,mariosh01_2009,30.886890422961002,2008-2015
Toronto Raptors_2009,moonja01_2009,37.134889255254286,2008-2015
Toronto Raptors_2009,onealje01_2009,34.87119154832539,2008-2015
Toronto Raptors_2009,parkean01_2009,51.35172830587107,2008-2015
Toronto Raptors_2009,solomwi01_2009,23.323807579381203,2008-2015
Toronto Raptors_2009,ukicro01_2009,29.832867780352597,2008-2015
Toronto Raptors_2009,voskuja01_2009,15.491933384829668,2008-2015
Toronto Raptors_2010,banksma01_2010,15.620499351813308,2008-2015
Toronto Raptors_2010,bargnan01_2010,52.905576265645195,2008-2015
Toronto Raptors_2010,belinma01_2010,33.481338085566414,2008-2015
Toronto Raptors_2010,boshch01_2010,50.25932749251625,2008-2015
Toronto Raptors_2010,caldejo01_2010,42.62628297189423,2008-2015
Toronto Raptors_2010,derozde01_2010,40.792156108742276,2008-2015
Toronto Raptors_2010,evansre01_2010,17.635192088548397,2008-2015
Toronto Raptors_2010,jackja01_2010,47.36032094485847,2008-2015
Toronto Raptors_2010,johnsam01_2010,38.118237105091836,2008-2015
Toronto Raptors_2010,nestera01_2010,20.322401432901575,2008-2015
Toronto Raptors_2010,turkohe01_2010,47.66550115125194,2008-2015
Toronto Raptors_2010,weemsso01_2010,36.98648401781386,2008-2015
Toronto Raptors_2010,wrighan01_2010,37.30951621235526,2008-2015
Toronto Raptors_2011,ajincal01_2011,16.278820596099706,2008-2015
Toronto Raptors_2011,barbole01_2011,37.3496987939662,2008-2015
Toronto Raptors_2011,bargnan01_2011,48.507731342539614,2008-2015
Toronto Raptors_2011,bayleje01_2011,36.701498607005135,2008-2015
Toronto Raptors_2011,caldejo01_2011,45.8475735453906,2008-2015
Toronto Raptors_2011,davised01_2011,40.024992192379,2008-2015
Toronto Raptors_2011,derozde01_2011,53.39475629684998,2008-2015
Toronto Raptors_2011,dorsejo01_2011,22.847319317591726,2008-2015
Toronto Raptors_2011,evansre01_2011,28.24889378365107,2008-2015
Toronto Raptors_2011,johnsam01_2011,43.04648650006177,2008-2015
Toronto Raptors_2011,johnsja01_2011,26.43860813280457,2008-2015
Toronto Raptors_2011,kleizli01_2011,32.12475680841802,2008-2015
Toronto Raptors_2011,weemsso01_2011,37.589892258425,2008-2015
Toronto Raptors_2011,wrighju01_2011,27.676705006196094,2008-2015
Toronto Raptors_2012,barbole01_2012,30.757112998459398,2008-2015
Toronto Raptors_2012,bargnan01_2012,32.12475680841802,2008-2015
Toronto Raptors_2012,bayleje01_2012,26.551836094703507,2008-2015
Toronto Raptors_2012,butlera01_2012,21.283796653792763,2008-2015
Toronto Raptors_2012,caldejo01_2012,42.41462012089699,2008-2015
Toronto Raptors_2012,cartean01_2012,14.45683229480096,2008-2015
Toronto Raptors_2012,davised01_2012,39.16631205513228,2008-2015
Toronto Raptors_2012,derozde01_2012,46.968074263269514,2008-2015
Toronto Raptors_2012,forbega01_2012,26.70205984563738,2008-2015
Toronto Raptors_2012,grayaa01_2012,28.513154858766505,2008-2015
Toronto Raptors_2012,johnsam01_2012,39.408120990476064,2008-2015
Toronto Raptors_2012,johnsja01_2012,39.50949253027682,2008-2015
Toronto Raptors_2012,kleizli01_2012,32.51153641401772,2008-2015
Toronto Raptors_2012,magloja01_2012,19.339079605813716,2008-2015
Toronto Raptors_2013,acyqu01_2013,18.49324200890693,2008-2015
Toronto Raptors_2013,anderal01_2013,38.66522985836241,2008-2015
Toronto Raptors_2013,bargnan01_2013,31.670175244226233,2008-2015
Toronto Raptors_2013,caldejo01_2013,35.679125549822544,2008-2015
Toronto Raptors_2013,davised01_2013,32.96968304366907,2008-2015
Toronto Raptors_2013,derozde01_2013,54.89080068645383,2008-2015
Toronto Raptors_2013,fieldla01_2013,32.202484376209235,2008-2015
Toronto Raptors_2013,gayru01_2013,33.85262175962151,2008-2015
Toronto Raptors_2013,grayaa01_2013,22.64950330581225,2008-2015
Toronto Raptors_2013,johnsam01_2013,48.218253804964775,2008-2015
Toronto Raptors_2013,lowryky01_2013,44.94441010848846,2008-2015
Toronto Raptors_2013,lucasjo02_2013,28.75760768909681,2008-2015
Toronto Raptors_2013,rosste01_2013,35.199431813596085,2008-2015
Toronto Raptors_2013,valanjo01_2013,38.49675310984031,2008-2015
Toronto Raptors_2014,decolna01_2014,13.892443989449804,2008-2015
Toronto Raptors_2014,derozde01_2014,54.92722457943783,2008-2015
Toronto Raptors_2014,fieldla01_2014,17.944358444926362,2008-2015
Toronto Raptors_2014,hansbty01_2014,31.272991542223778,2008-2015
Toronto Raptors_2014,hayesch01_2014,23.979157616563597,2008-2015
Toronto Raptors_2014,johnsam01_2014,47.05316142407437,2008-2015
Toronto Raptors_2014,lowryky01_2014,53.49766350038102,2008-2015
Toronto Raptors_2014,novakst01_2014,23.2379000772445,2008-2015
Toronto Raptors_2014,pattepa01_2014,33.436506994600975,2008-2015
Toronto Raptors_2014,rosste01_2014,46.46504062195577,2008-2015
Toronto Raptors_2014,salmojo01_2014,35.79106033634656,2008-2015
Toronto Raptors_2014,stoneju01_2014,10.954451150103322,2008-2015
Toronto Raptors_2014,valanjo01_2014,47.77028364998475,2008-2015
Toronto Raptors_2014,vasqugr01_2014,36.24913792078372,2008-2015
Toronto Raptors_2015,derozde01_2015,45.8257569495584,2008-2015
Toronto Raptors_2015,fieldla01_2015,14.696938456699069,2008-2015
Toronto Raptors_2015,hansbty01_2015,32.526911934581186,2008-2015
Toronto Raptors_2015,hayesch01_2015,15.968719422671311,2008-2015
Toronto Raptors_2015,johnsam01_2015,44.48595283907045,2008-2015
Toronto Raptors_2015,johnsja01_2015,37.013511046643494,2008-2015
Toronto Raptors_2015,lowryky01_2015,49.13247398615299,2008-2015
Toronto Raptors_2015,pattepa01_2015,46.4327470649756,2008-2015
Toronto Raptors_2015,rosste01_2015,45.73838650411709,2008-2015
Toronto Raptors_2015,valanjo01_2015,45.78209256903839,2008-2015
Toronto Raptors_2015,vasqugr01_2015,44.62062303464621,2008-2015
Toronto Raptors_2015,willilo02_2015,44.8998886412873,2008-2015
Toronto Raptors_2016,biyombi01_2016,42.5205832509386,2016-present
Toronto Raptors_2016,carrode01_2016,28.035691537752374,2016-present
Toronto Raptors_2016,derozde01_2016,52.952809179494906,2016-present
Toronto Raptors_2016,johnsja01_2016,30.430248109405877,2016-present
Toronto Raptors_2016,josepco01_2016,45.232731511594565,2016-present
Toronto Raptors_2016,lowryky01_2016,53.39475629684998,2016-present
Toronto Raptors_2016,noguelu01_2016,15.0,2016-present
Toronto Raptors_2016,pattepa01_2016,44.94441010848846,2016-present
Toronto Raptors_2016,powelno01_2016,26.92582403567252,2016-present
Toronto Raptors_2016,rosste01_2016,41.79712908801273,2016-present
Toronto Raptors_2016,scolalu01_2016,40.44749683231337,2016-present
Toronto Raptors_2016,valanjo01_2016,39.45883931389772,2016-present
Toronto Raptors_2016,wrighde01_2016,15.132745950421556,2016-present
Toronto Raptors_2017,carrode01_2017,43.382023926967726,2016-present
Toronto Raptors_2017,derozde01_2017,51.18593556827891,2016-present
Toronto Raptors_2017,ibakase01_2017,26.68332812825267,2016-present
Toronto Raptors_2017,josepco01_2017,44.75488800120049,2016-present
Toronto Raptors_2017,lowryky01_2017,47.37087712930804,2016-present
Toronto Raptors_2017,noguelu01_2017,32.984845004941285,2016-present
Toronto Raptors_2017,pattepa01_2017,39.98749804626441,2016-present
Toronto Raptors_2017,poeltja01_2017,25.019992006393608,2016-present
Toronto Raptors_2017,powelno01_2017,36.98648401781386,2016-present
Toronto Raptors_2017,rosste01_2017,34.741905532080416,2016-present
Toronto Raptors_2017,siakapa01_2017,29.30870177950569,2016-present
Toronto Raptors_2017,tuckepj01_2017,24.677925358506133,2016-present
Toronto Raptors_2017,valanjo01_2017,45.45327270945405,2016-present
Toronto Raptors_2017,vanvlfr01_2017,17.146428199482248,2016-present
Toronto Raptors_2017,wrighde01_2017,21.118712081942874,2016-present
Toronto Raptors_2018,anunoog01_2018,38.48376280978771,2016-present
Toronto Raptors_2018,derozde01_2018,52.06726418777925,2016-present
Toronto Raptors_2018,ibakase01_2018,45.749316934791494,2016-present
Toronto Raptors_2018,lowryky01_2018,50.0999001995014,2016-present
Toronto Raptors_2018,milescj01_2018,36.565010597564445,2016-present
Toronto Raptors_2018,noguelu01_2018,20.445048300260872,2016-present
Toronto Raptors_2018,poeltja01_2018,39.03844259188627,2016-present
Toronto Raptors_2018,powelno01_2018,32.58834147360065,2016-present
Toronto Raptors_2018,siakapa01_2018,40.97560249709576,2016-present
Toronto Raptors_2018,valanjo01_2018,41.557189510360296,2016-present
Toronto Raptors_2018,vanvlfr01_2018,38.98717737923585,2016-present
Toronto Raptors_2018,wrighde01_2018,37.8549864614954,2016-present
Toronto Raptors_2019,anunoog01_2019,36.76955262170047,2016-present
Toronto Raptors_2019,bouchch01_2019,12.767145334803704,2016-present
Toronto Raptors_2019,brownlo01_2019,14.560219778561036,2016-present
Toronto Raptors_2019,gasolma01_2019,25.45584412271571,2016-present
Toronto Raptors_2019,greenda02_2019,47.07440918375928,2016-present
Toronto Raptors_2019,ibakase01_2019,44.83302354291979,2016-present
Toronto Raptors_2019,leonaka01_2019,45.16635916254486,2016-present
Toronto Raptors_2019,linje01_2019,20.808652046684813,2016-present
Toronto Raptors_2019,lowryky01_2019,47.042533945356304,2016-present
Toronto Raptors_2019,mccawpa01_2019,18.547236990991408,2016-present
Toronto Raptors_2019,milescj01_2019,23.706539182259394,2016-present
Toronto Raptors_2019,monrogr01_2019,20.566963801203133,2016-present
Toronto Raptors_2019,powelno01_2019,33.555923471125034,2016-present
Toronto Raptors_2019,richama01_2019,10.14889156509222,2016-present
Toronto Raptors_2019,siakapa01_2019,50.47771785649585,2016-present
Toronto Raptors_2019,valanjo01_2019,23.748684174075834,2016-present
Toronto Raptors_2019,vanvlfr01_2019,41.95235392680606,2016-present
Toronto Raptors_2019,wrighde01_2019,29.949958263743873,2016-present
Toronto Raptors_2020,anunoog01_2020,45.45327270945405,2016-present
Toronto Raptors_2020,bouchch01_2020,28.61817604250837,2016-present
Toronto Raptors_2020,daviste02_2020,34.77067730142742,2016-present
Toronto Raptors_2020,gasolma01_2020,34.07345007480164,2016-present
Toronto Raptors_2020,holliro01_2020,33.49626844888845,2016-present
Toronto Raptors_2020,ibakase01_2020,38.535697735995385,2016-present
Toronto Raptors_2020,johnsst04_2020,12.24744871391589,2016-present
Toronto Raptors_2020,lowryky01_2020,45.803929962395145,2016-present
Toronto Raptors_2020,mccawpa01_2020,30.133038346638727,2016-present
Toronto Raptors_2020,millema01_2020,12.727922061357855,2016-present
Toronto Raptors_2020,powelno01_2020,38.45776904605882,2016-present
Toronto Raptors_2020,siakapa01_2020,45.93473631142341,2016-present
Toronto Raptors_2020,thomama02_2020,20.97617696340303,2016-present
Toronto Raptors_2020,vanvlfr01_2020,43.9089968002003,2016-present
Toronto Raptors_2021,anunoog01_2021,37.8549864614954,2016-present
Toronto Raptors_2021,baynear01_2021,31.304951684997057,2016-present
Toronto Raptors_2021,bembrde01_2021,31.176914536239792,2016-present
Toronto Raptors_2021,bouchch01_2021,38.118237105091836,2016-present
Toronto Raptors_2021,daviste02_2021,22.20360331117452,2016-present
Toronto Raptors_2021,flynnma01_2021,30.463092423455635,2016-present
Toronto Raptors_2021,johnsst04_2021,31.71750305430741,2016-present
Toronto Raptors_2021,lowryky01_2021,40.01249804748511,2016-present
Toronto Raptors_2021,powelno01_2021,35.73513677041127,2016-present
Toronto Raptors_2021,siakapa01_2021,44.78839135311738,2016-present
Toronto Raptors_2021,thomama02_2021,13.856406460551018,2016-present
Toronto Raptors_2021,vanvlfr01_2021,43.57751713900185,2016-present
Toronto Raptors_2021,watanyu01_2021,26.888659319497503,2016-present
Toronto Raptors_2021,watsopa01_2021,17.233687939614086,2016-present
Toronto Raptors_2022,achiupr01_2022,41.53311931459037,2016-present
Toronto Raptors_2022,anunoog01_2022,41.569219381653056,2016-present
Toronto Raptors_2022,bantoda01_2022,26.38181191654584,2016-present
Toronto Raptors_2022,barnesc01_2022,51.15662224971465,2016-present
Toronto Raptors_2022,birchkh01_2022,31.480152477394387,2016-present
Toronto Raptors_2022,bouchch01_2022,41.10960958218893,2016-present
Toronto Raptors_2022,champju01_2022,16.76305461424021,2016-present
Toronto Raptors_2022,flynnma01_2022,23.173260452512935,2016-present
Toronto Raptors_2022,mykhasv01_2022,26.758176320519304,2016-present
Toronto Raptors_2022,siakapa01_2022,50.774009099144415,2016-present
Toronto Raptors_2022,trentga02_2022,49.47726750741192,2016-present
Toronto Raptors_2022,vanvlfr01_2022,49.61854492022111,2016-present
Toronto Raptors_2022,watanyu01_2022,21.095023109728988,2016-present
Toronto Raptors_2022,youngth01_2022,21.79449471770337,2016-present
Toronto Raptors_2023,achiupr01_2023,33.76388603226827,2016-present
Toronto Raptors_2023,anunoog01_2023,48.84669896727925,2016-present
Toronto Raptors_2023,bantoda01_2023,16.703293088490067,2016-present
Toronto Raptors_2023,barnesc01_2023,51.749396131742444,2016-present
Toronto Raptors_2023,bouchch01_2023,39.02563260217571,2016-present
Toronto Raptors_2023,dowtije01_2023,16.09347693943108,2016-present
Toronto Raptors_2023,flynnma01_2023,26.28687885618983,2016-present
Toronto Raptors_2023,hernaju01_2023,24.779023386727733,2016-present
Toronto Raptors_2023,kolokch01_2023,28.319604517012593,2016-present
Toronto Raptors_2023,poeltja01_2023,26.589471600616662,2016-present
Toronto Raptors_2023,siakapa01_2023,51.49757275833493,2016-present
Toronto Raptors_2023,trentga02_2023,46.021733996015406,2016-present
Toronto Raptors_2023,vanvlfr01_2023,50.34878350069642,2016-present
Toronto Raptors_2023,youngth01_2023,28.19574435974337,2016-present
Toronto Raptors_2024,achiupr01_2024,20.904544960366874,2016-present
Toronto Raptors_2024,agbajoc01_2024,25.25866188063018,2016-present
Toronto Raptors_2024,anunoog01_2024,30.0,2016-present
Toronto Raptors_2024,barnesc01_2024,45.760244754590204,2016-present
Toronto Raptors_2024,barrerj01_2024,32.7414110874898,2016-present
Toronto Raptors_2024,bouchch01_2024,26.551836094703507,2016-present
Toronto Raptors_2024,brownbr01_2024,29.748949561287034,2016-present
Toronto Raptors_2024,dickgr01_2024,35.608987629529715,2016-present
Toronto Raptors_2024,flynnma01_2024,21.77154105707724,2016-present
Toronto Raptors_2024,freemja01_2024,20.074859899884732,2016-present
Toronto Raptors_2024,mcdanja01_2024,23.194827009486403,2016-present
Toronto Raptors_2024,nworajo01_2024,23.0,2016-present
Toronto Raptors_2024,olynyke01_2024,27.202941017470888,2016-present
Toronto Raptors_2024,poeltja01_2024,36.318039594669756,2016-present
Toronto Raptors_2024,portejo01_2024,18.973665961010276,2016-present
Toronto Raptors_2024,quickim01_2024,35.566838487557476,2016-present
Toronto Raptors_2024,schrode01_2024,39.48417404479927,2016-present
Toronto Raptors_2024,siakapa01_2024,36.796738985948195,2016-present
Toronto Raptors_2024,templga01_2024,17.0,2016-present
Toronto Raptors_2024,trentga02_2024,44.654227123532216,2016-present
Toronto Raptors_2024,youngth01_2024,18.708286933869708,2016-present
Toronto Raptors_2025,agbajoc01_2025,41.701318923986086,2016-present
Toronto Raptors_2025,barnesc01_2025,46.195237849804386,2016-present
Toronto Raptors_2025,barrerj01_2025,43.23193264243457,2016-present
Toronto Raptors_2025,battlja01_2025,32.28002478313795,2016-present
Toronto Raptors_2025,bouchch01_2025,29.359836511806396,2016-present
Toronto Raptors_2025,dickgr01_2025,39.83716857408418,2016-present
Toronto Raptors_2025,lawsoaj01_2025,22.045407685048602,2016-present
Toronto Raptors_2025,mitchda01_2025,32.863353450309965,2016-present
Toronto Raptors_2025,mogbojo01_2025,35.86084215408221,2016-present
Toronto Raptors_2025,olynyke01_2025,19.570385790780925,2016-present
Toronto Raptors_2025,poeltja01_2025,41.060930335295616,2016-present
Toronto Raptors_2025,quickim01_2025,30.298514815086232,2016-present
Toronto Raptors_2025,robinor01_2025,26.70205984563738,2016-present
Toronto Raptors_2025,sheadja01_2025,38.301436004411116,2016-present
Toronto Raptors_2025,templga01_2025,15.066519173319364,2016-present
Toronto Raptors_2025,walteja01_2025,33.21144381083123,2016-present
Utah Jazz_1999,andersh01_1999,32.7414110874898,1999-2007
Utah Jazz_1999,baileth01_1999,23.302360395462088,1999-2007
Utah Jazz_1999,eisleho01_1999,32.218007387174026,1999-2007
Utah Jazz_1999,fostegr01_1999,21.400934559032695,1999-2007
Utah Jazz_1999,fulleto02_1999,21.494185260204677,1999-2007
Utah Jazz_1999,hornaje01_1999,37.881393849751625,1999-2007
Utah Jazz_1999,keefead01_1999,25.337718918639855,1999-2007
Utah Jazz_1999,malonka01_1999,42.80186911806539,1999-2007
Utah Jazz_1999,ostergr01_1999,36.60601043544625,1999-2007
Utah Jazz_1999,russebr01_1999,42.07136793592526,1999-2007
Utah Jazz_1999,stockjo01_1999,37.54996671103717,1999-2007
Utah Jazz_2000,chilcpe01_2000,14.966629547095765,1999-2007
Utah Jazz_2000,eisleho01_2000,45.78209256903839,1999-2007
Utah Jazz_2000,gilliar01_2000,27.964262908219126,1999-2007
Utah Jazz_2000,hornaje01_2000,46.184412955021955,1999-2007
Utah Jazz_2000,keefead01_2000,24.576411454889016,1999-2007
Utah Jazz_2000,lewisqu01_2000,29.93325909419153,1999-2007
Utah Jazz_2000,malonka01_2000,54.286278192559855,1999-2007
Utah Jazz_2000,ostergr01_2000,40.07492981902776,1999-2007
Utah Jazz_2000,padgesc01_2000,20.784609690826528,1999-2007
Utah Jazz_2000,polynol01_2000,42.649736224272246,1999-2007
Utah Jazz_2000,russebr01_2000,53.85164807134504,1999-2007
Utah Jazz_2000,stockjo01_2000,49.31531202375181,1999-2007
Utah Jazz_2000,vaughja01_2000,29.732137494637012,1999-2007
Utah Jazz_2001,benoida01_2001,21.118712081942874,1999-2007
Utah Jazz_2001,crottjo01_2001,16.24807680927192,1999-2007
Utah Jazz_2001,lewisqu01_2001,20.049937655763422,1999-2007
Utah Jazz_2001,malonka01_2001,53.80520420925842,1999-2007
Utah Jazz_2001,mannida01_2001,36.124783736376884,1999-2007
Utah Jazz_2001,marshdo01_2001,48.228622207149975,1999-2007
Utah Jazz_2001,ostergr01_2001,38.61346915261564,1999-2007
Utah Jazz_2001,padgesc01_2001,11.269427669584644,1999-2007
Utah Jazz_2001,polynol01_2001,40.23679907746142,1999-2007
Utah Jazz_2001,russebr01_2001,49.72926703662542,1999-2007
Utah Jazz_2001,starkjo01_2001,46.06517122512408,1999-2007
Utah Jazz_2001,stevede01_2001,17.11724276862369,1999-2007
Utah Jazz_2001,stockjo01_2001,48.95916665957459,1999-2007
Utah Jazz_2001,vaughja01_2001,40.24922359499622,1999-2007
Utah Jazz_2002,amaecjo01_2002,24.20743687382041,1999-2007
Utah Jazz_2002,collija03_2002,37.94733192202055,1999-2007
Utah Jazz_2002,crottjo01_2002,28.319604517012593,1999-2007
Utah Jazz_2002,kirilan01_2002,46.37887450122092,1999-2007
Utah Jazz_2002,larueru01_2002,23.280893453645632,1999-2007
Utah Jazz_2002,lewisqu01_2002,22.135943621178654,1999-2007
Utah Jazz_2002,malonka01_2002,55.136195008360886,1999-2007
Utah Jazz_2002,marshdo01_2002,41.83300132670378,1999-2007
Utah Jazz_2002,ostergr01_2002,33.27160951922825,1999-2007
Utah Jazz_2002,padgesc01_2002,35.98610843089316,1999-2007
Utah Jazz_2002,russebr01_2002,44.69899327725402,1999-2007
Utah Jazz_2002,starkjo01_2002,30.479501308256342,1999-2007
Utah Jazz_2002,stevede01_2002,33.67491648096547,1999-2007
Utah Jazz_2002,stockjo01_2002,50.65570056765576,1999-2007
Utah Jazz_2003,amaecjo01_2003,21.77154105707724,1999-2007
Utah Jazz_2003,arroyca01_2003,16.941074346097416,1999-2007
Utah Jazz_2003,cheanca01_2003,48.48711168960263,1999-2007
Utah Jazz_2003,collija03_2003,20.518284528683193,1999-2007
Utah Jazz_2003,harprma01_2003,50.566787519082126,1999-2007
Utah Jazz_2003,jacksma01_2003,38.301436004411116,1999-2007
Utah Jazz_2003,kirilan01_2003,47.042533945356304,1999-2007
Utah Jazz_2003,malonka01_2003,54.18486873657626,1999-2007
Utah Jazz_2003,masseto01_2003,28.142494558940577,1999-2007
Utah Jazz_2003,ostergr01_2003,43.88621651498338,1999-2007
Utah Jazz_2003,padgesc01_2003,36.345563690772494,1999-2007
Utah Jazz_2003,stevede01_2003,27.568097504180443,1999-2007
Utah Jazz_2003,stockjo01_2003,47.69696007084728,1999-2007
Utah Jazz_2004,arroyca01_2004,44.81071300481616,1999-2007
Utah Jazz_2004,bellra01_2004,44.94441010848846,1999-2007
Utah Jazz_2004,collija03_2004,41.617304093369626,1999-2007
Utah Jazz_2004,giricgo01_2004,24.61706725018234,1999-2007
Utah Jazz_2004,guglito01_2004,22.693611435820433,1999-2007
Utah Jazz_2004,harprma01_2004,33.67491648096547,1999-2007
Utah Jazz_2004,kirilan01_2004,53.80520420925842,1999-2007
Utah Jazz_2004,lopezra01_2004,40.2119385257662,1999-2007
Utah Jazz_2004,mooremi01_2004,19.621416870348583,1999-2007
Utah Jazz_2004,ostergr01_2004,46.400431032480725,1999-2007
Utah Jazz_2004,pavloal01_2004,33.823069050575526,1999-2007
Utah Jazz_2004,ruffimi01_2004,27.073972741361768,1999-2007
Utah Jazz_2004,stevede01_2004,38.87158345115362,1999-2007
Utah Jazz_2004,willima01_2004,27.784887978899608,1999-2007
Utah Jazz_2005,arroyca01_2005,27.23967694375247,1999-2007
Utah Jazz_2005,bellra01_2005,42.30839160261236,1999-2007
Utah Jazz_2005,boozeca01_2005,42.09513035969837,1999-2007
Utah Jazz_2005,borchcu01_2005,29.30870177950569,1999-2007
Utah Jazz_2005,collija03_2005,31.0,1999-2007
Utah Jazz_2005,eisleho01_2005,37.78888725538237,1999-2007
Utah Jazz_2005,giricgo01_2005,40.74309757492672,1999-2007
Utah Jazz_2005,handlbe01_2005,17.233687939614086,1999-2007
Utah Jazz_2005,harprma01_2005,50.83306010855534,1999-2007
Utah Jazz_2005,humphkr01_2005,29.546573405388315,1999-2007
Utah Jazz_2005,kirilan01_2005,36.72873534441391,1999-2007
Utah Jazz_2005,lopezra01_2005,22.759613353482084,1999-2007
Utah Jazz_2005,mcleoke01_2005,37.17526059088221,1999-2007
Utah Jazz_2005,okurme01_2005,48.0,1999-2007
Utah Jazz_2005,snydeki01_2005,30.099833886584822,1999-2007
Utah Jazz_2006,boozeca01_2006,32.01562118716424,1999-2007
Utah Jazz_2006,brownde02_2006,41.36423575989287,1999-2007
Utah Jazz_2006,collija03_2006,41.593268686170845,1999-2007
Utah Jazz_2006,giricgo01_2006,30.919249667480614,1999-2007
Utah Jazz_2006,harprma01_2006,44.090815370097204,1999-2007
Utah Jazz_2006,humphkr01_2006,24.879710609249457,1999-2007
Utah Jazz_2006,kirilan01_2006,51.02940328869229,1999-2007
Utah Jazz_2006,mcleoke01_2006,35.09985754956849,1999-2007
Utah Jazz_2006,milescj01_2006,14.247806848775006,1999-2007
Utah Jazz_2006,okurme01_2006,54.26785420486054,1999-2007
Utah Jazz_2006,ostergr01_2006,28.407745422683583,1999-2007
Utah Jazz_2006,owensan01_2006,14.491376746189438,1999-2007
Utah Jazz_2006,palacmi01_2006,37.094473981982816,1999-2007
Utah Jazz_2006,whalero01_2006,14.560219778561036,1999-2007
Utah Jazz_2006,willide01_2006,48.03123983409131,1999-2007
Utah Jazz_2007,araujra01_2007,15.748015748023622,1999-2007
Utah Jazz_2007,boozeca01_2007,50.566787519082126,1999-2007
Utah Jazz_2007,brewero02_2007,25.98076211353316,1999-2007
Utah Jazz_2007,brownde03_2007,21.213203435596427,1999-2007
Utah Jazz_2007,collija03_2007,30.215889859476256,1999-2007
Utah Jazz_2007,fishede01_2007,47.82258880487337,1999-2007
Utah Jazz_2007,giricgo01_2007,34.46737587922817,1999-2007
Utah Jazz_2007,harprma01_2007,44.328320518603,1999-2007
Utah Jazz_2007,kirilan01_2007,45.2658811910251,1999-2007
Utah Jazz_2007,milescj01_2007,19.313207915827967,1999-2007
Utah Jazz_2007,millspa01_2007,38.36665218650175,1999-2007
Utah Jazz_2007,okurme01_2007,51.61395160225576,1999-2007
Utah Jazz_2007,willide01_2007,54.31390245600108,1999-2007
Utah Jazz_2008,boozeca01_2008,53.16954015223378,2008-2015
Utah Jazz_2008,brewero02_2008,45.69463863518345,2008-2015
Utah Jazz_2008,collija03_2008,26.49528259898354,2008-2015
Utah Jazz_2008,giricgo01_2008,16.703293088490067,2008-2015
Utah Jazz_2008,harprma01_2008,37.067505985701274,2008-2015
Utah Jazz_2008,hartja01_2008,24.61706725018234,2008-2015
Utah Jazz_2008,kirilan01_2008,47.085029467974216,2008-2015
Utah Jazz_2008,korveky01_2008,32.78719262151,2008-2015
Utah Jazz_2008,milescj01_2008,26.248809496813376,2008-2015
Utah Jazz_2008,millspa01_2008,41.255302689472536,2008-2015
Utah Jazz_2008,okurme01_2008,48.88762624632127,2008-2015
Utah Jazz_2008,pricero01_2008,24.24871130596428,2008-2015
Utah Jazz_2008,willide01_2008,55.308227236099334,2008-2015
Utah Jazz_2009,almonmo01_2009,15.968719422671311,2008-2015
Utah Jazz_2009,boozeca01_2009,34.597687784012386,2008-2015
Utah Jazz_2009,brewero02_2009,51.03920062069938,2008-2015
Utah Jazz_2009,collija03_2009,14.177446878757825,2008-2015
Utah Jazz_2009,fesenky01_2009,12.489995996796797,2008-2015
Utah Jazz_2009,harprma01_2009,26.324893162176366,2008-2015
Utah Jazz_2009,kirilan01_2009,42.790185790669334,2008-2015
Utah Jazz_2009,knighbr01_2009,30.62678566222711,2008-2015
Utah Jazz_2009,korveky01_2009,43.289721643826724,2008-2015
Utah Jazz_2009,koufoko01_2009,23.769728648009426,2008-2015
Utah Jazz_2009,milescj01_2009,40.28647415696737,2008-2015
Utah Jazz_2009,millspa01_2009,47.853944456021594,2008-2015
Utah Jazz_2009,okurme01_2009,49.08156476723211,2008-2015
Utah Jazz_2009,pricero01_2009,27.16615541441225,2008-2015
Utah Jazz_2009,willide01_2009,50.049975024968795,2008-2015
Utah Jazz_2010,boozeca01_2010,51.70106381884226,2008-2015
Utah Jazz_2010,brewero02_2010,40.76763422127902,2008-2015
Utah Jazz_2010,fesenky01_2010,20.199009876724155,2008-2015
Utah Jazz_2010,gainesu01_2010,14.730919862656235,2008-2015
Utah Jazz_2010,kirilan01_2010,41.0,2008-2015
Utah Jazz_2010,korveky01_2010,30.854497241083024,2008-2015
Utah Jazz_2010,koufoko01_2010,13.114877048604,2008-2015
Utah Jazz_2010,matthwe02_2010,45.0,2008-2015
Utah Jazz_2010,maynoer01_2010,19.05255888325765,2008-2015
Utah Jazz_2010,milescj01_2010,38.691084244306204,2008-2015
Utah Jazz_2010,millspa01_2010,47.7179211617606,2008-2015
Utah Jazz_2010,okurme01_2010,46.357307945997036,2008-2015
Utah Jazz_2010,pricero01_2010,28.39013913315678,2008-2015
Utah Jazz_2010,willide01_2010,52.933921071464184,2008-2015
Utah Jazz_2011,bellra01_2011,45.79301256742124,2008-2015
Utah Jazz_2011,elsonfr01_2011,24.698178070456937,2008-2015
Utah Jazz_2011,evansje01_2011,21.517434791350013,2008-2015
Utah Jazz_2011,favorde01_2011,21.071307505705477,2008-2015
Utah Jazz_2011,fesenky01_2011,21.354156504062622,2008-2015
Utah Jazz_2011,haywago01_2011,34.899856733230294,2008-2015
Utah Jazz_2011,jeffeal01_2011,54.22176684690383,2008-2015
Utah Jazz_2011,kirilan01_2011,44.710177812216315,2008-2015
Utah Jazz_2011,milescj01_2011,44.37341546466758,2008-2015
Utah Jazz_2011,millspa01_2011,51.03920062069938,2008-2015
Utah Jazz_2011,pricero01_2011,26.77685567799177,2008-2015
Utah Jazz_2011,watsoea01_2011,39.585350825778974,2008-2015
Utah Jazz_2011,willide01_2011,44.82186966202994,2008-2015
Utah Jazz_2012,bellra01_2012,28.21347195933177,2008-2015
Utah Jazz_2012,burksal01_2012,30.643106892089126,2008-2015
Utah Jazz_2012,evansje01_2012,14.730919862656235,2008-2015
Utah Jazz_2012,favorde01_2012,37.094473981982816,2008-2015
Utah Jazz_2012,harride01_2012,41.72529209005013,2008-2015
Utah Jazz_2012,haywago01_2012,44.88875137492688,2008-2015
Utah Jazz_2012,howarjo01_2012,31.480152477394387,2008-2015
Utah Jazz_2012,jeffeal01_2012,45.552167895721496,2008-2015
Utah Jazz_2012,kanteen01_2012,29.563490998188964,2008-2015
Utah Jazz_2012,milescj01_2012,33.83784863137726,2008-2015
Utah Jazz_2012,millspa01_2012,45.8257569495584,2008-2015
Utah Jazz_2012,tinslja01_2012,22.516660498395403,2008-2015
Utah Jazz_2012,watsoea01_2012,32.14031735997639,2008-2015
Utah Jazz_2013,burksal01_2013,33.71943060017473,2008-2015
Utah Jazz_2013,carrode01_2013,33.331666624997915,2008-2015
Utah Jazz_2013,evansje01_2013,14.66287829861518,2008-2015
Utah Jazz_2013,favorde01_2013,42.2729227756965,2008-2015
Utah Jazz_2013,foyera01_2013,47.4236228055175,2008-2015
Utah Jazz_2013,haywago01_2013,45.86937976471886,2008-2015
Utah Jazz_2013,jeffeal01_2013,50.774009099144415,2008-2015
Utah Jazz_2013,kanteen01_2013,32.83291031876401,2008-2015
Utah Jazz_2013,millspa01_2013,48.73397172404482,2008-2015
Utah Jazz_2013,tinslja01_2013,34.942810419312295,2008-2015
Utah Jazz_2013,watsoea01_2013,28.792360097775937,2008-2015
Utah Jazz_2013,willima01_2013,37.656340767525464,2008-2015
Utah Jazz_2013,willima02_2013,41.557189510360296,2008-2015
Utah Jazz_2014,burketr01_2014,47.56048780237646,2008-2015
Utah Jazz_2014,burksal01_2014,46.82947789587238,2008-2015
Utah Jazz_2014,clarkia01_2014,13.114877048604,2008-2015
Utah Jazz_2014,evansje01_2014,34.77067730142742,2008-2015
Utah Jazz_2014,favorde01_2014,46.9148164229596,2008-2015
Utah Jazz_2014,garredi02_2014,32.37282811247729,2008-2015
Utah Jazz_2014,goberru01_2014,20.83266665599966,2008-2015
Utah Jazz_2014,haywago01_2014,52.91502622129181,2008-2015
Utah Jazz_2014,jefferi01_2014,47.042533945356304,2008-2015
Utah Jazz_2014,kanteen01_2014,46.238512086787566,2008-2015
Utah Jazz_2014,lucasjo02_2014,24.310491562286437,2008-2015
Utah Jazz_2014,rushbr01_2014,20.445048300260872,2008-2015
Utah Jazz_2014,willima02_2014,40.91454509095757,2008-2015
Utah Jazz_2015,booketr01_2015,39.54743986657038,2008-2015
Utah Jazz_2015,burketr01_2015,47.83304297240559,2008-2015
Utah Jazz_2015,burksal01_2015,29.9833287011299,2008-2015
Utah Jazz_2015,clarkia01_2015,12.68857754044952,2008-2015
Utah Jazz_2015,evansje01_2015,16.30950643030009,2008-2015
Utah Jazz_2015,exumda01_2015,42.62628297189423,2008-2015
Utah Jazz_2015,favorde01_2015,47.74934554525329,2008-2015
Utah Jazz_2015,goberru01_2015,46.45427859734774,2008-2015
Utah Jazz_2015,haywago01_2015,51.16639522186413,2008-2015
Utah Jazz_2015,hoodro01_2015,32.61901286060018,2008-2015
Utah Jazz_2015,inglejo01_2015,40.90232267243512,2008-2015
Utah Jazz_2015,kanteen01_2015,36.41428291206625,2008-2015
Utah Jazz_2015,millsel01_2015,30.397368307141328,2008-2015
Utah Jazz_2015,novakst01_2015,10.44030650891055,2008-2015
Utah Jazz_2016,booketr01_2016,40.39801975344831,2016-present
Utah Jazz_2016,burketr01_2016,36.959437225152655,2016-present
Utah Jazz_2016,burksal01_2016,28.231188426986208,2016-present
Utah Jazz_2016,favorde01_2016,44.53088815642464,2016-present
Utah Jazz_2016,goberru01_2016,43.95452195167182,2016-present
Utah Jazz_2016,haywago01_2016,53.786615435440815,2016-present
Utah Jazz_2016,hoodro01_2016,50.40833264451424,2016-present
Utah Jazz_2016,inglejo01_2016,35.22782990761707,2016-present
Utah Jazz_2016,johnsch04_2016,29.274562336608895,2016-present
Utah Jazz_2016,lylestr01_2016,37.17526059088221,2016-present
Utah Jazz_2016,macksh01_2016,29.647934160747187,2016-present
Utah Jazz_2016,netora01_2016,38.71692136521188,2016-present
Utah Jazz_2016,witheje01_2016,25.65151067676132,2016-present
Utah Jazz_2017,burksal01_2017,25.553864678361276,2016-present
Utah Jazz_2017,diawbo01_2017,35.81898937714463,2016-present
Utah Jazz_2017,exumda01_2017,35.04283093587046,2016-present
Utah Jazz_2017,favorde01_2017,34.438350715445125,2016-present
Utah Jazz_2017,goberru01_2017,52.38320341483518,2016-present
Utah Jazz_2017,haywago01_2017,50.15974481593781,2016-present
Utah Jazz_2017,hillge01_2017,39.293765408777,2016-present
Utah Jazz_2017,hoodro01_2017,39.91240408695021,2016-present
Utah Jazz_2017,inglejo01_2017,44.40720662234904,2016-present
Utah Jazz_2017,johnsjo02_2017,42.930175867331364,2016-present
Utah Jazz_2017,lylestr01_2017,34.02939905434711,2016-present
Utah Jazz_2017,macksh01_2017,34.713109915419565,2016-present
Utah Jazz_2017,netora01_2017,18.601075237738275,2016-present
Utah Jazz_2017,witheje01_2017,20.784609690826528,2016-present
Utah Jazz_2018,burksal01_2018,32.54228019054596,2016-present
Utah Jazz_2018,crowdja01_2018,27.27636339397171,2016-present
Utah Jazz_2018,favorde01_2018,46.400431032480725,2016-present
Utah Jazz_2018,goberru01_2018,42.61455150532503,2016-present
Utah Jazz_2018,hoodro01_2018,32.92415526630866,2016-present
Utah Jazz_2018,inglejo01_2018,50.774009099144415,2016-present
Utah Jazz_2018,jerebjo01_2018,33.67491648096547,2016-present
Utah Jazz_2018,johnsjo02_2018,26.457513110645905,2016-present
Utah Jazz_2018,mitchdo01_2018,51.36146415358503,2016-present
Utah Jazz_2018,netora01_2018,22.315913604421397,2016-present
Utah Jazz_2018,onealro01_2018,33.91164991562634,2016-present
Utah Jazz_2018,rubiori01_2018,47.47630988187688,2016-present
Utah Jazz_2018,sefolth01_2018,28.39013913315678,2016-present
Utah Jazz_2018,udohek01_2018,28.460498941515414,2016-present
Utah Jazz_2019,allengr01_2019,20.396078054371138,2016-present
Utah Jazz_2019,crowdja01_2019,46.54030511288038,2016-present
Utah Jazz_2019,exumda01_2019,25.768197453450252,2016-present
Utah Jazz_2019,favorde01_2019,42.02380277890139,2016-present
Utah Jazz_2019,goberru01_2019,50.76416058598822,2016-present
Utah Jazz_2019,inglejo01_2019,50.67543783727971,2016-present
Utah Jazz_2019,korveky01_2019,32.90896534380867,2016-present
Utah Jazz_2019,mitchdo01_2019,50.97057974949863,2016-present
Utah Jazz_2019,netora01_2019,21.77154105707724,2016-present
Utah Jazz_2019,niangge01_2019,22.715633383201094,2016-present
Utah Jazz_2019,onealro01_2019,40.87786687193939,2016-present
Utah Jazz_2019,rubiori01_2019,43.57751713900185,2016-present
Utah Jazz_2019,sefolth01_2019,24.677925358506133,2016-present
Utah Jazz_2019,udohek01_2019,17.88854381999832,2016-present
Utah Jazz_2020,bogdabo02_2020,45.639894828976104,2016-present
Utah Jazz_2020,bradlto01_2020,25.748786379167466,2016-present
Utah Jazz_2020,clarkjo01_2020,32.2335229225724,2016-present
Utah Jazz_2020,conlemi01_2020,36.91882988394946,2016-present
Utah Jazz_2020,davised01_2020,17.406895185529212,2016-present
Utah Jazz_2020,goberru01_2020,48.30113870293329,2016-present
Utah Jazz_2020,greenje02_2020,23.515952032609693,2016-present
Utah Jazz_2020,inglejo01_2020,46.22769732530488,2016-present
Utah Jazz_2020,mitchdo01_2020,48.620983124572874,2016-present
Utah Jazz_2020,morgaju01_2020,11.575836902790225,2016-present
Utah Jazz_2020,mudiaem01_2020,29.154759474226502,2016-present
Utah Jazz_2020,niangge01_2020,30.380915061926625,2016-present
Utah Jazz_2020,onealro01_2020,45.2658811910251,2016-present
Utah Jazz_2021,bogdabo02_2021,47.07440918375928,2016-present
Utah Jazz_2021,brantja01_2021,11.74734012447073,2016-present
Utah Jazz_2021,clarkjo01_2021,42.638011210655684,2016-present
Utah Jazz_2021,conlemi01_2021,38.704004960727254,2016-present
Utah Jazz_2021,favorde01_2021,32.2335229225724,2016-present
Utah Jazz_2021,forretr01_2021,17.378147196982766,2016-present
Utah Jazz_2021,goberru01_2021,46.76537180435969,2016-present
Utah Jazz_2021,inglejo01_2021,43.2087954009366,2016-present
Utah Jazz_2021,mitchdo01_2021,42.08325082500163,2016-present
Utah Jazz_2021,morgaju01_2021,12.12435565298214,2016-present
Utah Jazz_2021,niangge01_2021,33.97057550292606,2016-present
Utah Jazz_2021,onealro01_2021,47.3392015141785,2016-present
Utah Jazz_2021,onimi01_2021,22.781571499789035,2016-present
Utah Jazz_2022,bogdabo02_2022,46.16275555033516,2016-present
Utah Jazz_2022,butleja02_2022,18.973665961010276,2016-present
Utah Jazz_2022,clarkjo01_2022,46.2709412050371,2016-present
Utah Jazz_2022,conlemi01_2022,45.36518488885502,2016-present
Utah Jazz_2022,forretr01_2022,27.65863337187866,2016-present
Utah Jazz_2022,gayru01_2022,32.218007387174026,2016-present
Utah Jazz_2022,goberru01_2022,46.04345773288535,2016-present
Utah Jazz_2022,houseda01_2022,22.15851980616034,2016-present
Utah Jazz_2022,inglejo01_2022,33.49626844888845,2016-present
Utah Jazz_2022,mitchdo01_2022,47.60252094164762,2016-present
Utah Jazz_2022,onealro01_2022,49.05099387372289,2016-present
Utah Jazz_2022,pascher01_2022,27.129319932501073,2016-present
Utah Jazz_2022,whiteha01_2022,34.08812109811862,2016-present
Utah Jazz_2023,agbajoc01_2023,34.77067730142742,2016-present
Utah Jazz_2023,alexani01_2023,22.978250586152114,2016-present
Utah Jazz_2023,azubuud01_2023,18.947295321496416,2016-present
Utah Jazz_2023,beaslma01_2023,38.36665218650175,2016-present
Utah Jazz_2023,clarkjo01_2023,44.58699361921591,2016-present
Utah Jazz_2023,conlemi01_2023,35.7211421989835,2016-present
Utah Jazz_2023,dunnkr01_2023,23.83275057562597,2016-present
Utah Jazz_2023,fontesi01_2023,27.676705006196094,2016-present
Utah Jazz_2023,gayru01_2023,28.5657137141714,2016-present
Utah Jazz_2023,hortota01_2023,36.235341863986875,2016-present
Utah Jazz_2023,kesslwa01_2023,41.2674205639267,2016-present
Utah Jazz_2023,markkla01_2023,47.67598976424087,2016-present
Utah Jazz_2023,olynyke01_2023,44.06812907306141,2016-present
Utah Jazz_2023,sextoco01_2023,33.83784863137726,2016-present
Utah Jazz_2023,toscaju01_2023,18.303005217723125,2016-present
Utah Jazz_2023,vandeja01_2023,35.41186241925155,2016-present
Utah Jazz_2024,agbajoc01_2024,31.670175244226233,2016-present
Utah Jazz_2024,clarkjo01_2024,41.012193308819754,2016-present
Utah Jazz_2024,collijo01_2024,43.60045871318328,2016-present
Utah Jazz_2024,dunnkr01_2024,35.34119409414458,2016-present
Utah Jazz_2024,fontesi01_2024,34.058772731852805,2016-present
Utah Jazz_2024,georgke01_2024,44.97777228809804,2016-present
Utah Jazz_2024,hendrta01_2024,29.257477676655586,2016-present
Utah Jazz_2024,hortota01_2024,31.76476034853718,2016-present
Utah Jazz_2024,kesslwa01_2024,38.63935817272331,2016-present
Utah Jazz_2024,markkla01_2024,42.661458015403085,2016-present
Utah Jazz_2024,olynyke01_2024,31.921779399024736,2016-present
Utah Jazz_2024,samanlu01_2024,20.09975124224178,2016-present
Utah Jazz_2024,sensabr01_2024,24.166091947189145,2016-present
Utah Jazz_2024,sextoco01_2024,45.552167895721496,2016-present
Utah Jazz_2024,yurtsom01_2024,23.345235059857504,2016-present
Utah Jazz_2025,clarkjo01_2025,31.016124838541646,2016-present
Utah Jazz_2025,colliis01_2025,42.883563284783136,2016-present
Utah Jazz_2025,collijo01_2025,34.92849839314596,2016-present
Utah Jazz_2025,eubandr01_2025,23.83275057562597,2016-present
Utah Jazz_2025,filipky01_2025,39.01281840626232,2016-present
Utah Jazz_2025,georgke01_2025,45.92385001282014,2016-present
Utah Jazz_2025,juzanjo01_2025,35.63705936241092,2016-present
Utah Jazz_2025,kesslwa01_2025,41.71330722922842,2016-present
Utah Jazz_2025,markkla01_2025,38.41874542459709,2016-present
Utah Jazz_2025,mykhasv01_2025,27.568097504180443,2016-present
Utah Jazz_2025,pottemi01_2025,26.551836094703507,2016-present
Utah Jazz_2025,sensabr01_2025,37.841775856849004,2016-present
Utah Jazz_2025,sextoco01_2025,41.92851058647326,2016-present
Utah Jazz_2025,willico04_2025,32.55764119219941,2016-present
Vancouver Grizzlies_1999,abdursh01_1999,44.955533585978046,1999-2007
Vancouver Grizzlies_1999,bibbymi01_1999,41.92851058647326,1999-2007
Vancouver Grizzlies_1999,chilcpe01_1999,26.40075756488817,1999-2007
Vancouver Grizzlies_1999,deherte01_1999,16.46207763315433,1999-2007
Vancouver Grizzlies_1999,hendejr01_1999,18.193405398660254,1999-2007
Vancouver Grizzlies_1999,lopezfe01_1999,34.899856733230294,1999-2007
Vancouver Grizzlies_1999,masseto01_1999,33.80828300875393,1999-2007
Vancouver Grizzlies_1999,parksch02_1999,33.436506994600975,1999-2007
Vancouver Grizzlies_1999,reevebr01_1999,26.49528259898354,1999-2007
Vancouver Grizzlies_1999,smithmi02_1999,33.13608305156178,1999-2007
Vancouver Grizzlies_1999,wheatde01_1999,24.289915602982237,1999-2007
Vancouver Grizzlies_2000,abdursh01_2000,56.77147170894903,1999-2007
Vancouver Grizzlies_2000,bibbymi01_2000,56.16938667993447,1999-2007
Vancouver Grizzlies_2000,carran01_2000,14.866068747318506,1999-2007
Vancouver Grizzlies_2000,dickemi01_2000,55.70457790882182,1999-2007
Vancouver Grizzlies_2000,ekeziob01_2000,18.734993995195193,1999-2007
Vancouver Grizzlies_2000,harriot01_2000,51.73973328110612,1999-2007
Vancouver Grizzlies_2000,longgr01_2000,30.331501776206203,1999-2007
Vancouver Grizzlies_2000,lopezfe01_2000,27.94637722496424,1999-2007
Vancouver Grizzlies_2000,palacmi01_2000,19.849433241279208,1999-2007
Vancouver Grizzlies_2000,parksch02_2000,28.42534080710379,1999-2007
Vancouver Grizzlies_2000,pricebr01_2000,20.591260281974,1999-2007
Vancouver Grizzlies_2000,reevebr01_2000,42.1070065428546,1999-2007
Vancouver Grizzlies_2000,scottde01_2000,35.53871128783372,1999-2007
Vancouver Grizzlies_2000,westdo01_2000,24.1039415863879,1999-2007
Vancouver Grizzlies_2001,abdulma02_2001,22.045407685048602,1999-2007
Vancouver Grizzlies_2001,abdursh01_2001,56.929781309961136,1999-2007
Vancouver Grizzlies_2001,austiis01_2001,29.068883707497267,1999-2007
Vancouver Grizzlies_2001,bibbymi01_2001,56.480084985771754,1999-2007
Vancouver Grizzlies_2001,dickemi01_2001,51.16639522186413,1999-2007
Vancouver Grizzlies_2001,edwarke01_2001,25.179356624028344,1999-2007
Vancouver Grizzlies_2001,harriot01_2001,35.59494346111537,1999-2007
Vancouver Grizzlies_2001,jonesda01_2001,37.61648574760805,1999-2007
Vancouver Grizzlies_2001,longgr01_2001,38.82009788756334,1999-2007
Vancouver Grizzlies_2001,masseto01_2001,28.687976575562104,1999-2007
Vancouver Grizzlies_2001,reevebr01_2001,42.80186911806539,1999-2007
Vancouver Grizzlies_2001,stricer01_2001,20.223748416156685,1999-2007
Vancouver Grizzlies_2001,swiftst01_2001,36.22154055254967,1999-2007
Washington Wizards_1999,cheanca01_1999,35.58089374931439,1999-2007
Washington Wizards_1999,daviste01_1999,24.041630560342615,1999-2007
Washington Wizards_1999,howarju01_1999,37.815340802378074,1999-2007
Washington Wizards_1999,jacksra02_1999,16.46207763315433,1999-2007
Washington Wizards_1999,legleti01_1999,19.4164878389476,1999-2007
Washington Wizards_1999,mcinnje01_1999,20.663978319771825,1999-2007
Washington Wizards_1999,murratr01_1999,25.553864678361276,1999-2007
Washington Wizards_1999,richmmi01_1999,43.726422218150894,1999-2007
Washington Wizards_1999,stricro02_1999,40.39801975344831,1999-2007
Washington Wizards_1999,thorpot01_1999,39.230090491866065,1999-2007
Washington Wizards_1999,wallabe01_1999,35.08560958569767,1999-2007
Washington Wizards_1999,whitnch01_1999,21.0,1999-2007
Washington Wizards_2000,austiis01_2000,34.249087579087416,1999-2007
Washington Wizards_2000,hamilri01_2000,37.05401462729781,1999-2007
Washington Wizards_2000,howarju01_2000,53.9351462406472,1999-2007
Washington Wizards_2000,jordare01_2000,15.588457268119896,1999-2007
Washington Wizards_2000,kingge02_2000,32.55764119219941,1999-2007
Washington Wizards_2000,murratr01_2000,42.790185790669334,1999-2007
Washington Wizards_2000,profila01_2000,15.0,1999-2007
Washington Wizards_2000,richmmi01_2000,48.95916665957459,1999-2007
Washington Wizards_2000,smithmi02_2000,33.83784863137726,1999-2007
Washington Wizards_2000,stricro02_2000,46.776062254106,1999-2007
Washington Wizards_2000,whiteja01_2000,39.20459156782532,1999-2007
Washington Wizards_2000,whitnch01_2000,40.33608806019741,1999-2007
Washington Wizards_2000,williaa01_2000,39.30648801406709,1999-2007
Washington Wizards_2001,alexaco02_2001,30.166206257996713,1999-2007
Washington Wizards_2001,boothca01_2001,25.298221281347036,1999-2007
Washington Wizards_2001,ekeziob01_2001,16.522711641858304,1999-2007
Washington Wizards_2001,hamilri01_2001,50.18964036531842,1999-2007
Washington Wizards_2001,howarju01_2001,44.50842616853577,1999-2007
Washington Wizards_2001,jonespo01_2001,25.25866188063018,1999-2007
Washington Wizards_2001,kingge02_2001,26.570660511172846,1999-2007
Washington Wizards_2001,laettch01_2001,27.073972741361768,1999-2007
Washington Wizards_2001,lopezfe01_2001,33.28663395418648,1999-2007
Washington Wizards_2001,nesbyty01_2001,34.97141690009142,1999-2007
Washington Wizards_2001,profila01_2001,24.596747752497688,1999-2007
Washington Wizards_2001,richmmi01_2001,34.87119154832539,1999-2007
Washington Wizards_2001,smithmi02_2001,40.124805295477756,1999-2007
Washington Wizards_2001,stricro02_2001,31.937438845342623,1999-2007
Washington Wizards_2001,vanteda01_2001,20.273134932713294,1999-2007
Washington Wizards_2001,whiteja01_2001,40.11234224026316,1999-2007
Washington Wizards_2001,whitnch01_2001,39.14077158156185,1999-2007
Washington Wizards_2002,alexaco02_2002,36.40054944640259,1999-2007
Washington Wizards_2002,brownkw01_2002,28.583211855912904,1999-2007
Washington Wizards_2002,davishu01_2002,35.08560958569767,1999-2007
Washington Wizards_2002,hamilri01_2002,46.93612681080534,1999-2007
Washington Wizards_2002,haywobr01_2002,35.58089374931439,1999-2007
Washington Wizards_2002,jonespo01_2002,43.81780460041329,1999-2007
Washington Wizards_2002,jordami01_2002,45.749316934791494,1999-2007
Washington Wizards_2002,laettch01_2002,37.960505792204614,1999-2007
Washington Wizards_2002,luety01_2002,38.18376618407357,1999-2007
Washington Wizards_2002,nesbyty01_2002,38.704004960727254,1999-2007
Washington Wizards_2002,simmobo01_2002,18.520259177452136,1999-2007
Washington Wizards_2002,thomaet01_2002,24.859605789312106,1999-2007
Washington Wizards_2002,whiteja01_2002,36.68787265568828,1999-2007
Washington Wizards_2002,whitnch01_2002,46.593991028886975,1999-2007
Washington Wizards_2003,brownkw01_2003,42.1070065428546,1999-2007
Washington Wizards_2003,dixonju01_2003,25.436194683953808,1999-2007
Washington Wizards_2003,haywobr01_2003,43.93176527297759,1999-2007
Washington Wizards_2003,hughela01_2003,46.22769732530488,1999-2007
Washington Wizards_2003,jordami01_2003,55.054518434003214,1999-2007
Washington Wizards_2003,laettch01_2003,47.06378650300037,1999-2007
Washington Wizards_2003,luety01_2003,44.56455991031439,1999-2007
Washington Wizards_2003,oaklech01_2003,22.67156809750927,1999-2007
Washington Wizards_2003,russebr01_2003,37.255872020394314,1999-2007
Washington Wizards_2003,simmobo01_2003,19.44222209522358,1999-2007
Washington Wizards_2003,stackje01_2003,52.41183072551463,1999-2007
Washington Wizards_2003,thomaet01_2003,22.64950330581225,1999-2007
Washington Wizards_2004,arenagi01_2004,45.45327270945405,1999-2007
Washington Wizards_2004,blakest01_2004,37.30951621235526,1999-2007
Washington Wizards_2004,brownkw01_2004,47.31807265728392,1999-2007
Washington Wizards_2004,butlemi02_2004,23.49468024894146,1999-2007
Washington Wizards_2004,dixonju01_2004,38.44476557348217,1999-2007
Washington Wizards_2004,hayesja01_2004,45.21061822182926,1999-2007
Washington Wizards_2004,haywobr01_2004,38.52272056851645,1999-2007
Washington Wizards_2004,hughela01_2004,45.39823785126467,1999-2007
Washington Wizards_2004,jeffrja01_2004,43.73785545725808,1999-2007
Washington Wizards_2004,knighbr01_2004,24.454038521274967,1999-2007
Washington Wizards_2004,laettch01_2004,31.368774282716245,1999-2007
Washington Wizards_2004,stackje01_2004,27.820855486487112,1999-2007
Washington Wizards_2004,thomaet01_2004,43.60045871318328,1999-2007
Washington Wizards_2005,arenagi01_2005,57.21887800367987,1999-2007
Washington Wizards_2005,blakest01_2005,25.45584412271571,1999-2007
Washington Wizards_2005,brownkw01_2005,30.133038346638727,1999-2007
Washington Wizards_2005,dixonju01_2005,32.46536616149585,1999-2007
Washington Wizards_2005,hayesja01_2005,39.496835316262995,1999-2007
Washington Wizards_2005,haywobr01_2005,43.18564576337837,1999-2007
Washington Wizards_2005,hughela01_2005,48.55924216871593,1999-2007
Washington Wizards_2005,jamisan01_2005,51.03920062069938,1999-2007
Washington Wizards_2005,jeffrja01_2005,44.799553569204235,1999-2007
Washington Wizards_2005,peelean01_2005,23.0,1999-2007
Washington Wizards_2005,profila01_2005,20.688160865577203,1999-2007
Washington Wizards_2005,ruffimi01_2005,35.52463933666322,1999-2007
Washington Wizards_2005,thomaet01_2005,31.240998703626616,1999-2007
Washington Wizards_2006,arenagi01_2006,58.172158288995945,1999-2007
Washington Wizards_2006,atkinch01_2006,23.49468024894146,1999-2007
Washington Wizards_2006,blatcan01_2006,13.228756555322953,1999-2007
Washington Wizards_2006,boothca01_2006,15.811388300841896,1999-2007
Washington Wizards_2006,butleca01_2006,52.03844732503075,1999-2007
Washington Wizards_2006,daniean01_2006,47.78074926160116,1999-2007
Washington Wizards_2006,hayesja01_2006,22.715633383201094,1999-2007
Washington Wizards_2006,haywobr01_2006,43.347433603386484,1999-2007
Washington Wizards_2006,jamisan01_2006,57.3410847473258,1999-2007
Washington Wizards_2006,jeffrja01_2006,44.170125650715555,1999-2007
Washington Wizards_2006,ruffimi01_2006,31.78049716414141,1999-2007
Washington Wizards_2006,storeaw01_2006,10.770329614269007,1999-2007
Washington Wizards_2006,taylodo01_2006,21.563858652847824,1999-2007
Washington Wizards_2006,thomaet01_2006,33.481338085566414,1999-2007
Washington Wizards_2007,arenagi01_2007,54.24020648928247,1999-2007
Washington Wizards_2007,blatcan01_2007,26.115129714401192,1999-2007
Washington Wizards_2007,boothca01_2007,19.493588689617926,1999-2007
Washington Wizards_2007,butleca01_2007,49.73932046178355,1999-2007
Washington Wizards_2007,daniean01_2007,41.96427051671457,1999-2007
Washington Wizards_2007,hayesja01_2007,40.32369030731191,1999-2007
Washington Wizards_2007,haywobr01_2007,41.71330722922842,1999-2007
Washington Wizards_2007,jamisan01_2007,51.59457335805772,1999-2007
Washington Wizards_2007,masonro01_2007,22.181073012818835,1999-2007
Washington Wizards_2007,ruffimi01_2007,16.46207763315433,1999-2007
Washington Wizards_2007,songada01_2007,26.457513110645905,1999-2007
Washington Wizards_2007,stevede01_2007,49.18333050943175,1999-2007
Washington Wizards_2007,taylodo01_2007,19.209372712298546,1999-2007
Washington Wizards_2007,thomaet01_2007,35.298725189445584,1999-2007
Washington Wizards_2008,blatcan01_2008,40.92676385936225,2008-2015
Washington Wizards_2008,butleca01_2008,48.104053883222775,2008-2015
Washington Wizards_2008,daniean01_2008,46.486557196677836,2008-2015
Washington Wizards_2008,haywobr01_2008,47.20169488482379,2008-2015
Washington Wizards_2008,jamisan01_2008,55.326304774492215,2008-2015
Washington Wizards_2008,masonro01_2008,41.32795663954365,2008-2015
Washington Wizards_2008,mcguido01_2008,26.362852652928137,2008-2015
Washington Wizards_2008,pecheol01_2008,17.88854381999832,2008-2015
Washington Wizards_2008,songada01_2008,39.42080668885405,2008-2015
Washington Wizards_2008,stevede01_2008,50.635955604688654,2008-2015
Washington Wizards_2008,youngni01_2008,34.02939905434711,2008-2015
Washington Wizards_2009,blatcan01_2009,41.2674205639267,2008-2015
Washington Wizards_2009,butleca01_2009,50.84289527554464,2008-2015
Washington Wizards_2009,crittja01_2009,33.61547262794322,2008-2015
Washington Wizards_2009,dixonju01_2009,28.5657137141714,2008-2015
Washington Wizards_2009,jamesmi01_2009,39.68626966596886,2008-2015
Washington Wizards_2009,jamisan01_2009,55.641710972974224,2008-2015
Washington Wizards_2009,mcgeeja01_2009,33.80828300875393,2008-2015
Washington Wizards_2009,mcguido01_2009,45.51922670696417,2008-2015
Washington Wizards_2009,pecheol01_2009,16.64331697709324,2008-2015
Washington Wizards_2009,songada01_2009,39.0,2008-2015
Washington Wizards_2009,stevede01_2009,29.765752132274432,2008-2015
Washington Wizards_2009,thomaet01_2009,17.4928556845359,2008-2015
Washington Wizards_2009,youngni01_2009,42.86023798347368,2008-2015
Washington Wizards_2010,arenagi01_2010,34.19064199455752,2008-2015
Washington Wizards_2010,blatcan01_2010,47.49736834815167,2008-2015
Washington Wizards_2010,boykiea01_2010,33.421549934136806,2008-2015
Washington Wizards_2010,butleca01_2010,43.04648650006177,2008-2015
Washington Wizards_2010,foyera01_2010,40.82891132518721,2008-2015
Washington Wizards_2010,haywobr01_2010,40.17461885320133,2008-2015
Washington Wizards_2010,jamisan01_2010,39.93745109543172,2008-2015
Washington Wizards_2010,livinsh01_2010,25.80697580112788,2008-2015
Washington Wizards_2010,mcgeeja01_2010,31.11269837220809,2008-2015
Washington Wizards_2010,mcguido01_2010,15.491933384829668,2008-2015
Washington Wizards_2010,millemi01_2010,42.485291572496,2008-2015
Washington Wizards_2010,obertfa01_2010,25.495097567963924,2008-2015
Washington Wizards_2010,rossqu01_2010,16.15549442140351,2008-2015
Washington Wizards_2010,singlja01_2010,27.676705006196094,2008-2015
Washington Wizards_2010,stevede01_2010,24.819347291981714,2008-2015
Washington Wizards_2010,thornal01_2010,25.96150997149434,2008-2015
Washington Wizards_2010,youngni01_2010,37.69615364994153,2008-2015
Washington Wizards_2011,arenagi01_2011,26.94438717061496,2008-2015
Washington Wizards_2011,armsthi01_2011,20.29778313018444,2008-2015
Washington Wizards_2011,blatcan01_2011,46.604720790924176,2008-2015
Washington Wizards_2011,booketr01_2011,32.60368077380221,2008-2015
Washington Wizards_2011,crawfjo02_2011,29.444863728670914,2008-2015
Washington Wizards_2011,evansma01_2011,26.68332812825267,2008-2015
Washington Wizards_2011,hinriki01_2011,38.353617821530214,2008-2015
Washington Wizards_2011,jianlyi01_2011,33.34666400106613,2008-2015
Washington Wizards_2011,lewisra02_2011,31.843366656181317,2008-2015
Washington Wizards_2011,martica01_2011,23.280893453645632,2008-2015
Washington Wizards_2011,mcgeeja01_2011,46.82947789587238,2008-2015
Washington Wizards_2011,serapke01_2011,25.199206336708304,2008-2015
Washington Wizards_2011,shakumu01_2011,12.609520212918492,2008-2015
Washington Wizards_2011,thornal01_2011,32.69556544854363,2008-2015
Washington Wizards_2011,walljo01_2011,51.048996072400875,2008-2015
Washington Wizards_2011,youngni01_2011,45.09988913511872,2008-2015
Washington Wizards_2012,blatcan01_2012,25.019992006393608,2008-2015
Washington Wizards_2012,booketr01_2012,35.510561809129406,2008-2015
Washington Wizards_2012,crawfjo02_2012,41.86884283091664,2008-2015
Washington Wizards_2012,evansma01_2012,18.520259177452136,2008-2015
Washington Wizards_2012,lewisra02_2012,27.0,2008-2015
Washington Wizards_2012,macksh01_2012,27.910571473905726,2008-2015
Washington Wizards_2012,masonro01_2012,26.40075756488817,2008-2015
Washington Wizards_2012,mcgeeja01_2012,33.52610922848042,2008-2015
Washington Wizards_2012,serapke01_2012,34.292856398964496,2008-2015
Washington Wizards_2012,singlch01_2012,37.82856063875548,2008-2015
Washington Wizards_2012,veselja01_2012,32.83291031876401,2008-2015
Washington Wizards_2012,walljo01_2012,48.84669896727925,2008-2015
Washington Wizards_2012,youngni01_2012,34.79942528261063,2008-2015
Washington Wizards_2013,arizatr01_2013,38.353617821530214,2008-2015
Washington Wizards_2013,bealbr01_2013,41.773197148410844,2008-2015
Washington Wizards_2013,booketr01_2013,29.782545223670862,2008-2015
Washington Wizards_2013,crawfjo02_2013,33.57082066318904,2008-2015
Washington Wizards_2013,hilarne01_2013,40.7308237088326,2008-2015
Washington Wizards_2013,martica01_2013,26.343879744638983,2008-2015
Washington Wizards_2013,okafoem01_2013,45.2990066116245,2008-2015
Washington Wizards_2013,priceaj01_2013,35.749125863438955,2008-2015
Washington Wizards_2013,serapke01_2013,41.48493702538308,2008-2015
Washington Wizards_2013,singlch01_2013,30.397368307141328,2008-2015
Washington Wizards_2013,templga01_2013,34.0,2008-2015
Washington Wizards_2013,veselja01_2013,24.515301344262525,2008-2015
Washington Wizards_2013,walljo01_2013,40.024992192379,2008-2015
Washington Wizards_2013,webstma02_2013,46.9041575982343,2008-2015
Washington Wizards_2014,arizatr01_2014,52.182372502598994,2008-2015
Washington Wizards_2014,bealbr01_2014,50.299105359837164,2008-2015
Washington Wizards_2014,booketr01_2014,39.408120990476064,2008-2015
Washington Wizards_2014,goodedr01_2014,19.87460691435179,2008-2015
Washington Wizards_2014,gortama01_2014,51.526692111953004,2008-2015
Washington Wizards_2014,harrial01_2014,22.60530911091463,2008-2015
Washington Wizards_2014,hilarne01_2014,39.496835316262995,2008-2015
Washington Wizards_2014,maynoer01_2014,14.66287829861518,2008-2015
Washington Wizards_2014,millean02_2014,20.29778313018444,2008-2015
Washington Wizards_2014,porteot01_2014,17.86057109949175,2008-2015
Washington Wizards_2014,serapke01_2014,24.041630560342615,2008-2015
Washington Wizards_2014,singlch01_2014,15.811388300841896,2008-2015
Washington Wizards_2014,templga01_2014,25.25866188063018,2008-2015
Washington Wizards_2014,veselja01_2014,21.6794833886788,2008-2015
Washington Wizards_2014,walljo01_2014,54.589376255824725,2008-2015
Washington Wizards_2014,webstma02_2014,46.44351407893249,2008-2015
Washington Wizards_2015,bealbr01_2015,45.902069670114,2008-2015
Washington Wizards_2015,blairde01_2015,13.416407864998739,2008-2015
Washington Wizards_2015,butlera01_2015,38.79432948254165,2008-2015
Washington Wizards_2015,goodedr01_2015,29.393876913398138,2008-2015
Washington Wizards_2015,gortama01_2015,49.52776998815917,2008-2015
Washington Wizards_2015,hilarne01_2015,41.14608122288197,2008-2015
Washington Wizards_2015,humphkr01_2015,36.6742416417845,2008-2015
Washington Wizards_2015,millean02_2015,25.11971337416094,2008-2015
Washington Wizards_2015,piercpa01_2015,43.749285708454714,2008-2015
Washington Wizards_2015,porteot01_2015,37.841775856849004,2008-2015
Washington Wizards_2015,serapke01_2015,35.14256678161116,2008-2015
Washington Wizards_2015,sessira01_2015,23.366642891095847,2008-2015
Washington Wizards_2015,templga01_2015,27.110883423451916,2008-2015
Washington Wizards_2015,walljo01_2015,53.2634959423431,2008-2015
Washington Wizards_2015,webstma02_2015,18.76166303929372,2008-2015
Washington Wizards_2016,bealbr01_2016,41.32795663954365,2016-present
Washington Wizards_2016,blairde01_2016,14.7648230602334,2016-present
Washington Wizards_2016,dudleja01_2016,45.803929962395145,2016-present
Washington Wizards_2016,eddieja01_2016,12.12435565298214,2016-present
Washington Wizards_2016,goodedr01_2016,17.46424919657298,2016-present
Washington Wizards_2016,gortama01_2016,47.49736834815167,2016-present
Washington Wizards_2016,hilarne01_2016,33.075670817082454,2016-present
Washington Wizards_2016,humphkr01_2016,21.587033144922902,2016-present
Washington Wizards_2016,morrima02_2016,26.68332812825267,2016-present
Washington Wizards_2016,nealga01_2016,28.407745422683583,2016-present
Washington Wizards_2016,oubreke01_2016,25.903667693977237,2016-present
Washington Wizards_2016,porteot01_2016,47.70744176750625,2016-present
Washington Wizards_2016,sessira01_2016,40.82891132518721,2016-present
Washington Wizards_2016,templga01_2016,44.170125650715555,2016-present
Washington Wizards_2016,walljo01_2016,52.76362383309168,2016-present
Washington Wizards_2017,bealbr01_2017,51.807335387954474,2016-present
Washington Wizards_2017,bogdabo02_2017,24.515301344262525,2016-present
Washington Wizards_2017,burketr01_2017,26.514147167125703,2016-present
Washington Wizards_2017,gortama01_2017,50.556898639058154,2016-present
Washington Wizards_2017,jennibr01_2017,19.339079605813716,2016-present
Washington Wizards_2017,mahinia01_2017,23.558437978779494,2016-present
Washington Wizards_2017,mcclesh01_2017,16.941074346097416,2016-present
Washington Wizards_2017,morrima02_2017,48.72371086031933,2016-present
Washington Wizards_2017,nichoan01_2017,15.198684153570664,2016-present
Washington Wizards_2017,oubreke01_2017,40.06245124802026,2016-present
Washington Wizards_2017,porteot01_2017,51.03920062069938,2016-present
Washington Wizards_2017,satorto01_2017,26.814175355583846,2016-present
Washington Wizards_2017,smithja02_2017,32.68026927673638,2016-present
Washington Wizards_2017,thornma01_2017,23.979157616563597,2016-present
Washington Wizards_2017,walljo01_2017,53.25410782277739,2016-present
Washington Wizards_2018,bealbr01_2018,54.56189146281496,2016-present
Washington Wizards_2018,fraziti01_2018,28.948229652260256,2016-present
Washington Wizards_2018,gortama01_2018,45.552167895721496,2016-present
Washington Wizards_2018,mahinia01_2018,33.83784863137726,2016-present
Washington Wizards_2018,meeksjo01_2018,33.45145736735546,2016-present
Washington Wizards_2018,morrima02_2018,44.36214602563767,2016-present
Washington Wizards_2018,oubreke01_2018,47.23346271447817,2016-present
Washington Wizards_2018,porteot01_2018,49.31531202375181,2016-present
Washington Wizards_2018,satorto01_2018,40.53393639902249,2016-present
Washington Wizards_2018,scottmi01_2018,37.49666651850535,2016-present
Washington Wizards_2018,smithja02_2018,16.881943016134134,2016-present
Washington Wizards_2018,walljo01_2018,37.54996671103717,2016-present
Washington Wizards_2019,arizatr01_2019,38.27531841800928,2016-present
Washington Wizards_2019,bealbr01_2019,55.02726596879042,2016-present
Washington Wizards_2019,browntr01_2019,27.018512172212592,2016-present
Washington Wizards_2019,bryanth01_2019,38.67815921162743,2016-present
Washington Wizards_2019,dekkesa01_2019,24.879710609249457,2016-present
Washington Wizards_2019,greenje02_2019,45.79301256742124,2016-present
Washington Wizards_2019,mahinia01_2019,22.315913604421397,2016-present
Washington Wizards_2019,mcraejo01_2019,18.24828759089466,2016-present
Washington Wizards_2019,morrima02_2019,29.715315916207253,2016-present
Washington Wizards_2019,oubreke01_2019,27.477263328068172,2016-present
Washington Wizards_2019,parkeja01_2019,26.115129714401192,2016-present
Washington Wizards_2019,porteot01_2019,34.51086785347479,2016-present
Washington Wizards_2019,portibo01_2019,27.712812921102035,2016-present
Washington Wizards_2019,randlch01_2019,27.258026340878022,2016-present
Washington Wizards_2019,riverau01_2019,26.13426869074396,2016-present
Washington Wizards_2019,satorto01_2019,46.51881339845203,2016-present
Washington Wizards_2019,walljo01_2019,33.2264954516723,2016-present
Washington Wizards_2020,bealbr01_2020,45.31004303683677,2016-present
Washington Wizards_2020,bertada01_2020,39.786932528155525,2016-present
Washington Wizards_2020,bongais01_2020,35.35533905932738,2016-present
Washington Wizards_2020,browntr01_2020,42.21374183841087,2016-present
Washington Wizards_2020,bryanth01_2020,33.8673884437522,2016-present
Washington Wizards_2020,hachiru01_2020,38.0,2016-present
Washington Wizards_2020,mahinia01_2020,28.42534080710379,2016-present
Washington Wizards_2020,mcraejo01_2020,25.573423705088842,2016-present
Washington Wizards_2020,pasecan01_2020,20.904544960366874,2016-present
Washington Wizards_2020,paytoga02_2020,20.784609690826528,2016-present
Washington Wizards_2020,robinje01_2020,22.427661492005804,2016-present
Washington Wizards_2020,schofad01_2020,19.183326093250876,2016-present
Washington Wizards_2020,smithis01_2020,42.2729227756965,2016-present
Washington Wizards_2020,thomais02_2020,30.4138126514911,2016-present
Washington Wizards_2020,wagnemo01_2020,28.89636655359978,2016-present
Washington Wizards_2021,avdijde01_2021,35.45419580247167,2016-present
Washington Wizards_2021,bealbr01_2021,46.33573135281238,2016-present
Washington Wizards_2021,bertada01_2021,38.262252939417984,2016-present
Washington Wizards_2021,bongais01_2021,20.784609690826528,2016-present
Washington Wizards_2021,browntr01_2021,16.941074346097416,2016-present
Washington Wizards_2021,gaffoda01_2021,20.199009876724155,2016-present
Washington Wizards_2021,gillan01_2021,14.7648230602334,2016-present
Washington Wizards_2021,hachiru01_2021,42.391036788453285,2016-present
Washington Wizards_2021,lenal01_2021,30.04995840263344,2016-present
Washington Wizards_2021,lopezro01_2021,36.796738985948195,2016-present
Washington Wizards_2021,mathega01_2021,32.218007387174026,2016-present
Washington Wizards_2021,netora01_2021,37.456641600656084,2016-present
Washington Wizards_2021,smithis01_2021,30.397368307141328,2016-present
Washington Wizards_2021,wagnemo01_2021,19.364916731037084,2016-present
Washington Wizards_2021,westbru01_2021,48.67237409455183,2016-present
Washington Wizards_2021,winstca01_2021,9.899494936611665,2016-present
Washington Wizards_2022,avdijde01_2022,44.54211490264017,2016-present
Washington Wizards_2022,bealbr01_2022,37.93415347678132,2016-present
Washington Wizards_2022,bertada01_2022,22.38302928559939,2016-present
Washington Wizards_2022,bryanth01_2022,20.952326839756964,2016-present
Washington Wizards_2022,caldwke01_2022,48.25971404805462,2016-present
Washington Wizards_2022,dinwisp01_2022,36.46916505762094,2016-present
Washington Wizards_2022,gaffoda01_2022,38.0,2016-present
Washington Wizards_2022,gillan01_2022,21.517434791350013,2016-present
Washington Wizards_2022,hachiru01_2022,30.708305065568176,2016-present
Washington Wizards_2022,harremo01_2022,33.421549934136806,2016-present
Washington Wizards_2022,holidaa01_2022,25.748786379167466,2016-present
Washington Wizards_2022,kispeco01_2022,42.43819034784589,2016-present
Washington Wizards_2022,kuzmaky01_2022,46.94677837722201,2016-present
Washington Wizards_2022,netora01_2022,37.04051835490427,2016-present
Washington Wizards_2022,satorto01_2022,20.396078054371138,2016-present
Washington Wizards_2022,smithis01_2022,24.79919353527449,2016-present
Washington Wizards_2023,avdijde01_2023,44.94441010848846,2016-present
Washington Wizards_2023,bartowi01_2023,27.964262908219126,2016-present
Washington Wizards_2023,bealbr01_2023,40.90232267243512,2016-present
Washington Wizards_2023,davisjo06_2023,20.566963801203133,2016-present
Washington Wizards_2023,gaffoda01_2023,40.049968789001575,2016-present
Washington Wizards_2023,gibsota01_2023,21.908902300206645,2016-present
Washington Wizards_2023,gillan01_2023,24.979991993593593,2016-present
Washington Wizards_2023,goodwjo01_2023,33.25657829663178,2016-present
Washington Wizards_2023,hachiru01_2023,26.981475126464083,2016-present
Washington Wizards_2023,kispeco01_2023,45.749316934791494,2016-present
Washington Wizards_2023,kuzmaky01_2023,47.31807265728392,2016-present
Washington Wizards_2023,morrimo01_2023,41.1703777004778,2016-present
Washington Wizards_2023,nunnke01_2023,20.8806130178211,2016-present
Washington Wizards_2023,porzikr01_2023,46.04345773288535,2016-present
Washington Wizards_2023,wrighde01_2023,34.942810419312295,2016-present
Washington Wizards_2024,avdijde01_2024,47.50789408087881,2016-present
Washington Wizards_2024,baglema01_2024,23.979157616563597,2016-present
Washington Wizards_2024,baldwpa01_2024,22.20360331117452,2016-present
Washington Wizards_2024,butleja02_2024,23.790754506740637,2016-present
Washington Wizards_2024,coulibi01_2024,41.41255848169731,2016-present
Washington Wizards_2024,davisjo06_2024,24.758836806279895,2016-present
Washington Wizards_2024,gaffoda01_2024,34.52535300326414,2016-present
Washington Wizards_2024,gallida01_2024,19.621416870348583,2016-present
Washington Wizards_2024,gillan01_2024,21.587033144922902,2016-present
Washington Wizards_2024,jonesty01_2024,43.965895873961216,2016-present
Washington Wizards_2024,kispeco01_2024,45.46427168667722,2016-present
Washington Wizards_2024,kuzmaky01_2024,47.75981574503821,2016-present
Washington Wizards_2024,muscami01_2024,18.384776310850235,2016-present
Washington Wizards_2024,omorueu01_2024,19.82422760159901,2016-present
Washington Wizards_2024,poolejo01_2024,48.43552415324934,2016-present
Washington Wizards_2024,shamela01_2024,26.94438717061496,2016-present
Washington Wizards_2024,wrighde01_2024,21.354156504062622,2016-present
Washington Wizards_2025,baldwpa01_2025,10.04987562112089,2016-present
Washington Wizards_2025,brogdma01_2025,23.748684174075834,2016-present
Washington Wizards_2025,butleja02_2025,19.026297590440446,2016-present
Washington Wizards_2025,carrica01_2025,49.57822102496216,2016-present
Washington Wizards_2025,champju01_2025,36.60601043544625,2016-present
Washington Wizards_2025,coulibi01_2025,44.13615298142782,2016-present
Washington Wizards_2025,davisjo06_2025,15.556349186104045,2016-present
Washington Wizards_2025,georgky01_2025,42.44997055358225,2016-present
Washington Wizards_2025,gillan01_2025,19.924858845171276,2016-present
Washington Wizards_2025,holmeri01_2025,23.108440016582687,2016-present
Washington Wizards_2025,johnsaj01_2025,24.392621835300936,2016-present
Washington Wizards_2025,kispeco01_2025,40.024992192379,2016-present
Washington Wizards_2025,kuzmaky01_2025,29.782545223670862,2016-present
Washington Wizards_2025,poolejo01_2025,44.73253849269008,2016-present
Washington Wizards_2025,sarral01_2025,42.59107887809371,2016-present
Washington Wizards_2025,valanjo01_2025,31.352830813181765,2016-present
Washington Wizards_2025,vukcetr01_2025,22.64950330581225,2016-present
