user_id,rank,item_id,score
Atlanta Hawks_1999,1,malonka01_1999,-16.725482940673828
Atlanta Hawks_1999,2,barklch01_1999,-16.742849349975586
Atlanta Hawks_1999,3,olajuha01_1999,-16.766971588134766
Atlanta Hawks_1999,4,mullich01_1999,-16.80654525756836
Atlanta Hawks_1999,5,schrede01_1999,-16.80828857421875
Atlanta Hawks_1999,6,hornaje01_1999,-16.82732582092285
Atlanta Hawks_1999,7,robinda01_1999,-16.857961654663086
Atlanta Hawks_1999,8,sabonar01_1999,-16.8690128326416
Atlanta Hawks_1999,9,portete01_1999,-16.875648498535156
Atlanta Hawks_1999,10,robincl02_1999,-16.880355834960938
Atlanta Hawks_2000,1,lopezfe01_2000,-14.41325855255127
Atlanta Hawks_2000,2,baileto01_2000,-14.435951232910156
Atlanta Hawks_2000,3,odomla01_2000,-14.443134307861328
Atlanta Hawks_2000,4,brandel01_2000,-14.46158504486084
Atlanta Hawks_2000,5,lewisra02_2000,-14.464438438415527
Atlanta Hawks_2000,6,maggeco01_2000,-14.473523139953613
Atlanta Hawks_2000,7,mariosh01_2000,-14.485466957092285
Atlanta Hawks_2000,8,harrial01_2000,-14.488189697265625
Atlanta Hawks_2000,9,lafrera01_2000,-14.493751525878906
Atlanta Hawks_2000,10,patteru01_2000,-14.501270294189453
Atlanta Hawks_2001,1,dialde01_2001,-15.992164611816406
Atlanta Hawks_2001,2,maggeco01_2001,-15.999640464782715
Atlanta Hawks_2001,3,brandel01_2001,-16.005741119384766
Atlanta Hawks_2001,4,nesbyty01_2001,-16.011884689331055
Atlanta Hawks_2001,5,tayloma01_2001,-16.012414932250977
Atlanta Hawks_2001,6,patteru01_2001,-16.01553726196289
Atlanta Hawks_2001,7,martike01_2001,-16.026521682739258
Atlanta Hawks_2001,8,nailole01_2001,-16.029165267944336
Atlanta Hawks_2001,9,dickemi01_2001,-16.03175163269043
Atlanta Hawks_2001,10,fizerma01_2001,-16.032569885253906
Atlanta Hawks_2002,1,gasolpa01_2002,-15.407613754272461
Atlanta Hawks_2002,2,harrial01_2002,-15.436492919921875
Atlanta Hawks_2002,3,richaja01_2002,-15.438931465148926
Atlanta Hawks_2002,4,jefferi01_2002,-15.445487976074219
Atlanta Hawks_2002,5,harprma01_2002,-15.446388244628906
Atlanta Hawks_2002,6,curryed01_2002,-15.446832656860352
Atlanta Hawks_2002,7,wallage01_2002,-15.452582359313965
Atlanta Hawks_2002,8,harvedo01_2002,-15.452688217163086
Atlanta Hawks_2002,9,fizerma01_2002,-15.454000473022461
Atlanta Hawks_2002,10,johnsjo02_2002,-15.459701538085938
Atlanta Hawks_2003,1,simmobo01_2003,-15.412097930908203
Atlanta Hawks_2003,2,stoudam01_2003,-15.424040794372559
Atlanta Hawks_2003,3,curryed01_2003,-15.435151100158691
Atlanta Hawks_2003,4,boozeca01_2003,-15.43769359588623
Atlanta Hawks_2003,5,griffed01_2003,-15.446887969970703
Atlanta Hawks_2003,6,wallage01_2003,-15.448624610900879
Atlanta Hawks_2003,7,brandel01_2003,-15.449623107910156
Atlanta Hawks_2003,8,johnsjo02_2003,-15.45070743560791
Atlanta Hawks_2003,9,jefferi01_2003,-15.453384399414062
Atlanta Hawks_2003,10,murphtr01_2003,-15.455422401428223
Atlanta Hawks_2004,1,brownde02_2004,-16.12290382385254
Atlanta Hawks_2004,2,simmobo01_2004,-16.14909553527832
Atlanta Hawks_2004,3,howarjo01_2004,-16.149673461914062
Atlanta Hawks_2004,4,brownkw01_2004,-16.153236389160156
Atlanta Hawks_2004,5,randoza01_2004,-16.159175872802734
Atlanta Hawks_2004,6,stoudam01_2004,-16.164518356323242
Atlanta Hawks_2004,7,boshch01_2004,-16.165996551513672
Atlanta Hawks_2004,8,curryed01_2004,-16.166915893554688
Atlanta Hawks_2004,9,johnsjo02_2004,-16.1680965423584
Atlanta Hawks_2004,10,goodedr01_2004,-16.1693058013916
Atlanta Hawks_2005,1,boshch01_2005,-13.158475875854492
Atlanta Hawks_2005,2,pachuza01_2005,-13.164162635803223
Atlanta Hawks_2005,3,krstine01_2005,-13.16511058807373
Atlanta Hawks_2005,4,outlatr01_2005,-13.171645164489746
Atlanta Hawks_2005,5,jeffeal01_2005,-13.181526184082031
Atlanta Hawks_2005,6,lampema01_2005,-13.194887161254883
Atlanta Hawks_2005,7,smithjr01_2005,-13.19819164276123
Atlanta Hawks_2005,8,brezepr01_2005,-13.199509620666504
Atlanta Hawks_2005,9,milesda01_2005,-13.200119972229004
Atlanta Hawks_2005,10,goodedr01_2005,-13.200933456420898
Atlanta Hawks_2006,1,wadedw01_2006,-14.125997543334961
Atlanta Hawks_2006,2,gordobe01_2006,-14.144441604614258
Atlanta Hawks_2006,3,richaja01_2006,-14.152138710021973
Atlanta Hawks_2006,4,crawfja01_2006,-14.153802871704102
Atlanta Hawks_2006,5,kirilan01_2006,-14.159555435180664
Atlanta Hawks_2006,6,millemi01_2006,-14.169387817382812
Atlanta Hawks_2006,7,wallage01_2006,-14.174342155456543
Atlanta Hawks_2006,8,arenagi01_2006,-14.175528526306152
Atlanta Hawks_2006,9,bryanko01_2006,-14.176918029785156
Atlanta Hawks_2006,10,jamesle01_2006,-14.177130699157715
Atlanta Hawks_2007,1,brewero02_2007,-15.495146751403809
Atlanta Hawks_2007,2,adamsha01_2007,-15.537200927734375
Atlanta Hawks_2007,3,humphkr01_2007,-15.587607383728027
Atlanta Hawks_2007,4,aldrila01_2007,-15.590516090393066
Atlanta Hawks_2007,5,grahajo01_2007,-15.603611946105957
Atlanta Hawks_2007,6,warriha01_2007,-15.607072830200195
Atlanta Hawks_2007,7,wilcoch01_2007,-15.607772827148438
Atlanta Hawks_2007,8,goodedr01_2007,-15.608003616333008
Atlanta Hawks_2007,9,jeffeal01_2007,-15.608750343322754
Atlanta Hawks_2007,10,smithcr01_2007,-15.609797477722168
Atlanta Hawks_2008,1,gayru01_2008,-14.44665241241455
Atlanta Hawks_2008,2,willilo02_2008,-14.510249137878418
Atlanta Hawks_2008,3,farmajo01_2008,-14.521028518676758
Atlanta Hawks_2008,4,duranke01_2008,-14.615633010864258
Atlanta Hawks_2008,5,greenje02_2008,-14.66720199584961
Atlanta Hawks_2008,6,jianlyi01_2008,-14.675131797790527
Atlanta Hawks_2008,7,breweco01_2008,-14.680108070373535
Atlanta Hawks_2008,8,webstma02_2008,-14.69123363494873
Atlanta Hawks_2008,9,chandwi01_2008,-14.698081016540527
Atlanta Hawks_2008,10,willish03_2008,-14.701858520507812
Atlanta Hawks_2009,1,wadedw01_2009,-14.081034660339355
Atlanta Hawks_2009,2,bryanko01_2009,-14.089038848876953
Atlanta Hawks_2009,3,ginobma01_2009,-14.10707950592041
Atlanta Hawks_2009,4,piercpa01_2009,-14.109109878540039
Atlanta Hawks_2009,5,parketo01_2009,-14.115656852722168
Atlanta Hawks_2009,6,nowitdi01_2009,-14.121990203857422
Atlanta Hawks_2009,7,iversal01_2009,-14.13814640045166
Atlanta Hawks_2009,8,gasolpa01_2009,-14.139935493469238
Atlanta Hawks_2009,9,mingya01_2009,-14.143732070922852
Atlanta Hawks_2009,10,nelsoja01_2009,-14.144899368286133
Atlanta Hawks_2010,1,bryanko01_2010,-12.41899299621582
Atlanta Hawks_2010,2,ginobma01_2010,-12.426749229431152
Atlanta Hawks_2010,3,iversal01_2010,-12.449975967407227
Atlanta Hawks_2010,4,piercpa01_2010,-12.519205093383789
Atlanta Hawks_2010,5,nashst01_2010,-12.526069641113281
Atlanta Hawks_2010,6,billuch01_2010,-12.533496856689453
Atlanta Hawks_2010,7,nowitdi01_2010,-12.549530982971191
Atlanta Hawks_2010,8,duncati01_2010,-12.566133499145508
Atlanta Hawks_2010,9,wadedw01_2010,-12.571256637573242
Atlanta Hawks_2010,10,grangda01_2010,-12.688140869140625
Atlanta Hawks_2011,1,bryanko01_2011,-13.775979042053223
Atlanta Hawks_2011,2,ginobma01_2011,-13.790562629699707
Atlanta Hawks_2011,3,wadedw01_2011,-13.809967994689941
Atlanta Hawks_2011,4,piercpa01_2011,-13.823515892028809
Atlanta Hawks_2011,5,martike02_2011,-13.836274147033691
Atlanta Hawks_2011,6,jamesle01_2011,-13.850385665893555
Atlanta Hawks_2011,7,nowitdi01_2011,-13.857173919677734
Atlanta Hawks_2011,8,duranke01_2011,-13.946844100952148
Atlanta Hawks_2011,9,rosede01_2011,-13.957890510559082
Atlanta Hawks_2011,10,paulch01_2011,-13.968619346618652
Atlanta Hawks_2012,1,wadedw01_2012,-13.187565803527832
Atlanta Hawks_2012,2,bryanko01_2012,-13.190926551818848
Atlanta Hawks_2012,3,ginobma01_2012,-13.204459190368652
Atlanta Hawks_2012,4,piercpa01_2012,-13.315350532531738
Atlanta Hawks_2012,5,nowitdi01_2012,-13.343796730041504
Atlanta Hawks_2012,6,jamesle01_2012,-13.464821815490723
Atlanta Hawks_2012,7,anthoca01_2012,-13.469141960144043
Atlanta Hawks_2012,8,paulch01_2012,-13.474945068359375
Atlanta Hawks_2012,9,parketo01_2012,-13.483173370361328
Atlanta Hawks_2012,10,hardeja01_2012,-13.524325370788574
Atlanta Hawks_2013,1,jamesle01_2013,-14.880778312683105
Atlanta Hawks_2013,2,willide01_2013,-14.88640308380127
Atlanta Hawks_2013,3,anthoca01_2013,-14.897354125976562
Atlanta Hawks_2013,4,paulch01_2013,-14.901811599731445
Atlanta Hawks_2013,5,georgpa01_2013,-14.913783073425293
Atlanta Hawks_2013,6,irvinky01_2013,-14.922626495361328
Atlanta Hawks_2013,7,denglu01_2013,-14.923527717590332
Atlanta Hawks_2013,8,hardeja01_2013,-14.924039840698242
Atlanta Hawks_2013,9,martike02_2013,-14.9283447265625
Atlanta Hawks_2013,10,stuckro01_2013,-14.929044723510742
Atlanta Hawks_2014,1,burketr01_2014,-14.074048042297363
Atlanta Hawks_2014,2,wroteto01_2014,-14.078727722167969
Atlanta Hawks_2014,3,bealbr01_2014,-14.113324165344238
Atlanta Hawks_2014,4,harrito02_2014,-14.142007827758789
Atlanta Hawks_2014,5,davisan02_2014,-14.145034790039062
Atlanta Hawks_2014,6,haywago01_2014,-14.149079322814941
Atlanta Hawks_2014,7,sullija01_2014,-14.151158332824707
Atlanta Hawks_2014,8,parsoch01_2014,-14.157905578613281
Atlanta Hawks_2014,9,evansty01_2014,-14.160274505615234
Atlanta Hawks_2014,10,jennibr01_2014,-14.169195175170898
Atlanta Hawks_2015,1,wadedw01_2015,-12.769241333007812
Atlanta Hawks_2015,2,jamesle01_2015,-12.931242942810059
Atlanta Hawks_2015,3,anthoca01_2015,-12.972517967224121
Atlanta Hawks_2015,4,gasolma01_2015,-12.988790512084961
Atlanta Hawks_2015,5,curryst01_2015,-13.209002494812012
Atlanta Hawks_2015,6,westbru01_2015,-13.227946281433105
Atlanta Hawks_2015,7,paulch01_2015,-13.230356216430664
Atlanta Hawks_2015,8,hillge01_2015,-13.233867645263672
Atlanta Hawks_2015,9,duranke01_2015,-13.250988006591797
Atlanta Hawks_2015,10,allento01_2015,-13.252044677734375
Atlanta Hawks_2016,1,westbru01_2016,-14.056764602661133
Atlanta Hawks_2016,2,lowryky01_2016,-14.058372497558594
Atlanta Hawks_2016,3,thomais02_2016,-14.058794975280762
Atlanta Hawks_2016,4,curryst01_2016,-14.068443298339844
Atlanta Hawks_2016,5,duranke01_2016,-14.0736083984375
Atlanta Hawks_2016,6,griffbl01_2016,-14.094223976135254
Atlanta Hawks_2016,7,butleji01_2016,-14.125656127929688
Atlanta Hawks_2016,8,hardeja01_2016,-14.134223937988281
Atlanta Hawks_2016,9,derozde01_2016,-14.134476661682129
Atlanta Hawks_2016,10,anthoca01_2016,-14.13743782043457
Atlanta Hawks_2017,1,butleji01_2017,-14.759232521057129
Atlanta Hawks_2017,2,georgpa01_2017,-14.761249542236328
Atlanta Hawks_2017,3,haywago01_2017,-14.7659273147583
Atlanta Hawks_2017,4,westbru01_2017,-14.775808334350586
Atlanta Hawks_2017,5,walkeke02_2017,-14.778648376464844
Atlanta Hawks_2017,6,conlemi01_2017,-14.780195236206055
Atlanta Hawks_2017,7,curryst01_2017,-14.780533790588379
Atlanta Hawks_2017,8,walljo01_2017,-14.781036376953125
Atlanta Hawks_2017,9,lillada01_2017,-14.781343460083008
Atlanta Hawks_2017,10,thomais02_2017,-14.781805992126465
Atlanta Hawks_2018,1,smithde03_2018,-16.572946548461914
Atlanta Hawks_2018,2,murraja01_2018,-16.581418991088867
Atlanta Hawks_2018,3,colliza01_2018,-16.590810775756836
Atlanta Hawks_2018,4,russeda01_2018,-16.592987060546875
Atlanta Hawks_2018,5,mudiaem01_2018,-16.614215850830078
Atlanta Hawks_2018,6,foxde01_2018,-16.62251091003418
Atlanta Hawks_2018,7,ntilila01_2018,-16.624021530151367
Atlanta Hawks_2018,8,simmoko01_2018,-16.651535034179688
Atlanta Hawks_2018,9,evansja01_2018,-16.652502059936523
Atlanta Hawks_2018,10,markkla01_2018,-16.662551879882812
Atlanta Hawks_2019,1,sextoco01_2019,-18.354984283447266
Atlanta Hawks_2019,2,foxde01_2019,-18.364376068115234
Atlanta Hawks_2019,3,murraja01_2019,-18.368391036987305
Atlanta Hawks_2019,4,ingrabr01_2019,-18.43495750427246
Atlanta Hawks_2019,5,markkla01_2019,-18.442968368530273
Atlanta Hawks_2019,6,tatumja01_2019,-18.44483757019043
Atlanta Hawks_2019,7,monkma01_2019,-18.45119857788086
Atlanta Hawks_2019,8,wagnemo01_2019,-18.456863403320312
Atlanta Hawks_2019,9,okoboel01_2019,-18.545738220214844
Atlanta Hawks_2019,10,ntilila01_2019,-18.552717208862305
Atlanta Hawks_2020,1,whiteco01_2020,-17.41741943359375
Atlanta Hawks_2020,2,moranja01_2020,-17.42385482788086
Atlanta Hawks_2020,3,sextoco01_2020,-17.432025909423828
Atlanta Hawks_2020,4,ntilila01_2020,-17.493396759033203
Atlanta Hawks_2020,5,jacksfr01_2020,-17.50362777709961
Atlanta Hawks_2020,6,gilgesh01_2020,-17.539941787719727
Atlanta Hawks_2020,7,monkma01_2020,-17.55807876586914
Atlanta Hawks_2020,8,herroty01_2020,-17.570262908935547
Atlanta Hawks_2020,9,porteke02_2020,-17.582351684570312
Atlanta Hawks_2020,10,garlada01_2020,-17.595829010009766
Atlanta Hawks_2021,1,butleji01_2021,-19.89089584350586
Atlanta Hawks_2021,2,georgpa01_2021,-19.91431427001953
Atlanta Hawks_2021,3,bealbr01_2021,-19.92700958251953
Atlanta Hawks_2021,4,derozde01_2021,-19.932109832763672
Atlanta Hawks_2021,5,duranke01_2021,-19.941423416137695
Atlanta Hawks_2021,6,leonaka01_2021,-20.009838104248047
Atlanta Hawks_2021,7,davisan02_2021,-20.029193878173828
Atlanta Hawks_2021,8,randlju01_2021,-20.030868530273438
Atlanta Hawks_2021,9,antetgi01_2021,-20.03811264038086
Atlanta Hawks_2021,10,hardeja01_2021,-20.04072380065918
Atlanta Hawks_2022,1,butleji01_2022,-19.854782104492188
Atlanta Hawks_2022,2,duranke01_2022,-19.885114669799805
Atlanta Hawks_2022,3,derozde01_2022,-19.890291213989258
Atlanta Hawks_2022,4,georgpa01_2022,-19.906126022338867
Atlanta Hawks_2022,5,antetgi01_2022,-19.985557556152344
Atlanta Hawks_2022,6,siakapa01_2022,-19.99550437927246
Atlanta Hawks_2022,7,mitchdo01_2022,-19.995935440063477
Atlanta Hawks_2022,8,loveke01_2022,-20.005977630615234
Atlanta Hawks_2022,9,paulch01_2022,-20.00735855102539
Atlanta Hawks_2022,10,jamesle01_2022,-20.00879669189453
Atlanta Hawks_2023,1,derozde01_2023,-19.88592529296875
Atlanta Hawks_2023,2,leonaka01_2023,-19.88941192626953
Atlanta Hawks_2023,3,georgpa01_2023,-19.89291763305664
Atlanta Hawks_2023,4,bookede01_2023,-19.904544830322266
Atlanta Hawks_2023,5,mitchdo01_2023,-19.907283782958984
Atlanta Hawks_2023,6,butleji01_2023,-19.936817169189453
Atlanta Hawks_2023,7,duranke01_2023,-19.944608688354492
Atlanta Hawks_2023,8,jamesle01_2023,-19.945920944213867
Atlanta Hawks_2023,9,randlju01_2023,-20.011157989501953
Atlanta Hawks_2023,10,siakapa01_2023,-20.018657684326172
Atlanta Hawks_2024,1,irvinky01_2024,-19.78548240661621
Atlanta Hawks_2024,2,leonaka01_2024,-19.842050552368164
Atlanta Hawks_2024,3,derozde01_2024,-19.854337692260742
Atlanta Hawks_2024,4,georgpa01_2024,-19.881114959716797
Atlanta Hawks_2024,5,mitchdo01_2024,-19.89051055908203
Atlanta Hawks_2024,6,duranke01_2024,-19.891841888427734
Atlanta Hawks_2024,7,jamesle01_2024,-19.89186668395996
Atlanta Hawks_2024,8,butleji01_2024,-19.899581909179688
Atlanta Hawks_2024,9,antetgi01_2024,-19.97165298461914
Atlanta Hawks_2024,10,davisan02_2024,-19.989280700683594
Atlanta Hawks_2025,1,sharpsh01_2025,-19.693708419799805
Atlanta Hawks_2025,2,edwaran01_2025,-19.728431701660156
Atlanta Hawks_2025,3,mccaija01_2025,-19.729372024536133
Atlanta Hawks_2025,4,branhma01_2025,-19.73004150390625
Atlanta Hawks_2025,5,herroty01_2025,-19.732187271118164
Atlanta Hawks_2025,6,willija06_2025,-19.73480224609375
Atlanta Hawks_2025,7,wembavi01_2025,-19.7590389251709
Atlanta Hawks_2025,8,simonan01_2025,-19.761646270751953
Atlanta Hawks_2025,9,sensabr01_2025,-19.767181396484375
Atlanta Hawks_2025,10,vassede01_2025,-19.782440185546875
Boston Celtics_1999,1,willico02_1999,-15.973921775817871
Boston Celtics_1999,2,hughela01_1999,-15.974100112915039
Boston Celtics_1999,3,marshdo01_1999,-15.981918334960938
Boston Celtics_1999,4,harprma01_1999,-15.984545707702637
Boston Celtics_1999,5,mcgratr01_1999,-15.986048698425293
Boston Celtics_1999,6,wallajo01_1999,-15.989863395690918
Boston Celtics_1999,7,howarju01_1999,-15.990201950073242
Boston Celtics_1999,8,jamisan01_1999,-15.99785327911377
Boston Celtics_1999,9,nowitdi01_1999,-15.998990058898926
Boston Celtics_1999,10,mcleoro01_1999,-16.00016975402832
Boston Celtics_2000,1,stackje01_2000,-14.071624755859375
Boston Celtics_2000,2,anderde01_2000,-14.075841903686523
Boston Celtics_2000,3,dickemi01_2000,-14.083329200744629
Boston Celtics_2000,4,abdursh01_2000,-14.091455459594727
Boston Celtics_2000,5,moblecu01_2000,-14.093308448791504
Boston Celtics_2000,6,iversal01_2000,-14.094222068786621
Boston Celtics_2000,7,bryanko01_2000,-14.097192764282227
Boston Celtics_2000,8,cartevi01_2000,-14.098851203918457
Boston Celtics_2000,9,allenra02_2000,-14.103346824645996
Boston Celtics_2000,10,surabo01_2000,-14.119077682495117
Boston Celtics_2001,1,dialde01_2001,-16.713876724243164
Boston Celtics_2001,2,maggeco01_2001,-16.72699546813965
Boston Celtics_2001,3,tayloma01_2001,-16.729036331176758
Boston Celtics_2001,4,nesbyty01_2001,-16.730743408203125
Boston Celtics_2001,5,dickemi01_2001,-16.73175048828125
Boston Celtics_2001,6,brandel01_2001,-16.732614517211914
Boston Celtics_2001,7,patteru01_2001,-16.732831954956055
Boston Celtics_2001,8,terryja01_2001,-16.73809814453125
Boston Celtics_2001,9,martike01_2001,-16.74431610107422
Boston Celtics_2001,10,allenra02_2001,-16.746440887451172
Boston Celtics_2002,1,jordami01_2002,-16.539749145507812
Boston Celtics_2002,2,malonka01_2002,-16.567842483520508
Boston Celtics_2002,3,iversal01_2002,-16.572416305541992
Boston Celtics_2002,4,millere01_2002,-16.605587005615234
Boston Celtics_2002,5,webbech01_2002,-16.60834312438965
Boston Celtics_2002,6,houstal01_2002,-16.609609603881836
Boston Celtics_2002,7,onealsh01_2002,-16.613941192626953
Boston Celtics_2002,8,stackje01_2002,-16.61451530456543
Boston Celtics_2002,9,murrala01_2002,-16.620601654052734
Boston Celtics_2002,10,finlemi01_2002,-16.621135711669922
Boston Celtics_2003,1,malonka01_2003,-16.766088485717773
Boston Celtics_2003,2,jordami01_2003,-16.814109802246094
Boston Celtics_2003,3,millere01_2003,-16.861854553222656
Boston Celtics_2003,4,onealsh01_2003,-16.89163589477539
Boston Celtics_2003,5,mashbja01_2003,-16.897258758544922
Boston Celtics_2003,6,robingl01_2003,-16.90841293334961
Boston Celtics_2003,7,roseja01_2003,-16.922719955444336
Boston Celtics_2003,8,hillgr01_2003,-16.937898635864258
Boston Celtics_2003,9,iversal01_2003,-16.946998596191406
Boston Celtics_2003,10,garneke01_2003,-16.94750213623047
Boston Celtics_2004,1,brownde02_2004,-16.704652786254883
Boston Celtics_2004,2,jamesle01_2004,-16.722795486450195
Boston Celtics_2004,3,howarjo01_2004,-16.72382354736328
Boston Celtics_2004,4,simmobo01_2004,-16.724720001220703
Boston Celtics_2004,5,randoza01_2004,-16.73543930053711
Boston Celtics_2004,6,reddmi01_2004,-16.737415313720703
Boston Celtics_2004,7,brownkw01_2004,-16.738380432128906
Boston Celtics_2004,8,johnsjo02_2004,-16.739505767822266
Boston Celtics_2004,9,mcgratr01_2004,-16.744314193725586
Boston Celtics_2004,10,goodedr01_2004,-16.745649337768555
Boston Celtics_2005,1,maggeco01_2005,-14.577343940734863
Boston Celtics_2005,2,wadedw01_2005,-14.579769134521484
Boston Celtics_2005,3,bryanko01_2005,-14.584542274475098
Boston Celtics_2005,4,crawfja01_2005,-14.59386920928955
Boston Celtics_2005,5,ginobma01_2005,-14.59743881225586
Boston Celtics_2005,6,richaja01_2005,-14.59770393371582
Boston Celtics_2005,7,hughela01_2005,-14.598658561706543
Boston Celtics_2005,8,reddmi01_2005,-14.601448059082031
Boston Celtics_2005,9,hamilri01_2005,-14.615360260009766
Boston Celtics_2005,10,mcgratr01_2005,-14.617521286010742
Boston Celtics_2006,1,gordobe01_2006,-15.488998413085938
Boston Celtics_2006,2,wadedw01_2006,-15.492764472961426
Boston Celtics_2006,3,johnsjo02_2006,-15.49442195892334
Boston Celtics_2006,4,richaja01_2006,-15.496148109436035
Boston Celtics_2006,5,crawfja01_2006,-15.497041702270508
Boston Celtics_2006,6,martike02_2006,-15.51286792755127
Boston Celtics_2006,7,smithjo03_2006,-15.512907981872559
Boston Celtics_2006,8,stevede01_2006,-15.514237403869629
Boston Celtics_2006,9,denglu01_2006,-15.514540672302246
Boston Celtics_2006,10,millemi01_2006,-15.518153190612793
Boston Celtics_2007,1,brewero02_2007,-15.728435516357422
Boston Celtics_2007,2,childjo01_2007,-15.747239112854004
Boston Celtics_2007,3,adamsha01_2007,-15.775010108947754
Boston Celtics_2007,4,smithjo03_2007,-15.796781539916992
Boston Celtics_2007,5,willima02_2007,-15.807089805603027
Boston Celtics_2007,6,aldrila01_2007,-15.826006889343262
Boston Celtics_2007,7,humphkr01_2007,-15.826805114746094
Boston Celtics_2007,8,warriha01_2007,-15.850719451904297
Boston Celtics_2007,9,wilcoch01_2007,-15.851244926452637
Boston Celtics_2007,10,grahajo01_2007,-15.851405143737793
Boston Celtics_2008,1,iversal01_2008,-12.32912826538086
Boston Celtics_2008,2,ginobma01_2008,-12.33253288269043
Boston Celtics_2008,3,nashst01_2008,-12.556229591369629
Boston Celtics_2008,4,billuch01_2008,-12.567092895507812
Boston Celtics_2008,5,mcgratr01_2008,-12.742719650268555
Boston Celtics_2008,6,bryanko01_2008,-12.746330261230469
Boston Celtics_2008,7,wadedw01_2008,-12.786913871765137
Boston Celtics_2008,8,caldejo01_2008,-12.969366073608398
Boston Celtics_2008,9,griffad01_2008,-12.971601486206055
Boston Celtics_2008,10,davisba01_2008,-12.973333358764648
Boston Celtics_2009,1,bryanko01_2009,-12.345382690429688
Boston Celtics_2009,2,ginobma01_2009,-12.363439559936523
Boston Celtics_2009,3,iversal01_2009,-12.591947555541992
Boston Celtics_2009,4,nowitdi01_2009,-12.629655838012695
Boston Celtics_2009,5,wadedw01_2009,-12.773796081542969
Boston Celtics_2009,6,battish01_2009,-12.948991775512695
Boston Celtics_2009,7,parkean01_2009,-12.952627182006836
Boston Celtics_2009,8,barrybr01_2009,-12.97927188873291
Boston Celtics_2009,9,parketo01_2009,-12.981792449951172
Boston Celtics_2009,10,nelsoja01_2009,-13.016549110412598
Boston Celtics_2010,1,bryanko01_2010,-13.1222505569458
Boston Celtics_2010,2,ginobma01_2010,-13.136473655700684
Boston Celtics_2010,3,iversal01_2010,-13.168449401855469
Boston Celtics_2010,4,nashst01_2010,-13.322455406188965
Boston Celtics_2010,5,billuch01_2010,-13.33152961730957
Boston Celtics_2010,6,duncati01_2010,-13.367942810058594
Boston Celtics_2010,7,nowitdi01_2010,-13.371495246887207
Boston Celtics_2010,8,wadedw01_2010,-13.47120475769043
Boston Celtics_2010,9,battish01_2010,-13.657879829406738
Boston Celtics_2010,10,mcgratr01_2010,-13.666023254394531
Boston Celtics_2011,1,bryanko01_2011,-12.74580192565918
Boston Celtics_2011,2,ginobma01_2011,-12.76599407196045
Boston Celtics_2011,3,nowitdi01_2011,-12.960494995117188
Boston Celtics_2011,4,wadedw01_2011,-13.001383781433105
Boston Celtics_2011,5,martike02_2011,-13.045385360717773
Boston Celtics_2011,6,jamesle01_2011,-13.156928062438965
Boston Celtics_2011,7,mcgratr01_2011,-13.20306396484375
Boston Celtics_2011,8,butlera01_2011,-13.239407539367676
Boston Celtics_2011,9,artesro01_2011,-13.360822677612305
Boston Celtics_2011,10,fishede01_2011,-13.36143684387207
Boston Celtics_2012,1,wadedw01_2012,-13.3430814743042
Boston Celtics_2012,2,bryanko01_2012,-13.346531867980957
Boston Celtics_2012,3,ginobma01_2012,-13.360081672668457
Boston Celtics_2012,4,nowitdi01_2012,-13.477579116821289
Boston Celtics_2012,5,jamesle01_2012,-13.565201759338379
Boston Celtics_2012,6,anthoca01_2012,-13.56988525390625
Boston Celtics_2012,7,paulch01_2012,-13.577373504638672
Boston Celtics_2012,8,parketo01_2012,-13.586018562316895
Boston Celtics_2012,9,hardeja01_2012,-13.623031616210938
Boston Celtics_2012,10,hinriki01_2012,-13.681327819824219
Boston Celtics_2013,1,wadedw01_2013,-14.12378215789795
Boston Celtics_2013,2,bryanko01_2013,-14.125958442687988
Boston Celtics_2013,3,parketo01_2013,-14.191637992858887
Boston Celtics_2013,4,willide01_2013,-14.245950698852539
Boston Celtics_2013,5,jamesle01_2013,-14.256091117858887
Boston Celtics_2013,6,paulch01_2013,-14.262163162231445
Boston Celtics_2013,7,anthoca01_2013,-14.275242805480957
Boston Celtics_2013,8,hardeja01_2013,-14.294593811035156
Boston Celtics_2013,9,georgpa01_2013,-14.347299575805664
Boston Celtics_2013,10,curryst01_2013,-14.358673095703125
Boston Celtics_2014,1,burketr01_2014,-14.452625274658203
Boston Celtics_2014,2,wroteto01_2014,-14.458611488342285
Boston Celtics_2014,3,bealbr01_2014,-14.611586570739746
Boston Celtics_2014,4,antetgi01_2014,-14.621408462524414
Boston Celtics_2014,5,millequ01_2014,-14.64123821258545
Boston Celtics_2014,6,bennean01_2014,-14.645852088928223
Boston Celtics_2014,7,karasse01_2014,-14.66230583190918
Boston Celtics_2014,8,barneha02_2014,-14.666357040405273
Boston Celtics_2014,9,porteot01_2014,-14.676074981689453
Boston Celtics_2014,10,riverau01_2014,-14.683526039123535
Boston Celtics_2015,1,wiggian01_2015,-14.328716278076172
Boston Celtics_2015,2,bealbr01_2015,-14.355324745178223
Boston Celtics_2015,3,schrode01_2015,-14.355751991271973
Boston Celtics_2015,4,wroteto01_2015,-14.3563232421875
Boston Celtics_2015,5,parsoch01_2015,-14.358778953552246
Boston Celtics_2015,6,gallida01_2015,-14.364158630371094
Boston Celtics_2015,7,kiddgmi01_2015,-14.365452766418457
Boston Celtics_2015,8,denglu01_2015,-14.366950035095215
Boston Celtics_2015,9,harrito02_2015,-14.369565963745117
Boston Celtics_2015,10,lowryky01_2015,-14.375199317932129
Boston Celtics_2016,1,gallida01_2016,-15.444147109985352
Boston Celtics_2016,2,westbru01_2016,-15.448765754699707
Boston Celtics_2016,3,lowryky01_2016,-15.44929313659668
Boston Celtics_2016,4,dragigo01_2016,-15.449654579162598
Boston Celtics_2016,5,gayru01_2016,-15.453577995300293
Boston Celtics_2016,6,teaguje01_2016,-15.456328392028809
Boston Celtics_2016,7,batumni01_2016,-15.457375526428223
Boston Celtics_2016,8,parsoch01_2016,-15.457383155822754
Boston Celtics_2016,9,curryst01_2016,-15.459049224853516
Boston Celtics_2016,10,conlemi01_2016,-15.45917797088623
Boston Celtics_2017,1,jamesle01_2017,-16.629545211791992
Boston Celtics_2017,2,butleji01_2017,-16.639476776123047
Boston Celtics_2017,3,georgpa01_2017,-16.64335823059082
Boston Celtics_2017,4,haywago01_2017,-16.64574432373047
Boston Celtics_2017,5,derozde01_2017,-16.664289474487305
Boston Celtics_2017,6,griffbl01_2017,-16.694982528686523
Boston Celtics_2017,7,duranke01_2017,-16.699230194091797
Boston Celtics_2017,8,dragigo01_2017,-16.746715545654297
Boston Celtics_2017,9,paulch01_2017,-16.75849151611328
Boston Celtics_2017,10,lowryky01_2017,-16.76549530029297
Boston Celtics_2018,1,duranke01_2018,-14.594134330749512
Boston Celtics_2018,2,georgpa01_2018,-14.603464126586914
Boston Celtics_2018,3,westbru01_2018,-14.623841285705566
Boston Celtics_2018,4,walkeke02_2018,-14.629796028137207
Boston Celtics_2018,5,lillada01_2018,-14.631902694702148
Boston Celtics_2018,6,curryst01_2018,-14.635581970214844
Boston Celtics_2018,7,evansty01_2018,-14.645430564880371
Boston Celtics_2018,8,butleji01_2018,-14.670258522033691
Boston Celtics_2018,9,hardeja01_2018,-14.680571556091309
Boston Celtics_2018,10,derozde01_2018,-14.691062927246094
Boston Celtics_2019,1,willilo02_2019,-18.106706619262695
Boston Celtics_2019,2,duranke01_2019,-18.120359420776367
Boston Celtics_2019,3,gallida01_2019,-18.130840301513672
Boston Celtics_2019,4,jamesle01_2019,-18.13697624206543
Boston Celtics_2019,5,georgpa01_2019,-18.151891708374023
Boston Celtics_2019,6,butleji01_2019,-18.158178329467773
Boston Celtics_2019,7,leonaka01_2019,-18.160511016845703
Boston Celtics_2019,8,griffbl01_2019,-18.190265655517578
Boston Celtics_2019,9,westbru01_2019,-18.22408676147461
Boston Celtics_2019,10,conlemi01_2019,-18.22939109802246
Boston Celtics_2020,1,hardeja01_2020,-16.625864028930664
Boston Celtics_2020,2,butleji01_2020,-16.66609764099121
Boston Celtics_2020,3,derozde01_2020,-16.671560287475586
Boston Celtics_2020,4,middlkh01_2020,-16.75142478942871
Boston Celtics_2020,5,georgpa01_2020,-16.76462173461914
Boston Celtics_2020,6,leonaka01_2020,-16.767751693725586
Boston Celtics_2020,7,bealbr01_2020,-16.775833129882812
Boston Celtics_2020,8,jamesle01_2020,-16.78392791748047
Boston Celtics_2020,9,davisan02_2020,-16.801816940307617
Boston Celtics_2020,10,westbru01_2020,-16.831571578979492
Boston Celtics_2021,1,barrerj01_2021,-19.68057632446289
Boston Celtics_2021,2,herroty01_2021,-19.686025619506836
Boston Celtics_2021,3,edwaran01_2021,-19.68821144104004
Boston Celtics_2021,4,maxeyty01_2021,-19.69839096069336
Boston Celtics_2021,5,poolejo01_2021,-19.70014762878418
Boston Celtics_2021,6,gilgesh01_2021,-19.702125549316406
Boston Celtics_2021,7,porteke02_2021,-19.707595825195312
Boston Celtics_2021,8,lavinza01_2021,-19.708803176879883
Boston Celtics_2021,9,willizi01_2021,-19.709186553955078
Boston Celtics_2021,10,doncilu01_2021,-19.762727737426758
Boston Celtics_2022,1,butleji01_2022,-15.30375862121582
Boston Celtics_2022,2,duranke01_2022,-15.346548080444336
Boston Celtics_2022,3,derozde01_2022,-15.350951194763184
Boston Celtics_2022,4,georgpa01_2022,-15.366701126098633
Boston Celtics_2022,5,paulch01_2022,-15.378721237182617
Boston Celtics_2022,6,antetgi01_2022,-15.419657707214355
Boston Celtics_2022,7,siakapa01_2022,-15.422609329223633
Boston Celtics_2022,8,curryst01_2022,-15.481025695800781
Boston Celtics_2022,9,hardeja01_2022,-15.484457015991211
Boston Celtics_2022,10,jamesle01_2022,-15.555538177490234
Boston Celtics_2023,1,derozde01_2023,-19.839860916137695
Boston Celtics_2023,2,leonaka01_2023,-19.84316635131836
Boston Celtics_2023,3,georgpa01_2023,-19.84676170349121
Boston Celtics_2023,4,bookede01_2023,-19.861780166625977
Boston Celtics_2023,5,mitchdo01_2023,-19.864110946655273
Boston Celtics_2023,6,butleji01_2023,-19.891422271728516
Boston Celtics_2023,7,jamesle01_2023,-19.896835327148438
Boston Celtics_2023,8,duranke01_2023,-19.899185180664062
Boston Celtics_2023,9,randlju01_2023,-19.96942138671875
Boston Celtics_2023,10,siakapa01_2023,-19.977130889892578
Boston Celtics_2024,1,irvinky01_2024,-18.422500610351562
Boston Celtics_2024,2,leonaka01_2024,-18.4437198638916
Boston Celtics_2024,3,derozde01_2024,-18.458236694335938
Boston Celtics_2024,4,jamesle01_2024,-18.467905044555664
Boston Celtics_2024,5,duranke01_2024,-18.468809127807617
Boston Celtics_2024,6,georgpa01_2024,-18.48567771911621
Boston Celtics_2024,7,butleji01_2024,-18.504077911376953
Boston Celtics_2024,8,mitchdo01_2024,-18.510114669799805
Boston Celtics_2024,9,antetgi01_2024,-18.56134796142578
Boston Celtics_2024,10,curryst01_2024,-18.5765438079834
Boston Celtics_2025,1,butleji01_2025,-18.48101043701172
Boston Celtics_2025,2,duranke01_2025,-18.506181716918945
Boston Celtics_2025,3,antetgi01_2025,-18.513935089111328
Boston Celtics_2025,4,mitchdo01_2025,-18.53096580505371
Boston Celtics_2025,5,jeromty01_2025,-18.537017822265625
Boston Celtics_2025,6,hardeja01_2025,-18.612422943115234
Boston Celtics_2025,7,curryst01_2025,-18.614103317260742
Boston Celtics_2025,8,lillada01_2025,-18.637615203857422
Boston Celtics_2025,9,davisan02_2025,-18.702350616455078
Boston Celtics_2025,10,gilgesh01_2025,-18.713539123535156
Brooklyn Nets_2013,1,wadedw01_2013,-13.726555824279785
Brooklyn Nets_2013,2,bryanko01_2013,-13.729312896728516
Brooklyn Nets_2013,3,parketo01_2013,-13.845747947692871
Brooklyn Nets_2013,4,piercpa01_2013,-13.856224060058594
Brooklyn Nets_2013,5,paulch01_2013,-14.030116081237793
Brooklyn Nets_2013,6,jamesle01_2013,-14.036636352539062
Brooklyn Nets_2013,7,anthoca01_2013,-14.0579833984375
Brooklyn Nets_2013,8,hardeja01_2013,-14.070721626281738
Brooklyn Nets_2013,9,kiddja01_2013,-14.110223770141602
Brooklyn Nets_2013,10,allento01_2013,-14.11454963684082
Brooklyn Nets_2014,1,burketr01_2014,-14.378907203674316
Brooklyn Nets_2014,2,wroteto01_2014,-14.383880615234375
Brooklyn Nets_2014,3,bealbr01_2014,-14.445671081542969
Brooklyn Nets_2014,4,harrito02_2014,-14.48682689666748
Brooklyn Nets_2014,5,davisan02_2014,-14.490270614624023
Brooklyn Nets_2014,6,sullija01_2014,-14.495434761047363
Brooklyn Nets_2014,7,haywago01_2014,-14.501936912536621
Brooklyn Nets_2014,8,evansty01_2014,-14.514217376708984
Brooklyn Nets_2014,9,parsoch01_2014,-14.51531982421875
Brooklyn Nets_2014,10,youngth01_2014,-14.51931381225586
Brooklyn Nets_2015,1,wiggian01_2015,-14.862136840820312
Brooklyn Nets_2015,2,wroteto01_2015,-14.90235424041748
Brooklyn Nets_2015,3,schrode01_2015,-14.911996841430664
Brooklyn Nets_2015,4,bealbr01_2015,-14.978341102600098
Brooklyn Nets_2015,5,harrito02_2015,-15.044196128845215
Brooklyn Nets_2015,6,kiddgmi01_2015,-15.044842720031738
Brooklyn Nets_2015,7,morrima02_2015,-15.062200546264648
Brooklyn Nets_2015,8,porteot01_2015,-15.065705299377441
Brooklyn Nets_2015,9,covinro01_2015,-15.078816413879395
Brooklyn Nets_2015,10,warretj01_2015,-15.090444564819336
Brooklyn Nets_2016,1,dragigo01_2016,-14.85608196258545
Brooklyn Nets_2016,2,teaguje01_2016,-14.861883163452148
Brooklyn Nets_2016,3,conlemi01_2016,-14.86577033996582
Brooklyn Nets_2016,4,rosede01_2016,-14.8659029006958
Brooklyn Nets_2016,5,collida01_2016,-14.867525100708008
Brooklyn Nets_2016,6,bledser01_2016,-14.871772766113281
Brooklyn Nets_2016,7,millspa02_2016,-14.873815536499023
Brooklyn Nets_2016,8,sessira01_2016,-14.87635326385498
Brooklyn Nets_2016,9,gallida01_2016,-14.877204895019531
Brooklyn Nets_2016,10,lawsoty01_2016,-14.880426406860352
Brooklyn Nets_2017,1,russeda01_2017,-15.412154197692871
Brooklyn Nets_2017,2,wiggian01_2017,-15.475616455078125
Brooklyn Nets_2017,3,mudiaem01_2017,-15.493370056152344
Brooklyn Nets_2017,4,ulisty01_2017,-15.49702262878418
Brooklyn Nets_2017,5,exumda01_2017,-15.499932289123535
Brooklyn Nets_2017,6,parkeja01_2017,-15.50514030456543
Brooklyn Nets_2017,7,baldwwa01_2017,-15.510972023010254
Brooklyn Nets_2017,8,bookede01_2017,-15.513167381286621
Brooklyn Nets_2017,9,murrade01_2017,-15.515686988830566
Brooklyn Nets_2017,10,feldeka01_2017,-15.528229713439941
Brooklyn Nets_2018,1,smithde03_2018,-16.544626235961914
Brooklyn Nets_2018,2,murraja01_2018,-16.553251266479492
Brooklyn Nets_2018,3,colliza01_2018,-16.560100555419922
Brooklyn Nets_2018,4,mudiaem01_2018,-16.586044311523438
Brooklyn Nets_2018,5,foxde01_2018,-16.594114303588867
Brooklyn Nets_2018,6,ntilila01_2018,-16.59576416015625
Brooklyn Nets_2018,7,simmoko01_2018,-16.62318992614746
Brooklyn Nets_2018,8,evansja01_2018,-16.624252319335938
Brooklyn Nets_2018,9,markkla01_2018,-16.634870529174805
Brooklyn Nets_2018,10,ingrabr01_2018,-16.63931655883789
Brooklyn Nets_2019,1,youngtr01_2019,-17.48377227783203
Brooklyn Nets_2019,2,sextoco01_2019,-17.483976364135742
Brooklyn Nets_2019,3,murraja01_2019,-17.488380432128906
Brooklyn Nets_2019,4,foxde01_2019,-17.49217987060547
Brooklyn Nets_2019,5,ingrabr01_2019,-17.534809112548828
Brooklyn Nets_2019,6,tatumja01_2019,-17.541109085083008
Brooklyn Nets_2019,7,markkla01_2019,-17.55364227294922
Brooklyn Nets_2019,8,monkma01_2019,-17.578819274902344
Brooklyn Nets_2019,9,wagnemo01_2019,-17.6268310546875
Brooklyn Nets_2019,10,okoboel01_2019,-17.64529037475586
Brooklyn Nets_2020,1,whiteco01_2020,-17.45763397216797
Brooklyn Nets_2020,2,moranja01_2020,-17.45864486694336
Brooklyn Nets_2020,3,sextoco01_2020,-17.471736907958984
Brooklyn Nets_2020,4,gilgesh01_2020,-17.53404426574707
Brooklyn Nets_2020,5,herroty01_2020,-17.556129455566406
Brooklyn Nets_2020,6,monkma01_2020,-17.561384201049805
Brooklyn Nets_2020,7,ntilila01_2020,-17.59844970703125
Brooklyn Nets_2020,8,jacksfr01_2020,-17.608797073364258
Brooklyn Nets_2020,9,porteke02_2020,-17.631114959716797
Brooklyn Nets_2020,10,reddica01_2020,-17.6417293548584
Brooklyn Nets_2021,1,butleji01_2021,-19.830638885498047
Brooklyn Nets_2021,2,georgpa01_2021,-19.854270935058594
Brooklyn Nets_2021,3,bealbr01_2021,-19.870283126831055
Brooklyn Nets_2021,4,derozde01_2021,-19.873159408569336
Brooklyn Nets_2021,5,leonaka01_2021,-19.954484939575195
Brooklyn Nets_2021,6,davisan02_2021,-19.974367141723633
Brooklyn Nets_2021,7,randlju01_2021,-19.97623062133789
Brooklyn Nets_2021,8,antetgi01_2021,-19.98337745666504
Brooklyn Nets_2021,9,paulch01_2021,-19.994539260864258
Brooklyn Nets_2021,10,lillada01_2021,-19.994747161865234
Brooklyn Nets_2022,1,butleji01_2022,-19.868566513061523
Brooklyn Nets_2022,2,derozde01_2022,-19.904125213623047
Brooklyn Nets_2022,3,georgpa01_2022,-19.919923782348633
Brooklyn Nets_2022,4,antetgi01_2022,-19.998857498168945
Brooklyn Nets_2022,5,siakapa01_2022,-20.008718490600586
Brooklyn Nets_2022,6,mitchdo01_2022,-20.01271629333496
Brooklyn Nets_2022,7,paulch01_2022,-20.02030372619629
Brooklyn Nets_2022,8,loveke01_2022,-20.020729064941406
Brooklyn Nets_2022,9,jamesle01_2022,-20.02320098876953
Brooklyn Nets_2022,10,curryst01_2022,-20.03543472290039
Brooklyn Nets_2023,1,derozde01_2023,-19.868253707885742
Brooklyn Nets_2023,2,leonaka01_2023,-19.87152671813965
Brooklyn Nets_2023,3,georgpa01_2023,-19.87514877319336
Brooklyn Nets_2023,4,bookede01_2023,-19.890886306762695
Brooklyn Nets_2023,5,mitchdo01_2023,-19.893095016479492
Brooklyn Nets_2023,6,butleji01_2023,-19.91989517211914
Brooklyn Nets_2023,7,jamesle01_2023,-19.924409866333008
Brooklyn Nets_2023,8,randlju01_2023,-19.99827766418457
Brooklyn Nets_2023,9,siakapa01_2023,-20.006053924560547
Brooklyn Nets_2023,10,lillada01_2023,-20.012554168701172
Brooklyn Nets_2024,1,irvinky01_2024,-18.40825080871582
Brooklyn Nets_2024,2,leonaka01_2024,-18.415006637573242
Brooklyn Nets_2024,3,derozde01_2024,-18.424413681030273
Brooklyn Nets_2024,4,mitchdo01_2024,-18.425323486328125
Brooklyn Nets_2024,5,georgpa01_2024,-18.44365882873535
Brooklyn Nets_2024,6,antetgi01_2024,-18.447994232177734
Brooklyn Nets_2024,7,edwaran01_2024,-18.453542709350586
Brooklyn Nets_2024,8,butleji01_2024,-18.459062576293945
Brooklyn Nets_2024,9,markkla01_2024,-18.469860076904297
Brooklyn Nets_2024,10,randlju01_2024,-18.47022247314453
Brooklyn Nets_2025,1,georgke01_2025,-17.34111976623535
Brooklyn Nets_2025,2,castlst01_2025,-17.345094680786133
Brooklyn Nets_2025,3,hendesc01_2025,-17.35149383544922
Brooklyn Nets_2025,4,sarral01_2025,-17.368940353393555
Brooklyn Nets_2025,5,colliis01_2025,-17.4071102142334
Brooklyn Nets_2025,6,carrica01_2025,-17.423181533813477
Brooklyn Nets_2025,7,sensabr01_2025,-17.423267364501953
Brooklyn Nets_2025,8,sharpsh01_2025,-17.447566986083984
Brooklyn Nets_2025,9,dilliro01_2025,-17.449382781982422
Brooklyn Nets_2025,10,whitmca01_2025,-17.45263671875
Charlotte Bobcats_2005,1,childjo01_2005,-14.000576972961426
Charlotte Bobcats_2005,2,smithjo03_2005,-14.11882209777832
Charlotte Bobcats_2005,3,boshch01_2005,-14.128898620605469
Charlotte Bobcats_2005,4,pachuza01_2005,-14.131719589233398
Charlotte Bobcats_2005,5,krstine01_2005,-14.137971878051758
Charlotte Bobcats_2005,6,outlatr01_2005,-14.145047187805176
Charlotte Bobcats_2005,7,jeffeal01_2005,-14.152257919311523
Charlotte Bobcats_2005,8,lampema01_2005,-14.161689758300781
Charlotte Bobcats_2005,9,harrial01_2005,-14.165078163146973
Charlotte Bobcats_2005,10,smithjr01_2005,-14.172127723693848
Charlotte Bobcats_2006,1,denglu01_2006,-15.080859184265137
Charlotte Bobcats_2006,2,smithjo03_2006,-15.083558082580566
Charlotte Bobcats_2006,3,villach01_2006,-15.09397029876709
Charlotte Bobcats_2006,4,howardw01_2006,-15.096138000488281
Charlotte Bobcats_2006,5,willima02_2006,-15.102090835571289
Charlotte Bobcats_2006,6,jeffeal01_2006,-15.109899520874023
Charlotte Bobcats_2006,7,pachuza01_2006,-15.116029739379883
Charlotte Bobcats_2006,8,outlatr01_2006,-15.12325382232666
Charlotte Bobcats_2006,9,butleja01_2006,-15.129814147949219
Charlotte Bobcats_2006,10,murphtr01_2006,-15.130546569824219
Charlotte Bobcats_2007,1,brewero02_2007,-14.782118797302246
Charlotte Bobcats_2007,2,childjo01_2007,-14.813146591186523
Charlotte Bobcats_2007,3,adamsha01_2007,-14.842279434204102
Charlotte Bobcats_2007,4,smithjo03_2007,-14.86534309387207
Charlotte Bobcats_2007,5,willima02_2007,-14.872471809387207
Charlotte Bobcats_2007,6,aldrila01_2007,-14.886739730834961
Charlotte Bobcats_2007,7,humphkr01_2007,-14.892097473144531
Charlotte Bobcats_2007,8,jeffeal01_2007,-14.92210865020752
Charlotte Bobcats_2007,9,curryed01_2007,-14.927412986755371
Charlotte Bobcats_2007,10,pachuza01_2007,-14.927738189697266
Charlotte Bobcats_2008,1,gayru01_2008,-14.447831153869629
Charlotte Bobcats_2008,2,willilo02_2008,-14.511161804199219
Charlotte Bobcats_2008,3,farmajo01_2008,-14.521925926208496
Charlotte Bobcats_2008,4,duranke01_2008,-14.615667343139648
Charlotte Bobcats_2008,5,greenje02_2008,-14.66952896118164
Charlotte Bobcats_2008,6,jianlyi01_2008,-14.675978660583496
Charlotte Bobcats_2008,7,breweco01_2008,-14.682425498962402
Charlotte Bobcats_2008,8,webstma02_2008,-14.69180965423584
Charlotte Bobcats_2008,9,chandwi01_2008,-14.698753356933594
Charlotte Bobcats_2008,10,willish03_2008,-14.702493667602539
Charlotte Bobcats_2009,1,bryanko01_2009,-14.191475868225098
Charlotte Bobcats_2009,2,wadedw01_2009,-14.19459342956543
Charlotte Bobcats_2009,3,ginobma01_2009,-14.20930004119873
Charlotte Bobcats_2009,4,piercpa01_2009,-14.2144136428833
Charlotte Bobcats_2009,5,nowitdi01_2009,-14.228580474853516
Charlotte Bobcats_2009,6,parketo01_2009,-14.230563163757324
Charlotte Bobcats_2009,7,iversal01_2009,-14.242449760437012
Charlotte Bobcats_2009,8,gasolpa01_2009,-14.255921363830566
Charlotte Bobcats_2009,9,mingya01_2009,-14.259380340576172
Charlotte Bobcats_2009,10,nelsoja01_2009,-14.259721755981445
Charlotte Bobcats_2010,1,bryanko01_2010,-13.208051681518555
Charlotte Bobcats_2010,2,ginobma01_2010,-13.216411590576172
Charlotte Bobcats_2010,3,iversal01_2010,-13.240222930908203
Charlotte Bobcats_2010,4,piercpa01_2010,-13.316561698913574
Charlotte Bobcats_2010,5,nashst01_2010,-13.325410842895508
Charlotte Bobcats_2010,6,billuch01_2010,-13.329996109008789
Charlotte Bobcats_2010,7,nowitdi01_2010,-13.3491849899292
Charlotte Bobcats_2010,8,duncati01_2010,-13.363666534423828
Charlotte Bobcats_2010,9,wadedw01_2010,-13.378849029541016
Charlotte Bobcats_2010,10,grangda01_2010,-13.504839897155762
Charlotte Bobcats_2011,1,walljo01_2011,-14.097899436950684
Charlotte Bobcats_2011,2,jennibr01_2011,-14.11052417755127
Charlotte Bobcats_2011,3,derozde01_2011,-14.184178352355957
Charlotte Bobcats_2011,4,evansty01_2011,-14.20009994506836
Charlotte Bobcats_2011,5,hardeja01_2011,-14.229500770568848
Charlotte Bobcats_2011,6,griffbl01_2011,-14.266036987304688
Charlotte Bobcats_2011,7,haywago01_2011,-14.29311466217041
Charlotte Bobcats_2011,8,anderja01_2011,-14.296497344970703
Charlotte Bobcats_2011,9,aminual01_2011,-14.304572105407715
Charlotte Bobcats_2011,10,wrighdo01_2011,-14.312516212463379
Charlotte Bobcats_2012,1,haywago01_2012,-14.392241477966309
Charlotte Bobcats_2012,2,walljo01_2012,-14.428813934326172
Charlotte Bobcats_2012,3,thompkl01_2012,-14.574189186096191
Charlotte Bobcats_2012,4,willide02_2012,-14.605681419372559
Charlotte Bobcats_2012,5,burksal01_2012,-14.607468605041504
Charlotte Bobcats_2012,6,harrito02_2012,-14.63024616241455
Charlotte Bobcats_2012,7,knighbr03_2012,-14.644996643066406
Charlotte Bobcats_2012,8,macksh01_2012,-14.646058082580566
Charlotte Bobcats_2012,9,hamiljo02_2012,-14.658295631408691
Charlotte Bobcats_2012,10,jacksre01_2012,-14.658876419067383
Charlotte Bobcats_2013,1,knighbr03_2013,-13.216514587402344
Charlotte Bobcats_2013,2,henryxa01_2013,-13.3600435256958
Charlotte Bobcats_2013,3,waitedi01_2013,-13.36571979522705
Charlotte Bobcats_2013,4,bealbr01_2013,-13.386655807495117
Charlotte Bobcats_2013,5,jonespe01_2013,-13.39642333984375
Charlotte Bobcats_2013,6,marshke01_2013,-13.413314819335938
Charlotte Bobcats_2013,7,harrito02_2013,-13.414922714233398
Charlotte Bobcats_2013,8,barneha02_2013,-13.415193557739258
Charlotte Bobcats_2013,9,teaguma01_2013,-13.415209770202637
Charlotte Bobcats_2013,10,lambje01_2013,-13.44714069366455
Charlotte Bobcats_2014,1,wadedw01_2014,-13.826672554016113
Charlotte Bobcats_2014,2,ginobma01_2014,-13.85239315032959
Charlotte Bobcats_2014,3,dragigo01_2014,-13.898848533630371
Charlotte Bobcats_2014,4,nowitdi01_2014,-13.925537109375
Charlotte Bobcats_2014,5,lowryky01_2014,-13.949356079101562
Charlotte Bobcats_2014,6,paulch01_2014,-13.953742027282715
Charlotte Bobcats_2014,7,conlemi01_2014,-13.961079597473145
Charlotte Bobcats_2014,8,anthoca01_2014,-13.970548629760742
Charlotte Bobcats_2014,9,jamesle01_2014,-13.980335235595703
Charlotte Bobcats_2014,10,hardeja01_2014,-13.99515151977539
Charlotte Hornets_1999,1,malonka01_1999,-16.732622146606445
Charlotte Hornets_1999,2,barklch01_1999,-16.749958038330078
Charlotte Hornets_1999,3,olajuha01_1999,-16.77398681640625
Charlotte Hornets_1999,4,mullich01_1999,-16.81327247619629
Charlotte Hornets_1999,5,schrede01_1999,-16.814985275268555
Charlotte Hornets_1999,6,hornaje01_1999,-16.83370018005371
Charlotte Hornets_1999,7,robinda01_1999,-16.86417007446289
Charlotte Hornets_1999,8,sabonar01_1999,-16.8752498626709
Charlotte Hornets_1999,9,portete01_1999,-16.88197135925293
Charlotte Hornets_1999,10,hillgr01_1999,-16.886154174804688
Charlotte Hornets_2000,1,malonka01_2000,-14.942256927490234
Charlotte Hornets_2000,2,sabonar01_2000,-15.01668930053711
Charlotte Hornets_2000,3,hornaje01_2000,-15.0335111618042
Charlotte Hornets_2000,4,paytoga01_2000,-15.043864250183105
Charlotte Hornets_2000,5,pippesc01_2000,-15.049446105957031
Charlotte Hornets_2000,6,hillgr01_2000,-15.049638748168945
Charlotte Hornets_2000,7,robinda01_2000,-15.05195426940918
Charlotte Hornets_2000,8,cebalce01_2000,-15.053215980529785
Charlotte Hornets_2000,9,robincl02_2000,-15.053251266479492
Charlotte Hornets_2000,10,ricegl01_2000,-15.066442489624023
Charlotte Hornets_2001,1,malonka01_2001,-16.729198455810547
Charlotte Hornets_2001,2,robinda01_2001,-16.776653289794922
Charlotte Hornets_2001,3,millere01_2001,-16.82418441772461
Charlotte Hornets_2001,4,richmmi01_2001,-16.853864669799805
Charlotte Hornets_2001,5,stockjo01_2001,-16.88576316833496
Charlotte Hornets_2001,6,sprewla01_2001,-16.88910675048828
Charlotte Hornets_2001,7,marshdo01_2001,-16.901432037353516
Charlotte Hornets_2001,8,cebalce01_2001,-16.902997970581055
Charlotte Hornets_2001,9,robincl02_2001,-16.916105270385742
Charlotte Hornets_2001,10,webbech01_2001,-16.92866325378418
Charlotte Hornets_2002,1,iversal01_2002,-16.803585052490234
Charlotte Hornets_2002,2,mcgratr01_2002,-16.81736946105957
Charlotte Hornets_2002,3,piercpa01_2002,-16.817445755004883
Charlotte Hornets_2002,4,bryanko01_2002,-16.81804847717285
Charlotte Hornets_2002,5,kittlke01_2002,-16.83642578125
Charlotte Hornets_2002,6,stackje01_2002,-16.841392517089844
Charlotte Hornets_2002,7,murrala01_2002,-16.844629287719727
Charlotte Hornets_2002,8,finlemi01_2002,-16.84562873840332
Charlotte Hornets_2002,9,vanhoke01_2002,-16.847627639770508
Charlotte Hornets_2002,10,moblecu01_2002,-16.848012924194336
Charlotte Hornets_2015,1,wadedw01_2015,-13.803637504577637
Charlotte Hornets_2015,2,jamesle01_2015,-13.857126235961914
Charlotte Hornets_2015,3,anthoca01_2015,-13.881637573242188
Charlotte Hornets_2015,4,gasolma01_2015,-13.915252685546875
Charlotte Hornets_2015,5,curryst01_2015,-13.934734344482422
Charlotte Hornets_2015,6,westbru01_2015,-13.946817398071289
Charlotte Hornets_2015,7,paulch01_2015,-13.947545051574707
Charlotte Hornets_2015,8,hillge01_2015,-13.949797630310059
Charlotte Hornets_2015,9,gayru01_2015,-13.953457832336426
Charlotte Hornets_2015,10,duranke01_2015,-13.955282211303711
Charlotte Hornets_2016,1,westbru01_2016,-14.06051254272461
Charlotte Hornets_2016,2,lowryky01_2016,-14.062097549438477
Charlotte Hornets_2016,3,thomais02_2016,-14.062474250793457
Charlotte Hornets_2016,4,curryst01_2016,-14.07217788696289
Charlotte Hornets_2016,5,duranke01_2016,-14.07755184173584
Charlotte Hornets_2016,6,griffbl01_2016,-14.098068237304688
Charlotte Hornets_2016,7,butleji01_2016,-14.129385948181152
Charlotte Hornets_2016,8,hardeja01_2016,-14.137908935546875
Charlotte Hornets_2016,9,derozde01_2016,-14.13819694519043
Charlotte Hornets_2016,10,anthoca01_2016,-14.141436576843262
Charlotte Hornets_2017,1,butleji01_2017,-16.5379695892334
Charlotte Hornets_2017,2,georgpa01_2017,-16.539892196655273
Charlotte Hornets_2017,3,haywago01_2017,-16.544593811035156
Charlotte Hornets_2017,4,westbru01_2017,-16.552196502685547
Charlotte Hornets_2017,5,conlemi01_2017,-16.557025909423828
Charlotte Hornets_2017,6,curryst01_2017,-16.557405471801758
Charlotte Hornets_2017,7,bledser01_2017,-16.557952880859375
Charlotte Hornets_2017,8,walljo01_2017,-16.558059692382812
Charlotte Hornets_2017,9,lillada01_2017,-16.558116912841797
Charlotte Hornets_2017,10,thomais02_2017,-16.55905532836914
Charlotte Hornets_2018,1,duranke01_2018,-17.950820922851562
Charlotte Hornets_2018,2,georgpa01_2018,-17.959030151367188
Charlotte Hornets_2018,3,westbru01_2018,-17.96199607849121
Charlotte Hornets_2018,4,middlkh01_2018,-17.962461471557617
Charlotte Hornets_2018,5,lillada01_2018,-17.969820022583008
Charlotte Hornets_2018,6,curryst01_2018,-17.971458435058594
Charlotte Hornets_2018,7,evansty01_2018,-17.97715187072754
Charlotte Hornets_2018,8,walljo01_2018,-17.97931671142578
Charlotte Hornets_2018,9,smithis01_2018,-17.984416961669922
Charlotte Hornets_2018,10,jacksre01_2018,-17.984970092773438
Charlotte Hornets_2019,1,doncilu01_2019,-19.64020538330078
Charlotte Hornets_2019,2,bealbr01_2019,-19.69894790649414
Charlotte Hornets_2019,3,willilo02_2019,-19.740148544311523
Charlotte Hornets_2019,4,tatumja01_2019,-19.744672775268555
Charlotte Hornets_2019,5,ingrabr01_2019,-19.751304626464844
Charlotte Hornets_2019,6,mitchdo01_2019,-19.76704216003418
Charlotte Hornets_2019,7,richajo01_2019,-19.76726722717285
Charlotte Hornets_2019,8,lavinza01_2019,-19.768070220947266
Charlotte Hornets_2019,9,antetgi01_2019,-19.779754638671875
Charlotte Hornets_2019,10,trieral01_2019,-19.784143447875977
Charlotte Hornets_2020,1,ntilila01_2020,-16.372379302978516
Charlotte Hornets_2020,2,whiteco01_2020,-16.378084182739258
Charlotte Hornets_2020,3,moranja01_2020,-16.382253646850586
Charlotte Hornets_2020,4,jacksfr01_2020,-16.38325309753418
Charlotte Hornets_2020,5,sextoco01_2020,-16.392847061157227
Charlotte Hornets_2020,6,porteke02_2020,-16.466510772705078
Charlotte Hornets_2020,7,reddica01_2020,-16.475460052490234
Charlotte Hornets_2020,8,knoxke01_2020,-16.4898624420166
Charlotte Hornets_2020,9,musadz01_2020,-16.489953994750977
Charlotte Hornets_2020,10,dortlu01_2020,-16.491283416748047
Charlotte Hornets_2021,1,edwaran01_2021,-18.311656951904297
Charlotte Hornets_2021,2,barrerj01_2021,-18.314062118530273
Charlotte Hornets_2021,3,moranja01_2021,-18.31807518005371
Charlotte Hornets_2021,4,whiteco01_2021,-18.3203125
Charlotte Hornets_2021,5,herroty01_2021,-18.322603225708008
Charlotte Hornets_2021,6,garlada01_2021,-18.331790924072266
Charlotte Hornets_2021,7,porteke02_2021,-18.332292556762695
Charlotte Hornets_2021,8,poolejo01_2021,-18.33265495300293
Charlotte Hornets_2021,9,anthoco01_2021,-18.333940505981445
Charlotte Hornets_2021,10,halibty01_2021,-18.33397674560547
Charlotte Hornets_2022,1,greenja05_2022,-19.67715835571289
Charlotte Hornets_2022,2,edwaran01_2022,-19.67939567565918
Charlotte Hornets_2022,3,hylanbo01_2022,-19.682371139526367
Charlotte Hornets_2022,4,cunnica01_2022,-19.689865112304688
Charlotte Hornets_2022,5,mitchdo01_2022,-19.717763900756836
Charlotte Hornets_2022,6,bookede01_2022,-19.731021881103516
Charlotte Hornets_2022,7,barrerj01_2022,-19.73290252685547
Charlotte Hornets_2022,8,wagnefr01_2022,-19.74013900756836
Charlotte Hornets_2022,9,banede01_2022,-19.748790740966797
Charlotte Hornets_2022,10,monkma01_2022,-19.753618240356445
Charlotte Hornets_2023,1,greenja05_2023,-18.422496795654297
Charlotte Hornets_2023,2,banchpa01_2023,-18.423826217651367
Charlotte Hornets_2023,3,wagnefr01_2023,-18.424386978149414
Charlotte Hornets_2023,4,giddejo01_2023,-18.431440353393555
Charlotte Hornets_2023,5,mathube01_2023,-18.439128875732422
Charlotte Hornets_2023,6,iveyja01_2023,-18.440271377563477
Charlotte Hornets_2023,7,edwaran01_2023,-18.44153594970703
Charlotte Hornets_2023,8,barnesc01_2023,-18.443418502807617
Charlotte Hornets_2023,9,thomaca02_2023,-18.45816993713379
Charlotte Hornets_2023,10,bostobr01_2023,-18.464797973632812
Charlotte Hornets_2024,1,georgke01_2024,-17.37900733947754
Charlotte Hornets_2024,2,hendesc01_2024,-17.430294036865234
Charlotte Hornets_2024,3,jacksgg01_2024,-17.444490432739258
Charlotte Hornets_2024,4,banchpa01_2024,-17.448081970214844
Charlotte Hornets_2024,5,iveyja01_2024,-17.460098266601562
Charlotte Hornets_2024,6,mathube01_2024,-17.464305877685547
Charlotte Hornets_2024,7,whitmca01_2024,-17.467164993286133
Charlotte Hornets_2024,8,greenja05_2024,-17.484893798828125
Charlotte Hornets_2024,9,sharpsh01_2024,-17.48975372314453
Charlotte Hornets_2024,10,giddejo01_2024,-17.491474151611328
Charlotte Hornets_2025,1,georgke01_2025,-18.381906509399414
Charlotte Hornets_2025,2,castlst01_2025,-18.38701629638672
Charlotte Hornets_2025,3,hendesc01_2025,-18.39280891418457
Charlotte Hornets_2025,4,sarral01_2025,-18.44990348815918
Charlotte Hornets_2025,5,sharpsh01_2025,-18.451236724853516
Charlotte Hornets_2025,6,sensabr01_2025,-18.45805549621582
Charlotte Hornets_2025,7,mccaija01_2025,-18.479244232177734
Charlotte Hornets_2025,8,branhma01_2025,-18.48712158203125
Charlotte Hornets_2025,9,whitmca01_2025,-18.48945426940918
Charlotte Hornets_2025,10,colliis01_2025,-18.531496047973633
Chicago Bulls_1999,1,iversal01_1999,-16.582365036010742
Chicago Bulls_1999,2,stackje01_1999,-16.62099266052246
Chicago Bulls_1999,3,allenra02_1999,-16.62220001220703
Chicago Bulls_1999,4,garneke01_1999,-16.627079010009766
Chicago Bulls_1999,5,bryanko01_1999,-16.63118553161621
Chicago Bulls_1999,6,carrch01_1999,-16.631296157836914
Chicago Bulls_1999,7,anderde01_1999,-16.633277893066406
Chicago Bulls_1999,8,finlemi01_1999,-16.634761810302734
Chicago Bulls_1999,9,hillgr01_1999,-16.63675308227539
Chicago Bulls_1999,10,abdursh01_1999,-16.637636184692383
Chicago Bulls_2000,1,lopezfe01_2000,-15.802268981933594
Chicago Bulls_2000,2,baileto01_2000,-15.81615161895752
Chicago Bulls_2000,3,odomla01_2000,-15.82180118560791
Chicago Bulls_2000,4,lewisra02_2000,-15.839869499206543
Chicago Bulls_2000,5,maggeco01_2000,-15.846904754638672
Chicago Bulls_2000,6,patteru01_2000,-15.849557876586914
Chicago Bulls_2000,7,mariosh01_2000,-15.853947639465332
Chicago Bulls_2000,8,jamisan01_2000,-15.854135513305664
Chicago Bulls_2000,9,robined01_2000,-15.865477561950684
Chicago Bulls_2000,10,harrial01_2000,-15.867989540100098
Chicago Bulls_2001,1,dialde01_2001,-15.79334545135498
Chicago Bulls_2001,2,maggeco01_2001,-15.801399230957031
Chicago Bulls_2001,3,mihmch01_2001,-15.825175285339355
Chicago Bulls_2001,4,nesbyty01_2001,-15.826395034790039
Chicago Bulls_2001,5,tayloma01_2001,-15.832222938537598
Chicago Bulls_2001,6,patteru01_2001,-15.833333015441895
Chicago Bulls_2001,7,martike01_2001,-15.837471008300781
Chicago Bulls_2001,8,potapvi01_2001,-15.845993041992188
Chicago Bulls_2001,9,nailole01_2001,-15.84714126586914
Chicago Bulls_2001,10,dickemi01_2001,-15.847240447998047
Chicago Bulls_2002,1,gasolpa01_2002,-14.85692024230957
Chicago Bulls_2002,2,harrial01_2002,-14.886822700500488
Chicago Bulls_2002,3,jefferi01_2002,-14.89391803741455
Chicago Bulls_2002,4,wallage01_2002,-14.901382446289062
Chicago Bulls_2002,5,harvedo01_2002,-14.902467727661133
Chicago Bulls_2002,6,harprma01_2002,-14.903207778930664
Chicago Bulls_2002,7,richaja01_2002,-14.907936096191406
Chicago Bulls_2002,8,mohamna01_2002,-14.917110443115234
Chicago Bulls_2002,9,huntest01_2002,-14.917572975158691
Chicago Bulls_2002,10,swiftst01_2002,-14.918052673339844
Chicago Bulls_2003,1,simmobo01_2003,-15.40088939666748
Chicago Bulls_2003,2,stoudam01_2003,-15.412324905395508
Chicago Bulls_2003,3,boozeca01_2003,-15.425804138183594
Chicago Bulls_2003,4,griffed01_2003,-15.435230255126953
Chicago Bulls_2003,5,wallage01_2003,-15.437807083129883
Chicago Bulls_2003,6,brandel01_2003,-15.439882278442383
Chicago Bulls_2003,7,johnsjo02_2003,-15.441054344177246
Chicago Bulls_2003,8,jefferi01_2003,-15.444676399230957
Chicago Bulls_2003,9,brownkw01_2003,-15.44580078125
Chicago Bulls_2003,10,murphtr01_2003,-15.445953369140625
Chicago Bulls_2004,1,brownde02_2004,-15.991534233093262
Chicago Bulls_2004,2,simmobo01_2004,-16.0118350982666
Chicago Bulls_2004,3,howarjo01_2004,-16.01188850402832
Chicago Bulls_2004,4,brownkw01_2004,-16.021102905273438
Chicago Bulls_2004,5,randoza01_2004,-16.02440071105957
Chicago Bulls_2004,6,stoudam01_2004,-16.03245735168457
Chicago Bulls_2004,7,goodedr01_2004,-16.034582138061523
Chicago Bulls_2004,8,boshch01_2004,-16.03765296936035
Chicago Bulls_2004,9,bendejo01_2004,-16.039228439331055
Chicago Bulls_2004,10,harrial01_2004,-16.039976119995117
Chicago Bulls_2005,1,bryanko01_2005,-16.548128128051758
Chicago Bulls_2005,2,piercpa01_2005,-16.55176544189453
Chicago Bulls_2005,3,ginobma01_2005,-16.55936050415039
Chicago Bulls_2005,4,hughela01_2005,-16.565603256225586
Chicago Bulls_2005,5,garneke01_2005,-16.58853530883789
Chicago Bulls_2005,6,mariosh01_2005,-16.589916229248047
Chicago Bulls_2005,7,iversal01_2005,-16.5904483795166
Chicago Bulls_2005,8,duncati01_2005,-16.591333389282227
Chicago Bulls_2005,9,nowitdi01_2005,-16.59284210205078
Chicago Bulls_2005,10,millere01_2005,-16.597862243652344
Chicago Bulls_2006,1,smithjo03_2006,-16.694128036499023
Chicago Bulls_2006,2,murphtr01_2006,-16.71050262451172
Chicago Bulls_2006,3,harrial01_2006,-16.71152114868164
Chicago Bulls_2006,4,westda01_2006,-16.71763038635254
Chicago Bulls_2006,5,villach01_2006,-16.717845916748047
Chicago Bulls_2006,6,krstine01_2006,-16.718156814575195
Chicago Bulls_2006,7,wadedw01_2006,-16.718233108520508
Chicago Bulls_2006,8,woodsqy01_2006,-16.718992233276367
Chicago Bulls_2006,9,howardw01_2006,-16.719161987304688
Chicago Bulls_2006,10,johnsjo02_2006,-16.719423294067383
Chicago Bulls_2007,1,garneke01_2007,-15.540114402770996
Chicago Bulls_2007,2,cartevi01_2007,-15.548186302185059
Chicago Bulls_2007,3,iversal01_2007,-15.561171531677246
Chicago Bulls_2007,4,barrybr01_2007,-15.563997268676758
Chicago Bulls_2007,5,duncati01_2007,-15.594988822937012
Chicago Bulls_2007,6,onealsh01_2007,-15.60762882232666
Chicago Bulls_2007,7,cassesa01_2007,-15.6236572265625
Chicago Bulls_2007,8,mariosh01_2007,-15.638043403625488
Chicago Bulls_2007,9,stackje01_2007,-15.644797325134277
Chicago Bulls_2007,10,allenra02_2007,-15.675727844238281
Chicago Bulls_2008,1,gayru01_2008,-14.770456314086914
Chicago Bulls_2008,2,willilo02_2008,-14.824073791503906
Chicago Bulls_2008,3,farmajo01_2008,-14.834418296813965
Chicago Bulls_2008,4,duranke01_2008,-14.898018836975098
Chicago Bulls_2008,5,willima02_2008,-14.977747917175293
Chicago Bulls_2008,6,jianlyi01_2008,-14.98719310760498
Chicago Bulls_2008,7,webstma02_2008,-14.993562698364258
Chicago Bulls_2008,8,wallage01_2008,-14.997868537902832
Chicago Bulls_2008,9,chandwi01_2008,-15.004196166992188
Chicago Bulls_2008,10,willish03_2008,-15.006458282470703
Chicago Bulls_2009,1,turkohe01_2009,-14.801904678344727
Chicago Bulls_2009,2,duranke01_2009,-14.804591178894043
Chicago Bulls_2009,3,artesro01_2009,-14.816925048828125
Chicago Bulls_2009,4,wadedw01_2009,-14.820233345031738
Chicago Bulls_2009,5,parketo01_2009,-14.823055267333984
Chicago Bulls_2009,6,jefferi01_2009,-14.826153755187988
Chicago Bulls_2009,7,howarjo01_2009,-14.82728385925293
Chicago Bulls_2009,8,johnsjo02_2009,-14.827824592590332
Chicago Bulls_2009,9,wallage01_2009,-14.829760551452637
Chicago Bulls_2009,10,willima01_2009,-14.831652641296387
Chicago Bulls_2010,1,anderry01_2010,-14.788509368896484
Chicago Bulls_2010,2,curryst01_2010,-14.79964828491211
Chicago Bulls_2010,3,jennibr01_2010,-14.803689956665039
Chicago Bulls_2010,4,westbru01_2010,-14.811370849609375
Chicago Bulls_2010,5,flynnjo01_2010,-14.815428733825684
Chicago Bulls_2010,6,beaubro01_2010,-14.826874732971191
Chicago Bulls_2010,7,gordoer01_2010,-14.898829460144043
Chicago Bulls_2010,8,evansty01_2010,-14.901508331298828
Chicago Bulls_2010,9,bayleje01_2010,-14.93045425415039
Chicago Bulls_2010,10,gallida01_2010,-14.950977325439453
Chicago Bulls_2011,1,bryanko01_2011,-12.779134750366211
Chicago Bulls_2011,2,ginobma01_2011,-12.801146507263184
Chicago Bulls_2011,3,piercpa01_2011,-12.979998588562012
Chicago Bulls_2011,4,nowitdi01_2011,-13.036174774169922
Chicago Bulls_2011,5,wadedw01_2011,-13.104260444641113
Chicago Bulls_2011,6,martike02_2011,-13.15385913848877
Chicago Bulls_2011,7,jamesle01_2011,-13.29655647277832
Chicago Bulls_2011,8,mcgratr01_2011,-13.303878784179688
Chicago Bulls_2011,9,butlera01_2011,-13.343595504760742
Chicago Bulls_2011,10,fishede01_2011,-13.492256164550781
Chicago Bulls_2012,1,wadedw01_2012,-12.79308795928955
Chicago Bulls_2012,2,bryanko01_2012,-12.796114921569824
Chicago Bulls_2012,3,ginobma01_2012,-12.809226036071777
Chicago Bulls_2012,4,piercpa01_2012,-13.001762390136719
Chicago Bulls_2012,5,nowitdi01_2012,-13.041549682617188
Chicago Bulls_2012,6,jamesle01_2012,-13.308581352233887
Chicago Bulls_2012,7,paulch01_2012,-13.309493064880371
Chicago Bulls_2012,8,hinriki01_2012,-13.309831619262695
Chicago Bulls_2012,9,anthoca01_2012,-13.311320304870605
Chicago Bulls_2012,10,allento01_2012,-13.315108299255371
Chicago Bulls_2013,1,wadedw01_2013,-13.341404914855957
Chicago Bulls_2013,2,bryanko01_2013,-13.344037055969238
Chicago Bulls_2013,3,parketo01_2013,-13.4396333694458
Chicago Bulls_2013,4,piercpa01_2013,-13.449749946594238
Chicago Bulls_2013,5,willide01_2013,-13.564577102661133
Chicago Bulls_2013,6,paulch01_2013,-13.58126163482666
Chicago Bulls_2013,7,jamesle01_2013,-13.583589553833008
Chicago Bulls_2013,8,anthoca01_2013,-13.604177474975586
Chicago Bulls_2013,9,hardeja01_2013,-13.620063781738281
Chicago Bulls_2013,10,kiddja01_2013,-13.680685997009277
Chicago Bulls_2014,1,wadedw01_2014,-13.340888023376465
Chicago Bulls_2014,2,ginobma01_2014,-13.367534637451172
Chicago Bulls_2014,3,dragigo01_2014,-13.479080200195312
Chicago Bulls_2014,4,nowitdi01_2014,-13.480360984802246
Chicago Bulls_2014,5,lowryky01_2014,-13.557774543762207
Chicago Bulls_2014,6,paulch01_2014,-13.562285423278809
Chicago Bulls_2014,7,conlemi01_2014,-13.570012092590332
Chicago Bulls_2014,8,anthoca01_2014,-13.588146209716797
Chicago Bulls_2014,9,jamesle01_2014,-13.597577095031738
Chicago Bulls_2014,10,hardeja01_2014,-13.608783721923828
Chicago Bulls_2015,1,wadedw01_2015,-13.238592147827148
Chicago Bulls_2015,2,jamesle01_2015,-13.388724327087402
Chicago Bulls_2015,3,anthoca01_2015,-13.428060531616211
Chicago Bulls_2015,4,gasolma01_2015,-13.445531845092773
Chicago Bulls_2015,5,curryst01_2015,-13.646881103515625
Chicago Bulls_2015,6,westbru01_2015,-13.664900779724121
Chicago Bulls_2015,7,paulch01_2015,-13.667253494262695
Chicago Bulls_2015,8,hillge01_2015,-13.670461654663086
Chicago Bulls_2015,9,teaguje01_2015,-13.671499252319336
Chicago Bulls_2015,10,duranke01_2015,-13.687058448791504
Chicago Bulls_2016,1,westbru01_2016,-14.793353080749512
Chicago Bulls_2016,2,lowryky01_2016,-14.795366287231445
Chicago Bulls_2016,3,thomais02_2016,-14.796369552612305
Chicago Bulls_2016,4,curryst01_2016,-14.805046081542969
Chicago Bulls_2016,5,duranke01_2016,-14.8062162399292
Chicago Bulls_2016,6,griffbl01_2016,-14.828145027160645
Chicago Bulls_2016,7,anthoca01_2016,-14.868012428283691
Chicago Bulls_2016,8,derozde01_2016,-14.868578910827637
Chicago Bulls_2016,9,hardeja01_2016,-14.868866920471191
Chicago Bulls_2016,10,jamesle01_2016,-14.879249572753906
Chicago Bulls_2017,1,georgpa01_2017,-15.314872741699219
Chicago Bulls_2017,2,haywago01_2017,-15.319132804870605
Chicago Bulls_2017,3,westbru01_2017,-15.357199668884277
Chicago Bulls_2017,4,walljo01_2017,-15.358320236206055
Chicago Bulls_2017,5,curryst01_2017,-15.358328819274902
Chicago Bulls_2017,6,thomais02_2017,-15.359010696411133
Chicago Bulls_2017,7,walkeke02_2017,-15.359082221984863
Chicago Bulls_2017,8,conlemi01_2017,-15.3593168258667
Chicago Bulls_2017,9,griffbl01_2017,-15.360624313354492
Chicago Bulls_2017,10,lillada01_2017,-15.361178398132324
Chicago Bulls_2018,1,smithde03_2018,-15.383591651916504
Chicago Bulls_2018,2,murraja01_2018,-15.391610145568848
Chicago Bulls_2018,3,russeda01_2018,-15.402934074401855
Chicago Bulls_2018,4,colliza01_2018,-15.414413452148438
Chicago Bulls_2018,5,mudiaem01_2018,-15.425142288208008
Chicago Bulls_2018,6,foxde01_2018,-15.457436561584473
Chicago Bulls_2018,7,ntilila01_2018,-15.45959758758545
Chicago Bulls_2018,8,ingrabr01_2018,-15.474656105041504
Chicago Bulls_2018,9,simmoko01_2018,-15.4865083694458
Chicago Bulls_2018,10,evansja01_2018,-15.487821578979492
Chicago Bulls_2019,1,wagnemo01_2019,-17.435848236083984
Chicago Bulls_2019,2,sextoco01_2019,-17.436609268188477
Chicago Bulls_2019,3,youngtr01_2019,-17.43868637084961
Chicago Bulls_2019,4,foxde01_2019,-17.447769165039062
Chicago Bulls_2019,5,murraja01_2019,-17.457019805908203
Chicago Bulls_2019,6,okoboel01_2019,-17.537403106689453
Chicago Bulls_2019,7,ntilila01_2019,-17.544391632080078
Chicago Bulls_2019,8,ingrabr01_2019,-17.553688049316406
Chicago Bulls_2019,9,bongais01_2019,-17.5661678314209
Chicago Bulls_2019,10,tatumja01_2019,-17.567291259765625
Chicago Bulls_2020,1,moranja01_2020,-16.563730239868164
Chicago Bulls_2020,2,sextoco01_2020,-16.575897216796875
Chicago Bulls_2020,3,ntilila01_2020,-16.617013931274414
Chicago Bulls_2020,4,jacksfr01_2020,-16.627641677856445
Chicago Bulls_2020,5,porteke02_2020,-16.681230545043945
Chicago Bulls_2020,6,gilgesh01_2020,-16.68293571472168
Chicago Bulls_2020,7,reddica01_2020,-16.690946578979492
Chicago Bulls_2020,8,dortlu01_2020,-16.702472686767578
Chicago Bulls_2020,9,musadz01_2020,-16.703933715820312
Chicago Bulls_2020,10,knoxke01_2020,-16.705291748046875
Chicago Bulls_2021,1,gilgesh01_2021,-19.324827194213867
Chicago Bulls_2021,2,bealbr01_2021,-19.336280822753906
Chicago Bulls_2021,3,butleji01_2021,-19.355663299560547
Chicago Bulls_2021,4,willizi01_2021,-19.35811424255371
Chicago Bulls_2021,5,tatumja01_2021,-19.369462966918945
Chicago Bulls_2021,6,georgpa01_2021,-19.375774383544922
Chicago Bulls_2021,7,derozde01_2021,-19.376182556152344
Chicago Bulls_2021,8,leonaka01_2021,-19.39010238647461
Chicago Bulls_2021,9,duranke01_2021,-19.39283561706543
Chicago Bulls_2021,10,jokicni01_2021,-19.397640228271484
Chicago Bulls_2022,1,butleji01_2022,-19.838634490966797
Chicago Bulls_2022,2,duranke01_2022,-19.86907958984375
Chicago Bulls_2022,3,georgpa01_2022,-19.890071868896484
Chicago Bulls_2022,4,antetgi01_2022,-19.969266891479492
Chicago Bulls_2022,5,siakapa01_2022,-19.979122161865234
Chicago Bulls_2022,6,mitchdo01_2022,-19.983810424804688
Chicago Bulls_2022,7,paulch01_2022,-19.99043846130371
Chicago Bulls_2022,8,loveke01_2022,-19.991390228271484
Chicago Bulls_2022,9,jamesle01_2022,-19.993701934814453
Chicago Bulls_2022,10,curryst01_2022,-20.005863189697266
Chicago Bulls_2023,1,leonaka01_2023,-19.589706420898438
Chicago Bulls_2023,2,georgpa01_2023,-19.59329605102539
Chicago Bulls_2023,3,bookede01_2023,-19.593616485595703
Chicago Bulls_2023,4,mitchdo01_2023,-19.595430374145508
Chicago Bulls_2023,5,butleji01_2023,-19.632579803466797
Chicago Bulls_2023,6,duranke01_2023,-19.640596389770508
Chicago Bulls_2023,7,jamesle01_2023,-19.6475887298584
Chicago Bulls_2023,8,randlju01_2023,-19.669981002807617
Chicago Bulls_2023,9,siakapa01_2023,-19.676807403564453
Chicago Bulls_2023,10,antetgi01_2023,-19.69117546081543
Chicago Bulls_2024,1,irvinky01_2024,-18.39711570739746
Chicago Bulls_2024,2,leonaka01_2024,-18.403505325317383
Chicago Bulls_2024,3,mitchdo01_2024,-18.414352416992188
Chicago Bulls_2024,4,georgpa01_2024,-18.432287216186523
Chicago Bulls_2024,5,antetgi01_2024,-18.436796188354492
Chicago Bulls_2024,6,edwaran01_2024,-18.444936752319336
Chicago Bulls_2024,7,butleji01_2024,-18.447681427001953
Chicago Bulls_2024,8,markkla01_2024,-18.458654403686523
Chicago Bulls_2024,9,randlju01_2024,-18.459001541137695
Chicago Bulls_2024,10,jamesle01_2024,-18.469030380249023
Chicago Bulls_2025,1,antetgi01_2025,-19.922344207763672
Chicago Bulls_2025,2,mitchdo01_2025,-19.92337417602539
Chicago Bulls_2025,3,butleji01_2025,-19.923864364624023
Chicago Bulls_2025,4,jeromty01_2025,-19.93029022216797
Chicago Bulls_2025,5,duranke01_2025,-19.948759078979492
Chicago Bulls_2025,6,tatumja01_2025,-20.02873992919922
Chicago Bulls_2025,7,edwaran01_2025,-20.02952766418457
Chicago Bulls_2025,8,herroty01_2025,-20.035951614379883
Chicago Bulls_2025,9,willija06_2025,-20.04153823852539
Chicago Bulls_2025,10,lillada01_2025,-20.05072784423828
Cleveland Cavaliers_1999,1,malonka01_1999,-16.736448287963867
Cleveland Cavaliers_1999,2,barklch01_1999,-16.753747940063477
Cleveland Cavaliers_1999,3,olajuha01_1999,-16.777420043945312
Cleveland Cavaliers_1999,4,mullich01_1999,-16.815807342529297
Cleveland Cavaliers_1999,5,schrede01_1999,-16.81743621826172
Cleveland Cavaliers_1999,6,hornaje01_1999,-16.83517074584961
Cleveland Cavaliers_1999,7,robinda01_1999,-16.865251541137695
Cleveland Cavaliers_1999,8,sabonar01_1999,-16.876323699951172
Cleveland Cavaliers_1999,9,portete01_1999,-16.883331298828125
Cleveland Cavaliers_1999,10,hillgr01_1999,-16.883737564086914
Cleveland Cavaliers_2000,1,stackje01_2000,-15.309371948242188
Cleveland Cavaliers_2000,2,anderde01_2000,-15.313130378723145
Cleveland Cavaliers_2000,3,dickemi01_2000,-15.32060718536377
Cleveland Cavaliers_2000,4,abdursh01_2000,-15.323262214660645
Cleveland Cavaliers_2000,5,bryanko01_2000,-15.327720642089844
Cleveland Cavaliers_2000,6,iversal01_2000,-15.330862998962402
Cleveland Cavaliers_2000,7,cartevi01_2000,-15.3309326171875
Cleveland Cavaliers_2000,8,moblecu01_2000,-15.331001281738281
Cleveland Cavaliers_2000,9,allenra02_2000,-15.341062545776367
Cleveland Cavaliers_2000,10,mcgratr01_2000,-15.348194122314453
Cleveland Cavaliers_2001,1,dialde01_2001,-15.087657928466797
Cleveland Cavaliers_2001,2,brandel01_2001,-15.09179973602295
Cleveland Cavaliers_2001,3,maggeco01_2001,-15.099449157714844
Cleveland Cavaliers_2001,4,nesbyty01_2001,-15.141117095947266
Cleveland Cavaliers_2001,5,martike01_2001,-15.1454496383667
Cleveland Cavaliers_2001,6,richaqu01_2001,-15.145672798156738
Cleveland Cavaliers_2001,7,potapvi01_2001,-15.146903038024902
Cleveland Cavaliers_2001,8,millebr01_2001,-15.148937225341797
Cleveland Cavaliers_2001,9,fizerma01_2001,-15.150528907775879
Cleveland Cavaliers_2001,10,patteru01_2001,-15.152976989746094
Cleveland Cavaliers_2002,1,mcgratr01_2002,-14.770282745361328
Cleveland Cavaliers_2002,2,piercpa01_2002,-14.771729469299316
Cleveland Cavaliers_2002,3,bryanko01_2002,-14.772860527038574
Cleveland Cavaliers_2002,4,cartevi01_2002,-14.784913063049316
Cleveland Cavaliers_2002,5,hamilri01_2002,-14.791804313659668
Cleveland Cavaliers_2002,6,terryja01_2002,-14.79576587677002
Cleveland Cavaliers_2002,7,reddmi01_2002,-14.803730964660645
Cleveland Cavaliers_2002,8,szczewa02_2002,-14.810001373291016
Cleveland Cavaliers_2002,9,wellsbo01_2002,-14.815508842468262
Cleveland Cavaliers_2002,10,brandel01_2002,-14.817466735839844
Cleveland Cavaliers_2003,1,simmobo01_2003,-13.75558853149414
Cleveland Cavaliers_2003,2,stoudam01_2003,-13.765121459960938
Cleveland Cavaliers_2003,3,curryed01_2003,-13.777190208435059
Cleveland Cavaliers_2003,4,griffed01_2003,-13.787853240966797
Cleveland Cavaliers_2003,5,wallage01_2003,-13.788651466369629
Cleveland Cavaliers_2003,6,brandel01_2003,-13.793792724609375
Cleveland Cavaliers_2003,7,jefferi01_2003,-13.796319007873535
Cleveland Cavaliers_2003,8,randoza01_2003,-13.799690246582031
Cleveland Cavaliers_2003,9,murphtr01_2003,-13.799724578857422
Cleveland Cavaliers_2003,10,brownkw01_2003,-13.800061225891113
Cleveland Cavaliers_2004,1,mcgratr01_2004,-16.85248374938965
Cleveland Cavaliers_2004,2,bryanko01_2004,-16.861867904663086
Cleveland Cavaliers_2004,3,reddmi01_2004,-16.886247634887695
Cleveland Cavaliers_2004,4,brandel01_2004,-16.886394500732422
Cleveland Cavaliers_2004,5,piercpa01_2004,-16.887666702270508
Cleveland Cavaliers_2004,6,cartevi01_2004,-16.889408111572266
Cleveland Cavaliers_2004,7,iversal01_2004,-16.8931941986084
Cleveland Cavaliers_2004,8,poseyja01_2004,-16.894136428833008
Cleveland Cavaliers_2004,9,ginobma01_2004,-16.896438598632812
Cleveland Cavaliers_2004,10,onealje01_2004,-16.89767837524414
Cleveland Cavaliers_2005,1,bryanko01_2005,-15.526354789733887
Cleveland Cavaliers_2005,2,ginobma01_2005,-15.538454055786133
Cleveland Cavaliers_2005,3,hughela01_2005,-15.542131423950195
Cleveland Cavaliers_2005,4,piercpa01_2005,-15.546880722045898
Cleveland Cavaliers_2005,5,iversal01_2005,-15.567422866821289
Cleveland Cavaliers_2005,6,wadedw01_2005,-15.570913314819336
Cleveland Cavaliers_2005,7,maggeco01_2005,-15.572099685668945
Cleveland Cavaliers_2005,8,hamilri01_2005,-15.574923515319824
Cleveland Cavaliers_2005,9,garneke01_2005,-15.578985214233398
Cleveland Cavaliers_2005,10,mariosh01_2005,-15.57919692993164
Cleveland Cavaliers_2006,1,piercpa01_2006,-14.998188972473145
Cleveland Cavaliers_2006,2,bryanko01_2006,-14.99838638305664
Cleveland Cavaliers_2006,3,mcgratr01_2006,-15.007575035095215
Cleveland Cavaliers_2006,4,ginobma01_2006,-15.008035659790039
Cleveland Cavaliers_2006,5,cartevi01_2006,-15.010592460632324
Cleveland Cavaliers_2006,6,brandel01_2006,-15.013089179992676
Cleveland Cavaliers_2006,7,garneke01_2006,-15.015814781188965
Cleveland Cavaliers_2006,8,duncati01_2006,-15.019906044006348
Cleveland Cavaliers_2006,9,nowitdi01_2006,-15.025190353393555
Cleveland Cavaliers_2006,10,mariosh01_2006,-15.027145385742188
Cleveland Cavaliers_2007,1,garneke01_2007,-15.84792423248291
Cleveland Cavaliers_2007,2,barrybr01_2007,-15.862190246582031
Cleveland Cavaliers_2007,3,cartevi01_2007,-15.869436264038086
Cleveland Cavaliers_2007,4,iversal01_2007,-15.880257606506348
Cleveland Cavaliers_2007,5,duncati01_2007,-15.901325225830078
Cleveland Cavaliers_2007,6,onealsh01_2007,-15.918912887573242
Cleveland Cavaliers_2007,7,cassesa01_2007,-15.927936553955078
Cleveland Cavaliers_2007,8,stackje01_2007,-15.971721649169922
Cleveland Cavaliers_2007,9,jamisan01_2007,-16.01880645751953
Cleveland Cavaliers_2007,10,mariosh01_2007,-16.030086517333984
Cleveland Cavaliers_2008,1,iversal01_2008,-14.177952766418457
Cleveland Cavaliers_2008,2,ginobma01_2008,-14.186999320983887
Cleveland Cavaliers_2008,3,bryanko01_2008,-14.188895225524902
Cleveland Cavaliers_2008,4,mcgratr01_2008,-14.189767837524414
Cleveland Cavaliers_2008,5,wadedw01_2008,-14.204042434692383
Cleveland Cavaliers_2008,6,piercpa01_2008,-14.204594612121582
Cleveland Cavaliers_2008,7,nashst01_2008,-14.216012954711914
Cleveland Cavaliers_2008,8,butleca01_2008,-14.216046333312988
Cleveland Cavaliers_2008,9,davisba01_2008,-14.217229843139648
Cleveland Cavaliers_2008,10,maggeco01_2008,-14.22358512878418
Cleveland Cavaliers_2009,1,bryanko01_2009,-11.385997772216797
Cleveland Cavaliers_2009,2,ginobma01_2009,-11.404047012329102
Cleveland Cavaliers_2009,3,piercpa01_2009,-11.591642379760742
Cleveland Cavaliers_2009,4,iversal01_2009,-11.613544464111328
Cleveland Cavaliers_2009,5,nowitdi01_2009,-11.646458625793457
Cleveland Cavaliers_2009,6,wadedw01_2009,-11.773689270019531
Cleveland Cavaliers_2009,7,battish01_2009,-11.95311450958252
Cleveland Cavaliers_2009,8,parkean01_2009,-11.954937934875488
Cleveland Cavaliers_2009,9,parketo01_2009,-11.9649076461792
Cleveland Cavaliers_2009,10,barrybr01_2009,-11.983549118041992
Cleveland Cavaliers_2010,1,bryanko01_2010,-12.152984619140625
Cleveland Cavaliers_2010,2,ginobma01_2010,-12.165977478027344
Cleveland Cavaliers_2010,3,iversal01_2010,-12.196250915527344
Cleveland Cavaliers_2010,4,piercpa01_2010,-12.334550857543945
Cleveland Cavaliers_2010,5,nashst01_2010,-12.335565567016602
Cleveland Cavaliers_2010,6,billuch01_2010,-12.343912124633789
Cleveland Cavaliers_2010,7,nowitdi01_2010,-12.379511833190918
Cleveland Cavaliers_2010,8,duncati01_2010,-12.379754066467285
Cleveland Cavaliers_2010,9,wadedw01_2010,-12.4644136428833
Cleveland Cavaliers_2010,10,battish01_2010,-12.652280807495117
Cleveland Cavaliers_2011,1,walljo01_2011,-13.239675521850586
Cleveland Cavaliers_2011,2,jennibr01_2011,-13.261540412902832
Cleveland Cavaliers_2011,3,aminual01_2011,-13.379171371459961
Cleveland Cavaliers_2011,4,derozde01_2011,-13.380392074584961
Cleveland Cavaliers_2011,5,evansty01_2011,-13.394678115844727
Cleveland Cavaliers_2011,6,flynnjo01_2011,-13.427748680114746
Cleveland Cavaliers_2011,7,babbilu01_2011,-13.432082176208496
Cleveland Cavaliers_2011,8,hardeja01_2011,-13.434720993041992
Cleveland Cavaliers_2011,9,bradlav01_2011,-13.454134941101074
Cleveland Cavaliers_2011,10,haywago01_2011,-13.458148956298828
Cleveland Cavaliers_2012,1,haywago01_2012,-14.418087005615234
Cleveland Cavaliers_2012,2,walkeke02_2012,-14.439560890197754
Cleveland Cavaliers_2012,3,walljo01_2012,-14.454402923583984
Cleveland Cavaliers_2012,4,thompkl01_2012,-14.595769882202148
Cleveland Cavaliers_2012,5,burksal01_2012,-14.628955841064453
Cleveland Cavaliers_2012,6,willide02_2012,-14.630714416503906
Cleveland Cavaliers_2012,7,harrito02_2012,-14.654300689697266
Cleveland Cavaliers_2012,8,knighbr03_2012,-14.668700218200684
Cleveland Cavaliers_2012,9,macksh01_2012,-14.675806999206543
Cleveland Cavaliers_2012,10,hamiljo02_2012,-14.682354927062988
Cleveland Cavaliers_2013,1,knighbr03_2013,-14.45287036895752
Cleveland Cavaliers_2013,2,bealbr01_2013,-14.601672172546387
Cleveland Cavaliers_2013,3,henryxa01_2013,-14.62397289276123
Cleveland Cavaliers_2013,4,kiddgmi01_2013,-14.630279541015625
Cleveland Cavaliers_2013,5,barneha02_2013,-14.644485473632812
Cleveland Cavaliers_2013,6,harrito02_2013,-14.648584365844727
Cleveland Cavaliers_2013,7,jonespe01_2013,-14.65826416015625
Cleveland Cavaliers_2013,8,marshke01_2013,-14.674898147583008
Cleveland Cavaliers_2013,9,teaguma01_2013,-14.675464630126953
Cleveland Cavaliers_2013,10,lambje01_2013,-14.675783157348633
Cleveland Cavaliers_2014,1,burketr01_2014,-14.45274829864502
Cleveland Cavaliers_2014,2,wroteto01_2014,-14.45875072479248
Cleveland Cavaliers_2014,3,bealbr01_2014,-14.611865997314453
Cleveland Cavaliers_2014,4,antetgi01_2014,-14.621480941772461
Cleveland Cavaliers_2014,5,millequ01_2014,-14.641261100769043
Cleveland Cavaliers_2014,6,barneha02_2014,-14.666548728942871
Cleveland Cavaliers_2014,7,porteot01_2014,-14.676162719726562
Cleveland Cavaliers_2014,8,riverau01_2014,-14.683609962463379
Cleveland Cavaliers_2014,9,larkish01_2014,-14.685558319091797
Cleveland Cavaliers_2014,10,harrito02_2014,-14.699172973632812
Cleveland Cavaliers_2015,1,wadedw01_2015,-14.186888694763184
Cleveland Cavaliers_2015,2,anthoca01_2015,-14.29031753540039
Cleveland Cavaliers_2015,3,gasolma01_2015,-14.320841789245605
Cleveland Cavaliers_2015,4,curryst01_2015,-14.378643989562988
Cleveland Cavaliers_2015,5,westbru01_2015,-14.392205238342285
Cleveland Cavaliers_2015,6,paulch01_2015,-14.393199920654297
Cleveland Cavaliers_2015,7,hillge01_2015,-14.395843505859375
Cleveland Cavaliers_2015,8,teaguje01_2015,-14.401189804077148
Cleveland Cavaliers_2015,9,duranke01_2015,-14.402995109558105
Cleveland Cavaliers_2015,10,gayru01_2015,-14.404407501220703
Cleveland Cavaliers_2016,1,duranke01_2016,-12.919687271118164
Cleveland Cavaliers_2016,2,anthoca01_2016,-12.93564224243164
Cleveland Cavaliers_2016,3,butleji01_2016,-12.953187942504883
Cleveland Cavaliers_2016,4,griffbl01_2016,-12.954365730285645
Cleveland Cavaliers_2016,5,westbru01_2016,-12.957894325256348
Cleveland Cavaliers_2016,6,derozde01_2016,-12.961308479309082
Cleveland Cavaliers_2016,7,lowryky01_2016,-12.963467597961426
Cleveland Cavaliers_2016,8,hardeja01_2016,-12.96497631072998
Cleveland Cavaliers_2016,9,curryst01_2016,-12.968317985534668
Cleveland Cavaliers_2016,10,thomais02_2016,-12.96960163116455
Cleveland Cavaliers_2017,1,derozde01_2017,-16.867063522338867
Cleveland Cavaliers_2017,2,butleji01_2017,-16.876724243164062
Cleveland Cavaliers_2017,3,georgpa01_2017,-16.88112449645996
Cleveland Cavaliers_2017,4,haywago01_2017,-16.88256072998047
Cleveland Cavaliers_2017,5,griffbl01_2017,-16.93504524230957
Cleveland Cavaliers_2017,6,duranke01_2017,-16.94007110595703
Cleveland Cavaliers_2017,7,dragigo01_2017,-16.97906494140625
Cleveland Cavaliers_2017,8,paulch01_2017,-16.989063262939453
Cleveland Cavaliers_2017,9,lowryky01_2017,-16.99527931213379
Cleveland Cavaliers_2017,10,walljo01_2017,-17.055362701416016
Cleveland Cavaliers_2018,1,willilo02_2018,-19.763774871826172
Cleveland Cavaliers_2018,2,butleji01_2018,-19.85721778869629
Cleveland Cavaliers_2018,3,hardeja01_2018,-19.872474670410156
Cleveland Cavaliers_2018,4,derozde01_2018,-19.883697509765625
Cleveland Cavaliers_2018,5,duranke01_2018,-19.92597770690918
Cleveland Cavaliers_2018,6,georgpa01_2018,-19.945724487304688
Cleveland Cavaliers_2018,7,lowryky01_2018,-19.999835968017578
Cleveland Cavaliers_2018,8,paulch01_2018,-20.001346588134766
Cleveland Cavaliers_2018,9,oladivi01_2018,-20.008710861206055
Cleveland Cavaliers_2018,10,aldrila01_2018,-20.014062881469727
Cleveland Cavaliers_2019,1,youngtr01_2019,-17.373104095458984
Cleveland Cavaliers_2019,2,foxde01_2019,-17.38194465637207
Cleveland Cavaliers_2019,3,murraja01_2019,-17.382598876953125
Cleveland Cavaliers_2019,4,wagnemo01_2019,-17.4487361907959
Cleveland Cavaliers_2019,5,ingrabr01_2019,-17.450536727905273
Cleveland Cavaliers_2019,6,tatumja01_2019,-17.459667205810547
Cleveland Cavaliers_2019,7,markkla01_2019,-17.463546752929688
Cleveland Cavaliers_2019,8,okoboel01_2019,-17.486194610595703
Cleveland Cavaliers_2019,9,ntilila01_2019,-17.492740631103516
Cleveland Cavaliers_2019,10,monkma01_2019,-17.500629425048828
Cleveland Cavaliers_2020,1,whiteco01_2020,-18.334136962890625
Cleveland Cavaliers_2020,2,moranja01_2020,-18.339065551757812
Cleveland Cavaliers_2020,3,gilgesh01_2020,-18.410306930541992
Cleveland Cavaliers_2020,4,monkma01_2020,-18.43253517150879
Cleveland Cavaliers_2020,5,herroty01_2020,-18.43753433227539
Cleveland Cavaliers_2020,6,ntilila01_2020,-18.496938705444336
Cleveland Cavaliers_2020,7,jacksfr01_2020,-18.50687026977539
Cleveland Cavaliers_2020,8,barrerj01_2020,-18.558351516723633
Cleveland Cavaliers_2020,9,reddica01_2020,-18.562707901000977
Cleveland Cavaliers_2020,10,culveja01_2020,-18.56511688232422
Cleveland Cavaliers_2021,1,maledth01_2021,-16.401445388793945
Cleveland Cavaliers_2021,2,whiteco01_2021,-16.40688705444336
Cleveland Cavaliers_2021,3,moranja01_2021,-16.40714454650879
Cleveland Cavaliers_2021,4,anthoco01_2021,-16.410764694213867
Cleveland Cavaliers_2021,5,ballla01_2021,-16.41724395751953
Cleveland Cavaliers_2021,6,hayeski01_2021,-16.417770385742188
Cleveland Cavaliers_2021,7,lewiski01_2021,-16.431354522705078
Cleveland Cavaliers_2021,8,halibty01_2021,-16.432239532470703
Cleveland Cavaliers_2021,9,quickim01_2021,-16.433570861816406
Cleveland Cavaliers_2021,10,mannini01_2021,-16.435184478759766
Cleveland Cavaliers_2022,1,butleji01_2022,-16.61921501159668
Cleveland Cavaliers_2022,2,duranke01_2022,-16.656618118286133
Cleveland Cavaliers_2022,3,derozde01_2022,-16.66097068786621
Cleveland Cavaliers_2022,4,georgpa01_2022,-16.674739837646484
Cleveland Cavaliers_2022,5,paulch01_2022,-16.68650245666504
Cleveland Cavaliers_2022,6,antetgi01_2022,-16.698131561279297
Cleveland Cavaliers_2022,7,siakapa01_2022,-16.701839447021484
Cleveland Cavaliers_2022,8,curryst01_2022,-16.761674880981445
Cleveland Cavaliers_2022,9,hardeja01_2022,-16.766704559326172
Cleveland Cavaliers_2022,10,jamesle01_2022,-16.830942153930664
Cleveland Cavaliers_2023,1,jamesle01_2023,-16.59058952331543
Cleveland Cavaliers_2023,2,derozde01_2023,-16.59516143798828
Cleveland Cavaliers_2023,3,leonaka01_2023,-16.598854064941406
Cleveland Cavaliers_2023,4,georgpa01_2023,-16.60492706298828
Cleveland Cavaliers_2023,5,butleji01_2023,-16.648393630981445
Cleveland Cavaliers_2023,6,bookede01_2023,-16.652753829956055
Cleveland Cavaliers_2023,7,duranke01_2023,-16.656354904174805
Cleveland Cavaliers_2023,8,randlju01_2023,-16.66535186767578
Cleveland Cavaliers_2023,9,siakapa01_2023,-16.674888610839844
Cleveland Cavaliers_2023,10,antetgi01_2023,-16.692913055419922
Cleveland Cavaliers_2024,1,irvinky01_2024,-18.43025016784668
Cleveland Cavaliers_2024,2,leonaka01_2024,-18.45216941833496
Cleveland Cavaliers_2024,3,derozde01_2024,-18.46664047241211
Cleveland Cavaliers_2024,4,jamesle01_2024,-18.47694969177246
Cleveland Cavaliers_2024,5,duranke01_2024,-18.477827072143555
Cleveland Cavaliers_2024,6,georgpa01_2024,-18.49405860900879
Cleveland Cavaliers_2024,7,butleji01_2024,-18.512454986572266
Cleveland Cavaliers_2024,8,antetgi01_2024,-18.56998634338379
Cleveland Cavaliers_2024,9,curryst01_2024,-18.58562469482422
Cleveland Cavaliers_2024,10,markkla01_2024,-18.59305191040039
Cleveland Cavaliers_2025,1,butleji01_2025,-19.842287063598633
Cleveland Cavaliers_2025,2,antetgi01_2025,-19.848379135131836
Cleveland Cavaliers_2025,3,duranke01_2025,-19.8681583404541
Cleveland Cavaliers_2025,4,tatumja01_2025,-19.96148681640625
Cleveland Cavaliers_2025,5,curryst01_2025,-19.982789993286133
Cleveland Cavaliers_2025,6,edwaran01_2025,-19.982812881469727
Cleveland Cavaliers_2025,7,lillada01_2025,-19.983381271362305
Cleveland Cavaliers_2025,8,hardeja01_2025,-19.98700523376465
Cleveland Cavaliers_2025,9,herroty01_2025,-19.989538192749023
Cleveland Cavaliers_2025,10,willija06_2025,-19.9954891204834
Dallas Mavericks_1999,1,hughela01_1999,-16.10782814025879
Dallas Mavericks_1999,2,willico02_1999,-16.116315841674805
Dallas Mavericks_1999,3,marshdo01_1999,-16.12459373474121
Dallas Mavericks_1999,4,mcgratr01_1999,-16.126224517822266
Dallas Mavericks_1999,5,harprma01_1999,-16.127187728881836
Dallas Mavericks_1999,6,wallajo01_1999,-16.132783889770508
Dallas Mavericks_1999,7,howarju01_1999,-16.13317108154297
Dallas Mavericks_1999,8,jamisan01_1999,-16.1408634185791
Dallas Mavericks_1999,9,fortsda01_1999,-16.14305305480957
Dallas Mavericks_1999,10,mcleoro01_1999,-16.14327621459961
Dallas Mavericks_2000,1,malonka01_2000,-13.28310489654541
Dallas Mavericks_2000,2,sabonar01_2000,-13.35401439666748
Dallas Mavericks_2000,3,colemde01_2000,-13.3660888671875
Dallas Mavericks_2000,4,hornaje01_2000,-13.380313873291016
Dallas Mavericks_2000,5,hillgr01_2000,-13.382955551147461
Dallas Mavericks_2000,6,robinda01_2000,-13.397616386413574
Dallas Mavericks_2000,7,paytoga01_2000,-13.39930248260498
Dallas Mavericks_2000,8,pippesc01_2000,-13.40652084350586
Dallas Mavericks_2000,9,webbech01_2000,-13.406755447387695
Dallas Mavericks_2000,10,robincl02_2000,-13.410231590270996
Dallas Mavericks_2001,1,malonka01_2001,-14.999881744384766
Dallas Mavericks_2001,2,robinda01_2001,-15.049450874328613
Dallas Mavericks_2001,3,millere01_2001,-15.132206916809082
Dallas Mavericks_2001,4,richmmi01_2001,-15.166387557983398
Dallas Mavericks_2001,5,stockjo01_2001,-15.198044776916504
Dallas Mavericks_2001,6,sprewla01_2001,-15.224084854125977
Dallas Mavericks_2001,7,cebalce01_2001,-15.239001274108887
Dallas Mavericks_2001,8,marshdo01_2001,-15.241216659545898
Dallas Mavericks_2001,9,robincl02_2001,-15.249876022338867
Dallas Mavericks_2001,10,webbech01_2001,-15.266014099121094
Dallas Mavericks_2002,1,iversal01_2002,-12.168511390686035
Dallas Mavericks_2002,2,mcgratr01_2002,-12.190786361694336
Dallas Mavericks_2002,3,piercpa01_2002,-12.191902160644531
Dallas Mavericks_2002,4,bryanko01_2002,-12.192145347595215
Dallas Mavericks_2002,5,kittlke01_2002,-12.19775676727295
Dallas Mavericks_2002,6,stackje01_2002,-12.20834732055664
Dallas Mavericks_2002,7,moblecu01_2002,-12.209455490112305
Dallas Mavericks_2002,8,allenra02_2002,-12.210497856140137
Dallas Mavericks_2002,9,murrala01_2002,-12.21121883392334
Dallas Mavericks_2002,10,onealsh01_2002,-12.212485313415527
Dallas Mavericks_2003,1,malonka01_2003,-13.864126205444336
Dallas Mavericks_2003,2,jordami01_2003,-13.966660499572754
Dallas Mavericks_2003,3,millere01_2003,-14.043964385986328
Dallas Mavericks_2003,4,onealsh01_2003,-14.089170455932617
Dallas Mavericks_2003,5,mashbja01_2003,-14.128837585449219
Dallas Mavericks_2003,6,robingl01_2003,-14.154179573059082
Dallas Mavericks_2003,7,roseja01_2003,-14.170153617858887
Dallas Mavericks_2003,8,hillgr01_2003,-14.178194046020508
Dallas Mavericks_2003,9,kukocto01_2003,-14.195695877075195
Dallas Mavericks_2003,10,barryjo01_2003,-14.22536563873291
Dallas Mavericks_2004,1,garneke01_2004,-12.907927513122559
Dallas Mavericks_2004,2,duncati01_2004,-12.91274356842041
Dallas Mavericks_2004,3,millere01_2004,-12.919169425964355
Dallas Mavericks_2004,4,stojape01_2004,-12.931652069091797
Dallas Mavericks_2004,5,piercpa01_2004,-12.938027381896973
Dallas Mavericks_2004,6,onealsh01_2004,-12.938094139099121
Dallas Mavericks_2004,7,cartevi01_2004,-12.939802169799805
Dallas Mavericks_2004,8,poseyja01_2004,-12.941191673278809
Dallas Mavericks_2004,9,iversal01_2004,-12.9434232711792
Dallas Mavericks_2004,10,ginobma01_2004,-12.94458293914795
Dallas Mavericks_2005,1,millere01_2005,-14.077816009521484
Dallas Mavericks_2005,2,onealsh01_2005,-14.116150856018066
Dallas Mavericks_2005,3,cassesa01_2005,-14.136597633361816
Dallas Mavericks_2005,4,hillgr01_2005,-14.171808242797852
Dallas Mavericks_2005,5,roseja01_2005,-14.19088363647461
Dallas Mavericks_2005,6,marshdo01_2005,-14.226944923400879
Dallas Mavericks_2005,7,piercpa01_2005,-14.236749649047852
Dallas Mavericks_2005,8,hoibefr01_2005,-14.260347366333008
Dallas Mavericks_2005,9,duncati01_2005,-14.278895378112793
Dallas Mavericks_2005,10,garneke01_2005,-14.280452728271484
Dallas Mavericks_2006,1,iversal01_2006,-13.226018905639648
Dallas Mavericks_2006,2,onealsh01_2006,-13.232338905334473
Dallas Mavericks_2006,3,cassesa01_2006,-13.247457504272461
Dallas Mavericks_2006,4,piercpa01_2006,-13.25464153289795
Dallas Mavericks_2006,5,mcgratr01_2006,-13.260773658752441
Dallas Mavericks_2006,6,brandel01_2006,-13.275185585021973
Dallas Mavericks_2006,7,duncati01_2006,-13.27896785736084
Dallas Mavericks_2006,8,garneke01_2006,-13.28164291381836
Dallas Mavericks_2006,9,bryanko01_2006,-13.284629821777344
Dallas Mavericks_2006,10,mariosh01_2006,-13.287938117980957
Dallas Mavericks_2007,1,garneke01_2007,-13.408708572387695
Dallas Mavericks_2007,2,barrybr01_2007,-13.421368598937988
Dallas Mavericks_2007,3,cartevi01_2007,-13.431547164916992
Dallas Mavericks_2007,4,iversal01_2007,-13.44216537475586
Dallas Mavericks_2007,5,duncati01_2007,-13.460171699523926
Dallas Mavericks_2007,6,onealsh01_2007,-13.478489875793457
Dallas Mavericks_2007,7,cassesa01_2007,-13.488513946533203
Dallas Mavericks_2007,8,jamisan01_2007,-13.582855224609375
Dallas Mavericks_2007,9,mariosh01_2007,-13.597232818603516
Dallas Mavericks_2007,10,allenra02_2007,-13.601183891296387
Dallas Mavericks_2008,1,iversal01_2008,-13.393914222717285
Dallas Mavericks_2008,2,ginobma01_2008,-13.400529861450195
Dallas Mavericks_2008,3,piercpa01_2008,-13.507772445678711
Dallas Mavericks_2008,4,nashst01_2008,-13.516422271728516
Dallas Mavericks_2008,5,billuch01_2008,-13.53156566619873
Dallas Mavericks_2008,6,garneke01_2008,-13.561232566833496
Dallas Mavericks_2008,7,mcgratr01_2008,-13.584110260009766
Dallas Mavericks_2008,8,bryanko01_2008,-13.585150718688965
Dallas Mavericks_2008,9,wadedw01_2008,-13.611666679382324
Dallas Mavericks_2008,10,davisba01_2008,-13.702144622802734
Dallas Mavericks_2009,1,bryanko01_2009,-14.38946533203125
Dallas Mavericks_2009,2,wadedw01_2009,-14.404212951660156
Dallas Mavericks_2009,3,ginobma01_2009,-14.407456398010254
Dallas Mavericks_2009,4,piercpa01_2009,-14.419334411621094
Dallas Mavericks_2009,5,parketo01_2009,-14.4467191696167
Dallas Mavericks_2009,6,iversal01_2009,-14.447637557983398
Dallas Mavericks_2009,7,gasolpa01_2009,-14.472084999084473
Dallas Mavericks_2009,8,mingya01_2009,-14.47527027130127
Dallas Mavericks_2009,9,nelsoja01_2009,-14.476156234741211
Dallas Mavericks_2009,10,roybr01_2009,-14.508231163024902
Dallas Mavericks_2010,1,bryanko01_2010,-14.176119804382324
Dallas Mavericks_2010,2,ginobma01_2010,-14.182860374450684
Dallas Mavericks_2010,3,iversal01_2010,-14.204754829406738
Dallas Mavericks_2010,4,piercpa01_2010,-14.260621070861816
Dallas Mavericks_2010,5,nashst01_2010,-14.267709732055664
Dallas Mavericks_2010,6,billuch01_2010,-14.27621841430664
Dallas Mavericks_2010,7,wadedw01_2010,-14.296477317810059
Dallas Mavericks_2010,8,duncati01_2010,-14.308244705200195
Dallas Mavericks_2010,9,grangda01_2010,-14.396286964416504
Dallas Mavericks_2010,10,roybr01_2010,-14.430742263793945
Dallas Mavericks_2011,1,bryanko01_2011,-14.027606010437012
Dallas Mavericks_2011,2,ginobma01_2011,-14.046374320983887
Dallas Mavericks_2011,3,piercpa01_2011,-14.160774230957031
Dallas Mavericks_2011,4,wadedw01_2011,-14.22087574005127
Dallas Mavericks_2011,5,martike02_2011,-14.260087966918945
Dallas Mavericks_2011,6,jamesle01_2011,-14.346034049987793
Dallas Mavericks_2011,7,mcgratr01_2011,-14.437009811401367
Dallas Mavericks_2011,8,butlera01_2011,-14.470849990844727
Dallas Mavericks_2011,9,rosede01_2011,-14.528369903564453
Dallas Mavericks_2011,10,duranke01_2011,-14.532354354858398
Dallas Mavericks_2012,1,wadedw01_2012,-14.094657897949219
Dallas Mavericks_2012,2,bryanko01_2012,-14.098276138305664
Dallas Mavericks_2012,3,ginobma01_2012,-14.111963272094727
Dallas Mavericks_2012,4,piercpa01_2012,-14.17050552368164
Dallas Mavericks_2012,5,jamesle01_2012,-14.217448234558105
Dallas Mavericks_2012,6,anthoca01_2012,-14.222755432128906
Dallas Mavericks_2012,7,paulch01_2012,-14.233704566955566
Dallas Mavericks_2012,8,parketo01_2012,-14.243078231811523
Dallas Mavericks_2012,9,hardeja01_2012,-14.274690628051758
Dallas Mavericks_2012,10,duranke01_2012,-14.340414047241211
Dallas Mavericks_2013,1,knighbr03_2013,-14.092153549194336
Dallas Mavericks_2013,2,waitedi01_2013,-14.11269760131836
Dallas Mavericks_2013,3,bealbr01_2013,-14.121780395507812
Dallas Mavericks_2013,4,parsoch01_2013,-14.150117874145508
Dallas Mavericks_2013,5,thomptr01_2013,-14.155391693115234
Dallas Mavericks_2013,6,davisan02_2013,-14.15791130065918
Dallas Mavericks_2013,7,anderry01_2013,-14.164834022521973
Dallas Mavericks_2013,8,willide02_2013,-14.16873836517334
Dallas Mavericks_2013,9,gallida01_2013,-14.169731140136719
Dallas Mavericks_2013,10,denglu01_2013,-14.174052238464355
Dallas Mavericks_2014,1,greenje02_2014,-13.705681800842285
Dallas Mavericks_2014,2,smithjo03_2014,-13.705934524536133
Dallas Mavericks_2014,3,burketr01_2014,-13.70953369140625
Dallas Mavericks_2014,4,bealbr01_2014,-13.712697982788086
Dallas Mavericks_2014,5,wroteto01_2014,-13.71387004852295
Dallas Mavericks_2014,6,belinma01_2014,-13.719000816345215
Dallas Mavericks_2014,7,greenge01_2014,-13.721951484680176
Dallas Mavericks_2014,8,harrito02_2014,-13.724031448364258
Dallas Mavericks_2014,9,haywago01_2014,-13.72507381439209
Dallas Mavericks_2014,10,davisan02_2014,-13.726531982421875
Dallas Mavericks_2015,1,wadedw01_2015,-14.246549606323242
Dallas Mavericks_2015,2,jamesle01_2015,-14.263413429260254
Dallas Mavericks_2015,3,curryst01_2015,-14.265244483947754
Dallas Mavericks_2015,4,gayru01_2015,-14.269665718078613
Dallas Mavericks_2015,5,paulch01_2015,-14.275299072265625
Dallas Mavericks_2015,6,westbru01_2015,-14.275466918945312
Dallas Mavericks_2015,7,duranke01_2015,-14.276595115661621
Dallas Mavericks_2015,8,hillge01_2015,-14.277682304382324
Dallas Mavericks_2015,9,millspa01_2015,-14.279504776000977
Dallas Mavericks_2015,10,anthoca01_2015,-14.28255558013916
Dallas Mavericks_2016,1,westbru01_2016,-14.763983726501465
Dallas Mavericks_2016,2,lowryky01_2016,-14.766348838806152
Dallas Mavericks_2016,3,thomais02_2016,-14.767827033996582
Dallas Mavericks_2016,4,duranke01_2016,-14.773085594177246
Dallas Mavericks_2016,5,curryst01_2016,-14.775674819946289
Dallas Mavericks_2016,6,griffbl01_2016,-14.796177864074707
Dallas Mavericks_2016,7,butleji01_2016,-14.826979637145996
Dallas Mavericks_2016,8,anthoca01_2016,-14.832456588745117
Dallas Mavericks_2016,9,derozde01_2016,-14.835789680480957
Dallas Mavericks_2016,10,hardeja01_2016,-14.836477279663086
Dallas Mavericks_2017,1,teaguje01_2017,-13.706456184387207
Dallas Mavericks_2017,2,holidjr01_2017,-13.707948684692383
Dallas Mavericks_2017,3,rosede01_2017,-13.709816932678223
Dallas Mavericks_2017,4,jacksre01_2017,-13.712380409240723
Dallas Mavericks_2017,5,collida01_2017,-13.713602066040039
Dallas Mavericks_2017,6,millspa02_2017,-13.715548515319824
Dallas Mavericks_2017,7,jennibr01_2017,-13.719501495361328
Dallas Mavericks_2017,8,westbru01_2017,-13.721335411071777
Dallas Mavericks_2017,9,lawsoty01_2017,-13.721427917480469
Dallas Mavericks_2017,10,bledser01_2017,-13.724546432495117
Dallas Mavericks_2018,1,walljo01_2018,-15.985589027404785
Dallas Mavericks_2018,2,smithis01_2018,-15.990629196166992
Dallas Mavericks_2018,3,jacksre01_2018,-15.991393089294434
Dallas Mavericks_2018,4,teaguje01_2018,-16.001237869262695
Dallas Mavericks_2018,5,middlkh01_2018,-16.005874633789062
Dallas Mavericks_2018,6,buyckdw01_2018,-16.013578414916992
Dallas Mavericks_2018,7,westbru01_2018,-16.028104782104492
Dallas Mavericks_2018,8,walkeke02_2018,-16.028608322143555
Dallas Mavericks_2018,9,lillada01_2018,-16.03433609008789
Dallas Mavericks_2018,10,morrima03_2018,-16.036087036132812
Dallas Mavericks_2019,1,youngtr01_2019,-17.530366897583008
Dallas Mavericks_2019,2,sextoco01_2019,-17.530641555786133
Dallas Mavericks_2019,3,murraja01_2019,-17.534521102905273
Dallas Mavericks_2019,4,foxde01_2019,-17.538753509521484
Dallas Mavericks_2019,5,ingrabr01_2019,-17.579423904418945
Dallas Mavericks_2019,6,tatumja01_2019,-17.585481643676758
Dallas Mavericks_2019,7,markkla01_2019,-17.598846435546875
Dallas Mavericks_2019,8,monkma01_2019,-17.62407684326172
Dallas Mavericks_2019,9,wagnemo01_2019,-17.677839279174805
Dallas Mavericks_2019,10,okoboel01_2019,-17.693361282348633
Dallas Mavericks_2020,1,hardeja01_2020,-19.744199752807617
Dallas Mavericks_2020,2,derozde01_2020,-19.834697723388672
Dallas Mavericks_2020,3,butleji01_2020,-19.834779739379883
Dallas Mavericks_2020,4,bealbr01_2020,-19.88508415222168
Dallas Mavericks_2020,5,middlkh01_2020,-19.929534912109375
Dallas Mavericks_2020,6,georgpa01_2020,-19.943477630615234
Dallas Mavericks_2020,7,leonaka01_2020,-19.946535110473633
Dallas Mavericks_2020,8,davisan02_2020,-19.97529411315918
Dallas Mavericks_2020,9,westbru01_2020,-19.985679626464844
Dallas Mavericks_2020,10,paulch01_2020,-19.989498138427734
Dallas Mavericks_2021,1,butleji01_2021,-18.49408721923828
Dallas Mavericks_2021,2,georgpa01_2021,-18.518041610717773
Dallas Mavericks_2021,3,derozde01_2021,-18.542373657226562
Dallas Mavericks_2021,4,duranke01_2021,-18.548995971679688
Dallas Mavericks_2021,5,bealbr01_2021,-18.552404403686523
Dallas Mavericks_2021,6,leonaka01_2021,-18.600345611572266
Dallas Mavericks_2021,7,davisan02_2021,-18.619060516357422
Dallas Mavericks_2021,8,randlju01_2021,-18.62057113647461
Dallas Mavericks_2021,9,paulch01_2021,-18.626482009887695
Dallas Mavericks_2021,10,antetgi01_2021,-18.62993049621582
Dallas Mavericks_2022,1,butleji01_2022,-16.828800201416016
Dallas Mavericks_2022,2,duranke01_2022,-16.869970321655273
Dallas Mavericks_2022,3,derozde01_2022,-16.874563217163086
Dallas Mavericks_2022,4,georgpa01_2022,-16.890846252441406
Dallas Mavericks_2022,5,paulch01_2022,-16.923494338989258
Dallas Mavericks_2022,6,antetgi01_2022,-16.957561492919922
Dallas Mavericks_2022,7,siakapa01_2022,-16.96198844909668
Dallas Mavericks_2022,8,curryst01_2022,-17.012834548950195
Dallas Mavericks_2022,9,hardeja01_2022,-17.015600204467773
Dallas Mavericks_2022,10,jamesle01_2022,-17.068218231201172
Dallas Mavericks_2023,1,derozde01_2023,-18.480602264404297
Dallas Mavericks_2023,2,leonaka01_2023,-18.483888626098633
Dallas Mavericks_2023,3,georgpa01_2023,-18.48845863342285
Dallas Mavericks_2023,4,jamesle01_2023,-18.512048721313477
Dallas Mavericks_2023,5,mitchdo01_2023,-18.516637802124023
Dallas Mavericks_2023,6,bookede01_2023,-18.518980026245117
Dallas Mavericks_2023,7,butleji01_2023,-18.53351402282715
Dallas Mavericks_2023,8,duranke01_2023,-18.541383743286133
Dallas Mavericks_2023,9,randlju01_2023,-18.593326568603516
Dallas Mavericks_2023,10,siakapa01_2023,-18.601926803588867
Dallas Mavericks_2024,1,leonaka01_2024,-19.84522819519043
Dallas Mavericks_2024,2,derozde01_2024,-19.857730865478516
Dallas Mavericks_2024,3,georgpa01_2024,-19.88479995727539
Dallas Mavericks_2024,4,duranke01_2024,-19.893808364868164
Dallas Mavericks_2024,5,jamesle01_2024,-19.893842697143555
Dallas Mavericks_2024,6,mitchdo01_2024,-19.89581298828125
Dallas Mavericks_2024,7,butleji01_2024,-19.903409957885742
Dallas Mavericks_2024,8,antetgi01_2024,-19.979097366333008
Dallas Mavericks_2024,9,davisan02_2024,-19.996856689453125
Dallas Mavericks_2024,10,lillada01_2024,-19.9979190826416
Dallas Mavericks_2025,1,butleji01_2025,-19.90194320678711
Dallas Mavericks_2025,2,antetgi01_2025,-19.903091430664062
Dallas Mavericks_2025,3,mitchdo01_2025,-19.905929565429688
Dallas Mavericks_2025,4,jeromty01_2025,-19.912752151489258
Dallas Mavericks_2025,5,duranke01_2025,-19.92716407775879
Dallas Mavericks_2025,6,tatumja01_2025,-20.011560440063477
Dallas Mavericks_2025,7,edwaran01_2025,-20.020172119140625
Dallas Mavericks_2025,8,herroty01_2025,-20.026687622070312
Dallas Mavericks_2025,9,willija06_2025,-20.03240394592285
Dallas Mavericks_2025,10,lillada01_2025,-20.033571243286133
Denver Nuggets_1999,1,hughela01_1999,-15.111725807189941
Denver Nuggets_1999,2,mcgratr01_1999,-15.152114868164062
Denver Nuggets_1999,3,nowitdi01_1999,-15.156902313232422
Denver Nuggets_1999,4,willico02_1999,-15.158994674682617
Denver Nuggets_1999,5,marshdo01_1999,-15.167503356933594
Denver Nuggets_1999,6,harprma01_1999,-15.169668197631836
Denver Nuggets_1999,7,doleami01_1999,-15.175463676452637
Denver Nuggets_1999,8,wallajo01_1999,-15.17619800567627
Denver Nuggets_1999,9,howarju01_1999,-15.177838325500488
Denver Nuggets_1999,10,smithjo02_1999,-15.180935859680176
Denver Nuggets_2000,1,lopezfe01_2000,-14.054619789123535
Denver Nuggets_2000,2,baileto01_2000,-14.069326400756836
Denver Nuggets_2000,3,odomla01_2000,-14.08037281036377
Denver Nuggets_2000,4,lewisra02_2000,-14.09881591796875
Denver Nuggets_2000,5,brandel01_2000,-14.10466480255127
Denver Nuggets_2000,6,maggeco01_2000,-14.106348991394043
Denver Nuggets_2000,7,patteru01_2000,-14.107880592346191
Denver Nuggets_2000,8,jamisan01_2000,-14.112531661987305
Denver Nuggets_2000,9,mariosh01_2000,-14.113797187805176
Denver Nuggets_2000,10,harrial01_2000,-14.124327659606934
Denver Nuggets_2001,1,dialde01_2001,-15.420515060424805
Denver Nuggets_2001,2,brandel01_2001,-15.430554389953613
Denver Nuggets_2001,3,maggeco01_2001,-15.435184478759766
Denver Nuggets_2001,4,mihmch01_2001,-15.447488784790039
Denver Nuggets_2001,5,nesbyty01_2001,-15.464155197143555
Denver Nuggets_2001,6,richaqu01_2001,-15.467621803283691
Denver Nuggets_2001,7,martike01_2001,-15.47032356262207
Denver Nuggets_2001,8,dickemi01_2001,-15.471295356750488
Denver Nuggets_2001,9,patteru01_2001,-15.473020553588867
Denver Nuggets_2001,10,tayloma01_2001,-15.47347640991211
Denver Nuggets_2002,1,gasolpa01_2002,-15.200895309448242
Denver Nuggets_2002,2,harprma01_2002,-15.226919174194336
Denver Nuggets_2002,3,harrial01_2002,-15.227248191833496
Denver Nuggets_2002,4,jefferi01_2002,-15.231924057006836
Denver Nuggets_2002,5,richaja01_2002,-15.235840797424316
Denver Nuggets_2002,6,wallage01_2002,-15.239076614379883
Denver Nuggets_2002,7,fizerma01_2002,-15.240920066833496
Denver Nuggets_2002,8,curryed01_2002,-15.24324893951416
Denver Nuggets_2002,9,onealje01_2002,-15.246411323547363
Denver Nuggets_2002,10,swiftst01_2002,-15.247426986694336
Denver Nuggets_2003,1,simmobo01_2003,-16.00779914855957
Denver Nuggets_2003,2,jefferi01_2003,-16.01581573486328
Denver Nuggets_2003,3,stoudam01_2003,-16.019939422607422
Denver Nuggets_2003,4,brandel01_2003,-16.028127670288086
Denver Nuggets_2003,5,lamplse01_2003,-16.030109405517578
Denver Nuggets_2003,6,harrial01_2003,-16.03036880493164
Denver Nuggets_2003,7,wallage01_2003,-16.03066062927246
Denver Nuggets_2003,8,murphtr01_2003,-16.030813217163086
Denver Nuggets_2003,9,boozeca01_2003,-16.035385131835938
Denver Nuggets_2003,10,bendejo01_2003,-16.03704833984375
Denver Nuggets_2004,1,millere01_2004,-16.566532135009766
Denver Nuggets_2004,2,garneke01_2004,-16.57720947265625
Denver Nuggets_2004,3,duncati01_2004,-16.5814151763916
Denver Nuggets_2004,4,onealsh01_2004,-16.58744239807129
Denver Nuggets_2004,5,kukocto01_2004,-16.593591690063477
Denver Nuggets_2004,6,finlemi01_2004,-16.593690872192383
Denver Nuggets_2004,7,jonesed02_2004,-16.595632553100586
Denver Nuggets_2004,8,stojape01_2004,-16.59727668762207
Denver Nuggets_2004,9,jamisan01_2004,-16.597942352294922
Denver Nuggets_2004,10,barrybr01_2004,-16.604902267456055
Denver Nuggets_2005,1,millere01_2005,-15.56639289855957
Denver Nuggets_2005,2,onealsh01_2005,-15.601332664489746
Denver Nuggets_2005,3,cassesa01_2005,-15.622309684753418
Denver Nuggets_2005,4,hillgr01_2005,-15.634468078613281
Denver Nuggets_2005,5,roseja01_2005,-15.650763511657715
Denver Nuggets_2005,6,piercpa01_2005,-15.660510063171387
Denver Nuggets_2005,7,marshdo01_2005,-15.683932304382324
Denver Nuggets_2005,8,bryanko01_2005,-15.699024200439453
Denver Nuggets_2005,9,duncati01_2005,-15.701491355895996
Denver Nuggets_2005,10,garneke01_2005,-15.701705932617188
Denver Nuggets_2006,1,wadedw01_2006,-14.064087867736816
Denver Nuggets_2006,2,gordobe01_2006,-14.083194732666016
Denver Nuggets_2006,3,johnsjo02_2006,-14.088789939880371
Denver Nuggets_2006,4,richaja01_2006,-14.090811729431152
Denver Nuggets_2006,5,crawfja01_2006,-14.092747688293457
Denver Nuggets_2006,6,kirilan01_2006,-14.098787307739258
Denver Nuggets_2006,7,bryanko01_2006,-14.106457710266113
Denver Nuggets_2006,8,millemi01_2006,-14.107924461364746
Denver Nuggets_2006,9,reddmi01_2006,-14.11021614074707
Denver Nuggets_2006,10,wallage01_2006,-14.113779067993164
Denver Nuggets_2007,1,mariosh01_2007,-13.103264808654785
Denver Nuggets_2007,2,mcgratr01_2007,-13.10770034790039
Denver Nuggets_2007,3,piercpa01_2007,-13.11432933807373
Denver Nuggets_2007,4,bryanko01_2007,-13.11720085144043
Denver Nuggets_2007,5,ginobma01_2007,-13.131235122680664
Denver Nuggets_2007,6,nowitdi01_2007,-13.145094871520996
Denver Nuggets_2007,7,millemi01_2007,-13.145295143127441
Denver Nuggets_2007,8,terryja01_2007,-13.150917053222656
Denver Nuggets_2007,9,princta01_2007,-13.153668403625488
Denver Nuggets_2007,10,brandel01_2007,-13.15418529510498
Denver Nuggets_2008,1,ginobma01_2008,-11.845932960510254
Denver Nuggets_2008,2,piercpa01_2008,-11.955962181091309
Denver Nuggets_2008,3,nashst01_2008,-11.965105056762695
Denver Nuggets_2008,4,billuch01_2008,-11.980276107788086
Denver Nuggets_2008,5,garneke01_2008,-12.009777069091797
Denver Nuggets_2008,6,mcgratr01_2008,-12.032815933227539
Denver Nuggets_2008,7,bryanko01_2008,-12.033763885498047
Denver Nuggets_2008,8,wadedw01_2008,-12.060876846313477
Denver Nuggets_2008,9,davisba01_2008,-12.154322624206543
Denver Nuggets_2008,10,caldejo01_2008,-12.156744956970215
Denver Nuggets_2009,1,bryanko01_2009,-13.670944213867188
Denver Nuggets_2009,2,ginobma01_2009,-13.689095497131348
Denver Nuggets_2009,3,piercpa01_2009,-13.762484550476074
Denver Nuggets_2009,4,iversal01_2009,-13.78958511352539
Denver Nuggets_2009,5,nowitdi01_2009,-13.79141616821289
Denver Nuggets_2009,6,wadedw01_2009,-13.81299114227295
Denver Nuggets_2009,7,parketo01_2009,-13.908699035644531
Denver Nuggets_2009,8,nelsoja01_2009,-13.939921379089355
Denver Nuggets_2009,9,mingya01_2009,-13.940377235412598
Denver Nuggets_2009,10,gasolpa01_2009,-13.940424919128418
Denver Nuggets_2010,1,bryanko01_2010,-12.939262390136719
Denver Nuggets_2010,2,wadedw01_2010,-12.940464973449707
Denver Nuggets_2010,3,ginobma01_2010,-12.942265510559082
Denver Nuggets_2010,4,iversal01_2010,-12.959236145019531
Denver Nuggets_2010,5,piercpa01_2010,-12.964987754821777
Denver Nuggets_2010,6,nashst01_2010,-12.972142219543457
Denver Nuggets_2010,7,grangda01_2010,-12.97643756866455
Denver Nuggets_2010,8,nowitdi01_2010,-12.981682777404785
Denver Nuggets_2010,9,duncati01_2010,-13.014894485473633
Denver Nuggets_2010,10,roybr01_2010,-13.015023231506348
Denver Nuggets_2011,1,bryanko01_2011,-12.728737831115723
Denver Nuggets_2011,2,ginobma01_2011,-12.745233535766602
Denver Nuggets_2011,3,piercpa01_2011,-12.813950538635254
Denver Nuggets_2011,4,wadedw01_2011,-12.828927993774414
Denver Nuggets_2011,5,nowitdi01_2011,-12.852446556091309
Denver Nuggets_2011,6,martike02_2011,-12.860944747924805
Denver Nuggets_2011,7,jamesle01_2011,-12.906612396240234
Denver Nuggets_2011,8,duranke01_2011,-13.04175853729248
Denver Nuggets_2011,9,rosede01_2011,-13.046914100646973
Denver Nuggets_2011,10,mcgratr01_2011,-13.055526733398438
Denver Nuggets_2012,1,wadedw01_2012,-13.708013534545898
Denver Nuggets_2012,2,bryanko01_2012,-13.711481094360352
Denver Nuggets_2012,3,ginobma01_2012,-13.724940299987793
Denver Nuggets_2012,4,piercpa01_2012,-13.818819999694824
Denver Nuggets_2012,5,nowitdi01_2012,-13.84403133392334
Denver Nuggets_2012,6,jamesle01_2012,-13.928126335144043
Denver Nuggets_2012,7,anthoca01_2012,-13.93261432647705
Denver Nuggets_2012,8,paulch01_2012,-13.94157600402832
Denver Nuggets_2012,9,parketo01_2012,-13.95024585723877
Denver Nuggets_2012,10,hardeja01_2012,-13.98317813873291
Denver Nuggets_2013,1,wadedw01_2013,-14.167031288146973
Denver Nuggets_2013,2,bryanko01_2013,-14.168902397155762
Denver Nuggets_2013,3,piercpa01_2013,-14.224555969238281
Denver Nuggets_2013,4,parketo01_2013,-14.230101585388184
Denver Nuggets_2013,5,willide01_2013,-14.264161109924316
Denver Nuggets_2013,6,jamesle01_2013,-14.270917892456055
Denver Nuggets_2013,7,paulch01_2013,-14.280440330505371
Denver Nuggets_2013,8,anthoca01_2013,-14.289555549621582
Denver Nuggets_2013,9,hardeja01_2013,-14.308453559875488
Denver Nuggets_2013,10,georgpa01_2013,-14.3543062210083
Denver Nuggets_2014,1,burketr01_2014,-12.173781394958496
Denver Nuggets_2014,2,wroteto01_2014,-12.178805351257324
Denver Nuggets_2014,3,bealbr01_2014,-12.244534492492676
Denver Nuggets_2014,4,harrito02_2014,-12.288926124572754
Denver Nuggets_2014,5,davisan02_2014,-12.292411804199219
Denver Nuggets_2014,6,sullija01_2014,-12.297438621520996
Denver Nuggets_2014,7,haywago01_2014,-12.301920890808105
Denver Nuggets_2014,8,evansty01_2014,-12.314326286315918
Denver Nuggets_2014,9,parsoch01_2014,-12.31588077545166
Denver Nuggets_2014,10,youngth01_2014,-12.318634033203125
Denver Nuggets_2015,1,wiggian01_2015,-13.842911720275879
Denver Nuggets_2015,2,wroteto01_2015,-13.897377967834473
Denver Nuggets_2015,3,schrode01_2015,-13.917295455932617
Denver Nuggets_2015,4,bealbr01_2015,-14.051424026489258
Denver Nuggets_2015,5,sampsja02_2015,-14.054888725280762
Denver Nuggets_2015,6,grantje01_2015,-14.0596342086792
Denver Nuggets_2015,7,bennean01_2015,-14.061263084411621
Denver Nuggets_2015,8,harklma01_2015,-14.073527336120605
Denver Nuggets_2015,9,obryajo01_2015,-14.08037281036377
Denver Nuggets_2015,10,lavinza01_2015,-14.08924674987793
Denver Nuggets_2016,1,dragigo01_2016,-15.9874906539917
Denver Nuggets_2016,2,teaguje01_2016,-15.9928560256958
Denver Nuggets_2016,3,rosede01_2016,-15.99653434753418
Denver Nuggets_2016,4,conlemi01_2016,-15.996983528137207
Denver Nuggets_2016,5,collida01_2016,-15.998592376708984
Denver Nuggets_2016,6,bledser01_2016,-16.00252914428711
Denver Nuggets_2016,7,millspa02_2016,-16.00555419921875
Denver Nuggets_2016,8,sessira01_2016,-16.00719451904297
Denver Nuggets_2016,9,lawsoty01_2016,-16.01158905029297
Denver Nuggets_2016,10,smithis01_2016,-16.01676368713379
Denver Nuggets_2017,1,jamesle01_2017,-19.911930084228516
Denver Nuggets_2017,2,derozde01_2017,-19.91407585144043
Denver Nuggets_2017,3,butleji01_2017,-19.98084831237793
Denver Nuggets_2017,4,georgpa01_2017,-19.984010696411133
Denver Nuggets_2017,5,haywago01_2017,-19.98528289794922
Denver Nuggets_2017,6,bealbr01_2017,-20.012239456176758
Denver Nuggets_2017,7,duranke01_2017,-20.033781051635742
Denver Nuggets_2017,8,griffbl01_2017,-20.034744262695312
Denver Nuggets_2017,9,gasolma01_2017,-20.049423217773438
Denver Nuggets_2017,10,dragigo01_2017,-20.05255699157715
Denver Nuggets_2018,1,willilo02_2018,-18.261070251464844
Denver Nuggets_2018,2,butleji01_2018,-18.29404640197754
Denver Nuggets_2018,3,duranke01_2018,-18.298336029052734
Denver Nuggets_2018,4,jamesle01_2018,-18.303876876831055
Denver Nuggets_2018,5,hardeja01_2018,-18.306392669677734
Denver Nuggets_2018,6,georgpa01_2018,-18.31414222717285
Denver Nuggets_2018,7,derozde01_2018,-18.317367553710938
Denver Nuggets_2018,8,lowryky01_2018,-18.388216018676758
Denver Nuggets_2018,9,paulch01_2018,-18.392202377319336
Denver Nuggets_2018,10,westbru01_2018,-18.414655685424805
Denver Nuggets_2019,1,willilo02_2019,-18.10855484008789
Denver Nuggets_2019,2,duranke01_2019,-18.123300552368164
Denver Nuggets_2019,3,gallida01_2019,-18.1336612701416
Denver Nuggets_2019,4,jamesle01_2019,-18.139509201049805
Denver Nuggets_2019,5,georgpa01_2019,-18.15431022644043
Denver Nuggets_2019,6,butleji01_2019,-18.160682678222656
Denver Nuggets_2019,7,leonaka01_2019,-18.16303825378418
Denver Nuggets_2019,8,griffbl01_2019,-18.192556381225586
Denver Nuggets_2019,9,westbru01_2019,-18.22577667236328
Denver Nuggets_2019,10,conlemi01_2019,-18.23126792907715
Denver Nuggets_2020,1,hardeja01_2020,-18.406219482421875
Denver Nuggets_2020,2,bealbr01_2020,-18.437408447265625
Denver Nuggets_2020,3,butleji01_2020,-18.44227409362793
Denver Nuggets_2020,4,derozde01_2020,-18.44286346435547
Denver Nuggets_2020,5,middlkh01_2020,-18.447221755981445
Denver Nuggets_2020,6,georgpa01_2020,-18.46096420288086
Denver Nuggets_2020,7,leonaka01_2020,-18.461498260498047
Denver Nuggets_2020,8,bookede01_2020,-18.480073928833008
Denver Nuggets_2020,9,davisan02_2020,-18.48166275024414
Denver Nuggets_2020,10,lavinza01_2020,-18.494823455810547
Denver Nuggets_2021,1,butleji01_2021,-18.51278305053711
Denver Nuggets_2021,2,georgpa01_2021,-18.53660774230957
Denver Nuggets_2021,3,derozde01_2021,-18.560298919677734
Denver Nuggets_2021,4,duranke01_2021,-18.56718635559082
Denver Nuggets_2021,5,bealbr01_2021,-18.569013595581055
Denver Nuggets_2021,6,leonaka01_2021,-18.616552352905273
Denver Nuggets_2021,7,davisan02_2021,-18.634939193725586
Denver Nuggets_2021,8,randlju01_2021,-18.636383056640625
Denver Nuggets_2021,9,paulch01_2021,-18.644451141357422
Denver Nuggets_2021,10,antetgi01_2021,-18.645780563354492
Denver Nuggets_2022,1,butleji01_2022,-19.850337982177734
Denver Nuggets_2022,2,duranke01_2022,-19.880699157714844
Denver Nuggets_2022,3,derozde01_2022,-19.8858585357666
Denver Nuggets_2022,4,georgpa01_2022,-19.901683807373047
Denver Nuggets_2022,5,antetgi01_2022,-19.980636596679688
Denver Nuggets_2022,6,siakapa01_2022,-19.99054527282715
Denver Nuggets_2022,7,mitchdo01_2022,-19.993356704711914
Denver Nuggets_2022,8,loveke01_2022,-20.00209617614746
Denver Nuggets_2022,9,paulch01_2022,-20.00225067138672
Denver Nuggets_2022,10,jamesle01_2022,-20.004697799682617
Denver Nuggets_2023,1,derozde01_2023,-19.867162704467773
Denver Nuggets_2023,2,leonaka01_2023,-19.87054443359375
Denver Nuggets_2023,3,georgpa01_2023,-19.874116897583008
Denver Nuggets_2023,4,bookede01_2023,-19.887590408325195
Denver Nuggets_2023,5,mitchdo01_2023,-19.890045166015625
Denver Nuggets_2023,6,butleji01_2023,-19.918376922607422
Denver Nuggets_2023,7,jamesle01_2023,-19.925321578979492
Denver Nuggets_2023,8,duranke01_2023,-19.9261531829834
Denver Nuggets_2023,9,randlju01_2023,-19.99403190612793
Denver Nuggets_2023,10,siakapa01_2023,-20.00165557861328
Denver Nuggets_2024,1,irvinky01_2024,-18.46141242980957
Denver Nuggets_2024,2,leonaka01_2024,-18.48292350769043
Denver Nuggets_2024,3,derozde01_2024,-18.497177124023438
Denver Nuggets_2024,4,jamesle01_2024,-18.509510040283203
Denver Nuggets_2024,5,duranke01_2024,-18.510360717773438
Denver Nuggets_2024,6,georgpa01_2024,-18.524261474609375
Denver Nuggets_2024,7,butleji01_2024,-18.54254722595215
Denver Nuggets_2024,8,mitchdo01_2024,-18.54661750793457
Denver Nuggets_2024,9,antetgi01_2024,-18.597434997558594
Denver Nuggets_2024,10,curryst01_2024,-18.615581512451172
Denver Nuggets_2025,1,butleji01_2025,-19.879438400268555
Denver Nuggets_2025,2,antetgi01_2025,-19.880647659301758
Denver Nuggets_2025,3,mitchdo01_2025,-19.88337516784668
Denver Nuggets_2025,4,jeromty01_2025,-19.890209197998047
Denver Nuggets_2025,5,duranke01_2025,-19.904647827148438
Denver Nuggets_2025,6,tatumja01_2025,-19.988603591918945
Denver Nuggets_2025,7,edwaran01_2025,-19.997774124145508
Denver Nuggets_2025,8,herroty01_2025,-20.0042781829834
Denver Nuggets_2025,9,willija06_2025,-20.00998878479004
Denver Nuggets_2025,10,lillada01_2025,-20.01078987121582
Detroit Pistons_1999,1,malonka01_1999,-16.721105575561523
Detroit Pistons_1999,2,barklch01_1999,-16.738473892211914
Detroit Pistons_1999,3,olajuha01_1999,-16.76251220703125
Detroit Pistons_1999,4,mullich01_1999,-16.802087783813477
Detroit Pistons_1999,5,schrede01_1999,-16.80382537841797
Detroit Pistons_1999,6,hornaje01_1999,-16.822664260864258
Detroit Pistons_1999,7,robinda01_1999,-16.85323715209961
Detroit Pistons_1999,8,sabonar01_1999,-16.86429786682129
Detroit Pistons_1999,9,portete01_1999,-16.87099838256836
Detroit Pistons_1999,10,robincl02_1999,-16.875625610351562
Detroit Pistons_2000,1,houstal01_2000,-13.132548332214355
Detroit Pistons_2000,2,surabo01_2000,-13.133063316345215
Detroit Pistons_2000,3,webbech01_2000,-13.137351036071777
Detroit Pistons_2000,4,stricer01_2000,-13.139992713928223
Detroit Pistons_2000,5,robingl01_2000,-13.140993118286133
Detroit Pistons_2000,6,murrala01_2000,-13.144887924194336
Detroit Pistons_2000,7,hardaan01_2000,-13.145047187805176
Detroit Pistons_2000,8,abdursh01_2000,-13.14574146270752
Detroit Pistons_2000,9,jonesed02_2000,-13.146035194396973
Detroit Pistons_2000,10,sprewla01_2000,-13.148839950561523
Detroit Pistons_2001,1,bryanko01_2001,-14.900784492492676
Detroit Pistons_2001,2,iversal01_2001,-14.908920288085938
Detroit Pistons_2001,3,mcgratr01_2001,-14.914270401000977
Detroit Pistons_2001,4,terryja01_2001,-14.9175386428833
Detroit Pistons_2001,5,cartevi01_2001,-14.922355651855469
Detroit Pistons_2001,6,allenra02_2001,-14.922398567199707
Detroit Pistons_2001,7,moblecu01_2001,-14.924090385437012
Detroit Pistons_2001,8,piercpa01_2001,-14.92555046081543
Detroit Pistons_2001,9,mariosh01_2001,-14.925748825073242
Detroit Pistons_2001,10,abdursh01_2001,-14.932883262634277
Detroit Pistons_2002,1,jordami01_2002,-15.575251579284668
Detroit Pistons_2002,2,malonka01_2002,-15.611170768737793
Detroit Pistons_2002,3,millere01_2002,-15.816304206848145
Detroit Pistons_2002,4,hardati01_2002,-15.878911972045898
Detroit Pistons_2002,5,stockjo01_2002,-15.879644393920898
Detroit Pistons_2002,6,jonesed02_2002,-15.989339828491211
Detroit Pistons_2002,7,houstal01_2002,-15.993910789489746
Detroit Pistons_2002,8,barrybr01_2002,-15.996193885803223
Detroit Pistons_2002,9,persowe01_2002,-16.00615882873535
Detroit Pistons_2002,10,harrilu01_2002,-16.030363082885742
Detroit Pistons_2003,1,malonka01_2003,-16.752172470092773
Detroit Pistons_2003,2,jordami01_2003,-16.800931930541992
Detroit Pistons_2003,3,millere01_2003,-16.849163055419922
Detroit Pistons_2003,4,onealsh01_2003,-16.87921714782715
Detroit Pistons_2003,5,mashbja01_2003,-16.885175704956055
Detroit Pistons_2003,6,robingl01_2003,-16.896556854248047
Detroit Pistons_2003,7,roseja01_2003,-16.910884857177734
Detroit Pistons_2003,8,hillgr01_2003,-16.925962448120117
Detroit Pistons_2003,9,iversal01_2003,-16.93671989440918
Detroit Pistons_2003,10,garneke01_2003,-16.93678092956543
Detroit Pistons_2004,1,millere01_2004,-16.86846923828125
Detroit Pistons_2004,2,kukocto01_2004,-16.878992080688477
Detroit Pistons_2004,3,onealsh01_2004,-16.899202346801758
Detroit Pistons_2004,4,paytoga01_2004,-16.911880493164062
Detroit Pistons_2004,5,jonesed02_2004,-16.95469856262207
Detroit Pistons_2004,6,finlemi01_2004,-16.956411361694336
Detroit Pistons_2004,7,barrybr01_2004,-16.968103408813477
Detroit Pistons_2004,8,jacksbo01_2004,-16.973112106323242
Detroit Pistons_2004,9,garneke01_2004,-16.980024337768555
Detroit Pistons_2004,10,duncati01_2004,-16.986865997314453
Detroit Pistons_2005,1,millere01_2005,-15.82019329071045
Detroit Pistons_2005,2,onealsh01_2005,-15.861598014831543
Detroit Pistons_2005,3,cassesa01_2005,-15.878137588500977
Detroit Pistons_2005,4,hillgr01_2005,-15.922042846679688
Detroit Pistons_2005,5,roseja01_2005,-15.942201614379883
Detroit Pistons_2005,6,marshdo01_2005,-15.982110977172852
Detroit Pistons_2005,7,piercpa01_2005,-16.01679801940918
Detroit Pistons_2005,8,stackje01_2005,-16.019752502441406
Detroit Pistons_2005,9,hoibefr01_2005,-16.020038604736328
Detroit Pistons_2005,10,jacksbo01_2005,-16.045562744140625
Detroit Pistons_2006,1,cassesa01_2006,-14.398404121398926
Detroit Pistons_2006,2,onealsh01_2006,-14.40333080291748
Detroit Pistons_2006,3,iversal01_2006,-14.434073448181152
Detroit Pistons_2006,4,hillgr01_2006,-14.517694473266602
Detroit Pistons_2006,5,allenra02_2006,-14.578108787536621
Detroit Pistons_2006,6,stackje01_2006,-14.584388732910156
Detroit Pistons_2006,7,mcgratr01_2006,-14.615365028381348
Detroit Pistons_2006,8,piercpa01_2006,-14.615398406982422
Detroit Pistons_2006,9,kiddja01_2006,-14.624079704284668
Detroit Pistons_2006,10,nashst01_2006,-14.6340913772583
Detroit Pistons_2007,1,garneke01_2007,-14.325888633728027
Detroit Pistons_2007,2,barrybr01_2007,-14.330368995666504
Detroit Pistons_2007,3,cartevi01_2007,-14.359850883483887
Detroit Pistons_2007,4,iversal01_2007,-14.368850708007812
Detroit Pistons_2007,5,duncati01_2007,-14.375631332397461
Detroit Pistons_2007,6,onealsh01_2007,-14.397936820983887
Detroit Pistons_2007,7,cassesa01_2007,-14.403080940246582
Detroit Pistons_2007,8,stackje01_2007,-14.4688138961792
Detroit Pistons_2007,9,jamisan01_2007,-14.525761604309082
Detroit Pistons_2007,10,allenra02_2007,-14.559473991394043
Detroit Pistons_2008,1,iversal01_2008,-11.451425552368164
Detroit Pistons_2008,2,ginobma01_2008,-11.456191062927246
Detroit Pistons_2008,3,piercpa01_2008,-11.623798370361328
Detroit Pistons_2008,4,nashst01_2008,-11.630022048950195
Detroit Pistons_2008,5,garneke01_2008,-11.688939094543457
Detroit Pistons_2008,6,mcgratr01_2008,-11.764066696166992
Detroit Pistons_2008,7,bryanko01_2008,-11.76661491394043
Detroit Pistons_2008,8,wadedw01_2008,-11.800604820251465
Detroit Pistons_2008,9,caldejo01_2008,-11.941513061523438
Detroit Pistons_2008,10,davisba01_2008,-11.942606925964355
Detroit Pistons_2009,1,bryanko01_2009,-13.605669021606445
Detroit Pistons_2009,2,ginobma01_2009,-13.623655319213867
Detroit Pistons_2009,3,piercpa01_2009,-13.67017650604248
Detroit Pistons_2009,4,nowitdi01_2009,-13.693078994750977
Detroit Pistons_2009,5,wadedw01_2009,-13.694181442260742
Detroit Pistons_2009,6,parketo01_2009,-13.76590347290039
Detroit Pistons_2009,7,gasolpa01_2009,-13.794923782348633
Detroit Pistons_2009,8,mingya01_2009,-13.79616928100586
Detroit Pistons_2009,9,nelsoja01_2009,-13.796289443969727
Detroit Pistons_2009,10,roybr01_2009,-13.837340354919434
Detroit Pistons_2010,1,anderry01_2010,-12.889284133911133
Detroit Pistons_2010,2,rosede01_2010,-12.903305053710938
Detroit Pistons_2010,3,curryst01_2010,-12.904616355895996
Detroit Pistons_2010,4,jennibr01_2010,-12.909661293029785
Detroit Pistons_2010,5,westbru01_2010,-12.918542861938477
Detroit Pistons_2010,6,flynnjo01_2010,-12.918907165527344
Detroit Pistons_2010,7,beaubro01_2010,-12.932711601257324
Detroit Pistons_2010,8,gordoer01_2010,-13.022214889526367
Detroit Pistons_2010,9,evansty01_2010,-13.024230003356934
Detroit Pistons_2010,10,bayleje01_2010,-13.05752944946289
Detroit Pistons_2011,1,wadedw01_2011,-13.06289005279541
Detroit Pistons_2011,2,jamesle01_2011,-13.064568519592285
Detroit Pistons_2011,3,martike02_2011,-13.083191871643066
Detroit Pistons_2011,4,bryanko01_2011,-13.107675552368164
Detroit Pistons_2011,5,piercpa01_2011,-13.116151809692383
Detroit Pistons_2011,6,duranke01_2011,-13.117094993591309
Detroit Pistons_2011,7,ginobma01_2011,-13.120423316955566
Detroit Pistons_2011,8,rosede01_2011,-13.135905265808105
Detroit Pistons_2011,9,paulch01_2011,-13.142165184020996
Detroit Pistons_2011,10,nowitdi01_2011,-13.143148422241211
Detroit Pistons_2012,1,haywago01_2012,-14.374752044677734
Detroit Pistons_2012,2,walkeke02_2012,-14.392250061035156
Detroit Pistons_2012,3,walljo01_2012,-14.405515670776367
Detroit Pistons_2012,4,thompkl01_2012,-14.466136932373047
Detroit Pistons_2012,5,burksal01_2012,-14.497536659240723
Detroit Pistons_2012,6,favorde01_2012,-14.529341697692871
Detroit Pistons_2012,7,batumni01_2012,-14.551153182983398
Detroit Pistons_2012,8,gayru01_2012,-14.561877250671387
Detroit Pistons_2012,9,gallida01_2012,-14.563252449035645
Detroit Pistons_2012,10,couside01_2012,-14.565425872802734
Detroit Pistons_2013,1,waitedi01_2013,-14.176630020141602
Detroit Pistons_2013,2,bealbr01_2013,-14.192902565002441
Detroit Pistons_2013,3,kiddgmi01_2013,-14.246187210083008
Detroit Pistons_2013,4,barneha02_2013,-14.256770133972168
Detroit Pistons_2013,5,thomptr01_2013,-14.264774322509766
Detroit Pistons_2013,6,harrito02_2013,-14.267756462097168
Detroit Pistons_2013,7,davisan02_2013,-14.269956588745117
Detroit Pistons_2013,8,willide02_2013,-14.284261703491211
Detroit Pistons_2013,9,anderry01_2013,-14.285881042480469
Detroit Pistons_2013,10,lambje01_2013,-14.28693675994873
Detroit Pistons_2014,1,burketr01_2014,-13.841449737548828
Detroit Pistons_2014,2,wroteto01_2014,-13.847513198852539
Detroit Pistons_2014,3,antetgi01_2014,-14.006063461303711
Detroit Pistons_2014,4,bealbr01_2014,-14.007342338562012
Detroit Pistons_2014,5,millequ01_2014,-14.025343894958496
Detroit Pistons_2014,6,bennean01_2014,-14.029869079589844
Detroit Pistons_2014,7,karasse01_2014,-14.047255516052246
Detroit Pistons_2014,8,barneha02_2014,-14.059863090515137
Detroit Pistons_2014,9,porteot01_2014,-14.061447143554688
Detroit Pistons_2014,10,riverau01_2014,-14.070211410522461
Detroit Pistons_2015,1,gayru01_2015,-14.916449546813965
Detroit Pistons_2015,2,curryst01_2015,-14.923378944396973
Detroit Pistons_2015,3,duranke01_2015,-14.928587913513184
Detroit Pistons_2015,4,millspa01_2015,-14.929666519165039
Detroit Pistons_2015,5,parsoch01_2015,-14.930503845214844
Detroit Pistons_2015,6,paulch01_2015,-14.930676460266113
Detroit Pistons_2015,7,westbru01_2015,-14.931231498718262
Detroit Pistons_2015,8,hillge01_2015,-14.932365417480469
Detroit Pistons_2015,9,aldrila01_2015,-14.933528900146484
Detroit Pistons_2015,10,davisan02_2015,-14.935989379882812
Detroit Pistons_2016,1,westbru01_2016,-14.776296615600586
Detroit Pistons_2016,2,lowryky01_2016,-14.778335571289062
Detroit Pistons_2016,3,thomais02_2016,-14.779356002807617
Detroit Pistons_2016,4,curryst01_2016,-14.787967681884766
Detroit Pistons_2016,5,duranke01_2016,-14.788650512695312
Detroit Pistons_2016,6,griffbl01_2016,-14.810639381408691
Detroit Pistons_2016,7,butleji01_2016,-14.841521263122559
Detroit Pistons_2016,8,anthoca01_2016,-14.849760055541992
Detroit Pistons_2016,9,derozde01_2016,-14.850321769714355
Detroit Pistons_2016,10,hardeja01_2016,-14.850591659545898
Detroit Pistons_2017,1,butleji01_2017,-14.783329963684082
Detroit Pistons_2017,2,georgpa01_2017,-14.785271644592285
Detroit Pistons_2017,3,haywago01_2017,-14.79000473022461
Detroit Pistons_2017,4,westbru01_2017,-14.795702934265137
Detroit Pistons_2017,5,walkeke02_2017,-14.79877758026123
Detroit Pistons_2017,6,conlemi01_2017,-14.800500869750977
Detroit Pistons_2017,7,curryst01_2017,-14.801020622253418
Detroit Pistons_2017,8,bledser01_2017,-14.801471710205078
Detroit Pistons_2017,9,lillada01_2017,-14.80155086517334
Detroit Pistons_2017,10,walljo01_2017,-14.801648139953613
Detroit Pistons_2018,1,duranke01_2018,-14.79228401184082
Detroit Pistons_2018,2,westbru01_2018,-14.797187805175781
Detroit Pistons_2018,3,georgpa01_2018,-14.799884796142578
Detroit Pistons_2018,4,walkeke02_2018,-14.801137924194336
Detroit Pistons_2018,5,lillada01_2018,-14.80445384979248
Detroit Pistons_2018,6,curryst01_2018,-14.809199333190918
Detroit Pistons_2018,7,evansty01_2018,-14.815202713012695
Detroit Pistons_2018,8,butleji01_2018,-14.87956428527832
Detroit Pistons_2018,9,hardeja01_2018,-14.890716552734375
Detroit Pistons_2018,10,lowryky01_2018,-14.897682189941406
Detroit Pistons_2019,1,hardeja01_2019,-16.569984436035156
Detroit Pistons_2019,2,georgpa01_2019,-16.57569694519043
Detroit Pistons_2019,3,butleji01_2019,-16.583358764648438
Detroit Pistons_2019,4,leonaka01_2019,-16.58670425415039
Detroit Pistons_2019,5,irvinky01_2019,-16.587995529174805
Detroit Pistons_2019,6,lillada01_2019,-16.59156036376953
Detroit Pistons_2019,7,walkeke02_2019,-16.593318939208984
Detroit Pistons_2019,8,conlemi01_2019,-16.671340942382812
Detroit Pistons_2019,9,vucevni01_2019,-16.672208786010742
Detroit Pistons_2019,10,westbru01_2019,-16.674083709716797
Detroit Pistons_2020,1,whiteco01_2020,-18.354211807250977
Detroit Pistons_2020,2,moranja01_2020,-18.359018325805664
Detroit Pistons_2020,3,sextoco01_2020,-18.368404388427734
Detroit Pistons_2020,4,gilgesh01_2020,-18.427108764648438
Detroit Pistons_2020,5,monkma01_2020,-18.44965934753418
Detroit Pistons_2020,6,herroty01_2020,-18.454055786132812
Detroit Pistons_2020,7,ntilila01_2020,-18.522951126098633
Detroit Pistons_2020,8,jacksfr01_2020,-18.532880783081055
Detroit Pistons_2020,9,porteke02_2020,-18.575979232788086
Detroit Pistons_2020,10,garlada01_2020,-18.58142852783203
Detroit Pistons_2021,1,moranja01_2021,-18.33880615234375
Detroit Pistons_2021,2,whiteco01_2021,-18.339622497558594
Detroit Pistons_2021,3,garlada01_2021,-18.343170166015625
Detroit Pistons_2021,4,anthoco01_2021,-18.346878051757812
Detroit Pistons_2021,5,ballla01_2021,-18.35190200805664
Detroit Pistons_2021,6,halibty01_2021,-18.36202049255371
Detroit Pistons_2021,7,quickim01_2021,-18.37070083618164
Detroit Pistons_2021,8,edwaran01_2021,-18.411645889282227
Detroit Pistons_2021,9,barrerj01_2021,-18.425344467163086
Detroit Pistons_2021,10,porteke02_2021,-18.43385887145996
Detroit Pistons_2022,1,anthoco01_2022,-17.41967010498047
Detroit Pistons_2022,2,porteke02_2022,-17.437541961669922
Detroit Pistons_2022,3,maxeyty01_2022,-17.47173309326172
Detroit Pistons_2022,4,suggsja01_2022,-17.519468307495117
Detroit Pistons_2022,5,wagnefr01_2022,-17.52952003479004
Detroit Pistons_2022,6,maledth01_2022,-17.530410766601562
Detroit Pistons_2022,7,greenja05_2022,-17.533374786376953
Detroit Pistons_2022,8,lewiski01_2022,-17.543893814086914
Detroit Pistons_2022,9,barrerj01_2022,-17.54486846923828
Detroit Pistons_2022,10,mcbrimi01_2022,-17.545434951782227
Detroit Pistons_2023,1,ballla01_2023,-18.346298217773438
Detroit Pistons_2023,2,greenja05_2023,-18.401737213134766
Detroit Pistons_2023,3,banchpa01_2023,-18.404125213623047
Detroit Pistons_2023,4,wagnefr01_2023,-18.404998779296875
Detroit Pistons_2023,5,giddejo01_2023,-18.411901473999023
Detroit Pistons_2023,6,mathube01_2023,-18.418664932250977
Detroit Pistons_2023,7,edwaran01_2023,-18.42106056213379
Detroit Pistons_2023,8,barnesc01_2023,-18.424283981323242
Detroit Pistons_2023,9,thomaca02_2023,-18.43761444091797
Detroit Pistons_2023,10,bostobr01_2023,-18.445589065551758
Detroit Pistons_2024,1,georgke01_2024,-18.364702224731445
Detroit Pistons_2024,2,millebr02_2024,-18.412357330322266
Detroit Pistons_2024,3,jacksgg01_2024,-18.423139572143555
Detroit Pistons_2024,4,banchpa01_2024,-18.432085037231445
Detroit Pistons_2024,5,greenja05_2024,-18.43360137939453
Detroit Pistons_2024,6,sharpsh01_2024,-18.439016342163086
Detroit Pistons_2024,7,giddejo01_2024,-18.4415340423584
Detroit Pistons_2024,8,mathube01_2024,-18.449167251586914
Detroit Pistons_2024,9,whitmca01_2024,-18.451263427734375
Detroit Pistons_2024,10,hardyja02_2024,-18.46824073791504
Detroit Pistons_2025,1,sharpsh01_2025,-19.664276123046875
Detroit Pistons_2025,2,edwaran01_2025,-19.697099685668945
Detroit Pistons_2025,3,mccaija01_2025,-19.699970245361328
Detroit Pistons_2025,4,branhma01_2025,-19.70063591003418
Detroit Pistons_2025,5,herroty01_2025,-19.700851440429688
Detroit Pistons_2025,6,willija06_2025,-19.703495025634766
Detroit Pistons_2025,7,wembavi01_2025,-19.728607177734375
Detroit Pistons_2025,8,simonan01_2025,-19.73172378540039
Detroit Pistons_2025,9,sensabr01_2025,-19.73790168762207
Detroit Pistons_2025,10,vassede01_2025,-19.752511978149414
Golden State Warriors_1999,1,iversal01_1999,-16.570743560791016
Golden State Warriors_1999,2,stackje01_1999,-16.608139038085938
Golden State Warriors_1999,3,allenra02_1999,-16.60938262939453
Golden State Warriors_1999,4,garneke01_1999,-16.61613655090332
Golden State Warriors_1999,5,bryanko01_1999,-16.61772346496582
Golden State Warriors_1999,6,carrch01_1999,-16.618362426757812
Golden State Warriors_1999,7,anderde01_1999,-16.620380401611328
Golden State Warriors_1999,8,finlemi01_1999,-16.622705459594727
Golden State Warriors_1999,9,abdursh01_1999,-16.62555694580078
Golden State Warriors_1999,10,hillgr01_1999,-16.629690170288086
Golden State Warriors_2000,1,lopezfe01_2000,-12.790117263793945
Golden State Warriors_2000,2,baileto01_2000,-12.812289237976074
Golden State Warriors_2000,3,odomla01_2000,-12.815932273864746
Golden State Warriors_2000,4,brandel01_2000,-12.836199760437012
Golden State Warriors_2000,5,lewisra02_2000,-12.8370361328125
Golden State Warriors_2000,6,maggeco01_2000,-12.845785140991211
Golden State Warriors_2000,7,mariosh01_2000,-12.857478141784668
Golden State Warriors_2000,8,harrial01_2000,-12.862451553344727
Golden State Warriors_2000,9,lafrera01_2000,-12.870999336242676
Golden State Warriors_2000,10,patteru01_2000,-12.874348640441895
Golden State Warriors_2001,1,dialde01_2001,-13.768658638000488
Golden State Warriors_2001,2,brandel01_2001,-13.776433944702148
Golden State Warriors_2001,3,maggeco01_2001,-13.779478073120117
Golden State Warriors_2001,4,mihmch01_2001,-13.794807434082031
Golden State Warriors_2001,5,nesbyty01_2001,-13.810744285583496
Golden State Warriors_2001,6,martike01_2001,-13.818486213684082
Golden State Warriors_2001,7,patteru01_2001,-13.819748878479004
Golden State Warriors_2001,8,tayloma01_2001,-13.820040702819824
Golden State Warriors_2001,9,richaqu01_2001,-13.822887420654297
Golden State Warriors_2001,10,potapvi01_2001,-13.823660850524902
Golden State Warriors_2002,1,gasolpa01_2002,-13.120348930358887
Golden State Warriors_2002,2,harrial01_2002,-13.150419235229492
Golden State Warriors_2002,3,curryed01_2002,-13.15866470336914
Golden State Warriors_2002,4,jefferi01_2002,-13.160054206848145
Golden State Warriors_2002,5,harprma01_2002,-13.166033744812012
Golden State Warriors_2002,6,harvedo01_2002,-13.16606330871582
Golden State Warriors_2002,7,wallage01_2002,-13.167269706726074
Golden State Warriors_2002,8,fizerma01_2002,-13.171917915344238
Golden State Warriors_2002,9,mohamna01_2002,-13.1752290725708
Golden State Warriors_2002,10,swiftst01_2002,-13.17808723449707
Golden State Warriors_2003,1,bryanko01_2003,-11.875716209411621
Golden State Warriors_2003,2,mcgratr01_2003,-11.878706932067871
Golden State Warriors_2003,3,piercpa01_2003,-11.882511138916016
Golden State Warriors_2003,4,maggeco01_2003,-11.899129867553711
Golden State Warriors_2003,5,mariosh01_2003,-11.90234375
Golden State Warriors_2003,6,davisri01_2003,-11.903863906860352
Golden State Warriors_2003,7,iversal01_2003,-11.90474796295166
Golden State Warriors_2003,8,reddmi01_2003,-11.92361831665039
Golden State Warriors_2003,9,hamilri01_2003,-11.92429256439209
Golden State Warriors_2003,10,nowitdi01_2003,-11.929936408996582
Golden State Warriors_2004,1,mcgratr01_2004,-16.815622329711914
Golden State Warriors_2004,2,bryanko01_2004,-16.823942184448242
Golden State Warriors_2004,3,piercpa01_2004,-16.837928771972656
Golden State Warriors_2004,4,cartevi01_2004,-16.839527130126953
Golden State Warriors_2004,5,iversal01_2004,-16.843311309814453
Golden State Warriors_2004,6,poseyja01_2004,-16.843774795532227
Golden State Warriors_2004,7,ginobma01_2004,-16.846149444580078
Golden State Warriors_2004,8,brandel01_2004,-16.84639549255371
Golden State Warriors_2004,9,stojape01_2004,-16.847885131835938
Golden State Warriors_2004,10,allenra02_2004,-16.848058700561523
Golden State Warriors_2005,1,crawfja01_2005,-15.071398735046387
Golden State Warriors_2005,2,maggeco01_2005,-15.075499534606934
Golden State Warriors_2005,3,davisri01_2005,-15.076154708862305
Golden State Warriors_2005,4,reddmi01_2005,-15.078696250915527
Golden State Warriors_2005,5,wadedw01_2005,-15.081694602966309
Golden State Warriors_2005,6,childjo01_2005,-15.083166122436523
Golden State Warriors_2005,7,gordobe01_2005,-15.102396011352539
Golden State Warriors_2005,8,harrial01_2005,-15.108232498168945
Golden State Warriors_2005,9,arenagi01_2005,-15.109150886535645
Golden State Warriors_2005,10,hinriki01_2005,-15.118091583251953
Golden State Warriors_2006,1,gordobe01_2006,-15.474244117736816
Golden State Warriors_2006,2,wadedw01_2006,-15.476300239562988
Golden State Warriors_2006,3,johnsjo02_2006,-15.479690551757812
Golden State Warriors_2006,4,crawfja01_2006,-15.482407569885254
Golden State Warriors_2006,5,millemi01_2006,-15.503073692321777
Golden State Warriors_2006,6,martike02_2006,-15.504515647888184
Golden State Warriors_2006,7,stevede01_2006,-15.505767822265625
Golden State Warriors_2006,8,smithjo03_2006,-15.505868911743164
Golden State Warriors_2006,9,denglu01_2006,-15.50759506225586
Golden State Warriors_2006,10,harrial01_2006,-15.512391090393066
Golden State Warriors_2007,1,wadedw01_2007,-12.909391403198242
Golden State Warriors_2007,2,iguodan01_2007,-12.911935806274414
Golden State Warriors_2007,3,gordobe01_2007,-12.913129806518555
Golden State Warriors_2007,4,johnsjo02_2007,-12.91628646850586
Golden State Warriors_2007,5,barbole01_2007,-12.918449401855469
Golden State Warriors_2007,6,roybr01_2007,-12.919061660766602
Golden State Warriors_2007,7,martike02_2007,-12.921555519104004
Golden State Warriors_2007,8,anthoca01_2007,-12.932191848754883
Golden State Warriors_2007,9,wallage01_2007,-12.933086395263672
Golden State Warriors_2007,10,smithjr01_2007,-12.94249153137207
Golden State Warriors_2008,1,gayru01_2008,-11.466023445129395
Golden State Warriors_2008,2,jefferi01_2008,-11.486161231994629
Golden State Warriors_2008,3,artesro01_2008,-11.48836612701416
Golden State Warriors_2008,4,duranke01_2008,-11.48853588104248
Golden State Warriors_2008,5,turkohe01_2008,-11.491362571716309
Golden State Warriors_2008,6,princta01_2008,-11.495217323303223
Golden State Warriors_2008,7,willilo02_2008,-11.495559692382812
Golden State Warriors_2008,8,howarjo01_2008,-11.495638847351074
Golden State Warriors_2008,9,richaja01_2008,-11.496387481689453
Golden State Warriors_2008,10,nocioan01_2008,-11.50173282623291
Golden State Warriors_2009,1,westbru01_2009,-11.422595024108887
Golden State Warriors_2009,2,rosede01_2009,-11.430662155151367
Golden State Warriors_2009,3,youngth01_2009,-11.433277130126953
Golden State Warriors_2009,4,augusdj01_2009,-11.435608863830566
Golden State Warriors_2009,5,gordoer01_2009,-11.44144058227539
Golden State Warriors_2009,6,mayooj01_2009,-11.44408893585205
Golden State Warriors_2009,7,turkohe01_2009,-11.44434642791748
Golden State Warriors_2009,8,gayru01_2009,-11.451458930969238
Golden State Warriors_2009,9,artesro01_2009,-11.459946632385254
Golden State Warriors_2009,10,anthoca01_2009,-11.460829734802246
Golden State Warriors_2010,1,jennibr01_2010,-11.435821533203125
Golden State Warriors_2010,2,westbru01_2010,-11.438307762145996
Golden State Warriors_2010,3,rosede01_2010,-11.441180229187012
Golden State Warriors_2010,4,anderry01_2010,-11.443767547607422
Golden State Warriors_2010,5,gordoer01_2010,-11.45748233795166
Golden State Warriors_2010,6,flynnjo01_2010,-11.457853317260742
Golden State Warriors_2010,7,iguodan01_2010,-11.458135604858398
Golden State Warriors_2010,8,beaubro01_2010,-11.459562301635742
Golden State Warriors_2010,9,evansty01_2010,-11.462836265563965
Golden State Warriors_2010,10,beaslmi01_2010,-11.468835830688477
Golden State Warriors_2011,1,derozde01_2011,-14.20833683013916
Golden State Warriors_2011,2,jennibr01_2011,-14.217473983764648
Golden State Warriors_2011,3,walljo01_2011,-14.221460342407227
Golden State Warriors_2011,4,evansty01_2011,-14.227204322814941
Golden State Warriors_2011,5,hardeja01_2011,-14.237218856811523
Golden State Warriors_2011,6,griffbl01_2011,-14.241290092468262
Golden State Warriors_2011,7,grangda01_2011,-14.243338584899902
Golden State Warriors_2011,8,denglu01_2011,-14.248821258544922
Golden State Warriors_2011,9,beaslmi01_2011,-14.256414413452148
Golden State Warriors_2011,10,smithjr01_2011,-14.257989883422852
Golden State Warriors_2012,1,haywago01_2012,-14.304107666015625
Golden State Warriors_2012,2,walkeke02_2012,-14.322460174560547
Golden State Warriors_2012,3,walljo01_2012,-14.33570384979248
Golden State Warriors_2012,4,burksal01_2012,-14.425446510314941
Golden State Warriors_2012,5,favorde01_2012,-14.458791732788086
Golden State Warriors_2012,6,batumni01_2012,-14.475542068481445
Golden State Warriors_2012,7,gayru01_2012,-14.486130714416504
Golden State Warriors_2012,8,gallida01_2012,-14.487570762634277
Golden State Warriors_2012,9,monrogr01_2012,-14.493374824523926
Golden State Warriors_2012,10,couside01_2012,-14.49596118927002
Golden State Warriors_2013,1,denglu01_2013,-14.047234535217285
Golden State Warriors_2013,2,waitedi01_2013,-14.056889533996582
Golden State Warriors_2013,3,breweco01_2013,-14.057881355285645
Golden State Warriors_2013,4,afflaar01_2013,-14.0595703125
Golden State Warriors_2013,5,wrighdo01_2013,-14.062309265136719
Golden State Warriors_2013,6,bealbr01_2013,-14.062926292419434
Golden State Warriors_2013,7,parsoch01_2013,-14.06417465209961
Golden State Warriors_2013,8,dragigo01_2013,-14.067689895629883
Golden State Warriors_2013,9,stuckro01_2013,-14.068077087402344
Golden State Warriors_2013,10,martike02_2013,-14.069469451904297
Golden State Warriors_2014,1,wadedw01_2014,-12.77756404876709
Golden State Warriors_2014,2,ginobma01_2014,-12.800031661987305
Golden State Warriors_2014,3,nowitdi01_2014,-13.012908935546875
Golden State Warriors_2014,4,dragigo01_2014,-13.07789134979248
Golden State Warriors_2014,5,lowryky01_2014,-13.23006534576416
Golden State Warriors_2014,6,paulch01_2014,-13.234704971313477
Golden State Warriors_2014,7,conlemi01_2014,-13.243953704833984
Golden State Warriors_2014,8,anthoca01_2014,-13.28127384185791
Golden State Warriors_2014,9,allento01_2014,-13.283848762512207
Golden State Warriors_2014,10,hardeja01_2014,-13.289311408996582
Golden State Warriors_2015,1,wadedw01_2015,-9.956252098083496
Golden State Warriors_2015,2,jamesle01_2015,-10.127291679382324
Golden State Warriors_2015,3,anthoca01_2015,-10.169881820678711
Golden State Warriors_2015,4,gasolma01_2015,-10.184131622314453
Golden State Warriors_2015,5,westbru01_2015,-10.443099975585938
Golden State Warriors_2015,6,paulch01_2015,-10.445749282836914
Golden State Warriors_2015,7,teaguje01_2015,-10.449007034301758
Golden State Warriors_2015,8,hillge01_2015,-10.449228286743164
Golden State Warriors_2015,9,allento01_2015,-10.452322959899902
Golden State Warriors_2015,10,duranke01_2015,-10.468024253845215
Golden State Warriors_2016,1,wadedw01_2016,-15.906384468078613
Golden State Warriors_2016,2,anthoca01_2016,-15.909042358398438
Golden State Warriors_2016,3,jamesle01_2016,-15.918694496154785
Golden State Warriors_2016,4,butleji01_2016,-15.974260330200195
Golden State Warriors_2016,5,derozde01_2016,-15.980461120605469
Golden State Warriors_2016,6,hardeja01_2016,-15.989764213562012
Golden State Warriors_2016,7,duranke01_2016,-16.008047103881836
Golden State Warriors_2016,8,griffbl01_2016,-16.068832397460938
Golden State Warriors_2016,9,paulch01_2016,-16.08832550048828
Golden State Warriors_2016,10,westbru01_2016,-16.16236114501953
Golden State Warriors_2017,1,jamesle01_2017,-15.901203155517578
Golden State Warriors_2017,2,derozde01_2017,-15.945596694946289
Golden State Warriors_2017,3,butleji01_2017,-15.966825485229492
Golden State Warriors_2017,4,georgpa01_2017,-15.97104263305664
Golden State Warriors_2017,5,haywago01_2017,-15.972482681274414
Golden State Warriors_2017,6,griffbl01_2017,-16.024465560913086
Golden State Warriors_2017,7,dragigo01_2017,-16.062952041625977
Golden State Warriors_2017,8,paulch01_2017,-16.073822021484375
Golden State Warriors_2017,9,lowryky01_2017,-16.07927894592285
Golden State Warriors_2017,10,walljo01_2017,-16.141359329223633
Golden State Warriors_2018,1,willilo02_2018,-17.91733169555664
Golden State Warriors_2018,2,jamesle01_2018,-17.96643829345703
Golden State Warriors_2018,3,butleji01_2018,-17.975202560424805
Golden State Warriors_2018,4,hardeja01_2018,-17.98505401611328
Golden State Warriors_2018,5,derozde01_2018,-17.9962100982666
Golden State Warriors_2018,6,georgpa01_2018,-18.000444412231445
Golden State Warriors_2018,7,lowryky01_2018,-18.074411392211914
Golden State Warriors_2018,8,paulch01_2018,-18.078760147094727
Golden State Warriors_2018,9,westbru01_2018,-18.128662109375
Golden State Warriors_2018,10,walkeke02_2018,-18.14041519165039
Golden State Warriors_2019,1,willilo02_2019,-18.128273010253906
Golden State Warriors_2019,2,gallida01_2019,-18.170276641845703
Golden State Warriors_2019,3,jamesle01_2019,-18.188926696777344
Golden State Warriors_2019,4,georgpa01_2019,-18.26569175720215
Golden State Warriors_2019,5,butleji01_2019,-18.268545150756836
Golden State Warriors_2019,6,leonaka01_2019,-18.269235610961914
Golden State Warriors_2019,7,griffbl01_2019,-18.316410064697266
Golden State Warriors_2019,8,westbru01_2019,-18.346357345581055
Golden State Warriors_2019,9,paulch01_2019,-18.3481502532959
Golden State Warriors_2019,10,conlemi01_2019,-18.349872589111328
Golden State Warriors_2020,1,whiteco01_2020,-17.44142723083496
Golden State Warriors_2020,2,moranja01_2020,-17.447566986083984
Golden State Warriors_2020,3,sextoco01_2020,-17.455976486206055
Golden State Warriors_2020,4,ntilila01_2020,-17.52631378173828
Golden State Warriors_2020,5,jacksfr01_2020,-17.536523818969727
Golden State Warriors_2020,6,gilgesh01_2020,-17.558944702148438
Golden State Warriors_2020,7,monkma01_2020,-17.577674865722656
Golden State Warriors_2020,8,herroty01_2020,-17.588733673095703
Golden State Warriors_2020,9,porteke02_2020,-17.610868453979492
Golden State Warriors_2020,10,reddica01_2020,-17.620235443115234
Golden State Warriors_2021,1,leonaka01_2021,-17.456745147705078
Golden State Warriors_2021,2,butleji01_2021,-17.45757293701172
Golden State Warriors_2021,3,randlju01_2021,-17.46055793762207
Golden State Warriors_2021,4,davisan02_2021,-17.46294403076172
Golden State Warriors_2021,5,bealbr01_2021,-17.464244842529297
Golden State Warriors_2021,6,antetgi01_2021,-17.47423553466797
Golden State Warriors_2021,7,georgpa01_2021,-17.477943420410156
Golden State Warriors_2021,8,derozde01_2021,-17.485912322998047
Golden State Warriors_2021,9,irvinky01_2021,-17.486356735229492
Golden State Warriors_2021,10,duranke01_2021,-17.49940299987793
Golden State Warriors_2022,1,butleji01_2022,-16.633983612060547
Golden State Warriors_2022,2,duranke01_2022,-16.674123764038086
Golden State Warriors_2022,3,derozde01_2022,-16.67880630493164
Golden State Warriors_2022,4,georgpa01_2022,-16.695261001586914
Golden State Warriors_2022,5,paulch01_2022,-16.74091911315918
Golden State Warriors_2022,6,antetgi01_2022,-16.768985748291016
Golden State Warriors_2022,7,siakapa01_2022,-16.774168014526367
Golden State Warriors_2022,8,hardeja01_2022,-16.82251739501953
Golden State Warriors_2022,9,jamesle01_2022,-16.86565589904785
Golden State Warriors_2022,10,loveke01_2022,-16.903715133666992
Golden State Warriors_2023,1,derozde01_2023,-19.85900115966797
Golden State Warriors_2023,2,leonaka01_2023,-19.862363815307617
Golden State Warriors_2023,3,georgpa01_2023,-19.86591148376465
Golden State Warriors_2023,4,bookede01_2023,-19.879623413085938
Golden State Warriors_2023,5,mitchdo01_2023,-19.882116317749023
Golden State Warriors_2023,6,butleji01_2023,-19.91026496887207
Golden State Warriors_2023,7,jamesle01_2023,-19.917190551757812
Golden State Warriors_2023,8,duranke01_2023,-19.918027877807617
Golden State Warriors_2023,9,randlju01_2023,-19.9869384765625
Golden State Warriors_2023,10,siakapa01_2023,-19.994564056396484
Golden State Warriors_2024,1,irvinky01_2024,-19.795543670654297
Golden State Warriors_2024,2,leonaka01_2024,-19.851640701293945
Golden State Warriors_2024,3,derozde01_2024,-19.86403465270996
Golden State Warriors_2024,4,georgpa01_2024,-19.89084243774414
Golden State Warriors_2024,5,duranke01_2024,-19.900663375854492
Golden State Warriors_2024,6,jamesle01_2024,-19.90068244934082
Golden State Warriors_2024,7,mitchdo01_2024,-19.90094757080078
Golden State Warriors_2024,8,butleji01_2024,-19.909351348876953
Golden State Warriors_2024,9,antetgi01_2024,-19.981834411621094
Golden State Warriors_2024,10,davisan02_2024,-20.00092124938965
Golden State Warriors_2025,1,edwaran01_2025,-19.70166778564453
Golden State Warriors_2025,2,herroty01_2025,-19.705612182617188
Golden State Warriors_2025,3,willija06_2025,-19.708463668823242
Golden State Warriors_2025,4,sharpsh01_2025,-19.726573944091797
Golden State Warriors_2025,5,mitchdo01_2025,-19.751266479492188
Golden State Warriors_2025,6,wembavi01_2025,-19.760156631469727
Golden State Warriors_2025,7,jeromty01_2025,-19.760562896728516
Golden State Warriors_2025,8,mccaija01_2025,-19.76242446899414
Golden State Warriors_2025,9,branhma01_2025,-19.762849807739258
Golden State Warriors_2025,10,simonan01_2025,-19.77660369873047
Houston Rockets_1999,1,malonka01_1999,-15.60558032989502
Houston Rockets_1999,2,mullich01_1999,-15.741575241088867
Houston Rockets_1999,3,schrede01_1999,-15.74730396270752
Houston Rockets_1999,4,hornaje01_1999,-15.801883697509766
Houston Rockets_1999,5,robinda01_1999,-15.848636627197266
Houston Rockets_1999,6,portete01_1999,-15.856754302978516
Houston Rockets_1999,7,sabonar01_1999,-15.859156608581543
Houston Rockets_1999,8,stockjo01_1999,-15.870172500610352
Houston Rockets_1999,9,robincl02_1999,-15.909697532653809
Houston Rockets_1999,10,kukocto01_1999,-15.921974182128906
Houston Rockets_2000,1,stackje01_2000,-14.073241233825684
Houston Rockets_2000,2,anderde01_2000,-14.077675819396973
Houston Rockets_2000,3,dickemi01_2000,-14.085192680358887
Houston Rockets_2000,4,abdursh01_2000,-14.090080261230469
Houston Rockets_2000,5,iversal01_2000,-14.095897674560547
Houston Rockets_2000,6,cartevi01_2000,-14.097243309020996
Houston Rockets_2000,7,bryanko01_2000,-14.097793579101562
Houston Rockets_2000,8,allenra02_2000,-14.104877471923828
Houston Rockets_2000,9,surabo01_2000,-14.115012168884277
Houston Rockets_2000,10,houstal01_2000,-14.117709159851074
Houston Rockets_2001,1,malonka01_2001,-15.244646072387695
Houston Rockets_2001,2,robinda01_2001,-15.30378532409668
Houston Rockets_2001,3,millere01_2001,-15.434066772460938
Houston Rockets_2001,4,richmmi01_2001,-15.476255416870117
Houston Rockets_2001,5,stockjo01_2001,-15.50220775604248
Houston Rockets_2001,6,sprewla01_2001,-15.555218696594238
Houston Rockets_2001,7,cebalce01_2001,-15.57204818725586
Houston Rockets_2001,8,robincl02_2001,-15.589123725891113
Houston Rockets_2001,9,wesleda01_2001,-15.627790451049805
Houston Rockets_2001,10,marshdo01_2001,-15.63308334350586
Houston Rockets_2002,1,gasolpa01_2002,-15.173951148986816
Houston Rockets_2002,2,harrial01_2002,-15.200414657592773
Houston Rockets_2002,3,harprma01_2002,-15.200550079345703
Houston Rockets_2002,4,jefferi01_2002,-15.205327987670898
Houston Rockets_2002,5,richaja01_2002,-15.208824157714844
Houston Rockets_2002,6,wallage01_2002,-15.212478637695312
Houston Rockets_2002,7,fizerma01_2002,-15.21422290802002
Houston Rockets_2002,8,curryed01_2002,-15.216209411621094
Houston Rockets_2002,9,harvedo01_2002,-15.217591285705566
Houston Rockets_2002,10,onealje01_2002,-15.219783782958984
Houston Rockets_2003,1,iversal01_2003,-16.79017448425293
Houston Rockets_2003,2,bryanko01_2003,-16.798131942749023
Houston Rockets_2003,3,mcgratr01_2003,-16.802776336669922
Houston Rockets_2003,4,piercpa01_2003,-16.80338478088379
Houston Rockets_2003,5,mariosh01_2003,-16.809465408325195
Houston Rockets_2003,6,garneke01_2003,-16.824264526367188
Houston Rockets_2003,7,webbech01_2003,-16.828651428222656
Houston Rockets_2003,8,duncati01_2003,-16.831716537475586
Houston Rockets_2003,9,cartevi01_2003,-16.837806701660156
Houston Rockets_2003,10,stackje01_2003,-16.839311599731445
Houston Rockets_2004,1,millere01_2004,-16.85134506225586
Houston Rockets_2004,2,kukocto01_2004,-16.862037658691406
Houston Rockets_2004,3,onealsh01_2004,-16.8819637298584
Houston Rockets_2004,4,paytoga01_2004,-16.894758224487305
Houston Rockets_2004,5,jonesed02_2004,-16.93708038330078
Houston Rockets_2004,6,finlemi01_2004,-16.93874168395996
Houston Rockets_2004,7,barrybr01_2004,-16.950437545776367
Houston Rockets_2004,8,jacksbo01_2004,-16.955432891845703
Houston Rockets_2004,9,garneke01_2004,-16.961523056030273
Houston Rockets_2004,10,duncati01_2004,-16.96836280822754
Houston Rockets_2005,1,millere01_2005,-15.444469451904297
Houston Rockets_2005,2,onealsh01_2005,-15.485241889953613
Houston Rockets_2005,3,cassesa01_2005,-15.503397941589355
Houston Rockets_2005,4,hillgr01_2005,-15.549400329589844
Houston Rockets_2005,5,roseja01_2005,-15.569801330566406
Houston Rockets_2005,6,marshdo01_2005,-15.608940124511719
Houston Rockets_2005,7,piercpa01_2005,-15.641107559204102
Houston Rockets_2005,8,stackje01_2005,-15.647418022155762
Houston Rockets_2005,9,hoibefr01_2005,-15.647770881652832
Houston Rockets_2005,10,jacksbo01_2005,-15.673429489135742
Houston Rockets_2006,1,wadedw01_2006,-17.250051498413086
Houston Rockets_2006,2,bryanko01_2006,-17.253742218017578
Houston Rockets_2006,3,cartevi01_2006,-17.264183044433594
Houston Rockets_2006,4,ginobma01_2006,-17.264570236206055
Houston Rockets_2006,5,kirilan01_2006,-17.267080307006836
Houston Rockets_2006,6,piercpa01_2006,-17.267375946044922
Houston Rockets_2006,7,reddmi01_2006,-17.27793312072754
Houston Rockets_2006,8,wallage01_2006,-17.282398223876953
Houston Rockets_2006,9,brandel01_2006,-17.28302574157715
Houston Rockets_2006,10,garneke01_2006,-17.283151626586914
Houston Rockets_2007,1,garneke01_2007,-15.436683654785156
Houston Rockets_2007,2,barrybr01_2007,-15.449170112609863
Houston Rockets_2007,3,cartevi01_2007,-15.459385871887207
Houston Rockets_2007,4,iversal01_2007,-15.470057487487793
Houston Rockets_2007,5,duncati01_2007,-15.488085746765137
Houston Rockets_2007,6,onealsh01_2007,-15.506321907043457
Houston Rockets_2007,7,cassesa01_2007,-15.516348838806152
Houston Rockets_2007,8,stackje01_2007,-15.56333065032959
Houston Rockets_2007,9,jamisan01_2007,-15.610486030578613
Houston Rockets_2007,10,mariosh01_2007,-15.620889663696289
Houston Rockets_2008,1,iversal01_2008,-13.20590877532959
Houston Rockets_2008,2,ginobma01_2008,-13.212616920471191
Houston Rockets_2008,3,piercpa01_2008,-13.308438301086426
Houston Rockets_2008,4,nashst01_2008,-13.31696605682373
Houston Rockets_2008,5,billuch01_2008,-13.332402229309082
Houston Rockets_2008,6,garneke01_2008,-13.360634803771973
Houston Rockets_2008,7,bryanko01_2008,-13.376463890075684
Houston Rockets_2008,8,wadedw01_2008,-13.401376724243164
Houston Rockets_2008,9,davisba01_2008,-13.481584548950195
Houston Rockets_2008,10,caldejo01_2008,-13.484587669372559
Houston Rockets_2009,1,bryanko01_2009,-12.452342987060547
Houston Rockets_2009,2,ginobma01_2009,-12.470325469970703
Houston Rockets_2009,3,piercpa01_2009,-12.640573501586914
Houston Rockets_2009,4,iversal01_2009,-12.662922859191895
Houston Rockets_2009,5,nowitdi01_2009,-12.69149112701416
Houston Rockets_2009,6,wadedw01_2009,-12.803869247436523
Houston Rockets_2009,7,parketo01_2009,-12.98019790649414
Houston Rockets_2009,8,parkean01_2009,-12.986383438110352
Houston Rockets_2009,9,nelsoja01_2009,-13.013909339904785
Houston Rockets_2009,10,gasolpa01_2009,-13.022661209106445
Houston Rockets_2010,1,curryst01_2010,-14.202934265136719
Houston Rockets_2010,2,jennibr01_2010,-14.203207015991211
Houston Rockets_2010,3,westbru01_2010,-14.205622673034668
Houston Rockets_2010,4,rosede01_2010,-14.208419799804688
Houston Rockets_2010,5,anderry01_2010,-14.210274696350098
Houston Rockets_2010,6,iguodan01_2010,-14.223834991455078
Houston Rockets_2010,7,gordoer01_2010,-14.225144386291504
Houston Rockets_2010,8,flynnjo01_2010,-14.225187301635742
Houston Rockets_2010,9,beaubro01_2010,-14.226883888244629
Houston Rockets_2010,10,evansty01_2010,-14.230521202087402
Houston Rockets_2011,1,jennibr01_2011,-13.064236640930176
Houston Rockets_2011,2,derozde01_2011,-13.064555168151855
Houston Rockets_2011,3,walljo01_2011,-13.06635570526123
Houston Rockets_2011,4,evansty01_2011,-13.08307933807373
Houston Rockets_2011,5,hardeja01_2011,-13.095261573791504
Houston Rockets_2011,6,griffbl01_2011,-13.103114128112793
Houston Rockets_2011,7,wrighdo01_2011,-13.110782623291016
Houston Rockets_2011,8,denglu01_2011,-13.117447853088379
Houston Rockets_2011,9,grangda01_2011,-13.121476173400879
Houston Rockets_2011,10,beaslmi01_2011,-13.122294425964355
Houston Rockets_2012,1,jamesle01_2012,-14.838500022888184
Houston Rockets_2012,2,anthoca01_2012,-14.845083236694336
Houston Rockets_2012,3,paulch01_2012,-14.863490104675293
Houston Rockets_2012,4,parketo01_2012,-14.874429702758789
Houston Rockets_2012,5,irvinky01_2012,-14.886229515075684
Houston Rockets_2012,6,afflaar01_2012,-14.889049530029297
Houston Rockets_2012,7,grangda01_2012,-14.890174865722656
Houston Rockets_2012,8,nealga01_2012,-14.893083572387695
Houston Rockets_2012,9,gordobe01_2012,-14.893353462219238
Houston Rockets_2012,10,willide01_2012,-14.894206047058105
Houston Rockets_2013,1,wadedw01_2013,-13.714606285095215
Houston Rockets_2013,2,bryanko01_2013,-13.716984748840332
Houston Rockets_2013,3,parketo01_2013,-13.816057205200195
Houston Rockets_2013,4,piercpa01_2013,-13.817404747009277
Houston Rockets_2013,5,willide01_2013,-13.936946868896484
Houston Rockets_2013,6,paulch01_2013,-13.953850746154785
Houston Rockets_2013,7,jamesle01_2013,-13.954160690307617
Houston Rockets_2013,8,anthoca01_2013,-13.974526405334473
Houston Rockets_2013,9,kiddja01_2013,-14.061712265014648
Houston Rockets_2013,10,allento01_2013,-14.070942878723145
Houston Rockets_2014,1,wadedw01_2014,-13.743170738220215
Houston Rockets_2014,2,ginobma01_2014,-13.762200355529785
Houston Rockets_2014,3,nowitdi01_2014,-13.87485408782959
Houston Rockets_2014,4,dragigo01_2014,-13.875142097473145
Houston Rockets_2014,5,lowryky01_2014,-13.956177711486816
Houston Rockets_2014,6,paulch01_2014,-13.960591316223145
Houston Rockets_2014,7,conlemi01_2014,-13.968840599060059
Houston Rockets_2014,8,anthoca01_2014,-13.98418140411377
Houston Rockets_2014,9,jamesle01_2014,-13.993592262268066
Houston Rockets_2014,10,derozde01_2014,-14.005660057067871
Houston Rockets_2015,1,wadedw01_2015,-13.208817481994629
Houston Rockets_2015,2,jamesle01_2015,-13.288376808166504
Houston Rockets_2015,3,anthoca01_2015,-13.316976547241211
Houston Rockets_2015,4,gasolma01_2015,-13.347320556640625
Houston Rockets_2015,5,curryst01_2015,-13.412187576293945
Houston Rockets_2015,6,westbru01_2015,-13.426026344299316
Houston Rockets_2015,7,paulch01_2015,-13.427083015441895
Houston Rockets_2015,8,hillge01_2015,-13.429747581481934
Houston Rockets_2015,9,teaguje01_2015,-13.4348783493042
Houston Rockets_2015,10,duranke01_2015,-13.437348365783691
Houston Rockets_2016,1,westbru01_2016,-17.929908752441406
Houston Rockets_2016,2,thomais02_2016,-17.930532455444336
Houston Rockets_2016,3,lowryky01_2016,-17.930936813354492
Houston Rockets_2016,4,duranke01_2016,-17.937490463256836
Houston Rockets_2016,5,curryst01_2016,-17.940134048461914
Houston Rockets_2016,6,butleji01_2016,-17.9556827545166
Houston Rockets_2016,7,griffbl01_2016,-17.956357955932617
Houston Rockets_2016,8,derozde01_2016,-17.963590621948242
Houston Rockets_2016,9,gallida01_2016,-17.96441078186035
Houston Rockets_2016,10,gayru01_2016,-17.973949432373047
Houston Rockets_2017,1,jamesle01_2017,-17.929576873779297
Houston Rockets_2017,2,derozde01_2017,-17.954761505126953
Houston Rockets_2017,3,butleji01_2017,-17.9647159576416
Houston Rockets_2017,4,georgpa01_2017,-17.968460083007812
Houston Rockets_2017,5,haywago01_2017,-17.970361709594727
Houston Rockets_2017,6,griffbl01_2017,-18.019912719726562
Houston Rockets_2017,7,duranke01_2017,-18.02243995666504
Houston Rockets_2017,8,dragigo01_2017,-18.059185028076172
Houston Rockets_2017,9,paulch01_2017,-18.071744918823242
Houston Rockets_2017,10,lowryky01_2017,-18.077117919921875
Houston Rockets_2018,1,willilo02_2018,-16.538835525512695
Houston Rockets_2018,2,jamesle01_2018,-16.599422454833984
Houston Rockets_2018,3,butleji01_2018,-16.629108428955078
Houston Rockets_2018,4,duranke01_2018,-16.645137786865234
Houston Rockets_2018,5,derozde01_2018,-16.648115158081055
Houston Rockets_2018,6,georgpa01_2018,-16.665632247924805
Houston Rockets_2018,7,lowryky01_2018,-16.738325119018555
Houston Rockets_2018,8,westbru01_2018,-16.829038619995117
Houston Rockets_2018,9,curryst01_2018,-16.837400436401367
Houston Rockets_2018,10,lillada01_2018,-16.84250831604004
Houston Rockets_2019,1,willilo02_2019,-18.049861907958984
Houston Rockets_2019,2,duranke01_2019,-18.063962936401367
Houston Rockets_2019,3,gallida01_2019,-18.074932098388672
Houston Rockets_2019,4,jamesle01_2019,-18.08193588256836
Houston Rockets_2019,5,georgpa01_2019,-18.100900650024414
Houston Rockets_2019,6,butleji01_2019,-18.10694694519043
Houston Rockets_2019,7,leonaka01_2019,-18.10916519165039
Houston Rockets_2019,8,griffbl01_2019,-18.140121459960938
Houston Rockets_2019,9,westbru01_2019,-18.173778533935547
Houston Rockets_2019,10,conlemi01_2019,-18.178924560546875
Houston Rockets_2020,1,butleji01_2020,-17.886112213134766
Houston Rockets_2020,2,derozde01_2020,-17.89097023010254
Houston Rockets_2020,3,middlkh01_2020,-17.946704864501953
Houston Rockets_2020,4,georgpa01_2020,-17.959991455078125
Houston Rockets_2020,5,leonaka01_2020,-17.96235466003418
Houston Rockets_2020,6,bealbr01_2020,-17.970420837402344
Houston Rockets_2020,7,davisan02_2020,-17.993030548095703
Houston Rockets_2020,8,jamesle01_2020,-17.996870040893555
Houston Rockets_2020,9,paulch01_2020,-18.029006958007812
Houston Rockets_2020,10,lillada01_2020,-18.084341049194336
Houston Rockets_2021,1,moranja01_2021,-17.444734573364258
Houston Rockets_2021,2,garlada01_2021,-17.44483184814453
Houston Rockets_2021,3,whiteco01_2021,-17.44493293762207
Houston Rockets_2021,4,anthoco01_2021,-17.44928741455078
Houston Rockets_2021,5,ballla01_2021,-17.455780029296875
Houston Rockets_2021,6,halibty01_2021,-17.471050262451172
Houston Rockets_2021,7,quickim01_2021,-17.476776123046875
Houston Rockets_2021,8,maledth01_2021,-17.528743743896484
Houston Rockets_2021,9,hayeski01_2021,-17.546186447143555
Houston Rockets_2021,10,edwaran01_2021,-17.555877685546875
Houston Rockets_2022,1,anthoco01_2022,-18.34221649169922
Houston Rockets_2022,2,maxeyty01_2022,-18.38375473022461
Houston Rockets_2022,3,wagnefr01_2022,-18.42002296447754
Houston Rockets_2022,4,cunnica01_2022,-18.421104431152344
Houston Rockets_2022,5,barrerj01_2022,-18.43120002746582
Houston Rockets_2022,6,edwaran01_2022,-18.437347412109375
Houston Rockets_2022,7,hylanbo01_2022,-18.44227409362793
Houston Rockets_2022,8,hayeski01_2022,-18.51361083984375
Houston Rockets_2022,9,suggsja01_2022,-18.52541160583496
Houston Rockets_2022,10,maledth01_2022,-18.535701751708984
Houston Rockets_2023,1,mathube01_2023,-19.747108459472656
Houston Rockets_2023,2,edwaran01_2023,-19.75007438659668
Houston Rockets_2023,3,iveyja01_2023,-19.76214027404785
Houston Rockets_2023,4,thomaca02_2023,-19.77163314819336
Houston Rockets_2023,5,wagnefr01_2023,-19.781618118286133
Houston Rockets_2023,6,hardyja02_2023,-19.78653335571289
Houston Rockets_2023,7,barnesc01_2023,-19.79135513305664
Houston Rockets_2023,8,banchpa01_2023,-19.792396545410156
Houston Rockets_2023,9,giddejo01_2023,-19.7926082611084
Houston Rockets_2023,10,ballla01_2023,-19.804243087768555
Houston Rockets_2024,1,iveyja01_2024,-19.665090560913086
Houston Rockets_2024,2,giddejo01_2024,-19.66803741455078
Houston Rockets_2024,3,sharpsh01_2024,-19.693601608276367
Houston Rockets_2024,4,hardyja02_2024,-19.699953079223633
Houston Rockets_2024,5,edwaran01_2024,-19.7085018157959
Houston Rockets_2024,6,wembavi01_2024,-19.7125186920166
Houston Rockets_2024,7,millebr02_2024,-19.725868225097656
Houston Rockets_2024,8,mathube01_2024,-19.73186683654785
Houston Rockets_2024,9,banchpa01_2024,-19.734779357910156
Houston Rockets_2024,10,vassede01_2024,-19.74933624267578
Houston Rockets_2025,1,mitchdo01_2025,-18.128931045532227
Houston Rockets_2025,2,jeromty01_2025,-18.136672973632812
Houston Rockets_2025,3,antetgi01_2025,-18.13981056213379
Houston Rockets_2025,4,butleji01_2025,-18.147642135620117
Houston Rockets_2025,5,duranke01_2025,-18.166311264038086
Houston Rockets_2025,6,tatumja01_2025,-18.180654525756836
Houston Rockets_2025,7,lillada01_2025,-18.22121238708496
Houston Rockets_2025,8,curryst01_2025,-18.22968864440918
Houston Rockets_2025,9,hardeja01_2025,-18.235260009765625
Houston Rockets_2025,10,edwaran01_2025,-18.2430477142334
Indiana Pacers_1999,1,malonka01_1999,-13.946878433227539
Indiana Pacers_1999,2,barklch01_1999,-13.965271949768066
Indiana Pacers_1999,3,olajuha01_1999,-13.991093635559082
Indiana Pacers_1999,4,schrede01_1999,-14.061681747436523
Indiana Pacers_1999,5,hornaje01_1999,-14.094985008239746
Indiana Pacers_1999,6,robinda01_1999,-14.132061004638672
Indiana Pacers_1999,7,sabonar01_1999,-14.142694473266602
Indiana Pacers_1999,8,portete01_1999,-14.148941040039062
Indiana Pacers_1999,9,stockjo01_1999,-14.161731719970703
Indiana Pacers_1999,10,robincl02_1999,-14.180571556091309
Indiana Pacers_2000,1,malonka01_2000,-13.86113452911377
Indiana Pacers_2000,2,sabonar01_2000,-13.953573226928711
Indiana Pacers_2000,3,colemde01_2000,-14.050314903259277
Indiana Pacers_2000,4,hornaje01_2000,-14.065479278564453
Indiana Pacers_2000,5,robinda01_2000,-14.098864555358887
Indiana Pacers_2000,6,stockjo01_2000,-14.104226112365723
Indiana Pacers_2000,7,portete01_2000,-14.12839126586914
Indiana Pacers_2000,8,paytoga01_2000,-14.133586883544922
Indiana Pacers_2000,9,pippesc01_2000,-14.14119815826416
Indiana Pacers_2000,10,robincl02_2000,-14.14668083190918
Indiana Pacers_2001,1,malonka01_2001,-16.759662628173828
Indiana Pacers_2001,2,robinda01_2001,-16.80620002746582
Indiana Pacers_2001,3,richmmi01_2001,-16.87810707092285
Indiana Pacers_2001,4,stockjo01_2001,-16.910518646240234
Indiana Pacers_2001,5,sprewla01_2001,-16.911256790161133
Indiana Pacers_2001,6,marshdo01_2001,-16.91823959350586
Indiana Pacers_2001,7,cebalce01_2001,-16.92497444152832
Indiana Pacers_2001,8,robincl02_2001,-16.937559127807617
Indiana Pacers_2001,9,wesleda01_2001,-16.942920684814453
Indiana Pacers_2001,10,webbech01_2001,-16.94495391845703
Indiana Pacers_2002,1,jordami01_2002,-16.555025100708008
Indiana Pacers_2002,2,iversal01_2002,-16.581865310668945
Indiana Pacers_2002,3,malonka01_2002,-16.58307456970215
Indiana Pacers_2002,4,webbech01_2002,-16.618515014648438
Indiana Pacers_2002,5,houstal01_2002,-16.62057876586914
Indiana Pacers_2002,6,stackje01_2002,-16.623659133911133
Indiana Pacers_2002,7,onealsh01_2002,-16.62393569946289
Indiana Pacers_2002,8,murrala01_2002,-16.629558563232422
Indiana Pacers_2002,9,finlemi01_2002,-16.63014030456543
Indiana Pacers_2002,10,vanhoke01_2002,-16.632253646850586
Indiana Pacers_2003,1,malonka01_2003,-15.445550918579102
Indiana Pacers_2003,2,jordami01_2003,-15.51571273803711
Indiana Pacers_2003,3,onealsh01_2003,-15.608322143554688
Indiana Pacers_2003,4,mashbja01_2003,-15.629091262817383
Indiana Pacers_2003,5,robingl01_2003,-15.645360946655273
Indiana Pacers_2003,6,roseja01_2003,-15.660300254821777
Indiana Pacers_2003,7,hillgr01_2003,-15.672801971435547
Indiana Pacers_2003,8,garneke01_2003,-15.686440467834473
Indiana Pacers_2003,9,kukocto01_2003,-15.687820434570312
Indiana Pacers_2003,10,duncati01_2003,-15.69018268585205
Indiana Pacers_2004,1,kukocto01_2004,-16.86719512939453
Indiana Pacers_2004,2,onealsh01_2004,-16.88665771484375
Indiana Pacers_2004,3,paytoga01_2004,-16.899526596069336
Indiana Pacers_2004,4,jonesed02_2004,-16.940826416015625
Indiana Pacers_2004,5,finlemi01_2004,-16.942428588867188
Indiana Pacers_2004,6,barrybr01_2004,-16.954099655151367
Indiana Pacers_2004,7,jacksbo01_2004,-16.959095001220703
Indiana Pacers_2004,8,garneke01_2004,-16.964738845825195
Indiana Pacers_2004,9,duncati01_2004,-16.971506118774414
Indiana Pacers_2004,10,cassesa01_2004,-16.984403610229492
Indiana Pacers_2005,1,bryanko01_2005,-15.97771167755127
Indiana Pacers_2005,2,ginobma01_2005,-15.9899320602417
Indiana Pacers_2005,3,hughela01_2005,-15.993117332458496
Indiana Pacers_2005,4,piercpa01_2005,-16.0013370513916
Indiana Pacers_2005,5,wadedw01_2005,-16.017513275146484
Indiana Pacers_2005,6,maggeco01_2005,-16.01812744140625
Indiana Pacers_2005,7,iversal01_2005,-16.018863677978516
Indiana Pacers_2005,8,hamilri01_2005,-16.023563385009766
Indiana Pacers_2005,9,szczewa02_2005,-16.0317440032959
Indiana Pacers_2005,10,garneke01_2005,-16.031784057617188
Indiana Pacers_2006,1,cassesa01_2006,-15.883631706237793
Indiana Pacers_2006,2,onealsh01_2006,-15.88477897644043
Indiana Pacers_2006,3,iversal01_2006,-15.900199890136719
Indiana Pacers_2006,4,wallara01_2006,-15.977201461791992
Indiana Pacers_2006,5,hillgr01_2006,-15.979338645935059
Indiana Pacers_2006,6,allenra02_2006,-16.020666122436523
Indiana Pacers_2006,7,stackje01_2006,-16.028974533081055
Indiana Pacers_2006,8,piercpa01_2006,-16.038509368896484
Indiana Pacers_2006,9,mcgratr01_2006,-16.040369033813477
Indiana Pacers_2006,10,kiddja01_2006,-16.064044952392578
Indiana Pacers_2007,1,brewero02_2007,-15.78095817565918
Indiana Pacers_2007,2,childjo01_2007,-15.797054290771484
Indiana Pacers_2007,3,adamsha01_2007,-15.824516296386719
Indiana Pacers_2007,4,smithjo03_2007,-15.8458833694458
Indiana Pacers_2007,5,willima02_2007,-15.856996536254883
Indiana Pacers_2007,6,humphkr01_2007,-15.876730918884277
Indiana Pacers_2007,7,aldrila01_2007,-15.877016067504883
Indiana Pacers_2007,8,jeffeal01_2007,-15.896560668945312
Indiana Pacers_2007,9,grahajo01_2007,-15.897215843200684
Indiana Pacers_2007,10,warriha01_2007,-15.897624015808105
Indiana Pacers_2008,1,gayru01_2008,-12.1460542678833
Indiana Pacers_2008,2,willilo02_2008,-12.190958976745605
Indiana Pacers_2008,3,farmajo01_2008,-12.200873374938965
Indiana Pacers_2008,4,duranke01_2008,-12.233975410461426
Indiana Pacers_2008,5,willima02_2008,-12.290725708007812
Indiana Pacers_2008,6,wallage01_2008,-12.30941104888916
Indiana Pacers_2008,7,denglu01_2008,-12.315839767456055
Indiana Pacers_2008,8,thomaty01_2008,-12.317912101745605
Indiana Pacers_2008,9,outlatr01_2008,-12.322606086730957
Indiana Pacers_2008,10,willima01_2008,-12.334798812866211
Indiana Pacers_2009,1,westbru01_2009,-14.220132827758789
Indiana Pacers_2009,2,turkohe01_2009,-14.227564811706543
Indiana Pacers_2009,3,rosede01_2009,-14.227665901184082
Indiana Pacers_2009,4,youngth01_2009,-14.230538368225098
Indiana Pacers_2009,5,augusdj01_2009,-14.23281478881836
Indiana Pacers_2009,6,gordoer01_2009,-14.235286712646484
Indiana Pacers_2009,7,mayooj01_2009,-14.23806381225586
Indiana Pacers_2009,8,gayru01_2009,-14.239176750183105
Indiana Pacers_2009,9,artesro01_2009,-14.243123054504395
Indiana Pacers_2009,10,anthoca01_2009,-14.248031616210938
Indiana Pacers_2010,1,anderry01_2010,-14.01085376739502
Indiana Pacers_2010,2,curryst01_2010,-14.012175559997559
Indiana Pacers_2010,3,jennibr01_2010,-14.014159202575684
Indiana Pacers_2010,4,rosede01_2010,-14.01506233215332
Indiana Pacers_2010,5,westbru01_2010,-14.019007682800293
Indiana Pacers_2010,6,flynnjo01_2010,-14.031440734863281
Indiana Pacers_2010,7,beaubro01_2010,-14.037611961364746
Indiana Pacers_2010,8,gordoer01_2010,-14.069957733154297
Indiana Pacers_2010,9,evansty01_2010,-14.074095726013184
Indiana Pacers_2010,10,bayleje01_2010,-14.093289375305176
Indiana Pacers_2011,1,walljo01_2011,-14.244582176208496
Indiana Pacers_2011,2,jennibr01_2011,-14.255553245544434
Indiana Pacers_2011,3,derozde01_2011,-14.320755004882812
Indiana Pacers_2011,4,evansty01_2011,-14.337013244628906
Indiana Pacers_2011,5,hardeja01_2011,-14.36448860168457
Indiana Pacers_2011,6,griffbl01_2011,-14.39811897277832
Indiana Pacers_2011,7,haywago01_2011,-14.436348915100098
Indiana Pacers_2011,8,wrighdo01_2011,-14.439038276672363
Indiana Pacers_2011,9,anderja01_2011,-14.439912796020508
Indiana Pacers_2011,10,beaslmi01_2011,-14.443092346191406
Indiana Pacers_2012,1,wadedw01_2012,-13.213160514831543
Indiana Pacers_2012,2,bryanko01_2012,-13.216541290283203
Indiana Pacers_2012,3,ginobma01_2012,-13.230097770690918
Indiana Pacers_2012,4,piercpa01_2012,-13.3365478515625
Indiana Pacers_2012,5,nowitdi01_2012,-13.364363670349121
Indiana Pacers_2012,6,jamesle01_2012,-13.47733211517334
Indiana Pacers_2012,7,anthoca01_2012,-13.481733322143555
Indiana Pacers_2012,8,paulch01_2012,-13.488006591796875
Indiana Pacers_2012,9,parketo01_2012,-13.496328353881836
Indiana Pacers_2012,10,hardeja01_2012,-13.53681755065918
Indiana Pacers_2013,1,wadedw01_2013,-13.355703353881836
Indiana Pacers_2013,2,bryanko01_2013,-13.358311653137207
Indiana Pacers_2013,3,parketo01_2013,-13.452249526977539
Indiana Pacers_2013,4,piercpa01_2013,-13.461874961853027
Indiana Pacers_2013,5,willide01_2013,-13.573188781738281
Indiana Pacers_2013,6,paulch01_2013,-13.589855194091797
Indiana Pacers_2013,7,jamesle01_2013,-13.59170913696289
Indiana Pacers_2013,8,anthoca01_2013,-13.612217903137207
Indiana Pacers_2013,9,hardeja01_2013,-13.628257751464844
Indiana Pacers_2013,10,kiddja01_2013,-13.691386222839355
Indiana Pacers_2014,1,wadedw01_2014,-13.743094444274902
Indiana Pacers_2014,2,ginobma01_2014,-13.769107818603516
Indiana Pacers_2014,3,dragigo01_2014,-13.837949752807617
Indiana Pacers_2014,4,nowitdi01_2014,-13.855852127075195
Indiana Pacers_2014,5,lowryky01_2014,-13.898189544677734
Indiana Pacers_2014,6,paulch01_2014,-13.902603149414062
Indiana Pacers_2014,7,conlemi01_2014,-13.910079002380371
Indiana Pacers_2014,8,anthoca01_2014,-13.922463417053223
Indiana Pacers_2014,9,jamesle01_2014,-13.932130813598633
Indiana Pacers_2014,10,hardeja01_2014,-13.945622444152832
Indiana Pacers_2015,1,wadedw01_2015,-13.762606620788574
Indiana Pacers_2015,2,jamesle01_2015,-13.819938659667969
Indiana Pacers_2015,3,anthoca01_2015,-13.845046997070312
Indiana Pacers_2015,4,gasolma01_2015,-13.878053665161133
Indiana Pacers_2015,5,curryst01_2015,-13.904790878295898
Indiana Pacers_2015,6,westbru01_2015,-13.91711139678955
Indiana Pacers_2015,7,paulch01_2015,-13.917901039123535
Indiana Pacers_2015,8,gayru01_2015,-13.924848556518555
Indiana Pacers_2015,9,duranke01_2015,-13.926116943359375
Indiana Pacers_2015,10,teaguje01_2015,-13.926671028137207
Indiana Pacers_2016,1,westbru01_2016,-14.047555923461914
Indiana Pacers_2016,2,lowryky01_2016,-14.04915714263916
Indiana Pacers_2016,3,thomais02_2016,-14.049519538879395
Indiana Pacers_2016,4,curryst01_2016,-14.059305191040039
Indiana Pacers_2016,5,duranke01_2016,-14.065435409545898
Indiana Pacers_2016,6,griffbl01_2016,-14.085946083068848
Indiana Pacers_2016,7,butleji01_2016,-14.119115829467773
Indiana Pacers_2016,8,hardeja01_2016,-14.12775707244873
Indiana Pacers_2016,9,derozde01_2016,-14.127971649169922
Indiana Pacers_2016,10,anthoca01_2016,-14.130894660949707
Indiana Pacers_2017,1,butleji01_2017,-16.545560836791992
Indiana Pacers_2017,2,haywago01_2017,-16.55221176147461
Indiana Pacers_2017,3,westbru01_2017,-16.55895233154297
Indiana Pacers_2017,4,walkeke02_2017,-16.562074661254883
Indiana Pacers_2017,5,conlemi01_2017,-16.563791275024414
Indiana Pacers_2017,6,curryst01_2017,-16.56423568725586
Indiana Pacers_2017,7,bledser01_2017,-16.564754486083984
Indiana Pacers_2017,8,lillada01_2017,-16.564847946166992
Indiana Pacers_2017,9,walljo01_2017,-16.56486701965332
Indiana Pacers_2017,10,thomais02_2017,-16.5658016204834
Indiana Pacers_2018,1,duranke01_2018,-16.15712547302246
Indiana Pacers_2018,2,georgpa01_2018,-16.165864944458008
Indiana Pacers_2018,3,westbru01_2018,-16.176265716552734
Indiana Pacers_2018,4,walkeke02_2018,-16.178203582763672
Indiana Pacers_2018,5,lillada01_2018,-16.184247970581055
Indiana Pacers_2018,6,curryst01_2018,-16.186138153076172
Indiana Pacers_2018,7,evansty01_2018,-16.193300247192383
Indiana Pacers_2018,8,butleji01_2018,-16.21066665649414
Indiana Pacers_2018,9,hardeja01_2018,-16.22461700439453
Indiana Pacers_2018,10,derozde01_2018,-16.234989166259766
Indiana Pacers_2019,1,duranke01_2019,-16.129741668701172
Indiana Pacers_2019,2,georgpa01_2019,-16.13602066040039
Indiana Pacers_2019,3,gallida01_2019,-16.140182495117188
Indiana Pacers_2019,4,butleji01_2019,-16.14121437072754
Indiana Pacers_2019,5,leonaka01_2019,-16.143278121948242
Indiana Pacers_2019,6,jamesle01_2019,-16.148942947387695
Indiana Pacers_2019,7,willilo02_2019,-16.157976150512695
Indiana Pacers_2019,8,griffbl01_2019,-16.172561645507812
Indiana Pacers_2019,9,hardeja01_2019,-16.210941314697266
Indiana Pacers_2019,10,westbru01_2019,-16.225461959838867
Indiana Pacers_2020,1,middlkh01_2020,-17.411890029907227
Indiana Pacers_2020,2,leonaka01_2020,-17.4250431060791
Indiana Pacers_2020,3,georgpa01_2020,-17.425235748291016
Indiana Pacers_2020,4,butleji01_2020,-17.437925338745117
Indiana Pacers_2020,5,derozde01_2020,-17.442256927490234
Indiana Pacers_2020,6,davisan02_2020,-17.445735931396484
Indiana Pacers_2020,7,hardeja01_2020,-17.44744873046875
Indiana Pacers_2020,8,bealbr01_2020,-17.45347023010254
Indiana Pacers_2020,9,lillada01_2020,-17.46343994140625
Indiana Pacers_2020,10,walkeke02_2020,-17.468597412109375
Indiana Pacers_2021,1,barrerj01_2021,-19.66948890686035
Indiana Pacers_2021,2,herroty01_2021,-19.674938201904297
Indiana Pacers_2021,3,edwaran01_2021,-19.676809310913086
Indiana Pacers_2021,4,maxeyty01_2021,-19.687288284301758
Indiana Pacers_2021,5,poolejo01_2021,-19.688983917236328
Indiana Pacers_2021,6,porteke02_2021,-19.696256637573242
Indiana Pacers_2021,7,gilgesh01_2021,-19.707134246826172
Indiana Pacers_2021,8,willizi01_2021,-19.7093448638916
Indiana Pacers_2021,9,lavinza01_2021,-19.713973999023438
Indiana Pacers_2021,10,bookede01_2021,-19.760486602783203
Indiana Pacers_2022,1,greenja05_2022,-19.735336303710938
Indiana Pacers_2022,2,edwaran01_2022,-19.737218856811523
Indiana Pacers_2022,3,hylanbo01_2022,-19.740150451660156
Indiana Pacers_2022,4,cunnica01_2022,-19.748117446899414
Indiana Pacers_2022,5,mitchdo01_2022,-19.754608154296875
Indiana Pacers_2022,6,bookede01_2022,-19.768211364746094
Indiana Pacers_2022,7,barrerj01_2022,-19.791913986206055
Indiana Pacers_2022,8,wagnefr01_2022,-19.799407958984375
Indiana Pacers_2022,9,banede01_2022,-19.800920486450195
Indiana Pacers_2022,10,ballla01_2022,-19.804182052612305
Indiana Pacers_2023,1,derozde01_2023,-19.90363883972168
Indiana Pacers_2023,2,leonaka01_2023,-19.907203674316406
Indiana Pacers_2023,3,georgpa01_2023,-19.910642623901367
Indiana Pacers_2023,4,bookede01_2023,-19.920490264892578
Indiana Pacers_2023,5,mitchdo01_2023,-19.92348861694336
Indiana Pacers_2023,6,butleji01_2023,-19.954187393188477
Indiana Pacers_2023,7,duranke01_2023,-19.961997985839844
Indiana Pacers_2023,8,jamesle01_2023,-19.965482711791992
Indiana Pacers_2023,9,randlju01_2023,-20.027130126953125
Indiana Pacers_2023,10,siakapa01_2023,-20.034530639648438
Indiana Pacers_2024,1,irvinky01_2024,-19.808734893798828
Indiana Pacers_2024,2,leonaka01_2024,-19.865087509155273
Indiana Pacers_2024,3,derozde01_2024,-19.877294540405273
Indiana Pacers_2024,4,georgpa01_2024,-19.90387725830078
Indiana Pacers_2024,5,mitchdo01_2024,-19.912492752075195
Indiana Pacers_2024,6,duranke01_2024,-19.915672302246094
Indiana Pacers_2024,7,jamesle01_2024,-19.91570472717285
Indiana Pacers_2024,8,butleji01_2024,-19.922290802001953
Indiana Pacers_2024,9,antetgi01_2024,-19.993133544921875
Indiana Pacers_2024,10,davisan02_2024,-20.00995635986328
Indiana Pacers_2025,1,butleji01_2025,-19.874073028564453
Indiana Pacers_2025,2,antetgi01_2025,-19.87666130065918
Indiana Pacers_2025,3,mitchdo01_2025,-19.880319595336914
Indiana Pacers_2025,4,jeromty01_2025,-19.88709259033203
Indiana Pacers_2025,5,duranke01_2025,-19.899423599243164
Indiana Pacers_2025,6,tatumja01_2025,-19.98584747314453
Indiana Pacers_2025,7,edwaran01_2025,-19.998804092407227
Indiana Pacers_2025,8,herroty01_2025,-20.00537109375
Indiana Pacers_2025,9,lillada01_2025,-20.008014678955078
Indiana Pacers_2025,10,curryst01_2025,-20.01017951965332
Los Angeles Clippers_1999,1,hughela01_1999,-14.785745620727539
Los Angeles Clippers_1999,2,mcgratr01_1999,-14.837119102478027
Los Angeles Clippers_1999,3,nowitdi01_1999,-14.840351104736328
Los Angeles Clippers_1999,4,willico02_1999,-14.854642868041992
Los Angeles Clippers_1999,5,doleami01_1999,-14.85705280303955
Los Angeles Clippers_1999,6,marshdo01_1999,-14.863151550292969
Los Angeles Clippers_1999,7,harprma01_1999,-14.86506462097168
Los Angeles Clippers_1999,8,mcdyean01_1999,-14.867916107177734
Los Angeles Clippers_1999,9,wallajo01_1999,-14.872050285339355
Los Angeles Clippers_1999,10,smithjo02_1999,-14.873326301574707
Los Angeles Clippers_2000,1,lopezfe01_2000,-13.085655212402344
Los Angeles Clippers_2000,2,baileto01_2000,-13.105473518371582
Los Angeles Clippers_2000,3,lewisra02_2000,-13.133683204650879
Los Angeles Clippers_2000,4,brandel01_2000,-13.134237289428711
Los Angeles Clippers_2000,5,maggeco01_2000,-13.142180442810059
Los Angeles Clippers_2000,6,mariosh01_2000,-13.152514457702637
Los Angeles Clippers_2000,7,harrial01_2000,-13.158365249633789
Los Angeles Clippers_2000,8,patteru01_2000,-13.161035537719727
Los Angeles Clippers_2000,9,lafrera01_2000,-13.161150932312012
Los Angeles Clippers_2000,10,jamisan01_2000,-13.163798332214355
Los Angeles Clippers_2001,1,dialde01_2001,-16.123628616333008
Los Angeles Clippers_2001,2,brandel01_2001,-16.138566970825195
Los Angeles Clippers_2001,3,nesbyty01_2001,-16.147384643554688
Los Angeles Clippers_2001,4,tayloma01_2001,-16.148784637451172
Los Angeles Clippers_2001,5,patteru01_2001,-16.1514835357666
Los Angeles Clippers_2001,6,dickemi01_2001,-16.154090881347656
Los Angeles Clippers_2001,7,martike01_2001,-16.160200119018555
Los Angeles Clippers_2001,8,mihmch01_2001,-16.164356231689453
Los Angeles Clippers_2001,9,nailole01_2001,-16.165319442749023
Los Angeles Clippers_2001,10,fizerma01_2001,-16.166324615478516
Los Angeles Clippers_2002,1,iversal01_2002,-15.561514854431152
Los Angeles Clippers_2002,2,mcgratr01_2002,-15.575440406799316
Los Angeles Clippers_2002,3,piercpa01_2002,-15.57641315460205
Los Angeles Clippers_2002,4,bryanko01_2002,-15.576754570007324
Los Angeles Clippers_2002,5,kittlke01_2002,-15.589550971984863
Los Angeles Clippers_2002,6,moblecu01_2002,-15.600760459899902
Los Angeles Clippers_2002,7,stackje01_2002,-15.600860595703125
Los Angeles Clippers_2002,8,allenra02_2002,-15.60250473022461
Los Angeles Clippers_2002,9,murrala01_2002,-15.603435516357422
Los Angeles Clippers_2002,10,finlemi01_2002,-15.604466438293457
Los Angeles Clippers_2003,1,simmobo01_2003,-15.415542602539062
Los Angeles Clippers_2003,2,stoudam01_2003,-15.42697525024414
Los Angeles Clippers_2003,3,curryed01_2003,-15.436884880065918
Los Angeles Clippers_2003,4,boozeca01_2003,-15.440413475036621
Los Angeles Clippers_2003,5,griffed01_2003,-15.449899673461914
Los Angeles Clippers_2003,6,wallage01_2003,-15.452728271484375
Los Angeles Clippers_2003,7,johnsjo02_2003,-15.455731391906738
Los Angeles Clippers_2003,8,jefferi01_2003,-15.460000991821289
Los Angeles Clippers_2003,9,brownkw01_2003,-15.460230827331543
Los Angeles Clippers_2003,10,murphtr01_2003,-15.46103572845459
Los Angeles Clippers_2004,1,brownde02_2004,-14.409773826599121
Los Angeles Clippers_2004,2,brownkw01_2004,-14.427474975585938
Los Angeles Clippers_2004,3,boshch01_2004,-14.429821968078613
Los Angeles Clippers_2004,4,stoudam01_2004,-14.437920570373535
Los Angeles Clippers_2004,5,curryed01_2004,-14.445032119750977
Los Angeles Clippers_2004,6,lampema01_2004,-14.471444129943848
Los Angeles Clippers_2004,7,sweetmi01_2004,-14.472277641296387
Los Angeles Clippers_2004,8,randoza01_2004,-14.475946426391602
Los Angeles Clippers_2004,9,goodedr01_2004,-14.485275268554688
Los Angeles Clippers_2004,10,howarjo01_2004,-14.486448287963867
Los Angeles Clippers_2005,1,bryanko01_2005,-15.98539924621582
Los Angeles Clippers_2005,2,ginobma01_2005,-15.997838973999023
Los Angeles Clippers_2005,3,hughela01_2005,-16.000450134277344
Los Angeles Clippers_2005,4,wadedw01_2005,-16.009593963623047
Los Angeles Clippers_2005,5,piercpa01_2005,-16.012670516967773
Los Angeles Clippers_2005,6,iversal01_2005,-16.025720596313477
Los Angeles Clippers_2005,7,hamilri01_2005,-16.026546478271484
Los Angeles Clippers_2005,8,crawfja01_2005,-16.038022994995117
Los Angeles Clippers_2005,9,szczewa02_2005,-16.03805160522461
Los Angeles Clippers_2005,10,wellsbo01_2005,-16.038454055786133
Los Angeles Clippers_2006,1,bryanko01_2006,-16.01478385925293
Los Angeles Clippers_2006,2,piercpa01_2006,-16.01807403564453
Los Angeles Clippers_2006,3,ginobma01_2006,-16.02480125427246
Los Angeles Clippers_2006,4,cartevi01_2006,-16.026691436767578
Los Angeles Clippers_2006,5,mcgratr01_2006,-16.027929306030273
Los Angeles Clippers_2006,6,garneke01_2006,-16.03443717956543
Los Angeles Clippers_2006,7,duncati01_2006,-16.03950309753418
Los Angeles Clippers_2006,8,nowitdi01_2006,-16.044532775878906
Los Angeles Clippers_2006,9,mariosh01_2006,-16.04654312133789
Los Angeles Clippers_2006,10,reddmi01_2006,-16.059961318969727
Los Angeles Clippers_2007,1,mcgratr01_2007,-15.990097045898438
Los Angeles Clippers_2007,2,mariosh01_2007,-15.991022109985352
Los Angeles Clippers_2007,3,piercpa01_2007,-15.994954109191895
Los Angeles Clippers_2007,4,bryanko01_2007,-15.998250007629395
Los Angeles Clippers_2007,5,ginobma01_2007,-16.01347541809082
Los Angeles Clippers_2007,6,millemi01_2007,-16.017370223999023
Los Angeles Clippers_2007,7,wadedw01_2007,-16.022428512573242
Los Angeles Clippers_2007,8,terryja01_2007,-16.02489471435547
Los Angeles Clippers_2007,9,anthoca01_2007,-16.025543212890625
Los Angeles Clippers_2007,10,wallage01_2007,-16.030363082885742
Los Angeles Clippers_2008,1,gayru01_2008,-14.412201881408691
Los Angeles Clippers_2008,2,willilo02_2008,-14.478589057922363
Los Angeles Clippers_2008,3,farmajo01_2008,-14.489502906799316
Los Angeles Clippers_2008,4,duranke01_2008,-14.59355640411377
Los Angeles Clippers_2008,5,greenje02_2008,-14.62191390991211
Los Angeles Clippers_2008,6,breweco01_2008,-14.635049819946289
Los Angeles Clippers_2008,7,jianlyi01_2008,-14.643854141235352
Los Angeles Clippers_2008,8,webstma02_2008,-14.663187026977539
Los Angeles Clippers_2008,9,chandwi01_2008,-14.668939590454102
Los Angeles Clippers_2008,10,willish03_2008,-14.673205375671387
Los Angeles Clippers_2009,1,youngth01_2009,-13.198385238647461
Los Angeles Clippers_2009,2,westbru01_2009,-13.20648193359375
Los Angeles Clippers_2009,3,rosede01_2009,-13.233996391296387
Los Angeles Clippers_2009,4,augusdj01_2009,-13.237252235412598
Los Angeles Clippers_2009,5,mayooj01_2009,-13.384676933288574
Los Angeles Clippers_2009,6,greendo01_2009,-13.390515327453613
Los Angeles Clippers_2009,7,chandwi01_2009,-13.400145530700684
Los Angeles Clippers_2009,8,jianlyi01_2009,-13.417389869689941
Los Angeles Clippers_2009,9,anderry01_2009,-13.43057918548584
Los Angeles Clippers_2009,10,cookda02_2009,-13.432186126708984
Los Angeles Clippers_2010,1,anderry01_2010,-14.444548606872559
Los Angeles Clippers_2010,2,rosede01_2010,-14.464067459106445
Los Angeles Clippers_2010,3,curryst01_2010,-14.467244148254395
Los Angeles Clippers_2010,4,jennibr01_2010,-14.473641395568848
Los Angeles Clippers_2010,5,flynnjo01_2010,-14.479541778564453
Los Angeles Clippers_2010,6,westbru01_2010,-14.484029769897461
Los Angeles Clippers_2010,7,beaubro01_2010,-14.496370315551758
Los Angeles Clippers_2010,8,evansty01_2010,-14.61092472076416
Los Angeles Clippers_2010,9,gallida01_2010,-14.63205623626709
Los Angeles Clippers_2010,10,youngth01_2010,-14.634082794189453
Los Angeles Clippers_2011,1,walljo01_2011,-14.523930549621582
Los Angeles Clippers_2011,2,jennibr01_2011,-14.539536476135254
Los Angeles Clippers_2011,3,derozde01_2011,-14.62767505645752
Los Angeles Clippers_2011,4,evansty01_2011,-14.643101692199707
Los Angeles Clippers_2011,5,hardeja01_2011,-14.675997734069824
Los Angeles Clippers_2011,6,eyengch01_2011,-14.726520538330078
Los Angeles Clippers_2011,7,haywago01_2011,-14.72674560546875
Los Angeles Clippers_2011,8,anderja01_2011,-14.72984504699707
Los Angeles Clippers_2011,9,flynnjo01_2011,-14.752288818359375
Los Angeles Clippers_2011,10,babbilu01_2011,-14.757317543029785
Los Angeles Clippers_2012,1,wadedw01_2012,-13.746500015258789
Los Angeles Clippers_2012,2,bryanko01_2012,-13.749858856201172
Los Angeles Clippers_2012,3,ginobma01_2012,-13.76333236694336
Los Angeles Clippers_2012,4,piercpa01_2012,-13.873735427856445
Los Angeles Clippers_2012,5,nowitdi01_2012,-13.901575088500977
Los Angeles Clippers_2012,6,jamesle01_2012,-14.018963813781738
Los Angeles Clippers_2012,7,anthoca01_2012,-14.023194313049316
Los Angeles Clippers_2012,8,parketo01_2012,-14.03801155090332
Los Angeles Clippers_2012,9,hardeja01_2012,-14.075854301452637
Los Angeles Clippers_2012,10,hinriki01_2012,-14.122730255126953
Los Angeles Clippers_2013,1,wadedw01_2013,-13.572935104370117
Los Angeles Clippers_2013,2,bryanko01_2013,-13.576252937316895
Los Angeles Clippers_2013,3,parketo01_2013,-13.727874755859375
Los Angeles Clippers_2013,4,piercpa01_2013,-13.747152328491211
Los Angeles Clippers_2013,5,willide01_2013,-13.978572845458984
Los Angeles Clippers_2013,6,jamesle01_2013,-14.012636184692383
Los Angeles Clippers_2013,7,kiddja01_2013,-14.030342102050781
Los Angeles Clippers_2013,8,allento01_2013,-14.033208847045898
Los Angeles Clippers_2013,9,anthoca01_2013,-14.035730361938477
Los Angeles Clippers_2013,10,ridnolu01_2013,-14.039060592651367
Los Angeles Clippers_2014,1,wadedw01_2014,-12.720892906188965
Los Angeles Clippers_2014,2,ginobma01_2014,-12.740531921386719
Los Angeles Clippers_2014,3,dragigo01_2014,-12.832921028137207
Los Angeles Clippers_2014,4,nowitdi01_2014,-12.840970993041992
Los Angeles Clippers_2014,5,lowryky01_2014,-12.904943466186523
Los Angeles Clippers_2014,6,conlemi01_2014,-12.917373657226562
Los Angeles Clippers_2014,7,anthoca01_2014,-12.9304838180542
Los Angeles Clippers_2014,8,jamesle01_2014,-12.940001487731934
Los Angeles Clippers_2014,9,hardeja01_2014,-12.951047897338867
Los Angeles Clippers_2014,10,derozde01_2014,-12.954048156738281
Los Angeles Clippers_2015,1,wadedw01_2015,-12.712977409362793
Los Angeles Clippers_2015,2,jamesle01_2015,-12.785079002380371
Los Angeles Clippers_2015,3,anthoca01_2015,-12.812647819519043
Los Angeles Clippers_2015,4,gasolma01_2015,-12.844533920288086
Los Angeles Clippers_2015,5,curryst01_2015,-12.892616271972656
Los Angeles Clippers_2015,6,westbru01_2015,-12.906139373779297
Los Angeles Clippers_2015,7,hillge01_2015,-12.909740447998047
Los Angeles Clippers_2015,8,teaguje01_2015,-12.91521167755127
Los Angeles Clippers_2015,9,duranke01_2015,-12.915735244750977
Los Angeles Clippers_2015,10,gayru01_2015,-12.916848182678223
Los Angeles Clippers_2016,1,duranke01_2016,-14.551981925964355
Los Angeles Clippers_2016,2,westbru01_2016,-14.571264266967773
Los Angeles Clippers_2016,3,lowryky01_2016,-14.575662612915039
Los Angeles Clippers_2016,4,thomais02_2016,-14.58006477355957
Los Angeles Clippers_2016,5,curryst01_2016,-14.582296371459961
Los Angeles Clippers_2016,6,anthoca01_2016,-14.587738990783691
Los Angeles Clippers_2016,7,butleji01_2016,-14.596755981445312
Los Angeles Clippers_2016,8,jamesle01_2016,-14.598284721374512
Los Angeles Clippers_2016,9,derozde01_2016,-14.605234146118164
Los Angeles Clippers_2016,10,hardeja01_2016,-14.607927322387695
Los Angeles Clippers_2017,1,jamesle01_2017,-16.549638748168945
Los Angeles Clippers_2017,2,butleji01_2017,-16.567150115966797
Los Angeles Clippers_2017,3,georgpa01_2017,-16.571182250976562
Los Angeles Clippers_2017,4,haywago01_2017,-16.573429107666016
Los Angeles Clippers_2017,5,derozde01_2017,-16.58989715576172
Los Angeles Clippers_2017,6,duranke01_2017,-16.62795066833496
Los Angeles Clippers_2017,7,dragigo01_2017,-16.67523956298828
Los Angeles Clippers_2017,8,lowryky01_2017,-16.693607330322266
Los Angeles Clippers_2017,9,walljo01_2017,-16.710641860961914
Los Angeles Clippers_2017,10,thomais02_2017,-16.711711883544922
Los Angeles Clippers_2018,1,duranke01_2018,-17.930944442749023
Los Angeles Clippers_2018,2,georgpa01_2018,-17.93929100036621
Los Angeles Clippers_2018,3,westbru01_2018,-17.944229125976562
Los Angeles Clippers_2018,4,walkeke02_2018,-17.94512367248535
Los Angeles Clippers_2018,5,lillada01_2018,-17.952106475830078
Los Angeles Clippers_2018,6,curryst01_2018,-17.953805923461914
Los Angeles Clippers_2018,7,evansty01_2018,-17.95989418029785
Los Angeles Clippers_2018,8,middlkh01_2018,-17.968137741088867
Los Angeles Clippers_2018,9,butleji01_2018,-17.980796813964844
Los Angeles Clippers_2018,10,walljo01_2018,-17.987262725830078
Los Angeles Clippers_2019,1,duranke01_2019,-19.64137840270996
Los Angeles Clippers_2019,2,jamesle01_2019,-19.660078048706055
Los Angeles Clippers_2019,3,georgpa01_2019,-19.695693969726562
Los Angeles Clippers_2019,4,butleji01_2019,-19.701784133911133
Los Angeles Clippers_2019,5,leonaka01_2019,-19.70397186279297
Los Angeles Clippers_2019,6,griffbl01_2019,-19.73689079284668
Los Angeles Clippers_2019,7,westbru01_2019,-19.762134552001953
Los Angeles Clippers_2019,8,conlemi01_2019,-19.768985748291016
Los Angeles Clippers_2019,9,paulch01_2019,-19.769710540771484
Los Angeles Clippers_2019,10,curryst01_2019,-19.77064323425293
Los Angeles Clippers_2020,1,hardeja01_2020,-17.901092529296875
Los Angeles Clippers_2020,2,butleji01_2020,-17.932130813598633
Los Angeles Clippers_2020,3,derozde01_2020,-17.936927795410156
Los Angeles Clippers_2020,4,middlkh01_2020,-17.989089965820312
Los Angeles Clippers_2020,5,bealbr01_2020,-18.01287078857422
Los Angeles Clippers_2020,6,davisan02_2020,-18.03482437133789
Los Angeles Clippers_2020,7,jamesle01_2020,-18.041662216186523
Los Angeles Clippers_2020,8,westbru01_2020,-18.067529678344727
Los Angeles Clippers_2020,9,paulch01_2020,-18.070892333984375
Los Angeles Clippers_2020,10,lillada01_2020,-18.12285804748535
Los Angeles Clippers_2021,1,butleji01_2021,-18.46649169921875
Los Angeles Clippers_2021,2,derozde01_2021,-18.51553726196289
Los Angeles Clippers_2021,3,duranke01_2021,-18.521865844726562
Los Angeles Clippers_2021,4,bealbr01_2021,-18.52691078186035
Los Angeles Clippers_2021,5,davisan02_2021,-18.594783782958984
Los Angeles Clippers_2021,6,randlju01_2021,-18.596418380737305
Los Angeles Clippers_2021,7,paulch01_2021,-18.60014533996582
Los Angeles Clippers_2021,8,antetgi01_2021,-18.605697631835938
Los Angeles Clippers_2021,9,jamesle01_2021,-18.615718841552734
Los Angeles Clippers_2021,10,hardeja01_2021,-18.618755340576172
Los Angeles Clippers_2022,1,butleji01_2022,-17.690298080444336
Los Angeles Clippers_2022,2,duranke01_2022,-17.71770477294922
Los Angeles Clippers_2022,3,derozde01_2022,-17.722320556640625
Los Angeles Clippers_2022,4,antetgi01_2022,-17.73955535888672
Los Angeles Clippers_2022,5,siakapa01_2022,-17.74660873413086
Los Angeles Clippers_2022,6,paulch01_2022,-17.778400421142578
Los Angeles Clippers_2022,7,curryst01_2022,-17.79510498046875
Los Angeles Clippers_2022,8,hardeja01_2022,-17.801225662231445
Los Angeles Clippers_2022,9,jamesle01_2022,-17.828258514404297
Los Angeles Clippers_2022,10,loveke01_2022,-17.832412719726562
Los Angeles Clippers_2023,1,derozde01_2023,-19.855377197265625
Los Angeles Clippers_2023,2,bookede01_2023,-19.878276824951172
Los Angeles Clippers_2023,3,mitchdo01_2023,-19.880462646484375
Los Angeles Clippers_2023,4,butleji01_2023,-19.907093048095703
Los Angeles Clippers_2023,5,jamesle01_2023,-19.911413192749023
Los Angeles Clippers_2023,6,duranke01_2023,-19.914846420288086
Los Angeles Clippers_2023,7,randlju01_2023,-19.98569107055664
Los Angeles Clippers_2023,8,siakapa01_2023,-19.99346351623535
Los Angeles Clippers_2023,9,lillada01_2023,-19.9998722076416
Los Angeles Clippers_2023,10,curryst01_2023,-20.003623962402344
Los Angeles Clippers_2024,1,irvinky01_2024,-18.42903709411621
Los Angeles Clippers_2024,2,derozde01_2024,-18.464740753173828
Los Angeles Clippers_2024,3,jamesle01_2024,-18.474143981933594
Los Angeles Clippers_2024,4,duranke01_2024,-18.47506332397461
Los Angeles Clippers_2024,5,butleji01_2024,-18.5106201171875
Los Angeles Clippers_2024,6,mitchdo01_2024,-18.516950607299805
Los Angeles Clippers_2024,7,antetgi01_2024,-18.56817626953125
Los Angeles Clippers_2024,8,curryst01_2024,-18.582996368408203
Los Angeles Clippers_2024,9,markkla01_2024,-18.591230392456055
Los Angeles Clippers_2024,10,randlju01_2024,-18.592927932739258
Los Angeles Clippers_2025,1,butleji01_2025,-16.523456573486328
Los Angeles Clippers_2025,2,duranke01_2025,-16.547115325927734
Los Angeles Clippers_2025,3,antetgi01_2025,-16.599761962890625
Los Angeles Clippers_2025,4,mitchdo01_2025,-16.634504318237305
Los Angeles Clippers_2025,5,jeromty01_2025,-16.639528274536133
Los Angeles Clippers_2025,6,curryst01_2025,-16.644588470458984
Los Angeles Clippers_2025,7,tatumja01_2025,-16.6447811126709
Los Angeles Clippers_2025,8,lillada01_2025,-16.70497703552246
Los Angeles Clippers_2025,9,gilgesh01_2025,-16.741655349731445
Los Angeles Clippers_2025,10,brunsja01_2025,-16.74716567993164
Los Angeles Lakers_1999,1,malonka01_1999,-14.273804664611816
Los Angeles Lakers_1999,2,barklch01_1999,-14.292672157287598
Los Angeles Lakers_1999,3,olajuha01_1999,-14.325399398803711
Los Angeles Lakers_1999,4,mullich01_1999,-14.399307250976562
Los Angeles Lakers_1999,5,schrede01_1999,-14.404237747192383
Los Angeles Lakers_1999,6,hornaje01_1999,-14.449975967407227
Los Angeles Lakers_1999,7,robinda01_1999,-14.49312686920166
Los Angeles Lakers_1999,8,sabonar01_1999,-14.503695487976074
Los Angeles Lakers_1999,9,portete01_1999,-14.504456520080566
Los Angeles Lakers_1999,10,stockjo01_1999,-14.51761531829834
Los Angeles Lakers_2000,1,malonka01_2000,-14.260457992553711
Los Angeles Lakers_2000,2,sabonar01_2000,-14.353961944580078
Los Angeles Lakers_2000,3,colemde01_2000,-14.446212768554688
Los Angeles Lakers_2000,4,hornaje01_2000,-14.462000846862793
Los Angeles Lakers_2000,5,robinda01_2000,-14.496040344238281
Los Angeles Lakers_2000,6,stockjo01_2000,-14.49993896484375
Los Angeles Lakers_2000,7,portete01_2000,-14.524065971374512
Los Angeles Lakers_2000,8,paytoga01_2000,-14.527382850646973
Los Angeles Lakers_2000,9,pippesc01_2000,-14.535004615783691
Los Angeles Lakers_2000,10,robincl02_2000,-14.540421485900879
Los Angeles Lakers_2001,1,malonka01_2001,-13.75633716583252
Los Angeles Lakers_2001,2,robinda01_2001,-13.795540809631348
Los Angeles Lakers_2001,3,millere01_2001,-13.83470344543457
Los Angeles Lakers_2001,4,marshdo01_2001,-13.860650062561035
Los Angeles Lakers_2001,5,richmmi01_2001,-13.861429214477539
Los Angeles Lakers_2001,6,webbech01_2001,-13.879911422729492
Los Angeles Lakers_2001,7,mcdyean01_2001,-13.893835067749023
Los Angeles Lakers_2001,8,wallara01_2001,-13.896533966064453
Los Angeles Lakers_2001,9,stockjo01_2001,-13.898484230041504
Los Angeles Lakers_2001,10,sprewla01_2001,-13.899317741394043
Los Angeles Lakers_2002,1,jordami01_2002,-13.865968704223633
Los Angeles Lakers_2002,2,malonka01_2002,-13.898676872253418
Los Angeles Lakers_2002,3,millere01_2002,-14.08395767211914
Los Angeles Lakers_2002,4,hardati01_2002,-14.146934509277344
Los Angeles Lakers_2002,5,stockjo01_2002,-14.147893905639648
Los Angeles Lakers_2002,6,jonesed02_2002,-14.239044189453125
Los Angeles Lakers_2002,7,houstal01_2002,-14.241560935974121
Los Angeles Lakers_2002,8,barrybr01_2002,-14.245474815368652
Los Angeles Lakers_2002,9,persowe01_2002,-14.25391674041748
Los Angeles Lakers_2002,10,barryjo01_2002,-14.268855094909668
Los Angeles Lakers_2003,1,iversal01_2003,-14.883204460144043
Los Angeles Lakers_2003,2,malonka01_2003,-14.895583152770996
Los Angeles Lakers_2003,3,garneke01_2003,-14.901274681091309
Los Angeles Lakers_2003,4,webbech01_2003,-14.906384468078613
Los Angeles Lakers_2003,5,duncati01_2003,-14.90788745880127
Los Angeles Lakers_2003,6,jordami01_2003,-14.916891098022461
Los Angeles Lakers_2003,7,millere01_2003,-14.936264991760254
Los Angeles Lakers_2003,8,finlemi01_2003,-14.948781967163086
Los Angeles Lakers_2003,9,mashbja01_2003,-14.953496932983398
Los Angeles Lakers_2003,10,robingl01_2003,-14.955002784729004
Los Angeles Lakers_2004,1,kukocto01_2004,-15.55794906616211
Los Angeles Lakers_2004,2,millere01_2004,-15.559025764465332
Los Angeles Lakers_2004,3,jonesed02_2004,-15.681395530700684
Los Angeles Lakers_2004,4,finlemi01_2004,-15.684585571289062
Los Angeles Lakers_2004,5,barrybr01_2004,-15.697027206420898
Los Angeles Lakers_2004,6,jacksbo01_2004,-15.701756477355957
Los Angeles Lakers_2004,7,garneke01_2004,-15.704113960266113
Los Angeles Lakers_2004,8,duncati01_2004,-15.712995529174805
Los Angeles Lakers_2004,9,cassesa01_2004,-15.728119850158691
Los Angeles Lakers_2004,10,kiddja01_2004,-15.750821113586426
Los Angeles Lakers_2005,1,ginobma01_2005,-13.180103302001953
Los Angeles Lakers_2005,2,hughela01_2005,-13.183899879455566
Los Angeles Lakers_2005,3,piercpa01_2005,-13.187806129455566
Los Angeles Lakers_2005,4,iversal01_2005,-13.209473609924316
Los Angeles Lakers_2005,5,wadedw01_2005,-13.216947555541992
Los Angeles Lakers_2005,6,hamilri01_2005,-13.217764854431152
Los Angeles Lakers_2005,7,maggeco01_2005,-13.2183837890625
Los Angeles Lakers_2005,8,garneke01_2005,-13.219745635986328
Los Angeles Lakers_2005,9,mariosh01_2005,-13.220046997070312
Los Angeles Lakers_2005,10,szczewa02_2005,-13.222197532653809
Los Angeles Lakers_2006,1,piercpa01_2006,-14.999626159667969
Los Angeles Lakers_2006,2,ginobma01_2006,-15.007534980773926
Los Angeles Lakers_2006,3,mcgratr01_2006,-15.009247779846191
Los Angeles Lakers_2006,4,cartevi01_2006,-15.009765625
Los Angeles Lakers_2006,5,brandel01_2006,-15.014094352722168
Los Angeles Lakers_2006,6,garneke01_2006,-15.016561508178711
Los Angeles Lakers_2006,7,duncati01_2006,-15.021124839782715
Los Angeles Lakers_2006,8,nowitdi01_2006,-15.026261329650879
Los Angeles Lakers_2006,9,mariosh01_2006,-15.028244018554688
Los Angeles Lakers_2006,10,reddmi01_2006,-15.045744895935059
Los Angeles Lakers_2007,1,childjo01_2007,-13.735454559326172
Los Angeles Lakers_2007,2,brewero02_2007,-13.754199028015137
Los Angeles Lakers_2007,3,iguodan01_2007,-13.757346153259277
Los Angeles Lakers_2007,4,adamsha01_2007,-13.759212493896484
Los Angeles Lakers_2007,5,gordobe01_2007,-13.760965347290039
Los Angeles Lakers_2007,6,johnsjo02_2007,-13.76112174987793
Los Angeles Lakers_2007,7,barbole01_2007,-13.764643669128418
Los Angeles Lakers_2007,8,roybr01_2007,-13.765390396118164
Los Angeles Lakers_2007,9,martike02_2007,-13.766866683959961
Los Angeles Lakers_2007,10,wadedw01_2007,-13.772098541259766
Los Angeles Lakers_2008,1,iversal01_2008,-12.745057106018066
Los Angeles Lakers_2008,2,ginobma01_2008,-12.753149032592773
Los Angeles Lakers_2008,3,piercpa01_2008,-12.816132545471191
Los Angeles Lakers_2008,4,nashst01_2008,-12.82705307006836
Los Angeles Lakers_2008,5,mcgratr01_2008,-12.84339427947998
Los Angeles Lakers_2008,6,billuch01_2008,-12.844056129455566
Los Angeles Lakers_2008,7,garneke01_2008,-12.861366271972656
Los Angeles Lakers_2008,8,wadedw01_2008,-12.864534378051758
Los Angeles Lakers_2008,9,davisba01_2008,-12.91768741607666
Los Angeles Lakers_2008,10,butleca01_2008,-12.919061660766602
Los Angeles Lakers_2009,1,ginobma01_2009,-12.701447486877441
Los Angeles Lakers_2009,2,piercpa01_2009,-12.760770797729492
Los Angeles Lakers_2009,3,nowitdi01_2009,-12.786645889282227
Los Angeles Lakers_2009,4,iversal01_2009,-12.788114547729492
Los Angeles Lakers_2009,5,wadedw01_2009,-12.796337127685547
Los Angeles Lakers_2009,6,parketo01_2009,-12.87979793548584
Los Angeles Lakers_2009,7,nelsoja01_2009,-12.91061782836914
Los Angeles Lakers_2009,8,mingya01_2009,-12.91087818145752
Los Angeles Lakers_2009,9,roybr01_2009,-12.953567504882812
Los Angeles Lakers_2009,10,parkean01_2009,-13.011941909790039
Los Angeles Lakers_2010,1,ginobma01_2010,-13.242497444152832
Los Angeles Lakers_2010,2,iversal01_2010,-13.270991325378418
Los Angeles Lakers_2010,3,piercpa01_2010,-13.392332077026367
Los Angeles Lakers_2010,4,nashst01_2010,-13.39558219909668
Los Angeles Lakers_2010,5,billuch01_2010,-13.402838706970215
Los Angeles Lakers_2010,6,nowitdi01_2010,-13.433723449707031
Los Angeles Lakers_2010,7,duncati01_2010,-13.437810897827148
Los Angeles Lakers_2010,8,wadedw01_2010,-13.503732681274414
Los Angeles Lakers_2010,9,grangda01_2010,-13.687057495117188
Los Angeles Lakers_2010,10,battish01_2010,-13.691593170166016
Los Angeles Lakers_2011,1,ginobma01_2011,-12.397527694702148
Los Angeles Lakers_2011,2,piercpa01_2011,-12.590287208557129
Los Angeles Lakers_2011,3,nowitdi01_2011,-12.64842414855957
Los Angeles Lakers_2011,4,wadedw01_2011,-12.728644371032715
Los Angeles Lakers_2011,5,martike02_2011,-12.780389785766602
Los Angeles Lakers_2011,6,mcgratr01_2011,-12.925726890563965
Los Angeles Lakers_2011,7,jamesle01_2011,-12.935405731201172
Los Angeles Lakers_2011,8,butlera01_2011,-12.966691017150879
Los Angeles Lakers_2011,9,doolike01_2011,-13.129267692565918
Los Angeles Lakers_2011,10,arroyca01_2011,-13.132503509521484
Los Angeles Lakers_2012,1,wadedw01_2012,-13.741674423217773
Los Angeles Lakers_2012,2,ginobma01_2012,-13.759087562561035
Los Angeles Lakers_2012,3,piercpa01_2012,-13.803258895874023
Los Angeles Lakers_2012,4,nowitdi01_2012,-13.821815490722656
Los Angeles Lakers_2012,5,jamesle01_2012,-13.821821212768555
Los Angeles Lakers_2012,6,anthoca01_2012,-13.827362060546875
Los Angeles Lakers_2012,7,paulch01_2012,-13.839792251586914
Los Angeles Lakers_2012,8,parketo01_2012,-13.849520683288574
Los Angeles Lakers_2012,9,hardeja01_2012,-13.879523277282715
Los Angeles Lakers_2012,10,duranke01_2012,-13.93161678314209
Los Angeles Lakers_2013,1,wadedw01_2013,-13.688446044921875
Los Angeles Lakers_2013,2,parketo01_2013,-13.793604850769043
Los Angeles Lakers_2013,3,piercpa01_2013,-13.796082496643066
Los Angeles Lakers_2013,4,willide01_2013,-13.923391342163086
Los Angeles Lakers_2013,5,paulch01_2013,-13.940335273742676
Los Angeles Lakers_2013,6,jamesle01_2013,-13.941716194152832
Los Angeles Lakers_2013,7,anthoca01_2013,-13.9622802734375
Los Angeles Lakers_2013,8,hardeja01_2013,-13.975401878356934
Los Angeles Lakers_2013,9,kiddja01_2013,-14.043368339538574
Los Angeles Lakers_2013,10,allento01_2013,-14.05229377746582
Los Angeles Lakers_2014,1,burketr01_2014,-12.10584545135498
Los Angeles Lakers_2014,2,wroteto01_2014,-12.111104011535645
Los Angeles Lakers_2014,3,bealbr01_2014,-12.19434642791748
Los Angeles Lakers_2014,4,harrito02_2014,-12.248598098754883
Los Angeles Lakers_2014,5,davisan02_2014,-12.252347946166992
Los Angeles Lakers_2014,6,sullija01_2014,-12.25675106048584
Los Angeles Lakers_2014,7,haywago01_2014,-12.261614799499512
Los Angeles Lakers_2014,8,evansty01_2014,-12.274679183959961
Los Angeles Lakers_2014,9,youngth01_2014,-12.275606155395508
Los Angeles Lakers_2014,10,parsoch01_2014,-12.278371810913086
Los Angeles Lakers_2015,1,wiggian01_2015,-13.771435737609863
Los Angeles Lakers_2015,2,wroteto01_2015,-13.828397750854492
Los Angeles Lakers_2015,3,schrode01_2015,-13.850266456604004
Los Angeles Lakers_2015,4,sampsja02_2015,-13.969511985778809
Los Angeles Lakers_2015,5,bennean01_2015,-13.97338581085205
Los Angeles Lakers_2015,6,grantje01_2015,-13.973999977111816
Los Angeles Lakers_2015,7,harklma01_2015,-13.988767623901367
Los Angeles Lakers_2015,8,obryajo01_2015,-13.993773460388184
Los Angeles Lakers_2015,9,bealbr01_2015,-13.997489929199219
Los Angeles Lakers_2015,10,lavinza01_2015,-14.005596160888672
Los Angeles Lakers_2016,1,wiggian01_2016,-15.830796241760254
Los Angeles Lakers_2016,2,mudiaem01_2016,-15.866469383239746
Los Angeles Lakers_2016,3,lavinza01_2016,-15.872042655944824
Los Angeles Lakers_2016,4,bookede01_2016,-15.882542610168457
Los Angeles Lakers_2016,5,jonesty01_2016,-15.886818885803223
Los Angeles Lakers_2016,6,ennisty01_2016,-15.891611099243164
Los Angeles Lakers_2016,7,goodwar01_2016,-15.892791748046875
Los Angeles Lakers_2016,8,roziete01_2016,-15.89934253692627
Los Angeles Lakers_2016,9,winslju01_2016,-15.910323143005371
Los Angeles Lakers_2016,10,hezonma01_2016,-15.925987243652344
Los Angeles Lakers_2017,1,whiteis01_2017,-17.521610260009766
Los Angeles Lakers_2017,2,ulisty01_2017,-17.522594451904297
Los Angeles Lakers_2017,3,mudiaem01_2017,-17.525182723999023
Los Angeles Lakers_2017,4,exumda01_2017,-17.531755447387695
Los Angeles Lakers_2017,5,wiggian01_2017,-17.54033851623535
Los Angeles Lakers_2017,6,baldwwa01_2017,-17.54191780090332
Los Angeles Lakers_2017,7,murrade01_2017,-17.547025680541992
Los Angeles Lakers_2017,8,bookede01_2017,-17.554920196533203
Los Angeles Lakers_2017,9,feldeka01_2017,-17.56305503845215
Los Angeles Lakers_2017,10,parkeja01_2017,-17.56798553466797
Los Angeles Lakers_2018,1,smithde03_2018,-17.07121467590332
Los Angeles Lakers_2018,2,murraja01_2018,-17.072311401367188
Los Angeles Lakers_2018,3,russeda01_2018,-17.095853805541992
Los Angeles Lakers_2018,4,mudiaem01_2018,-17.107606887817383
Los Angeles Lakers_2018,5,markkla01_2018,-17.12615394592285
Los Angeles Lakers_2018,6,bookede01_2018,-17.160198211669922
Los Angeles Lakers_2018,7,mitchdo01_2018,-17.164100646972656
Los Angeles Lakers_2018,8,dinwisp01_2018,-17.178754806518555
Los Angeles Lakers_2018,9,schrode01_2018,-17.18070411682129
Los Angeles Lakers_2018,10,monkma01_2018,-17.185911178588867
Los Angeles Lakers_2019,1,youngtr01_2019,-17.503517150878906
Los Angeles Lakers_2019,2,sextoco01_2019,-17.50373649597168
Los Angeles Lakers_2019,3,murraja01_2019,-17.50809097290039
Los Angeles Lakers_2019,4,foxde01_2019,-17.51192855834961
Los Angeles Lakers_2019,5,tatumja01_2019,-17.56064796447754
Los Angeles Lakers_2019,6,markkla01_2019,-17.57328224182129
Los Angeles Lakers_2019,7,monkma01_2019,-17.59848976135254
Los Angeles Lakers_2019,8,okoboel01_2019,-17.66506576538086
Los Angeles Lakers_2019,9,ntilila01_2019,-17.671499252319336
Los Angeles Lakers_2019,10,knoxke01_2019,-17.699176788330078
Los Angeles Lakers_2020,1,hardeja01_2020,-16.528648376464844
Los Angeles Lakers_2020,2,butleji01_2020,-16.569908142089844
Los Angeles Lakers_2020,3,derozde01_2020,-16.575708389282227
Los Angeles Lakers_2020,4,middlkh01_2020,-16.6624813079834
Los Angeles Lakers_2020,5,georgpa01_2020,-16.675649642944336
Los Angeles Lakers_2020,6,leonaka01_2020,-16.67900848388672
Los Angeles Lakers_2020,7,bealbr01_2020,-16.688976287841797
Los Angeles Lakers_2020,8,westbru01_2020,-16.743669509887695
Los Angeles Lakers_2020,9,paulch01_2020,-16.750062942504883
Los Angeles Lakers_2020,10,lillada01_2020,-16.834793090820312
Los Angeles Lakers_2021,1,butleji01_2021,-16.09664535522461
Los Angeles Lakers_2021,2,georgpa01_2021,-16.118850708007812
Los Angeles Lakers_2021,3,leonaka01_2021,-16.13469123840332
Los Angeles Lakers_2021,4,derozde01_2021,-16.137676239013672
Los Angeles Lakers_2021,5,bealbr01_2021,-16.138280868530273
Los Angeles Lakers_2021,6,randlju01_2021,-16.14474868774414
Los Angeles Lakers_2021,7,duranke01_2021,-16.146570205688477
Los Angeles Lakers_2021,8,antetgi01_2021,-16.15791893005371
Los Angeles Lakers_2021,9,paulch01_2021,-16.17656135559082
Los Angeles Lakers_2021,10,hardeja01_2021,-16.192760467529297
Los Angeles Lakers_2022,1,anthoco01_2022,-18.40315055847168
Los Angeles Lakers_2022,2,porteke02_2022,-18.418487548828125
Los Angeles Lakers_2022,3,maxeyty01_2022,-18.442094802856445
Los Angeles Lakers_2022,4,greenja05_2022,-18.465015411376953
Los Angeles Lakers_2022,5,cunnica01_2022,-18.47347068786621
Los Angeles Lakers_2022,6,wagnefr01_2022,-18.4737606048584
Los Angeles Lakers_2022,7,barrerj01_2022,-18.483875274658203
Los Angeles Lakers_2022,8,edwaran01_2022,-18.488378524780273
Los Angeles Lakers_2022,9,hylanbo01_2022,-18.493173599243164
Los Angeles Lakers_2022,10,hayeski01_2022,-18.59131622314453
Los Angeles Lakers_2023,1,derozde01_2023,-19.868621826171875
Los Angeles Lakers_2023,2,leonaka01_2023,-19.871931076049805
Los Angeles Lakers_2023,3,georgpa01_2023,-19.87550926208496
Los Angeles Lakers_2023,4,bookede01_2023,-19.88983726501465
Los Angeles Lakers_2023,5,mitchdo01_2023,-19.892305374145508
Los Angeles Lakers_2023,6,butleji01_2023,-19.920047760009766
Los Angeles Lakers_2023,7,duranke01_2023,-19.92782974243164
Los Angeles Lakers_2023,8,randlju01_2023,-19.99796485900879
Los Angeles Lakers_2023,9,siakapa01_2023,-20.00563621520996
Los Angeles Lakers_2023,10,lillada01_2023,-20.011869430541992
Los Angeles Lakers_2024,1,irvinky01_2024,-19.793682098388672
Los Angeles Lakers_2024,2,leonaka01_2024,-19.850435256958008
Los Angeles Lakers_2024,3,derozde01_2024,-19.862674713134766
Los Angeles Lakers_2024,4,georgpa01_2024,-19.88931655883789
Los Angeles Lakers_2024,5,mitchdo01_2024,-19.8983211517334
Los Angeles Lakers_2024,6,duranke01_2024,-19.900745391845703
Los Angeles Lakers_2024,7,butleji01_2024,-19.907760620117188
Los Angeles Lakers_2024,8,antetgi01_2024,-19.979442596435547
Los Angeles Lakers_2024,9,lillada01_2024,-19.998790740966797
Los Angeles Lakers_2024,10,markkla01_2024,-20.00349235534668
Los Angeles Lakers_2025,1,butleji01_2025,-19.907014846801758
Los Angeles Lakers_2025,2,antetgi01_2025,-19.90894317626953
Los Angeles Lakers_2025,3,mitchdo01_2025,-19.9121150970459
Los Angeles Lakers_2025,4,jeromty01_2025,-19.918909072875977
Los Angeles Lakers_2025,5,duranke01_2025,-19.932252883911133
Los Angeles Lakers_2025,6,tatumja01_2025,-20.01714515686035
Los Angeles Lakers_2025,7,edwaran01_2025,-20.02884292602539
Los Angeles Lakers_2025,8,herroty01_2025,-20.03536033630371
Los Angeles Lakers_2025,9,lillada01_2025,-20.039419174194336
Los Angeles Lakers_2025,10,willija06_2025,-20.041095733642578
Memphis Grizzlies_2002,1,harrial01_2002,-15.427550315856934
Memphis Grizzlies_2002,2,richaja01_2002,-15.4305419921875
Memphis Grizzlies_2002,3,jefferi01_2002,-15.436731338500977
Memphis Grizzlies_2002,4,curryed01_2002,-15.437426567077637
Memphis Grizzlies_2002,5,harprma01_2002,-15.43854808807373
Memphis Grizzlies_2002,6,harvedo01_2002,-15.443642616271973
Memphis Grizzlies_2002,7,wallage01_2002,-15.44384479522705
Memphis Grizzlies_2002,8,fizerma01_2002,-15.445771217346191
Memphis Grizzlies_2002,9,mohamna01_2002,-15.449982643127441
Memphis Grizzlies_2002,10,johnsjo02_2002,-15.451488494873047
Memphis Grizzlies_2003,1,simmobo01_2003,-15.3872652053833
Memphis Grizzlies_2003,2,stoudam01_2003,-15.398749351501465
Memphis Grizzlies_2003,3,curryed01_2003,-15.408705711364746
Memphis Grizzlies_2003,4,boozeca01_2003,-15.412202835083008
Memphis Grizzlies_2003,5,griffed01_2003,-15.421671867370605
Memphis Grizzlies_2003,6,wallage01_2003,-15.424509048461914
Memphis Grizzlies_2003,7,brandel01_2003,-15.426533699035645
Memphis Grizzlies_2003,8,johnsjo02_2003,-15.427285194396973
Memphis Grizzlies_2003,9,jefferi01_2003,-15.431652069091797
Memphis Grizzlies_2003,10,brownkw01_2003,-15.432024955749512
Memphis Grizzlies_2004,1,millere01_2004,-15.562705039978027
Memphis Grizzlies_2004,2,kukocto01_2004,-15.562728881835938
Memphis Grizzlies_2004,3,onealsh01_2004,-15.598271369934082
Memphis Grizzlies_2004,4,paytoga01_2004,-15.6094331741333
Memphis Grizzlies_2004,5,jonesed02_2004,-15.681282997131348
Memphis Grizzlies_2004,6,finlemi01_2004,-15.684244155883789
Memphis Grizzlies_2004,7,barrybr01_2004,-15.696639060974121
Memphis Grizzlies_2004,8,garneke01_2004,-15.701238632202148
Memphis Grizzlies_2004,9,jacksbo01_2004,-15.7013578414917
Memphis Grizzlies_2004,10,duncati01_2004,-15.70995044708252
Memphis Grizzlies_2005,1,millere01_2005,-15.866168022155762
Memphis Grizzlies_2005,2,onealsh01_2005,-15.906789779663086
Memphis Grizzlies_2005,3,cassesa01_2005,-15.923826217651367
Memphis Grizzlies_2005,4,hillgr01_2005,-15.964191436767578
Memphis Grizzlies_2005,5,roseja01_2005,-15.98392105102539
Memphis Grizzlies_2005,6,marshdo01_2005,-16.023141860961914
Memphis Grizzlies_2005,7,piercpa01_2005,-16.0516300201416
Memphis Grizzlies_2005,8,stackje01_2005,-16.058940887451172
Memphis Grizzlies_2005,9,hoibefr01_2005,-16.059106826782227
Memphis Grizzlies_2005,10,jacksbo01_2005,-16.084365844726562
Memphis Grizzlies_2006,1,cassesa01_2006,-15.894326210021973
Memphis Grizzlies_2006,2,onealsh01_2006,-15.89541244506836
Memphis Grizzlies_2006,3,iversal01_2006,-15.910372734069824
Memphis Grizzlies_2006,4,wallara01_2006,-15.987310409545898
Memphis Grizzlies_2006,5,hillgr01_2006,-15.989314079284668
Memphis Grizzlies_2006,6,allenra02_2006,-16.030277252197266
Memphis Grizzlies_2006,7,stackje01_2006,-16.038612365722656
Memphis Grizzlies_2006,8,piercpa01_2006,-16.048124313354492
Memphis Grizzlies_2006,9,mcgratr01_2006,-16.049999237060547
Memphis Grizzlies_2006,10,kiddja01_2006,-16.07352638244629
Memphis Grizzlies_2007,1,childjo01_2007,-13.53525447845459
Memphis Grizzlies_2007,2,brewero02_2007,-13.54688549041748
Memphis Grizzlies_2007,3,adamsha01_2007,-13.559782981872559
Memphis Grizzlies_2007,4,smithjo03_2007,-13.581062316894531
Memphis Grizzlies_2007,5,greenwi01_2007,-13.58837890625
Memphis Grizzlies_2007,6,stoudsa01_2007,-13.596123695373535
Memphis Grizzlies_2007,7,willima02_2007,-13.597718238830566
Memphis Grizzlies_2007,8,delfica01_2007,-13.598484992980957
Memphis Grizzlies_2007,9,goodedr01_2007,-13.598526000976562
Memphis Grizzlies_2007,10,westde01_2007,-13.598651885986328
Memphis Grizzlies_2008,1,willilo02_2008,-12.66615104675293
Memphis Grizzlies_2008,2,farmajo01_2008,-12.677390098571777
Memphis Grizzlies_2008,3,greenje02_2008,-12.772398948669434
Memphis Grizzlies_2008,4,breweco01_2008,-12.786060333251953
Memphis Grizzlies_2008,5,duranke01_2008,-12.805673599243164
Memphis Grizzlies_2008,6,jianlyi01_2008,-12.833108901977539
Memphis Grizzlies_2008,7,webstma02_2008,-12.860018730163574
Memphis Grizzlies_2008,8,chandwi01_2008,-12.86279296875
Memphis Grizzlies_2008,9,willish03_2008,-12.868260383605957
Memphis Grizzlies_2008,10,rodrise01_2008,-12.877830505371094
Memphis Grizzlies_2009,1,youngth01_2009,-14.045550346374512
Memphis Grizzlies_2009,2,westbru01_2009,-14.046801567077637
Memphis Grizzlies_2009,3,rosede01_2009,-14.06775188446045
Memphis Grizzlies_2009,4,augusdj01_2009,-14.071496963500977
Memphis Grizzlies_2009,5,gordoer01_2009,-14.17152214050293
Memphis Grizzlies_2009,6,chandwi01_2009,-14.219547271728516
Memphis Grizzlies_2009,7,jianlyi01_2009,-14.242700576782227
Memphis Grizzlies_2009,8,cookda02_2009,-14.250036239624023
Memphis Grizzlies_2009,9,anderry01_2009,-14.254637718200684
Memphis Grizzlies_2009,10,randoan01_2009,-14.265027046203613
Memphis Grizzlies_2010,1,anderry01_2010,-14.975783348083496
Memphis Grizzlies_2010,2,curryst01_2010,-14.97914981842041
Memphis Grizzlies_2010,3,rosede01_2010,-14.981451034545898
Memphis Grizzlies_2010,4,jennibr01_2010,-14.981659889221191
Memphis Grizzlies_2010,5,westbru01_2010,-14.987113952636719
Memphis Grizzlies_2010,6,flynnjo01_2010,-14.997661590576172
Memphis Grizzlies_2010,7,beaubro01_2010,-15.005027770996094
Memphis Grizzlies_2010,8,gordoer01_2010,-15.046131134033203
Memphis Grizzlies_2010,9,evansty01_2010,-15.049941062927246
Memphis Grizzlies_2010,10,bayleje01_2010,-15.07129192352295
Memphis Grizzlies_2011,1,bryanko01_2011,-14.538265228271484
Memphis Grizzlies_2011,2,ginobma01_2011,-14.554399490356445
Memphis Grizzlies_2011,3,piercpa01_2011,-14.617840766906738
Memphis Grizzlies_2011,4,wadedw01_2011,-14.630041122436523
Memphis Grizzlies_2011,5,nowitdi01_2011,-14.655800819396973
Memphis Grizzlies_2011,6,martike02_2011,-14.661189079284668
Memphis Grizzlies_2011,7,jamesle01_2011,-14.702194213867188
Memphis Grizzlies_2011,8,duranke01_2011,-14.83163833618164
Memphis Grizzlies_2011,9,rosede01_2011,-14.8374605178833
Memphis Grizzlies_2011,10,mcgratr01_2011,-14.84958267211914
Memphis Grizzlies_2012,1,wadedw01_2012,-13.36628246307373
Memphis Grizzlies_2012,2,bryanko01_2012,-13.369752883911133
Memphis Grizzlies_2012,3,ginobma01_2012,-13.383333206176758
Memphis Grizzlies_2012,4,piercpa01_2012,-13.469389915466309
Memphis Grizzlies_2012,5,nowitdi01_2012,-13.493987083435059
Memphis Grizzlies_2012,6,jamesle01_2012,-13.570581436157227
Memphis Grizzlies_2012,7,anthoca01_2012,-13.575369834899902
Memphis Grizzlies_2012,8,paulch01_2012,-13.583480834960938
Memphis Grizzlies_2012,9,parketo01_2012,-13.592278480529785
Memphis Grizzlies_2012,10,hardeja01_2012,-13.628289222717285
Memphis Grizzlies_2013,1,wadedw01_2013,-13.240105628967285
Memphis Grizzlies_2013,2,bryanko01_2013,-13.242911338806152
Memphis Grizzlies_2013,3,parketo01_2013,-13.350549697875977
Memphis Grizzlies_2013,4,piercpa01_2013,-13.363852500915527
Memphis Grizzlies_2013,5,willide01_2013,-13.503204345703125
Memphis Grizzlies_2013,6,paulch01_2013,-13.520005226135254
Memphis Grizzlies_2013,7,jamesle01_2013,-13.525775909423828
Memphis Grizzlies_2013,8,anthoca01_2013,-13.546971321105957
Memphis Grizzlies_2013,9,hardeja01_2013,-13.56244945526123
Memphis Grizzlies_2013,10,kiddja01_2013,-13.604558944702148
Memphis Grizzlies_2014,1,wadedw01_2014,-14.123320579528809
Memphis Grizzlies_2014,2,ginobma01_2014,-14.148086547851562
Memphis Grizzlies_2014,3,dragigo01_2014,-14.150907516479492
Memphis Grizzlies_2014,4,lowryky01_2014,-14.183335304260254
Memphis Grizzlies_2014,5,paulch01_2014,-14.187662124633789
Memphis Grizzlies_2014,6,nowitdi01_2014,-14.19564437866211
Memphis Grizzlies_2014,7,anthoca01_2014,-14.198563575744629
Memphis Grizzlies_2014,8,jamesle01_2014,-14.208568572998047
Memphis Grizzlies_2014,9,hardeja01_2014,-14.226991653442383
Memphis Grizzlies_2014,10,derozde01_2014,-14.229787826538086
Memphis Grizzlies_2015,1,wadedw01_2015,-13.974409103393555
Memphis Grizzlies_2015,2,jamesle01_2015,-14.042102813720703
Memphis Grizzlies_2015,3,anthoca01_2015,-14.068735122680664
Memphis Grizzlies_2015,4,curryst01_2015,-14.145901679992676
Memphis Grizzlies_2015,5,westbru01_2015,-14.158827781677246
Memphis Grizzlies_2015,6,paulch01_2015,-14.159819602966309
Memphis Grizzlies_2015,7,hillge01_2015,-14.162158966064453
Memphis Grizzlies_2015,8,teaguje01_2015,-14.16809368133545
Memphis Grizzlies_2015,9,duranke01_2015,-14.169124603271484
Memphis Grizzlies_2015,10,gayru01_2015,-14.169351577758789
Memphis Grizzlies_2016,1,thomais02_2016,-13.657052040100098
Memphis Grizzlies_2016,2,westbru01_2016,-13.658153533935547
Memphis Grizzlies_2016,3,lowryky01_2016,-13.658469200134277
Memphis Grizzlies_2016,4,curryst01_2016,-13.669768333435059
Memphis Grizzlies_2016,5,duranke01_2016,-13.687820434570312
Memphis Grizzlies_2016,6,dragigo01_2016,-13.692789077758789
Memphis Grizzlies_2016,7,teaguje01_2016,-13.699063301086426
Memphis Grizzlies_2016,8,gallida01_2016,-13.702659606933594
Memphis Grizzlies_2016,9,rosede01_2016,-13.702926635742188
Memphis Grizzlies_2016,10,griffbl01_2016,-13.703753471374512
Memphis Grizzlies_2017,1,butleji01_2017,-12.91441535949707
Memphis Grizzlies_2017,2,georgpa01_2017,-12.917101860046387
Memphis Grizzlies_2017,3,haywago01_2017,-12.92090892791748
Memphis Grizzlies_2017,4,griffbl01_2017,-12.963875770568848
Memphis Grizzlies_2017,5,duranke01_2017,-12.965579986572266
Memphis Grizzlies_2017,6,derozde01_2017,-12.979101181030273
Memphis Grizzlies_2017,7,walljo01_2017,-12.979836463928223
Memphis Grizzlies_2017,8,curryst01_2017,-12.980010032653809
Memphis Grizzlies_2017,9,thomais02_2017,-12.980791091918945
Memphis Grizzlies_2017,10,westbru01_2017,-12.981520652770996
Memphis Grizzlies_2018,1,smithde03_2018,-16.955718994140625
Memphis Grizzlies_2018,2,murraja01_2018,-16.960769653320312
Memphis Grizzlies_2018,3,russeda01_2018,-16.97901153564453
Memphis Grizzlies_2018,4,mudiaem01_2018,-16.994003295898438
Memphis Grizzlies_2018,5,ntilila01_2018,-17.014219284057617
Memphis Grizzlies_2018,6,foxde01_2018,-17.01566505432129
Memphis Grizzlies_2018,7,ingrabr01_2018,-17.02591896057129
Memphis Grizzlies_2018,8,colliza01_2018,-17.031110763549805
Memphis Grizzlies_2018,9,markkla01_2018,-17.03159523010254
Memphis Grizzlies_2018,10,evansja01_2018,-17.04212188720703
Memphis Grizzlies_2019,1,rubiori01_2019,-16.010683059692383
Memphis Grizzlies_2019,2,bledser01_2019,-16.012306213378906
Memphis Grizzlies_2019,3,walljo01_2019,-16.01661491394043
Memphis Grizzlies_2019,4,jacksre01_2019,-16.01841926574707
Memphis Grizzlies_2019,5,napiesh01_2019,-16.03414535522461
Memphis Grizzlies_2019,6,knighbr03_2019,-16.036855697631836
Memphis Grizzlies_2019,7,bogdabo02_2019,-16.03838539123535
Memphis Grizzlies_2019,8,hardeja01_2019,-16.040353775024414
Memphis Grizzlies_2019,9,middlkh01_2019,-16.042110443115234
Memphis Grizzlies_2019,10,irvinky01_2019,-16.0561466217041
Memphis Grizzlies_2020,1,middlkh01_2020,-17.46158218383789
Memphis Grizzlies_2020,2,leonaka01_2020,-17.474611282348633
Memphis Grizzlies_2020,3,georgpa01_2020,-17.47492790222168
Memphis Grizzlies_2020,4,butleji01_2020,-17.491361618041992
Memphis Grizzlies_2020,5,davisan02_2020,-17.494657516479492
Memphis Grizzlies_2020,6,derozde01_2020,-17.49541473388672
Memphis Grizzlies_2020,7,hardeja01_2020,-17.500667572021484
Memphis Grizzlies_2020,8,bealbr01_2020,-17.50096321105957
Memphis Grizzlies_2020,9,lillada01_2020,-17.508384704589844
Memphis Grizzlies_2020,10,walkeke02_2020,-17.513612747192383
Memphis Grizzlies_2021,1,barrerj01_2021,-19.650033950805664
Memphis Grizzlies_2021,2,herroty01_2021,-19.655502319335938
Memphis Grizzlies_2021,3,edwaran01_2021,-19.657039642333984
Memphis Grizzlies_2021,4,maxeyty01_2021,-19.667842864990234
Memphis Grizzlies_2021,5,poolejo01_2021,-19.669464111328125
Memphis Grizzlies_2021,6,porteke02_2021,-19.676532745361328
Memphis Grizzlies_2021,7,willizi01_2021,-19.702425003051758
Memphis Grizzlies_2021,8,gilgesh01_2021,-19.705839157104492
Memphis Grizzlies_2021,9,lavinza01_2021,-19.71289825439453
Memphis Grizzlies_2021,10,bookede01_2021,-19.74669075012207
Memphis Grizzlies_2022,1,butleji01_2022,-18.165618896484375
Memphis Grizzlies_2022,2,duranke01_2022,-18.19122886657715
Memphis Grizzlies_2022,3,derozde01_2022,-18.195941925048828
Memphis Grizzlies_2022,4,georgpa01_2022,-18.20810317993164
Memphis Grizzlies_2022,5,antetgi01_2022,-18.221784591674805
Memphis Grizzlies_2022,6,siakapa01_2022,-18.230121612548828
Memphis Grizzlies_2022,7,paulch01_2022,-18.270912170410156
Memphis Grizzlies_2022,8,curryst01_2022,-18.272945404052734
Memphis Grizzlies_2022,9,mitchdo01_2022,-18.273698806762695
Memphis Grizzlies_2022,10,hardeja01_2022,-18.27861213684082
Memphis Grizzlies_2023,1,mathube01_2023,-19.670490264892578
Memphis Grizzlies_2023,2,edwaran01_2023,-19.673858642578125
Memphis Grizzlies_2023,3,greenja05_2023,-19.678171157836914
Memphis Grizzlies_2023,4,iveyja01_2023,-19.698883056640625
Memphis Grizzlies_2023,5,thomaca02_2023,-19.700414657592773
Memphis Grizzlies_2023,6,hardyja02_2023,-19.706558227539062
Memphis Grizzlies_2023,7,barnesc01_2023,-19.731277465820312
Memphis Grizzlies_2023,8,wagnefr01_2023,-19.731895446777344
Memphis Grizzlies_2023,9,giddejo01_2023,-19.74728012084961
Memphis Grizzlies_2023,10,barrerj01_2023,-19.754976272583008
Memphis Grizzlies_2024,1,georgke01_2024,-17.459444046020508
Memphis Grizzlies_2024,2,hendesc01_2024,-17.494951248168945
Memphis Grizzlies_2024,3,millebr02_2024,-17.53326988220215
Memphis Grizzlies_2024,4,iveyja01_2024,-17.539844512939453
Memphis Grizzlies_2024,5,banchpa01_2024,-17.55504608154297
Memphis Grizzlies_2024,6,greenja05_2024,-17.571365356445312
Memphis Grizzlies_2024,7,sharpsh01_2024,-17.57262420654297
Memphis Grizzlies_2024,8,mathube01_2024,-17.576488494873047
Memphis Grizzlies_2024,9,whitmca01_2024,-17.576709747314453
Memphis Grizzlies_2024,10,giddejo01_2024,-17.580970764160156
Memphis Grizzlies_2025,1,sharpsh01_2025,-19.672218322753906
Memphis Grizzlies_2025,2,mccaija01_2025,-19.70781707763672
Memphis Grizzlies_2025,3,branhma01_2025,-19.708580017089844
Memphis Grizzlies_2025,4,edwaran01_2025,-19.719202041625977
Memphis Grizzlies_2025,5,herroty01_2025,-19.722909927368164
Memphis Grizzlies_2025,6,willija06_2025,-19.72549057006836
Memphis Grizzlies_2025,7,simonan01_2025,-19.743558883666992
Memphis Grizzlies_2025,8,wembavi01_2025,-19.744007110595703
Memphis Grizzlies_2025,9,sensabr01_2025,-19.74517059326172
Memphis Grizzlies_2025,10,vassede01_2025,-19.764490127563477
Miami Heat_1999,1,malonka01_1999,-15.584068298339844
Miami Heat_1999,2,barklch01_1999,-15.603370666503906
Miami Heat_1999,3,olajuha01_1999,-15.640022277832031
Miami Heat_1999,4,mullich01_1999,-15.721930503845215
Miami Heat_1999,5,schrede01_1999,-15.727800369262695
Miami Heat_1999,6,hornaje01_1999,-15.783661842346191
Miami Heat_1999,7,robinda01_1999,-15.83095932006836
Miami Heat_1999,8,sabonar01_1999,-15.841482162475586
Miami Heat_1999,9,stockjo01_1999,-15.852209091186523
Miami Heat_1999,10,robincl02_1999,-15.89332389831543
Miami Heat_2000,1,malonka01_2000,-15.612371444702148
Miami Heat_2000,2,sabonar01_2000,-15.710343360900879
Miami Heat_2000,3,colemde01_2000,-15.818395614624023
Miami Heat_2000,4,hornaje01_2000,-15.83449649810791
Miami Heat_2000,5,robinda01_2000,-15.871809959411621
Miami Heat_2000,6,stockjo01_2000,-15.872037887573242
Miami Heat_2000,7,portete01_2000,-15.896515846252441
Miami Heat_2000,8,paytoga01_2000,-15.908158302307129
Miami Heat_2000,9,pippesc01_2000,-15.9164457321167
Miami Heat_2000,10,robincl02_2000,-15.922228813171387
Miami Heat_2001,1,malonka01_2001,-16.719005584716797
Miami Heat_2001,2,robinda01_2001,-16.766481399536133
Miami Heat_2001,3,millere01_2001,-16.813945770263672
Miami Heat_2001,4,richmmi01_2001,-16.8436279296875
Miami Heat_2001,5,stockjo01_2001,-16.8754825592041
Miami Heat_2001,6,sprewla01_2001,-16.878799438476562
Miami Heat_2001,7,marshdo01_2001,-16.89122772216797
Miami Heat_2001,8,robincl02_2001,-16.90579605102539
Miami Heat_2001,9,wesleda01_2001,-16.912904739379883
Miami Heat_2001,10,webbech01_2001,-16.918468475341797
Miami Heat_2002,1,jordami01_2002,-16.717138290405273
Miami Heat_2002,2,malonka01_2002,-16.750375747680664
Miami Heat_2002,3,millere01_2002,-16.85531234741211
Miami Heat_2002,4,hardati01_2002,-16.91214942932129
Miami Heat_2002,5,stockjo01_2002,-16.91494369506836
Miami Heat_2002,6,houstal01_2002,-16.928503036499023
Miami Heat_2002,7,barrybr01_2002,-16.9401798248291
Miami Heat_2002,8,persowe01_2002,-16.943241119384766
Miami Heat_2002,9,iversal01_2002,-16.957530975341797
Miami Heat_2002,10,barryjo01_2002,-16.963626861572266
Miami Heat_2003,1,bryanko01_2003,-16.586061477661133
Miami Heat_2003,2,mcgratr01_2003,-16.589385986328125
Miami Heat_2003,3,piercpa01_2003,-16.59119415283203
Miami Heat_2003,4,mariosh01_2003,-16.604812622070312
Miami Heat_2003,5,maggeco01_2003,-16.612403869628906
Miami Heat_2003,6,davisri01_2003,-16.61688232421875
Miami Heat_2003,7,iversal01_2003,-16.626558303833008
Miami Heat_2003,8,hamilri01_2003,-16.636850357055664
Miami Heat_2003,9,reddmi01_2003,-16.637216567993164
Miami Heat_2003,10,lewisra02_2003,-16.63776969909668
Miami Heat_2004,1,millere01_2004,-16.87458610534668
Miami Heat_2004,2,kukocto01_2004,-16.886608123779297
Miami Heat_2004,3,onealsh01_2004,-16.90445327758789
Miami Heat_2004,4,paytoga01_2004,-16.91769027709961
Miami Heat_2004,5,finlemi01_2004,-16.95716094970703
Miami Heat_2004,6,barrybr01_2004,-16.968801498413086
Miami Heat_2004,7,jacksbo01_2004,-16.973791122436523
Miami Heat_2004,8,garneke01_2004,-16.977807998657227
Miami Heat_2004,9,duncati01_2004,-16.984426498413086
Miami Heat_2004,10,cassesa01_2004,-16.999162673950195
Miami Heat_2005,1,millere01_2005,-14.343144416809082
Miami Heat_2005,2,cassesa01_2005,-14.403829574584961
Miami Heat_2005,3,hillgr01_2005,-14.46866226196289
Miami Heat_2005,4,roseja01_2005,-14.491338729858398
Miami Heat_2005,5,marshdo01_2005,-14.533639907836914
Miami Heat_2005,6,stackje01_2005,-14.582077026367188
Miami Heat_2005,7,hoibefr01_2005,-14.583111763000488
Miami Heat_2005,8,piercpa01_2005,-14.597281455993652
Miami Heat_2005,9,jacksbo01_2005,-14.610235214233398
Miami Heat_2005,10,nashst01_2005,-14.618072509765625
Miami Heat_2006,1,bryanko01_2006,-14.58276653289795
Miami Heat_2006,2,gordobe01_2006,-14.588067054748535
Miami Heat_2006,3,kirilan01_2006,-14.591625213623047
Miami Heat_2006,4,cartevi01_2006,-14.593255996704102
Miami Heat_2006,5,johnsjo02_2006,-14.59370231628418
Miami Heat_2006,6,reddmi01_2006,-14.594035148620605
Miami Heat_2006,7,ginobma01_2006,-14.594564437866211
Miami Heat_2006,8,richaja01_2006,-14.595821380615234
Miami Heat_2006,9,crawfja01_2006,-14.598054885864258
Miami Heat_2006,10,wallage01_2006,-14.606950759887695
Miami Heat_2007,1,childjo01_2007,-16.519086837768555
Miami Heat_2007,2,brewero02_2007,-16.52247428894043
Miami Heat_2007,3,adamsha01_2007,-16.544206619262695
Miami Heat_2007,4,smithjo03_2007,-16.558748245239258
Miami Heat_2007,5,willima02_2007,-16.577571868896484
Miami Heat_2007,6,grahajo01_2007,-16.585983276367188
Miami Heat_2007,7,goodedr01_2007,-16.588991165161133
Miami Heat_2007,8,greenwi01_2007,-16.594430923461914
Miami Heat_2007,9,warriha01_2007,-16.596445083618164
Miami Heat_2007,10,wilcoch01_2007,-16.59688949584961
Miami Heat_2008,1,gayru01_2008,-14.036415100097656
Miami Heat_2008,2,willilo02_2008,-14.093880653381348
Miami Heat_2008,3,farmajo01_2008,-14.104405403137207
Miami Heat_2008,4,duranke01_2008,-14.18115234375
Miami Heat_2008,5,jianlyi01_2008,-14.257664680480957
Miami Heat_2008,6,webstma02_2008,-14.268211364746094
Miami Heat_2008,7,willima02_2008,-14.272842407226562
Miami Heat_2008,8,chandwi01_2008,-14.277294158935547
Miami Heat_2008,9,willish03_2008,-14.280180931091309
Miami Heat_2008,10,greenje02_2008,-14.280205726623535
Miami Heat_2009,1,bryanko01_2009,-14.097125053405762
Miami Heat_2009,2,ginobma01_2009,-14.115155220031738
Miami Heat_2009,3,piercpa01_2009,-14.118104934692383
Miami Heat_2009,4,parketo01_2009,-14.12653636932373
Miami Heat_2009,5,nowitdi01_2009,-14.131193161010742
Miami Heat_2009,6,iversal01_2009,-14.147055625915527
Miami Heat_2009,7,gasolpa01_2009,-14.1509370803833
Miami Heat_2009,8,mingya01_2009,-14.154674530029297
Miami Heat_2009,9,nelsoja01_2009,-14.155808448791504
Miami Heat_2009,10,roybr01_2009,-14.185626983642578
Miami Heat_2010,1,bryanko01_2010,-13.199589729309082
Miami Heat_2010,2,ginobma01_2010,-13.208001136779785
Miami Heat_2010,3,iversal01_2010,-13.23188591003418
Miami Heat_2010,4,piercpa01_2010,-13.308879852294922
Miami Heat_2010,5,nashst01_2010,-13.317680358886719
Miami Heat_2010,6,billuch01_2010,-13.322264671325684
Miami Heat_2010,7,nowitdi01_2010,-13.341641426086426
Miami Heat_2010,8,duncati01_2010,-13.355992317199707
Miami Heat_2010,9,grangda01_2010,-13.4987154006958
Miami Heat_2010,10,roybr01_2010,-13.534464836120605
Miami Heat_2011,1,bryanko01_2011,-11.328483581542969
Miami Heat_2011,2,ginobma01_2011,-11.35208511352539
Miami Heat_2011,3,piercpa01_2011,-11.561577796936035
Miami Heat_2011,4,nowitdi01_2011,-11.622292518615723
Miami Heat_2011,5,martike02_2011,-11.769404411315918
Miami Heat_2011,6,mcgratr01_2011,-11.91242504119873
Miami Heat_2011,7,butlera01_2011,-11.955036163330078
Miami Heat_2011,8,fishede01_2011,-12.12712287902832
Miami Heat_2011,9,doolike01_2011,-12.131021499633789
Miami Heat_2011,10,artesro01_2011,-12.137048721313477
Miami Heat_2012,1,bryanko01_2012,-13.973832130432129
Miami Heat_2012,2,ginobma01_2012,-13.98752212524414
Miami Heat_2012,3,piercpa01_2012,-14.06096363067627
Miami Heat_2012,4,nowitdi01_2012,-14.08397102355957
Miami Heat_2012,5,anthoca01_2012,-14.141719818115234
Miami Heat_2012,6,paulch01_2012,-14.151373863220215
Miami Heat_2012,7,parketo01_2012,-14.16041088104248
Miami Heat_2012,8,hardeja01_2012,-14.19558048248291
Miami Heat_2012,9,duranke01_2012,-14.2754487991333
Miami Heat_2012,10,hinriki01_2012,-14.27571964263916
Miami Heat_2013,1,bryanko01_2013,-11.361553192138672
Miami Heat_2013,2,parketo01_2013,-11.567505836486816
Miami Heat_2013,3,piercpa01_2013,-11.598876953125
Miami Heat_2013,4,kiddja01_2013,-11.93190860748291
Miami Heat_2013,5,allento01_2013,-11.934264183044434
Miami Heat_2013,6,ridnolu01_2013,-11.94379997253418
Miami Heat_2013,7,willide01_2013,-11.945430755615234
Miami Heat_2013,8,paulch01_2013,-11.963820457458496
Miami Heat_2013,9,wilkida02_2013,-11.967164039611816
Miami Heat_2013,10,fishede01_2013,-11.97439193725586
Miami Heat_2014,1,ginobma01_2014,-14.077534675598145
Miami Heat_2014,2,nowitdi01_2014,-14.230451583862305
Miami Heat_2014,3,dragigo01_2014,-14.256430625915527
Miami Heat_2014,4,lowryky01_2014,-14.365675926208496
Miami Heat_2014,5,paulch01_2014,-14.370162010192871
Miami Heat_2014,6,conlemi01_2014,-14.378729820251465
Miami Heat_2014,7,anthoca01_2014,-14.403352737426758
Miami Heat_2014,8,hardeja01_2014,-14.417811393737793
Miami Heat_2014,9,derozde01_2014,-14.420770645141602
Miami Heat_2014,10,allento01_2014,-14.470789909362793
Miami Heat_2015,1,wiggian01_2015,-14.432735443115234
Miami Heat_2015,2,wroteto01_2015,-14.470019340515137
Miami Heat_2015,3,schrode01_2015,-14.477612495422363
Miami Heat_2015,4,bealbr01_2015,-14.530991554260254
Miami Heat_2015,5,harrito02_2015,-14.586224555969238
Miami Heat_2015,6,kiddgmi01_2015,-14.586882591247559
Miami Heat_2015,7,morrima02_2015,-14.604823112487793
Miami Heat_2015,8,covinro01_2015,-14.620341300964355
Miami Heat_2015,9,porteot01_2015,-14.62788200378418
Miami Heat_2015,10,jennibr01_2015,-14.63262939453125
Miami Heat_2016,1,duranke01_2016,-12.426956176757812
Miami Heat_2016,2,westbru01_2016,-12.430797576904297
Miami Heat_2016,3,lowryky01_2016,-12.433752059936523
Miami Heat_2016,4,thomais02_2016,-12.436142921447754
Miami Heat_2016,5,curryst01_2016,-12.441868782043457
Miami Heat_2016,6,griffbl01_2016,-12.452240943908691
Miami Heat_2016,7,butleji01_2016,-12.468221664428711
Miami Heat_2016,8,anthoca01_2016,-12.470067024230957
Miami Heat_2016,9,derozde01_2016,-12.476680755615234
Miami Heat_2016,10,hardeja01_2016,-12.477622032165527
Miami Heat_2017,1,butleji01_2017,-15.270657539367676
Miami Heat_2017,2,georgpa01_2017,-15.273151397705078
Miami Heat_2017,3,haywago01_2017,-15.277326583862305
Miami Heat_2017,4,griffbl01_2017,-15.319150924682617
Miami Heat_2017,5,westbru01_2017,-15.320015907287598
Miami Heat_2017,6,walljo01_2017,-15.320474624633789
Miami Heat_2017,7,curryst01_2017,-15.320551872253418
Miami Heat_2017,8,duranke01_2017,-15.320638656616211
Miami Heat_2017,9,thomais02_2017,-15.321160316467285
Miami Heat_2017,10,walkeke02_2017,-15.321754455566406
Miami Heat_2018,1,duranke01_2018,-14.761181831359863
Miami Heat_2018,2,westbru01_2018,-14.766861915588379
Miami Heat_2018,3,georgpa01_2018,-14.76884651184082
Miami Heat_2018,4,walkeke02_2018,-14.77096939086914
Miami Heat_2018,5,lillada01_2018,-14.774151802062988
Miami Heat_2018,6,curryst01_2018,-14.778922080993652
Miami Heat_2018,7,evansty01_2018,-14.785076141357422
Miami Heat_2018,8,butleji01_2018,-14.848814010620117
Miami Heat_2018,9,hardeja01_2018,-14.859841346740723
Miami Heat_2018,10,lowryky01_2018,-14.866724967956543
Miami Heat_2019,1,georgpa01_2019,-17.926267623901367
Miami Heat_2019,2,hardeja01_2019,-17.927804946899414
Miami Heat_2019,3,butleji01_2019,-17.934778213500977
Miami Heat_2019,4,leonaka01_2019,-17.938417434692383
Miami Heat_2019,5,irvinky01_2019,-17.94481086730957
Miami Heat_2019,6,walkeke02_2019,-17.948457717895508
Miami Heat_2019,7,griffbl01_2019,-17.949661254882812
Miami Heat_2019,8,lillada01_2019,-17.950286865234375
Miami Heat_2019,9,bogdabo02_2019,-17.96250343322754
Miami Heat_2019,10,middlkh01_2019,-17.96390724182129
Miami Heat_2020,1,hardeja01_2020,-17.900766372680664
Miami Heat_2020,2,derozde01_2020,-17.93724250793457
Miami Heat_2020,3,middlkh01_2020,-17.988554000854492
Miami Heat_2020,4,georgpa01_2020,-18.001873016357422
Miami Heat_2020,5,leonaka01_2020,-18.004106521606445
Miami Heat_2020,6,bealbr01_2020,-18.010635375976562
Miami Heat_2020,7,davisan02_2020,-18.03396224975586
Miami Heat_2020,8,jamesle01_2020,-18.042964935302734
Miami Heat_2020,9,westbru01_2020,-18.06632423400879
Miami Heat_2020,10,paulch01_2020,-18.06954574584961
Miami Heat_2021,1,georgpa01_2021,-18.275100708007812
Miami Heat_2021,2,bealbr01_2021,-18.291915893554688
Miami Heat_2021,3,derozde01_2021,-18.293447494506836
Miami Heat_2021,4,duranke01_2021,-18.302644729614258
Miami Heat_2021,5,leonaka01_2021,-18.313730239868164
Miami Heat_2021,6,randlju01_2021,-18.327375411987305
Miami Heat_2021,7,davisan02_2021,-18.32744598388672
Miami Heat_2021,8,antetgi01_2021,-18.33870506286621
Miami Heat_2021,9,paulch01_2021,-18.357173919677734
Miami Heat_2021,10,hardeja01_2021,-18.36443519592285
Miami Heat_2022,1,duranke01_2022,-16.60417366027832
Miami Heat_2022,2,derozde01_2022,-16.608530044555664
Miami Heat_2022,3,georgpa01_2022,-16.622468948364258
Miami Heat_2022,4,paulch01_2022,-16.633460998535156
Miami Heat_2022,5,antetgi01_2022,-16.648357391357422
Miami Heat_2022,6,siakapa01_2022,-16.651935577392578
Miami Heat_2022,7,curryst01_2022,-16.71189308166504
Miami Heat_2022,8,hardeja01_2022,-16.716781616210938
Miami Heat_2022,9,jamesle01_2022,-16.782533645629883
Miami Heat_2022,10,loveke01_2022,-16.824108123779297
Miami Heat_2023,1,bookede01_2023,-18.380468368530273
Miami Heat_2023,2,mitchdo01_2023,-18.38365364074707
Miami Heat_2023,3,derozde01_2023,-18.393699645996094
Miami Heat_2023,4,leonaka01_2023,-18.39996910095215
Miami Heat_2023,5,georgpa01_2023,-18.40318489074707
Miami Heat_2023,6,randlju01_2023,-18.429479598999023
Miami Heat_2023,7,siakapa01_2023,-18.435009002685547
Miami Heat_2023,8,tatumja01_2023,-18.436429977416992
Miami Heat_2023,9,duranke01_2023,-18.44414710998535
Miami Heat_2023,10,antetgi01_2023,-18.448410034179688
Miami Heat_2024,1,irvinky01_2024,-18.430225372314453
Miami Heat_2024,2,leonaka01_2024,-18.45163917541504
Miami Heat_2024,3,derozde01_2024,-18.46622657775879
Miami Heat_2024,4,jamesle01_2024,-18.47528648376465
Miami Heat_2024,5,duranke01_2024,-18.476194381713867
Miami Heat_2024,6,georgpa01_2024,-18.4937744140625
Miami Heat_2024,7,mitchdo01_2024,-18.518840789794922
Miami Heat_2024,8,antetgi01_2024,-18.57048225402832
Miami Heat_2024,9,curryst01_2024,-18.584827423095703
Miami Heat_2024,10,markkla01_2024,-18.59353256225586
Miami Heat_2025,1,duranke01_2025,-18.4794979095459
Miami Heat_2025,2,antetgi01_2025,-18.48847770690918
Miami Heat_2025,3,mitchdo01_2025,-18.506813049316406
Miami Heat_2025,4,jeromty01_2025,-18.51278305053711
Miami Heat_2025,5,tatumja01_2025,-18.579174041748047
Miami Heat_2025,6,hardeja01_2025,-18.588300704956055
Miami Heat_2025,7,curryst01_2025,-18.590234756469727
Miami Heat_2025,8,lillada01_2025,-18.614990234375
Miami Heat_2025,9,davisan02_2025,-18.67999267578125
Miami Heat_2025,10,gilgesh01_2025,-18.694400787353516
Milwaukee Bucks_1999,1,malonka01_1999,-15.590890884399414
Milwaukee Bucks_1999,2,barklch01_1999,-15.610191345214844
Milwaukee Bucks_1999,3,olajuha01_1999,-15.64680004119873
Milwaukee Bucks_1999,4,mullich01_1999,-15.7283296585083
Milwaukee Bucks_1999,5,schrede01_1999,-15.734174728393555
Milwaukee Bucks_1999,6,hornaje01_1999,-15.789855003356934
Milwaukee Bucks_1999,7,robinda01_1999,-15.83703327178955
Milwaukee Bucks_1999,8,portete01_1999,-15.844853401184082
Milwaukee Bucks_1999,9,sabonar01_1999,-15.847528457641602
Milwaukee Bucks_1999,10,stockjo01_1999,-15.858307838439941
Milwaukee Bucks_2000,1,malonka01_2000,-13.13498306274414
Milwaukee Bucks_2000,2,hillgr01_2000,-13.155756950378418
Milwaukee Bucks_2000,3,webbech01_2000,-13.178176879882812
Milwaukee Bucks_2000,4,colemde01_2000,-13.185640335083008
Milwaukee Bucks_2000,5,hornaje01_2000,-13.199885368347168
Milwaukee Bucks_2000,6,sabonar01_2000,-13.200222969055176
Milwaukee Bucks_2000,7,paytoga01_2000,-13.203919410705566
Milwaukee Bucks_2000,8,mournal01_2000,-13.209161758422852
Milwaukee Bucks_2000,9,murrala01_2000,-13.209400177001953
Milwaukee Bucks_2000,10,pippesc01_2000,-13.210074424743652
Milwaukee Bucks_2001,1,malonka01_2001,-13.748419761657715
Milwaukee Bucks_2001,2,robinda01_2001,-13.78766918182373
Milwaukee Bucks_2001,3,millere01_2001,-13.827444076538086
Milwaukee Bucks_2001,4,marshdo01_2001,-13.854034423828125
Milwaukee Bucks_2001,5,richmmi01_2001,-13.854242324829102
Milwaukee Bucks_2001,6,webbech01_2001,-13.87326431274414
Milwaukee Bucks_2001,7,mcdyean01_2001,-13.887295722961426
Milwaukee Bucks_2001,8,wallara01_2001,-13.889924049377441
Milwaukee Bucks_2001,9,stockjo01_2001,-13.89126205444336
Milwaukee Bucks_2001,10,sprewla01_2001,-13.892462730407715
Milwaukee Bucks_2002,1,jordami01_2002,-15.074134826660156
Milwaukee Bucks_2002,2,malonka01_2002,-15.102544784545898
Milwaukee Bucks_2002,3,millere01_2002,-15.213614463806152
Milwaukee Bucks_2002,4,hardati01_2002,-15.27294635772705
Milwaukee Bucks_2002,5,stockjo01_2002,-15.275357246398926
Milwaukee Bucks_2002,6,houstal01_2002,-15.294926643371582
Milwaukee Bucks_2002,7,iversal01_2002,-15.299087524414062
Milwaukee Bucks_2002,8,jonesed02_2002,-15.299871444702148
Milwaukee Bucks_2002,9,barrybr01_2002,-15.305707931518555
Milwaukee Bucks_2002,10,persowe01_2002,-15.308782577514648
Milwaukee Bucks_2003,1,malonka01_2003,-13.408617973327637
Milwaukee Bucks_2003,2,jordami01_2003,-13.46251392364502
Milwaukee Bucks_2003,3,millere01_2003,-13.506928443908691
Milwaukee Bucks_2003,4,onealsh01_2003,-13.535592079162598
Milwaukee Bucks_2003,5,mashbja01_2003,-13.550880432128906
Milwaukee Bucks_2003,6,robingl01_2003,-13.562359809875488
Milwaukee Bucks_2003,7,garneke01_2003,-13.574222564697266
Milwaukee Bucks_2003,8,iversal01_2003,-13.575410842895508
Milwaukee Bucks_2003,9,roseja01_2003,-13.576883316040039
Milwaukee Bucks_2003,10,duncati01_2003,-13.578997611999512
Milwaukee Bucks_2004,1,garneke01_2004,-14.93359088897705
Milwaukee Bucks_2004,2,duncati01_2004,-14.938526153564453
Milwaukee Bucks_2004,3,millere01_2004,-14.947297096252441
Milwaukee Bucks_2004,4,stojape01_2004,-14.95854377746582
Milwaukee Bucks_2004,5,jamisan01_2004,-14.959555625915527
Milwaukee Bucks_2004,6,piercpa01_2004,-14.964821815490723
Milwaukee Bucks_2004,7,onealsh01_2004,-14.966590881347656
Milwaukee Bucks_2004,8,cartevi01_2004,-14.96666431427002
Milwaukee Bucks_2004,9,poseyja01_2004,-14.96792984008789
Milwaukee Bucks_2004,10,iversal01_2004,-14.9702730178833
Milwaukee Bucks_2005,1,maggeco01_2005,-15.196359634399414
Milwaukee Bucks_2005,2,crawfja01_2005,-15.200691223144531
Milwaukee Bucks_2005,3,wadedw01_2005,-15.201136589050293
Milwaukee Bucks_2005,4,richaja01_2005,-15.204459190368652
Milwaukee Bucks_2005,5,davisri01_2005,-15.205292701721191
Milwaukee Bucks_2005,6,gordobe01_2005,-15.23515796661377
Milwaukee Bucks_2005,7,arenagi01_2005,-15.239140510559082
Milwaukee Bucks_2005,8,millemi01_2005,-15.243330001831055
Milwaukee Bucks_2005,9,bryanko01_2005,-15.244245529174805
Milwaukee Bucks_2005,10,lewisra02_2005,-15.245064735412598
Milwaukee Bucks_2006,1,gordobe01_2006,-15.474830627441406
Milwaukee Bucks_2006,2,wadedw01_2006,-15.475947380065918
Milwaukee Bucks_2006,3,johnsjo02_2006,-15.480265617370605
Milwaukee Bucks_2006,4,richaja01_2006,-15.48202133178711
Milwaukee Bucks_2006,5,crawfja01_2006,-15.483041763305664
Milwaukee Bucks_2006,6,millemi01_2006,-15.503464698791504
Milwaukee Bucks_2006,7,martike02_2006,-15.508530616760254
Milwaukee Bucks_2006,8,stevede01_2006,-15.509724617004395
Milwaukee Bucks_2006,9,smithjo03_2006,-15.511099815368652
Milwaukee Bucks_2006,10,denglu01_2006,-15.5128812789917
Milwaukee Bucks_2007,1,childjo01_2007,-13.529879570007324
Milwaukee Bucks_2007,2,brewero02_2007,-13.540984153747559
Milwaukee Bucks_2007,3,adamsha01_2007,-13.55446720123291
Milwaukee Bucks_2007,4,smithjo03_2007,-13.57581615447998
Milwaukee Bucks_2007,5,greenwi01_2007,-13.583983421325684
Milwaukee Bucks_2007,6,stoudsa01_2007,-13.591720581054688
Milwaukee Bucks_2007,7,willima02_2007,-13.592333793640137
Milwaukee Bucks_2007,8,goodedr01_2007,-13.593993186950684
Milwaukee Bucks_2007,9,grahajo01_2007,-13.594247817993164
Milwaukee Bucks_2007,10,westde01_2007,-13.59424877166748
Milwaukee Bucks_2008,1,gayru01_2008,-13.22445011138916
Milwaukee Bucks_2008,2,willilo02_2008,-13.29255485534668
Milwaukee Bucks_2008,3,farmajo01_2008,-13.303535461425781
Milwaukee Bucks_2008,4,duranke01_2008,-13.413344383239746
Milwaukee Bucks_2008,5,greenje02_2008,-13.423118591308594
Milwaukee Bucks_2008,6,breweco01_2008,-13.436347961425781
Milwaukee Bucks_2008,7,webstma02_2008,-13.478228569030762
Milwaukee Bucks_2008,8,chandwi01_2008,-13.483195304870605
Milwaukee Bucks_2008,9,willish03_2008,-13.487760543823242
Milwaukee Bucks_2008,10,conlemi01_2008,-13.504323959350586
Milwaukee Bucks_2009,1,westbru01_2009,-14.343314170837402
Milwaukee Bucks_2009,2,youngth01_2009,-14.347984313964844
Milwaukee Bucks_2009,3,rosede01_2009,-14.358017921447754
Milwaukee Bucks_2009,4,augusdj01_2009,-14.362289428710938
Milwaukee Bucks_2009,5,gordoer01_2009,-14.416324615478516
Milwaukee Bucks_2009,6,mayooj01_2009,-14.417908668518066
Milwaukee Bucks_2009,7,gayru01_2009,-14.471575736999512
Milwaukee Bucks_2009,8,randoan01_2009,-14.47834587097168
Milwaukee Bucks_2009,9,beaslmi01_2009,-14.48487377166748
Milwaukee Bucks_2009,10,anthoca01_2009,-14.487532615661621
Milwaukee Bucks_2010,1,bryanko01_2010,-14.01218032836914
Milwaukee Bucks_2010,2,ginobma01_2010,-14.017927169799805
Milwaukee Bucks_2010,3,iversal01_2010,-14.03824234008789
Milwaukee Bucks_2010,4,piercpa01_2010,-14.080013275146484
Milwaukee Bucks_2010,5,nashst01_2010,-14.091011047363281
Milwaukee Bucks_2010,6,billuch01_2010,-14.09621524810791
Milwaukee Bucks_2010,7,wadedw01_2010,-14.10232162475586
Milwaukee Bucks_2010,8,nowitdi01_2010,-14.105298042297363
Milwaukee Bucks_2010,9,duncati01_2010,-14.128495216369629
Milwaukee Bucks_2010,10,grangda01_2010,-14.184184074401855
Milwaukee Bucks_2011,1,bryanko01_2011,-13.350234985351562
Milwaukee Bucks_2011,2,ginobma01_2011,-13.367204666137695
Milwaukee Bucks_2011,3,piercpa01_2011,-13.447785377502441
Milwaukee Bucks_2011,4,wadedw01_2011,-13.480734825134277
Milwaukee Bucks_2011,5,nowitdi01_2011,-13.488965034484863
Milwaukee Bucks_2011,6,martike02_2011,-13.514792442321777
Milwaukee Bucks_2011,7,jamesle01_2011,-13.570782661437988
Milwaukee Bucks_2011,8,mcgratr01_2011,-13.687521934509277
Milwaukee Bucks_2011,9,butlera01_2011,-13.717916488647461
Milwaukee Bucks_2011,10,duranke01_2011,-13.720809936523438
Milwaukee Bucks_2012,1,haywago01_2012,-14.317268371582031
Milwaukee Bucks_2012,2,walkeke02_2012,-14.332887649536133
Milwaukee Bucks_2012,3,thompkl01_2012,-14.340350151062012
Milwaukee Bucks_2012,4,walljo01_2012,-14.34489917755127
Milwaukee Bucks_2012,5,grangda01_2012,-14.35507869720459
Milwaukee Bucks_2012,6,willide01_2012,-14.35930347442627
Milwaukee Bucks_2012,7,favorde01_2012,-14.363144874572754
Milwaukee Bucks_2012,8,burksal01_2012,-14.37035083770752
Milwaukee Bucks_2012,9,batumni01_2012,-14.371210098266602
Milwaukee Bucks_2012,10,nelsoja01_2012,-14.372838020324707
Milwaukee Bucks_2013,1,knighbr03_2013,-14.274651527404785
Milwaukee Bucks_2013,2,waitedi01_2013,-14.285728454589844
Milwaukee Bucks_2013,3,bealbr01_2013,-14.293861389160156
Milwaukee Bucks_2013,4,parsoch01_2013,-14.314789772033691
Milwaukee Bucks_2013,5,thomptr01_2013,-14.319669723510742
Milwaukee Bucks_2013,6,davisan02_2013,-14.321796417236328
Milwaukee Bucks_2013,7,denglu01_2013,-14.327651023864746
Milwaukee Bucks_2013,8,willide02_2013,-14.33215618133545
Milwaukee Bucks_2013,9,anderry01_2013,-14.332525253295898
Milwaukee Bucks_2013,10,gallida01_2013,-14.334733009338379
Milwaukee Bucks_2014,1,burketr01_2014,-13.221063613891602
Milwaukee Bucks_2014,2,wroteto01_2014,-13.227328300476074
Milwaukee Bucks_2014,3,millequ01_2014,-13.377476692199707
Milwaukee Bucks_2014,4,bennean01_2014,-13.381678581237793
Milwaukee Bucks_2014,5,karasse01_2014,-13.401716232299805
Milwaukee Bucks_2014,6,bealbr01_2014,-13.40379810333252
Milwaukee Bucks_2014,7,porteot01_2014,-13.416802406311035
Milwaukee Bucks_2014,8,riverau01_2014,-13.426443099975586
Milwaukee Bucks_2014,9,larkish01_2014,-13.42774486541748
Milwaukee Bucks_2014,10,barneha02_2014,-13.445987701416016
Milwaukee Bucks_2015,1,wadedw01_2015,-13.77924919128418
Milwaukee Bucks_2015,2,jamesle01_2015,-13.80138111114502
Milwaukee Bucks_2015,3,curryst01_2015,-13.81770133972168
Milwaukee Bucks_2015,4,anthoca01_2015,-13.8211669921875
Milwaukee Bucks_2015,5,gayru01_2015,-13.824931144714355
Milwaukee Bucks_2015,6,westbru01_2015,-13.828006744384766
Milwaukee Bucks_2015,7,paulch01_2015,-13.828109741210938
Milwaukee Bucks_2015,8,hillge01_2015,-13.830208778381348
Milwaukee Bucks_2015,9,duranke01_2015,-13.8311767578125
Milwaukee Bucks_2015,10,millspa01_2015,-13.835383415222168
Milwaukee Bucks_2016,1,dragigo01_2016,-14.8328218460083
Milwaukee Bucks_2016,2,teaguje01_2016,-14.838322639465332
Milwaukee Bucks_2016,3,conlemi01_2016,-14.842123985290527
Milwaukee Bucks_2016,4,rosede01_2016,-14.842537879943848
Milwaukee Bucks_2016,5,collida01_2016,-14.843667984008789
Milwaukee Bucks_2016,6,bledser01_2016,-14.847749710083008
Milwaukee Bucks_2016,7,millspa02_2016,-14.850954055786133
Milwaukee Bucks_2016,8,sessira01_2016,-14.852459907531738
Milwaukee Bucks_2016,9,lawsoty01_2016,-14.856870651245117
Milwaukee Bucks_2016,10,gallida01_2016,-14.861355781555176
Milwaukee Bucks_2017,1,butleji01_2017,-16.047807693481445
Milwaukee Bucks_2017,2,georgpa01_2017,-16.050474166870117
Milwaukee Bucks_2017,3,haywago01_2017,-16.05434226989746
Milwaukee Bucks_2017,4,griffbl01_2017,-16.097402572631836
Milwaukee Bucks_2017,5,duranke01_2017,-16.098966598510742
Milwaukee Bucks_2017,6,walljo01_2017,-16.11034393310547
Milwaukee Bucks_2017,7,curryst01_2017,-16.110435485839844
Milwaukee Bucks_2017,8,thomais02_2017,-16.111330032348633
Milwaukee Bucks_2017,9,westbru01_2017,-16.111515045166016
Milwaukee Bucks_2017,10,conlemi01_2017,-16.112483978271484
Milwaukee Bucks_2018,1,duranke01_2018,-16.040019989013672
Milwaukee Bucks_2018,2,georgpa01_2018,-16.050949096679688
Milwaukee Bucks_2018,3,westbru01_2018,-16.092676162719727
Milwaukee Bucks_2018,4,walkeke02_2018,-16.100521087646484
Milwaukee Bucks_2018,5,lillada01_2018,-16.10151481628418
Milwaukee Bucks_2018,6,curryst01_2018,-16.104209899902344
Milwaukee Bucks_2018,7,butleji01_2018,-16.106281280517578
Milwaukee Bucks_2018,8,hardeja01_2018,-16.115753173828125
Milwaukee Bucks_2018,9,evansty01_2018,-16.117650985717773
Milwaukee Bucks_2018,10,jamesle01_2018,-16.122623443603516
Milwaukee Bucks_2019,1,willilo02_2019,-16.61223793029785
Milwaukee Bucks_2019,2,duranke01_2019,-16.616884231567383
Milwaukee Bucks_2019,3,gallida01_2019,-16.63418197631836
Milwaukee Bucks_2019,4,jamesle01_2019,-16.65392303466797
Milwaukee Bucks_2019,5,georgpa01_2019,-16.716726303100586
Milwaukee Bucks_2019,6,butleji01_2019,-16.719099044799805
Milwaukee Bucks_2019,7,leonaka01_2019,-16.71968650817871
Milwaukee Bucks_2019,8,griffbl01_2019,-16.7664852142334
Milwaukee Bucks_2019,9,curryst01_2019,-16.80277442932129
Milwaukee Bucks_2019,10,westbru01_2019,-16.805810928344727
Milwaukee Bucks_2020,1,hardeja01_2020,-15.874059677124023
Milwaukee Bucks_2020,2,butleji01_2020,-15.915350914001465
Milwaukee Bucks_2020,3,derozde01_2020,-15.920628547668457
Milwaukee Bucks_2020,4,georgpa01_2020,-16.012813568115234
Milwaukee Bucks_2020,5,leonaka01_2020,-16.01590919494629
Milwaukee Bucks_2020,6,bealbr01_2020,-16.021841049194336
Milwaukee Bucks_2020,7,jamesle01_2020,-16.03438377380371
Milwaukee Bucks_2020,8,davisan02_2020,-16.049684524536133
Milwaukee Bucks_2020,9,westbru01_2020,-16.07874870300293
Milwaukee Bucks_2020,10,paulch01_2020,-16.084325790405273
Milwaukee Bucks_2021,1,butleji01_2021,-19.810819625854492
Milwaukee Bucks_2021,2,georgpa01_2021,-19.834524154663086
Milwaukee Bucks_2021,3,bealbr01_2021,-19.851688385009766
Milwaukee Bucks_2021,4,derozde01_2021,-19.85382652282715
Milwaukee Bucks_2021,5,duranke01_2021,-19.86250114440918
Milwaukee Bucks_2021,6,leonaka01_2021,-19.935762405395508
Milwaukee Bucks_2021,7,davisan02_2021,-19.955833435058594
Milwaukee Bucks_2021,8,randlju01_2021,-19.957735061645508
Milwaukee Bucks_2021,9,hardeja01_2021,-19.9665470123291
Milwaukee Bucks_2021,10,paulch01_2021,-19.9748592376709
Milwaukee Bucks_2022,1,butleji01_2022,-19.80713653564453
Milwaukee Bucks_2022,2,duranke01_2022,-19.837974548339844
Milwaukee Bucks_2022,3,derozde01_2022,-19.843143463134766
Milwaukee Bucks_2022,4,georgpa01_2022,-19.859127044677734
Milwaukee Bucks_2022,5,siakapa01_2022,-19.950292587280273
Milwaukee Bucks_2022,6,mitchdo01_2022,-19.959531784057617
Milwaukee Bucks_2022,7,paulch01_2022,-19.959611892700195
Milwaukee Bucks_2022,8,loveke01_2022,-19.963600158691406
Milwaukee Bucks_2022,9,jamesle01_2022,-19.964889526367188
Milwaukee Bucks_2022,10,curryst01_2022,-19.97688865661621
Milwaukee Bucks_2023,1,derozde01_2023,-19.842546463012695
Milwaukee Bucks_2023,2,leonaka01_2023,-19.8458309173584
Milwaukee Bucks_2023,3,georgpa01_2023,-19.84945297241211
Milwaukee Bucks_2023,4,bookede01_2023,-19.86560821533203
Milwaukee Bucks_2023,5,mitchdo01_2023,-19.867698669433594
Milwaukee Bucks_2023,6,butleji01_2023,-19.894269943237305
Milwaukee Bucks_2023,7,jamesle01_2023,-19.89813804626465
Milwaukee Bucks_2023,8,duranke01_2023,-19.902013778686523
Milwaukee Bucks_2023,9,randlju01_2023,-19.97233772277832
Milwaukee Bucks_2023,10,siakapa01_2023,-19.980098724365234
Milwaukee Bucks_2024,1,irvinky01_2024,-19.744182586669922
Milwaukee Bucks_2024,2,leonaka01_2024,-19.801164627075195
Milwaukee Bucks_2024,3,derozde01_2024,-19.813852310180664
Milwaukee Bucks_2024,4,georgpa01_2024,-19.841150283813477
Milwaukee Bucks_2024,5,jamesle01_2024,-19.847755432128906
Milwaukee Bucks_2024,6,duranke01_2024,-19.847768783569336
Milwaukee Bucks_2024,7,mitchdo01_2024,-19.853710174560547
Milwaukee Bucks_2024,8,butleji01_2024,-19.859806060791016
Milwaukee Bucks_2024,9,davisan02_2024,-19.957746505737305
Milwaukee Bucks_2024,10,markkla01_2024,-19.96042251586914
Milwaukee Bucks_2025,1,butleji01_2025,-19.87409019470215
Milwaukee Bucks_2025,2,mitchdo01_2025,-19.882211685180664
Milwaukee Bucks_2025,3,jeromty01_2025,-19.888946533203125
Milwaukee Bucks_2025,4,duranke01_2025,-19.899728775024414
Milwaukee Bucks_2025,5,tatumja01_2025,-19.989456176757812
Milwaukee Bucks_2025,6,edwaran01_2025,-20.002933502197266
Milwaukee Bucks_2025,7,herroty01_2025,-20.009593963623047
Milwaukee Bucks_2025,8,curryst01_2025,-20.012500762939453
Milwaukee Bucks_2025,9,willija06_2025,-20.015403747558594
Milwaukee Bucks_2025,10,hardeja01_2025,-20.01718521118164
Minnesota Timberwolves_1999,1,willico02_1999,-15.991670608520508
Minnesota Timberwolves_1999,2,hughela01_1999,-15.995318412780762
Minnesota Timberwolves_1999,3,marshdo01_1999,-15.999650955200195
Minnesota Timberwolves_1999,4,harprma01_1999,-16.00229263305664
Minnesota Timberwolves_1999,5,mcgratr01_1999,-16.005229949951172
Minnesota Timberwolves_1999,6,wallajo01_1999,-16.007537841796875
Minnesota Timberwolves_1999,7,howarju01_1999,-16.00776481628418
Minnesota Timberwolves_1999,8,jamisan01_1999,-16.01544761657715
Minnesota Timberwolves_1999,9,mcleoro01_1999,-16.017696380615234
Minnesota Timberwolves_1999,10,nowitdi01_1999,-16.01875877380371
Minnesota Timberwolves_2000,1,malonka01_2000,-15.038738250732422
Minnesota Timberwolves_2000,2,sabonar01_2000,-15.121793746948242
Minnesota Timberwolves_2000,3,colemde01_2000,-15.1773042678833
Minnesota Timberwolves_2000,4,hornaje01_2000,-15.1922607421875
Minnesota Timberwolves_2000,5,robinda01_2000,-15.21866226196289
Minnesota Timberwolves_2000,6,stockjo01_2000,-15.229989051818848
Minnesota Timberwolves_2000,7,paytoga01_2000,-15.236498832702637
Minnesota Timberwolves_2000,8,pippesc01_2000,-15.243925094604492
Minnesota Timberwolves_2000,9,robincl02_2000,-15.248556137084961
Minnesota Timberwolves_2000,10,cebalce01_2000,-15.250503540039062
Minnesota Timberwolves_2001,1,malonka01_2001,-15.029766082763672
Minnesota Timberwolves_2001,2,robinda01_2001,-15.078660011291504
Minnesota Timberwolves_2001,3,millere01_2001,-15.157774925231934
Minnesota Timberwolves_2001,4,richmmi01_2001,-15.191375732421875
Minnesota Timberwolves_2001,5,stockjo01_2001,-15.223348617553711
Minnesota Timberwolves_2001,6,sprewla01_2001,-15.247182846069336
Minnesota Timberwolves_2001,7,marshdo01_2001,-15.260926246643066
Minnesota Timberwolves_2001,8,cebalce01_2001,-15.261959075927734
Minnesota Timberwolves_2001,9,robincl02_2001,-15.272601127624512
Minnesota Timberwolves_2001,10,webbech01_2001,-15.285492897033691
Minnesota Timberwolves_2002,1,jordami01_2002,-13.972578048706055
Minnesota Timberwolves_2002,2,malonka01_2002,-14.003274917602539
Minnesota Timberwolves_2002,3,millere01_2002,-14.151893615722656
Minnesota Timberwolves_2002,4,hardati01_2002,-14.213091850280762
Minnesota Timberwolves_2002,5,stockjo01_2002,-14.214778900146484
Minnesota Timberwolves_2002,6,houstal01_2002,-14.271865844726562
Minnesota Timberwolves_2002,7,jonesed02_2002,-14.273053169250488
Minnesota Timberwolves_2002,8,barrybr01_2002,-14.279131889343262
Minnesota Timberwolves_2002,9,persowe01_2002,-14.284923553466797
Minnesota Timberwolves_2002,10,barryjo01_2002,-14.302685737609863
Minnesota Timberwolves_2003,1,malonka01_2003,-15.014341354370117
Minnesota Timberwolves_2003,2,jordami01_2003,-15.091118812561035
Minnesota Timberwolves_2003,3,millere01_2003,-15.15048599243164
Minnesota Timberwolves_2003,4,onealsh01_2003,-15.187239646911621
Minnesota Timberwolves_2003,5,mashbja01_2003,-15.213678359985352
Minnesota Timberwolves_2003,6,robingl01_2003,-15.231517791748047
Minnesota Timberwolves_2003,7,roseja01_2003,-15.246689796447754
Minnesota Timberwolves_2003,8,hillgr01_2003,-15.258308410644531
Minnesota Timberwolves_2003,9,kukocto01_2003,-15.272891998291016
Minnesota Timberwolves_2003,10,duncati01_2003,-15.277381896972656
Minnesota Timberwolves_2004,1,kukocto01_2004,-15.422220230102539
Minnesota Timberwolves_2004,2,millere01_2004,-15.440912246704102
Minnesota Timberwolves_2004,3,onealsh01_2004,-15.486456871032715
Minnesota Timberwolves_2004,4,paytoga01_2004,-15.491735458374023
Minnesota Timberwolves_2004,5,jonesed02_2004,-15.62409782409668
Minnesota Timberwolves_2004,6,finlemi01_2004,-15.630863189697266
Minnesota Timberwolves_2004,7,barrybr01_2004,-15.643912315368652
Minnesota Timberwolves_2004,8,jacksbo01_2004,-15.648604393005371
Minnesota Timberwolves_2004,9,duncati01_2004,-15.69713020324707
Minnesota Timberwolves_2004,10,kiddja01_2004,-15.701053619384766
Minnesota Timberwolves_2005,1,millere01_2005,-14.131908416748047
Minnesota Timberwolves_2005,2,onealsh01_2005,-14.166108131408691
Minnesota Timberwolves_2005,3,hillgr01_2005,-14.208499908447266
Minnesota Timberwolves_2005,4,roseja01_2005,-14.22558307647705
Minnesota Timberwolves_2005,5,piercpa01_2005,-14.24071216583252
Minnesota Timberwolves_2005,6,marshdo01_2005,-14.25879955291748
Minnesota Timberwolves_2005,7,duncati01_2005,-14.28158187866211
Minnesota Timberwolves_2005,8,stackje01_2005,-14.283023834228516
Minnesota Timberwolves_2005,9,bryanko01_2005,-14.283520698547363
Minnesota Timberwolves_2005,10,nowitdi01_2005,-14.286588668823242
Minnesota Timberwolves_2006,1,smithjo03_2006,-16.146860122680664
Minnesota Timberwolves_2006,2,denglu01_2006,-16.147327423095703
Minnesota Timberwolves_2006,3,villach01_2006,-16.16913414001465
Minnesota Timberwolves_2006,4,howardw01_2006,-16.17051887512207
Minnesota Timberwolves_2006,5,murphtr01_2006,-16.172000885009766
Minnesota Timberwolves_2006,6,harrial01_2006,-16.173036575317383
Minnesota Timberwolves_2006,7,willima02_2006,-16.175716400146484
Minnesota Timberwolves_2006,8,westda01_2006,-16.178789138793945
Minnesota Timberwolves_2006,9,krstine01_2006,-16.179885864257812
Minnesota Timberwolves_2006,10,woodsqy01_2006,-16.18094253540039
Minnesota Timberwolves_2007,1,brewero02_2007,-14.7774076461792
Minnesota Timberwolves_2007,2,childjo01_2007,-14.806737899780273
Minnesota Timberwolves_2007,3,adamsha01_2007,-14.83568000793457
Minnesota Timberwolves_2007,4,smithjo03_2007,-14.858503341674805
Minnesota Timberwolves_2007,5,willima02_2007,-14.866106033325195
Minnesota Timberwolves_2007,6,aldrila01_2007,-14.881096839904785
Minnesota Timberwolves_2007,7,humphkr01_2007,-14.885735511779785
Minnesota Timberwolves_2007,8,jeffeal01_2007,-14.914655685424805
Minnesota Timberwolves_2007,9,curryed01_2007,-14.919780731201172
Minnesota Timberwolves_2007,10,pachuza01_2007,-14.920328140258789
Minnesota Timberwolves_2008,1,gayru01_2008,-13.161816596984863
Minnesota Timberwolves_2008,2,willilo02_2008,-13.234538078308105
Minnesota Timberwolves_2008,3,farmajo01_2008,-13.245747566223145
Minnesota Timberwolves_2008,4,greenje02_2008,-13.342514038085938
Minnesota Timberwolves_2008,5,duranke01_2008,-13.370667457580566
Minnesota Timberwolves_2008,6,jianlyi01_2008,-13.40005874633789
Minnesota Timberwolves_2008,7,webstma02_2008,-13.42600154876709
Minnesota Timberwolves_2008,8,chandwi01_2008,-13.429187774658203
Minnesota Timberwolves_2008,9,willish03_2008,-13.434538841247559
Minnesota Timberwolves_2008,10,rodrise01_2008,-13.446151733398438
Minnesota Timberwolves_2009,1,youngth01_2009,-13.247390747070312
Minnesota Timberwolves_2009,2,westbru01_2009,-13.253164291381836
Minnesota Timberwolves_2009,3,rosede01_2009,-13.27872371673584
Minnesota Timberwolves_2009,4,augusdj01_2009,-13.28203296661377
Minnesota Timberwolves_2009,5,mayooj01_2009,-13.415143966674805
Minnesota Timberwolves_2009,6,gordoer01_2009,-13.415337562561035
Minnesota Timberwolves_2009,7,chandwi01_2009,-13.4400053024292
Minnesota Timberwolves_2009,8,greendo01_2009,-13.45450496673584
Minnesota Timberwolves_2009,9,jianlyi01_2009,-13.459321022033691
Minnesota Timberwolves_2009,10,cookda02_2009,-13.471573829650879
Minnesota Timberwolves_2010,1,anderry01_2010,-12.554134368896484
Minnesota Timberwolves_2010,2,rosede01_2010,-12.581088066101074
Minnesota Timberwolves_2010,3,curryst01_2010,-12.586925506591797
Minnesota Timberwolves_2010,4,jennibr01_2010,-12.595314025878906
Minnesota Timberwolves_2010,5,westbru01_2010,-12.607970237731934
Minnesota Timberwolves_2010,6,beaubro01_2010,-12.617637634277344
Minnesota Timberwolves_2010,7,youngth01_2010,-12.757251739501953
Minnesota Timberwolves_2010,8,gallida01_2010,-12.763419151306152
Minnesota Timberwolves_2010,9,gordoer01_2010,-12.766058921813965
Minnesota Timberwolves_2010,10,evansty01_2010,-12.766072273254395
Minnesota Timberwolves_2011,1,walljo01_2011,-12.57396411895752
Minnesota Timberwolves_2011,2,jennibr01_2011,-12.600082397460938
Minnesota Timberwolves_2011,3,aminual01_2011,-12.68853759765625
Minnesota Timberwolves_2011,4,eyengch01_2011,-12.707324981689453
Minnesota Timberwolves_2011,5,derozde01_2011,-12.739678382873535
Minnesota Timberwolves_2011,6,babbilu01_2011,-12.744210243225098
Minnesota Timberwolves_2011,7,evansty01_2011,-12.753170013427734
Minnesota Timberwolves_2011,8,bradlav01_2011,-12.76954460144043
Minnesota Timberwolves_2011,9,johnsar02_2011,-12.778043746948242
Minnesota Timberwolves_2011,10,hardeja01_2011,-12.798012733459473
Minnesota Timberwolves_2012,1,haywago01_2012,-14.76456356048584
Minnesota Timberwolves_2012,2,walkeke02_2012,-14.783732414245605
Minnesota Timberwolves_2012,3,walljo01_2012,-14.797621726989746
Minnesota Timberwolves_2012,4,thompkl01_2012,-14.889007568359375
Minnesota Timberwolves_2012,5,burksal01_2012,-14.921052932739258
Minnesota Timberwolves_2012,6,favorde01_2012,-14.972105979919434
Minnesota Timberwolves_2012,7,harrito02_2012,-14.978326797485352
Minnesota Timberwolves_2012,8,knighbr03_2012,-14.98807430267334
Minnesota Timberwolves_2012,9,batumni01_2012,-14.998244285583496
Minnesota Timberwolves_2012,10,hamiljo02_2012,-15.006403923034668
Minnesota Timberwolves_2013,1,denglu01_2013,-14.896441459655762
Minnesota Timberwolves_2013,2,waitedi01_2013,-14.903329849243164
Minnesota Timberwolves_2013,3,breweco01_2013,-14.90708065032959
Minnesota Timberwolves_2013,4,afflaar01_2013,-14.908746719360352
Minnesota Timberwolves_2013,5,bealbr01_2013,-14.909311294555664
Minnesota Timberwolves_2013,6,wrighdo01_2013,-14.911486625671387
Minnesota Timberwolves_2013,7,parsoch01_2013,-14.912699699401855
Minnesota Timberwolves_2013,8,knighbr03_2013,-14.915474891662598
Minnesota Timberwolves_2013,9,dragigo01_2013,-14.916394233703613
Minnesota Timberwolves_2013,10,stuckro01_2013,-14.917335510253906
Minnesota Timberwolves_2014,1,dragigo01_2014,-14.253364562988281
Minnesota Timberwolves_2014,2,wadedw01_2014,-14.267770767211914
Minnesota Timberwolves_2014,3,lowryky01_2014,-14.272210121154785
Minnesota Timberwolves_2014,4,paulch01_2014,-14.27646541595459
Minnesota Timberwolves_2014,5,anthoca01_2014,-14.280435562133789
Minnesota Timberwolves_2014,6,conlemi01_2014,-14.283754348754883
Minnesota Timberwolves_2014,7,ginobma01_2014,-14.28467082977295
Minnesota Timberwolves_2014,8,jamesle01_2014,-14.290583610534668
Minnesota Timberwolves_2014,9,hardeja01_2014,-14.309039115905762
Minnesota Timberwolves_2014,10,nowitdi01_2014,-14.310246467590332
Minnesota Timberwolves_2015,1,wroteto01_2015,-12.592611312866211
Minnesota Timberwolves_2015,2,schrode01_2015,-12.61764907836914
Minnesota Timberwolves_2015,3,sampsja02_2015,-12.703009605407715
Minnesota Timberwolves_2015,4,grantje01_2015,-12.707101821899414
Minnesota Timberwolves_2015,5,harklma01_2015,-12.723273277282715
Minnesota Timberwolves_2015,6,obryajo01_2015,-12.725748062133789
Minnesota Timberwolves_2015,7,anderky01_2015,-12.755414962768555
Minnesota Timberwolves_2015,8,exumda01_2015,-12.773343086242676
Minnesota Timberwolves_2015,9,dinwisp01_2015,-12.785536766052246
Minnesota Timberwolves_2015,10,bealbr01_2015,-12.785683631896973
Minnesota Timberwolves_2016,1,dragigo01_2016,-15.969913482666016
Minnesota Timberwolves_2016,2,teaguje01_2016,-15.975242614746094
Minnesota Timberwolves_2016,3,rosede01_2016,-15.978930473327637
Minnesota Timberwolves_2016,4,conlemi01_2016,-15.979323387145996
Minnesota Timberwolves_2016,5,collida01_2016,-15.980952262878418
Minnesota Timberwolves_2016,6,bledser01_2016,-15.984847068786621
Minnesota Timberwolves_2016,7,millspa02_2016,-15.98801326751709
Minnesota Timberwolves_2016,8,sessira01_2016,-15.98952579498291
Minnesota Timberwolves_2016,9,lawsoty01_2016,-15.99394702911377
Minnesota Timberwolves_2016,10,smithis01_2016,-15.99643325805664
Minnesota Timberwolves_2017,1,russeda01_2017,-17.866409301757812
Minnesota Timberwolves_2017,2,parkeja01_2017,-17.904129028320312
Minnesota Timberwolves_2017,3,bookede01_2017,-17.92694664001465
Minnesota Timberwolves_2017,4,murraja01_2017,-17.944013595581055
Minnesota Timberwolves_2017,5,johnsty01_2017,-17.944255828857422
Minnesota Timberwolves_2017,6,beaslma01_2017,-17.965831756591797
Minnesota Timberwolves_2017,7,paytoel01_2017,-17.966459274291992
Minnesota Timberwolves_2017,8,schrode01_2017,-17.966567993164062
Minnesota Timberwolves_2017,9,youngjo01_2017,-17.9859561920166
Minnesota Timberwolves_2017,10,rosede01_2017,-17.99013328552246
Minnesota Timberwolves_2018,1,willilo02_2018,-18.39046859741211
Minnesota Timberwolves_2018,2,duranke01_2018,-18.413698196411133
Minnesota Timberwolves_2018,3,hardeja01_2018,-18.415664672851562
Minnesota Timberwolves_2018,4,derozde01_2018,-18.426374435424805
Minnesota Timberwolves_2018,5,georgpa01_2018,-18.427230834960938
Minnesota Timberwolves_2018,6,jamesle01_2018,-18.437252044677734
Minnesota Timberwolves_2018,7,oladivi01_2018,-18.44849395751953
Minnesota Timberwolves_2018,8,antetgi01_2018,-18.49273109436035
Minnesota Timberwolves_2018,9,westbru01_2018,-18.49543571472168
Minnesota Timberwolves_2018,10,lowryky01_2018,-18.496477127075195
Minnesota Timberwolves_2019,1,doncilu01_2019,-19.63858985900879
Minnesota Timberwolves_2019,2,monkma01_2019,-19.69335174560547
Minnesota Timberwolves_2019,3,bealbr01_2019,-19.699342727661133
Minnesota Timberwolves_2019,4,tatumja01_2019,-19.737863540649414
Minnesota Timberwolves_2019,5,willilo02_2019,-19.74306869506836
Minnesota Timberwolves_2019,6,ingrabr01_2019,-19.744413375854492
Minnesota Timberwolves_2019,7,mitchdo01_2019,-19.762527465820312
Minnesota Timberwolves_2019,8,richajo01_2019,-19.762683868408203
Minnesota Timberwolves_2019,9,lavinza01_2019,-19.76340675354004
Minnesota Timberwolves_2019,10,trieral01_2019,-19.779508590698242
Minnesota Timberwolves_2020,1,whiteco01_2020,-18.36574935913086
Minnesota Timberwolves_2020,2,moranja01_2020,-18.370607376098633
Minnesota Timberwolves_2020,3,sextoco01_2020,-18.379934310913086
Minnesota Timberwolves_2020,4,gilgesh01_2020,-18.43846321105957
Minnesota Timberwolves_2020,5,monkma01_2020,-18.460912704467773
Minnesota Timberwolves_2020,6,herroty01_2020,-18.46550178527832
Minnesota Timberwolves_2020,7,ntilila01_2020,-18.535184860229492
Minnesota Timberwolves_2020,8,jacksfr01_2020,-18.545106887817383
Minnesota Timberwolves_2020,9,porteke02_2020,-18.588550567626953
Minnesota Timberwolves_2020,10,garlada01_2020,-18.59330940246582
Minnesota Timberwolves_2021,1,moranja01_2021,-18.354185104370117
Minnesota Timberwolves_2021,2,whiteco01_2021,-18.355026245117188
Minnesota Timberwolves_2021,3,garlada01_2021,-18.358661651611328
Minnesota Timberwolves_2021,4,anthoco01_2021,-18.36233901977539
Minnesota Timberwolves_2021,5,ballla01_2021,-18.36733055114746
Minnesota Timberwolves_2021,6,halibty01_2021,-18.37738037109375
Minnesota Timberwolves_2021,7,quickim01_2021,-18.386133193969727
Minnesota Timberwolves_2021,8,barrerj01_2021,-18.439773559570312
Minnesota Timberwolves_2021,9,porteke02_2021,-18.448347091674805
Minnesota Timberwolves_2021,10,herroty01_2021,-18.450002670288086
Minnesota Timberwolves_2022,1,greenja05_2022,-19.680492401123047
Minnesota Timberwolves_2022,2,hylanbo01_2022,-19.685636520385742
Minnesota Timberwolves_2022,3,cunnica01_2022,-19.693246841430664
Minnesota Timberwolves_2022,4,mitchdo01_2022,-19.718536376953125
Minnesota Timberwolves_2022,5,bookede01_2022,-19.73186683654785
Minnesota Timberwolves_2022,6,barrerj01_2022,-19.73719024658203
Minnesota Timberwolves_2022,7,wagnefr01_2022,-19.744426727294922
Minnesota Timberwolves_2022,8,banede01_2022,-19.751874923706055
Minnesota Timberwolves_2022,9,trentga02_2022,-19.756738662719727
Minnesota Timberwolves_2022,10,monkma01_2022,-19.756776809692383
Minnesota Timberwolves_2023,1,derozde01_2023,-19.65386199951172
Minnesota Timberwolves_2023,2,leonaka01_2023,-19.658641815185547
Minnesota Timberwolves_2023,3,bookede01_2023,-19.659011840820312
Minnesota Timberwolves_2023,4,mitchdo01_2023,-19.661226272583008
Minnesota Timberwolves_2023,5,georgpa01_2023,-19.662134170532227
Minnesota Timberwolves_2023,6,butleji01_2023,-19.70067024230957
Minnesota Timberwolves_2023,7,duranke01_2023,-19.708724975585938
Minnesota Timberwolves_2023,8,jamesle01_2023,-19.71940803527832
Minnesota Timberwolves_2023,9,randlju01_2023,-19.734371185302734
Minnesota Timberwolves_2023,10,siakapa01_2023,-19.741012573242188
Minnesota Timberwolves_2024,1,jamesle01_2024,-16.531347274780273
Minnesota Timberwolves_2024,2,duranke01_2024,-16.5338134765625
Minnesota Timberwolves_2024,3,leonaka01_2024,-16.541210174560547
Minnesota Timberwolves_2024,4,derozde01_2024,-16.558731079101562
Minnesota Timberwolves_2024,5,irvinky01_2024,-16.579113006591797
Minnesota Timberwolves_2024,6,georgpa01_2024,-16.585540771484375
Minnesota Timberwolves_2024,7,butleji01_2024,-16.603389739990234
Minnesota Timberwolves_2024,8,curryst01_2024,-16.622947692871094
Minnesota Timberwolves_2024,9,antetgi01_2024,-16.625957489013672
Minnesota Timberwolves_2024,10,mitchdo01_2024,-16.627182006835938
Minnesota Timberwolves_2025,1,butleji01_2025,-18.463363647460938
Minnesota Timberwolves_2025,2,duranke01_2025,-18.488628387451172
Minnesota Timberwolves_2025,3,antetgi01_2025,-18.496641159057617
Minnesota Timberwolves_2025,4,mitchdo01_2025,-18.513978958129883
Minnesota Timberwolves_2025,5,jeromty01_2025,-18.520009994506836
Minnesota Timberwolves_2025,6,tatumja01_2025,-18.584928512573242
Minnesota Timberwolves_2025,7,hardeja01_2025,-18.595651626586914
Minnesota Timberwolves_2025,8,curryst01_2025,-18.597375869750977
Minnesota Timberwolves_2025,9,lillada01_2025,-18.62114143371582
Minnesota Timberwolves_2025,10,davisan02_2025,-18.685832977294922
New Jersey Nets_1999,1,willico02_1999,-15.974609375
New Jersey Nets_1999,2,hughela01_1999,-15.976228713989258
New Jersey Nets_1999,3,marshdo01_1999,-15.982599258422852
New Jersey Nets_1999,4,harprma01_1999,-15.985224723815918
New Jersey Nets_1999,5,mcgratr01_1999,-15.987277030944824
New Jersey Nets_1999,6,wallajo01_1999,-15.990513801574707
New Jersey Nets_1999,7,howarju01_1999,-15.990813255310059
New Jersey Nets_1999,8,jamisan01_1999,-15.998470306396484
New Jersey Nets_1999,9,nowitdi01_1999,-16.00051498413086
New Jersey Nets_1999,10,mcleoro01_1999,-16.00076675415039
New Jersey Nets_2000,1,stackje01_2000,-15.045132637023926
New Jersey Nets_2000,2,anderde01_2000,-15.0477933883667
New Jersey Nets_2000,3,dickemi01_2000,-15.05509090423584
New Jersey Nets_2000,4,moblecu01_2000,-15.066730499267578
New Jersey Nets_2000,5,iversal01_2000,-15.067062377929688
New Jersey Nets_2000,6,bryanko01_2000,-15.076003074645996
New Jersey Nets_2000,7,allenra02_2000,-15.077369689941406
New Jersey Nets_2000,8,lopezfe01_2000,-15.080222129821777
New Jersey Nets_2000,9,abdursh01_2000,-15.083080291748047
New Jersey Nets_2000,10,baileto01_2000,-15.086750984191895
New Jersey Nets_2001,1,dialde01_2001,-15.077449798583984
New Jersey Nets_2001,2,brandel01_2001,-15.081732749938965
New Jersey Nets_2001,3,maggeco01_2001,-15.08920955657959
New Jersey Nets_2001,4,mihmch01_2001,-15.09538745880127
New Jersey Nets_2001,5,nesbyty01_2001,-15.130435943603516
New Jersey Nets_2001,6,richaqu01_2001,-15.135294914245605
New Jersey Nets_2001,7,potapvi01_2001,-15.136524200439453
New Jersey Nets_2001,8,millebr01_2001,-15.138566017150879
New Jersey Nets_2001,9,fizerma01_2001,-15.14000415802002
New Jersey Nets_2001,10,patteru01_2001,-15.142176628112793
New Jersey Nets_2002,1,jordami01_2002,-16.498807907104492
New Jersey Nets_2002,2,malonka01_2002,-16.527193069458008
New Jersey Nets_2002,3,iversal01_2002,-16.548276901245117
New Jersey Nets_2002,4,millere01_2002,-16.570655822753906
New Jersey Nets_2002,5,houstal01_2002,-16.580596923828125
New Jersey Nets_2002,6,webbech01_2002,-16.582233428955078
New Jersey Nets_2002,7,onealsh01_2002,-16.588573455810547
New Jersey Nets_2002,8,stackje01_2002,-16.591081619262695
New Jersey Nets_2002,9,jonesed02_2002,-16.592113494873047
New Jersey Nets_2002,10,persowe01_2002,-16.596576690673828
New Jersey Nets_2003,1,iversal01_2003,-16.547927856445312
New Jersey Nets_2003,2,malonka01_2003,-16.559123992919922
New Jersey Nets_2003,3,garneke01_2003,-16.569583892822266
New Jersey Nets_2003,4,jordami01_2003,-16.570405960083008
New Jersey Nets_2003,5,webbech01_2003,-16.57451057434082
New Jersey Nets_2003,6,duncati01_2003,-16.576025009155273
New Jersey Nets_2003,7,millere01_2003,-16.59153175354004
New Jersey Nets_2003,8,mashbja01_2003,-16.596214294433594
New Jersey Nets_2003,9,robingl01_2003,-16.596511840820312
New Jersey Nets_2003,10,finlemi01_2003,-16.607641220092773
New Jersey Nets_2004,1,millere01_2004,-16.873762130737305
New Jersey Nets_2004,2,kukocto01_2004,-16.88571548461914
New Jersey Nets_2004,3,onealsh01_2004,-16.903701782226562
New Jersey Nets_2004,4,paytoga01_2004,-16.916906356811523
New Jersey Nets_2004,5,jonesed02_2004,-16.955310821533203
New Jersey Nets_2004,6,finlemi01_2004,-16.956735610961914
New Jersey Nets_2004,7,barrybr01_2004,-16.968364715576172
New Jersey Nets_2004,8,jacksbo01_2004,-16.973379135131836
New Jersey Nets_2004,9,garneke01_2004,-16.977590560913086
New Jersey Nets_2004,10,duncati01_2004,-16.984214782714844
New Jersey Nets_2005,1,millere01_2005,-16.873334884643555
New Jersey Nets_2005,2,onealsh01_2005,-16.90409278869629
New Jersey Nets_2005,3,hillgr01_2005,-16.91615104675293
New Jersey Nets_2005,4,cassesa01_2005,-16.925573348999023
New Jersey Nets_2005,5,roseja01_2005,-16.930294036865234
New Jersey Nets_2005,6,piercpa01_2005,-16.930883407592773
New Jersey Nets_2005,7,bryanko01_2005,-16.956310272216797
New Jersey Nets_2005,8,marshdo01_2005,-16.964719772338867
New Jersey Nets_2005,9,ginobma01_2005,-16.96590805053711
New Jersey Nets_2005,10,garneke01_2005,-16.973251342773438
New Jersey Nets_2006,1,wadedw01_2006,-17.246824264526367
New Jersey Nets_2006,2,bryanko01_2006,-17.252582550048828
New Jersey Nets_2006,3,ginobma01_2006,-17.263442993164062
New Jersey Nets_2006,4,kirilan01_2006,-17.26434898376465
New Jersey Nets_2006,5,piercpa01_2006,-17.26667594909668
New Jersey Nets_2006,6,reddmi01_2006,-17.27603530883789
New Jersey Nets_2006,7,mcgratr01_2006,-17.27724266052246
New Jersey Nets_2006,8,wallage01_2006,-17.279640197753906
New Jersey Nets_2006,9,brandel01_2006,-17.282258987426758
New Jersey Nets_2006,10,garneke01_2006,-17.282346725463867
New Jersey Nets_2007,1,childjo01_2007,-15.485027313232422
New Jersey Nets_2007,2,iguodan01_2007,-15.493576049804688
New Jersey Nets_2007,3,gordobe01_2007,-15.496870040893555
New Jersey Nets_2007,4,johnsjo02_2007,-15.497456550598145
New Jersey Nets_2007,5,barbole01_2007,-15.50072956085205
New Jersey Nets_2007,6,roybr01_2007,-15.50143814086914
New Jersey Nets_2007,7,martike02_2007,-15.50307559967041
New Jersey Nets_2007,8,brewero02_2007,-15.505419731140137
New Jersey Nets_2007,9,wadedw01_2007,-15.506013870239258
New Jersey Nets_2007,10,smithjr01_2007,-15.51618766784668
New Jersey Nets_2008,1,gayru01_2008,-14.418890953063965
New Jersey Nets_2008,2,willilo02_2008,-14.486328125
New Jersey Nets_2008,3,farmajo01_2008,-14.497292518615723
New Jersey Nets_2008,4,duranke01_2008,-14.60461139678955
New Jersey Nets_2008,5,greenje02_2008,-14.62450885772705
New Jersey Nets_2008,6,breweco01_2008,-14.637727737426758
New Jersey Nets_2008,7,jianlyi01_2008,-14.651784896850586
New Jersey Nets_2008,8,webstma02_2008,-14.672168731689453
New Jersey Nets_2008,9,chandwi01_2008,-14.677515983581543
New Jersey Nets_2008,10,willish03_2008,-14.681955337524414
New Jersey Nets_2009,1,wadedw01_2009,-13.073400497436523
New Jersey Nets_2009,2,parketo01_2009,-13.08812141418457
New Jersey Nets_2009,3,gasolpa01_2009,-13.10988712310791
New Jersey Nets_2009,4,duranke01_2009,-13.114724159240723
New Jersey Nets_2009,5,mingya01_2009,-13.114927291870117
New Jersey Nets_2009,6,nelsoja01_2009,-13.116708755493164
New Jersey Nets_2009,7,iguodan01_2009,-13.123357772827148
New Jersey Nets_2009,8,piercpa01_2009,-13.125558853149414
New Jersey Nets_2009,9,bryanko01_2009,-13.12852954864502
New Jersey Nets_2009,10,jamesle01_2009,-13.129274368286133
New Jersey Nets_2010,1,anderry01_2010,-14.407713890075684
New Jersey Nets_2010,2,rosede01_2010,-14.427980422973633
New Jersey Nets_2010,3,curryst01_2010,-14.431428909301758
New Jersey Nets_2010,4,jennibr01_2010,-14.438032150268555
New Jersey Nets_2010,5,flynnjo01_2010,-14.443426132202148
New Jersey Nets_2010,6,westbru01_2010,-14.448654174804688
New Jersey Nets_2010,7,beaubro01_2010,-14.460713386535645
New Jersey Nets_2010,8,gordoer01_2010,-14.57766342163086
New Jersey Nets_2010,9,evansty01_2010,-14.57876968383789
New Jersey Nets_2010,10,gallida01_2010,-14.597408294677734
New Jersey Nets_2011,1,walljo01_2011,-14.052459716796875
New Jersey Nets_2011,2,jennibr01_2011,-14.066059112548828
New Jersey Nets_2011,3,derozde01_2011,-14.144538879394531
New Jersey Nets_2011,4,evansty01_2011,-14.160287857055664
New Jersey Nets_2011,5,hardeja01_2011,-14.190802574157715
New Jersey Nets_2011,6,griffbl01_2011,-14.22982120513916
New Jersey Nets_2011,7,haywago01_2011,-14.250189781188965
New Jersey Nets_2011,8,aminual01_2011,-14.252148628234863
New Jersey Nets_2011,9,anderja01_2011,-14.253486633300781
New Jersey Nets_2011,10,eyengch01_2011,-14.270050048828125
New Jersey Nets_2012,1,haywago01_2012,-14.016282081604004
New Jersey Nets_2012,2,walkeke02_2012,-14.036012649536133
New Jersey Nets_2012,3,walljo01_2012,-14.050191879272461
New Jersey Nets_2012,4,thompkl01_2012,-14.157984733581543
New Jersey Nets_2012,5,burksal01_2012,-14.19045639038086
New Jersey Nets_2012,6,willide02_2012,-14.221888542175293
New Jersey Nets_2012,7,harrito02_2012,-14.237284660339355
New Jersey Nets_2012,8,knighbr03_2012,-14.248350143432617
New Jersey Nets_2012,9,favorde01_2012,-14.252205848693848
New Jersey Nets_2012,10,hamiljo02_2012,-14.265338897705078
New Orleans Hornets_2003,1,malonka01_2003,-16.73863410949707
New Orleans Hornets_2003,2,jordami01_2003,-16.78951072692871
New Orleans Hornets_2003,3,millere01_2003,-16.839353561401367
New Orleans Hornets_2003,4,onealsh01_2003,-16.8701229095459
New Orleans Hornets_2003,5,robingl01_2003,-16.889062881469727
New Orleans Hornets_2003,6,roseja01_2003,-16.903446197509766
New Orleans Hornets_2003,7,hillgr01_2003,-16.918228149414062
New Orleans Hornets_2003,8,garneke01_2003,-16.93338966369629
New Orleans Hornets_2003,9,iversal01_2003,-16.93457794189453
New Orleans Hornets_2003,10,kukocto01_2003,-16.93566131591797
New Orleans Hornets_2004,1,mcgratr01_2004,-16.575454711914062
New Orleans Hornets_2004,2,bryanko01_2004,-16.586328506469727
New Orleans Hornets_2004,3,reddmi01_2004,-16.602712631225586
New Orleans Hornets_2004,4,jamesle01_2004,-16.604177474975586
New Orleans Hornets_2004,5,brandel01_2004,-16.61358642578125
New Orleans Hornets_2004,6,hughela01_2004,-16.620389938354492
New Orleans Hornets_2004,7,lewisra02_2004,-16.6212100982666
New Orleans Hornets_2004,8,crawfja01_2004,-16.622493743896484
New Orleans Hornets_2004,9,richaja01_2004,-16.62518310546875
New Orleans Hornets_2004,10,mariosh01_2004,-16.626062393188477
New Orleans Hornets_2005,1,childjo01_2005,-14.779932022094727
New Orleans Hornets_2005,2,smithjo03_2005,-14.8670015335083
New Orleans Hornets_2005,3,boshch01_2005,-14.884591102600098
New Orleans Hornets_2005,4,krstine01_2005,-14.886962890625
New Orleans Hornets_2005,5,harrial01_2005,-14.891561508178711
New Orleans Hornets_2005,6,outlatr01_2005,-14.892610549926758
New Orleans Hornets_2005,7,pachuza01_2005,-14.894919395446777
New Orleans Hornets_2005,8,milesda01_2005,-14.906473159790039
New Orleans Hornets_2005,9,jeffeal01_2005,-14.907079696655273
New Orleans Hornets_2005,10,goodedr01_2005,-14.910305976867676
New Orleans Hornets_2008,1,iversal01_2008,-12.393893241882324
New Orleans Hornets_2008,2,ginobma01_2008,-12.400907516479492
New Orleans Hornets_2008,3,piercpa01_2008,-12.493427276611328
New Orleans Hornets_2008,4,nashst01_2008,-12.502443313598633
New Orleans Hornets_2008,5,billuch01_2008,-12.518110275268555
New Orleans Hornets_2008,6,garneke01_2008,-12.544278144836426
New Orleans Hornets_2008,7,mcgratr01_2008,-12.555108070373535
New Orleans Hornets_2008,8,bryanko01_2008,-12.55583667755127
New Orleans Hornets_2008,9,wadedw01_2008,-12.580486297607422
New Orleans Hornets_2008,10,davisba01_2008,-12.658172607421875
New Orleans Hornets_2009,1,bryanko01_2009,-13.375138282775879
New Orleans Hornets_2009,2,ginobma01_2009,-13.393135070800781
New Orleans Hornets_2009,3,piercpa01_2009,-13.491240501403809
New Orleans Hornets_2009,4,iversal01_2009,-13.516369819641113
New Orleans Hornets_2009,5,nowitdi01_2009,-13.525798797607422
New Orleans Hornets_2009,6,wadedw01_2009,-13.573493957519531
New Orleans Hornets_2009,7,parketo01_2009,-13.688919067382812
New Orleans Hornets_2009,8,nelsoja01_2009,-13.720701217651367
New Orleans Hornets_2009,9,mingya01_2009,-13.721832275390625
New Orleans Hornets_2009,10,gasolpa01_2009,-13.723435401916504
New Orleans Hornets_2010,1,grangda01_2010,-14.7891263961792
New Orleans Hornets_2010,2,wadedw01_2010,-14.795798301696777
New Orleans Hornets_2010,3,duranke01_2010,-14.802445411682129
New Orleans Hornets_2010,4,jamesle01_2010,-14.812294006347656
New Orleans Hornets_2010,5,iguodan01_2010,-14.814229011535645
New Orleans Hornets_2010,6,anthoca01_2010,-14.815069198608398
New Orleans Hornets_2010,7,wallage01_2010,-14.82360553741455
New Orleans Hornets_2010,8,johnsjo02_2010,-14.824973106384277
New Orleans Hornets_2010,9,stoudam01_2010,-14.826288223266602
New Orleans Hornets_2010,10,richaja01_2010,-14.827012062072754
New Orleans Hornets_2011,1,bryanko01_2011,-14.152966499328613
New Orleans Hornets_2011,2,wadedw01_2011,-14.164690971374512
New Orleans Hornets_2011,3,ginobma01_2011,-14.16696548461914
New Orleans Hornets_2011,4,piercpa01_2011,-14.189130783081055
New Orleans Hornets_2011,5,martike02_2011,-14.189340591430664
New Orleans Hornets_2011,6,jamesle01_2011,-14.193897247314453
New Orleans Hornets_2011,7,nowitdi01_2011,-14.22132682800293
New Orleans Hornets_2011,8,duranke01_2011,-14.278433799743652
New Orleans Hornets_2011,9,rosede01_2011,-14.291738510131836
New Orleans Hornets_2011,10,westbru01_2011,-14.3036527633667
New Orleans Hornets_2012,1,jamesle01_2012,-14.26920223236084
New Orleans Hornets_2012,2,anthoca01_2012,-14.275444030761719
New Orleans Hornets_2012,3,paulch01_2012,-14.29163646697998
New Orleans Hornets_2012,4,wadedw01_2012,-14.299581527709961
New Orleans Hornets_2012,5,parketo01_2012,-14.302183151245117
New Orleans Hornets_2012,6,bryanko01_2012,-14.303386688232422
New Orleans Hornets_2012,7,ginobma01_2012,-14.317296981811523
New Orleans Hornets_2012,8,piercpa01_2012,-14.324117660522461
New Orleans Hornets_2012,9,hardeja01_2012,-14.32547378540039
New Orleans Hornets_2012,10,nowitdi01_2012,-14.337170600891113
New Orleans Hornets_2013,1,knighbr03_2013,-14.11732292175293
New Orleans Hornets_2013,2,waitedi01_2013,-14.201910972595215
New Orleans Hornets_2013,3,bealbr01_2013,-14.216869354248047
New Orleans Hornets_2013,4,thomptr01_2013,-14.280362129211426
New Orleans Hornets_2013,5,kiddgmi01_2013,-14.281458854675293
New Orleans Hornets_2013,6,barneha02_2013,-14.290462493896484
New Orleans Hornets_2013,7,willide02_2013,-14.298694610595703
New Orleans Hornets_2013,8,harrito02_2013,-14.304862976074219
New Orleans Hornets_2013,9,parsoch01_2013,-14.309054374694824
New Orleans Hornets_2013,10,lambje01_2013,-14.320094108581543
New Orleans Pelicans_2014,1,burketr01_2014,-14.332982063293457
New Orleans Pelicans_2014,2,wroteto01_2014,-14.338048934936523
New Orleans Pelicans_2014,3,bealbr01_2014,-14.408670425415039
New Orleans Pelicans_2014,4,harrito02_2014,-14.4547119140625
New Orleans Pelicans_2014,5,sullija01_2014,-14.463129043579102
New Orleans Pelicans_2014,6,haywago01_2014,-14.47024154663086
New Orleans Pelicans_2014,7,parsoch01_2014,-14.485063552856445
New Orleans Pelicans_2014,8,youngth01_2014,-14.486381530761719
New Orleans Pelicans_2014,9,jennibr01_2014,-14.493293762207031
New Orleans Pelicans_2014,10,willide02_2014,-14.493680000305176
New Orleans Pelicans_2015,1,wadedw01_2015,-14.221245765686035
New Orleans Pelicans_2015,2,jamesle01_2015,-14.291790962219238
New Orleans Pelicans_2015,3,anthoca01_2015,-14.319011688232422
New Orleans Pelicans_2015,4,gasolma01_2015,-14.350443840026855
New Orleans Pelicans_2015,5,curryst01_2015,-14.398615837097168
New Orleans Pelicans_2015,6,westbru01_2015,-14.411884307861328
New Orleans Pelicans_2015,7,paulch01_2015,-14.412789344787598
New Orleans Pelicans_2015,8,hillge01_2015,-14.415401458740234
New Orleans Pelicans_2015,9,teaguje01_2015,-14.42103099822998
New Orleans Pelicans_2015,10,duranke01_2015,-14.421913146972656
New Orleans Pelicans_2016,1,dragigo01_2016,-15.986427307128906
New Orleans Pelicans_2016,2,teaguje01_2016,-15.992132186889648
New Orleans Pelicans_2016,3,rosede01_2016,-15.99547004699707
New Orleans Pelicans_2016,4,conlemi01_2016,-15.99640941619873
New Orleans Pelicans_2016,5,collida01_2016,-15.998302459716797
New Orleans Pelicans_2016,6,bledser01_2016,-16.00240707397461
New Orleans Pelicans_2016,7,millspa02_2016,-16.003976821899414
New Orleans Pelicans_2016,8,sessira01_2016,-16.00689697265625
New Orleans Pelicans_2016,9,thomais02_2016,-16.008953094482422
New Orleans Pelicans_2016,10,lawsoty01_2016,-16.01085662841797
New Orleans Pelicans_2017,1,butleji01_2017,-16.148160934448242
New Orleans Pelicans_2017,2,georgpa01_2017,-16.149866104125977
New Orleans Pelicans_2017,3,haywago01_2017,-16.154232025146484
New Orleans Pelicans_2017,4,westbru01_2017,-16.165939331054688
New Orleans Pelicans_2017,5,bledser01_2017,-16.16954803466797
New Orleans Pelicans_2017,6,walkeke02_2017,-16.1708927154541
New Orleans Pelicans_2017,7,curryst01_2017,-16.171676635742188
New Orleans Pelicans_2017,8,conlemi01_2017,-16.171937942504883
New Orleans Pelicans_2017,9,walljo01_2017,-16.17325210571289
New Orleans Pelicans_2017,10,lillada01_2017,-16.173301696777344
New Orleans Pelicans_2018,1,duranke01_2018,-17.36027717590332
New Orleans Pelicans_2018,2,georgpa01_2018,-17.372417449951172
New Orleans Pelicans_2018,3,butleji01_2018,-17.389511108398438
New Orleans Pelicans_2018,4,hardeja01_2018,-17.401870727539062
New Orleans Pelicans_2018,5,willilo02_2018,-17.404348373413086
New Orleans Pelicans_2018,6,derozde01_2018,-17.412519454956055
New Orleans Pelicans_2018,7,jamesle01_2018,-17.414581298828125
New Orleans Pelicans_2018,8,westbru01_2018,-17.427587509155273
New Orleans Pelicans_2018,9,walkeke02_2018,-17.4332218170166
New Orleans Pelicans_2018,10,curryst01_2018,-17.436830520629883
New Orleans Pelicans_2019,1,monkma01_2019,-19.833566665649414
New Orleans Pelicans_2019,2,ingrabr01_2019,-19.86139678955078
New Orleans Pelicans_2019,3,tatumja01_2019,-19.862329483032227
New Orleans Pelicans_2019,4,murraja01_2019,-19.8692626953125
New Orleans Pelicans_2019,5,youngtr01_2019,-19.87087631225586
New Orleans Pelicans_2019,6,sextoco01_2019,-19.872222900390625
New Orleans Pelicans_2019,7,foxde01_2019,-19.87714195251465
New Orleans Pelicans_2019,8,markkla01_2019,-19.885934829711914
New Orleans Pelicans_2019,9,fergute01_2019,-20.06719207763672
New Orleans Pelicans_2019,10,huertke01_2019,-20.081342697143555
New Orleans Pelicans_2020,1,whiteco01_2020,-18.368606567382812
New Orleans Pelicans_2020,2,moranja01_2020,-18.373437881469727
New Orleans Pelicans_2020,3,sextoco01_2020,-18.382770538330078
New Orleans Pelicans_2020,4,gilgesh01_2020,-18.43933868408203
New Orleans Pelicans_2020,5,monkma01_2020,-18.461915969848633
New Orleans Pelicans_2020,6,herroty01_2020,-18.466289520263672
New Orleans Pelicans_2020,7,ntilila01_2020,-18.542091369628906
New Orleans Pelicans_2020,8,porteke02_2020,-18.59427261352539
New Orleans Pelicans_2020,9,garlada01_2020,-18.598365783691406
New Orleans Pelicans_2020,10,barrerj01_2020,-18.598501205444336
New Orleans Pelicans_2021,1,butleji01_2021,-19.89481544494629
New Orleans Pelicans_2021,2,georgpa01_2021,-19.918163299560547
New Orleans Pelicans_2021,3,bealbr01_2021,-19.92879295349121
New Orleans Pelicans_2021,4,derozde01_2021,-19.935352325439453
New Orleans Pelicans_2021,5,duranke01_2021,-19.944929122924805
New Orleans Pelicans_2021,6,leonaka01_2021,-20.013296127319336
New Orleans Pelicans_2021,7,davisan02_2021,-20.032556533813477
New Orleans Pelicans_2021,8,randlju01_2021,-20.034208297729492
New Orleans Pelicans_2021,9,antetgi01_2021,-20.041366577148438
New Orleans Pelicans_2021,10,lavinza01_2021,-20.041397094726562
New Orleans Pelicans_2022,1,butleji01_2022,-18.483863830566406
New Orleans Pelicans_2022,2,mitchdo01_2022,-18.495805740356445
New Orleans Pelicans_2022,3,duranke01_2022,-18.50513458251953
New Orleans Pelicans_2022,4,derozde01_2022,-18.50986671447754
New Orleans Pelicans_2022,5,antetgi01_2022,-18.511430740356445
New Orleans Pelicans_2022,6,bookede01_2022,-18.511808395385742
New Orleans Pelicans_2022,7,tatumja01_2022,-18.517467498779297
New Orleans Pelicans_2022,8,georgpa01_2022,-18.52054214477539
New Orleans Pelicans_2022,9,siakapa01_2022,-18.52058982849121
New Orleans Pelicans_2022,10,townska01_2022,-18.539140701293945
New Orleans Pelicans_2023,1,derozde01_2023,-19.640085220336914
New Orleans Pelicans_2023,2,leonaka01_2023,-19.644859313964844
New Orleans Pelicans_2023,3,bookede01_2023,-19.645883560180664
New Orleans Pelicans_2023,4,mitchdo01_2023,-19.648014068603516
New Orleans Pelicans_2023,5,georgpa01_2023,-19.648366928100586
New Orleans Pelicans_2023,6,butleji01_2023,-19.687009811401367
New Orleans Pelicans_2023,7,duranke01_2023,-19.695058822631836
New Orleans Pelicans_2023,8,jamesle01_2023,-19.70514678955078
New Orleans Pelicans_2023,9,randlju01_2023,-19.721200942993164
New Orleans Pelicans_2023,10,siakapa01_2023,-19.72786521911621
New Orleans Pelicans_2024,1,irvinky01_2024,-19.784883499145508
New Orleans Pelicans_2024,2,leonaka01_2024,-19.840959548950195
New Orleans Pelicans_2024,3,derozde01_2024,-19.853347778320312
New Orleans Pelicans_2024,4,georgpa01_2024,-19.880197525024414
New Orleans Pelicans_2024,5,duranke01_2024,-19.889978408813477
New Orleans Pelicans_2024,6,jamesle01_2024,-19.89000129699707
New Orleans Pelicans_2024,7,mitchdo01_2024,-19.89029312133789
New Orleans Pelicans_2024,8,butleji01_2024,-19.898681640625
New Orleans Pelicans_2024,9,antetgi01_2024,-19.971172332763672
New Orleans Pelicans_2024,10,davisan02_2024,-19.99030113220215
New Orleans Pelicans_2025,1,georgke01_2025,-18.3774356842041
New Orleans Pelicans_2025,2,castlst01_2025,-18.38232421875
New Orleans Pelicans_2025,3,hendesc01_2025,-18.38825798034668
New Orleans Pelicans_2025,4,sharpsh01_2025,-18.443090438842773
New Orleans Pelicans_2025,5,sensabr01_2025,-18.451608657836914
New Orleans Pelicans_2025,6,sarral01_2025,-18.45227813720703
New Orleans Pelicans_2025,7,mccaija01_2025,-18.471214294433594
New Orleans Pelicans_2025,8,branhma01_2025,-18.479028701782227
New Orleans Pelicans_2025,9,whitmca01_2025,-18.482952117919922
New Orleans Pelicans_2025,10,colliis01_2025,-18.534561157226562
New Orleans/Oklahoma City Hornets_2006,1,smithjo03_2006,-16.53629493713379
New Orleans/Oklahoma City Hornets_2006,2,denglu01_2006,-16.536476135253906
New Orleans/Oklahoma City Hornets_2006,3,villach01_2006,-16.55570411682129
New Orleans/Oklahoma City Hornets_2006,4,howardw01_2006,-16.557207107543945
New Orleans/Oklahoma City Hornets_2006,5,murphtr01_2006,-16.561138153076172
New Orleans/Oklahoma City Hornets_2006,6,harrial01_2006,-16.562280654907227
New Orleans/Oklahoma City Hornets_2006,7,willima02_2006,-16.56265640258789
New Orleans/Oklahoma City Hornets_2006,8,krstine01_2006,-16.56941032409668
New Orleans/Oklahoma City Hornets_2006,9,randoza01_2006,-16.57143211364746
New Orleans/Oklahoma City Hornets_2006,10,jeffeal01_2006,-16.57229995727539
New Orleans/Oklahoma City Hornets_2007,1,mariosh01_2007,-15.543303489685059
New Orleans/Oklahoma City Hornets_2007,2,mcgratr01_2007,-15.547465324401855
New Orleans/Oklahoma City Hornets_2007,3,piercpa01_2007,-15.553540229797363
New Orleans/Oklahoma City Hornets_2007,4,bryanko01_2007,-15.556680679321289
New Orleans/Oklahoma City Hornets_2007,5,ginobma01_2007,-15.570903778076172
New Orleans/Oklahoma City Hornets_2007,6,millemi01_2007,-15.582420349121094
New Orleans/Oklahoma City Hornets_2007,7,nowitdi01_2007,-15.586736679077148
New Orleans/Oklahoma City Hornets_2007,8,terryja01_2007,-15.588375091552734
New Orleans/Oklahoma City Hornets_2007,9,princta01_2007,-15.591592788696289
New Orleans/Oklahoma City Hornets_2007,10,butleca01_2007,-15.592415809631348
New York Knicks_1999,1,malonka01_1999,-16.71068572998047
New York Knicks_1999,2,barklch01_1999,-16.728076934814453
New York Knicks_1999,3,olajuha01_1999,-16.752309799194336
New York Knicks_1999,4,mullich01_1999,-16.792320251464844
New York Knicks_1999,5,schrede01_1999,-16.79411506652832
New York Knicks_1999,6,hornaje01_1999,-16.813495635986328
New York Knicks_1999,7,robinda01_1999,-16.844274520874023
New York Knicks_1999,8,sabonar01_1999,-16.85533905029297
New York Knicks_1999,9,portete01_1999,-16.86185646057129
New York Knicks_1999,10,robincl02_1999,-16.867061614990234
New York Knicks_2000,1,malonka01_2000,-16.71929931640625
New York Knicks_2000,2,sabonar01_2000,-16.800125122070312
New York Knicks_2000,3,colemde01_2000,-16.824434280395508
New York Knicks_2000,4,hornaje01_2000,-16.841995239257812
New York Knicks_2000,5,robinda01_2000,-16.865318298339844
New York Knicks_2000,6,paytoga01_2000,-16.866239547729492
New York Knicks_2000,7,pippesc01_2000,-16.872243881225586
New York Knicks_2000,8,stockjo01_2000,-16.876394271850586
New York Knicks_2000,9,robincl02_2000,-16.8765811920166
New York Knicks_2000,10,cebalce01_2000,-16.877744674682617
New York Knicks_2001,1,malonka01_2001,-16.73993682861328
New York Knicks_2001,2,robinda01_2001,-16.787288665771484
New York Knicks_2001,3,millere01_2001,-16.834779739379883
New York Knicks_2001,4,richmmi01_2001,-16.86444091796875
New York Knicks_2001,5,stockjo01_2001,-16.896373748779297
New York Knicks_2001,6,marshdo01_2001,-16.911640167236328
New York Knicks_2001,7,cebalce01_2001,-16.91358184814453
New York Knicks_2001,8,robincl02_2001,-16.92664337158203
New York Knicks_2001,9,wesleda01_2001,-16.933717727661133
New York Knicks_2001,10,webbech01_2001,-16.938793182373047
New York Knicks_2002,1,harprma01_2002,-16.158206939697266
New York Knicks_2002,2,gasolpa01_2002,-16.16200828552246
New York Knicks_2002,3,richaja01_2002,-16.181774139404297
New York Knicks_2002,4,fizerma01_2002,-16.18199920654297
New York Knicks_2002,5,jefferi01_2002,-16.1826171875
New York Knicks_2002,6,harrial01_2002,-16.182966232299805
New York Knicks_2002,7,onealje01_2002,-16.183958053588867
New York Knicks_2002,8,buforro01_2002,-16.185888290405273
New York Knicks_2002,9,swiftst01_2002,-16.188737869262695
New York Knicks_2002,10,thomake01_2002,-16.189083099365234
New York Knicks_2003,1,malonka01_2003,-15.08888053894043
New York Knicks_2003,2,jordami01_2003,-15.146937370300293
New York Knicks_2003,3,millere01_2003,-15.19318675994873
New York Knicks_2003,4,onealsh01_2003,-15.222942352294922
New York Knicks_2003,5,mashbja01_2003,-15.240972518920898
New York Knicks_2003,6,robingl01_2003,-15.253389358520508
New York Knicks_2003,7,garneke01_2003,-15.266926765441895
New York Knicks_2003,8,roseja01_2003,-15.268031120300293
New York Knicks_2003,9,iversal01_2003,-15.270086288452148
New York Knicks_2003,10,duncati01_2003,-15.271526336669922
New York Knicks_2004,1,millere01_2004,-16.882579803466797
New York Knicks_2004,2,kukocto01_2004,-16.892995834350586
New York Knicks_2004,3,onealsh01_2004,-16.913415908813477
New York Knicks_2004,4,paytoga01_2004,-16.926008224487305
New York Knicks_2004,5,jonesed02_2004,-16.96937370300293
New York Knicks_2004,6,finlemi01_2004,-16.971134185791016
New York Knicks_2004,7,barrybr01_2004,-16.98282241821289
New York Knicks_2004,8,jacksbo01_2004,-16.987838745117188
New York Knicks_2004,9,garneke01_2004,-16.995487213134766
New York Knicks_2004,10,duncati01_2004,-17.00235939025879
New York Knicks_2005,1,maggeco01_2005,-15.207334518432617
New York Knicks_2005,2,wadedw01_2005,-15.211997032165527
New York Knicks_2005,3,richaja01_2005,-15.21605396270752
New York Knicks_2005,4,davisri01_2005,-15.216876029968262
New York Knicks_2005,5,reddmi01_2005,-15.219717025756836
New York Knicks_2005,6,gordobe01_2005,-15.247103691101074
New York Knicks_2005,7,arenagi01_2005,-15.250821113586426
New York Knicks_2005,8,bryanko01_2005,-15.25340747833252
New York Knicks_2005,9,millemi01_2005,-15.254364967346191
New York Knicks_2005,10,lewisra02_2005,-15.256218910217285
New York Knicks_2006,1,denglu01_2006,-14.594939231872559
New York Knicks_2006,2,smithjo03_2006,-14.595621109008789
New York Knicks_2006,3,villach01_2006,-14.612984657287598
New York Knicks_2006,4,howardw01_2006,-14.614646911621094
New York Knicks_2006,5,willima02_2006,-14.620198249816895
New York Knicks_2006,6,murphtr01_2006,-14.628198623657227
New York Knicks_2006,7,harrial01_2006,-14.629341125488281
New York Knicks_2006,8,jeffeal01_2006,-14.62939167022705
New York Knicks_2006,9,westda01_2006,-14.63478946685791
New York Knicks_2006,10,krstine01_2006,-14.636723518371582
New York Knicks_2007,1,iguodan01_2007,-15.21229076385498
New York Knicks_2007,2,gordobe01_2007,-15.21437931060791
New York Knicks_2007,3,wadedw01_2007,-15.215788841247559
New York Knicks_2007,4,johnsjo02_2007,-15.216431617736816
New York Knicks_2007,5,barbole01_2007,-15.219158172607422
New York Knicks_2007,6,roybr01_2007,-15.219825744628906
New York Knicks_2007,7,martike02_2007,-15.221918106079102
New York Knicks_2007,8,childjo01_2007,-15.233213424682617
New York Knicks_2007,9,smithjr01_2007,-15.237482070922852
New York Knicks_2007,10,wallage01_2007,-15.243216514587402
New York Knicks_2008,1,gayru01_2008,-13.211118698120117
New York Knicks_2008,2,willilo02_2008,-13.280008316040039
New York Knicks_2008,3,farmajo01_2008,-13.291021347045898
New York Knicks_2008,4,duranke01_2008,-13.403131484985352
New York Knicks_2008,5,greenje02_2008,-13.407021522521973
New York Knicks_2008,6,breweco01_2008,-13.42030143737793
New York Knicks_2008,7,jianlyi01_2008,-13.44495964050293
New York Knicks_2008,8,webstma02_2008,-13.466605186462402
New York Knicks_2008,9,willish03_2008,-13.475976943969727
New York Knicks_2008,10,conlemi01_2008,-13.492855072021484
New York Knicks_2009,1,westbru01_2009,-14.18964672088623
New York Knicks_2009,2,rosede01_2009,-14.197656631469727
New York Knicks_2009,3,youngth01_2009,-14.199593544006348
New York Knicks_2009,4,augusdj01_2009,-14.202764511108398
New York Knicks_2009,5,gordoer01_2009,-14.208751678466797
New York Knicks_2009,6,turkohe01_2009,-14.209382057189941
New York Knicks_2009,7,mayooj01_2009,-14.211454391479492
New York Knicks_2009,8,gayru01_2009,-14.215788841247559
New York Knicks_2009,9,artesro01_2009,-14.225051879882812
New York Knicks_2009,10,anthoca01_2009,-14.225120544433594
New York Knicks_2010,1,curryst01_2010,-12.963993072509766
New York Knicks_2010,2,jennibr01_2010,-12.965362548828125
New York Knicks_2010,3,anderry01_2010,-12.966063499450684
New York Knicks_2010,4,rosede01_2010,-12.967991828918457
New York Knicks_2010,5,westbru01_2010,-12.969148635864258
New York Knicks_2010,6,flynnjo01_2010,-12.984543800354004
New York Knicks_2010,7,beaubro01_2010,-12.988872528076172
New York Knicks_2010,8,gordoer01_2010,-13.007173538208008
New York Knicks_2010,9,evansty01_2010,-13.01181411743164
New York Knicks_2010,10,bayleje01_2010,-13.027571678161621
New York Knicks_2011,1,derozde01_2011,-14.208581924438477
New York Knicks_2011,2,jennibr01_2011,-14.218600273132324
New York Knicks_2011,3,walljo01_2011,-14.222779273986816
New York Knicks_2011,4,evansty01_2011,-14.227486610412598
New York Knicks_2011,5,hardeja01_2011,-14.237279891967773
New York Knicks_2011,6,griffbl01_2011,-14.24089527130127
New York Knicks_2011,7,grangda01_2011,-14.24162769317627
New York Knicks_2011,8,wrighdo01_2011,-14.243304252624512
New York Knicks_2011,9,denglu01_2011,-14.248141288757324
New York Knicks_2011,10,beaslmi01_2011,-14.25599193572998
New York Knicks_2012,1,wadedw01_2012,-14.008341789245605
New York Knicks_2012,2,bryanko01_2012,-14.011895179748535
New York Knicks_2012,3,ginobma01_2012,-14.025598526000977
New York Knicks_2012,4,piercpa01_2012,-14.095569610595703
New York Knicks_2012,5,nowitdi01_2012,-14.11805534362793
New York Knicks_2012,6,jamesle01_2012,-14.164384841918945
New York Knicks_2012,7,paulch01_2012,-14.1795072555542
New York Knicks_2012,8,parketo01_2012,-14.188620567321777
New York Knicks_2012,9,hardeja01_2012,-14.22324275970459
New York Knicks_2012,10,duranke01_2012,-14.299819946289062
New York Knicks_2013,1,wadedw01_2013,-13.828421592712402
New York Knicks_2013,2,bryanko01_2013,-13.830750465393066
New York Knicks_2013,3,parketo01_2013,-13.920816421508789
New York Knicks_2013,4,piercpa01_2013,-13.923115730285645
New York Knicks_2013,5,willide01_2013,-14.023575782775879
New York Knicks_2013,6,jamesle01_2013,-14.038895606994629
New York Knicks_2013,7,paulch01_2013,-14.040318489074707
New York Knicks_2013,8,hardeja01_2013,-14.074751853942871
New York Knicks_2013,9,georgpa01_2013,-14.155052185058594
New York Knicks_2013,10,allento01_2013,-14.163750648498535
New York Knicks_2014,1,wadedw01_2014,-14.09065055847168
New York Knicks_2014,2,dragigo01_2014,-14.096841812133789
New York Knicks_2014,3,ginobma01_2014,-14.110160827636719
New York Knicks_2014,4,lowryky01_2014,-14.122830390930176
New York Knicks_2014,5,paulch01_2014,-14.12712287902832
New York Knicks_2014,6,conlemi01_2014,-14.134391784667969
New York Knicks_2014,7,jamesle01_2014,-14.144320487976074
New York Knicks_2014,8,nowitdi01_2014,-14.146757125854492
New York Knicks_2014,9,hardeja01_2014,-14.162437438964844
New York Knicks_2014,10,derozde01_2014,-14.165386199951172
New York Knicks_2015,1,wiggian01_2015,-14.454144477844238
New York Knicks_2015,2,wroteto01_2015,-14.50640869140625
New York Knicks_2015,3,schrode01_2015,-14.525247573852539
New York Knicks_2015,4,bealbr01_2015,-14.652297019958496
New York Knicks_2015,5,sampsja02_2015,-14.669934272766113
New York Knicks_2015,6,grantje01_2015,-14.674869537353516
New York Knicks_2015,7,bennean01_2015,-14.67736530303955
New York Knicks_2015,8,harklma01_2015,-14.688240051269531
New York Knicks_2015,9,obryajo01_2015,-14.695795059204102
New York Knicks_2015,10,porteot01_2015,-14.696181297302246
New York Knicks_2016,1,thomais02_2016,-13.670114517211914
New York Knicks_2016,2,westbru01_2016,-13.671533584594727
New York Knicks_2016,3,lowryky01_2016,-13.671716690063477
New York Knicks_2016,4,curryst01_2016,-13.683168411254883
New York Knicks_2016,5,dragigo01_2016,-13.693239212036133
New York Knicks_2016,6,teaguje01_2016,-13.699443817138672
New York Knicks_2016,7,duranke01_2016,-13.702717781066895
New York Knicks_2016,8,conlemi01_2016,-13.703329086303711
New York Knicks_2016,9,rosede01_2016,-13.703373908996582
New York Knicks_2016,10,gallida01_2016,-13.704477310180664
New York Knicks_2017,1,wiggian01_2017,-17.93674087524414
New York Knicks_2017,2,russeda01_2017,-17.94012451171875
New York Knicks_2017,3,parkeja01_2017,-17.970962524414062
New York Knicks_2017,4,bookede01_2017,-17.991472244262695
New York Knicks_2017,5,johnsty01_2017,-17.997228622436523
New York Knicks_2017,6,lavinza01_2017,-18.00553321838379
New York Knicks_2017,7,murraja01_2017,-18.007362365722656
New York Knicks_2017,8,schrode01_2017,-18.019729614257812
New York Knicks_2017,9,paytoel01_2017,-18.019920349121094
New York Knicks_2017,10,teaguje01_2017,-18.027584075927734
New York Knicks_2018,1,walljo01_2018,-15.987479209899902
New York Knicks_2018,2,smithis01_2018,-15.99233341217041
New York Knicks_2018,3,jacksre01_2018,-15.993155479431152
New York Knicks_2018,4,teaguje01_2018,-16.003061294555664
New York Knicks_2018,5,middlkh01_2018,-16.011640548706055
New York Knicks_2018,6,buyckdw01_2018,-16.015371322631836
New York Knicks_2018,7,morrima03_2018,-16.041141510009766
New York Knicks_2018,8,delanma01_2018,-16.041690826416016
New York Knicks_2018,9,dellama01_2018,-16.04267692565918
New York Knicks_2018,10,turneev01_2018,-16.05304527282715
New York Knicks_2019,1,wagnemo01_2019,-17.415504455566406
New York Knicks_2019,2,sextoco01_2019,-17.419452667236328
New York Knicks_2019,3,youngtr01_2019,-17.421558380126953
New York Knicks_2019,4,foxde01_2019,-17.430683135986328
New York Knicks_2019,5,murraja01_2019,-17.44010353088379
New York Knicks_2019,6,okoboel01_2019,-17.517780303955078
New York Knicks_2019,7,ingrabr01_2019,-17.537736892700195
New York Knicks_2019,8,markkla01_2019,-17.53818702697754
New York Knicks_2019,9,bongais01_2019,-17.546619415283203
New York Knicks_2019,10,tatumja01_2019,-17.551471710205078
New York Knicks_2020,1,whiteco01_2020,-17.42575454711914
New York Knicks_2020,2,moranja01_2020,-17.43211555480957
New York Knicks_2020,3,sextoco01_2020,-17.440330505371094
New York Knicks_2020,4,jacksfr01_2020,-17.51614761352539
New York Knicks_2020,5,gilgesh01_2020,-17.5460147857666
New York Knicks_2020,6,monkma01_2020,-17.56431770324707
New York Knicks_2020,7,herroty01_2020,-17.576148986816406
New York Knicks_2020,8,porteke02_2020,-17.59332847595215
New York Knicks_2020,9,reddica01_2020,-17.602611541748047
New York Knicks_2020,10,garlada01_2020,-17.606307983398438
New York Knicks_2021,1,leonaka01_2021,-16.07697296142578
New York Knicks_2021,2,davisan02_2021,-16.08213233947754
New York Knicks_2021,3,butleji01_2021,-16.094078063964844
New York Knicks_2021,4,antetgi01_2021,-16.095317840576172
New York Knicks_2021,5,irvinky01_2021,-16.100505828857422
New York Knicks_2021,6,georgpa01_2021,-16.114850997924805
New York Knicks_2021,7,bealbr01_2021,-16.120473861694336
New York Knicks_2021,8,derozde01_2021,-16.128562927246094
New York Knicks_2021,9,paulch01_2021,-16.133405685424805
New York Knicks_2021,10,duranke01_2021,-16.139690399169922
New York Knicks_2022,1,antetgi01_2022,-16.630889892578125
New York Knicks_2022,2,siakapa01_2022,-16.6353702545166
New York Knicks_2022,3,townska01_2022,-16.68378448486328
New York Knicks_2022,4,embiijo01_2022,-16.68756675720215
New York Knicks_2022,5,jokicni01_2022,-16.690128326416016
New York Knicks_2022,6,butleji01_2022,-16.704355239868164
New York Knicks_2022,7,curryst01_2022,-16.710298538208008
New York Knicks_2022,8,paulch01_2022,-16.712488174438477
New York Knicks_2022,9,smartma01_2022,-16.718551635742188
New York Knicks_2022,10,hardeja01_2022,-16.722108840942383
New York Knicks_2023,1,derozde01_2023,-18.51818084716797
New York Knicks_2023,2,leonaka01_2023,-18.521686553955078
New York Knicks_2023,3,georgpa01_2023,-18.526159286499023
New York Knicks_2023,4,mitchdo01_2023,-18.550832748413086
New York Knicks_2023,5,bookede01_2023,-18.552783966064453
New York Knicks_2023,6,jamesle01_2023,-18.552898406982422
New York Knicks_2023,7,butleji01_2023,-18.570276260375977
New York Knicks_2023,8,duranke01_2023,-18.578195571899414
New York Knicks_2023,9,siakapa01_2023,-18.633485794067383
New York Knicks_2023,10,antetgi01_2023,-18.649179458618164
New York Knicks_2024,1,irvinky01_2024,-18.40643310546875
New York Knicks_2024,2,leonaka01_2024,-18.41243553161621
New York Knicks_2024,3,derozde01_2024,-18.421903610229492
New York Knicks_2024,4,mitchdo01_2024,-18.42319107055664
New York Knicks_2024,5,georgpa01_2024,-18.441219329833984
New York Knicks_2024,6,antetgi01_2024,-18.445270538330078
New York Knicks_2024,7,edwaran01_2024,-18.454252243041992
New York Knicks_2024,8,butleji01_2024,-18.456613540649414
New York Knicks_2024,9,markkla01_2024,-18.46711540222168
New York Knicks_2024,10,jamesle01_2024,-18.477781295776367
New York Knicks_2025,1,butleji01_2025,-18.458375930786133
New York Knicks_2025,2,duranke01_2025,-18.48357582092285
New York Knicks_2025,3,antetgi01_2025,-18.49138069152832
New York Knicks_2025,4,mitchdo01_2025,-18.50845718383789
New York Knicks_2025,5,jeromty01_2025,-18.514501571655273
New York Knicks_2025,6,tatumja01_2025,-18.578960418701172
New York Knicks_2025,7,hardeja01_2025,-18.59010124206543
New York Knicks_2025,8,curryst01_2025,-18.591760635375977
New York Knicks_2025,9,lillada01_2025,-18.61534309387207
New York Knicks_2025,10,davisan02_2025,-18.67995262145996
Oklahoma City Thunder_2009,1,youngth01_2009,-14.432696342468262
Oklahoma City Thunder_2009,2,rosede01_2009,-14.463208198547363
Oklahoma City Thunder_2009,3,augusdj01_2009,-14.466708183288574
Oklahoma City Thunder_2009,4,mayooj01_2009,-14.595423698425293
Oklahoma City Thunder_2009,5,gordoer01_2009,-14.59546947479248
Oklahoma City Thunder_2009,6,chandwi01_2009,-14.62413501739502
Oklahoma City Thunder_2009,7,jianlyi01_2009,-14.64374828338623
Oklahoma City Thunder_2009,8,greendo01_2009,-14.64892578125
Oklahoma City Thunder_2009,9,cookda02_2009,-14.655584335327148
Oklahoma City Thunder_2009,10,anderry01_2009,-14.65645694732666
Oklahoma City Thunder_2010,1,bryanko01_2010,-14.088577270507812
Oklahoma City Thunder_2010,2,ginobma01_2010,-14.097238540649414
Oklahoma City Thunder_2010,3,iversal01_2010,-14.121803283691406
Oklahoma City Thunder_2010,4,piercpa01_2010,-14.203068733215332
Oklahoma City Thunder_2010,5,nashst01_2010,-14.206663131713867
Oklahoma City Thunder_2010,6,billuch01_2010,-14.2171630859375
Oklahoma City Thunder_2010,7,nowitdi01_2010,-14.2356538772583
Oklahoma City Thunder_2010,8,duncati01_2010,-14.250284194946289
Oklahoma City Thunder_2010,9,wadedw01_2010,-14.266312599182129
Oklahoma City Thunder_2010,10,grangda01_2010,-14.398538589477539
Oklahoma City Thunder_2011,1,bryanko01_2011,-13.084066390991211
Oklahoma City Thunder_2011,2,ginobma01_2011,-13.101733207702637
Oklahoma City Thunder_2011,3,piercpa01_2011,-13.194640159606934
Oklahoma City Thunder_2011,4,wadedw01_2011,-13.234650611877441
Oklahoma City Thunder_2011,5,nowitdi01_2011,-13.2369384765625
Oklahoma City Thunder_2011,6,martike02_2011,-13.270455360412598
Oklahoma City Thunder_2011,7,jamesle01_2011,-13.337451934814453
Oklahoma City Thunder_2011,8,mcgratr01_2011,-13.452569007873535
Oklahoma City Thunder_2011,9,butlera01_2011,-13.484371185302734
Oklahoma City Thunder_2011,10,rosede01_2011,-13.500189781188965
Oklahoma City Thunder_2012,1,wadedw01_2012,-13.130476951599121
Oklahoma City Thunder_2012,2,bryanko01_2012,-13.133480072021484
Oklahoma City Thunder_2012,3,ginobma01_2012,-13.146547317504883
Oklahoma City Thunder_2012,4,piercpa01_2012,-13.34552001953125
Oklahoma City Thunder_2012,5,nowitdi01_2012,-13.38597583770752
Oklahoma City Thunder_2012,6,hinriki01_2012,-13.661327362060547
Oklahoma City Thunder_2012,7,jamesle01_2012,-13.663633346557617
Oklahoma City Thunder_2012,8,paulch01_2012,-13.664066314697266
Oklahoma City Thunder_2012,9,anthoca01_2012,-13.666251182556152
Oklahoma City Thunder_2012,10,allento01_2012,-13.666434288024902
Oklahoma City Thunder_2013,1,wadedw01_2013,-12.165632247924805
Oklahoma City Thunder_2013,2,bryanko01_2013,-12.169275283813477
Oklahoma City Thunder_2013,3,parketo01_2013,-12.341109275817871
Oklahoma City Thunder_2013,4,piercpa01_2013,-12.364011764526367
Oklahoma City Thunder_2013,5,willide01_2013,-12.638279914855957
Oklahoma City Thunder_2013,6,paulch01_2013,-12.656137466430664
Oklahoma City Thunder_2013,7,kiddja01_2013,-12.667108535766602
Oklahoma City Thunder_2013,8,allento01_2013,-12.670598030090332
Oklahoma City Thunder_2013,9,ridnolu01_2013,-12.67778205871582
Oklahoma City Thunder_2013,10,jamesle01_2013,-12.677993774414062
Oklahoma City Thunder_2014,1,wadedw01_2014,-12.786667823791504
Oklahoma City Thunder_2014,2,ginobma01_2014,-12.809120178222656
Oklahoma City Thunder_2014,3,nowitdi01_2014,-13.021035194396973
Oklahoma City Thunder_2014,4,dragigo01_2014,-13.08545970916748
Oklahoma City Thunder_2014,5,lowryky01_2014,-13.236932754516602
Oklahoma City Thunder_2014,6,paulch01_2014,-13.241568565368652
Oklahoma City Thunder_2014,7,conlemi01_2014,-13.250807762145996
Oklahoma City Thunder_2014,8,anthoca01_2014,-13.287931442260742
Oklahoma City Thunder_2014,9,allento01_2014,-13.2915620803833
Oklahoma City Thunder_2014,10,hardeja01_2014,-13.296064376831055
Oklahoma City Thunder_2015,1,wadedw01_2015,-13.864580154418945
Oklahoma City Thunder_2015,2,jamesle01_2015,-13.912616729736328
Oklahoma City Thunder_2015,3,anthoca01_2015,-13.93647289276123
Oklahoma City Thunder_2015,4,gasolma01_2015,-13.972182273864746
Oklahoma City Thunder_2015,5,curryst01_2015,-13.975456237792969
Oklahoma City Thunder_2015,6,paulch01_2015,-13.9879150390625
Oklahoma City Thunder_2015,7,hillge01_2015,-13.990446090698242
Oklahoma City Thunder_2015,8,gayru01_2015,-13.991268157958984
Oklahoma City Thunder_2015,9,teaguje01_2015,-13.997323036193848
Oklahoma City Thunder_2015,10,millspa01_2015,-13.999371528625488
Oklahoma City Thunder_2016,1,anthoca01_2016,-15.269023895263672
Oklahoma City Thunder_2016,2,jamesle01_2016,-15.277047157287598
Oklahoma City Thunder_2016,3,wadedw01_2016,-15.301822662353516
Oklahoma City Thunder_2016,4,butleji01_2016,-15.349761962890625
Oklahoma City Thunder_2016,5,derozde01_2016,-15.35680866241455
Oklahoma City Thunder_2016,6,hardeja01_2016,-15.368894577026367
Oklahoma City Thunder_2016,7,griffbl01_2016,-15.41232967376709
Oklahoma City Thunder_2016,8,paulch01_2016,-15.444687843322754
Oklahoma City Thunder_2016,9,curryst01_2016,-15.507306098937988
Oklahoma City Thunder_2016,10,lowryky01_2016,-15.513392448425293
Oklahoma City Thunder_2017,1,butleji01_2017,-17.955408096313477
Oklahoma City Thunder_2017,2,georgpa01_2017,-17.956979751586914
Oklahoma City Thunder_2017,3,haywago01_2017,-17.961414337158203
Oklahoma City Thunder_2017,4,bledser01_2017,-17.97232437133789
Oklahoma City Thunder_2017,5,chandwi01_2017,-17.97235870361328
Oklahoma City Thunder_2017,6,teaguje01_2017,-17.973535537719727
Oklahoma City Thunder_2017,7,holidjr01_2017,-17.97435188293457
Oklahoma City Thunder_2017,8,walkeke02_2017,-17.974584579467773
Oklahoma City Thunder_2017,9,rosede01_2017,-17.974868774414062
Oklahoma City Thunder_2017,10,curryst01_2017,-17.975698471069336
Oklahoma City Thunder_2018,1,duranke01_2018,-15.234943389892578
Oklahoma City Thunder_2018,2,walkeke02_2018,-15.283927917480469
Oklahoma City Thunder_2018,3,lillada01_2018,-15.284784317016602
Oklahoma City Thunder_2018,4,curryst01_2018,-15.288403511047363
Oklahoma City Thunder_2018,5,evansty01_2018,-15.300287246704102
Oklahoma City Thunder_2018,6,butleji01_2018,-15.3117094039917
Oklahoma City Thunder_2018,7,hardeja01_2018,-15.3209228515625
Oklahoma City Thunder_2018,8,jamesle01_2018,-15.32897663116455
Oklahoma City Thunder_2018,9,derozde01_2018,-15.33151626586914
Oklahoma City Thunder_2018,10,lowryky01_2018,-15.341931343078613
Oklahoma City Thunder_2019,1,butleji01_2019,-16.299114227294922
Oklahoma City Thunder_2019,2,leonaka01_2019,-16.302188873291016
Oklahoma City Thunder_2019,3,duranke01_2019,-16.316537857055664
Oklahoma City Thunder_2019,4,griffbl01_2019,-16.322139739990234
Oklahoma City Thunder_2019,5,gallida01_2019,-16.323144912719727
Oklahoma City Thunder_2019,6,jamesle01_2019,-16.323667526245117
Oklahoma City Thunder_2019,7,willilo02_2019,-16.32893943786621
Oklahoma City Thunder_2019,8,hardeja01_2019,-16.33298110961914
Oklahoma City Thunder_2019,9,irvinky01_2019,-16.351810455322266
Oklahoma City Thunder_2019,10,walkeke02_2019,-16.355520248413086
Oklahoma City Thunder_2020,1,middlkh01_2020,-17.47089958190918
Oklahoma City Thunder_2020,2,leonaka01_2020,-17.4838809967041
Oklahoma City Thunder_2020,3,georgpa01_2020,-17.48427391052246
Oklahoma City Thunder_2020,4,butleji01_2020,-17.50302505493164
Oklahoma City Thunder_2020,5,davisan02_2020,-17.503660202026367
Oklahoma City Thunder_2020,6,derozde01_2020,-17.507095336914062
Oklahoma City Thunder_2020,7,bealbr01_2020,-17.51102638244629
Oklahoma City Thunder_2020,8,hardeja01_2020,-17.51364517211914
Oklahoma City Thunder_2020,9,lillada01_2020,-17.515424728393555
Oklahoma City Thunder_2020,10,walkeke02_2020,-17.520645141601562
Oklahoma City Thunder_2021,1,moranja01_2021,-16.24301528930664
Oklahoma City Thunder_2021,2,whiteco01_2021,-16.243318557739258
Oklahoma City Thunder_2021,3,garlada01_2021,-16.243446350097656
Oklahoma City Thunder_2021,4,anthoco01_2021,-16.247697830200195
Oklahoma City Thunder_2021,5,ballla01_2021,-16.25425148010254
Oklahoma City Thunder_2021,6,halibty01_2021,-16.26978874206543
Oklahoma City Thunder_2021,7,quickim01_2021,-16.27648162841797
Oklahoma City Thunder_2021,8,edwaran01_2021,-16.34527587890625
Oklahoma City Thunder_2021,9,hayeski01_2021,-16.364795684814453
Oklahoma City Thunder_2021,10,barrerj01_2021,-16.365156173706055
Oklahoma City Thunder_2022,1,anthoco01_2022,-17.424095153808594
Oklahoma City Thunder_2022,2,porteke02_2022,-17.442138671875
Oklahoma City Thunder_2022,3,maxeyty01_2022,-17.477006912231445
Oklahoma City Thunder_2022,4,hayeski01_2022,-17.510366439819336
Oklahoma City Thunder_2022,5,suggsja01_2022,-17.52192497253418
Oklahoma City Thunder_2022,6,wagnefr01_2022,-17.535594940185547
Oklahoma City Thunder_2022,7,greenja05_2022,-17.53903579711914
Oklahoma City Thunder_2022,8,cunnica01_2022,-17.54631805419922
Oklahoma City Thunder_2022,9,lewiski01_2022,-17.54660987854004
Oklahoma City Thunder_2022,10,mcbrimi01_2022,-17.548147201538086
Oklahoma City Thunder_2023,1,mathube01_2023,-19.644878387451172
Oklahoma City Thunder_2023,2,edwaran01_2023,-19.648237228393555
Oklahoma City Thunder_2023,3,greenja05_2023,-19.652080535888672
Oklahoma City Thunder_2023,4,iveyja01_2023,-19.672916412353516
Oklahoma City Thunder_2023,5,thomaca02_2023,-19.674640655517578
Oklahoma City Thunder_2023,6,hardyja02_2023,-19.681209564208984
Oklahoma City Thunder_2023,7,barnesc01_2023,-19.707412719726562
Oklahoma City Thunder_2023,8,wagnefr01_2023,-19.707612991333008
Oklahoma City Thunder_2023,9,banchpa01_2023,-19.730316162109375
Oklahoma City Thunder_2023,10,bostobr01_2023,-19.736726760864258
Oklahoma City Thunder_2024,1,irvinky01_2024,-19.825029373168945
Oklahoma City Thunder_2024,2,leonaka01_2024,-19.882972717285156
Oklahoma City Thunder_2024,3,derozde01_2024,-19.89493751525879
Oklahoma City Thunder_2024,4,georgpa01_2024,-19.921314239501953
Oklahoma City Thunder_2024,5,mitchdo01_2024,-19.928098678588867
Oklahoma City Thunder_2024,6,duranke01_2024,-19.93592071533203
Oklahoma City Thunder_2024,7,jamesle01_2024,-19.936023712158203
Oklahoma City Thunder_2024,8,butleji01_2024,-19.939632415771484
Oklahoma City Thunder_2024,9,antetgi01_2024,-20.00971794128418
Oklahoma City Thunder_2024,10,edwaran01_2024,-20.021968841552734
Oklahoma City Thunder_2025,1,mitchdo01_2025,-18.14261817932129
Oklahoma City Thunder_2025,2,jeromty01_2025,-18.15032958984375
Oklahoma City Thunder_2025,3,antetgi01_2025,-18.153322219848633
Oklahoma City Thunder_2025,4,butleji01_2025,-18.160890579223633
Oklahoma City Thunder_2025,5,duranke01_2025,-18.179658889770508
Oklahoma City Thunder_2025,6,tatumja01_2025,-18.194664001464844
Oklahoma City Thunder_2025,7,lillada01_2025,-18.23515510559082
Oklahoma City Thunder_2025,8,curryst01_2025,-18.24345588684082
Oklahoma City Thunder_2025,9,hardeja01_2025,-18.24898338317871
Oklahoma City Thunder_2025,10,edwaran01_2025,-18.25732421875
Orlando Magic_1999,1,iversal01_1999,-16.55362892150879
Orlando Magic_1999,2,hillgr01_1999,-16.595277786254883
Orlando Magic_1999,3,stackje01_1999,-16.59540367126465
Orlando Magic_1999,4,allenra02_1999,-16.596508026123047
Orlando Magic_1999,5,garneke01_1999,-16.59662437438965
Orlando Magic_1999,6,carrch01_1999,-16.60598373413086
Orlando Magic_1999,7,finlemi01_1999,-16.6072940826416
Orlando Magic_1999,8,bryanko01_1999,-16.607553482055664
Orlando Magic_1999,9,anderde01_1999,-16.6077880859375
Orlando Magic_1999,10,abdursh01_1999,-16.610240936279297
Orlando Magic_2000,1,stackje01_2000,-14.644438743591309
Orlando Magic_2000,2,anderde01_2000,-14.646744728088379
Orlando Magic_2000,3,lopezfe01_2000,-14.651809692382812
Orlando Magic_2000,4,dickemi01_2000,-14.654082298278809
Orlando Magic_2000,5,baileto01_2000,-14.658109664916992
Orlando Magic_2000,6,bryanko01_2000,-14.66390609741211
Orlando Magic_2000,7,iversal01_2000,-14.664931297302246
Orlando Magic_2000,8,patteru01_2000,-14.665432929992676
Orlando Magic_2000,9,moblecu01_2000,-14.665983200073242
Orlando Magic_2000,10,odomla01_2000,-14.666590690612793
Orlando Magic_2001,1,marshdo01_2001,-16.54575538635254
Orlando Magic_2001,2,malonka01_2001,-16.545957565307617
Orlando Magic_2001,3,webbech01_2001,-16.566091537475586
Orlando Magic_2001,4,stackje01_2001,-16.569259643554688
Orlando Magic_2001,5,mcdyean01_2001,-16.571983337402344
Orlando Magic_2001,6,millere01_2001,-16.573564529418945
Orlando Magic_2001,7,wallara01_2001,-16.580949783325195
Orlando Magic_2001,8,robinda01_2001,-16.582162857055664
Orlando Magic_2001,9,richmmi01_2001,-16.593843460083008
Orlando Magic_2001,10,finlemi01_2001,-16.600130081176758
Orlando Magic_2002,1,jordami01_2002,-14.855953216552734
Orlando Magic_2002,2,malonka01_2002,-14.879733085632324
Orlando Magic_2002,3,iversal01_2002,-14.889580726623535
Orlando Magic_2002,4,webbech01_2002,-14.920583724975586
Orlando Magic_2002,5,onealsh01_2002,-14.922478675842285
Orlando Magic_2002,6,millere01_2002,-14.92868423461914
Orlando Magic_2002,7,stackje01_2002,-14.935734748840332
Orlando Magic_2002,8,murrala01_2002,-14.942665100097656
Orlando Magic_2002,9,finlemi01_2002,-14.942984580993652
Orlando Magic_2002,10,patteru01_2002,-14.944594383239746
Orlando Magic_2003,1,maggeco01_2003,-15.482671737670898
Orlando Magic_2003,2,davisri01_2003,-15.488476753234863
Orlando Magic_2003,3,bryanko01_2003,-15.49311637878418
Orlando Magic_2003,4,piercpa01_2003,-15.500879287719727
Orlando Magic_2003,5,reddmi01_2003,-15.512048721313477
Orlando Magic_2003,6,hamilri01_2003,-15.5136079788208
Orlando Magic_2003,7,simmobo01_2003,-15.522165298461914
Orlando Magic_2003,8,glovedi01_2003,-15.527119636535645
Orlando Magic_2003,9,jefferi01_2003,-15.527727127075195
Orlando Magic_2003,10,butlera01_2003,-15.528219223022461
Orlando Magic_2004,1,brownde02_2004,-15.159331321716309
Orlando Magic_2004,2,brownkw01_2004,-15.18382740020752
Orlando Magic_2004,3,boshch01_2004,-15.192907333374023
Orlando Magic_2004,4,stoudam01_2004,-15.194783210754395
Orlando Magic_2004,5,wilcoch01_2004,-15.198897361755371
Orlando Magic_2004,6,curryed01_2004,-15.1990385055542
Orlando Magic_2004,7,simmobo01_2004,-15.201111793518066
Orlando Magic_2004,8,howarjo01_2004,-15.20524787902832
Orlando Magic_2004,9,randoza01_2004,-15.207476615905762
Orlando Magic_2004,10,sweetmi01_2004,-15.22395133972168
Orlando Magic_2005,1,maggeco01_2005,-14.076290130615234
Orlando Magic_2005,2,wadedw01_2005,-14.079479217529297
Orlando Magic_2005,3,crawfja01_2005,-14.088656425476074
Orlando Magic_2005,4,richaja01_2005,-14.092487335205078
Orlando Magic_2005,5,davisri01_2005,-14.092971801757812
Orlando Magic_2005,6,bryanko01_2005,-14.095663070678711
Orlando Magic_2005,7,reddmi01_2005,-14.09618854522705
Orlando Magic_2005,8,ginobma01_2005,-14.10871696472168
Orlando Magic_2005,9,hughela01_2005,-14.109498977661133
Orlando Magic_2005,10,mcgratr01_2005,-14.120019912719727
Orlando Magic_2006,1,wadedw01_2006,-15.214396476745605
Orlando Magic_2006,2,gordobe01_2006,-15.225509643554688
Orlando Magic_2006,3,johnsjo02_2006,-15.231074333190918
Orlando Magic_2006,4,richaja01_2006,-15.233034133911133
Orlando Magic_2006,5,crawfja01_2006,-15.234429359436035
Orlando Magic_2006,6,millemi01_2006,-15.251827239990234
Orlando Magic_2006,7,kirilan01_2006,-15.25364875793457
Orlando Magic_2006,8,arenagi01_2006,-15.263883590698242
Orlando Magic_2006,9,butleca01_2006,-15.26599407196045
Orlando Magic_2006,10,hinriki01_2006,-15.266890525817871
Orlando Magic_2007,1,cartevi01_2007,-16.345224380493164
Orlando Magic_2007,2,garneke01_2007,-16.350019454956055
Orlando Magic_2007,3,iversal01_2007,-16.360000610351562
Orlando Magic_2007,4,mariosh01_2007,-16.378143310546875
Orlando Magic_2007,5,barrybr01_2007,-16.382089614868164
Orlando Magic_2007,6,duncati01_2007,-16.405027389526367
Orlando Magic_2007,7,onealsh01_2007,-16.413387298583984
Orlando Magic_2007,8,mcgratr01_2007,-16.41617202758789
Orlando Magic_2007,9,nowitdi01_2007,-16.427967071533203
Orlando Magic_2007,10,piercpa01_2007,-16.432415008544922
Orlando Magic_2008,1,iversal01_2008,-13.11073112487793
Orlando Magic_2008,2,ginobma01_2008,-13.11806583404541
Orlando Magic_2008,3,piercpa01_2008,-13.20378589630127
Orlando Magic_2008,4,nashst01_2008,-13.213553428649902
Orlando Magic_2008,5,billuch01_2008,-13.229584693908691
Orlando Magic_2008,6,garneke01_2008,-13.253288269042969
Orlando Magic_2008,7,mcgratr01_2008,-13.256300926208496
Orlando Magic_2008,8,bryanko01_2008,-13.256763458251953
Orlando Magic_2008,9,wadedw01_2008,-13.280752182006836
Orlando Magic_2008,10,davisba01_2008,-13.353096961975098
Orlando Magic_2009,1,bryanko01_2009,-13.137020111083984
Orlando Magic_2009,2,ginobma01_2009,-13.1550874710083
Orlando Magic_2009,3,piercpa01_2009,-13.324464797973633
Orlando Magic_2009,4,iversal01_2009,-13.347394943237305
Orlando Magic_2009,5,nowitdi01_2009,-13.37509536743164
Orlando Magic_2009,6,wadedw01_2009,-13.484877586364746
Orlando Magic_2009,7,parketo01_2009,-13.66110897064209
Orlando Magic_2009,8,battish01_2009,-13.671944618225098
Orlando Magic_2009,9,parkean01_2009,-13.672133445739746
Orlando Magic_2009,10,mingya01_2009,-13.697891235351562
Orlando Magic_2010,1,bryanko01_2010,-12.17052173614502
Orlando Magic_2010,2,ginobma01_2010,-12.183295249938965
Orlando Magic_2010,3,iversal01_2010,-12.213265419006348
Orlando Magic_2010,4,piercpa01_2010,-12.348650932312012
Orlando Magic_2010,5,nashst01_2010,-12.349769592285156
Orlando Magic_2010,6,billuch01_2010,-12.358267784118652
Orlando Magic_2010,7,nowitdi01_2010,-12.393017768859863
Orlando Magic_2010,8,duncati01_2010,-12.393997192382812
Orlando Magic_2010,9,wadedw01_2010,-12.47506332397461
Orlando Magic_2010,10,battish01_2010,-12.66368293762207
Orlando Magic_2011,1,bryanko01_2011,-13.15857982635498
Orlando Magic_2011,2,ginobma01_2011,-13.180781364440918
Orlando Magic_2011,3,piercpa01_2011,-13.363031387329102
Orlando Magic_2011,4,nowitdi01_2011,-13.41932201385498
Orlando Magic_2011,5,wadedw01_2011,-13.48914623260498
Orlando Magic_2011,6,martike02_2011,-13.5392484664917
Orlando Magic_2011,7,jamesle01_2011,-13.684947967529297
Orlando Magic_2011,8,mcgratr01_2011,-13.6924409866333
Orlando Magic_2011,9,butlera01_2011,-13.73255443572998
Orlando Magic_2011,10,fishede01_2011,-13.882437705993652
Orlando Magic_2012,1,wadedw01_2012,-13.192839622497559
Orlando Magic_2012,2,bryanko01_2012,-13.196205139160156
Orlando Magic_2012,3,ginobma01_2012,-13.209761619567871
Orlando Magic_2012,4,piercpa01_2012,-13.317971229553223
Orlando Magic_2012,5,nowitdi01_2012,-13.346013069152832
Orlando Magic_2012,6,jamesle01_2012,-13.462079048156738
Orlando Magic_2012,7,anthoca01_2012,-13.466449737548828
Orlando Magic_2012,8,paulch01_2012,-13.472538948059082
Orlando Magic_2012,9,parketo01_2012,-13.480830192565918
Orlando Magic_2012,10,hardeja01_2012,-13.52159595489502
Orlando Magic_2013,1,knighbr03_2013,-14.452607154846191
Orlando Magic_2013,2,waitedi01_2013,-14.583514213562012
Orlando Magic_2013,3,bealbr01_2013,-14.60274600982666
Orlando Magic_2013,4,henryxa01_2013,-14.62229061126709
Orlando Magic_2013,5,kiddgmi01_2013,-14.630414962768555
Orlando Magic_2013,6,barneha02_2013,-14.644773483276367
Orlando Magic_2013,7,jonespe01_2013,-14.656716346740723
Orlando Magic_2013,8,marshke01_2013,-14.673402786254883
Orlando Magic_2013,9,teaguma01_2013,-14.674049377441406
Orlando Magic_2013,10,lambje01_2013,-14.676094055175781
Orlando Magic_2014,1,burketr01_2014,-14.79328727722168
Orlando Magic_2014,2,wroteto01_2014,-14.798745155334473
Orlando Magic_2014,3,bealbr01_2014,-14.901947975158691
Orlando Magic_2014,4,davisan02_2014,-14.966466903686523
Orlando Magic_2014,5,sullija01_2014,-14.970051765441895
Orlando Magic_2014,6,barneha02_2014,-14.981175422668457
Orlando Magic_2014,7,haywago01_2014,-14.9863862991333
Orlando Magic_2014,8,youngth01_2014,-14.99778938293457
Orlando Magic_2014,9,evansty01_2014,-15.000370979309082
Orlando Magic_2014,10,parsoch01_2014,-15.006630897521973
Orlando Magic_2015,1,wiggian01_2015,-13.766192436218262
Orlando Magic_2015,2,wroteto01_2015,-13.823420524597168
Orlando Magic_2015,3,schrode01_2015,-13.845494270324707
Orlando Magic_2015,4,sampsja02_2015,-13.962557792663574
Orlando Magic_2015,5,bennean01_2015,-13.966178894042969
Orlando Magic_2015,6,grantje01_2015,-13.967007637023926
Orlando Magic_2015,7,obryajo01_2015,-13.986696243286133
Orlando Magic_2015,8,bealbr01_2015,-13.994087219238281
Orlando Magic_2015,9,lavinza01_2015,-13.998830795288086
Orlando Magic_2015,10,anderky01_2015,-14.011945724487305
Orlando Magic_2016,1,westbru01_2016,-14.84670352935791
Orlando Magic_2016,2,lowryky01_2016,-14.848103523254395
Orlando Magic_2016,3,thomais02_2016,-14.848228454589844
Orlando Magic_2016,4,curryst01_2016,-14.858485221862793
Orlando Magic_2016,5,duranke01_2016,-14.866994857788086
Orlando Magic_2016,6,griffbl01_2016,-14.886771202087402
Orlando Magic_2016,7,butleji01_2016,-14.92117977142334
Orlando Magic_2016,8,hardeja01_2016,-14.929651260375977
Orlando Magic_2016,9,derozde01_2016,-14.930047988891602
Orlando Magic_2016,10,anthoca01_2016,-14.934331893920898
Orlando Magic_2017,1,teaguje01_2017,-14.83682918548584
Orlando Magic_2017,2,holidjr01_2017,-14.838258743286133
Orlando Magic_2017,3,rosede01_2017,-14.839949607849121
Orlando Magic_2017,4,jacksre01_2017,-14.8431978225708
Orlando Magic_2017,5,collida01_2017,-14.8435697555542
Orlando Magic_2017,6,curryse01_2017,-14.845478057861328
Orlando Magic_2017,7,millspa02_2017,-14.846861839294434
Orlando Magic_2017,8,jennibr01_2017,-14.850160598754883
Orlando Magic_2017,9,lawsoty01_2017,-14.851651191711426
Orlando Magic_2017,10,linje01_2017,-14.85971736907959
Orlando Magic_2018,1,smithde03_2018,-16.55016326904297
Orlando Magic_2018,2,colliza01_2018,-16.556812286376953
Orlando Magic_2018,3,murraja01_2018,-16.559221267700195
Orlando Magic_2018,4,russeda01_2018,-16.57009506225586
Orlando Magic_2018,5,foxde01_2018,-16.5897274017334
Orlando Magic_2018,6,ntilila01_2018,-16.591346740722656
Orlando Magic_2018,7,mudiaem01_2018,-16.59168243408203
Orlando Magic_2018,8,simmoko01_2018,-16.618877410888672
Orlando Magic_2018,9,evansja01_2018,-16.619970321655273
Orlando Magic_2018,10,markkla01_2018,-16.642711639404297
Orlando Magic_2019,1,tatumja01_2019,-17.410768508911133
Orlando Magic_2019,2,ingrabr01_2019,-17.411680221557617
Orlando Magic_2019,3,murraja01_2019,-17.422029495239258
Orlando Magic_2019,4,youngtr01_2019,-17.429262161254883
Orlando Magic_2019,5,sextoco01_2019,-17.431468963623047
Orlando Magic_2019,6,monkma01_2019,-17.43368148803711
Orlando Magic_2019,7,foxde01_2019,-17.436248779296875
Orlando Magic_2019,8,markkla01_2019,-17.444849014282227
Orlando Magic_2019,9,wiggian01_2019,-17.47853660583496
Orlando Magic_2019,10,richajo01_2019,-17.489912033081055
Orlando Magic_2020,1,gilgesh01_2020,-17.410722732543945
Orlando Magic_2020,2,moranja01_2020,-17.42095947265625
Orlando Magic_2020,3,whiteco01_2020,-17.423067092895508
Orlando Magic_2020,4,herroty01_2020,-17.426380157470703
Orlando Magic_2020,5,sextoco01_2020,-17.436481475830078
Orlando Magic_2020,6,monkma01_2020,-17.44619369506836
Orlando Magic_2020,7,whitede01_2020,-17.478607177734375
Orlando Magic_2020,8,brownja02_2020,-17.485044479370117
Orlando Magic_2020,9,oubreke01_2020,-17.4857177734375
Orlando Magic_2020,10,roziete01_2020,-17.486356735229492
Orlando Magic_2021,1,moranja01_2021,-17.44779396057129
Orlando Magic_2021,2,garlada01_2021,-17.447904586791992
Orlando Magic_2021,3,whiteco01_2021,-17.448009490966797
Orlando Magic_2021,4,ballla01_2021,-17.45886993408203
Orlando Magic_2021,5,halibty01_2021,-17.47411346435547
Orlando Magic_2021,6,quickim01_2021,-17.47980308532715
Orlando Magic_2021,7,maledth01_2021,-17.53125
Orlando Magic_2021,8,hayeski01_2021,-17.548690795898438
Orlando Magic_2021,9,edwaran01_2021,-17.559200286865234
Orlando Magic_2021,10,lewiski01_2021,-17.56248664855957
Orlando Magic_2022,1,porteke02_2022,-17.429344177246094
Orlando Magic_2022,2,maxeyty01_2022,-17.463623046875
Orlando Magic_2022,3,hayeski01_2022,-17.500045776367188
Orlando Magic_2022,4,maledth01_2022,-17.52259063720703
Orlando Magic_2022,5,greenja05_2022,-17.525009155273438
Orlando Magic_2022,6,cunnica01_2022,-17.532306671142578
Orlando Magic_2022,7,lewiski01_2022,-17.536090850830078
Orlando Magic_2022,8,barrerj01_2022,-17.536788940429688
Orlando Magic_2022,9,mcbrimi01_2022,-17.537641525268555
Orlando Magic_2022,10,edwaran01_2022,-17.5543155670166
Orlando Magic_2023,1,greenja05_2023,-19.754758834838867
Orlando Magic_2023,2,mathube01_2023,-19.75984001159668
Orlando Magic_2023,3,edwaran01_2023,-19.762771606445312
Orlando Magic_2023,4,iveyja01_2023,-19.774736404418945
Orlando Magic_2023,5,thomaca02_2023,-19.784303665161133
Orlando Magic_2023,6,hardyja02_2023,-19.799205780029297
Orlando Magic_2023,7,barnesc01_2023,-19.803142547607422
Orlando Magic_2023,8,giddejo01_2023,-19.804325103759766
Orlando Magic_2023,9,ballla01_2023,-19.815208435058594
Orlando Magic_2023,10,bostobr01_2023,-19.828508377075195
Orlando Magic_2024,1,leonaka01_2024,-18.281686782836914
Orlando Magic_2024,2,irvinky01_2024,-18.288898468017578
Orlando Magic_2024,3,derozde01_2024,-18.294824600219727
Orlando Magic_2024,4,jamesle01_2024,-18.314544677734375
Orlando Magic_2024,5,duranke01_2024,-18.31575584411621
Orlando Magic_2024,6,georgpa01_2024,-18.31809425354004
Orlando Magic_2024,7,mitchdo01_2024,-18.327606201171875
Orlando Magic_2024,8,butleji01_2024,-18.334821701049805
Orlando Magic_2024,9,antetgi01_2024,-18.346023559570312
Orlando Magic_2024,10,markkla01_2024,-18.367782592773438
Orlando Magic_2025,1,gilgesh01_2025,-16.595975875854492
Orlando Magic_2025,2,brunsja01_2025,-16.607831954956055
Orlando Magic_2025,3,tatumja01_2025,-16.618892669677734
Orlando Magic_2025,4,foxde01_2025,-16.620803833007812
Orlando Magic_2025,5,mitchdo01_2025,-16.681642532348633
Orlando Magic_2025,6,jeromty01_2025,-16.690940856933594
Orlando Magic_2025,7,jokicni01_2025,-16.6938419342041
Orlando Magic_2025,8,townska01_2025,-16.695796966552734
Orlando Magic_2025,9,lillada01_2025,-16.697511672973633
Orlando Magic_2025,10,curryst01_2025,-16.705337524414062
Philadelphia 76ers_1999,1,stackje01_1999,-16.58963394165039
Philadelphia 76ers_1999,2,allenra02_1999,-16.590843200683594
Philadelphia 76ers_1999,3,garneke01_1999,-16.596355438232422
Philadelphia 76ers_1999,4,bryanko01_1999,-16.599729537963867
Philadelphia 76ers_1999,5,carrch01_1999,-16.599910736083984
Philadelphia 76ers_1999,6,anderde01_1999,-16.60192108154297
Philadelphia 76ers_1999,7,finlemi01_1999,-16.603717803955078
Philadelphia 76ers_1999,8,abdursh01_1999,-16.60659408569336
Philadelphia 76ers_1999,9,hillgr01_1999,-16.607263565063477
Philadelphia 76ers_1999,10,stricer01_1999,-16.61695671081543
Philadelphia 76ers_2000,1,lopezfe01_2000,-15.995100975036621
Philadelphia 76ers_2000,2,baileto01_2000,-16.00436019897461
Philadelphia 76ers_2000,3,odomla01_2000,-16.0119571685791
Philadelphia 76ers_2000,4,patteru01_2000,-16.021682739257812
Philadelphia 76ers_2000,5,jamisan01_2000,-16.02785873413086
Philadelphia 76ers_2000,6,lewisra02_2000,-16.028364181518555
Philadelphia 76ers_2000,7,maggeco01_2000,-16.03444480895996
Philadelphia 76ers_2000,8,robined01_2000,-16.035755157470703
Philadelphia 76ers_2000,9,mariosh01_2000,-16.038969039916992
Philadelphia 76ers_2000,10,brandel01_2000,-16.04252052307129
Philadelphia 76ers_2001,1,malonka01_2001,-16.764738082885742
Philadelphia 76ers_2001,2,robinda01_2001,-16.81182861328125
Philadelphia 76ers_2001,3,millere01_2001,-16.857275009155273
Philadelphia 76ers_2001,4,richmmi01_2001,-16.886608123779297
Philadelphia 76ers_2001,5,stockjo01_2001,-16.918725967407227
Philadelphia 76ers_2001,6,sprewla01_2001,-16.920883178710938
Philadelphia 76ers_2001,7,marshdo01_2001,-16.930843353271484
Philadelphia 76ers_2001,8,cebalce01_2001,-16.934663772583008
Philadelphia 76ers_2001,9,robincl02_2001,-16.94754409790039
Philadelphia 76ers_2001,10,wesleda01_2001,-16.95387840270996
Philadelphia 76ers_2002,1,jordami01_2002,-16.732051849365234
Philadelphia 76ers_2002,2,malonka01_2002,-16.765071868896484
Philadelphia 76ers_2002,3,millere01_2002,-16.867069244384766
Philadelphia 76ers_2002,4,hardati01_2002,-16.923784255981445
Philadelphia 76ers_2002,5,stockjo01_2002,-16.926624298095703
Philadelphia 76ers_2002,6,houstal01_2002,-16.937246322631836
Philadelphia 76ers_2002,7,jonesed02_2002,-16.942873001098633
Philadelphia 76ers_2002,8,barrybr01_2002,-16.949201583862305
Philadelphia 76ers_2002,9,persowe01_2002,-16.952045440673828
Philadelphia 76ers_2002,10,barryjo01_2002,-16.972671508789062
Philadelphia 76ers_2003,1,malonka01_2003,-15.402167320251465
Philadelphia 76ers_2003,2,jordami01_2003,-15.477211952209473
Philadelphia 76ers_2003,3,millere01_2003,-15.537198066711426
Philadelphia 76ers_2003,4,onealsh01_2003,-15.574716567993164
Philadelphia 76ers_2003,5,mashbja01_2003,-15.59801197052002
Philadelphia 76ers_2003,6,robingl01_2003,-15.61567497253418
Philadelphia 76ers_2003,7,roseja01_2003,-15.630775451660156
Philadelphia 76ers_2003,8,hillgr01_2003,-15.642610549926758
Philadelphia 76ers_2003,9,kukocto01_2003,-15.658116340637207
Philadelphia 76ers_2003,10,garneke01_2003,-15.664142608642578
Philadelphia 76ers_2004,1,mcgratr01_2004,-16.597585678100586
Philadelphia 76ers_2004,2,bryanko01_2004,-16.60848617553711
Philadelphia 76ers_2004,3,reddmi01_2004,-16.624797821044922
Philadelphia 76ers_2004,4,jamesle01_2004,-16.626306533813477
Philadelphia 76ers_2004,5,brandel01_2004,-16.635778427124023
Philadelphia 76ers_2004,6,hughela01_2004,-16.64246940612793
Philadelphia 76ers_2004,7,lewisra02_2004,-16.643375396728516
Philadelphia 76ers_2004,8,crawfja01_2004,-16.644580841064453
Philadelphia 76ers_2004,9,richaja01_2004,-16.647293090820312
Philadelphia 76ers_2004,10,mariosh01_2004,-16.64822006225586
Philadelphia 76ers_2005,1,maggeco01_2005,-15.327887535095215
Philadelphia 76ers_2005,2,wadedw01_2005,-15.33177661895752
Philadelphia 76ers_2005,3,crawfja01_2005,-15.338141441345215
Philadelphia 76ers_2005,4,richaja01_2005,-15.34174919128418
Philadelphia 76ers_2005,5,davisri01_2005,-15.342633247375488
Philadelphia 76ers_2005,6,reddmi01_2005,-15.345510482788086
Philadelphia 76ers_2005,7,bryanko01_2005,-15.368926048278809
Philadelphia 76ers_2005,8,mcgratr01_2005,-15.370187759399414
Philadelphia 76ers_2005,9,gordobe01_2005,-15.371498107910156
Philadelphia 76ers_2005,10,millemi01_2005,-15.373221397399902
Philadelphia 76ers_2006,1,smithjo03_2006,-14.552546501159668
Philadelphia 76ers_2006,2,denglu01_2006,-14.552814483642578
Philadelphia 76ers_2006,3,villach01_2006,-14.56778621673584
Philadelphia 76ers_2006,4,murphtr01_2006,-14.569002151489258
Philadelphia 76ers_2006,5,howardw01_2006,-14.569432258605957
Philadelphia 76ers_2006,6,harrial01_2006,-14.570268630981445
Philadelphia 76ers_2006,7,willima02_2006,-14.575315475463867
Philadelphia 76ers_2006,8,martike02_2006,-14.5756254196167
Philadelphia 76ers_2006,9,westda01_2006,-14.576239585876465
Philadelphia 76ers_2006,10,krstine01_2006,-14.57794189453125
Philadelphia 76ers_2007,1,childjo01_2007,-16.477924346923828
Philadelphia 76ers_2007,2,brewero02_2007,-16.479167938232422
Philadelphia 76ers_2007,3,adamsha01_2007,-16.50328826904297
Philadelphia 76ers_2007,4,smithjo03_2007,-16.51826286315918
Philadelphia 76ers_2007,5,willima02_2007,-16.536434173583984
Philadelphia 76ers_2007,6,grahajo01_2007,-16.54812240600586
Philadelphia 76ers_2007,7,goodedr01_2007,-16.551240921020508
Philadelphia 76ers_2007,8,humphkr01_2007,-16.556278228759766
Philadelphia 76ers_2007,9,warriha01_2007,-16.55766487121582
Philadelphia 76ers_2007,10,wilcoch01_2007,-16.55813217163086
Philadelphia 76ers_2008,1,iversal01_2008,-14.155556678771973
Philadelphia 76ers_2008,2,bryanko01_2008,-14.163118362426758
Philadelphia 76ers_2008,3,mcgratr01_2008,-14.164044380187988
Philadelphia 76ers_2008,4,ginobma01_2008,-14.164667129516602
Philadelphia 76ers_2008,5,wadedw01_2008,-14.17811393737793
Philadelphia 76ers_2008,6,piercpa01_2008,-14.180737495422363
Philadelphia 76ers_2008,7,butleca01_2008,-14.1886625289917
Philadelphia 76ers_2008,8,davisba01_2008,-14.190051078796387
Philadelphia 76ers_2008,9,nashst01_2008,-14.192275047302246
Philadelphia 76ers_2008,10,maggeco01_2008,-14.196050643920898
Philadelphia 76ers_2009,1,bryanko01_2009,-13.997710227966309
Philadelphia 76ers_2009,2,ginobma01_2009,-14.015693664550781
Philadelphia 76ers_2009,3,piercpa01_2009,-14.049005508422852
Philadelphia 76ers_2009,4,wadedw01_2009,-14.057589530944824
Philadelphia 76ers_2009,5,nowitdi01_2009,-14.069091796875
Philadelphia 76ers_2009,6,iversal01_2009,-14.07658576965332
Philadelphia 76ers_2009,7,parketo01_2009,-14.11825942993164
Philadelphia 76ers_2009,8,gasolpa01_2009,-14.146153450012207
Philadelphia 76ers_2009,9,mingya01_2009,-14.148150444030762
Philadelphia 76ers_2009,10,nelsoja01_2009,-14.148289680480957
Philadelphia 76ers_2010,1,anderry01_2010,-14.49218463897705
Philadelphia 76ers_2010,2,rosede01_2010,-14.508667945861816
Philadelphia 76ers_2010,3,curryst01_2010,-14.510732650756836
Philadelphia 76ers_2010,4,jennibr01_2010,-14.51633358001709
Philadelphia 76ers_2010,5,flynnjo01_2010,-14.524242401123047
Philadelphia 76ers_2010,6,westbru01_2010,-14.52580451965332
Philadelphia 76ers_2010,7,beaubro01_2010,-14.539246559143066
Philadelphia 76ers_2010,8,gordoer01_2010,-14.638193130493164
Philadelphia 76ers_2010,9,evansty01_2010,-14.63986873626709
Philadelphia 76ers_2010,10,gallida01_2010,-14.670828819274902
Philadelphia 76ers_2011,1,wadedw01_2011,-14.518123626708984
Philadelphia 76ers_2011,2,jamesle01_2011,-14.519755363464355
Philadelphia 76ers_2011,3,martike02_2011,-14.538479804992676
Philadelphia 76ers_2011,4,bryanko01_2011,-14.55965518951416
Philadelphia 76ers_2011,5,piercpa01_2011,-14.568007469177246
Philadelphia 76ers_2011,6,ginobma01_2011,-14.572305679321289
Philadelphia 76ers_2011,7,duranke01_2011,-14.57370376586914
Philadelphia 76ers_2011,8,rosede01_2011,-14.592228889465332
Philadelphia 76ers_2011,9,nowitdi01_2011,-14.595818519592285
Philadelphia 76ers_2011,10,paulch01_2011,-14.598153114318848
Philadelphia 76ers_2012,1,wadedw01_2012,-13.352324485778809
Philadelphia 76ers_2012,2,bryanko01_2012,-13.355790138244629
Philadelphia 76ers_2012,3,ginobma01_2012,-13.369367599487305
Philadelphia 76ers_2012,4,piercpa01_2012,-13.456463813781738
Philadelphia 76ers_2012,5,nowitdi01_2012,-13.481221199035645
Philadelphia 76ers_2012,6,jamesle01_2012,-13.559837341308594
Philadelphia 76ers_2012,7,anthoca01_2012,-13.564608573913574
Philadelphia 76ers_2012,8,paulch01_2012,-13.572587966918945
Philadelphia 76ers_2012,9,parketo01_2012,-13.581332206726074
Philadelphia 76ers_2012,10,hardeja01_2012,-13.61758804321289
Philadelphia 76ers_2013,1,denglu01_2013,-14.894756317138672
Philadelphia 76ers_2013,2,waitedi01_2013,-14.895669937133789
Philadelphia 76ers_2013,3,bealbr01_2013,-14.901900291442871
Philadelphia 76ers_2013,4,knighbr03_2013,-14.905067443847656
Philadelphia 76ers_2013,5,breweco01_2013,-14.905319213867188
Philadelphia 76ers_2013,6,afflaar01_2013,-14.906661033630371
Philadelphia 76ers_2013,7,parsoch01_2013,-14.90766716003418
Philadelphia 76ers_2013,8,thomptr01_2013,-14.91417121887207
Philadelphia 76ers_2013,9,dragigo01_2013,-14.914663314819336
Philadelphia 76ers_2013,10,davisan02_2013,-14.915501594543457
Philadelphia 76ers_2014,1,burketr01_2014,-12.233799934387207
Philadelphia 76ers_2014,2,bealbr01_2014,-12.397553443908691
Philadelphia 76ers_2014,3,antetgi01_2014,-12.399100303649902
Philadelphia 76ers_2014,4,millequ01_2014,-12.418290138244629
Philadelphia 76ers_2014,5,bennean01_2014,-12.422845840454102
Philadelphia 76ers_2014,6,karasse01_2014,-12.440197944641113
Philadelphia 76ers_2014,7,barneha02_2014,-12.450348854064941
Philadelphia 76ers_2014,8,porteot01_2014,-12.454221725463867
Philadelphia 76ers_2014,9,riverau01_2014,-12.462250709533691
Philadelphia 76ers_2014,10,larkish01_2014,-12.464095115661621
Philadelphia 76ers_2015,1,wiggian01_2015,-14.091181755065918
Philadelphia 76ers_2015,2,schrode01_2015,-14.157042503356934
Philadelphia 76ers_2015,3,bealbr01_2015,-14.267661094665527
Philadelphia 76ers_2015,4,porteot01_2015,-14.324478149414062
Philadelphia 76ers_2015,5,bennean01_2015,-14.340104103088379
Philadelphia 76ers_2015,6,harklma01_2015,-14.347405433654785
Philadelphia 76ers_2015,7,warretj01_2015,-14.34808349609375
Philadelphia 76ers_2015,8,obryajo01_2015,-14.356928825378418
Philadelphia 76ers_2015,9,lavinza01_2015,-14.360618591308594
Philadelphia 76ers_2015,10,harrito02_2015,-14.3610200881958
Philadelphia 76ers_2016,1,russeda01_2016,-15.889213562011719
Philadelphia 76ers_2016,2,wiggian01_2016,-15.9185791015625
Philadelphia 76ers_2016,3,lavinza01_2016,-15.954461097717285
Philadelphia 76ers_2016,4,bookede01_2016,-15.96600341796875
Philadelphia 76ers_2016,5,schrode01_2016,-16.01506233215332
Philadelphia 76ers_2016,6,holidjr01_2016,-16.016088485717773
Philadelphia 76ers_2016,7,mudiaem01_2016,-16.02701759338379
Philadelphia 76ers_2016,8,burketr01_2016,-16.034912109375
Philadelphia 76ers_2016,9,muhamsh01_2016,-16.038311004638672
Philadelphia 76ers_2016,10,irvinky01_2016,-16.03927230834961
Philadelphia 76ers_2017,1,russeda01_2017,-15.935288429260254
Philadelphia 76ers_2017,2,wiggian01_2017,-15.940303802490234
Philadelphia 76ers_2017,3,parkeja01_2017,-15.973494529724121
Philadelphia 76ers_2017,4,bookede01_2017,-15.993508338928223
Philadelphia 76ers_2017,5,lavinza01_2017,-16.008317947387695
Philadelphia 76ers_2017,6,murraja01_2017,-16.01072120666504
Philadelphia 76ers_2017,7,johnsty01_2017,-16.021183013916016
Philadelphia 76ers_2017,8,beaslma01_2017,-16.03247833251953
Philadelphia 76ers_2017,9,paytoel01_2017,-16.0432186126709
Philadelphia 76ers_2017,10,schrode01_2017,-16.043455123901367
Philadelphia 76ers_2018,1,duranke01_2018,-16.13518524169922
Philadelphia 76ers_2018,2,georgpa01_2018,-16.149246215820312
Philadelphia 76ers_2018,3,willilo02_2018,-16.149738311767578
Philadelphia 76ers_2018,4,butleji01_2018,-16.158353805541992
Philadelphia 76ers_2018,5,jamesle01_2018,-16.168115615844727
Philadelphia 76ers_2018,6,hardeja01_2018,-16.169055938720703
Philadelphia 76ers_2018,7,derozde01_2018,-16.179901123046875
Philadelphia 76ers_2018,8,westbru01_2018,-16.229713439941406
Philadelphia 76ers_2018,9,lowryky01_2018,-16.230854034423828
Philadelphia 76ers_2018,10,paulch01_2018,-16.236051559448242
Philadelphia 76ers_2019,1,duranke01_2019,-17.928468704223633
Philadelphia 76ers_2019,2,willilo02_2019,-17.929466247558594
Philadelphia 76ers_2019,3,gallida01_2019,-17.94280242919922
Philadelphia 76ers_2019,4,jamesle01_2019,-17.95717430114746
Philadelphia 76ers_2019,5,georgpa01_2019,-17.992572784423828
Philadelphia 76ers_2019,6,leonaka01_2019,-17.997699737548828
Philadelphia 76ers_2019,7,griffbl01_2019,-18.036890029907227
Philadelphia 76ers_2019,8,westbru01_2019,-18.078275680541992
Philadelphia 76ers_2019,9,curryst01_2019,-18.080081939697266
Philadelphia 76ers_2019,10,conlemi01_2019,-18.08008575439453
Philadelphia 76ers_2020,1,hardeja01_2020,-17.884801864624023
Philadelphia 76ers_2020,2,butleji01_2020,-17.91767120361328
Philadelphia 76ers_2020,3,derozde01_2020,-17.92240333557129
Philadelphia 76ers_2020,4,middlkh01_2020,-17.977203369140625
Philadelphia 76ers_2020,5,georgpa01_2020,-17.99051284790039
Philadelphia 76ers_2020,6,leonaka01_2020,-17.992826461791992
Philadelphia 76ers_2020,7,bealbr01_2020,-17.999582290649414
Philadelphia 76ers_2020,8,davisan02_2020,-18.023216247558594
Philadelphia 76ers_2020,9,jamesle01_2020,-18.028884887695312
Philadelphia 76ers_2020,10,westbru01_2020,-18.055269241333008
Philadelphia 76ers_2021,1,butleji01_2021,-17.931055068969727
Philadelphia 76ers_2021,2,georgpa01_2021,-17.954946517944336
Philadelphia 76ers_2021,3,derozde01_2021,-17.981340408325195
Philadelphia 76ers_2021,4,duranke01_2021,-17.98702621459961
Philadelphia 76ers_2021,5,bealbr01_2021,-17.996416091918945
Philadelphia 76ers_2021,6,leonaka01_2021,-18.019437789916992
Philadelphia 76ers_2021,7,davisan02_2021,-18.035934448242188
Philadelphia 76ers_2021,8,randlju01_2021,-18.036869049072266
Philadelphia 76ers_2021,9,paulch01_2021,-18.040977478027344
Philadelphia 76ers_2021,10,antetgi01_2021,-18.048133850097656
Philadelphia 76ers_2022,1,butleji01_2022,-16.586984634399414
Philadelphia 76ers_2022,2,duranke01_2022,-16.62480354309082
Philadelphia 76ers_2022,3,derozde01_2022,-16.629152297973633
Philadelphia 76ers_2022,4,georgpa01_2022,-16.643108367919922
Philadelphia 76ers_2022,5,paulch01_2022,-16.655534744262695
Philadelphia 76ers_2022,6,antetgi01_2022,-16.66934585571289
Philadelphia 76ers_2022,7,siakapa01_2022,-16.673023223876953
Philadelphia 76ers_2022,8,curryst01_2022,-16.73248863220215
Philadelphia 76ers_2022,9,jamesle01_2022,-16.801734924316406
Philadelphia 76ers_2022,10,loveke01_2022,-16.842334747314453
Philadelphia 76ers_2023,1,derozde01_2023,-18.23650550842285
Philadelphia 76ers_2023,2,leonaka01_2023,-18.241151809692383
Philadelphia 76ers_2023,3,georgpa01_2023,-18.245704650878906
Philadelphia 76ers_2023,4,mitchdo01_2023,-18.25795555114746
Philadelphia 76ers_2023,5,bookede01_2023,-18.26078987121582
Philadelphia 76ers_2023,6,jamesle01_2023,-18.27396011352539
Philadelphia 76ers_2023,7,butleji01_2023,-18.285215377807617
Philadelphia 76ers_2023,8,duranke01_2023,-18.2933406829834
Philadelphia 76ers_2023,9,randlju01_2023,-18.303218841552734
Philadelphia 76ers_2023,10,siakapa01_2023,-18.310880661010742
Philadelphia 76ers_2024,1,irvinky01_2024,-18.41403579711914
Philadelphia 76ers_2024,2,leonaka01_2024,-18.420059204101562
Philadelphia 76ers_2024,3,derozde01_2024,-18.4296817779541
Philadelphia 76ers_2024,4,mitchdo01_2024,-18.43248748779297
Philadelphia 76ers_2024,5,georgpa01_2024,-18.4492130279541
Philadelphia 76ers_2024,6,antetgi01_2024,-18.455005645751953
Philadelphia 76ers_2024,7,butleji01_2024,-18.464689254760742
Philadelphia 76ers_2024,8,edwaran01_2024,-18.46953582763672
Philadelphia 76ers_2024,9,markkla01_2024,-18.476886749267578
Philadelphia 76ers_2024,10,randlju01_2024,-18.47726058959961
Philadelphia 76ers_2025,1,sharpsh01_2025,-18.828208923339844
Philadelphia 76ers_2025,2,castlst01_2025,-18.847309112548828
Philadelphia 76ers_2025,3,sensabr01_2025,-18.84822654724121
Philadelphia 76ers_2025,4,georgke01_2025,-18.856077194213867
Philadelphia 76ers_2025,5,hendesc01_2025,-18.861373901367188
Philadelphia 76ers_2025,6,branhma01_2025,-18.86345863342285
Philadelphia 76ers_2025,7,whitmca01_2025,-18.87281036376953
Philadelphia 76ers_2025,8,simonan01_2025,-18.990530014038086
Philadelphia 76ers_2025,9,poolejo01_2025,-19.010536193847656
Philadelphia 76ers_2025,10,barrerj01_2025,-19.015174865722656
Phoenix Suns_1999,1,malonka01_1999,-15.217763900756836
Phoenix Suns_1999,2,barklch01_1999,-15.237128257751465
Phoenix Suns_1999,3,olajuha01_1999,-15.271950721740723
Phoenix Suns_1999,4,mullich01_1999,-15.355647087097168
Phoenix Suns_1999,5,schrede01_1999,-15.36156177520752
Phoenix Suns_1999,6,hornaje01_1999,-15.416069984436035
Phoenix Suns_1999,7,robinda01_1999,-15.462401390075684
Phoenix Suns_1999,8,portete01_1999,-15.471932411193848
Phoenix Suns_1999,9,sabonar01_1999,-15.47282886505127
Phoenix Suns_1999,10,stockjo01_1999,-15.4854097366333
Phoenix Suns_2000,1,malonka01_2000,-13.8171968460083
Phoenix Suns_2000,2,sabonar01_2000,-13.909099578857422
Phoenix Suns_2000,3,colemde01_2000,-13.993717193603516
Phoenix Suns_2000,4,hornaje01_2000,-14.009590148925781
Phoenix Suns_2000,5,robinda01_2000,-14.042314529418945
Phoenix Suns_2000,6,stockjo01_2000,-14.047134399414062
Phoenix Suns_2000,7,paytoga01_2000,-14.070257186889648
Phoenix Suns_2000,8,portete01_2000,-14.071160316467285
Phoenix Suns_2000,9,pippesc01_2000,-14.078123092651367
Phoenix Suns_2000,10,cebalce01_2000,-14.086875915527344
Phoenix Suns_2001,1,malonka01_2001,-16.53624725341797
Phoenix Suns_2001,2,marshdo01_2001,-16.5451602935791
Phoenix Suns_2001,3,webbech01_2001,-16.565736770629883
Phoenix Suns_2001,4,millere01_2001,-16.567502975463867
Phoenix Suns_2001,5,stackje01_2001,-16.570648193359375
Phoenix Suns_2001,6,mcdyean01_2001,-16.57221031188965
Phoenix Suns_2001,7,robinda01_2001,-16.57304573059082
Phoenix Suns_2001,8,wallara01_2001,-16.580745697021484
Phoenix Suns_2001,9,richmmi01_2001,-16.58828353881836
Phoenix Suns_2001,10,sprewla01_2001,-16.599609375
Phoenix Suns_2002,1,mcgratr01_2002,-16.31181526184082
Phoenix Suns_2002,2,piercpa01_2002,-16.313024520874023
Phoenix Suns_2002,3,cartevi01_2002,-16.313610076904297
Phoenix Suns_2002,4,bryanko01_2002,-16.31484603881836
Phoenix Suns_2002,5,hamilri01_2002,-16.321008682250977
Phoenix Suns_2002,6,terryja01_2002,-16.3233585357666
Phoenix Suns_2002,7,harprma01_2002,-16.32571792602539
Phoenix Suns_2002,8,reddmi01_2002,-16.333528518676758
Phoenix Suns_2002,9,richaqu01_2002,-16.34041976928711
Phoenix Suns_2002,10,billuch01_2002,-16.34499168395996
Phoenix Suns_2003,1,maggeco01_2003,-16.291099548339844
Phoenix Suns_2003,2,bryanko01_2003,-16.29526138305664
Phoenix Suns_2003,3,mcgratr01_2003,-16.296194076538086
Phoenix Suns_2003,4,davisri01_2003,-16.296552658081055
Phoenix Suns_2003,5,piercpa01_2003,-16.30152130126953
Phoenix Suns_2003,6,jefferi01_2003,-16.312410354614258
Phoenix Suns_2003,7,simmobo01_2003,-16.31568717956543
Phoenix Suns_2003,8,reddmi01_2003,-16.320110321044922
Phoenix Suns_2003,9,hamilri01_2003,-16.320724487304688
Phoenix Suns_2003,10,harvedo01_2003,-16.32520294189453
Phoenix Suns_2004,1,brownde02_2004,-15.077467918395996
Phoenix Suns_2004,2,brownkw01_2004,-15.09676742553711
Phoenix Suns_2004,3,boshch01_2004,-15.102212905883789
Phoenix Suns_2004,4,wilcoch01_2004,-15.105406761169434
Phoenix Suns_2004,5,curryed01_2004,-15.113500595092773
Phoenix Suns_2004,6,simmobo01_2004,-15.135050773620605
Phoenix Suns_2004,7,randoza01_2004,-15.137002944946289
Phoenix Suns_2004,8,sweetmi01_2004,-15.139856338500977
Phoenix Suns_2004,9,howarjo01_2004,-15.142536163330078
Phoenix Suns_2004,10,goodedr01_2004,-15.146496772766113
Phoenix Suns_2005,1,piercpa01_2005,-11.372749328613281
Phoenix Suns_2005,2,bryanko01_2005,-11.381150245666504
Phoenix Suns_2005,3,millere01_2005,-11.384482383728027
Phoenix Suns_2005,4,ginobma01_2005,-11.3915433883667
Phoenix Suns_2005,5,hughela01_2005,-11.3998384475708
Phoenix Suns_2005,6,garneke01_2005,-11.408220291137695
Phoenix Suns_2005,7,duncati01_2005,-11.410130500793457
Phoenix Suns_2005,8,onealsh01_2005,-11.410367012023926
Phoenix Suns_2005,9,nowitdi01_2005,-11.412629127502441
Phoenix Suns_2005,10,hillgr01_2005,-11.417977333068848
Phoenix Suns_2006,1,piercpa01_2006,-11.370075225830078
Phoenix Suns_2006,2,mcgratr01_2006,-11.377758026123047
Phoenix Suns_2006,3,iversal01_2006,-11.380127906799316
Phoenix Suns_2006,4,bryanko01_2006,-11.38665771484375
Phoenix Suns_2006,5,brandel01_2006,-11.387426376342773
Phoenix Suns_2006,6,garneke01_2006,-11.392358779907227
Phoenix Suns_2006,7,duncati01_2006,-11.392508506774902
Phoenix Suns_2006,8,onealsh01_2006,-11.393730163574219
Phoenix Suns_2006,9,ginobma01_2006,-11.394909858703613
Phoenix Suns_2006,10,nowitdi01_2006,-11.399027824401855
Phoenix Suns_2007,1,cartevi01_2007,-11.322193145751953
Phoenix Suns_2007,2,garneke01_2007,-11.329501152038574
Phoenix Suns_2007,3,iversal01_2007,-11.337404251098633
Phoenix Suns_2007,4,barrybr01_2007,-11.362743377685547
Phoenix Suns_2007,5,mcgratr01_2007,-11.370221138000488
Phoenix Suns_2007,6,duncati01_2007,-11.382586479187012
Phoenix Suns_2007,7,nowitdi01_2007,-11.385161399841309
Phoenix Suns_2007,8,piercpa01_2007,-11.385334968566895
Phoenix Suns_2007,9,bryanko01_2007,-11.38662052154541
Phoenix Suns_2007,10,onealsh01_2007,-11.390226364135742
Phoenix Suns_2008,1,iversal01_2008,-12.914852142333984
Phoenix Suns_2008,2,bryanko01_2008,-12.921632766723633
Phoenix Suns_2008,3,mcgratr01_2008,-12.92283821105957
Phoenix Suns_2008,4,ginobma01_2008,-12.924276351928711
Phoenix Suns_2008,5,wadedw01_2008,-12.937301635742188
Phoenix Suns_2008,6,piercpa01_2008,-12.942428588867188
Phoenix Suns_2008,7,butleca01_2008,-12.949673652648926
Phoenix Suns_2008,8,davisba01_2008,-12.951857566833496
Phoenix Suns_2008,9,maggeco01_2008,-12.957648277282715
Phoenix Suns_2008,10,caldejo01_2008,-12.959647178649902
Phoenix Suns_2009,1,wadedw01_2009,-11.916186332702637
Phoenix Suns_2009,2,parketo01_2009,-11.936928749084473
Phoenix Suns_2009,3,bryanko01_2009,-11.958039283752441
Phoenix Suns_2009,4,gasolpa01_2009,-11.959404945373535
Phoenix Suns_2009,5,piercpa01_2009,-11.961851119995117
Phoenix Suns_2009,6,mingya01_2009,-11.964155197143555
Phoenix Suns_2009,7,nelsoja01_2009,-11.965718269348145
Phoenix Suns_2009,8,nowitdi01_2009,-11.971107482910156
Phoenix Suns_2009,9,ginobma01_2009,-11.97612190246582
Phoenix Suns_2009,10,iguodan01_2009,-11.98009967803955
Phoenix Suns_2010,1,wadedw01_2010,-12.947680473327637
Phoenix Suns_2010,2,bryanko01_2010,-12.951598167419434
Phoenix Suns_2010,3,ginobma01_2010,-12.954439163208008
Phoenix Suns_2010,4,iversal01_2010,-12.971182823181152
Phoenix Suns_2010,5,piercpa01_2010,-12.97476863861084
Phoenix Suns_2010,6,grangda01_2010,-12.980894088745117
Phoenix Suns_2010,7,nowitdi01_2010,-12.991023063659668
Phoenix Suns_2010,8,billuch01_2010,-12.99474048614502
Phoenix Suns_2010,9,roybr01_2010,-13.019737243652344
Phoenix Suns_2010,10,duncati01_2010,-13.024771690368652
Phoenix Suns_2011,1,derozde01_2011,-14.228806495666504
Phoenix Suns_2011,2,jennibr01_2011,-14.240802764892578
Phoenix Suns_2011,3,walljo01_2011,-14.245380401611328
Phoenix Suns_2011,4,evansty01_2011,-14.247779846191406
Phoenix Suns_2011,5,hardeja01_2011,-14.257107734680176
Phoenix Suns_2011,6,grangda01_2011,-14.257222175598145
Phoenix Suns_2011,7,griffbl01_2011,-14.259748458862305
Phoenix Suns_2011,8,wrighdo01_2011,-14.261519432067871
Phoenix Suns_2011,9,denglu01_2011,-14.266008377075195
Phoenix Suns_2011,10,beaslmi01_2011,-14.274433135986328
Phoenix Suns_2012,1,jamesle01_2012,-14.518182754516602
Phoenix Suns_2012,2,anthoca01_2012,-14.52454948425293
Phoenix Suns_2012,3,paulch01_2012,-14.541524887084961
Phoenix Suns_2012,4,parketo01_2012,-14.552194595336914
Phoenix Suns_2012,5,wadedw01_2012,-14.567827224731445
Phoenix Suns_2012,6,bryanko01_2012,-14.57162094116211
Phoenix Suns_2012,7,hardeja01_2012,-14.575328826904297
Phoenix Suns_2012,8,ginobma01_2012,-14.585650444030762
Phoenix Suns_2012,9,duranke01_2012,-14.585882186889648
Phoenix Suns_2012,10,piercpa01_2012,-14.586087226867676
Phoenix Suns_2013,1,knighbr03_2013,-14.460309982299805
Phoenix Suns_2013,2,waitedi01_2013,-14.586810111999512
Phoenix Suns_2013,3,bealbr01_2013,-14.605635643005371
Phoenix Suns_2013,4,henryxa01_2013,-14.635663986206055
Phoenix Suns_2013,5,kiddgmi01_2013,-14.636862754821777
Phoenix Suns_2013,6,barneha02_2013,-14.650710105895996
Phoenix Suns_2013,7,harrito02_2013,-14.655508041381836
Phoenix Suns_2013,8,jonespe01_2013,-14.66962718963623
Phoenix Suns_2013,9,lambje01_2013,-14.681878089904785
Phoenix Suns_2013,10,teaguma01_2013,-14.686569213867188
Phoenix Suns_2014,1,lowryky01_2014,-14.259350776672363
Phoenix Suns_2014,2,wadedw01_2014,-14.25971794128418
Phoenix Suns_2014,3,paulch01_2014,-14.263612747192383
Phoenix Suns_2014,4,anthoca01_2014,-14.26712703704834
Phoenix Suns_2014,5,conlemi01_2014,-14.270856857299805
Phoenix Suns_2014,6,ginobma01_2014,-14.27659797668457
Phoenix Suns_2014,7,jamesle01_2014,-14.277289390563965
Phoenix Suns_2014,8,hardeja01_2014,-14.29592514038086
Phoenix Suns_2014,9,derozde01_2014,-14.298938751220703
Phoenix Suns_2014,10,nowitdi01_2014,-14.300151824951172
Phoenix Suns_2015,1,wiggian01_2015,-14.025562286376953
Phoenix Suns_2015,2,wroteto01_2015,-14.059670448303223
Phoenix Suns_2015,3,schrode01_2015,-14.063647270202637
Phoenix Suns_2015,4,bealbr01_2015,-14.093077659606934
Phoenix Suns_2015,5,harrito02_2015,-14.126255989074707
Phoenix Suns_2015,6,kiddgmi01_2015,-14.133378028869629
Phoenix Suns_2015,7,parsoch01_2015,-14.157553672790527
Phoenix Suns_2015,8,covinro01_2015,-14.159537315368652
Phoenix Suns_2015,9,gallida01_2015,-14.159939765930176
Phoenix Suns_2015,10,denglu01_2015,-14.16423511505127
Phoenix Suns_2016,1,russeda01_2016,-15.939321517944336
Phoenix Suns_2016,2,wiggian01_2016,-15.963194847106934
Phoenix Suns_2016,3,lavinza01_2016,-15.997821807861328
Phoenix Suns_2016,4,schrode01_2016,-16.044981002807617
Phoenix Suns_2016,5,holidjr01_2016,-16.045989990234375
Phoenix Suns_2016,6,muhamsh01_2016,-16.06235694885254
Phoenix Suns_2016,7,burketr01_2016,-16.0653133392334
Phoenix Suns_2016,8,irvinky01_2016,-16.069231033325195
Phoenix Suns_2016,9,fournev01_2016,-16.06928253173828
Phoenix Suns_2016,10,haywago01_2016,-16.069435119628906
Phoenix Suns_2017,1,russeda01_2017,-17.996532440185547
Phoenix Suns_2017,2,wiggian01_2017,-18.03150749206543
Phoenix Suns_2017,3,parkeja01_2017,-18.063209533691406
Phoenix Suns_2017,4,lavinza01_2017,-18.08076286315918
Phoenix Suns_2017,5,murraja01_2017,-18.08363151550293
Phoenix Suns_2017,6,beaslma01_2017,-18.102962493896484
Phoenix Suns_2017,7,mudiaem01_2017,-18.14661979675293
Phoenix Suns_2017,8,whiteis01_2017,-18.152437210083008
Phoenix Suns_2017,9,exumda01_2017,-18.155412673950195
Phoenix Suns_2017,10,ingrabr01_2017,-18.166324615478516
Phoenix Suns_2018,1,colliza01_2018,-16.22695541381836
Phoenix Suns_2018,2,smithde03_2018,-16.24116325378418
Phoenix Suns_2018,3,murraja01_2018,-16.25225830078125
Phoenix Suns_2018,4,russeda01_2018,-16.256135940551758
Phoenix Suns_2018,5,mudiaem01_2018,-16.286264419555664
Phoenix Suns_2018,6,foxde01_2018,-16.336891174316406
Phoenix Suns_2018,7,markkla01_2018,-16.338953018188477
Phoenix Suns_2018,8,ntilila01_2018,-16.34328269958496
Phoenix Suns_2018,9,ingrabr01_2018,-16.35576057434082
Phoenix Suns_2018,10,simmoko01_2018,-16.367338180541992
Phoenix Suns_2019,1,wagnemo01_2019,-17.392595291137695
Phoenix Suns_2019,2,sextoco01_2019,-17.397815704345703
Phoenix Suns_2019,3,youngtr01_2019,-17.399940490722656
Phoenix Suns_2019,4,foxde01_2019,-17.40904998779297
Phoenix Suns_2019,5,murraja01_2019,-17.418621063232422
Phoenix Suns_2019,6,ntilila01_2019,-17.502822875976562
Phoenix Suns_2019,7,ingrabr01_2019,-17.516693115234375
Phoenix Suns_2019,8,markkla01_2019,-17.516958236694336
Phoenix Suns_2019,9,bongais01_2019,-17.52469253540039
Phoenix Suns_2019,10,tatumja01_2019,-17.530473709106445
Phoenix Suns_2020,1,hardeja01_2020,-19.574312210083008
Phoenix Suns_2020,2,butleji01_2020,-19.635305404663086
Phoenix Suns_2020,3,derozde01_2020,-19.635997772216797
Phoenix Suns_2020,4,bealbr01_2020,-19.66183090209961
Phoenix Suns_2020,5,middlkh01_2020,-19.685298919677734
Phoenix Suns_2020,6,georgpa01_2020,-19.69915771484375
Phoenix Suns_2020,7,leonaka01_2020,-19.70096778869629
Phoenix Suns_2020,8,davisan02_2020,-19.725831985473633
Phoenix Suns_2020,9,westbru01_2020,-19.746551513671875
Phoenix Suns_2020,10,paulch01_2020,-19.74756622314453
Phoenix Suns_2021,1,butleji01_2021,-18.474733352661133
Phoenix Suns_2021,2,georgpa01_2021,-18.498764038085938
Phoenix Suns_2021,3,derozde01_2021,-18.523517608642578
Phoenix Suns_2021,4,duranke01_2021,-18.529945373535156
Phoenix Suns_2021,5,bealbr01_2021,-18.5344295501709
Phoenix Suns_2021,6,leonaka01_2021,-18.582677841186523
Phoenix Suns_2021,7,davisan02_2021,-18.601581573486328
Phoenix Suns_2021,8,randlju01_2021,-18.603178024291992
Phoenix Suns_2021,9,antetgi01_2021,-18.612489700317383
Phoenix Suns_2021,10,jamesle01_2021,-18.623186111450195
Phoenix Suns_2022,1,butleji01_2022,-16.798627853393555
Phoenix Suns_2022,2,duranke01_2022,-16.830442428588867
Phoenix Suns_2022,3,derozde01_2022,-16.83521270751953
Phoenix Suns_2022,4,georgpa01_2022,-16.84969139099121
Phoenix Suns_2022,5,antetgi01_2022,-16.89842414855957
Phoenix Suns_2022,6,siakapa01_2022,-16.905916213989258
Phoenix Suns_2022,7,curryst01_2022,-16.946786880493164
Phoenix Suns_2022,8,hardeja01_2022,-16.95058250427246
Phoenix Suns_2022,9,jamesle01_2022,-16.967042922973633
Phoenix Suns_2022,10,loveke01_2022,-16.97808074951172
Phoenix Suns_2023,1,mathube01_2023,-19.711870193481445
Phoenix Suns_2023,2,edwaran01_2023,-19.715301513671875
Phoenix Suns_2023,3,greenja05_2023,-19.72099494934082
Phoenix Suns_2023,4,tatumja01_2023,-19.725067138671875
Phoenix Suns_2023,5,iveyja01_2023,-19.741769790649414
Phoenix Suns_2023,6,mitchdo01_2023,-19.742334365844727
Phoenix Suns_2023,7,thomaca02_2023,-19.742406845092773
Phoenix Suns_2023,8,hardyja02_2023,-19.74755096435547
Phoenix Suns_2023,9,derozde01_2023,-19.763004302978516
Phoenix Suns_2023,10,leonaka01_2023,-19.7691707611084
Phoenix Suns_2024,1,irvinky01_2024,-19.750064849853516
Phoenix Suns_2024,2,leonaka01_2024,-19.807022094726562
Phoenix Suns_2024,3,derozde01_2024,-19.819721221923828
Phoenix Suns_2024,4,georgpa01_2024,-19.847030639648438
Phoenix Suns_2024,5,jamesle01_2024,-19.85346031188965
Phoenix Suns_2024,6,mitchdo01_2024,-19.859697341918945
Phoenix Suns_2024,7,butleji01_2024,-19.86570930480957
Phoenix Suns_2024,8,antetgi01_2024,-19.942272186279297
Phoenix Suns_2024,9,lillada01_2024,-19.961545944213867
Phoenix Suns_2024,10,davisan02_2024,-19.963991165161133
Phoenix Suns_2025,1,butleji01_2025,-18.476736068725586
Phoenix Suns_2025,2,antetgi01_2025,-18.510639190673828
Phoenix Suns_2025,3,mitchdo01_2025,-18.528369903564453
Phoenix Suns_2025,4,jeromty01_2025,-18.53437614440918
Phoenix Suns_2025,5,tatumja01_2025,-18.59977149963379
Phoenix Suns_2025,6,hardeja01_2025,-18.609806060791016
Phoenix Suns_2025,7,curryst01_2025,-18.61162757873535
Phoenix Suns_2025,8,lillada01_2025,-18.635873794555664
Phoenix Suns_2025,9,davisan02_2025,-18.700817108154297
Phoenix Suns_2025,10,gilgesh01_2025,-18.71373176574707
Portland Trail Blazers_1999,1,malonka01_1999,-15.622930526733398
Portland Trail Blazers_1999,2,barklch01_1999,-15.642136573791504
Portland Trail Blazers_1999,3,olajuha01_1999,-15.6780424118042
Portland Trail Blazers_1999,4,mullich01_1999,-15.757879257202148
Portland Trail Blazers_1999,5,schrede01_1999,-15.763529777526855
Portland Trail Blazers_1999,6,hornaje01_1999,-15.817307472229004
Portland Trail Blazers_1999,7,robinda01_1999,-15.863730430603027
Portland Trail Blazers_1999,8,portete01_1999,-15.872088432312012
Portland Trail Blazers_1999,9,stockjo01_1999,-15.88547420501709
Portland Trail Blazers_1999,10,robincl02_1999,-15.924149513244629
Portland Trail Blazers_2000,1,malonka01_2000,-14.471896171569824
Portland Trail Blazers_2000,2,colemde01_2000,-14.719152450561523
Portland Trail Blazers_2000,3,hornaje01_2000,-14.735459327697754
Portland Trail Blazers_2000,4,stockjo01_2000,-14.773866653442383
Portland Trail Blazers_2000,5,robinda01_2000,-14.778393745422363
Portland Trail Blazers_2000,6,portete01_2000,-14.79895305633545
Portland Trail Blazers_2000,7,paytoga01_2000,-14.828590393066406
Portland Trail Blazers_2000,8,robincl02_2000,-14.843430519104004
Portland Trail Blazers_2000,9,cebalce01_2000,-14.849468231201172
Portland Trail Blazers_2000,10,ricegl01_2000,-14.857319831848145
Portland Trail Blazers_2001,1,malonka01_2001,-15.5799560546875
Portland Trail Blazers_2001,2,robinda01_2001,-15.641968727111816
Portland Trail Blazers_2001,3,millere01_2001,-15.77637767791748
Portland Trail Blazers_2001,4,richmmi01_2001,-15.819623947143555
Portland Trail Blazers_2001,5,stockjo01_2001,-15.84415054321289
Portland Trail Blazers_2001,6,sprewla01_2001,-15.89966106414795
Portland Trail Blazers_2001,7,cebalce01_2001,-15.916760444641113
Portland Trail Blazers_2001,8,robincl02_2001,-15.935410499572754
Portland Trail Blazers_2001,9,wesleda01_2001,-15.976204872131348
Portland Trail Blazers_2001,10,marshdo01_2001,-15.990214347839355
Portland Trail Blazers_2002,1,jordami01_2002,-14.05158519744873
Portland Trail Blazers_2002,2,malonka01_2002,-14.089195251464844
Portland Trail Blazers_2002,3,millere01_2002,-14.340353965759277
Portland Trail Blazers_2002,4,stockjo01_2002,-14.405701637268066
Portland Trail Blazers_2002,5,hardati01_2002,-14.40592098236084
Portland Trail Blazers_2002,6,jonesed02_2002,-14.556676864624023
Portland Trail Blazers_2002,7,barrybr01_2002,-14.563628196716309
Portland Trail Blazers_2002,8,houstal01_2002,-14.565802574157715
Portland Trail Blazers_2002,9,persowe01_2002,-14.576831817626953
Portland Trail Blazers_2002,10,barryjo01_2002,-14.586645126342773
Portland Trail Blazers_2003,1,malonka01_2003,-15.616865158081055
Portland Trail Blazers_2003,2,jordami01_2003,-15.72705364227295
Portland Trail Blazers_2003,3,millere01_2003,-15.812631607055664
Portland Trail Blazers_2003,4,onealsh01_2003,-15.862325668334961
Portland Trail Blazers_2003,5,mashbja01_2003,-15.902753829956055
Portland Trail Blazers_2003,6,robingl01_2003,-15.9308443069458
Portland Trail Blazers_2003,7,roseja01_2003,-15.947030067443848
Portland Trail Blazers_2003,8,hillgr01_2003,-15.953948020935059
Portland Trail Blazers_2003,9,kukocto01_2003,-15.974527359008789
Portland Trail Blazers_2003,10,barryjo01_2003,-16.00870132446289
Portland Trail Blazers_2004,1,brownde02_2004,-16.131366729736328
Portland Trail Blazers_2004,2,simmobo01_2004,-16.156936645507812
Portland Trail Blazers_2004,3,howarjo01_2004,-16.157381057739258
Portland Trail Blazers_2004,4,brownkw01_2004,-16.161897659301758
Portland Trail Blazers_2004,5,stoudam01_2004,-16.17319107055664
Portland Trail Blazers_2004,6,boshch01_2004,-16.17484474182129
Portland Trail Blazers_2004,7,curryed01_2004,-16.175514221191406
Portland Trail Blazers_2004,8,johnsjo02_2004,-16.175823211669922
Portland Trail Blazers_2004,9,goodedr01_2004,-16.177310943603516
Portland Trail Blazers_2004,10,wilcoch01_2004,-16.183734893798828
Portland Trail Blazers_2005,1,childjo01_2005,-15.103642463684082
Portland Trail Blazers_2005,2,smithjo03_2005,-15.180777549743652
Portland Trail Blazers_2005,3,harrial01_2005,-15.194215774536133
Portland Trail Blazers_2005,4,boshch01_2005,-15.199015617370605
Portland Trail Blazers_2005,5,krstine01_2005,-15.199158668518066
Portland Trail Blazers_2005,6,pachuza01_2005,-15.210713386535645
Portland Trail Blazers_2005,7,goodedr01_2005,-15.212063789367676
Portland Trail Blazers_2005,8,smithjr01_2005,-15.21751594543457
Portland Trail Blazers_2005,9,jeffeal01_2005,-15.221240043640137
Portland Trail Blazers_2005,10,okafoem01_2005,-15.221832275390625
Portland Trail Blazers_2006,1,denglu01_2006,-14.174627304077148
Portland Trail Blazers_2006,2,smithjo03_2006,-14.175162315368652
Portland Trail Blazers_2006,3,villach01_2006,-14.19472599029541
Portland Trail Blazers_2006,4,howardw01_2006,-14.196332931518555
Portland Trail Blazers_2006,5,willima02_2006,-14.201667785644531
Portland Trail Blazers_2006,6,murphtr01_2006,-14.209120750427246
Portland Trail Blazers_2006,7,harrial01_2006,-14.210206985473633
Portland Trail Blazers_2006,8,jeffeal01_2006,-14.211112976074219
Portland Trail Blazers_2006,9,westda01_2006,-14.215639114379883
Portland Trail Blazers_2006,10,krstine01_2006,-14.217354774475098
Portland Trail Blazers_2007,1,iguodan01_2007,-15.216436386108398
Portland Trail Blazers_2007,2,gordobe01_2007,-15.218732833862305
Portland Trail Blazers_2007,3,johnsjo02_2007,-15.220520973205566
Portland Trail Blazers_2007,4,wadedw01_2007,-15.221416473388672
Portland Trail Blazers_2007,5,barbole01_2007,-15.223367691040039
Portland Trail Blazers_2007,6,martike02_2007,-15.226053237915039
Portland Trail Blazers_2007,7,childjo01_2007,-15.230314254760742
Portland Trail Blazers_2007,8,smithjr01_2007,-15.240745544433594
Portland Trail Blazers_2007,9,wallage01_2007,-15.249905586242676
Portland Trail Blazers_2007,10,anthoca01_2007,-15.25061321258545
Portland Trail Blazers_2008,1,iversal01_2008,-13.646982192993164
Portland Trail Blazers_2008,2,ginobma01_2008,-13.655316352844238
Portland Trail Blazers_2008,3,piercpa01_2008,-13.70460033416748
Portland Trail Blazers_2008,4,nashst01_2008,-13.715224266052246
Portland Trail Blazers_2008,5,bryanko01_2008,-13.719948768615723
Portland Trail Blazers_2008,6,mcgratr01_2008,-13.72026252746582
Portland Trail Blazers_2008,7,billuch01_2008,-13.73262882232666
Portland Trail Blazers_2008,8,wadedw01_2008,-13.73919677734375
Portland Trail Blazers_2008,9,garneke01_2008,-13.747170448303223
Portland Trail Blazers_2008,10,davisba01_2008,-13.779897689819336
Portland Trail Blazers_2009,1,bryanko01_2009,-12.65304946899414
Portland Trail Blazers_2009,2,ginobma01_2009,-12.671022415161133
Portland Trail Blazers_2009,3,piercpa01_2009,-12.696253776550293
Portland Trail Blazers_2009,4,wadedw01_2009,-12.697054862976074
Portland Trail Blazers_2009,5,nowitdi01_2009,-12.714485168457031
Portland Trail Blazers_2009,6,iversal01_2009,-12.723800659179688
Portland Trail Blazers_2009,7,parketo01_2009,-12.750529289245605
Portland Trail Blazers_2009,8,gasolpa01_2009,-12.777387619018555
Portland Trail Blazers_2009,9,mingya01_2009,-12.77979850769043
Portland Trail Blazers_2009,10,nelsoja01_2009,-12.780319213867188
Portland Trail Blazers_2010,1,bryanko01_2010,-13.405694961547852
Portland Trail Blazers_2010,2,ginobma01_2010,-13.414616584777832
Portland Trail Blazers_2010,3,iversal01_2010,-13.439458847045898
Portland Trail Blazers_2010,4,piercpa01_2010,-13.524161338806152
Portland Trail Blazers_2010,5,nashst01_2010,-13.52924919128418
Portland Trail Blazers_2010,6,billuch01_2010,-13.537497520446777
Portland Trail Blazers_2010,7,nowitdi01_2010,-13.557600021362305
Portland Trail Blazers_2010,8,duncati01_2010,-13.570658683776855
Portland Trail Blazers_2010,9,wadedw01_2010,-13.593133926391602
Portland Trail Blazers_2010,10,grangda01_2010,-13.729762077331543
Portland Trail Blazers_2011,1,bryanko01_2011,-13.774785995483398
Portland Trail Blazers_2011,2,ginobma01_2011,-13.792654991149902
Portland Trail Blazers_2011,3,piercpa01_2011,-13.889631271362305
Portland Trail Blazers_2011,4,nowitdi01_2011,-13.932833671569824
Portland Trail Blazers_2011,5,wadedw01_2011,-13.934462547302246
Portland Trail Blazers_2011,6,martike02_2011,-13.970980644226074
Portland Trail Blazers_2011,7,jamesle01_2011,-14.041556358337402
Portland Trail Blazers_2011,8,mcgratr01_2011,-14.148834228515625
Portland Trail Blazers_2011,9,butlera01_2011,-14.180948257446289
Portland Trail Blazers_2011,10,rosede01_2011,-14.208317756652832
Portland Trail Blazers_2012,1,jamesle01_2012,-14.859942436218262
Portland Trail Blazers_2012,2,anthoca01_2012,-14.866552352905273
Portland Trail Blazers_2012,3,paulch01_2012,-14.885027885437012
Portland Trail Blazers_2012,4,parketo01_2012,-14.89598274230957
Portland Trail Blazers_2012,5,irvinky01_2012,-14.904722213745117
Portland Trail Blazers_2012,6,afflaar01_2012,-14.905954360961914
Portland Trail Blazers_2012,7,grangda01_2012,-14.906058311462402
Portland Trail Blazers_2012,8,nealga01_2012,-14.909987449645996
Portland Trail Blazers_2012,9,willide01_2012,-14.910039901733398
Portland Trail Blazers_2012,10,gordobe01_2012,-14.910172462463379
Portland Trail Blazers_2013,1,knighbr03_2013,-14.353130340576172
Portland Trail Blazers_2013,2,waitedi01_2013,-14.404009819030762
Portland Trail Blazers_2013,3,bealbr01_2013,-14.415867805480957
Portland Trail Blazers_2013,4,thomptr01_2013,-14.46413803100586
Portland Trail Blazers_2013,5,davisan02_2013,-14.467687606811523
Portland Trail Blazers_2013,6,parsoch01_2013,-14.474661827087402
Portland Trail Blazers_2013,7,anderry01_2013,-14.479540824890137
Portland Trail Blazers_2013,8,willide02_2013,-14.479881286621094
Portland Trail Blazers_2013,9,gallida01_2013,-14.493108749389648
Portland Trail Blazers_2013,10,haywago01_2013,-14.499967575073242
Portland Trail Blazers_2014,1,wadedw01_2014,-12.827798843383789
Portland Trail Blazers_2014,2,ginobma01_2014,-12.848298072814941
Portland Trail Blazers_2014,3,dragigo01_2014,-12.864011764526367
Portland Trail Blazers_2014,4,lowryky01_2014,-12.902523040771484
Portland Trail Blazers_2014,5,nowitdi01_2014,-12.90253734588623
Portland Trail Blazers_2014,6,paulch01_2014,-12.906793594360352
Portland Trail Blazers_2014,7,conlemi01_2014,-12.914238929748535
Portland Trail Blazers_2014,8,anthoca01_2014,-12.918057441711426
Portland Trail Blazers_2014,9,jamesle01_2014,-12.927987098693848
Portland Trail Blazers_2014,10,hardeja01_2014,-12.944210052490234
Portland Trail Blazers_2015,1,wadedw01_2015,-12.85816764831543
Portland Trail Blazers_2015,2,jamesle01_2015,-12.987628936767578
Portland Trail Blazers_2015,3,anthoca01_2015,-13.023890495300293
Portland Trail Blazers_2015,4,gasolma01_2015,-13.045427322387695
Portland Trail Blazers_2015,5,curryst01_2015,-13.205058097839355
Portland Trail Blazers_2015,6,westbru01_2015,-13.221942901611328
Portland Trail Blazers_2015,7,paulch01_2015,-13.22385311126709
Portland Trail Blazers_2015,8,hillge01_2015,-13.226996421813965
Portland Trail Blazers_2015,9,teaguje01_2015,-13.229192733764648
Portland Trail Blazers_2015,10,duranke01_2015,-13.24053955078125
Portland Trail Blazers_2016,1,westbru01_2016,-16.56780242919922
Portland Trail Blazers_2016,2,lowryky01_2016,-16.569427490234375
Portland Trail Blazers_2016,3,thomais02_2016,-16.56984519958496
Portland Trail Blazers_2016,4,curryst01_2016,-16.579408645629883
Portland Trail Blazers_2016,5,duranke01_2016,-16.583721160888672
Portland Trail Blazers_2016,6,griffbl01_2016,-16.60434913635254
Portland Trail Blazers_2016,7,butleji01_2016,-16.633638381958008
Portland Trail Blazers_2016,8,hardeja01_2016,-16.64203453063965
Portland Trail Blazers_2016,9,derozde01_2016,-16.642335891723633
Portland Trail Blazers_2016,10,anthoca01_2016,-16.646915435791016
Portland Trail Blazers_2017,1,butleji01_2017,-16.547264099121094
Portland Trail Blazers_2017,2,georgpa01_2017,-16.54915428161621
Portland Trail Blazers_2017,3,haywago01_2017,-16.553905487060547
Portland Trail Blazers_2017,4,westbru01_2017,-16.559528350830078
Portland Trail Blazers_2017,5,walkeke02_2017,-16.56272315979004
Portland Trail Blazers_2017,6,conlemi01_2017,-16.564456939697266
Portland Trail Blazers_2017,7,curryst01_2017,-16.564971923828125
Portland Trail Blazers_2017,8,bledser01_2017,-16.565189361572266
Portland Trail Blazers_2017,9,walljo01_2017,-16.565645217895508
Portland Trail Blazers_2017,10,thomais02_2017,-16.566608428955078
Portland Trail Blazers_2018,1,duranke01_2018,-15.282697677612305
Portland Trail Blazers_2018,2,georgpa01_2018,-15.292459487915039
Portland Trail Blazers_2018,3,westbru01_2018,-15.318790435791016
Portland Trail Blazers_2018,4,walkeke02_2018,-15.325878143310547
Portland Trail Blazers_2018,5,curryst01_2018,-15.330854415893555
Portland Trail Blazers_2018,6,evansty01_2018,-15.341893196105957
Portland Trail Blazers_2018,7,butleji01_2018,-15.361486434936523
Portland Trail Blazers_2018,8,hardeja01_2018,-15.370936393737793
Portland Trail Blazers_2018,9,jamesle01_2018,-15.38144302368164
Portland Trail Blazers_2018,10,derozde01_2018,-15.381492614746094
Portland Trail Blazers_2019,1,willilo02_2019,-18.154617309570312
Portland Trail Blazers_2019,2,duranke01_2019,-18.179332733154297
Portland Trail Blazers_2019,3,gallida01_2019,-18.196413040161133
Portland Trail Blazers_2019,4,jamesle01_2019,-18.214384078979492
Portland Trail Blazers_2019,5,georgpa01_2019,-18.288604736328125
Portland Trail Blazers_2019,6,butleji01_2019,-18.291645050048828
Portland Trail Blazers_2019,7,leonaka01_2019,-18.292402267456055
Portland Trail Blazers_2019,8,griffbl01_2019,-18.338735580444336
Portland Trail Blazers_2019,9,curryst01_2019,-18.367177963256836
Portland Trail Blazers_2019,10,westbru01_2019,-18.368553161621094
Portland Trail Blazers_2020,1,hardeja01_2020,-19.786672592163086
Portland Trail Blazers_2020,2,derozde01_2020,-19.875896453857422
Portland Trail Blazers_2020,3,butleji01_2020,-19.876123428344727
Portland Trail Blazers_2020,4,bealbr01_2020,-19.921735763549805
Portland Trail Blazers_2020,5,middlkh01_2020,-19.966663360595703
Portland Trail Blazers_2020,6,georgpa01_2020,-19.980615615844727
Portland Trail Blazers_2020,7,leonaka01_2020,-19.983530044555664
Portland Trail Blazers_2020,8,davisan02_2020,-20.01168441772461
Portland Trail Blazers_2020,9,westbru01_2020,-20.02231216430664
Portland Trail Blazers_2020,10,paulch01_2020,-20.02574348449707
Portland Trail Blazers_2021,1,butleji01_2021,-19.849889755249023
Portland Trail Blazers_2021,2,georgpa01_2021,-19.873430252075195
Portland Trail Blazers_2021,3,bealbr01_2021,-19.88800621032715
Portland Trail Blazers_2021,4,derozde01_2021,-19.89189910888672
Portland Trail Blazers_2021,5,duranke01_2021,-19.90092658996582
Portland Trail Blazers_2021,6,leonaka01_2021,-19.97210121154785
Portland Trail Blazers_2021,7,davisan02_2021,-19.991840362548828
Portland Trail Blazers_2021,8,randlju01_2021,-19.99363136291504
Portland Trail Blazers_2021,9,antetgi01_2021,-20.000789642333984
Portland Trail Blazers_2021,10,hardeja01_2021,-20.002761840820312
Portland Trail Blazers_2022,1,anthoco01_2022,-18.41173553466797
Portland Trail Blazers_2022,2,porteke02_2022,-18.427291870117188
Portland Trail Blazers_2022,3,maxeyty01_2022,-18.45174789428711
Portland Trail Blazers_2022,4,greenja05_2022,-18.47914695739746
Portland Trail Blazers_2022,5,wagnefr01_2022,-18.48607635498047
Portland Trail Blazers_2022,6,cunnica01_2022,-18.487476348876953
Portland Trail Blazers_2022,7,barrerj01_2022,-18.4965877532959
Portland Trail Blazers_2022,8,edwaran01_2022,-18.503034591674805
Portland Trail Blazers_2022,9,hylanbo01_2022,-18.507869720458984
Portland Trail Blazers_2022,10,hayeski01_2022,-18.588850021362305
Portland Trail Blazers_2023,1,derozde01_2023,-19.892879486083984
Portland Trail Blazers_2023,2,leonaka01_2023,-19.896394729614258
Portland Trail Blazers_2023,3,georgpa01_2023,-19.899869918823242
Portland Trail Blazers_2023,4,bookede01_2023,-19.910614013671875
Portland Trail Blazers_2023,5,mitchdo01_2023,-19.913440704345703
Portland Trail Blazers_2023,6,butleji01_2023,-19.943574905395508
Portland Trail Blazers_2023,7,duranke01_2023,-19.95138931274414
Portland Trail Blazers_2023,8,jamesle01_2023,-19.953712463378906
Portland Trail Blazers_2023,9,randlju01_2023,-20.01691436767578
Portland Trail Blazers_2023,10,siakapa01_2023,-20.024370193481445
Portland Trail Blazers_2024,1,georgke01_2024,-17.346654891967773
Portland Trail Blazers_2024,2,millebr02_2024,-17.401426315307617
Portland Trail Blazers_2024,3,jacksgg01_2024,-17.414587020874023
Portland Trail Blazers_2024,4,banchpa01_2024,-17.419044494628906
Portland Trail Blazers_2024,5,iveyja01_2024,-17.43167495727539
Portland Trail Blazers_2024,6,mathube01_2024,-17.435771942138672
Portland Trail Blazers_2024,7,whitmca01_2024,-17.438392639160156
Portland Trail Blazers_2024,8,greenja05_2024,-17.45708656311035
Portland Trail Blazers_2024,9,giddejo01_2024,-17.4638729095459
Portland Trail Blazers_2024,10,sochaje01_2024,-17.482097625732422
Portland Trail Blazers_2025,1,mccaija01_2025,-19.66071319580078
Portland Trail Blazers_2025,2,branhma01_2025,-19.661691665649414
Portland Trail Blazers_2025,3,sensabr01_2025,-19.697275161743164
Portland Trail Blazers_2025,4,whitmca01_2025,-19.719938278198242
Portland Trail Blazers_2025,5,wembavi01_2025,-19.726362228393555
Portland Trail Blazers_2025,6,edwaran01_2025,-19.727558135986328
Portland Trail Blazers_2025,7,herroty01_2025,-19.731069564819336
Portland Trail Blazers_2025,8,willija06_2025,-19.733430862426758
Portland Trail Blazers_2025,9,vassede01_2025,-19.73450469970703
Portland Trail Blazers_2025,10,wellsja01_2025,-19.736230850219727
Sacramento Kings_1999,1,iversal01_1999,-14.841856002807617
Sacramento Kings_1999,2,stackje01_1999,-14.873963356018066
Sacramento Kings_1999,3,allenra02_1999,-14.875218391418457
Sacramento Kings_1999,4,carrch01_1999,-14.883787155151367
Sacramento Kings_1999,5,bryanko01_1999,-14.884648323059082
Sacramento Kings_1999,6,anderde01_1999,-14.886138916015625
Sacramento Kings_1999,7,garneke01_1999,-14.889115333557129
Sacramento Kings_1999,8,finlemi01_1999,-14.893054962158203
Sacramento Kings_1999,9,abdursh01_1999,-14.896055221557617
Sacramento Kings_1999,10,stricer01_1999,-14.900425910949707
Sacramento Kings_2000,1,malonka01_2000,-12.253273010253906
Sacramento Kings_2000,2,sabonar01_2000,-12.343234062194824
Sacramento Kings_2000,3,colemde01_2000,-12.427732467651367
Sacramento Kings_2000,4,hornaje01_2000,-12.442880630493164
Sacramento Kings_2000,5,robinda01_2000,-12.47442626953125
Sacramento Kings_2000,6,stockjo01_2000,-12.480985641479492
Sacramento Kings_2000,7,paytoga01_2000,-12.503463745117188
Sacramento Kings_2000,8,portete01_2000,-12.50491714477539
Sacramento Kings_2000,9,pippesc01_2000,-12.511279106140137
Sacramento Kings_2000,10,robincl02_2000,-12.516521453857422
Sacramento Kings_2001,1,malonka01_2001,-13.811798095703125
Sacramento Kings_2001,2,robinda01_2001,-13.867823600769043
Sacramento Kings_2001,3,millere01_2001,-13.974177360534668
Sacramento Kings_2001,4,richmmi01_2001,-14.012630462646484
Sacramento Kings_2001,5,stockjo01_2001,-14.04068660736084
Sacramento Kings_2001,6,sprewla01_2001,-14.080106735229492
Sacramento Kings_2001,7,cebalce01_2001,-14.09609603881836
Sacramento Kings_2001,8,robincl02_2001,-14.110763549804688
Sacramento Kings_2001,9,marshdo01_2001,-14.133503913879395
Sacramento Kings_2001,10,wesleda01_2001,-14.140912055969238
Sacramento Kings_2002,1,jordami01_2002,-12.271697044372559
Sacramento Kings_2002,2,malonka01_2002,-12.306456565856934
Sacramento Kings_2002,3,millere01_2002,-12.523707389831543
Sacramento Kings_2002,4,hardati01_2002,-12.588043212890625
Sacramento Kings_2002,5,stockjo01_2002,-12.58845329284668
Sacramento Kings_2002,6,jonesed02_2002,-12.708383560180664
Sacramento Kings_2002,7,houstal01_2002,-12.714093208312988
Sacramento Kings_2002,8,barrybr01_2002,-12.715025901794434
Sacramento Kings_2002,9,persowe01_2002,-12.725756645202637
Sacramento Kings_2002,10,barryjo01_2002,-12.738241195678711
Sacramento Kings_2003,1,malonka01_2003,-13.427311897277832
Sacramento Kings_2003,2,jordami01_2003,-13.523127555847168
Sacramento Kings_2003,3,millere01_2003,-13.595808029174805
Sacramento Kings_2003,4,onealsh01_2003,-13.638713836669922
Sacramento Kings_2003,5,mashbja01_2003,-13.67484188079834
Sacramento Kings_2003,6,robingl01_2003,-13.69824504852295
Sacramento Kings_2003,7,roseja01_2003,-13.714030265808105
Sacramento Kings_2003,8,hillgr01_2003,-13.722978591918945
Sacramento Kings_2003,9,kukocto01_2003,-13.739858627319336
Sacramento Kings_2003,10,barryjo01_2003,-13.765575408935547
Sacramento Kings_2004,1,millere01_2004,-13.835217475891113
Sacramento Kings_2004,2,kukocto01_2004,-13.847518920898438
Sacramento Kings_2004,3,onealsh01_2004,-13.861696243286133
Sacramento Kings_2004,4,paytoga01_2004,-13.880865097045898
Sacramento Kings_2004,5,garneke01_2004,-13.89406967163086
Sacramento Kings_2004,6,duncati01_2004,-13.901069641113281
Sacramento Kings_2004,7,jonesed02_2004,-13.912434577941895
Sacramento Kings_2004,8,finlemi01_2004,-13.912469863891602
Sacramento Kings_2004,9,barrybr01_2004,-13.9244966506958
Sacramento Kings_2004,10,jamisan01_2004,-13.946372985839844
Sacramento Kings_2005,1,bryanko01_2005,-13.171213150024414
Sacramento Kings_2005,2,piercpa01_2005,-13.17388916015625
Sacramento Kings_2005,3,ginobma01_2005,-13.182244300842285
Sacramento Kings_2005,4,hughela01_2005,-13.188715934753418
Sacramento Kings_2005,5,garneke01_2005,-13.207242012023926
Sacramento Kings_2005,6,mariosh01_2005,-13.208749771118164
Sacramento Kings_2005,7,duncati01_2005,-13.209890365600586
Sacramento Kings_2005,8,nowitdi01_2005,-13.211614608764648
Sacramento Kings_2005,9,iversal01_2005,-13.217288970947266
Sacramento Kings_2005,10,millere01_2005,-13.224690437316895
Sacramento Kings_2006,1,gordobe01_2006,-15.480915069580078
Sacramento Kings_2006,2,wadedw01_2006,-15.481452941894531
Sacramento Kings_2006,3,johnsjo02_2006,-15.486358642578125
Sacramento Kings_2006,4,richaja01_2006,-15.488122940063477
Sacramento Kings_2006,5,crawfja01_2006,-15.489177703857422
Sacramento Kings_2006,6,millemi01_2006,-15.509440422058105
Sacramento Kings_2006,7,stevede01_2006,-15.51805591583252
Sacramento Kings_2006,8,smithjo03_2006,-15.520095825195312
Sacramento Kings_2006,9,hinriki01_2006,-15.521726608276367
Sacramento Kings_2006,10,denglu01_2006,-15.521915435791016
Sacramento Kings_2007,1,childjo01_2007,-13.20638656616211
Sacramento Kings_2007,2,brewero02_2007,-13.223370552062988
Sacramento Kings_2007,3,adamsha01_2007,-13.230342864990234
Sacramento Kings_2007,4,iguodan01_2007,-13.242436408996582
Sacramento Kings_2007,5,johnsjo02_2007,-13.246142387390137
Sacramento Kings_2007,6,gordobe01_2007,-13.246404647827148
Sacramento Kings_2007,7,greenwi01_2007,-13.248624801635742
Sacramento Kings_2007,8,barbole01_2007,-13.249845504760742
Sacramento Kings_2007,9,roybr01_2007,-13.250576972961426
Sacramento Kings_2007,10,smithjo03_2007,-13.251433372497559
Sacramento Kings_2008,1,gayru01_2008,-14.19858169555664
Sacramento Kings_2008,2,duranke01_2008,-14.225540161132812
Sacramento Kings_2008,3,jefferi01_2008,-14.228067398071289
Sacramento Kings_2008,4,willilo02_2008,-14.229608535766602
Sacramento Kings_2008,5,turkohe01_2008,-14.233834266662598
Sacramento Kings_2008,6,jacksst02_2008,-14.236900329589844
Sacramento Kings_2008,7,princta01_2008,-14.237924575805664
Sacramento Kings_2008,8,howarjo01_2008,-14.238212585449219
Sacramento Kings_2008,9,richaja01_2008,-14.23855209350586
Sacramento Kings_2008,10,farmajo01_2008,-14.238865852355957
Sacramento Kings_2009,1,youngth01_2009,-12.475578308105469
Sacramento Kings_2009,2,westbru01_2009,-12.476483345031738
Sacramento Kings_2009,3,rosede01_2009,-12.496081352233887
Sacramento Kings_2009,4,augusdj01_2009,-12.500090599060059
Sacramento Kings_2009,5,gordoer01_2009,-12.59072494506836
Sacramento Kings_2009,6,mayooj01_2009,-12.591538429260254
Sacramento Kings_2009,7,chandwi01_2009,-12.64678955078125
Sacramento Kings_2009,8,jianlyi01_2009,-12.671340942382812
Sacramento Kings_2009,9,gayru01_2009,-12.675436019897461
Sacramento Kings_2009,10,cookda02_2009,-12.677069664001465
Sacramento Kings_2010,1,anderry01_2010,-13.848233222961426
Sacramento Kings_2010,2,rosede01_2010,-13.869321823120117
Sacramento Kings_2010,3,curryst01_2010,-13.872922897338867
Sacramento Kings_2010,4,jennibr01_2010,-13.879704475402832
Sacramento Kings_2010,5,flynnjo01_2010,-13.884801864624023
Sacramento Kings_2010,6,westbru01_2010,-13.890408515930176
Sacramento Kings_2010,7,beaubro01_2010,-13.90234375
Sacramento Kings_2010,8,gordoer01_2010,-14.021246910095215
Sacramento Kings_2010,9,gallida01_2010,-14.040549278259277
Sacramento Kings_2010,10,youngth01_2010,-14.04153060913086
Sacramento Kings_2011,1,walljo01_2011,-13.817277908325195
Sacramento Kings_2011,2,jennibr01_2011,-13.839457511901855
Sacramento Kings_2011,3,derozde01_2011,-13.959675788879395
Sacramento Kings_2011,4,aminual01_2011,-13.962242126464844
Sacramento Kings_2011,5,eyengch01_2011,-13.980766296386719
Sacramento Kings_2011,6,flynnjo01_2011,-14.011940002441406
Sacramento Kings_2011,7,hardeja01_2011,-14.014154434204102
Sacramento Kings_2011,8,babbilu01_2011,-14.015352249145508
Sacramento Kings_2011,9,bradlav01_2011,-14.03840160369873
Sacramento Kings_2011,10,haywago01_2011,-14.03867244720459
Sacramento Kings_2012,1,haywago01_2012,-13.75152587890625
Sacramento Kings_2012,2,walkeke02_2012,-13.774541854858398
Sacramento Kings_2012,3,walljo01_2012,-13.789817810058594
Sacramento Kings_2012,4,thompkl01_2012,-13.952959060668945
Sacramento Kings_2012,5,willide02_2012,-13.97042179107666
Sacramento Kings_2012,6,burksal01_2012,-13.986726760864258
Sacramento Kings_2012,7,macksh01_2012,-13.994288444519043
Sacramento Kings_2012,8,harrito02_2012,-13.999377250671387
Sacramento Kings_2012,9,jacksre01_2012,-14.008724212646484
Sacramento Kings_2012,10,knighbr03_2012,-14.016366958618164
Sacramento Kings_2013,1,knighbr03_2013,-13.126845359802246
Sacramento Kings_2013,2,waitedi01_2013,-13.196228981018066
Sacramento Kings_2013,3,bealbr01_2013,-13.209806442260742
Sacramento Kings_2013,4,thomptr01_2013,-13.267066955566406
Sacramento Kings_2013,5,davisan02_2013,-13.271245002746582
Sacramento Kings_2013,6,willide02_2013,-13.284263610839844
Sacramento Kings_2013,7,anderry01_2013,-13.285665512084961
Sacramento Kings_2013,8,parsoch01_2013,-13.286718368530273
Sacramento Kings_2013,9,kiddgmi01_2013,-13.287426948547363
Sacramento Kings_2013,10,barneha02_2013,-13.294697761535645
Sacramento Kings_2014,1,burketr01_2014,-13.85363483428955
Sacramento Kings_2014,2,wroteto01_2014,-13.859673500061035
Sacramento Kings_2014,3,antetgi01_2014,-14.018378257751465
Sacramento Kings_2014,4,bealbr01_2014,-14.019038200378418
Sacramento Kings_2014,5,millequ01_2014,-14.037694931030273
Sacramento Kings_2014,6,bennean01_2014,-14.042229652404785
Sacramento Kings_2014,7,karasse01_2014,-14.059557914733887
Sacramento Kings_2014,8,barneha02_2014,-14.071633338928223
Sacramento Kings_2014,9,porteot01_2014,-14.07370376586914
Sacramento Kings_2014,10,riverau01_2014,-14.082378387451172
Sacramento Kings_2015,1,wiggian01_2015,-13.848489761352539
Sacramento Kings_2015,2,wroteto01_2015,-13.902228355407715
Sacramento Kings_2015,3,schrode01_2015,-13.921610832214355
Sacramento Kings_2015,4,bealbr01_2015,-14.052327156066895
Sacramento Kings_2015,5,sampsja02_2015,-14.064360618591309
Sacramento Kings_2015,6,grantje01_2015,-14.069189071655273
Sacramento Kings_2015,7,bennean01_2015,-14.071311950683594
Sacramento Kings_2015,8,harklma01_2015,-14.082831382751465
Sacramento Kings_2015,9,obryajo01_2015,-14.090086936950684
Sacramento Kings_2015,10,porteot01_2015,-14.094675064086914
Sacramento Kings_2016,1,russeda01_2016,-17.116498947143555
Sacramento Kings_2016,2,wiggian01_2016,-17.14335060119629
Sacramento Kings_2016,3,lavinza01_2016,-17.187273025512695
Sacramento Kings_2016,4,bookede01_2016,-17.19940185546875
Sacramento Kings_2016,5,schrode01_2016,-17.20081901550293
Sacramento Kings_2016,6,holidjr01_2016,-17.20166778564453
Sacramento Kings_2016,7,dragigo01_2016,-17.208293914794922
Sacramento Kings_2016,8,teaguje01_2016,-17.213970184326172
Sacramento Kings_2016,9,conlemi01_2016,-17.216705322265625
Sacramento Kings_2016,10,rosede01_2016,-17.219751358032227
Sacramento Kings_2017,1,wiggian01_2017,-17.946346282958984
Sacramento Kings_2017,2,russeda01_2017,-17.949724197387695
Sacramento Kings_2017,3,parkeja01_2017,-17.980539321899414
Sacramento Kings_2017,4,bookede01_2017,-18.00130844116211
Sacramento Kings_2017,5,johnsty01_2017,-18.006057739257812
Sacramento Kings_2017,6,lavinza01_2017,-18.01534652709961
Sacramento Kings_2017,7,murraja01_2017,-18.017194747924805
Sacramento Kings_2017,8,schrode01_2017,-18.028562545776367
Sacramento Kings_2017,9,paytoel01_2017,-18.02875328063965
Sacramento Kings_2017,10,teaguje01_2017,-18.035688400268555
Sacramento Kings_2018,1,smithde03_2018,-15.784533500671387
Sacramento Kings_2018,2,murraja01_2018,-15.788325309753418
Sacramento Kings_2018,3,russeda01_2018,-15.807228088378906
Sacramento Kings_2018,4,mudiaem01_2018,-15.8228120803833
Sacramento Kings_2018,5,ingrabr01_2018,-15.847075462341309
Sacramento Kings_2018,6,markkla01_2018,-15.852849006652832
Sacramento Kings_2018,7,ntilila01_2018,-15.882944107055664
Sacramento Kings_2018,8,bookede01_2018,-15.886096954345703
Sacramento Kings_2018,9,colliza01_2018,-15.888649940490723
Sacramento Kings_2018,10,mitchdo01_2018,-15.89736270904541
Sacramento Kings_2019,1,youngtr01_2019,-18.325477600097656
Sacramento Kings_2019,2,murraja01_2019,-18.325605392456055
Sacramento Kings_2019,3,sextoco01_2019,-18.326496124267578
Sacramento Kings_2019,4,monkma01_2019,-18.32727813720703
Sacramento Kings_2019,5,ingrabr01_2019,-18.333539962768555
Sacramento Kings_2019,6,tatumja01_2019,-18.336008071899414
Sacramento Kings_2019,7,markkla01_2019,-18.356393814086914
Sacramento Kings_2019,8,lavinza01_2019,-18.572843551635742
Sacramento Kings_2019,9,bryanth01_2019,-18.579208374023438
Sacramento Kings_2019,10,richajo01_2019,-18.5797176361084
Sacramento Kings_2020,1,whiteco01_2020,-18.398555755615234
Sacramento Kings_2020,2,moranja01_2020,-18.403120040893555
Sacramento Kings_2020,3,sextoco01_2020,-18.41271209716797
Sacramento Kings_2020,4,gilgesh01_2020,-18.46697425842285
Sacramento Kings_2020,5,monkma01_2020,-18.490070343017578
Sacramento Kings_2020,6,herroty01_2020,-18.49346923828125
Sacramento Kings_2020,7,ntilila01_2020,-18.575347900390625
Sacramento Kings_2020,8,jacksfr01_2020,-18.585247039794922
Sacramento Kings_2020,9,porteke02_2020,-18.624452590942383
Sacramento Kings_2020,10,garlada01_2020,-18.630069732666016
Sacramento Kings_2021,1,butleji01_2021,-19.86720085144043
Sacramento Kings_2021,2,georgpa01_2021,-19.890716552734375
Sacramento Kings_2021,3,bealbr01_2021,-19.90473747253418
Sacramento Kings_2021,4,derozde01_2021,-19.908954620361328
Sacramento Kings_2021,5,duranke01_2021,-19.91807746887207
Sacramento Kings_2021,6,leonaka01_2021,-19.987939834594727
Sacramento Kings_2021,7,davisan02_2021,-20.007505416870117
Sacramento Kings_2021,8,randlju01_2021,-20.009248733520508
Sacramento Kings_2021,9,antetgi01_2021,-20.016460418701172
Sacramento Kings_2021,10,hardeja01_2021,-20.01880645751953
Sacramento Kings_2022,1,anthoco01_2022,-18.402862548828125
Sacramento Kings_2022,2,porteke02_2022,-18.418298721313477
Sacramento Kings_2022,3,maxeyty01_2022,-18.44224739074707
Sacramento Kings_2022,4,greenja05_2022,-18.47030258178711
Sacramento Kings_2022,5,wagnefr01_2022,-18.476398468017578
Sacramento Kings_2022,6,cunnica01_2022,-18.478662490844727
Sacramento Kings_2022,7,barrerj01_2022,-18.486581802368164
Sacramento Kings_2022,8,edwaran01_2022,-18.494009017944336
Sacramento Kings_2022,9,hylanbo01_2022,-18.498781204223633
Sacramento Kings_2022,10,hayeski01_2022,-18.579500198364258
Sacramento Kings_2023,1,derozde01_2023,-19.860107421875
Sacramento Kings_2023,2,leonaka01_2023,-19.863466262817383
Sacramento Kings_2023,3,georgpa01_2023,-19.867023468017578
Sacramento Kings_2023,4,bookede01_2023,-19.88056182861328
Sacramento Kings_2023,5,mitchdo01_2023,-19.88311767578125
Sacramento Kings_2023,6,butleji01_2023,-19.9113712310791
Sacramento Kings_2023,7,jamesle01_2023,-19.918567657470703
Sacramento Kings_2023,8,duranke01_2023,-19.919158935546875
Sacramento Kings_2023,9,randlju01_2023,-19.98819351196289
Sacramento Kings_2023,10,siakapa01_2023,-19.995824813842773
Sacramento Kings_2024,1,irvinky01_2024,-19.776670455932617
Sacramento Kings_2024,2,leonaka01_2024,-19.833656311035156
Sacramento Kings_2024,3,derozde01_2024,-19.846113204956055
Sacramento Kings_2024,4,georgpa01_2024,-19.873044967651367
Sacramento Kings_2024,5,duranke01_2024,-19.882305145263672
Sacramento Kings_2024,6,jamesle01_2024,-19.88233757019043
Sacramento Kings_2024,7,mitchdo01_2024,-19.88360595703125
Sacramento Kings_2024,8,butleji01_2024,-19.89159393310547
Sacramento Kings_2024,9,antetgi01_2024,-19.96551513671875
Sacramento Kings_2024,10,davisan02_2024,-19.98428726196289
Sacramento Kings_2025,1,butleji01_2025,-19.87582015991211
Sacramento Kings_2025,2,antetgi01_2025,-19.879331588745117
Sacramento Kings_2025,3,mitchdo01_2025,-19.883485794067383
Sacramento Kings_2025,4,jeromty01_2025,-19.890230178833008
Sacramento Kings_2025,5,duranke01_2025,-19.901229858398438
Sacramento Kings_2025,6,tatumja01_2025,-19.988683700561523
Sacramento Kings_2025,7,edwaran01_2025,-20.00489616394043
Sacramento Kings_2025,8,lillada01_2025,-20.011070251464844
Sacramento Kings_2025,9,herroty01_2025,-20.011493682861328
Sacramento Kings_2025,10,curryst01_2025,-20.012468338012695
San Antonio Spurs_1999,1,malonka01_1999,-16.711048126220703
San Antonio Spurs_1999,2,barklch01_1999,-16.72846221923828
San Antonio Spurs_1999,3,olajuha01_1999,-16.753070831298828
San Antonio Spurs_1999,4,mullich01_1999,-16.793811798095703
San Antonio Spurs_1999,5,schrede01_1999,-16.795686721801758
San Antonio Spurs_1999,6,hornaje01_1999,-16.816020965576172
San Antonio Spurs_1999,7,sabonar01_1999,-16.85818099975586
San Antonio Spurs_1999,8,portete01_1999,-16.864458084106445
San Antonio Spurs_1999,9,robincl02_1999,-16.87061309814453
San Antonio Spurs_1999,10,hillgr01_1999,-16.87458610534668
San Antonio Spurs_2000,1,malonka01_2000,-15.606621742248535
San Antonio Spurs_2000,2,sabonar01_2000,-15.704596519470215
San Antonio Spurs_2000,3,colemde01_2000,-15.812409400939941
San Antonio Spurs_2000,4,hornaje01_2000,-15.828582763671875
San Antonio Spurs_2000,5,stockjo01_2000,-15.866092681884766
San Antonio Spurs_2000,6,paytoga01_2000,-15.902070045471191
San Antonio Spurs_2000,7,pippesc01_2000,-15.910334587097168
San Antonio Spurs_2000,8,robincl02_2000,-15.916116714477539
San Antonio Spurs_2000,9,cebalce01_2000,-15.92072582244873
San Antonio Spurs_2000,10,ricegl01_2000,-15.92987060546875
San Antonio Spurs_2001,1,malonka01_2001,-15.610172271728516
San Antonio Spurs_2001,2,millere01_2001,-15.80297565460205
San Antonio Spurs_2001,3,richmmi01_2001,-15.84571647644043
San Antonio Spurs_2001,4,stockjo01_2001,-15.870579719543457
San Antonio Spurs_2001,5,sprewla01_2001,-15.924365997314453
San Antonio Spurs_2001,6,cebalce01_2001,-15.941354751586914
San Antonio Spurs_2001,7,robincl02_2001,-15.959639549255371
San Antonio Spurs_2001,8,wesleda01_2001,-15.999285697937012
San Antonio Spurs_2001,9,smithst01_2001,-16.005794525146484
San Antonio Spurs_2001,10,marshdo01_2001,-16.011323928833008
San Antonio Spurs_2002,1,jordami01_2002,-15.602941513061523
San Antonio Spurs_2002,2,malonka01_2002,-15.638801574707031
San Antonio Spurs_2002,3,millere01_2002,-15.842283248901367
San Antonio Spurs_2002,4,hardati01_2002,-15.90479564666748
San Antonio Spurs_2002,5,stockjo01_2002,-15.90557861328125
San Antonio Spurs_2002,6,jonesed02_2002,-16.013774871826172
San Antonio Spurs_2002,7,houstal01_2002,-16.018184661865234
San Antonio Spurs_2002,8,barrybr01_2002,-16.0206241607666
San Antonio Spurs_2002,9,persowe01_2002,-16.03045654296875
San Antonio Spurs_2002,10,barryjo01_2002,-16.043745040893555
San Antonio Spurs_2003,1,malonka01_2003,-15.623393058776855
San Antonio Spurs_2003,2,jordami01_2003,-15.732771873474121
San Antonio Spurs_2003,3,millere01_2003,-15.817963600158691
San Antonio Spurs_2003,4,onealsh01_2003,-15.867431640625
San Antonio Spurs_2003,5,mashbja01_2003,-15.907320976257324
San Antonio Spurs_2003,6,robingl01_2003,-15.935199737548828
San Antonio Spurs_2003,7,roseja01_2003,-15.951377868652344
San Antonio Spurs_2003,8,hillgr01_2003,-15.958392143249512
San Antonio Spurs_2003,9,kukocto01_2003,-15.978979110717773
San Antonio Spurs_2003,10,barryjo01_2003,-16.012737274169922
San Antonio Spurs_2004,1,millere01_2004,-16.84400749206543
San Antonio Spurs_2004,2,kukocto01_2004,-16.854068756103516
San Antonio Spurs_2004,3,onealsh01_2004,-16.875030517578125
San Antonio Spurs_2004,4,paytoga01_2004,-16.88751983642578
San Antonio Spurs_2004,5,jonesed02_2004,-16.931781768798828
San Antonio Spurs_2004,6,finlemi01_2004,-16.933570861816406
San Antonio Spurs_2004,7,barrybr01_2004,-16.94529151916504
San Antonio Spurs_2004,8,jacksbo01_2004,-16.950258255004883
San Antonio Spurs_2004,9,garneke01_2004,-16.957592010498047
San Antonio Spurs_2004,10,cassesa01_2004,-16.975502014160156
San Antonio Spurs_2005,1,millere01_2005,-14.757031440734863
San Antonio Spurs_2005,2,onealsh01_2005,-14.802197456359863
San Antonio Spurs_2005,3,cassesa01_2005,-14.816828727722168
San Antonio Spurs_2005,4,hillgr01_2005,-14.880735397338867
San Antonio Spurs_2005,5,roseja01_2005,-14.903338432312012
San Antonio Spurs_2005,6,marshdo01_2005,-14.94667911529541
San Antonio Spurs_2005,7,stackje01_2005,-14.994843482971191
San Antonio Spurs_2005,8,hoibefr01_2005,-14.995841026306152
San Antonio Spurs_2005,9,piercpa01_2005,-15.015083312988281
San Antonio Spurs_2005,10,jacksbo01_2005,-15.02293586730957
San Antonio Spurs_2006,1,cassesa01_2006,-14.390560150146484
San Antonio Spurs_2006,2,onealsh01_2006,-14.395820617675781
San Antonio Spurs_2006,3,iversal01_2006,-14.427183151245117
San Antonio Spurs_2006,4,wallara01_2006,-14.50765323638916
San Antonio Spurs_2006,5,hillgr01_2006,-14.511099815368652
San Antonio Spurs_2006,6,allenra02_2006,-14.5725736618042
San Antonio Spurs_2006,7,stackje01_2006,-14.578740119934082
San Antonio Spurs_2006,8,mcgratr01_2006,-14.610921859741211
San Antonio Spurs_2006,9,piercpa01_2006,-14.61105728149414
San Antonio Spurs_2006,10,kiddja01_2006,-14.61859130859375
San Antonio Spurs_2007,1,garneke01_2007,-14.33037281036377
San Antonio Spurs_2007,2,cartevi01_2007,-14.36427116394043
San Antonio Spurs_2007,3,iversal01_2007,-14.373273849487305
San Antonio Spurs_2007,4,onealsh01_2007,-14.402445793151855
San Antonio Spurs_2007,5,cassesa01_2007,-14.407608985900879
San Antonio Spurs_2007,6,stackje01_2007,-14.473169326782227
San Antonio Spurs_2007,7,jamisan01_2007,-14.530097007751465
San Antonio Spurs_2007,8,allenra02_2007,-14.563727378845215
San Antonio Spurs_2007,9,hillgr01_2007,-14.568946838378906
San Antonio Spurs_2007,10,mariosh01_2007,-14.578386306762695
San Antonio Spurs_2008,1,iversal01_2008,-12.810698509216309
San Antonio Spurs_2008,2,piercpa01_2008,-12.927047729492188
San Antonio Spurs_2008,3,nashst01_2008,-12.934901237487793
San Antonio Spurs_2008,4,billuch01_2008,-12.949758529663086
San Antonio Spurs_2008,5,garneke01_2008,-12.98171329498291
San Antonio Spurs_2008,6,mcgratr01_2008,-13.0094633102417
San Antonio Spurs_2008,7,bryanko01_2008,-13.010794639587402
San Antonio Spurs_2008,8,wadedw01_2008,-13.037413597106934
San Antonio Spurs_2008,9,davisba01_2008,-13.129668235778809
San Antonio Spurs_2008,10,caldejo01_2008,-13.131831169128418
San Antonio Spurs_2009,1,bryanko01_2009,-12.426945686340332
San Antonio Spurs_2009,2,piercpa01_2009,-12.61832332611084
San Antonio Spurs_2009,3,iversal01_2009,-12.640484809875488
San Antonio Spurs_2009,4,nowitdi01_2009,-12.669917106628418
San Antonio Spurs_2009,5,wadedw01_2009,-12.78549861907959
San Antonio Spurs_2009,6,battish01_2009,-12.96618938446045
San Antonio Spurs_2009,7,parkean01_2009,-12.966676712036133
San Antonio Spurs_2009,8,barrybr01_2009,-12.997456550598145
San Antonio Spurs_2009,9,nelsoja01_2009,-12.998204231262207
San Antonio Spurs_2009,10,mingya01_2009,-13.001375198364258
San Antonio Spurs_2010,1,bryanko01_2010,-14.152213096618652
San Antonio Spurs_2010,2,iversal01_2010,-14.18103313446045
San Antonio Spurs_2010,3,piercpa01_2010,-14.237981796264648
San Antonio Spurs_2010,4,nashst01_2010,-14.24490737915039
San Antonio Spurs_2010,5,billuch01_2010,-14.25354290008545
San Antonio Spurs_2010,6,nowitdi01_2010,-14.26552963256836
San Antonio Spurs_2010,7,wadedw01_2010,-14.27489948272705
San Antonio Spurs_2010,8,grangda01_2010,-14.376066207885742
San Antonio Spurs_2010,9,roybr01_2010,-14.410387992858887
San Antonio Spurs_2010,10,battish01_2010,-14.476109504699707
San Antonio Spurs_2011,1,bryanko01_2011,-13.076521873474121
San Antonio Spurs_2011,2,piercpa01_2011,-13.188491821289062
San Antonio Spurs_2011,3,wadedw01_2011,-13.229778289794922
San Antonio Spurs_2011,4,nowitdi01_2011,-13.230998039245605
San Antonio Spurs_2011,5,martike02_2011,-13.265798568725586
San Antonio Spurs_2011,6,jamesle01_2011,-13.33395004272461
San Antonio Spurs_2011,7,mcgratr01_2011,-13.44749927520752
San Antonio Spurs_2011,8,butlera01_2011,-13.479426383972168
San Antonio Spurs_2011,9,rosede01_2011,-13.498041152954102
San Antonio Spurs_2011,10,duranke01_2011,-13.498220443725586
San Antonio Spurs_2012,1,wadedw01_2012,-13.232510566711426
San Antonio Spurs_2012,2,bryanko01_2012,-13.235635757446289
San Antonio Spurs_2012,3,piercpa01_2012,-13.411208152770996
San Antonio Spurs_2012,4,nowitdi01_2012,-13.446488380432129
San Antonio Spurs_2012,5,jamesle01_2012,-13.658966064453125
San Antonio Spurs_2012,6,anthoca01_2012,-13.662287712097168
San Antonio Spurs_2012,7,paulch01_2012,-13.66341495513916
San Antonio Spurs_2012,8,hinriki01_2012,-13.697223663330078
San Antonio Spurs_2012,9,allento01_2012,-13.703106880187988
San Antonio Spurs_2012,10,cartevi01_2012,-13.706378936767578
San Antonio Spurs_2013,1,wadedw01_2013,-12.755382537841797
San Antonio Spurs_2013,2,bryanko01_2013,-12.758869171142578
San Antonio Spurs_2013,3,piercpa01_2013,-12.9470796585083
San Antonio Spurs_2013,4,willide01_2013,-13.21558952331543
San Antonio Spurs_2013,5,paulch01_2013,-13.23347282409668
San Antonio Spurs_2013,6,kiddja01_2013,-13.25119686126709
San Antonio Spurs_2013,7,jamesle01_2013,-13.253737449645996
San Antonio Spurs_2013,8,allento01_2013,-13.257805824279785
San Antonio Spurs_2013,9,ridnolu01_2013,-13.264665603637695
San Antonio Spurs_2013,10,anthoca01_2013,-13.27755355834961
San Antonio Spurs_2014,1,wadedw01_2014,-12.738042831420898
San Antonio Spurs_2014,2,nowitdi01_2014,-12.980524063110352
San Antonio Spurs_2014,3,dragigo01_2014,-13.049999237060547
San Antonio Spurs_2014,4,lowryky01_2014,-13.207169532775879
San Antonio Spurs_2014,5,paulch01_2014,-13.211834907531738
San Antonio Spurs_2014,6,conlemi01_2014,-13.221160888671875
San Antonio Spurs_2014,7,allento01_2014,-13.254781723022461
San Antonio Spurs_2014,8,anthoca01_2014,-13.259965896606445
San Antonio Spurs_2014,9,fishede01_2014,-13.26615047454834
San Antonio Spurs_2014,10,hardeja01_2014,-13.267324447631836
San Antonio Spurs_2015,1,wadedw01_2015,-12.851359367370605
San Antonio Spurs_2015,2,jamesle01_2015,-12.982069969177246
San Antonio Spurs_2015,3,anthoca01_2015,-13.018511772155762
San Antonio Spurs_2015,4,gasolma01_2015,-13.03979206085205
San Antonio Spurs_2015,5,curryst01_2015,-13.20192813873291
San Antonio Spurs_2015,6,westbru01_2015,-13.218897819519043
San Antonio Spurs_2015,7,paulch01_2015,-13.220843315124512
San Antonio Spurs_2015,8,hillge01_2015,-13.223987579345703
San Antonio Spurs_2015,9,teaguje01_2015,-13.226101875305176
San Antonio Spurs_2015,10,duranke01_2015,-13.237707138061523
San Antonio Spurs_2016,1,anthoca01_2016,-14.007951736450195
San Antonio Spurs_2016,2,duranke01_2016,-14.014805793762207
San Antonio Spurs_2016,3,jamesle01_2016,-14.017462730407715
San Antonio Spurs_2016,4,butleji01_2016,-14.044639587402344
San Antonio Spurs_2016,5,derozde01_2016,-14.052581787109375
San Antonio Spurs_2016,6,griffbl01_2016,-14.058905601501465
San Antonio Spurs_2016,7,hardeja01_2016,-14.058987617492676
San Antonio Spurs_2016,8,wadedw01_2016,-14.077987670898438
San Antonio Spurs_2016,9,westbru01_2016,-14.084846496582031
San Antonio Spurs_2016,10,lowryky01_2016,-14.093002319335938
San Antonio Spurs_2017,1,butleji01_2017,-14.026399612426758
San Antonio Spurs_2017,2,georgpa01_2017,-14.029601097106934
San Antonio Spurs_2017,3,haywago01_2017,-14.032936096191406
San Antonio Spurs_2017,4,jamesle01_2017,-14.071046829223633
San Antonio Spurs_2017,5,griffbl01_2017,-14.078683853149414
San Antonio Spurs_2017,6,derozde01_2017,-14.081588745117188
San Antonio Spurs_2017,7,duranke01_2017,-14.081686973571777
San Antonio Spurs_2017,8,walljo01_2017,-14.118422508239746
San Antonio Spurs_2017,9,curryst01_2017,-14.119150161743164
San Antonio Spurs_2017,10,thomais02_2017,-14.119214057922363
San Antonio Spurs_2018,1,duranke01_2018,-15.256682395935059
San Antonio Spurs_2018,2,georgpa01_2018,-15.266766548156738
San Antonio Spurs_2018,3,westbru01_2018,-15.297236442565918
San Antonio Spurs_2018,4,walkeke02_2018,-15.304666519165039
San Antonio Spurs_2018,5,lillada01_2018,-15.305620193481445
San Antonio Spurs_2018,6,curryst01_2018,-15.30924129486084
San Antonio Spurs_2018,7,evansty01_2018,-15.320963859558105
San Antonio Spurs_2018,8,butleji01_2018,-15.333259582519531
San Antonio Spurs_2018,9,hardeja01_2018,-15.342574119567871
San Antonio Spurs_2018,10,jamesle01_2018,-15.351212501525879
San Antonio Spurs_2019,1,willilo02_2019,-19.757930755615234
San Antonio Spurs_2019,2,duranke01_2019,-19.816112518310547
San Antonio Spurs_2019,3,gallida01_2019,-19.830904006958008
San Antonio Spurs_2019,4,jamesle01_2019,-19.842540740966797
San Antonio Spurs_2019,5,georgpa01_2019,-19.921855926513672
San Antonio Spurs_2019,6,butleji01_2019,-19.926929473876953
San Antonio Spurs_2019,7,leonaka01_2019,-19.92848777770996
San Antonio Spurs_2019,8,griffbl01_2019,-19.96978759765625
San Antonio Spurs_2019,9,westbru01_2019,-19.98290252685547
San Antonio Spurs_2019,10,curryst01_2019,-19.987499237060547
San Antonio Spurs_2020,1,hardeja01_2020,-19.758716583251953
San Antonio Spurs_2020,2,butleji01_2020,-19.84990119934082
San Antonio Spurs_2020,3,bealbr01_2020,-19.897428512573242
San Antonio Spurs_2020,4,middlkh01_2020,-19.943405151367188
San Antonio Spurs_2020,5,georgpa01_2020,-19.957372665405273
San Antonio Spurs_2020,6,leonaka01_2020,-19.96037483215332
San Antonio Spurs_2020,7,davisan02_2020,-19.988811492919922
San Antonio Spurs_2020,8,westbru01_2020,-19.998870849609375
San Antonio Spurs_2020,9,paulch01_2020,-20.002517700195312
San Antonio Spurs_2020,10,jamesle01_2020,-20.01475715637207
San Antonio Spurs_2021,1,edwaran01_2021,-18.30866813659668
San Antonio Spurs_2021,2,barrerj01_2021,-18.31131362915039
San Antonio Spurs_2021,3,moranja01_2021,-18.316694259643555
San Antonio Spurs_2021,4,whiteco01_2021,-18.318944931030273
San Antonio Spurs_2021,5,herroty01_2021,-18.319765090942383
San Antonio Spurs_2021,6,porteke02_2021,-18.32938003540039
San Antonio Spurs_2021,7,poolejo01_2021,-18.329818725585938
San Antonio Spurs_2021,8,garlada01_2021,-18.33046531677246
San Antonio Spurs_2021,9,maxeyty01_2021,-18.331741333007812
San Antonio Spurs_2021,10,anthoco01_2021,-18.332592010498047
San Antonio Spurs_2022,1,greenja05_2022,-19.690753936767578
San Antonio Spurs_2022,2,edwaran01_2022,-19.693008422851562
San Antonio Spurs_2022,3,hylanbo01_2022,-19.696006774902344
San Antonio Spurs_2022,4,cunnica01_2022,-19.703474044799805
San Antonio Spurs_2022,5,mitchdo01_2022,-19.736398696899414
San Antonio Spurs_2022,6,barrerj01_2022,-19.74734878540039
San Antonio Spurs_2022,7,bookede01_2022,-19.749629974365234
San Antonio Spurs_2022,8,wagnefr01_2022,-19.754478454589844
San Antonio Spurs_2022,9,banede01_2022,-19.764427185058594
San Antonio Spurs_2022,10,monkma01_2022,-19.769176483154297
San Antonio Spurs_2023,1,ballla01_2023,-18.37841033935547
San Antonio Spurs_2023,2,greenja05_2023,-18.434053421020508
San Antonio Spurs_2023,3,banchpa01_2023,-18.435550689697266
San Antonio Spurs_2023,4,wagnefr01_2023,-18.436017990112305
San Antonio Spurs_2023,5,giddejo01_2023,-18.443090438842773
San Antonio Spurs_2023,6,mathube01_2023,-18.45060920715332
San Antonio Spurs_2023,7,iveyja01_2023,-18.451833724975586
San Antonio Spurs_2023,8,edwaran01_2023,-18.45302963256836
San Antonio Spurs_2023,9,barnesc01_2023,-18.455001831054688
San Antonio Spurs_2023,10,thomaca02_2023,-18.469684600830078
San Antonio Spurs_2024,1,georgke01_2024,-18.37264633178711
San Antonio Spurs_2024,2,iveyja01_2024,-18.413223266601562
San Antonio Spurs_2024,3,millebr02_2024,-18.418533325195312
San Antonio Spurs_2024,4,jacksgg01_2024,-18.429725646972656
San Antonio Spurs_2024,5,banchpa01_2024,-18.438018798828125
San Antonio Spurs_2024,6,greenja05_2024,-18.439422607421875
San Antonio Spurs_2024,7,sharpsh01_2024,-18.445119857788086
San Antonio Spurs_2024,8,giddejo01_2024,-18.447200775146484
San Antonio Spurs_2024,9,mathube01_2024,-18.45478057861328
San Antonio Spurs_2024,10,whitmca01_2024,-18.457054138183594
San Antonio Spurs_2025,1,mitchdo01_2025,-19.937664031982422
San Antonio Spurs_2025,2,antetgi01_2025,-19.937946319580078
San Antonio Spurs_2025,3,butleji01_2025,-19.941566467285156
San Antonio Spurs_2025,4,jeromty01_2025,-19.944677352905273
San Antonio Spurs_2025,5,duranke01_2025,-19.96623420715332
San Antonio Spurs_2025,6,edwaran01_2025,-20.037641525268555
San Antonio Spurs_2025,7,tatumja01_2025,-20.042661666870117
San Antonio Spurs_2025,8,herroty01_2025,-20.043977737426758
San Antonio Spurs_2025,9,willija06_2025,-20.049470901489258
San Antonio Spurs_2025,10,lillada01_2025,-20.064584732055664
Seattle SuperSonics_1999,1,hillgr01_1999,-15.507194519042969
Seattle SuperSonics_1999,2,iversal01_1999,-15.538644790649414
Seattle SuperSonics_1999,3,smithst01_1999,-15.551617622375488
Seattle SuperSonics_1999,4,robingl01_1999,-15.556510925292969
Seattle SuperSonics_1999,5,chrisdo01_1999,-15.559030532836914
Seattle SuperSonics_1999,6,kempsh01_1999,-15.564878463745117
Seattle SuperSonics_1999,7,sprewla01_1999,-15.569108963012695
Seattle SuperSonics_1999,8,williwa02_1999,-15.570446014404297
Seattle SuperSonics_1999,9,onealsh01_1999,-15.572096824645996
Seattle SuperSonics_1999,10,garneke01_1999,-15.572890281677246
Seattle SuperSonics_2000,1,stackje01_2000,-15.048663139343262
Seattle SuperSonics_2000,2,anderde01_2000,-15.05160140991211
Seattle SuperSonics_2000,3,dickemi01_2000,-15.058924674987793
Seattle SuperSonics_2000,4,moblecu01_2000,-15.070268630981445
Seattle SuperSonics_2000,5,iversal01_2000,-15.070658683776855
Seattle SuperSonics_2000,6,bryanko01_2000,-15.078076362609863
Seattle SuperSonics_2000,7,allenra02_2000,-15.080789566040039
Seattle SuperSonics_2000,8,abdursh01_2000,-15.082657814025879
Seattle SuperSonics_2000,9,cartevi01_2000,-15.091296195983887
Seattle SuperSonics_2000,10,lopezfe01_2000,-15.09454345703125
Seattle SuperSonics_2001,1,marshdo01_2001,-14.889241218566895
Seattle SuperSonics_2001,2,malonka01_2001,-14.899901390075684
Seattle SuperSonics_2001,3,webbech01_2001,-14.904557228088379
Seattle SuperSonics_2001,4,stackje01_2001,-14.911406517028809
Seattle SuperSonics_2001,5,mcdyean01_2001,-14.911537170410156
Seattle SuperSonics_2001,6,wallara01_2001,-14.919744491577148
Seattle SuperSonics_2001,7,robinda01_2001,-14.931902885437012
Seattle SuperSonics_2001,8,millere01_2001,-14.932206153869629
Seattle SuperSonics_2001,9,finlemi01_2001,-14.945133209228516
Seattle SuperSonics_2001,10,robingl01_2001,-14.946625709533691
Seattle SuperSonics_2002,1,jordami01_2002,-13.958921432495117
Seattle SuperSonics_2002,2,malonka01_2002,-13.989712715148926
Seattle SuperSonics_2002,3,millere01_2002,-14.139360427856445
Seattle SuperSonics_2002,4,hardati01_2002,-14.200596809387207
Seattle SuperSonics_2002,5,stockjo01_2002,-14.202265739440918
Seattle SuperSonics_2002,6,houstal01_2002,-14.260367393493652
Seattle SuperSonics_2002,7,jonesed02_2002,-14.26144027709961
Seattle SuperSonics_2002,8,persowe01_2002,-14.27341079711914
Seattle SuperSonics_2002,9,barryjo01_2002,-14.291075706481934
Seattle SuperSonics_2002,10,webbech01_2002,-14.296302795410156
Seattle SuperSonics_2003,1,iversal01_2003,-16.822179794311523
Seattle SuperSonics_2003,2,bryanko01_2003,-16.825708389282227
Seattle SuperSonics_2003,3,mcgratr01_2003,-16.830236434936523
Seattle SuperSonics_2003,4,piercpa01_2003,-16.830942153930664
Seattle SuperSonics_2003,5,mariosh01_2003,-16.8377628326416
Seattle SuperSonics_2003,6,garneke01_2003,-16.85702133178711
Seattle SuperSonics_2003,7,webbech01_2003,-16.861377716064453
Seattle SuperSonics_2003,8,duncati01_2003,-16.864540100097656
Seattle SuperSonics_2003,9,cartevi01_2003,-16.86817169189453
Seattle SuperSonics_2003,10,maggeco01_2003,-16.868249893188477
Seattle SuperSonics_2004,1,millere01_2004,-13.497000694274902
Seattle SuperSonics_2004,2,kukocto01_2004,-13.505941390991211
Seattle SuperSonics_2004,3,onealsh01_2004,-13.526127815246582
Seattle SuperSonics_2004,4,paytoga01_2004,-13.54283332824707
Seattle SuperSonics_2004,5,garneke01_2004,-13.585638999938965
Seattle SuperSonics_2004,6,jonesed02_2004,-13.586984634399414
Seattle SuperSonics_2004,7,finlemi01_2004,-13.58802604675293
Seattle SuperSonics_2004,8,duncati01_2004,-13.593146324157715
Seattle SuperSonics_2004,9,jacksbo01_2004,-13.605012893676758
Seattle SuperSonics_2004,10,cassesa01_2004,-13.63289737701416
Seattle SuperSonics_2005,1,crawfja01_2005,-13.176549911499023
Seattle SuperSonics_2005,2,maggeco01_2005,-13.177247047424316
Seattle SuperSonics_2005,3,richaja01_2005,-13.180272102355957
Seattle SuperSonics_2005,4,davisri01_2005,-13.181280136108398
Seattle SuperSonics_2005,5,wadedw01_2005,-13.182905197143555
Seattle SuperSonics_2005,6,reddmi01_2005,-13.1838960647583
Seattle SuperSonics_2005,7,childjo01_2005,-13.196008682250977
Seattle SuperSonics_2005,8,gordobe01_2005,-13.207605361938477
Seattle SuperSonics_2005,9,arenagi01_2005,-13.214256286621094
Seattle SuperSonics_2005,10,harrial01_2005,-13.218080520629883
Seattle SuperSonics_2006,1,wadedw01_2006,-12.712396621704102
Seattle SuperSonics_2006,2,gordobe01_2006,-12.721124649047852
Seattle SuperSonics_2006,3,johnsjo02_2006,-12.726661682128906
Seattle SuperSonics_2006,4,richaja01_2006,-12.728590965270996
Seattle SuperSonics_2006,5,crawfja01_2006,-12.729915618896484
Seattle SuperSonics_2006,6,millemi01_2006,-12.747884750366211
Seattle SuperSonics_2006,7,kirilan01_2006,-12.753560066223145
Seattle SuperSonics_2006,8,arenagi01_2006,-12.762269973754883
Seattle SuperSonics_2006,9,hinriki01_2006,-12.762704849243164
Seattle SuperSonics_2006,10,butleca01_2006,-12.763287544250488
Seattle SuperSonics_2007,1,childjo01_2007,-14.50163459777832
Seattle SuperSonics_2007,2,brewero02_2007,-14.506880760192871
Seattle SuperSonics_2007,3,adamsha01_2007,-14.526937484741211
Seattle SuperSonics_2007,4,smithjo03_2007,-14.550521850585938
Seattle SuperSonics_2007,5,willima02_2007,-14.564605712890625
Seattle SuperSonics_2007,6,greenwi01_2007,-14.565593719482422
Seattle SuperSonics_2007,7,stoudsa01_2007,-14.573272705078125
Seattle SuperSonics_2007,8,westde01_2007,-14.575719833374023
Seattle SuperSonics_2007,9,goodedr01_2007,-14.575874328613281
Seattle SuperSonics_2007,10,grahajo01_2007,-14.576173782348633
Seattle SuperSonics_2008,1,gayru01_2008,-13.76072883605957
Seattle SuperSonics_2008,2,willilo02_2008,-13.834096908569336
Seattle SuperSonics_2008,3,farmajo01_2008,-13.845281600952148
Seattle SuperSonics_2008,4,breweco01_2008,-13.963998794555664
Seattle SuperSonics_2008,5,jianlyi01_2008,-14.001694679260254
Seattle SuperSonics_2008,6,webstma02_2008,-14.027581214904785
Seattle SuperSonics_2008,7,chandwi01_2008,-14.030920028686523
Seattle SuperSonics_2008,8,willish03_2008,-14.036182403564453
Seattle SuperSonics_2008,9,rodrise01_2008,-14.054694175720215
Seattle SuperSonics_2008,10,conlemi01_2008,-14.055248260498047
Toronto Raptors_1999,1,iversal01_1999,-16.559310913085938
Toronto Raptors_1999,2,stackje01_1999,-16.597980499267578
Toronto Raptors_1999,3,allenra02_1999,-16.599170684814453
Toronto Raptors_1999,4,garneke01_1999,-16.603971481323242
Toronto Raptors_1999,5,carrch01_1999,-16.608299255371094
Toronto Raptors_1999,6,bryanko01_1999,-16.60833740234375
Toronto Raptors_1999,7,anderde01_1999,-16.610267639160156
Toronto Raptors_1999,8,finlemi01_1999,-16.61175537109375
Toronto Raptors_1999,9,hillgr01_1999,-16.613182067871094
Toronto Raptors_1999,10,abdursh01_1999,-16.614648818969727
Toronto Raptors_2000,1,stackje01_2000,-15.047660827636719
Toronto Raptors_2000,2,anderde01_2000,-15.050793647766113
Toronto Raptors_2000,3,dickemi01_2000,-15.058136940002441
Toronto Raptors_2000,4,moblecu01_2000,-15.069275856018066
Toronto Raptors_2000,5,iversal01_2000,-15.069705963134766
Toronto Raptors_2000,6,bryanko01_2000,-15.076123237609863
Toronto Raptors_2000,7,abdursh01_2000,-15.078987121582031
Toronto Raptors_2000,8,allenra02_2000,-15.079713821411133
Toronto Raptors_2000,9,francst01_2000,-15.09571361541748
Toronto Raptors_2000,10,lopezfe01_2000,-15.101419448852539
Toronto Raptors_2001,1,malonka01_2001,-15.239108085632324
Toronto Raptors_2001,2,robinda01_2001,-15.298687934875488
Toronto Raptors_2001,3,millere01_2001,-15.430900573730469
Toronto Raptors_2001,4,richmmi01_2001,-15.473424911499023
Toronto Raptors_2001,5,stockjo01_2001,-15.499127388000488
Toronto Raptors_2001,6,sprewla01_2001,-15.553247451782227
Toronto Raptors_2001,7,cebalce01_2001,-15.570161819458008
Toronto Raptors_2001,8,robincl02_2001,-15.587509155273438
Toronto Raptors_2001,9,wesleda01_2001,-15.626940727233887
Toronto Raptors_2001,10,smithst01_2001,-15.63333511352539
Toronto Raptors_2002,1,mcgratr01_2002,-16.589723587036133
Toronto Raptors_2002,2,piercpa01_2002,-16.58986473083496
Toronto Raptors_2002,3,bryanko01_2002,-16.591102600097656
Toronto Raptors_2002,4,kirilan01_2002,-16.623844146728516
Toronto Raptors_2002,5,iversal01_2002,-16.623981475830078
Toronto Raptors_2002,6,hamilri01_2002,-16.624277114868164
Toronto Raptors_2002,7,szczewa02_2002,-16.62837791442871
Toronto Raptors_2002,8,terryja01_2002,-16.62944793701172
Toronto Raptors_2002,9,brandel01_2002,-16.630599975585938
Toronto Raptors_2002,10,reddmi01_2002,-16.63555908203125
Toronto Raptors_2003,1,simmobo01_2003,-16.144329071044922
Toronto Raptors_2003,2,jefferi01_2003,-16.15703582763672
Toronto Raptors_2003,3,stoudam01_2003,-16.158384323120117
Toronto Raptors_2003,4,brandel01_2003,-16.166698455810547
Toronto Raptors_2003,5,harvedo01_2003,-16.167699813842773
Toronto Raptors_2003,6,murphtr01_2003,-16.169588088989258
Toronto Raptors_2003,7,lamplse01_2003,-16.171192169189453
Toronto Raptors_2003,8,wallage01_2003,-16.171321868896484
Toronto Raptors_2003,9,harrial01_2003,-16.171754837036133
Toronto Raptors_2003,10,boozeca01_2003,-16.173730850219727
Toronto Raptors_2004,1,mcgratr01_2004,-16.584142684936523
Toronto Raptors_2004,2,bryanko01_2004,-16.595317840576172
Toronto Raptors_2004,3,reddmi01_2004,-16.609712600708008
Toronto Raptors_2004,4,jamesle01_2004,-16.610092163085938
Toronto Raptors_2004,5,brandel01_2004,-16.623191833496094
Toronto Raptors_2004,6,hughela01_2004,-16.62717628479004
Toronto Raptors_2004,7,crawfja01_2004,-16.62940216064453
Toronto Raptors_2004,8,lewisra02_2004,-16.62970542907715
Toronto Raptors_2004,9,richaja01_2004,-16.632272720336914
Toronto Raptors_2004,10,mariosh01_2004,-16.634172439575195
Toronto Raptors_2005,1,childjo01_2005,-14.51513957977295
Toronto Raptors_2005,2,harrial01_2005,-14.576927185058594
Toronto Raptors_2005,3,smithjo03_2005,-14.582804679870605
Toronto Raptors_2005,4,smithjr01_2005,-14.583258628845215
Toronto Raptors_2005,5,goodedr01_2005,-14.58944034576416
Toronto Raptors_2005,6,milesda01_2005,-14.59041976928711
Toronto Raptors_2005,7,krstine01_2005,-14.595258712768555
Toronto Raptors_2005,8,jonesfr01_2005,-14.595915794372559
Toronto Raptors_2005,9,boganke01_2005,-14.60020637512207
Toronto Raptors_2005,10,okafoem01_2005,-14.602459907531738
Toronto Raptors_2006,1,wadedw01_2006,-12.689388275146484
Toronto Raptors_2006,2,gordobe01_2006,-12.69864559173584
Toronto Raptors_2006,3,johnsjo02_2006,-12.704208374023438
Toronto Raptors_2006,4,richaja01_2006,-12.706124305725098
Toronto Raptors_2006,5,crawfja01_2006,-12.707480430603027
Toronto Raptors_2006,6,millemi01_2006,-12.725312232971191
Toronto Raptors_2006,7,kirilan01_2006,-12.73022174835205
Toronto Raptors_2006,8,arenagi01_2006,-12.739306449890137
Toronto Raptors_2006,9,hinriki01_2006,-12.740310668945312
Toronto Raptors_2006,10,butleca01_2006,-12.740478515625
Toronto Raptors_2007,1,childjo01_2007,-15.475791931152344
Toronto Raptors_2007,2,iguodan01_2007,-15.48819637298584
Toronto Raptors_2007,3,gordobe01_2007,-15.491612434387207
Toronto Raptors_2007,4,johnsjo02_2007,-15.492045402526855
Toronto Raptors_2007,5,barbole01_2007,-15.495392799377441
Toronto Raptors_2007,6,brewero02_2007,-15.495794296264648
Toronto Raptors_2007,7,roybr01_2007,-15.496109962463379
Toronto Raptors_2007,8,martike02_2007,-15.497679710388184
Toronto Raptors_2007,9,adamsha01_2007,-15.499466896057129
Toronto Raptors_2007,10,wadedw01_2007,-15.501531600952148
Toronto Raptors_2008,1,iversal01_2008,-13.385773658752441
Toronto Raptors_2008,2,ginobma01_2008,-13.392460823059082
Toronto Raptors_2008,3,piercpa01_2008,-13.497798919677734
Toronto Raptors_2008,4,nashst01_2008,-13.506551742553711
Toronto Raptors_2008,5,billuch01_2008,-13.521783828735352
Toronto Raptors_2008,6,garneke01_2008,-13.550904273986816
Toronto Raptors_2008,7,mcgratr01_2008,-13.571998596191406
Toronto Raptors_2008,8,bryanko01_2008,-13.572985649108887
Toronto Raptors_2008,9,wadedw01_2008,-13.599273681640625
Toronto Raptors_2008,10,davisba01_2008,-13.688167572021484
Toronto Raptors_2009,1,westbru01_2009,-14.355606079101562
Toronto Raptors_2009,2,rosede01_2009,-14.365283012390137
Toronto Raptors_2009,3,youngth01_2009,-14.366494178771973
Toronto Raptors_2009,4,augusdj01_2009,-14.369746208190918
Toronto Raptors_2009,5,gordoer01_2009,-14.38615608215332
Toronto Raptors_2009,6,mayooj01_2009,-14.388498306274414
Toronto Raptors_2009,7,gayru01_2009,-14.412395477294922
Toronto Raptors_2009,8,randoan01_2009,-14.417776107788086
Toronto Raptors_2009,9,turkohe01_2009,-14.417789459228516
Toronto Raptors_2009,10,beaslmi01_2009,-14.422444343566895
Toronto Raptors_2010,1,curryst01_2010,-12.44167709350586
Toronto Raptors_2010,2,jennibr01_2010,-12.442574501037598
Toronto Raptors_2010,3,westbru01_2010,-12.446069717407227
Toronto Raptors_2010,4,rosede01_2010,-12.446212768554688
Toronto Raptors_2010,5,anderry01_2010,-12.446514129638672
Toronto Raptors_2010,6,flynnjo01_2010,-12.462698936462402
Toronto Raptors_2010,7,beaubro01_2010,-12.466253280639648
Toronto Raptors_2010,8,gordoer01_2010,-12.477923393249512
Toronto Raptors_2010,9,evansty01_2010,-12.482748985290527
Toronto Raptors_2010,10,bayleje01_2010,-12.49691390991211
Toronto Raptors_2011,1,walljo01_2011,-13.2774658203125
Toronto Raptors_2011,2,jennibr01_2011,-13.296802520751953
Toronto Raptors_2011,3,evansty01_2011,-13.418115615844727
Toronto Raptors_2011,4,aminual01_2011,-13.43339729309082
Toronto Raptors_2011,5,eyengch01_2011,-13.451767921447754
Toronto Raptors_2011,6,hardeja01_2011,-13.455315589904785
Toronto Raptors_2011,7,flynnjo01_2011,-13.48009967803955
Toronto Raptors_2011,8,babbilu01_2011,-13.484749794006348
Toronto Raptors_2011,9,haywago01_2011,-13.48923397064209
Toronto Raptors_2011,10,anderja01_2011,-13.491964340209961
Toronto Raptors_2012,1,haywago01_2012,-14.405383110046387
Toronto Raptors_2012,2,walkeke02_2012,-14.4226713180542
Toronto Raptors_2012,3,walljo01_2012,-14.435844421386719
Toronto Raptors_2012,4,thompkl01_2012,-14.491438865661621
Toronto Raptors_2012,5,burksal01_2012,-14.52273178100586
Toronto Raptors_2012,6,favorde01_2012,-14.551624298095703
Toronto Raptors_2012,7,batumni01_2012,-14.572256088256836
Toronto Raptors_2012,8,gayru01_2012,-14.582599639892578
Toronto Raptors_2012,9,gallida01_2012,-14.584144592285156
Toronto Raptors_2012,10,monrogr01_2012,-14.58452033996582
Toronto Raptors_2013,1,knighbr03_2013,-13.98724365234375
Toronto Raptors_2013,2,waitedi01_2013,-14.005263328552246
Toronto Raptors_2013,3,bealbr01_2013,-14.014087677001953
Toronto Raptors_2013,4,parsoch01_2013,-14.043392181396484
Toronto Raptors_2013,5,thomptr01_2013,-14.044313430786133
Toronto Raptors_2013,6,davisan02_2013,-14.046667098999023
Toronto Raptors_2013,7,willide02_2013,-14.057402610778809
Toronto Raptors_2013,8,anderry01_2013,-14.058890342712402
Toronto Raptors_2013,9,denglu01_2013,-14.062603950500488
Toronto Raptors_2013,10,gallida01_2013,-14.063163757324219
Toronto Raptors_2014,1,wadedw01_2014,-14.631406784057617
Toronto Raptors_2014,2,ginobma01_2014,-14.651288032531738
Toronto Raptors_2014,3,dragigo01_2014,-14.668924331665039
Toronto Raptors_2014,4,nowitdi01_2014,-14.706770896911621
Toronto Raptors_2014,5,paulch01_2014,-14.712934494018555
Toronto Raptors_2014,6,conlemi01_2014,-14.720419883728027
Toronto Raptors_2014,7,anthoca01_2014,-14.724127769470215
Toronto Raptors_2014,8,jamesle01_2014,-14.73401165008545
Toronto Raptors_2014,9,hardeja01_2014,-14.749780654907227
Toronto Raptors_2014,10,duranke01_2014,-14.79031753540039
Toronto Raptors_2015,1,parsoch01_2015,-14.795373916625977
Toronto Raptors_2015,2,gayru01_2015,-14.797830581665039
Toronto Raptors_2015,3,gallida01_2015,-14.802216529846191
Toronto Raptors_2015,4,denglu01_2015,-14.80453109741211
Toronto Raptors_2015,5,curryst01_2015,-14.806482315063477
Toronto Raptors_2015,6,wiggian01_2015,-14.807153701782227
Toronto Raptors_2015,7,millspa01_2015,-14.810141563415527
Toronto Raptors_2015,8,duranke01_2015,-14.810367584228516
Toronto Raptors_2015,9,davisan02_2015,-14.812711715698242
Toronto Raptors_2015,10,paulch01_2015,-14.813547134399414
Toronto Raptors_2016,1,duranke01_2016,-12.896642684936523
Toronto Raptors_2016,2,anthoca01_2016,-12.911538124084473
Toronto Raptors_2016,3,jamesle01_2016,-12.921850204467773
Toronto Raptors_2016,4,butleji01_2016,-12.929845809936523
Toronto Raptors_2016,5,griffbl01_2016,-12.931713104248047
Toronto Raptors_2016,6,westbru01_2016,-12.936269760131836
Toronto Raptors_2016,7,hardeja01_2016,-12.941739082336426
Toronto Raptors_2016,8,curryst01_2016,-12.946675300598145
Toronto Raptors_2016,9,thomais02_2016,-12.948256492614746
Toronto Raptors_2016,10,paulch01_2016,-12.980389595031738
Toronto Raptors_2017,1,butleji01_2017,-17.13768768310547
Toronto Raptors_2017,2,georgpa01_2017,-17.140871047973633
Toronto Raptors_2017,3,haywago01_2017,-17.1440486907959
Toronto Raptors_2017,4,jamesle01_2017,-17.174434661865234
Toronto Raptors_2017,5,griffbl01_2017,-17.189523696899414
Toronto Raptors_2017,6,duranke01_2017,-17.192094802856445
Toronto Raptors_2017,7,walljo01_2017,-17.2332763671875
Toronto Raptors_2017,8,curryst01_2017,-17.233760833740234
Toronto Raptors_2017,9,thomais02_2017,-17.23443603515625
Toronto Raptors_2017,10,conlemi01_2017,-17.237730026245117
Toronto Raptors_2018,1,willilo02_2018,-15.266120910644531
Toronto Raptors_2018,2,jamesle01_2018,-15.296069145202637
Toronto Raptors_2018,3,duranke01_2018,-15.315106391906738
Toronto Raptors_2018,4,georgpa01_2018,-15.334503173828125
Toronto Raptors_2018,5,butleji01_2018,-15.335162162780762
Toronto Raptors_2018,6,hardeja01_2018,-15.339816093444824
Toronto Raptors_2018,7,paulch01_2018,-15.425019264221191
Toronto Raptors_2018,8,westbru01_2018,-15.486084938049316
Toronto Raptors_2018,9,curryst01_2018,-15.496722221374512
Toronto Raptors_2018,10,lillada01_2018,-15.49880599975586
Toronto Raptors_2019,1,willilo02_2019,-16.631349563598633
Toronto Raptors_2019,2,duranke01_2019,-16.635740280151367
Toronto Raptors_2019,3,gallida01_2019,-16.6530704498291
Toronto Raptors_2019,4,jamesle01_2019,-16.67293357849121
Toronto Raptors_2019,5,georgpa01_2019,-16.735963821411133
Toronto Raptors_2019,6,butleji01_2019,-16.73829460144043
Toronto Raptors_2019,7,griffbl01_2019,-16.785789489746094
Toronto Raptors_2019,8,curryst01_2019,-16.822053909301758
Toronto Raptors_2019,9,westbru01_2019,-16.825197219848633
Toronto Raptors_2019,10,paulch01_2019,-16.82590675354004
Toronto Raptors_2020,1,hardeja01_2020,-16.149810791015625
Toronto Raptors_2020,2,butleji01_2020,-16.149965286254883
Toronto Raptors_2020,3,middlkh01_2020,-16.154346466064453
Toronto Raptors_2020,4,derozde01_2020,-16.155038833618164
Toronto Raptors_2020,5,georgpa01_2020,-16.16756820678711
Toronto Raptors_2020,6,leonaka01_2020,-16.168298721313477
Toronto Raptors_2020,7,davisan02_2020,-16.193201065063477
Toronto Raptors_2020,8,bealbr01_2020,-16.19688606262207
Toronto Raptors_2020,9,jamesle01_2020,-16.23065948486328
Toronto Raptors_2020,10,paulch01_2020,-16.236034393310547
Toronto Raptors_2021,1,barrerj01_2021,-19.682552337646484
Toronto Raptors_2021,2,gilgesh01_2021,-19.68257713317871
Toronto Raptors_2021,3,herroty01_2021,-19.687969207763672
Toronto Raptors_2021,4,lavinza01_2021,-19.688987731933594
Toronto Raptors_2021,5,edwaran01_2021,-19.690542221069336
Toronto Raptors_2021,6,willizi01_2021,-19.69639015197754
Toronto Raptors_2021,7,maxeyty01_2021,-19.700328826904297
Toronto Raptors_2021,8,poolejo01_2021,-19.70219612121582
Toronto Raptors_2021,9,porteke02_2021,-19.709880828857422
Toronto Raptors_2021,10,bealbr01_2021,-19.740249633789062
Toronto Raptors_2022,1,butleji01_2022,-16.796810150146484
Toronto Raptors_2022,2,duranke01_2022,-16.825590133666992
Toronto Raptors_2022,3,derozde01_2022,-16.830036163330078
Toronto Raptors_2022,4,antetgi01_2022,-16.837810516357422
Toronto Raptors_2022,5,georgpa01_2022,-16.841690063476562
Toronto Raptors_2022,6,paulch01_2022,-16.871370315551758
Toronto Raptors_2022,7,curryst01_2022,-16.898887634277344
Toronto Raptors_2022,8,hardeja01_2022,-16.90542984008789
Toronto Raptors_2022,9,jamesle01_2022,-16.94305992126465
Toronto Raptors_2022,10,loveke01_2022,-16.955013275146484
Toronto Raptors_2023,1,bookede01_2023,-18.43059730529785
Toronto Raptors_2023,2,mitchdo01_2023,-18.434354782104492
Toronto Raptors_2023,3,derozde01_2023,-18.448205947875977
Toronto Raptors_2023,4,leonaka01_2023,-18.45469856262207
Toronto Raptors_2023,5,georgpa01_2023,-18.457761764526367
Toronto Raptors_2023,6,tatumja01_2023,-18.469486236572266
Toronto Raptors_2023,7,randlju01_2023,-18.47888946533203
Toronto Raptors_2023,8,butleji01_2023,-18.48933982849121
Toronto Raptors_2023,9,antetgi01_2023,-18.49732780456543
Toronto Raptors_2023,10,duranke01_2023,-18.497846603393555
Toronto Raptors_2024,1,iveyja01_2024,-19.844585418701172
Toronto Raptors_2024,2,greenja05_2024,-19.858287811279297
Toronto Raptors_2024,3,giddejo01_2024,-19.861783981323242
Toronto Raptors_2024,4,sharpsh01_2024,-19.875059127807617
Toronto Raptors_2024,5,millebr02_2024,-19.88770294189453
Toronto Raptors_2024,6,hardyja02_2024,-19.89145851135254
Toronto Raptors_2024,7,banchpa01_2024,-19.901777267456055
Toronto Raptors_2024,8,mathube01_2024,-19.907623291015625
Toronto Raptors_2024,9,jacksgg01_2024,-19.910409927368164
Toronto Raptors_2024,10,georgke01_2024,-19.911108016967773
Toronto Raptors_2025,1,georgke01_2025,-18.376489639282227
Toronto Raptors_2025,2,castlst01_2025,-18.381567001342773
Toronto Raptors_2025,3,hendesc01_2025,-18.387388229370117
Toronto Raptors_2025,4,sharpsh01_2025,-18.443296432495117
Toronto Raptors_2025,5,sarral01_2025,-18.448429107666016
Toronto Raptors_2025,6,sensabr01_2025,-18.451709747314453
Toronto Raptors_2025,7,mccaija01_2025,-18.47136878967285
Toronto Raptors_2025,8,branhma01_2025,-18.479223251342773
Toronto Raptors_2025,9,whitmca01_2025,-18.48314666748047
Toronto Raptors_2025,10,colliis01_2025,-18.531652450561523
Utah Jazz_1999,1,barklch01_1999,-15.618589401245117
Utah Jazz_1999,2,olajuha01_1999,-15.654947280883789
Utah Jazz_1999,3,mullich01_1999,-15.736170768737793
Utah Jazz_1999,4,schrede01_1999,-15.74195671081543
Utah Jazz_1999,5,robinda01_1999,-15.84401798248291
Utah Jazz_1999,6,portete01_1999,-15.852029800415039
Utah Jazz_1999,7,sabonar01_1999,-15.854533195495605
Utah Jazz_1999,8,robincl02_1999,-15.905733108520508
Utah Jazz_1999,9,kukocto01_1999,-15.918097496032715
Utah Jazz_1999,10,anderni01_1999,-15.921874046325684
Utah Jazz_2000,1,sabonar01_2000,-14.606505393981934
Utah Jazz_2000,2,colemde01_2000,-14.746196746826172
Utah Jazz_2000,3,robinda01_2000,-14.805010795593262
Utah Jazz_2000,4,portete01_2000,-14.82585620880127
Utah Jazz_2000,5,paytoga01_2000,-14.854412078857422
Utah Jazz_2000,6,pippesc01_2000,-14.862757682800293
Utah Jazz_2000,7,robincl02_2000,-14.869196891784668
Utah Jazz_2000,8,cebalce01_2000,-14.87514877319336
Utah Jazz_2000,9,ricegl01_2000,-14.883089065551758
Utah Jazz_2000,10,smithst01_2000,-14.958773612976074
Utah Jazz_2001,1,robinda01_2001,-14.560425758361816
Utah Jazz_2001,2,millere01_2001,-14.725885391235352
Utah Jazz_2001,3,richmmi01_2001,-14.774166107177734
Utah Jazz_2001,4,sprewla01_2001,-14.868577003479004
Utah Jazz_2001,5,cebalce01_2001,-14.886900901794434
Utah Jazz_2001,6,robincl02_2001,-14.908832550048828
Utah Jazz_2001,7,wesleda01_2001,-14.961554527282715
Utah Jazz_2001,8,smithst01_2001,-14.967761993408203
Utah Jazz_2001,9,paytoga01_2001,-15.01341438293457
Utah Jazz_2001,10,brandte01_2001,-15.01666259765625
Utah Jazz_2002,1,jordami01_2002,-15.489018440246582
Utah Jazz_2002,2,millere01_2002,-15.625569343566895
Utah Jazz_2002,3,hardati01_2002,-15.684022903442383
Utah Jazz_2002,4,houstal01_2002,-15.702566146850586
Utah Jazz_2002,5,jonesed02_2002,-15.707822799682617
Utah Jazz_2002,6,iversal01_2002,-15.7098970413208
Utah Jazz_2002,7,barrybr01_2002,-15.71384048461914
Utah Jazz_2002,8,persowe01_2002,-15.716739654541016
Utah Jazz_2002,9,webbech01_2002,-15.721317291259766
Utah Jazz_2002,10,onealsh01_2002,-15.732824325561523
Utah Jazz_2003,1,jordami01_2003,-15.739877700805664
Utah Jazz_2003,2,millere01_2003,-15.824914932250977
Utah Jazz_2003,3,onealsh01_2003,-15.874293327331543
Utah Jazz_2003,4,mashbja01_2003,-15.914198875427246
Utah Jazz_2003,5,robingl01_2003,-15.94201946258545
Utah Jazz_2003,6,roseja01_2003,-15.958192825317383
Utah Jazz_2003,7,hillgr01_2003,-15.965222358703613
Utah Jazz_2003,8,kukocto01_2003,-15.985769271850586
Utah Jazz_2003,9,barryjo01_2003,-16.019445419311523
Utah Jazz_2003,10,houstal01_2003,-16.0199031829834
Utah Jazz_2004,1,mcgratr01_2004,-16.59705924987793
Utah Jazz_2004,2,bryanko01_2004,-16.608381271362305
Utah Jazz_2004,3,jamesle01_2004,-16.62164306640625
Utah Jazz_2004,4,reddmi01_2004,-16.621726989746094
Utah Jazz_2004,5,brandel01_2004,-16.636573791503906
Utah Jazz_2004,6,hughela01_2004,-16.639081954956055
Utah Jazz_2004,7,crawfja01_2004,-16.641380310058594
Utah Jazz_2004,8,lewisra02_2004,-16.642580032348633
Utah Jazz_2004,9,richaja01_2004,-16.644338607788086
Utah Jazz_2004,10,daniema01_2004,-16.646808624267578
Utah Jazz_2005,1,crawfja01_2005,-15.222838401794434
Utah Jazz_2005,2,maggeco01_2005,-15.224221229553223
Utah Jazz_2005,3,richaja01_2005,-15.226579666137695
Utah Jazz_2005,4,davisri01_2005,-15.227581977844238
Utah Jazz_2005,5,wadedw01_2005,-15.23000431060791
Utah Jazz_2005,6,reddmi01_2005,-15.23018741607666
Utah Jazz_2005,7,childjo01_2005,-15.242451667785645
Utah Jazz_2005,8,gordobe01_2005,-15.254190444946289
Utah Jazz_2005,9,arenagi01_2005,-15.26059627532959
Utah Jazz_2005,10,harrial01_2005,-15.265376091003418
Utah Jazz_2006,1,smithjo03_2006,-16.532617568969727
Utah Jazz_2006,2,denglu01_2006,-16.532711029052734
Utah Jazz_2006,3,villach01_2006,-16.551740646362305
Utah Jazz_2006,4,howardw01_2006,-16.553258895874023
Utah Jazz_2006,5,murphtr01_2006,-16.55789566040039
Utah Jazz_2006,6,willima02_2006,-16.55872344970703
Utah Jazz_2006,7,harrial01_2006,-16.559040069580078
Utah Jazz_2006,8,westda01_2006,-16.564725875854492
Utah Jazz_2006,9,krstine01_2006,-16.566219329833984
Utah Jazz_2006,10,randoza01_2006,-16.568187713623047
Utah Jazz_2007,1,wadedw01_2007,-14.583057403564453
Utah Jazz_2007,2,iguodan01_2007,-14.592287063598633
Utah Jazz_2007,3,gordobe01_2007,-14.592476844787598
Utah Jazz_2007,4,mcgratr01_2007,-14.595963478088379
Utah Jazz_2007,5,johnsjo02_2007,-14.596851348876953
Utah Jazz_2007,6,piercpa01_2007,-14.597841262817383
Utah Jazz_2007,7,barbole01_2007,-14.598494529724121
Utah Jazz_2007,8,roybr01_2007,-14.599050521850586
Utah Jazz_2007,9,anthoca01_2007,-14.599663734436035
Utah Jazz_2007,10,bryanko01_2007,-14.601585388183594
Utah Jazz_2008,1,iversal01_2008,-13.088289260864258
Utah Jazz_2008,2,ginobma01_2008,-13.095519065856934
Utah Jazz_2008,3,piercpa01_2008,-13.184924125671387
Utah Jazz_2008,4,nashst01_2008,-13.194558143615723
Utah Jazz_2008,5,billuch01_2008,-13.210451126098633
Utah Jazz_2008,6,garneke01_2008,-13.235108375549316
Utah Jazz_2008,7,mcgratr01_2008,-13.241323471069336
Utah Jazz_2008,8,bryanko01_2008,-13.241878509521484
Utah Jazz_2008,9,wadedw01_2008,-13.266326904296875
Utah Jazz_2008,10,davisba01_2008,-13.341846466064453
Utah Jazz_2009,1,bryanko01_2009,-14.104501724243164
Utah Jazz_2009,2,ginobma01_2009,-14.122591972351074
Utah Jazz_2009,3,piercpa01_2009,-14.214396476745605
Utah Jazz_2009,4,iversal01_2009,-14.240348815917969
Utah Jazz_2009,5,nowitdi01_2009,-14.247459411621094
Utah Jazz_2009,6,wadedw01_2009,-14.287492752075195
Utah Jazz_2009,7,parketo01_2009,-14.3982515335083
Utah Jazz_2009,8,nelsoja01_2009,-14.429884910583496
Utah Jazz_2009,9,mingya01_2009,-14.430875778198242
Utah Jazz_2009,10,gasolpa01_2009,-14.4320707321167
Utah Jazz_2010,1,bryanko01_2010,-13.710034370422363
Utah Jazz_2010,2,ginobma01_2010,-13.717370986938477
Utah Jazz_2010,3,iversal01_2010,-13.740228652954102
Utah Jazz_2010,4,piercpa01_2010,-13.803491592407227
Utah Jazz_2010,5,nashst01_2010,-13.806458473205566
Utah Jazz_2010,6,billuch01_2010,-13.819300651550293
Utah Jazz_2010,7,nowitdi01_2010,-13.832290649414062
Utah Jazz_2010,8,wadedw01_2010,-13.8443603515625
Utah Jazz_2010,9,duncati01_2010,-13.851717948913574
Utah Jazz_2010,10,grangda01_2010,-13.953723907470703
Utah Jazz_2011,1,jamesle01_2011,-14.791413307189941
Utah Jazz_2011,2,wadedw01_2011,-14.806755065917969
Utah Jazz_2011,3,grangda01_2011,-14.812849044799805
Utah Jazz_2011,4,derozde01_2011,-14.81783676147461
Utah Jazz_2011,5,johnsjo02_2011,-14.820147514343262
Utah Jazz_2011,6,martike02_2011,-14.824458122253418
Utah Jazz_2011,7,duranke01_2011,-14.825483322143555
Utah Jazz_2011,8,griffbl01_2011,-14.835173606872559
Utah Jazz_2011,9,parketo01_2011,-14.835264205932617
Utah Jazz_2011,10,boshch01_2011,-14.836137771606445
Utah Jazz_2012,1,jamesle01_2012,-14.866703033447266
Utah Jazz_2012,2,anthoca01_2012,-14.873327255249023
Utah Jazz_2012,3,paulch01_2012,-14.891894340515137
Utah Jazz_2012,4,parketo01_2012,-14.902876853942871
Utah Jazz_2012,5,grangda01_2012,-14.909001350402832
Utah Jazz_2012,6,irvinky01_2012,-14.909441947937012
Utah Jazz_2012,7,afflaar01_2012,-14.90959358215332
Utah Jazz_2012,8,willide01_2012,-14.912989616394043
Utah Jazz_2012,9,nealga01_2012,-14.913647651672363
Utah Jazz_2012,10,gordobe01_2012,-14.91374683380127
Utah Jazz_2013,1,wadedw01_2013,-14.165616035461426
Utah Jazz_2013,2,bryanko01_2013,-14.16740894317627
Utah Jazz_2013,3,piercpa01_2013,-14.207037925720215
Utah Jazz_2013,4,willide01_2013,-14.208086967468262
Utah Jazz_2013,5,parketo01_2013,-14.209822654724121
Utah Jazz_2013,6,jamesle01_2013,-14.211251258850098
Utah Jazz_2013,7,paulch01_2013,-14.223977088928223
Utah Jazz_2013,8,anthoca01_2013,-14.229247093200684
Utah Jazz_2013,9,hardeja01_2013,-14.252399444580078
Utah Jazz_2013,10,georgpa01_2013,-14.277220726013184
Utah Jazz_2014,1,wroteto01_2014,-13.195650100708008
Utah Jazz_2014,2,antetgi01_2014,-13.327813148498535
Utah Jazz_2014,3,millequ01_2014,-13.345332145690918
Utah Jazz_2014,4,bennean01_2014,-13.349516868591309
Utah Jazz_2014,5,karasse01_2014,-13.36959457397461
Utah Jazz_2014,6,bealbr01_2014,-13.372482299804688
Utah Jazz_2014,7,porteot01_2014,-13.384692192077637
Utah Jazz_2014,8,riverau01_2014,-13.394393920898438
Utah Jazz_2014,9,larkish01_2014,-13.39567756652832
Utah Jazz_2014,10,barneha02_2014,-13.414525032043457
Utah Jazz_2015,1,wadedw01_2015,-14.19304084777832
Utah Jazz_2015,2,jamesle01_2015,-14.211526870727539
Utah Jazz_2015,3,curryst01_2015,-14.221817970275879
Utah Jazz_2015,4,gayru01_2015,-14.22775650024414
Utah Jazz_2015,5,anthoca01_2015,-14.230669975280762
Utah Jazz_2015,6,westbru01_2015,-14.231815338134766
Utah Jazz_2015,7,paulch01_2015,-14.231913566589355
Utah Jazz_2015,8,hillge01_2015,-14.233906745910645
Utah Jazz_2015,9,duranke01_2015,-14.234661102294922
Utah Jazz_2015,10,millspa01_2015,-14.238698959350586
Utah Jazz_2016,1,westbru01_2016,-11.74868392944336
Utah Jazz_2016,2,lowryky01_2016,-11.750598907470703
Utah Jazz_2016,3,thomais02_2016,-11.75146484375
Utah Jazz_2016,4,duranke01_2016,-11.756446838378906
Utah Jazz_2016,5,curryst01_2016,-11.759805679321289
Utah Jazz_2016,6,griffbl01_2016,-11.77818775177002
Utah Jazz_2016,7,butleji01_2016,-11.796725273132324
Utah Jazz_2016,8,hardeja01_2016,-11.804923057556152
Utah Jazz_2016,9,derozde01_2016,-11.8052396774292
Utah Jazz_2016,10,anthoca01_2016,-11.807291030883789
Utah Jazz_2017,1,butleji01_2017,-12.942747116088867
Utah Jazz_2017,2,georgpa01_2017,-12.94534683227539
Utah Jazz_2017,3,griffbl01_2017,-12.991836547851562
Utah Jazz_2017,4,duranke01_2017,-12.99327278137207
Utah Jazz_2017,5,walljo01_2017,-13.004094123840332
Utah Jazz_2017,6,curryst01_2017,-13.004143714904785
Utah Jazz_2017,7,westbru01_2017,-13.00499153137207
Utah Jazz_2017,8,thomais02_2017,-13.005133628845215
Utah Jazz_2017,9,conlemi01_2017,-13.006122589111328
Utah Jazz_2017,10,walkeke02_2017,-13.006842613220215
Utah Jazz_2018,1,duranke01_2018,-14.01229190826416
Utah Jazz_2018,2,georgpa01_2018,-14.0255765914917
Utah Jazz_2018,3,jamesle01_2018,-14.067628860473633
Utah Jazz_2018,4,butleji01_2018,-14.068278312683105
Utah Jazz_2018,5,hardeja01_2018,-14.076061248779297
Utah Jazz_2018,6,willilo02_2018,-14.076638221740723
Utah Jazz_2018,7,derozde01_2018,-14.086892127990723
Utah Jazz_2018,8,westbru01_2018,-14.098155975341797
Utah Jazz_2018,9,lillada01_2018,-14.108053207397461
Utah Jazz_2018,10,walkeke02_2018,-14.109176635742188
Utah Jazz_2019,1,duranke01_2019,-16.108747482299805
Utah Jazz_2019,2,georgpa01_2019,-16.11720085144043
Utah Jazz_2019,3,gallida01_2019,-16.119359970092773
Utah Jazz_2019,4,butleji01_2019,-16.122310638427734
Utah Jazz_2019,5,leonaka01_2019,-16.124324798583984
Utah Jazz_2019,6,jamesle01_2019,-16.12847900390625
Utah Jazz_2019,7,willilo02_2019,-16.136693954467773
Utah Jazz_2019,8,griffbl01_2019,-16.154056549072266
Utah Jazz_2019,9,hardeja01_2019,-16.194061279296875
Utah Jazz_2019,10,westbru01_2019,-16.2069149017334
Utah Jazz_2020,1,hardeja01_2020,-17.89502716064453
Utah Jazz_2020,2,butleji01_2020,-17.926551818847656
Utah Jazz_2020,3,derozde01_2020,-17.93128776550293
Utah Jazz_2020,4,middlkh01_2020,-17.983600616455078
Utah Jazz_2020,5,georgpa01_2020,-17.99691390991211
Utah Jazz_2020,6,leonaka01_2020,-17.999176025390625
Utah Jazz_2020,7,bealbr01_2020,-18.006746292114258
Utah Jazz_2020,8,davisan02_2020,-18.029321670532227
Utah Jazz_2020,9,jamesle01_2020,-18.036611557006836
Utah Jazz_2020,10,westbru01_2020,-18.061880111694336
Utah Jazz_2021,1,butleji01_2021,-18.14262580871582
Utah Jazz_2021,2,georgpa01_2021,-18.167919158935547
Utah Jazz_2021,3,derozde01_2021,-18.20067024230957
Utah Jazz_2021,4,duranke01_2021,-18.203615188598633
Utah Jazz_2021,5,bealbr01_2021,-18.228071212768555
Utah Jazz_2021,6,leonaka01_2021,-18.275632858276367
Utah Jazz_2021,7,paulch01_2021,-18.279064178466797
Utah Jazz_2021,8,jamesle01_2021,-18.29543113708496
Utah Jazz_2021,9,davisan02_2021,-18.297103881835938
Utah Jazz_2021,10,randlju01_2021,-18.299638748168945
Utah Jazz_2022,1,butleji01_2022,-16.794105529785156
Utah Jazz_2022,2,duranke01_2022,-16.835542678833008
Utah Jazz_2022,3,derozde01_2022,-16.84014129638672
Utah Jazz_2022,4,georgpa01_2022,-16.85649871826172
Utah Jazz_2022,5,paulch01_2022,-16.888769149780273
Utah Jazz_2022,6,antetgi01_2022,-16.924177169799805
Utah Jazz_2022,7,siakapa01_2022,-16.92854118347168
Utah Jazz_2022,8,curryst01_2022,-16.97944450378418
Utah Jazz_2022,9,hardeja01_2022,-16.982139587402344
Utah Jazz_2022,10,jamesle01_2022,-17.035381317138672
Utah Jazz_2023,1,derozde01_2023,-19.877166748046875
Utah Jazz_2023,2,leonaka01_2023,-19.880550384521484
Utah Jazz_2023,3,georgpa01_2023,-19.884082794189453
Utah Jazz_2023,4,bookede01_2023,-19.897356033325195
Utah Jazz_2023,5,mitchdo01_2023,-19.89990234375
Utah Jazz_2023,6,butleji01_2023,-19.92839241027832
Utah Jazz_2023,7,jamesle01_2023,-19.935766220092773
Utah Jazz_2023,8,duranke01_2023,-19.936155319213867
Utah Jazz_2023,9,randlju01_2023,-20.00482177734375
Utah Jazz_2023,10,siakapa01_2023,-20.01243782043457
Utah Jazz_2024,1,irvinky01_2024,-19.847761154174805
Utah Jazz_2024,2,leonaka01_2024,-19.90380859375
Utah Jazz_2024,3,derozde01_2024,-19.91575050354004
Utah Jazz_2024,4,georgpa01_2024,-19.941940307617188
Utah Jazz_2024,5,mitchdo01_2024,-19.948469161987305
Utah Jazz_2024,6,duranke01_2024,-19.95652198791504
Utah Jazz_2024,7,jamesle01_2024,-19.956592559814453
Utah Jazz_2024,8,butleji01_2024,-19.960227966308594
Utah Jazz_2024,9,antetgi01_2024,-20.028074264526367
Utah Jazz_2024,10,davisan02_2024,-20.042348861694336
Utah Jazz_2025,1,sharpsh01_2025,-19.76495933532715
Utah Jazz_2025,2,mccaija01_2025,-19.797210693359375
Utah Jazz_2025,3,branhma01_2025,-19.801408767700195
Utah Jazz_2025,4,castlst01_2025,-19.814109802246094
Utah Jazz_2025,5,hendesc01_2025,-19.826744079589844
Utah Jazz_2025,6,whitmca01_2025,-19.841989517211914
Utah Jazz_2025,7,wellsja01_2025,-20.01605796813965
Utah Jazz_2025,8,dickgr01_2025,-20.021032333374023
Utah Jazz_2025,9,walteja01_2025,-20.042564392089844
Utah Jazz_2025,10,smithni01_2025,-20.042667388916016
Vancouver Grizzlies_1999,1,hughela01_1999,-14.785980224609375
Vancouver Grizzlies_1999,2,mcgratr01_1999,-14.836127281188965
Vancouver Grizzlies_1999,3,nowitdi01_1999,-14.839695930480957
Vancouver Grizzlies_1999,4,willico02_1999,-14.852799415588379
Vancouver Grizzlies_1999,5,doleami01_1999,-14.856707572937012
Vancouver Grizzlies_1999,6,marshdo01_1999,-14.861283302307129
Vancouver Grizzlies_1999,7,harprma01_1999,-14.8632173538208
Vancouver Grizzlies_1999,8,mcdyean01_1999,-14.866802215576172
Vancouver Grizzlies_1999,9,wallajo01_1999,-14.87015151977539
Vancouver Grizzlies_1999,10,smithjo02_1999,-14.872089385986328
Vancouver Grizzlies_2000,1,baileto01_2000,-14.842483520507812
Vancouver Grizzlies_2000,2,odomla01_2000,-14.851910591125488
Vancouver Grizzlies_2000,3,brandel01_2000,-14.868339538574219
Vancouver Grizzlies_2000,4,lewisra02_2000,-14.873635292053223
Vancouver Grizzlies_2000,5,maggeco01_2000,-14.883082389831543
Vancouver Grizzlies_2000,6,mariosh01_2000,-14.895586013793945
Vancouver Grizzlies_2000,7,harrial01_2000,-14.895751953125
Vancouver Grizzlies_2000,8,lafrera01_2000,-14.900477409362793
Vancouver Grizzlies_2000,9,hamilri01_2000,-14.909317016601562
Vancouver Grizzlies_2000,10,patteru01_2000,-14.912679672241211
Vancouver Grizzlies_2001,1,dialde01_2001,-15.410072326660156
Vancouver Grizzlies_2001,2,brandel01_2001,-15.4193696975708
Vancouver Grizzlies_2001,3,maggeco01_2001,-15.42473316192627
Vancouver Grizzlies_2001,4,mihmch01_2001,-15.435462951660156
Vancouver Grizzlies_2001,5,nesbyty01_2001,-15.45565414428711
Vancouver Grizzlies_2001,6,richaqu01_2001,-15.458100318908691
Vancouver Grizzlies_2001,7,martike01_2001,-15.46129322052002
Vancouver Grizzlies_2001,8,potapvi01_2001,-15.464500427246094
Vancouver Grizzlies_2001,9,patteru01_2001,-15.465031623840332
Vancouver Grizzlies_2001,10,tayloma01_2001,-15.46578311920166
Washington Wizards_1999,1,iversal01_1999,-16.561155319213867
Washington Wizards_1999,2,stackje01_1999,-16.601207733154297
Washington Wizards_1999,3,allenra02_1999,-16.602365493774414
Washington Wizards_1999,4,garneke01_1999,-16.60507583618164
Washington Wizards_1999,5,hillgr01_1999,-16.609514236450195
Washington Wizards_1999,6,carrch01_1999,-16.61164665222168
Washington Wizards_1999,7,bryanko01_1999,-16.612445831298828
Washington Wizards_1999,8,anderde01_1999,-16.613554000854492
Washington Wizards_1999,9,finlemi01_1999,-16.61415672302246
Washington Wizards_1999,10,abdursh01_1999,-16.617074966430664
Washington Wizards_2000,1,lopezfe01_2000,-15.790288925170898
Washington Wizards_2000,2,baileto01_2000,-15.808964729309082
Washington Wizards_2000,3,odomla01_2000,-15.821504592895508
Washington Wizards_2000,4,brandel01_2000,-15.841346740722656
Washington Wizards_2000,5,lewisra02_2000,-15.841382026672363
Washington Wizards_2000,6,maggeco01_2000,-15.849867820739746
Washington Wizards_2000,7,mariosh01_2000,-15.859527587890625
Washington Wizards_2000,8,patteru01_2000,-15.862303733825684
Washington Wizards_2000,9,lafrera01_2000,-15.862627983093262
Washington Wizards_2000,10,harrial01_2000,-15.864319801330566
Washington Wizards_2001,1,dialde01_2001,-14.88184642791748
Washington Wizards_2001,2,brandel01_2001,-14.885677337646484
Washington Wizards_2001,3,mihmch01_2001,-14.893655776977539
Washington Wizards_2001,4,maggeco01_2001,-14.899064064025879
Washington Wizards_2001,5,richaqu01_2001,-14.9349946975708
Washington Wizards_2001,6,potapvi01_2001,-14.943083763122559
Washington Wizards_2001,7,millebr01_2001,-14.944890975952148
Washington Wizards_2001,8,martike01_2001,-14.946049690246582
Washington Wizards_2001,9,fizerma01_2001,-14.951020240783691
Washington Wizards_2001,10,wrighlo02_2001,-14.957780838012695
Washington Wizards_2002,1,iversal01_2002,-15.558907508850098
Washington Wizards_2002,2,mcgratr01_2002,-15.587575912475586
Washington Wizards_2002,3,piercpa01_2002,-15.588434219360352
Washington Wizards_2002,4,bryanko01_2002,-15.588614463806152
Washington Wizards_2002,5,kittlke01_2002,-15.591883659362793
Washington Wizards_2002,6,stackje01_2002,-15.5992431640625
Washington Wizards_2002,7,murrala01_2002,-15.602523803710938
Washington Wizards_2002,8,onealsh01_2002,-15.603018760681152
Washington Wizards_2002,9,finlemi01_2002,-15.603452682495117
Washington Wizards_2002,10,moblecu01_2002,-15.603813171386719
Washington Wizards_2003,1,iversal01_2003,-16.794490814208984
Washington Wizards_2003,2,bryanko01_2003,-16.804611206054688
Washington Wizards_2003,3,mcgratr01_2003,-16.809356689453125
Washington Wizards_2003,4,piercpa01_2003,-16.80982780456543
Washington Wizards_2003,5,mariosh01_2003,-16.81536293029785
Washington Wizards_2003,6,garneke01_2003,-16.82814598083496
Washington Wizards_2003,7,webbech01_2003,-16.832551956176758
Washington Wizards_2003,8,duncati01_2003,-16.835546493530273
Washington Wizards_2003,9,cartevi01_2003,-16.843040466308594
Washington Wizards_2003,10,finlemi01_2003,-16.846900939941406
Washington Wizards_2004,1,brownde02_2004,-15.059237480163574
Washington Wizards_2004,2,boshch01_2004,-15.083327293395996
Washington Wizards_2004,3,wilcoch01_2004,-15.086315155029297
Washington Wizards_2004,4,stoudam01_2004,-15.088739395141602
Washington Wizards_2004,5,curryed01_2004,-15.094996452331543
Washington Wizards_2004,6,simmobo01_2004,-15.117950439453125
Washington Wizards_2004,7,randoza01_2004,-15.119600296020508
Washington Wizards_2004,8,sweetmi01_2004,-15.121461868286133
Washington Wizards_2004,9,howarjo01_2004,-15.125685691833496
Washington Wizards_2004,10,lampema01_2004,-15.125882148742676
Washington Wizards_2005,1,childjo01_2005,-14.494853019714355
Washington Wizards_2005,2,harrial01_2005,-14.562206268310547
Washington Wizards_2005,3,smithjo03_2005,-14.565688133239746
Washington Wizards_2005,4,smithjr01_2005,-14.566765785217285
Washington Wizards_2005,5,goodedr01_2005,-14.574492454528809
Washington Wizards_2005,6,milesda01_2005,-14.575881958007812
Washington Wizards_2005,7,krstine01_2005,-14.578115463256836
Washington Wizards_2005,8,boshch01_2005,-14.579449653625488
Washington Wizards_2005,9,jonesfr01_2005,-14.58239459991455
Washington Wizards_2005,10,boganke01_2005,-14.586138725280762
Washington Wizards_2006,1,wadedw01_2006,-14.560602188110352
Washington Wizards_2006,2,gordobe01_2006,-14.58511734008789
Washington Wizards_2006,3,bryanko01_2006,-14.585844993591309
Washington Wizards_2006,4,johnsjo02_2006,-14.590743064880371
Washington Wizards_2006,5,kirilan01_2006,-14.591431617736816
Washington Wizards_2006,6,richaja01_2006,-14.592830657958984
Washington Wizards_2006,7,crawfja01_2006,-14.595012664794922
Washington Wizards_2006,8,reddmi01_2006,-14.5954008102417
Washington Wizards_2006,9,cartevi01_2006,-14.596263885498047
Washington Wizards_2006,10,ginobma01_2006,-14.597744941711426
Washington Wizards_2007,1,wadedw01_2007,-12.35387134552002
Washington Wizards_2007,2,iguodan01_2007,-12.359160423278809
Washington Wizards_2007,3,gordobe01_2007,-12.359923362731934
Washington Wizards_2007,4,johnsjo02_2007,-12.363582611083984
Washington Wizards_2007,5,barbole01_2007,-12.365564346313477
Washington Wizards_2007,6,roybr01_2007,-12.366158485412598
Washington Wizards_2007,7,martike02_2007,-12.368788719177246
Washington Wizards_2007,8,anthoca01_2007,-12.37369441986084
Washington Wizards_2007,9,wallage01_2007,-12.375151634216309
Washington Wizards_2007,10,mcgratr01_2007,-12.381219863891602
Washington Wizards_2008,1,iversal01_2008,-14.061469078063965
Washington Wizards_2008,2,bryanko01_2008,-14.0630464553833
Washington Wizards_2008,3,mcgratr01_2008,-14.064234733581543
Washington Wizards_2008,4,ginobma01_2008,-14.07092571258545
Washington Wizards_2008,5,wadedw01_2008,-14.078192710876465
Washington Wizards_2008,6,piercpa01_2008,-14.086137771606445
Washington Wizards_2008,7,davisba01_2008,-14.089934349060059
Washington Wizards_2008,8,maggeco01_2008,-14.09542179107666
Washington Wizards_2008,9,caldejo01_2008,-14.09787368774414
Washington Wizards_2008,10,nashst01_2008,-14.098304748535156
Washington Wizards_2009,1,youngth01_2009,-13.265094757080078
Washington Wizards_2009,2,westbru01_2009,-13.270427703857422
Washington Wizards_2009,3,rosede01_2009,-13.295613288879395
Washington Wizards_2009,4,augusdj01_2009,-13.298946380615234
Washington Wizards_2009,5,mayooj01_2009,-13.429314613342285
Washington Wizards_2009,6,gordoer01_2009,-13.42945671081543
Washington Wizards_2009,7,chandwi01_2009,-13.455952644348145
Washington Wizards_2009,8,greendo01_2009,-13.47508716583252
Washington Wizards_2009,9,jianlyi01_2009,-13.475618362426758
Washington Wizards_2009,10,cookda02_2009,-13.48742389678955
Washington Wizards_2010,1,anderry01_2010,-14.470057487487793
Washington Wizards_2010,2,rosede01_2010,-14.489147186279297
Washington Wizards_2010,3,curryst01_2010,-14.492141723632812
Washington Wizards_2010,4,jennibr01_2010,-14.498434066772461
Washington Wizards_2010,5,flynnjo01_2010,-14.504634857177734
Washington Wizards_2010,6,westbru01_2010,-14.508676528930664
Washington Wizards_2010,7,beaubro01_2010,-14.5211820602417
Washington Wizards_2010,8,gordoer01_2010,-14.632366180419922
Washington Wizards_2010,9,evansty01_2010,-14.633665084838867
Washington Wizards_2010,10,gallida01_2010,-14.656257629394531
Washington Wizards_2011,1,jennibr01_2011,-13.852519035339355
Washington Wizards_2011,2,derozde01_2011,-13.97221565246582
Washington Wizards_2011,3,aminual01_2011,-13.976094245910645
Washington Wizards_2011,4,evansty01_2011,-13.986403465270996
Washington Wizards_2011,5,eyengch01_2011,-13.994616508483887
Washington Wizards_2011,6,flynnjo01_2011,-14.025690078735352
Washington Wizards_2011,7,hardeja01_2011,-14.026573181152344
Washington Wizards_2011,8,babbilu01_2011,-14.029128074645996
Washington Wizards_2011,9,haywago01_2011,-14.051569938659668
Washington Wizards_2011,10,bradlav01_2011,-14.052101135253906
Washington Wizards_2012,1,haywago01_2012,-14.745696067810059
Washington Wizards_2012,2,walkeke02_2012,-14.764979362487793
Washington Wizards_2012,3,thompkl01_2012,-14.873442649841309
Washington Wizards_2012,4,burksal01_2012,-14.905571937561035
Washington Wizards_2012,5,willide02_2012,-14.948570251464844
Washington Wizards_2012,6,favorde01_2012,-14.958648681640625
Washington Wizards_2012,7,harrito02_2012,-14.960811614990234
Washington Wizards_2012,8,knighbr03_2012,-14.970819473266602
Washington Wizards_2012,9,batumni01_2012,-14.985210418701172
Washington Wizards_2012,10,hamiljo02_2012,-14.988884925842285
Washington Wizards_2013,1,wadedw01_2013,-14.175107955932617
Washington Wizards_2013,2,bryanko01_2013,-14.177217483520508
Washington Wizards_2013,3,parketo01_2013,-14.237238883972168
Washington Wizards_2013,4,piercpa01_2013,-14.238814353942871
Washington Wizards_2013,5,willide01_2013,-14.278329849243164
Washington Wizards_2013,6,jamesle01_2013,-14.286820411682129
Washington Wizards_2013,7,paulch01_2013,-14.294463157653809
Washington Wizards_2013,8,anthoca01_2013,-14.305694580078125
Washington Wizards_2013,9,hardeja01_2013,-14.325739860534668
Washington Wizards_2013,10,georgpa01_2013,-14.371758460998535
Washington Wizards_2014,1,lowryky01_2014,-14.896864891052246
Washington Wizards_2014,2,anthoca01_2014,-14.89947509765625
Washington Wizards_2014,3,paulch01_2014,-14.901082992553711
Washington Wizards_2014,4,dragigo01_2014,-14.90347957611084
Washington Wizards_2014,5,conlemi01_2014,-14.907532691955566
Washington Wizards_2014,6,jamesle01_2014,-14.909928321838379
Washington Wizards_2014,7,duranke01_2014,-14.923868179321289
Washington Wizards_2014,8,irvinky01_2014,-14.927630424499512
Washington Wizards_2014,9,ellismo01_2014,-14.928423881530762
Washington Wizards_2014,10,greenge01_2014,-14.928473472595215
Washington Wizards_2015,1,wadedw01_2015,-13.403717041015625
Washington Wizards_2015,2,jamesle01_2015,-13.436936378479004
Washington Wizards_2015,3,anthoca01_2015,-13.458440780639648
Washington Wizards_2015,4,curryst01_2015,-13.474614143371582
Washington Wizards_2015,5,westbru01_2015,-13.485583305358887
Washington Wizards_2015,6,gayru01_2015,-13.485867500305176
Washington Wizards_2015,7,paulch01_2015,-13.485877990722656
Washington Wizards_2015,8,hillge01_2015,-13.488096237182617
Washington Wizards_2015,9,duranke01_2015,-13.490531921386719
Washington Wizards_2015,10,millspa01_2015,-13.495450973510742
Washington Wizards_2016,1,westbru01_2016,-16.16829490661621
Washington Wizards_2016,2,thomais02_2016,-16.16904640197754
Washington Wizards_2016,3,lowryky01_2016,-16.169370651245117
Washington Wizards_2016,4,duranke01_2016,-16.176733016967773
Washington Wizards_2016,5,curryst01_2016,-16.178634643554688
Washington Wizards_2016,6,griffbl01_2016,-16.1956844329834
Washington Wizards_2016,7,butleji01_2016,-16.198314666748047
Washington Wizards_2016,8,hardeja01_2016,-16.204429626464844
Washington Wizards_2016,9,derozde01_2016,-16.206357955932617
Washington Wizards_2016,10,gallida01_2016,-16.21631622314453
Washington Wizards_2017,1,jamesle01_2017,-16.605918884277344
Washington Wizards_2017,2,butleji01_2017,-16.619403839111328
Washington Wizards_2017,3,georgpa01_2017,-16.623336791992188
Washington Wizards_2017,4,haywago01_2017,-16.625648498535156
Washington Wizards_2017,5,derozde01_2017,-16.642499923706055
Washington Wizards_2017,6,griffbl01_2017,-16.675155639648438
Washington Wizards_2017,7,duranke01_2017,-16.679479598999023
Washington Wizards_2017,8,dragigo01_2017,-16.72657585144043
Washington Wizards_2017,9,paulch01_2017,-16.738189697265625
Washington Wizards_2017,10,lowryky01_2017,-16.745187759399414
Washington Wizards_2018,1,duranke01_2018,-16.013160705566406
Washington Wizards_2018,2,georgpa01_2018,-16.024215698242188
Washington Wizards_2018,3,westbru01_2018,-16.06768035888672
Washington Wizards_2018,4,walkeke02_2018,-16.07569122314453
Washington Wizards_2018,5,lillada01_2018,-16.07656478881836
Washington Wizards_2018,6,butleji01_2018,-16.078725814819336
Washington Wizards_2018,7,curryst01_2018,-16.079198837280273
Washington Wizards_2018,8,hardeja01_2018,-16.088106155395508
Washington Wizards_2018,9,evansty01_2018,-16.09295082092285
Washington Wizards_2018,10,jamesle01_2018,-16.09405517578125
Washington Wizards_2019,1,sextoco01_2019,-18.40809440612793
Washington Wizards_2019,2,youngtr01_2019,-18.409011840820312
Washington Wizards_2019,3,foxde01_2019,-18.417322158813477
Washington Wizards_2019,4,murraja01_2019,-18.42068862915039
Washington Wizards_2019,5,ingrabr01_2019,-18.484710693359375
Washington Wizards_2019,6,markkla01_2019,-18.493661880493164
Washington Wizards_2019,7,tatumja01_2019,-18.494224548339844
Washington Wizards_2019,8,monkma01_2019,-18.50169563293457
Washington Wizards_2019,9,wagnemo01_2019,-18.51725196838379
Washington Wizards_2019,10,okoboel01_2019,-18.60188102722168
Washington Wizards_2020,1,whiteco01_2020,-18.38467025756836
Washington Wizards_2020,2,moranja01_2020,-18.389423370361328
Washington Wizards_2020,3,sextoco01_2020,-18.398845672607422
Washington Wizards_2020,4,gilgesh01_2020,-18.4554500579834
Washington Wizards_2020,5,monkma01_2020,-18.478174209594727
Washington Wizards_2020,6,herroty01_2020,-18.482275009155273
Washington Wizards_2020,7,ntilila01_2020,-18.557538986206055
Washington Wizards_2020,8,jacksfr01_2020,-18.567447662353516
Washington Wizards_2020,9,porteke02_2020,-18.60910415649414
Washington Wizards_2020,10,garlada01_2020,-18.614086151123047
Washington Wizards_2021,1,edwaran01_2021,-19.832239151000977
Washington Wizards_2021,2,barrerj01_2021,-19.834819793701172
Washington Wizards_2021,3,herroty01_2021,-19.841854095458984
Washington Wizards_2021,4,poolejo01_2021,-19.852624893188477
Washington Wizards_2021,5,porteke02_2021,-19.853046417236328
Washington Wizards_2021,6,maxeyty01_2021,-19.85397720336914
Washington Wizards_2021,7,moranja01_2021,-19.87710952758789
Washington Wizards_2021,8,whiteco01_2021,-19.879865646362305
Washington Wizards_2021,9,halibty01_2021,-19.891841888427734
Washington Wizards_2021,10,garlada01_2021,-19.893896102905273
Washington Wizards_2022,1,butleji01_2022,-17.997400283813477
Washington Wizards_2022,2,antetgi01_2022,-18.01927375793457
Washington Wizards_2022,3,duranke01_2022,-18.020803451538086
Washington Wizards_2022,4,derozde01_2022,-18.025409698486328
Washington Wizards_2022,5,siakapa01_2022,-18.027084350585938
Washington Wizards_2022,6,georgpa01_2022,-18.03592300415039
Washington Wizards_2022,7,curryst01_2022,-18.07647705078125
Washington Wizards_2022,8,townska01_2022,-18.0773868560791
Washington Wizards_2022,9,paulch01_2022,-18.080270767211914
Washington Wizards_2022,10,jokicni01_2022,-18.08099365234375
Washington Wizards_2023,1,derozde01_2023,-19.86341094970703
Washington Wizards_2023,2,leonaka01_2023,-19.86678123474121
Washington Wizards_2023,3,georgpa01_2023,-19.870359420776367
Washington Wizards_2023,4,bookede01_2023,-19.884483337402344
Washington Wizards_2023,5,mitchdo01_2023,-19.8868465423584
Washington Wizards_2023,6,butleji01_2023,-19.914751052856445
Washington Wizards_2023,7,jamesle01_2023,-19.920867919921875
Washington Wizards_2023,8,duranke01_2023,-19.922513961791992
Washington Wizards_2023,9,randlju01_2023,-19.990816116333008
Washington Wizards_2023,10,siakapa01_2023,-19.99848747253418
Washington Wizards_2024,1,georgke01_2024,-18.407278060913086
Washington Wizards_2024,2,iveyja01_2024,-18.44598388671875
Washington Wizards_2024,3,millebr02_2024,-18.45138168334961
Washington Wizards_2024,4,jacksgg01_2024,-18.46292495727539
Washington Wizards_2024,5,banchpa01_2024,-18.47062873840332
Washington Wizards_2024,6,greenja05_2024,-18.471778869628906
Washington Wizards_2024,7,sharpsh01_2024,-18.477771759033203
Washington Wizards_2024,8,giddejo01_2024,-18.479389190673828
Washington Wizards_2024,9,mathube01_2024,-18.487083435058594
Washington Wizards_2024,10,whitmca01_2024,-18.489503860473633
Washington Wizards_2025,1,georgke01_2025,-17.41713523864746
Washington Wizards_2025,2,castlst01_2025,-17.42801284790039
Washington Wizards_2025,3,hendesc01_2025,-17.430307388305664
Washington Wizards_2025,4,colliis01_2025,-17.47275161743164
Washington Wizards_2025,5,dilliro01_2025,-17.527143478393555
Washington Wizards_2025,6,sensabr01_2025,-17.531063079833984
Washington Wizards_2025,7,sharpsh01_2025,-17.537282943725586
Washington Wizards_2025,8,mccaija01_2025,-17.56354522705078
Washington Wizards_2025,9,whitmca01_2025,-17.56498908996582
Washington Wizards_2025,10,branhma01_2025,-17.57318687438965
