user_id,rank,item_id,score,gain,fit,replaces,salary,replaces_salary,via
Atlanta Hawks_1999,1,malonka01_1999,2.5936,2.5936,0.0,hendeal01,6142000.0,4725000.0,
Atlanta Hawks_1999,2,onealsh01_1999,2.5052,2.4392,0.0661,crawfch01,15000000.0,350000.0,
Atlanta Hawks_1999,3,hillgr01_1999,2.4934,2.4378,0.0556,hendeal01,6675000.0,4725000.0,
Atlanta Hawks_1999,4,armstda01_1999,2.2905,2.2905,-0.0,johnsan02,2900000.0,1000000.0,
Atlanta Hawks_1999,5,robinda01_1999,2.1744,2.2506,-0.0762,crawfch01,14841000.0,350000.0,
Atlanta Hawks_1999,6,kiddja01_1999,2.165,2.165,-0.0,johnsan02,6041000.0,1000000.0,
Atlanta Hawks_1999,7,stockjo01_1999,2.1561,2.1561,-0.0,johnsan02,4000000.0,1000000.0,
Atlanta Hawks_1999,8,jonesed02_1999,2.0772,1.9404,0.1367,hendeal01,2200000.0,4725000.0,
Atlanta Hawks_1999,9,iversal01_1999,2.0593,2.1005,-0.0412,johnsan02,3537000.0,1000000.0,
Atlanta Hawks_1999,10,garneke01_1999,2.0359,2.0359,0.0,hendeal01,14000000.0,4725000.0,
Boston Celtics_1999,1,hillgr01_1999,4.8998,4.8998,0.0,mercero01,6675000.0,2033000.0,
Boston Celtics_1999,2,iversal01_1999,4.6192,4.6192,0.0,mercero01,3537000.0,2033000.0,
Boston Celtics_1999,3,jonesed02_1999,4.1157,4.1898,-0.0741,mercero01,2200000.0,2033000.0,
Boston Celtics_1999,4,mullich01_1999,3.7056,3.6896,0.016,mercero01,3510000.0,2033000.0,
Boston Celtics_1999,5,williwa02_1999,3.7036,3.6877,0.016,mercero01,3000000.0,2033000.0,
Boston Celtics_1999,6,hornaje01_1999,3.4395,3.4395,0.0,mercero01,3455000.0,2033000.0,
Boston Celtics_1999,7,smithst01_1999,3.4204,3.4204,0.0,mercero01,6300000.0,2033000.0,
Boston Celtics_1999,8,mcgratr01_1999,3.2816,3.3557,-0.0741,mercero01,1563000.0,2033000.0,
Boston Celtics_1999,9,millere01_1999,3.2637,3.2637,0.0,mercero01,6781000.0,2033000.0,
Boston Celtics_1999,10,allenra02_1999,3.1653,3.1653,0.0,mercero01,2320000.0,2033000.0,
Cleveland Cavaliers_1999,1,malonka01_1999,4.9589,4.881,0.0779,hendece02,6142000.0,250000.0,
Cleveland Cavaliers_1999,2,hillgr01_1999,4.8396,4.6637,0.1759,hendece02,6675000.0,250000.0,
Cleveland Cavaliers_1999,3,jonesed02_1999,4.2152,3.9699,0.2452,hendece02,2200000.0,250000.0,
Cleveland Cavaliers_1999,4,garneke01_1999,4.181,4.1031,0.0779,hendece02,14000000.0,250000.0,
Cleveland Cavaliers_1999,5,barklch01_1999,3.8164,3.7385,0.0779,hendece02,1000000.0,250000.0,
Cleveland Cavaliers_1999,6,mullich01_1999,3.7326,3.4812,0.2514,hendece02,3510000.0,250000.0,
Cleveland Cavaliers_1999,7,williwa02_1999,3.7306,3.4792,0.2514,hendece02,3000000.0,250000.0,
Cleveland Cavaliers_1999,8,piercpa01_1999,3.4565,3.2113,0.2452,hendece02,1165000.0,250000.0,
Cleveland Cavaliers_1999,9,mcgratr01_1999,3.4001,3.1549,0.2452,hendece02,1563000.0,250000.0,
Cleveland Cavaliers_1999,10,robincl02_1999,3.3149,3.0697,0.2452,hendece02,3500000.0,250000.0,
Chicago Bulls_1999,1,onealsh01_1999,4.7881,4.7881,0.0,simpkdi01,15000000.0,,
Chicago Bulls_1999,2,robinda01_1999,4.0423,4.4282,-0.386,simpkdi01,14841000.0,,
Chicago Bulls_1999,3,malonka01_1999,4.0315,4.4175,-0.386,simpkdi01,6142000.0,,
Chicago Bulls_1999,4,mutomdi01_1999,3.434,3.2131,0.2209,bryanma01,11218000.0,2050000.0,
Chicago Bulls_1999,5,garneke01_1999,3.419,3.4699,-0.0509,bryanma01,14000000.0,2050000.0,
Chicago Bulls_1999,6,mournal01_1999,3.4087,3.4596,-0.0509,bryanma01,13130000.0,2050000.0,
Chicago Bulls_1999,7,duncati01_1999,3.3851,3.4361,-0.0509,bryanma01,3413000.0,2050000.0,
Chicago Bulls_1999,8,barklch01_1999,3.1398,3.1908,-0.0509,bryanma01,1000000.0,2050000.0,
Chicago Bulls_1999,9,armstda01_1999,3.0969,3.0969,-0.0,brownra02,2900000.0,1320000.0,
Chicago Bulls_1999,10,kiddja01_1999,2.9379,2.9379,-0.0,brownra02,6041000.0,1320000.0,
Dallas Mavericks_1999,1,armstda01_1999,3.7581,3.7967,-0.0386,davishu01,2900000.0,645000.0,
Dallas Mavericks_1999,2,kiddja01_1999,3.5655,3.6041,-0.0386,davishu01,6041000.0,645000.0,
Dallas Mavericks_1999,3,stockjo01_1999,3.5518,3.5904,-0.0386,davishu01,4000000.0,645000.0,
Dallas Mavericks_1999,4,iversal01_1999,3.4212,3.5049,-0.0838,davishu01,3537000.0,645000.0,
Dallas Mavericks_1999,5,jonesed02_1999,3.2062,3.1307,0.0755,davishu01,2200000.0,645000.0,
Dallas Mavericks_1999,6,paytoga01_1999,3.1945,3.2331,-0.0386,davishu01,8715000.0,645000.0,
Dallas Mavericks_1999,7,onealsh01_1999,3.1887,2.9838,0.205,nowitdi01,15000000.0,1472640.0,
Dallas Mavericks_1999,8,hillgr01_1999,2.9747,2.9747,0.0,finlemi01,6675000.0,6000000.0,
Dallas Mavericks_1999,9,blaylmo01_1999,2.863,2.9016,-0.0386,davishu01,3600000.0,645000.0,
Dallas Mavericks_1999,10,robinda01_1999,2.7398,2.7398,0.0,nowitdi01,14841000.0,1472640.0,
Denver Nuggets_1999,1,onealsh01_1999,4.9501,4.5086,0.4415,mcdyean01,15000000.0,9000000.0,
Denver Nuggets_1999,2,armstda01_1999,4.8474,4.7542,0.0932,vanexni01,2900000.0,1900000.0,
Denver Nuggets_1999,3,kiddja01_1999,4.5942,4.501,0.0932,vanexni01,6041000.0,1900000.0,
Denver Nuggets_1999,4,stockjo01_1999,4.5762,4.483,0.0932,vanexni01,4000000.0,1900000.0,
Denver Nuggets_1999,5,paytoga01_1999,4.1067,4.0134,0.0932,vanexni01,8715000.0,1900000.0,
Denver Nuggets_1999,6,robinda01_1999,4.0227,4.0227,0.0,mcdyean01,14841000.0,9000000.0,
Denver Nuggets_1999,7,malonka01_1999,4.0082,4.0082,0.0,mcdyean01,6142000.0,9000000.0,
Denver Nuggets_1999,8,blaylmo01_1999,3.671,3.5777,0.0932,vanexni01,3600000.0,1900000.0,
Denver Nuggets_1999,9,hillgr01_1999,3.4232,3.5307,-0.1075,stithbr01,6675000.0,4666000.0,
Denver Nuggets_1999,10,iversal01_1999,3.2133,3.3208,-0.1075,stithbr01,3537000.0,4666000.0,
Golden State Warriors_1999,1,onealsh01_1999,5.0031,4.7037,0.2993,dampier01,15000000.0,1538000.0,
Golden State Warriors_1999,2,robinda01_1999,4.3681,4.3598,0.0083,dampier01,14841000.0,1538000.0,
Golden State Warriors_1999,3,malonka01_1999,4.3578,4.3495,0.0083,dampier01,6142000.0,1538000.0,
Golden State Warriors_1999,4,mutomdi01_1999,3.6569,3.3576,0.2993,dampier01,11218000.0,1538000.0,
Golden State Warriors_1999,5,mournal01_1999,3.6528,3.6445,0.0083,dampier01,13130000.0,1538000.0,
Golden State Warriors_1999,6,duncati01_1999,3.6254,3.6171,0.0083,dampier01,3413000.0,1538000.0,
Golden State Warriors_1999,7,kempsh01_1999,3.0066,2.9982,0.0083,dampier01,9740000.0,1538000.0,
Golden State Warriors_1999,8,sabonar01_1999,2.9677,2.9594,0.0083,dampier01,9000000.0,1538000.0,
Golden State Warriors_1999,9,bradlsh01_1999,2.8007,2.8007,0.0,dampier01,6750000.0,1538000.0,
Golden State Warriors_1999,10,hillgr01_1999,2.7625,2.8892,-0.1267,millsch01,6675000.0,3600000.0,
Houston Rockets_1999,1,iversal01_1999,3.5222,3.6073,-0.0851,dickemi01,3537000.0,949600.0,
Houston Rockets_1999,2,armstda01_1999,3.3729,3.4282,-0.0553,moblecu01,2900000.0,287500.0,
Houston Rockets_1999,3,paytoga01_1999,3.234,3.2993,-0.0653,dickemi01,8715000.0,949600.0,
Houston Rockets_1999,4,onealsh01_1999,3.2157,2.7287,0.487,olajuha01,15000000.0,12943000.0,
Houston Rockets_1999,5,jonesed02_1999,3.1732,3.1832,-0.0101,dickemi01,2200000.0,949600.0,
Houston Rockets_1999,6,kiddja01_1999,3.1682,3.2235,-0.0553,moblecu01,6041000.0,287500.0,
Houston Rockets_1999,7,stockjo01_1999,3.1536,3.2089,-0.0553,moblecu01,4000000.0,287500.0,
Houston Rockets_1999,8,mullich01_1999,2.6892,2.6892,-0.0,dickemi01,3510000.0,949600.0,
Houston Rockets_1999,9,hillgr01_1999,2.6139,2.6845,-0.0706,pippesc01,6675000.0,11000000.0,
Houston Rockets_1999,10,robinda01_1999,2.6066,2.6284,-0.0218,harriot01,14841000.0,,
Los Angeles Clippers_1999,1,onealsh01_1999,6.2732,5.8561,0.4171,tayloma01,15000000.0,1209000.0,
Los Angeles Clippers_1999,2,robinda01_1999,5.4844,5.4844,-0.0,tayloma01,14841000.0,1209000.0,
Los Angeles Clippers_1999,3,malonka01_1999,5.4733,5.4733,-0.0,tayloma01,6142000.0,1209000.0,
Los Angeles Clippers_1999,4,hillgr01_1999,5.4189,5.264,0.1549,tayloma01,6675000.0,1209000.0,
Los Angeles Clippers_1999,5,mutomdi01_1999,4.8182,4.4011,0.4171,tayloma01,11218000.0,1209000.0,
Los Angeles Clippers_1999,6,garneke01_1999,4.7242,4.7242,-0.0,tayloma01,14000000.0,1209000.0,
Los Angeles Clippers_1999,7,mournal01_1999,4.7112,4.7112,-0.0,tayloma01,13130000.0,1209000.0,
Los Angeles Clippers_1999,8,duncati01_1999,4.6816,4.6816,-0.0,tayloma01,3413000.0,1209000.0,
Los Angeles Clippers_1999,9,barklch01_1999,4.373,4.373,-0.0,tayloma01,1000000.0,1209000.0,
Los Angeles Clippers_1999,10,kempsh01_1999,4.0127,4.0127,-0.0,tayloma01,9740000.0,1209000.0,
Los Angeles Lakers_1999,1,hillgr01_1999,3.057,3.057,0.0,bryanko01,6675000.0,1319000.0,
Los Angeles Lakers_1999,2,armstda01_1999,2.7419,2.7419,0.0,harpede01,2900000.0,1000000.0,
Los Angeles Lakers_1999,3,iversal01_1999,2.7216,2.7216,0.0,bryanko01,3537000.0,1319000.0,
Los Angeles Lakers_1999,4,kiddja01_1999,2.5856,2.5856,0.0,harpede01,6041000.0,1000000.0,
Los Angeles Lakers_1999,5,stockjo01_1999,2.5745,2.5745,0.0,harpede01,4000000.0,1000000.0,
Los Angeles Lakers_1999,6,paytoga01_1999,2.2847,2.2847,0.0,harpede01,8715000.0,1000000.0,
Los Angeles Lakers_1999,7,blaylmo01_1999,2.0157,2.0157,0.0,harpede01,3600000.0,1000000.0,
Los Angeles Lakers_1999,8,mullich01_1999,1.656,1.6104,0.0456,bryanko01,3510000.0,1319000.0,
Los Angeles Lakers_1999,9,williwa02_1999,1.6537,1.6081,0.0456,bryanko01,3000000.0,1319000.0,
Los Angeles Lakers_1999,10,garneke01_1999,1.646,1.7743,-0.1283,foxri01,14000000.0,1750000.0,
Miami Heat_1999,1,onealsh01_1999,3.8612,3.3329,0.5283,brownpj01,15000000.0,4480000.0,
Miami Heat_1999,2,robinda01_1999,3.0047,2.9254,0.0794,brownpj01,14841000.0,4480000.0,
Miami Heat_1999,3,malonka01_1999,2.9925,2.9132,0.0794,brownpj01,6142000.0,4480000.0,
Miami Heat_1999,4,hillgr01_1999,2.4511,2.5628,-0.1117,majerda01,6675000.0,3290000.0,
Miami Heat_1999,5,mutomdi01_1999,2.2661,1.7378,0.5283,brownpj01,11218000.0,4480000.0,
Miami Heat_1999,6,garneke01_1999,2.1713,2.0919,0.0794,brownpj01,14000000.0,4480000.0,
Miami Heat_1999,7,iversal01_1999,2.1559,2.2676,-0.1117,majerda01,3537000.0,3290000.0,
Miami Heat_1999,8,duncati01_1999,2.1246,2.0453,0.0794,brownpj01,3413000.0,4480000.0,
Miami Heat_1999,9,armstda01_1999,1.8639,1.8639,-0.0,portete01,2900000.0,1000000.0,
Miami Heat_1999,10,barklch01_1999,1.7864,1.707,0.0794,brownpj01,1000000.0,4480000.0,
Milwaukee Bucks_1999,1,hillgr01_1999,3.1404,3.1091,0.0313,currymi01,6675000.0,550000.0,
Milwaukee Bucks_1999,2,jonesed02_1999,2.7607,2.5959,0.1648,currymi01,2200000.0,550000.0,
Milwaukee Bucks_1999,3,onealsh01_1999,2.6962,2.6962,0.0,johnser02,15000000.0,2594000.0,
Milwaukee Bucks_1999,4,garneke01_1999,2.6901,2.6944,-0.0043,currymi01,14000000.0,550000.0,
Milwaukee Bucks_1999,5,armstda01_1999,2.5664,2.5664,-0.0,delnevi01,2900000.0,1750000.0,
Milwaukee Bucks_1999,6,barklch01_1999,2.4204,2.4247,-0.0043,currymi01,1000000.0,550000.0,
Milwaukee Bucks_1999,7,kiddja01_1999,2.4159,2.4159,-0.0,delnevi01,6041000.0,1750000.0,
Milwaukee Bucks_1999,8,stockjo01_1999,2.4052,2.4052,-0.0,delnevi01,4000000.0,1750000.0,
Milwaukee Bucks_1999,9,mullich01_1999,2.3777,2.2344,0.1434,currymi01,3510000.0,550000.0,
Milwaukee Bucks_1999,10,williwa02_1999,2.3763,2.2329,0.1434,currymi01,3000000.0,550000.0,
Minnesota Timberwolves_1999,1,onealsh01_1999,4.0767,3.772,0.3047,smithjo02,15000000.0,1750000.0,
Minnesota Timberwolves_1999,2,robinda01_1999,3.417,3.417,0.0,smithjo02,14841000.0,1750000.0,
Minnesota Timberwolves_1999,3,malonka01_1999,3.4064,3.4064,0.0,smithjo02,6142000.0,1750000.0,
Minnesota Timberwolves_1999,4,hillgr01_1999,3.193,3.0811,0.1119,mitchsa01,6675000.0,,
Minnesota Timberwolves_1999,5,iversal01_1999,2.9557,2.8438,0.1119,mitchsa01,3537000.0,,
Minnesota Timberwolves_1999,6,mutomdi01_1999,2.6873,2.3826,0.3047,smithjo02,11218000.0,1750000.0,
Minnesota Timberwolves_1999,7,mournal01_1999,2.6787,2.6787,0.0,smithjo02,13130000.0,1750000.0,
Minnesota Timberwolves_1999,8,duncati01_1999,2.6504,2.6504,0.0,smithjo02,3413000.0,1750000.0,
Minnesota Timberwolves_1999,9,jonesed02_1999,2.6215,2.4809,0.1406,mitchsa01,2200000.0,,
Minnesota Timberwolves_1999,10,barklch01_1999,2.3558,2.3558,0.0,smithjo02,1000000.0,1750000.0,
New Jersey Nets_1999,1,armstda01_1999,4.145,4.122,0.023,kittlke01,2900000.0,1762000.0,
New Jersey Nets_1999,2,kiddja01_1999,3.92,3.897,0.023,kittlke01,6041000.0,1762000.0,
New Jersey Nets_1999,3,stockjo01_1999,3.904,3.881,0.023,kittlke01,4000000.0,1762000.0,
New Jersey Nets_1999,4,onealsh01_1999,3.9036,3.5445,0.3591,vanhoke01,15000000.0,3054000.0,
New Jersey Nets_1999,5,iversal01_1999,3.7812,3.7812,-0.0,kittlke01,3537000.0,1762000.0,
New Jersey Nets_1999,6,paytoga01_1999,3.4867,3.4637,0.023,kittlke01,8715000.0,1762000.0,
New Jersey Nets_1999,7,jonesed02_1999,3.3722,3.344,0.0282,kittlke01,2200000.0,1762000.0,
New Jersey Nets_1999,8,hillgr01_1999,3.1558,3.3268,-0.171,gillke01,6675000.0,5000000.0,
New Jersey Nets_1999,9,robinda01_1999,3.1532,3.1532,0.0,vanhoke01,14841000.0,3054000.0,
New Jersey Nets_1999,10,malonka01_1999,3.1415,3.1415,0.0,vanhoke01,6142000.0,3054000.0,
New York Knicks_1999,1,hillgr01_1999,4.0827,4.0827,0.0,houstal01,6675000.0,7000000.0,
New York Knicks_1999,2,iversal01_1999,3.7603,3.7603,0.0,houstal01,3537000.0,7000000.0,
New York Knicks_1999,3,onealsh01_1999,3.5002,3.2228,0.2774,thomaku01,15000000.0,1750000.0,
New York Knicks_1999,4,paytoga01_1999,3.4103,3.4021,0.0082,houstal01,8715000.0,7000000.0,
New York Knicks_1999,5,jonesed02_1999,3.3134,3.2671,0.0462,houstal01,2200000.0,7000000.0,
New York Knicks_1999,6,robinda01_1999,2.9276,2.9276,0.0,thomaku01,14841000.0,1750000.0,
New York Knicks_1999,7,malonka01_1999,2.9188,2.9188,0.0,thomaku01,6142000.0,1750000.0,
New York Knicks_1999,8,armstda01_1999,2.8727,2.8727,0.0,childch01,2900000.0,3640000.0,
New York Knicks_1999,9,mullich01_1999,2.8564,2.6925,0.1639,houstal01,3510000.0,7000000.0,
New York Knicks_1999,10,williwa02_1999,2.8541,2.6903,0.1639,houstal01,3000000.0,7000000.0,
Orlando Magic_1999,1,onealsh01_1999,4.5099,3.9932,0.5167,grantho01,15000000.0,7843000.0,
Orlando Magic_1999,2,robinda01_1999,3.6906,3.6906,0.0,austiis01,14841000.0,5000000.0,
Orlando Magic_1999,3,malonka01_1999,3.6813,3.6813,0.0,austiis01,6142000.0,5000000.0,
Orlando Magic_1999,4,mutomdi01_1999,3.1256,2.7856,0.34,austiis01,11218000.0,5000000.0,
Orlando Magic_1999,5,mournal01_1999,3.0446,3.0446,0.0,austiis01,13130000.0,5000000.0,
Orlando Magic_1999,6,duncati01_1999,3.0199,3.0199,0.0,austiis01,3413000.0,5000000.0,
Orlando Magic_1999,7,hillgr01_1999,2.9296,2.9201,0.0094,harprma01,6675000.0,900000.0,
Orlando Magic_1999,8,garneke01_1999,2.8216,2.7461,0.0755,grantho01,14000000.0,7843000.0,
Orlando Magic_1999,9,iversal01_1999,2.7321,2.7227,0.0094,harprma01,3537000.0,900000.0,
Orlando Magic_1999,10,kempsh01_1999,2.4611,2.4611,0.0,austiis01,9740000.0,5000000.0,
Indiana Pacers_1999,1,malonka01_1999,3.0244,3.0244,-0.0,davisan01,6142000.0,3500000.0,
Indiana Pacers_1999,2,onealsh01_1999,3.0084,2.7316,0.2768,smitsri01,15000000.0,8500000.0,
Indiana Pacers_1999,3,hillgr01_1999,2.8655,2.8423,0.0233,davisan01,6675000.0,3500000.0,
Indiana Pacers_1999,4,iversal01_1999,2.5524,2.5524,-0.0,roseja01,3537000.0,2145000.0,
Indiana Pacers_1999,5,robinda01_1999,2.42,2.42,0.0,smitsri01,14841000.0,8500000.0,
Indiana Pacers_1999,6,garneke01_1999,2.3724,2.3724,-0.0,davisan01,14000000.0,3500000.0,
Indiana Pacers_1999,7,duncati01_1999,2.3353,2.3353,-0.0,davisan01,3413000.0,3500000.0,
Indiana Pacers_1999,8,jonesed02_1999,2.3079,2.2098,0.098,roseja01,2200000.0,2145000.0,
Indiana Pacers_1999,9,armstda01_1999,2.1303,2.1303,0.0,besttr01,2900000.0,2750000.0,
Indiana Pacers_1999,10,barklch01_1999,2.0667,2.0667,-0.0,davisan01,1000000.0,3500000.0,
Philadelphia 76ers_1999,1,onealsh01_1999,3.7829,3.3644,0.4186,geigema01,15000000.0,6800000.0,
Philadelphia 76ers_1999,2,armstda01_1999,3.6344,3.6344,0.0,snower01,2900000.0,846300.0,
Philadelphia 76ers_1999,3,kiddja01_1999,3.3923,3.3923,0.0,snower01,6041000.0,846300.0,
Philadelphia 76ers_1999,4,stockjo01_1999,3.3751,3.3751,0.0,snower01,4000000.0,846300.0,
Philadelphia 76ers_1999,5,robinda01_1999,2.9866,2.9866,0.0,geigema01,14841000.0,6800000.0,
Philadelphia 76ers_1999,6,malonka01_1999,2.9754,2.9754,0.0,geigema01,6142000.0,6800000.0,
Philadelphia 76ers_1999,7,paytoga01_1999,2.9262,2.9262,0.0,snower01,8715000.0,846300.0,
Philadelphia 76ers_1999,8,blaylmo01_1999,2.5096,2.5096,0.0,snower01,3600000.0,846300.0,
Philadelphia 76ers_1999,9,mutomdi01_1999,2.3046,1.8861,0.4186,geigema01,11218000.0,6800000.0,
Philadelphia 76ers_1999,10,hillgr01_1999,2.2411,2.2509,-0.0098,mckieaa01,6675000.0,1430000.0,
Phoenix Suns_1999,1,onealsh01_1999,3.4101,3.0398,0.3704,guglito01,15000000.0,7800000.0,
Phoenix Suns_1999,2,armstda01_1999,3.1021,3.2275,-0.1253,chapmre01,2900000.0,2800000.0,
Phoenix Suns_1999,3,iversal01_1999,2.9409,2.9793,-0.0384,chapmre01,3537000.0,2800000.0,
Phoenix Suns_1999,4,stockjo01_1999,2.9267,3.052,-0.1253,chapmre01,4000000.0,2800000.0,
Phoenix Suns_1999,5,robinda01_1999,2.736,2.736,-0.0,longllu01,14841000.0,4000000.0,
Phoenix Suns_1999,6,malonka01_1999,2.729,2.729,-0.0,longllu01,6142000.0,4000000.0,
Phoenix Suns_1999,7,paytoga01_1999,2.6229,2.7482,-0.1253,chapmre01,8715000.0,2800000.0,
Phoenix Suns_1999,8,jonesed02_1999,2.5946,2.6611,-0.0665,chapmre01,2200000.0,2800000.0,
Phoenix Suns_1999,9,hillgr01_1999,2.4421,2.4804,-0.0383,mccloge01,6675000.0,750000.0,
Phoenix Suns_1999,10,blaylmo01_1999,2.341,2.4663,-0.1253,chapmre01,3600000.0,2800000.0,
Portland Trail Blazers_1999,1,armstda01_1999,3.6515,3.6515,0.0,stoudda01,2900000.0,9000000.0,
Portland Trail Blazers_1999,2,iversal01_1999,3.437,3.437,0.0,rideris01,3537000.0,4810000.0,
Portland Trail Blazers_1999,3,kiddja01_1999,3.4187,3.4187,0.0,stoudda01,6041000.0,9000000.0,
Portland Trail Blazers_1999,4,stockjo01_1999,3.4021,3.4021,0.0,stoudda01,4000000.0,9000000.0,
Portland Trail Blazers_1999,5,paytoga01_1999,3.2101,3.1657,0.0444,rideris01,8715000.0,4810000.0,
Portland Trail Blazers_1999,6,jonesed02_1999,3.0999,3.0635,0.0364,rideris01,2200000.0,4810000.0,
Portland Trail Blazers_1999,7,onealsh01_1999,2.7946,2.7946,0.0,grantbr01,15000000.0,6000000.0,
Portland Trail Blazers_1999,8,mullich01_1999,2.7346,2.6283,0.1062,rideris01,3510000.0,4810000.0,
Portland Trail Blazers_1999,9,blaylmo01_1999,2.5697,2.5697,0.0,stoudda01,3600000.0,9000000.0,
Portland Trail Blazers_1999,10,piercpa01_1999,2.4245,2.3881,0.0364,rideris01,1165000.0,4810000.0,
Sacramento Kings_1999,1,armstda01_1999,4.313,4.313,-0.0,willija02,2900000.0,1460000.0,
Sacramento Kings_1999,2,kiddja01_1999,4.0593,4.0593,-0.0,willija02,6041000.0,1460000.0,
Sacramento Kings_1999,3,stockjo01_1999,4.0412,4.0412,-0.0,willija02,4000000.0,1460000.0,
Sacramento Kings_1999,4,hillgr01_1999,3.7838,3.7215,0.0623,willico02,6675000.0,500000.0,
Sacramento Kings_1999,5,paytoga01_1999,3.5707,3.5707,-0.0,willija02,8715000.0,1460000.0,
Sacramento Kings_1999,6,iversal01_1999,3.54,3.4777,0.0623,willico02,3537000.0,500000.0,
Sacramento Kings_1999,7,onealsh01_1999,3.2751,2.8826,0.3925,divacvl01,15000000.0,8300000.0,
Sacramento Kings_1999,8,jonesed02_1999,3.1522,3.1047,0.0476,willico02,2200000.0,500000.0,
Sacramento Kings_1999,9,blaylmo01_1999,3.1341,3.1341,-0.0,willija02,3600000.0,1460000.0,
Sacramento Kings_1999,10,barklch01_1999,2.8989,2.8989,0.0,willico02,1000000.0,500000.0,
San Antonio Spurs_1999,1,malonka01_1999,3.4979,3.6115,-0.1135,elliose01,6142000.0,5333000.0,
San Antonio Spurs_1999,2,hillgr01_1999,3.3217,3.3984,-0.0767,elliose01,6675000.0,5333000.0,
San Antonio Spurs_1999,3,armstda01_1999,3.2291,3.2291,-0.0,johnsav01,2900000.0,3000000.0,
San Antonio Spurs_1999,4,kiddja01_1999,2.9955,2.9955,-0.0,johnsav01,6041000.0,3000000.0,
San Antonio Spurs_1999,5,stockjo01_1999,2.9789,2.9789,-0.0,johnsav01,4000000.0,3000000.0,
San Antonio Spurs_1999,6,garneke01_1999,2.7351,2.8487,-0.1135,elliose01,14000000.0,5333000.0,
San Antonio Spurs_1999,7,jonesed02_1999,2.6969,2.7181,-0.0212,elliose01,2200000.0,5333000.0,
San Antonio Spurs_1999,8,paytoga01_1999,2.5457,2.5457,-0.0,johnsav01,8715000.0,3000000.0,
San Antonio Spurs_1999,9,barklch01_1999,2.3776,2.4911,-0.1135,elliose01,1000000.0,5333000.0,
San Antonio Spurs_1999,10,mullich01_1999,2.2388,2.2388,0.0,elliose01,3510000.0,5333000.0,
Seattle SuperSonics_1999,1,onealsh01_1999,5.6808,5.3568,0.324,polynol01,15000000.0,1000000.0,
Seattle SuperSonics_1999,2,robinda01_1999,4.9984,4.9967,0.0016,polynol01,14841000.0,1000000.0,
Seattle SuperSonics_1999,3,malonka01_1999,4.9876,4.986,0.0016,polynol01,6142000.0,1000000.0,
Seattle SuperSonics_1999,4,mutomdi01_1999,4.2718,3.9477,0.324,polynol01,11218000.0,1000000.0,
Seattle SuperSonics_1999,5,garneke01_1999,4.2622,4.2606,0.0016,polynol01,14000000.0,1000000.0,
Seattle SuperSonics_1999,6,mournal01_1999,4.2496,4.248,0.0016,polynol01,13130000.0,1000000.0,
Seattle SuperSonics_1999,7,duncati01_1999,4.2209,4.2193,0.0016,polynol01,3413000.0,1000000.0,
Seattle SuperSonics_1999,8,kempsh01_1999,3.5732,3.5716,0.0016,polynol01,9740000.0,1000000.0,
Seattle SuperSonics_1999,9,sabonar01_1999,3.5326,3.5309,0.0016,polynol01,9000000.0,1000000.0,
Seattle SuperSonics_1999,10,bradlsh01_1999,3.3648,3.3648,0.0,polynol01,6750000.0,1000000.0,
Toronto Raptors_1999,1,onealsh01_1999,5.3066,4.9867,0.3199,oaklech01,15000000.0,10186000.0,
Toronto Raptors_1999,2,robinda01_1999,4.6208,4.5841,0.0367,oaklech01,14841000.0,10186000.0,
Toronto Raptors_1999,3,malonka01_1999,4.6088,4.5721,0.0367,oaklech01,6142000.0,10186000.0,
Toronto Raptors_1999,4,garneke01_1999,3.7976,3.7609,0.0367,oaklech01,14000000.0,10186000.0,
Toronto Raptors_1999,5,mournal01_1999,3.7836,3.7469,0.0367,oaklech01,13130000.0,10186000.0,
Toronto Raptors_1999,6,duncati01_1999,3.7515,3.7148,0.0367,oaklech01,3413000.0,10186000.0,
Toronto Raptors_1999,7,mutomdi01_1999,3.731,3.4111,0.3199,oaklech01,11218000.0,10186000.0,
Toronto Raptors_1999,8,barklch01_1999,3.4174,3.3807,0.0367,oaklech01,1000000.0,10186000.0,
Toronto Raptors_1999,9,kempsh01_1999,3.0272,2.9905,0.0367,oaklech01,9740000.0,10186000.0,
Toronto Raptors_1999,10,armstda01_1999,2.9832,3.0839,-0.1007,chrisdo01,2900000.0,2353000.0,
Utah Jazz_1999,1,armstda01_1999,2.7716,2.7716,-0.0,eisleho01,2900000.0,1400000.0,
Utah Jazz_1999,2,kiddja01_1999,2.6292,2.6292,-0.0,eisleho01,6041000.0,1400000.0,
Utah Jazz_1999,3,onealsh01_1999,2.5951,2.5951,0.0,ostergr01,15000000.0,4333000.0,
Utah Jazz_1999,4,iversal01_1999,2.5329,2.5559,-0.0229,eisleho01,3537000.0,1400000.0,
Utah Jazz_1999,5,hillgr01_1999,2.399,2.4228,-0.0238,andersh01,6675000.0,1300000.0,
Utah Jazz_1999,6,paytoga01_1999,2.3549,2.3549,-0.0,eisleho01,8715000.0,1400000.0,
Utah Jazz_1999,7,blaylmo01_1999,2.1098,2.1098,-0.0,eisleho01,3600000.0,1400000.0,
Utah Jazz_1999,8,robinda01_1999,1.961,2.2678,-0.3068,ostergr01,14841000.0,4333000.0,
Utah Jazz_1999,9,jonesed02_1999,1.9504,1.9504,-0.0,andersh01,2200000.0,1300000.0,
Utah Jazz_1999,10,hardati01_1999,1.7528,1.7528,-0.0,eisleho01,5600000.0,1400000.0,
Vancouver Grizzlies_1999,1,armstda01_1999,4.8649,4.8649,0.0,bibbymi01,2900000.0,2400000.0,
Vancouver Grizzlies_1999,2,onealsh01_1999,4.6391,4.365,0.2741,parksch02,15000000.0,2000000.0,
Vancouver Grizzlies_1999,3,kiddja01_1999,4.6218,4.6218,0.0,bibbymi01,6041000.0,2400000.0,
Vancouver Grizzlies_1999,4,stockjo01_1999,4.6045,4.6045,0.0,bibbymi01,4000000.0,2400000.0,
Vancouver Grizzlies_1999,5,paytoga01_1999,4.1535,4.1535,0.0,bibbymi01,8715000.0,2400000.0,
Vancouver Grizzlies_1999,6,robinda01_1999,4.1271,4.087,0.0401,parksch02,14841000.0,2000000.0,
Vancouver Grizzlies_1999,7,malonka01_1999,4.1188,4.0787,0.0401,parksch02,6142000.0,2000000.0,
Vancouver Grizzlies_1999,8,blaylmo01_1999,3.7351,3.7351,0.0,bibbymi01,3600000.0,2400000.0,
Vancouver Grizzlies_1999,9,garneke01_1999,3.5586,3.5185,0.0401,parksch02,14000000.0,2000000.0,
Vancouver Grizzlies_1999,10,mutomdi01_1999,3.5511,3.277,0.2741,parksch02,11218000.0,2000000.0,
Washington Wizards_1999,1,onealsh01_1999,4.5379,4.2002,0.3378,thorpot01,15000000.0,4400000.0,
Washington Wizards_1999,2,hillgr01_1999,4.3228,4.3228,0.0,richmmi01,6675000.0,2500000.0,
Washington Wizards_1999,3,iversal01_1999,3.9844,3.9844,0.0,richmmi01,3537000.0,2500000.0,
Washington Wizards_1999,4,robinda01_1999,3.8154,3.8154,0.0,thorpot01,14841000.0,4400000.0,
Washington Wizards_1999,5,malonka01_1999,3.8039,3.8039,0.0,thorpot01,6142000.0,4400000.0,
Washington Wizards_1999,6,paytoga01_1999,3.5941,3.6084,-0.0144,richmmi01,8715000.0,2500000.0,
Washington Wizards_1999,7,jonesed02_1999,3.5102,3.4667,0.0435,richmmi01,2200000.0,2500000.0,
Washington Wizards_1999,8,mutomdi01_1999,3.0319,2.6942,0.3378,thorpot01,11218000.0,4400000.0,
Washington Wizards_1999,9,garneke01_1999,3.0285,3.0285,0.0,thorpot01,14000000.0,4400000.0,
Washington Wizards_1999,10,mournal01_1999,3.0151,3.0151,0.0,thorpot01,13130000.0,4400000.0,
Detroit Pistons_1999,1,onealsh01_1999,3.3815,3.172,0.2095,delebi01,15000000.0,4860000.0,
Detroit Pistons_1999,2,armstda01_1999,3.1321,2.9809,0.1512,stackje01,2900000.0,3887000.0,
Detroit Pistons_1999,3,kiddja01_1999,2.9621,2.8109,0.1512,stackje01,6041000.0,3887000.0,
Detroit Pistons_1999,4,stockjo01_1999,2.95,2.7988,0.1512,stackje01,4000000.0,3887000.0,
Detroit Pistons_1999,5,robinda01_1999,2.8409,2.8803,-0.0394,delebi01,14841000.0,4860000.0,
Detroit Pistons_1999,6,malonka01_1999,2.8321,2.8715,-0.0394,delebi01,6142000.0,4860000.0,
Detroit Pistons_1999,7,iversal01_1999,2.7233,2.7233,0.0,stackje01,3537000.0,3887000.0,
Detroit Pistons_1999,8,paytoga01_1999,2.6347,2.4835,0.1512,stackje01,8715000.0,3887000.0,
Detroit Pistons_1999,9,jonesed02_1999,2.5304,2.3931,0.1373,stackje01,2200000.0,3887000.0,
Detroit Pistons_1999,10,blaylmo01_1999,2.3422,2.1909,0.1512,stackje01,3600000.0,3887000.0,
Charlotte Hornets_1999,1,onealsh01_1999,3.5432,3.2368,0.3063,colemde01,15000000.0,6667000.0,
Charlotte Hornets_1999,2,malonka01_1999,3.4906,3.4649,0.0257,brownch01,6142000.0,850000.0,
Charlotte Hornets_1999,3,hillgr01_1999,3.4594,3.2943,0.1651,brownch01,6675000.0,850000.0,
Charlotte Hornets_1999,4,robinda01_1999,2.9554,2.9554,0.0,colemde01,14841000.0,6667000.0,
Charlotte Hornets_1999,5,garneke01_1999,2.8797,2.8541,0.0257,brownch01,14000000.0,850000.0,
Charlotte Hornets_1999,6,duncati01_1999,2.845,2.8194,0.0257,brownch01,3413000.0,850000.0,
Charlotte Hornets_1999,7,barklch01_1999,2.5935,2.5678,0.0257,brownch01,1000000.0,850000.0,
Charlotte Hornets_1999,8,mullich01_1999,2.5639,2.3657,0.1982,brownch01,3510000.0,850000.0,
Charlotte Hornets_1999,9,williwa02_1999,2.5624,2.3642,0.1982,brownch01,3000000.0,850000.0,
Charlotte Hornets_1999,10,armstda01_1999,2.5292,2.5292,-0.0,wesleda01,2900000.0,2160000.0,
Atlanta Hawks_2000,1,onealsh01_2000,7.0061,7.0061,0.0,hendeal01,17142858.0,5318437.0,
Atlanta Hawks_2000,2,malonka01_2000,5.6482,5.6482,0.0,hendeal01,14000000.0,5318437.0,
Atlanta Hawks_2000,3,garneke01_2000,5.2018,5.2018,0.0,hendeal01,16806300.0,5318437.0,
Atlanta Hawks_2000,4,outlabo01_2000,5.1167,4.8218,0.295,hendeal01,2000000.0,5318437.0,
Atlanta Hawks_2000,5,duncati01_2000,5.0658,5.0658,0.0,hendeal01,3858240.0,5318437.0,
Atlanta Hawks_2000,6,robinda01_2000,4.7971,4.7971,0.0,hendeal01,11592683.0,5318437.0,
Atlanta Hawks_2000,7,hillgr01_2000,4.7277,4.7373,-0.0097,hendeal01,6939000.0,5318437.0,
Atlanta Hawks_2000,8,webbech01_2000,4.5146,4.5146,0.0,hendeal01,11000000.0,5318437.0,
Atlanta Hawks_2000,9,mournal01_2000,4.3618,4.3618,0.0,hendeal01,15004800.0,5318437.0,
Atlanta Hawks_2000,10,cartevi01_2000,4.325,4.325,-0.0,jacksji01,2267280.0,1925000.0,
Boston Celtics_2000,1,onealsh01_2000,4.8996,4.8996,0.0,potapvi01,17142858.0,3810000.0,
Boston Celtics_2000,2,malonka01_2000,4.0282,4.2368,-0.2085,walkean02,14000000.0,9000000.0,
Boston Celtics_2000,3,garneke01_2000,3.7162,3.7162,0.0,potapvi01,16806300.0,3810000.0,
Boston Celtics_2000,4,duncati01_2000,3.627,3.627,0.0,potapvi01,3858240.0,3810000.0,
Boston Celtics_2000,5,outlabo01_2000,3.5281,3.3286,0.1996,walkean02,2000000.0,9000000.0,
Boston Celtics_2000,6,robinda01_2000,3.4508,3.4508,0.0,potapvi01,11592683.0,3810000.0,
Boston Celtics_2000,7,webbech01_2000,3.2655,3.2655,0.0,potapvi01,11000000.0,3810000.0,
Boston Celtics_2000,8,mournal01_2000,3.1653,3.1653,0.0,potapvi01,15004800.0,3810000.0,
Boston Celtics_2000,9,hillgr01_2000,3.1286,3.2358,-0.1072,walkean02,6939000.0,9000000.0,
Boston Celtics_2000,10,mutomdi01_2000,2.8211,2.555,0.2662,potapvi01,12820249.0,3810000.0,
Cleveland Cavaliers_2000,1,onealsh01_2000,6.2917,6.2917,0.0,kempsh01,17142858.0,10780000.0,
Cleveland Cavaliers_2000,2,malonka01_2000,5.0435,5.0435,0.0,kempsh01,14000000.0,10780000.0,
Cleveland Cavaliers_2000,3,garneke01_2000,4.6331,4.6331,0.0,kempsh01,16806300.0,10780000.0,
Cleveland Cavaliers_2000,4,duncati01_2000,4.508,4.508,0.0,kempsh01,3858240.0,10780000.0,
Cleveland Cavaliers_2000,5,robinda01_2000,4.2611,4.2611,0.0,kempsh01,11592683.0,10780000.0,
Cleveland Cavaliers_2000,6,webbech01_2000,4.0013,4.0013,0.0,kempsh01,11000000.0,10780000.0,
Cleveland Cavaliers_2000,7,mournal01_2000,3.8609,3.8609,0.0,kempsh01,15004800.0,10780000.0,
Cleveland Cavaliers_2000,8,outlabo01_2000,3.4633,3.2794,0.1839,murrala01,2000000.0,3000000.0,
Cleveland Cavaliers_2000,9,cartevi01_2000,3.4555,3.5373,-0.0817,murrala01,2267280.0,3000000.0,
Cleveland Cavaliers_2000,10,mutomdi01_2000,3.4209,3.0055,0.4155,kempsh01,12820249.0,10780000.0,
Chicago Bulls_2000,1,onealsh01_2000,6.1889,6.1889,0.0,brandel01,17142858.0,3375960.0,
Chicago Bulls_2000,2,malonka01_2000,4.7049,4.7049,0.0,brandel01,14000000.0,3375960.0,
Chicago Bulls_2000,3,stockjo01_2000,4.2759,4.2759,-0.0,brownra02,11000000.0,1200000.0,
Chicago Bulls_2000,4,paytoga01_2000,4.268,4.29,-0.022,brownra02,11020473.0,1200000.0,
Chicago Bulls_2000,5,outlabo01_2000,4.24,4.0354,0.2046,simpkdi01,2000000.0,1500000.0,
Chicago Bulls_2000,6,garneke01_2000,4.2203,4.2602,-0.0399,simpkdi01,16806300.0,1500000.0,
Chicago Bulls_2000,7,duncati01_2000,4.1399,4.1797,-0.0399,simpkdi01,3858240.0,1500000.0,
Chicago Bulls_2000,8,robinda01_2000,3.981,4.0209,-0.0399,simpkdi01,11592683.0,1500000.0,
Chicago Bulls_2000,9,webbech01_2000,3.8139,3.8538,-0.0399,simpkdi01,11000000.0,1500000.0,
Chicago Bulls_2000,10,mournal01_2000,3.7236,3.7635,-0.0399,simpkdi01,15004800.0,1500000.0,
Dallas Mavericks_2000,1,onealsh01_2000,4.6468,4.7393,-0.0925,nowitdi01,17142858.0,1583040.0,
Dallas Mavericks_2000,2,malonka01_2000,3.7765,3.8711,-0.0946,finlemi01,14000000.0,7200000.0,
Dallas Mavericks_2000,3,stockjo01_2000,3.663,3.6763,-0.0133,davishu01,11000000.0,752500.0,
Dallas Mavericks_2000,4,paytoga01_2000,3.6163,3.6924,-0.0761,davishu01,11020473.0,752500.0,
Dallas Mavericks_2000,5,outlabo01_2000,3.5087,3.2681,0.2407,cebalce01,2000000.0,3500000.0,
Dallas Mavericks_2000,6,cartevi01_2000,3.49,3.49,0.0,cebalce01,2267280.0,3500000.0,
Dallas Mavericks_2000,7,jonesed02_2000,3.2609,3.2609,0.0,cebalce01,2500000.0,3500000.0,
Dallas Mavericks_2000,8,garneke01_2000,3.2143,3.3088,-0.0946,finlemi01,16806300.0,7200000.0,
Dallas Mavericks_2000,9,hillgr01_2000,3.2045,3.2045,0.0,cebalce01,6939000.0,3500000.0,
Dallas Mavericks_2000,10,bryanko01_2000,2.8546,2.8546,0.0,cebalce01,9000000.0,3500000.0,
Denver Nuggets_2000,1,onealsh01_2000,4.865,4.865,0.0,lafrera01,17142858.0,2777160.0,
Denver Nuggets_2000,2,stockjo01_2000,4.1767,4.1767,0.0,vanexni01,11000000.0,8354614.0,
Denver Nuggets_2000,3,paytoga01_2000,4.1474,4.2023,-0.055,vanexni01,11020473.0,8354614.0,
Denver Nuggets_2000,4,malonka01_2000,4.1149,4.1149,0.0,mcdyean01,14000000.0,9900000.0,
Denver Nuggets_2000,5,garneke01_2000,3.677,3.677,0.0,mcdyean01,16806300.0,9900000.0,
Denver Nuggets_2000,6,outlabo01_2000,3.6742,3.3041,0.3701,mcdyean01,2000000.0,9900000.0,
Denver Nuggets_2000,7,duncati01_2000,3.5435,3.5435,0.0,mcdyean01,3858240.0,9900000.0,
Denver Nuggets_2000,8,hillgr01_2000,3.2956,3.2213,0.0743,mcdyean01,6939000.0,9900000.0,
Denver Nuggets_2000,9,webbech01_2000,3.0027,3.0027,0.0,mcdyean01,11000000.0,9900000.0,
Denver Nuggets_2000,10,robinda01_2000,2.9458,2.9458,0.0,lafrera01,11592683.0,2777160.0,
Golden State Warriors_2000,1,onealsh01_2000,6.1256,6.1951,-0.0695,caffeja01,17142858.0,3937500.0,
Golden State Warriors_2000,2,malonka01_2000,5.0657,5.1351,-0.0695,caffeja01,14000000.0,3937500.0,
Golden State Warriors_2000,3,outlabo01_2000,4.7434,4.49,0.2534,caffeja01,2000000.0,3937500.0,
Golden State Warriors_2000,4,garneke01_2000,4.7172,4.7867,-0.0695,caffeja01,16806300.0,3937500.0,
Golden State Warriors_2000,5,duncati01_2000,4.611,4.6805,-0.0695,caffeja01,3858240.0,3937500.0,
Golden State Warriors_2000,6,robinda01_2000,4.4013,4.4708,-0.0695,caffeja01,11592683.0,3937500.0,
Golden State Warriors_2000,7,webbech01_2000,4.1807,4.2502,-0.0695,caffeja01,11000000.0,3937500.0,
Golden State Warriors_2000,8,mournal01_2000,4.0615,4.131,-0.0695,caffeja01,15004800.0,3937500.0,
Golden State Warriors_2000,9,mutomdi01_2000,3.658,3.4046,0.2534,caffeja01,12820249.0,3937500.0,
Golden State Warriors_2000,10,rogerro01_2000,3.642,3.5675,0.0745,caffeja01,2000000.0,3937500.0,
Houston Rockets_2000,1,cartevi01_2000,3.8707,3.9562,-0.0855,andersh01,2267280.0,2000000.0,
Houston Rockets_2000,2,outlabo01_2000,3.8363,3.6672,0.1691,andersh01,2000000.0,2000000.0,
Houston Rockets_2000,3,jonesed02_2000,3.5724,3.6579,-0.0855,andersh01,2500000.0,2000000.0,
Houston Rockets_2000,4,hillgr01_2000,3.4989,3.5844,-0.0855,andersh01,6939000.0,2000000.0,
Houston Rockets_2000,5,stockjo01_2000,3.3214,3.3214,0.0,francst01,11000000.0,3020520.0,
Houston Rockets_2000,6,paytoga01_2000,3.2702,3.3456,-0.0754,francst01,11020473.0,3020520.0,
Houston Rockets_2000,7,malonka01_2000,3.2612,3.3968,-0.1356,thomake01,14000000.0,823440.0,
Houston Rockets_2000,8,bryanko01_2000,3.0433,3.1288,-0.0855,andersh01,9000000.0,2000000.0,
Houston Rockets_2000,9,garneke01_2000,2.9665,3.1021,-0.1356,thomake01,16806300.0,823440.0,
Houston Rockets_2000,10,duncati01_2000,2.8767,3.0122,-0.1356,thomake01,3858240.0,823440.0,
Los Angeles Clippers_2000,1,onealsh01_2000,8.54,8.5216,0.0184,olowomi01,17142858.0,3456240.0,
Los Angeles Clippers_2000,2,malonka01_2000,7.3181,7.2997,0.0184,olowomi01,14000000.0,3456240.0,
Los Angeles Clippers_2000,3,garneke01_2000,6.9164,6.898,0.0184,olowomi01,16806300.0,3456240.0,
Los Angeles Clippers_2000,4,duncati01_2000,6.7939,6.7756,0.0184,olowomi01,3858240.0,3456240.0,
Los Angeles Clippers_2000,5,robinda01_2000,6.5522,6.5338,0.0184,olowomi01,11592683.0,3456240.0,
Los Angeles Clippers_2000,6,webbech01_2000,6.2979,6.2796,0.0184,olowomi01,11000000.0,3456240.0,
Los Angeles Clippers_2000,7,mournal01_2000,6.1605,6.1421,0.0184,olowomi01,15004800.0,3456240.0,
Los Angeles Clippers_2000,8,rogerro01_2000,5.6751,5.4925,0.1825,olowomi01,2000000.0,3456240.0,
Los Angeles Clippers_2000,9,mutomdi01_2000,5.629,5.3047,0.3243,olowomi01,12820249.0,3456240.0,
Los Angeles Clippers_2000,10,horryro01_2000,5.4233,5.2408,0.1825,olowomi01,4800000.0,3456240.0,
Los Angeles Lakers_2000,1,cartevi01_2000,3.2301,3.2301,0.0,ricegl01,2267280.0,7000000.0,
Los Angeles Lakers_2000,2,outlabo01_2000,3.1335,2.9596,0.174,ricegl01,2000000.0,7000000.0,
Los Angeles Lakers_2000,3,malonka01_2000,2.9751,2.9814,-0.0063,greenac01,14000000.0,1700000.0,
Los Angeles Lakers_2000,4,jonesed02_2000,2.9509,2.9509,0.0,ricegl01,2500000.0,7000000.0,
Los Angeles Lakers_2000,5,hillgr01_2000,2.8821,2.8821,0.0,ricegl01,6939000.0,7000000.0,
Los Angeles Lakers_2000,6,garneke01_2000,2.6685,2.6748,-0.0063,greenac01,16806300.0,1700000.0,
Los Angeles Lakers_2000,7,paytoga01_2000,2.6033,2.7481,-0.1447,harpero01,11020473.0,2000000.0,
Los Angeles Lakers_2000,8,stockjo01_2000,2.5929,2.7306,-0.1377,harpero01,11000000.0,2000000.0,
Los Angeles Lakers_2000,9,duncati01_2000,2.575,2.5813,-0.0063,greenac01,3858240.0,1700000.0,
Los Angeles Lakers_2000,10,robinda01_2000,2.3905,2.3968,-0.0063,greenac01,11592683.0,1700000.0,
Miami Heat_2000,1,onealsh01_2000,4.0123,4.0123,0.0,brownpj01,17142858.0,5124800.0,
Miami Heat_2000,2,stockjo01_2000,3.7457,3.7457,0.0,cartean01,11000000.0,385000.0,
Miami Heat_2000,3,paytoga01_2000,3.7228,3.7618,-0.039,cartean01,11020473.0,385000.0,
Miami Heat_2000,4,malonka01_2000,3.588,3.6254,-0.0374,mashbja01,14000000.0,5600000.0,
Miami Heat_2000,5,jonesed02_2000,3.2999,3.3389,-0.039,cartean01,2500000.0,385000.0,
Miami Heat_2000,6,garneke01_2000,3.127,3.1644,-0.0374,mashbja01,16806300.0,5600000.0,
Miami Heat_2000,7,outlabo01_2000,3.0913,2.7719,0.3194,mashbja01,2000000.0,5600000.0,
Miami Heat_2000,8,cartevi01_2000,3.0762,3.0762,0.0,mashbja01,2267280.0,5600000.0,
Miami Heat_2000,9,bryanko01_2000,2.9368,2.9758,-0.039,cartean01,9000000.0,385000.0,
Miami Heat_2000,10,brandte01_2000,2.8793,2.8793,0.0,cartean01,7400000.0,385000.0,
Milwaukee Bucks_2000,1,malonka01_2000,4.3236,4.333,-0.0094,robingl01,14000000.0,7250000.0,
Milwaukee Bucks_2000,2,onealsh01_2000,4.0559,4.2765,-0.2206,johnser02,17142858.0,2951029.0,
Milwaukee Bucks_2000,3,garneke01_2000,3.8495,3.8589,-0.0094,robingl01,16806300.0,7250000.0,
Milwaukee Bucks_2000,4,cartevi01_2000,3.7682,3.7682,0.0,robingl01,2267280.0,7250000.0,
Milwaukee Bucks_2000,5,outlabo01_2000,3.6952,3.4553,0.24,robingl01,2000000.0,7250000.0,
Milwaukee Bucks_2000,6,hillgr01_2000,3.3656,3.3656,0.0,robingl01,6939000.0,7250000.0,
Milwaukee Bucks_2000,7,duncati01_2000,3.1562,3.3431,-0.1869,thomati01,3858240.0,2098560.0,
Milwaukee Bucks_2000,8,webbech01_2000,3.1196,3.129,-0.0094,robingl01,11000000.0,7250000.0,
Milwaukee Bucks_2000,9,stockjo01_2000,2.9101,2.7339,0.1761,cassesa01,11000000.0,3500000.0,
Milwaukee Bucks_2000,10,paytoga01_2000,2.7595,2.7595,0.0,cassesa01,11020473.0,3500000.0,
Minnesota Timberwolves_2000,1,onealsh01_2000,4.8635,4.8635,0.0,smithjo02,17142858.0,2100000.0,
Minnesota Timberwolves_2000,2,malonka01_2000,3.8961,3.8961,0.0,smithjo02,14000000.0,2100000.0,
Minnesota Timberwolves_2000,3,paytoga01_2000,3.6543,3.6703,-0.016,peelean01,11020473.0,2495500.0,
Minnesota Timberwolves_2000,4,stockjo01_2000,3.5565,3.6522,-0.0958,peelean01,11000000.0,2495500.0,
Minnesota Timberwolves_2000,5,duncati01_2000,3.4811,3.4811,0.0,smithjo02,3858240.0,2100000.0,
Minnesota Timberwolves_2000,6,cartevi01_2000,3.4102,3.4262,-0.016,peelean01,2267280.0,2495500.0,
Minnesota Timberwolves_2000,7,robinda01_2000,3.2897,3.2897,0.0,smithjo02,11592683.0,2100000.0,
Minnesota Timberwolves_2000,8,jonesed02_2000,3.1814,3.1973,-0.016,peelean01,2500000.0,2495500.0,
Minnesota Timberwolves_2000,9,webbech01_2000,3.0884,3.0884,0.0,smithjo02,11000000.0,2100000.0,
Minnesota Timberwolves_2000,10,mournal01_2000,2.9795,2.9795,0.0,smithjo02,15004800.0,2100000.0,
New Jersey Nets_2000,1,onealsh01_2000,6.5663,6.5663,0.0,vanhoke01,17142858.0,3451920.0,
New Jersey Nets_2000,2,malonka01_2000,5.1721,5.1721,0.0,vanhoke01,14000000.0,3451920.0,
New Jersey Nets_2000,3,outlabo01_2000,4.7778,4.3235,0.4542,vanhoke01,2000000.0,3451920.0,
New Jersey Nets_2000,4,garneke01_2000,4.7138,4.7138,0.0,vanhoke01,16806300.0,3451920.0,
New Jersey Nets_2000,5,duncati01_2000,4.5741,4.5741,0.0,vanhoke01,3858240.0,3451920.0,
New Jersey Nets_2000,6,hillgr01_2000,4.3458,4.2368,0.109,vanhoke01,6939000.0,3451920.0,
New Jersey Nets_2000,7,robinda01_2000,4.2982,4.2982,0.0,vanhoke01,11592683.0,3451920.0,
New Jersey Nets_2000,8,webbech01_2000,4.0081,4.0081,0.0,vanhoke01,11000000.0,3451920.0,
New Jersey Nets_2000,9,mournal01_2000,3.8513,3.8513,0.0,vanhoke01,15004800.0,3451920.0,
New Jersey Nets_2000,10,rogerro01_2000,3.3868,3.1101,0.2767,vanhoke01,2000000.0,3451920.0,
New York Knicks_2000,1,onealsh01_2000,4.2351,4.2351,0.0,ewingpa01,17142858.0,15000000.0,
New York Knicks_2000,2,paytoga01_2000,3.5178,3.5178,-0.0,houstal01,11020473.0,8000000.0,
New York Knicks_2000,3,stockjo01_2000,3.5114,3.4903,0.0211,houstal01,11000000.0,8000000.0,
New York Knicks_2000,4,outlabo01_2000,3.51,3.1591,0.3509,sprewla01,2000000.0,9000000.0,
New York Knicks_2000,5,cartevi01_2000,3.5094,3.5094,0.0,sprewla01,2267280.0,9000000.0,
New York Knicks_2000,6,malonka01_2000,3.2138,3.2138,0.0,ewingpa01,14000000.0,15000000.0,
New York Knicks_2000,7,jonesed02_2000,3.1478,3.1478,0.0,sprewla01,2500000.0,9000000.0,
New York Knicks_2000,8,hillgr01_2000,3.0587,3.0587,0.0,sprewla01,6939000.0,9000000.0,
New York Knicks_2000,9,garneke01_2000,2.878,2.878,0.0,ewingpa01,16806300.0,15000000.0,
New York Knicks_2000,10,duncati01_2000,2.7757,2.7757,0.0,ewingpa01,3858240.0,15000000.0,
Orlando Magic_2000,1,onealsh01_2000,4.2744,4.2744,0.0,amaecjo01,17142858.0,385000.0,
Orlando Magic_2000,2,malonka01_2000,3.4603,3.4603,0.0,amaecjo01,14000000.0,385000.0,
Orlando Magic_2000,3,garneke01_2000,3.1926,3.1926,0.0,amaecjo01,16806300.0,385000.0,
Orlando Magic_2000,4,duncati01_2000,3.111,3.111,0.0,amaecjo01,3858240.0,385000.0,
Orlando Magic_2000,5,robinda01_2000,2.9499,2.9499,0.0,amaecjo01,11592683.0,385000.0,
Orlando Magic_2000,6,webbech01_2000,2.7805,2.7805,0.0,amaecjo01,11000000.0,385000.0,
Orlando Magic_2000,7,mournal01_2000,2.689,2.689,0.0,amaecjo01,15004800.0,385000.0,
Orlando Magic_2000,8,cartevi01_2000,2.4664,2.4552,0.0112,willimo01,2267280.0,510000.0,
Orlando Magic_2000,9,paytoga01_2000,2.4585,2.4344,0.0241,atkinch01,11020473.0,385000.0,
Orlando Magic_2000,10,stockjo01_2000,2.4202,2.4202,-0.0,atkinch01,11000000.0,385000.0,
Indiana Pacers_2000,1,onealsh01_2000,4.7222,4.7222,0.0,smitsri01,17142858.0,12250000.0,
Indiana Pacers_2000,2,malonka01_2000,3.7865,3.7865,0.0,smitsri01,14000000.0,12250000.0,
Indiana Pacers_2000,3,garneke01_2000,3.479,3.479,0.0,smitsri01,16806300.0,12250000.0,
Indiana Pacers_2000,4,duncati01_2000,3.3852,3.3852,0.0,smitsri01,3858240.0,12250000.0,
Indiana Pacers_2000,5,outlabo01_2000,3.2612,2.9368,0.3244,roseja01,2000000.0,2437500.0,
Indiana Pacers_2000,6,cartevi01_2000,3.2561,3.2561,0.0,roseja01,2267280.0,2437500.0,
Indiana Pacers_2000,7,robinda01_2000,3.2001,3.2001,0.0,smitsri01,11592683.0,12250000.0,
Indiana Pacers_2000,8,webbech01_2000,3.0054,3.0054,0.0,smitsri01,11000000.0,12250000.0,
Indiana Pacers_2000,9,jonesed02_2000,2.9265,2.9265,0.0,roseja01,2500000.0,2437500.0,
Indiana Pacers_2000,10,mournal01_2000,2.9002,2.9002,0.0,smitsri01,15004800.0,12250000.0,
Philadelphia 76ers_2000,1,onealsh01_2000,4.7096,4.828,-0.1185,hillty01,17142858.0,6422400.0,
Philadelphia 76ers_2000,2,stockjo01_2000,3.9903,3.9903,0.0,snower01,11000000.0,3000000.0,
Philadelphia 76ers_2000,3,paytoga01_2000,3.8964,4.0151,-0.1187,snower01,11020473.0,3000000.0,
Philadelphia 76ers_2000,4,malonka01_2000,3.6674,3.7858,-0.1185,hillty01,14000000.0,6422400.0,
Philadelphia 76ers_2000,5,outlabo01_2000,3.3916,3.1515,0.2401,hillty01,2000000.0,6422400.0,
Philadelphia 76ers_2000,6,garneke01_2000,3.3247,3.4432,-0.1185,hillty01,16806300.0,6422400.0,
Philadelphia 76ers_2000,7,duncati01_2000,3.2203,3.3388,-0.1185,hillty01,3858240.0,6422400.0,
Philadelphia 76ers_2000,8,robinda01_2000,3.0141,3.1326,-0.1185,hillty01,11592683.0,6422400.0,
Philadelphia 76ers_2000,9,webbech01_2000,2.7972,2.9157,-0.1185,hillty01,11000000.0,6422400.0,
Philadelphia 76ers_2000,10,mournal01_2000,2.68,2.7985,-0.1185,hillty01,15004800.0,6422400.0,
Phoenix Suns_2000,1,onealsh01_2000,4.1302,4.1464,-0.0162,longllu01,17142858.0,5175000.0,
Phoenix Suns_2000,2,malonka01_2000,3.4408,3.4569,-0.0162,longllu01,14000000.0,5175000.0,
Phoenix Suns_2000,3,garneke01_2000,3.2141,3.2303,-0.0162,longllu01,16806300.0,5175000.0,
Phoenix Suns_2000,4,duncati01_2000,3.145,3.1612,-0.0162,longllu01,3858240.0,5175000.0,
Phoenix Suns_2000,5,robinda01_2000,3.0086,3.0248,-0.0162,longllu01,11592683.0,5175000.0,
Phoenix Suns_2000,6,webbech01_2000,2.8652,2.8814,-0.0162,longllu01,11000000.0,5175000.0,
Phoenix Suns_2000,7,mournal01_2000,2.7876,2.8038,-0.0162,longllu01,15004800.0,5175000.0,
Phoenix Suns_2000,8,mutomdi01_2000,2.5213,2.3314,0.19,longllu01,12820249.0,5175000.0,
Phoenix Suns_2000,9,cartevi01_2000,2.4778,2.5614,-0.0837,robincl02,2267280.0,6125000.0,
Phoenix Suns_2000,10,outlabo01_2000,2.4412,2.2587,0.1825,robincl02,2000000.0,6125000.0,
Portland Trail Blazers_2000,1,onealsh01_2000,4.1195,4.1195,0.0,wallara01,17142858.0,10800000.0,
Portland Trail Blazers_2000,2,paytoga01_2000,3.0984,3.0663,0.0321,stoudda01,11020473.0,10125000.0,
Portland Trail Blazers_2000,3,stockjo01_2000,3.0455,3.0455,-0.0,stoudda01,11000000.0,10125000.0,
Portland Trail Blazers_2000,4,malonka01_2000,2.6943,2.6943,0.0,wallara01,14000000.0,10800000.0,
Portland Trail Blazers_2000,5,outlabo01_2000,2.2618,1.8269,0.4348,wallara01,2000000.0,10800000.0,
Portland Trail Blazers_2000,6,garneke01_2000,2.2258,2.2258,0.0,wallara01,16806300.0,10800000.0,
Portland Trail Blazers_2000,7,duncati01_2000,2.083,2.083,0.0,wallara01,3858240.0,10800000.0,
Portland Trail Blazers_2000,8,brandte01_2000,1.9241,1.9241,-0.0,stoudda01,7400000.0,10125000.0,
Portland Trail Blazers_2000,9,robinda01_2000,1.8011,1.8011,0.0,wallara01,11592683.0,10800000.0,
Portland Trail Blazers_2000,10,cartevi01_2000,1.7787,1.7787,0.0,smithst01,2267280.0,7200000.0,
Sacramento Kings_2000,1,paytoga01_2000,5.4938,5.4654,0.0284,willija02,11020473.0,1879920.0,
Sacramento Kings_2000,2,stockjo01_2000,5.4408,5.4408,0.0,willija02,11000000.0,1879920.0,
Sacramento Kings_2000,3,jonesed02_2000,4.8487,4.8202,0.0284,willija02,2500000.0,1879920.0,
Sacramento Kings_2000,4,bryanko01_2000,4.2947,4.2663,0.0284,willija02,9000000.0,1879920.0,
Sacramento Kings_2000,5,brandte01_2000,4.1191,4.1191,0.0,willija02,7400000.0,1879920.0,
Sacramento Kings_2000,6,portete01_2000,3.8653,3.8653,0.0,willija02,2000000.0,1879920.0,
Sacramento Kings_2000,7,kiddja01_2000,3.7063,3.7063,0.0,willija02,6858335.0,1879920.0,
Sacramento Kings_2000,8,armstda01_2000,3.7013,3.7013,0.0,willija02,4125000.0,1879920.0,
Sacramento Kings_2000,9,allenra02_2000,3.5562,3.5278,0.0284,willija02,9000000.0,1879920.0,
Sacramento Kings_2000,10,onealsh01_2000,3.4638,3.4638,0.0,divacvl01,17142858.0,8837774.0,
San Antonio Spurs_2000,1,paytoga01_2000,3.833,3.8144,0.0185,johnsav01,11020473.0,3200000.0,
San Antonio Spurs_2000,2,stockjo01_2000,3.792,3.792,-0.0,johnsav01,11000000.0,3200000.0,
San Antonio Spurs_2000,3,outlabo01_2000,3.0666,2.8896,0.177,eliema01,2000000.0,1925000.0,
San Antonio Spurs_2000,4,cartevi01_2000,3.0566,3.127,-0.0704,eliema01,2267280.0,1925000.0,
San Antonio Spurs_2000,5,jonesed02_2000,2.8115,2.882,-0.0704,eliema01,2500000.0,1925000.0,
San Antonio Spurs_2000,6,hillgr01_2000,2.7511,2.8215,-0.0704,eliema01,6939000.0,1925000.0,
San Antonio Spurs_2000,7,brandte01_2000,2.5849,2.5849,-0.0,johnsav01,7400000.0,3200000.0,
San Antonio Spurs_2000,8,onealsh01_2000,2.3897,2.4109,-0.0212,walkesa01,17142858.0,2716667.0,
San Antonio Spurs_2000,9,bryanko01_2000,2.3769,2.4473,-0.0704,eliema01,9000000.0,1925000.0,
San Antonio Spurs_2000,10,malonka01_2000,2.3557,2.5753,-0.2195,rosema01,14000000.0,2285000.0,
Seattle SuperSonics_2000,1,onealsh01_2000,7.8942,7.8942,0.0,bakervi01,17142858.0,9000000.0,
Seattle SuperSonics_2000,2,malonka01_2000,6.5065,6.5065,0.0,bakervi01,14000000.0,9000000.0,
Seattle SuperSonics_2000,3,garneke01_2000,6.0503,6.0503,0.0,bakervi01,16806300.0,9000000.0,
Seattle SuperSonics_2000,4,duncati01_2000,5.9113,5.9113,0.0,bakervi01,3858240.0,9000000.0,
Seattle SuperSonics_2000,5,robinda01_2000,5.6367,5.6367,0.0,bakervi01,11592683.0,9000000.0,
Seattle SuperSonics_2000,6,webbech01_2000,5.348,5.348,0.0,bakervi01,11000000.0,9000000.0,
Seattle SuperSonics_2000,7,mournal01_2000,5.1919,5.1919,0.0,bakervi01,15004800.0,9000000.0,
Seattle SuperSonics_2000,8,rogerro01_2000,4.6524,4.4542,0.1983,bakervi01,2000000.0,9000000.0,
Seattle SuperSonics_2000,9,mutomdi01_2000,4.5389,4.2408,0.2981,bakervi01,12820249.0,9000000.0,
Seattle SuperSonics_2000,10,horryro01_2000,4.3665,4.1683,0.1983,bakervi01,4800000.0,9000000.0,
Toronto Raptors_2000,1,onealsh01_2000,6.3208,6.3066,0.0142,oaklech01,17142858.0,5236000.0,
Toronto Raptors_2000,2,malonka01_2000,5.1157,5.1015,0.0142,oaklech01,14000000.0,5236000.0,
Toronto Raptors_2000,3,garneke01_2000,4.7196,4.7054,0.0142,oaklech01,16806300.0,5236000.0,
Toronto Raptors_2000,4,outlabo01_2000,4.6392,4.368,0.2712,oaklech01,2000000.0,5236000.0,
Toronto Raptors_2000,5,duncati01_2000,4.5988,4.5846,0.0142,oaklech01,3858240.0,5236000.0,
Toronto Raptors_2000,6,robinda01_2000,4.3604,4.3462,0.0142,oaklech01,11592683.0,5236000.0,
Toronto Raptors_2000,7,hillgr01_2000,4.2333,4.2931,-0.0598,oaklech01,6939000.0,5236000.0,
Toronto Raptors_2000,8,webbech01_2000,4.1096,4.0954,0.0142,oaklech01,11000000.0,5236000.0,
Toronto Raptors_2000,9,mournal01_2000,3.9741,3.9599,0.0142,oaklech01,15004800.0,5236000.0,
Toronto Raptors_2000,10,rogerro01_2000,3.4887,3.3193,0.1694,oaklech01,2000000.0,5236000.0,
Utah Jazz_2000,1,onealsh01_2000,4.908,4.9135,-0.0055,polynol01,17142858.0,2000000.0,
Utah Jazz_2000,2,paytoga01_2000,3.8066,3.8561,-0.0495,eisleho01,11020473.0,1560000.0,
Utah Jazz_2000,3,garneke01_2000,3.7085,3.714,-0.0055,polynol01,16806300.0,2000000.0,
Utah Jazz_2000,4,duncati01_2000,3.618,3.6235,-0.0055,polynol01,3858240.0,2000000.0,
Utah Jazz_2000,5,robinda01_2000,3.4394,3.4449,-0.0055,polynol01,11592683.0,2000000.0,
Utah Jazz_2000,6,jonesed02_2000,3.3312,3.3807,-0.0495,eisleho01,2500000.0,1560000.0,
Utah Jazz_2000,7,webbech01_2000,3.2516,3.2571,-0.0055,polynol01,11000000.0,2000000.0,
Utah Jazz_2000,8,mournal01_2000,3.15,3.1555,-0.0055,polynol01,15004800.0,2000000.0,
Utah Jazz_2000,9,bryanko01_2000,2.923,2.9725,-0.0495,eisleho01,9000000.0,1560000.0,
Utah Jazz_2000,10,brandte01_2000,2.864,2.864,-0.0,eisleho01,7400000.0,1560000.0,
Vancouver Grizzlies_2000,1,onealsh01_2000,7.801,7.801,0.0,harriot01,17142858.0,2025000.0,
Vancouver Grizzlies_2000,2,malonka01_2000,6.4864,6.4864,0.0,harriot01,14000000.0,2025000.0,
Vancouver Grizzlies_2000,3,outlabo01_2000,6.0667,5.6862,0.3805,harriot01,2000000.0,2025000.0,
Vancouver Grizzlies_2000,4,garneke01_2000,6.0542,6.0542,0.0,harriot01,16806300.0,2025000.0,
Vancouver Grizzlies_2000,5,duncati01_2000,5.9225,5.9225,0.0,harriot01,3858240.0,2025000.0,
Vancouver Grizzlies_2000,6,robinda01_2000,5.6624,5.6624,0.0,harriot01,11592683.0,2025000.0,
Vancouver Grizzlies_2000,7,webbech01_2000,5.3888,5.3888,0.0,harriot01,11000000.0,2025000.0,
Vancouver Grizzlies_2000,8,mournal01_2000,5.241,5.241,0.0,harriot01,15004800.0,2025000.0,
Vancouver Grizzlies_2000,9,paytoga01_2000,4.9042,4.9042,0.0,dickemi01,11020473.0,1224960.0,
Vancouver Grizzlies_2000,10,stockjo01_2000,4.8138,4.8769,-0.0631,dickemi01,11000000.0,1224960.0,
Washington Wizards_2000,1,onealsh01_2000,7.6523,7.6523,0.0,howarju01,17142858.0,15000000.0,
Washington Wizards_2000,2,malonka01_2000,6.2311,6.2311,0.0,howarju01,14000000.0,15000000.0,
Washington Wizards_2000,3,garneke01_2000,5.7639,5.7639,0.0,howarju01,16806300.0,15000000.0,
Washington Wizards_2000,4,outlabo01_2000,5.7079,5.3661,0.3418,howarju01,2000000.0,15000000.0,
Washington Wizards_2000,5,duncati01_2000,5.6215,5.6215,0.0,howarju01,3858240.0,15000000.0,
Washington Wizards_2000,6,robinda01_2000,5.3403,5.3403,0.0,howarju01,11592683.0,15000000.0,
Washington Wizards_2000,7,webbech01_2000,5.0446,5.0446,0.0,howarju01,11000000.0,15000000.0,
Washington Wizards_2000,8,mournal01_2000,4.8848,4.8848,0.0,howarju01,15004800.0,15000000.0,
Washington Wizards_2000,9,rogerro01_2000,4.36,4.1293,0.2307,howarju01,2000000.0,15000000.0,
Washington Wizards_2000,10,mutomdi01_2000,4.2526,3.9108,0.3418,howarju01,12820249.0,15000000.0,
Detroit Pistons_2000,1,onealsh01_2000,5.8356,5.8356,0.0,laettch01,17142858.0,6062500.0,
Detroit Pistons_2000,2,malonka01_2000,4.6241,4.6241,0.0,laettch01,14000000.0,6062500.0,
Detroit Pistons_2000,3,garneke01_2000,4.2259,4.2259,0.0,laettch01,16806300.0,6062500.0,
Detroit Pistons_2000,4,cartevi01_2000,4.1739,4.1739,0.0,stackje01,2267280.0,4781250.0,
Detroit Pistons_2000,5,duncati01_2000,4.1045,4.1045,0.0,laettch01,3858240.0,6062500.0,
Detroit Pistons_2000,6,robinda01_2000,3.8648,3.8648,0.0,laettch01,11592683.0,6062500.0,
Detroit Pistons_2000,7,jonesed02_2000,3.8233,3.8233,0.0,stackje01,2500000.0,4781250.0,
Detroit Pistons_2000,8,stockjo01_2000,3.8072,3.8072,0.0,hunteli01,11000000.0,2350000.0,
Detroit Pistons_2000,9,paytoga01_2000,3.6783,3.8329,-0.1546,hunteli01,11020473.0,2350000.0,
Detroit Pistons_2000,10,webbech01_2000,3.6127,3.6127,0.0,laettch01,11000000.0,6062500.0,
Charlotte Hornets_2000,1,onealsh01_2000,5.6904,5.6904,0.0,campbel01,17142858.0,7975000.0,
Charlotte Hornets_2000,2,malonka01_2000,4.4578,4.4578,0.0,campbel01,14000000.0,7975000.0,
Charlotte Hornets_2000,3,paytoga01_2000,4.3688,4.3305,0.0384,wesleda01,11020473.0,2520000.0,
Charlotte Hornets_2000,4,stockjo01_2000,4.3065,4.3065,0.0,wesleda01,11000000.0,2520000.0,
Charlotte Hornets_2000,5,garneke01_2000,4.0526,4.0526,0.0,campbel01,16806300.0,7975000.0,
Charlotte Hornets_2000,6,duncati01_2000,3.9291,3.9291,0.0,campbel01,3858240.0,7975000.0,
Charlotte Hornets_2000,7,outlabo01_2000,3.8821,3.4725,0.4097,masonan01,2000000.0,4860100.0,
Charlotte Hornets_2000,8,cartevi01_2000,3.829,3.8075,0.0215,masonan01,2267280.0,4860100.0,
Charlotte Hornets_2000,9,robinda01_2000,3.6852,3.6852,0.0,campbel01,11592683.0,7975000.0,
Charlotte Hornets_2000,10,webbech01_2000,3.4287,3.4287,0.0,campbel01,11000000.0,7975000.0,
Atlanta Hawks_2001,1,onealsh01_2001,4.8382,4.5894,0.2488,wrighlo02,19285715.0,4950000.0,
Atlanta Hawks_2001,2,cartevi01_2001,4.7583,4.7583,-0.0,terryja01,2425440.0,1579080.0,
Atlanta Hawks_2001,3,stockjo01_2001,4.3297,4.4124,-0.0827,terryja01,11000000.0,1579080.0,
Atlanta Hawks_2001,4,mcgratr01_2001,4.2254,4.2254,-0.0,terryja01,9660000.0,1579080.0,
Atlanta Hawks_2001,5,malonka01_2001,3.6666,3.6666,0.0,hendeal01,15750000.0,5910000.0,
Atlanta Hawks_2001,6,nowitdi01_2001,3.6217,3.6217,0.0,hendeal01,1693560.0,5910000.0,
Atlanta Hawks_2001,7,garneke01_2001,3.5497,3.5497,0.0,hendeal01,19610000.0,5910000.0,
Atlanta Hawks_2001,8,iversal01_2001,3.4355,3.4355,-0.0,terryja01,10130000.0,1579080.0,
Atlanta Hawks_2001,9,robinda01_2001,3.3448,3.3448,0.0,hendeal01,14700000.0,5910000.0,
Atlanta Hawks_2001,10,duncati01_2001,3.3288,3.3288,0.0,hendeal01,9660000.0,5910000.0,
Boston Celtics_2001,1,onealsh01_2001,4.9637,4.6927,0.271,potapvi01,19285715.0,4290000.0,
Boston Celtics_2001,2,cartevi01_2001,4.9474,5.1047,-0.1573,stithbr01,2425440.0,5920000.0,
Boston Celtics_2001,3,mcgratr01_2001,4.5234,4.6807,-0.1573,stithbr01,9660000.0,5920000.0,
Boston Celtics_2001,4,iversal01_2001,3.895,4.0523,-0.1573,stithbr01,10130000.0,5920000.0,
Boston Celtics_2001,5,malonka01_2001,3.7905,3.7905,0.0,potapvi01,15750000.0,4290000.0,
Boston Celtics_2001,6,nowitdi01_2001,3.7442,3.7442,0.0,potapvi01,1693560.0,4290000.0,
Boston Celtics_2001,7,allenra02_2001,3.7169,3.8742,-0.1573,stithbr01,10130000.0,5920000.0,
Boston Celtics_2001,8,garneke01_2001,3.6699,3.6699,0.0,potapvi01,19610000.0,4290000.0,
Boston Celtics_2001,9,robinda01_2001,3.4586,3.4586,0.0,potapvi01,14700000.0,4290000.0,
Boston Celtics_2001,10,duncati01_2001,3.4421,3.4421,0.0,potapvi01,9660000.0,4290000.0,
Cleveland Cavaliers_2001,1,onealsh01_2001,5.0592,4.6521,0.407,weathcl01,19285715.0,2100000.0,
Cleveland Cavaliers_2001,2,cartevi01_2001,4.525,4.525,0.0,murrala01,2425440.0,3380000.0,
Cleveland Cavaliers_2001,3,malonka01_2001,3.5282,3.5772,-0.0489,murrala01,15750000.0,3380000.0,
Cleveland Cavaliers_2001,4,nowitdi01_2001,3.2471,3.2471,0.0,weathcl01,1693560.0,2100000.0,
Cleveland Cavaliers_2001,5,mcgratr01_2001,3.1915,3.1536,0.0379,harprma01,9660000.0,1244880.0,
Cleveland Cavaliers_2001,6,garneke01_2001,3.1371,3.1371,0.0,weathcl01,19610000.0,2100000.0,
Cleveland Cavaliers_2001,7,stackje01_2001,3.0477,3.0477,0.0,murrala01,5310000.0,3380000.0,
Cleveland Cavaliers_2001,8,webbech01_2001,3.0179,3.0669,-0.0489,murrala01,12000000.0,3380000.0,
Cleveland Cavaliers_2001,9,bryanko01_2001,2.9619,2.9619,0.0,murrala01,10130000.0,3380000.0,
Cleveland Cavaliers_2001,10,robinda01_2001,2.8241,2.8241,0.0,weathcl01,14700000.0,2100000.0,
Chicago Bulls_2001,1,cartevi01_2001,5.7102,5.7102,-0.0,mercero01,2425440.0,5520000.0,
Chicago Bulls_2001,2,onealsh01_2001,5.2937,4.8972,0.3965,brandel01,19285715.0,3629160.0,
Chicago Bulls_2001,3,mcgratr01_2001,5.2819,5.2819,-0.0,mercero01,9660000.0,5520000.0,
Chicago Bulls_2001,4,iversal01_2001,4.647,4.647,-0.0,mercero01,10130000.0,5520000.0,
Chicago Bulls_2001,5,allenra02_2001,4.4671,4.4671,-0.0,mercero01,10130000.0,5520000.0,
Chicago Bulls_2001,6,malonka01_2001,4.0781,4.0781,0.0,fizerma01,15750000.0,2562000.0,
Chicago Bulls_2001,7,stackje01_2001,4.0451,4.0451,-0.0,mercero01,5310000.0,5520000.0,
Chicago Bulls_2001,8,nowitdi01_2001,4.0389,4.0389,0.0,fizerma01,1693560.0,2562000.0,
Chicago Bulls_2001,9,garneke01_2001,3.9762,3.9762,0.0,fizerma01,19610000.0,2562000.0,
Chicago Bulls_2001,10,bryanko01_2001,3.9485,3.9485,-0.0,mercero01,10130000.0,5520000.0,
Dallas Mavericks_2001,1,cartevi01_2001,4.6738,4.6738,0.0,finlemi01,2425440.0,8400000.0,
Dallas Mavericks_2001,2,stockjo01_2001,4.0892,4.0892,0.0,eisleho01,11000000.0,4250000.0,
Dallas Mavericks_2001,3,mcgratr01_2001,4.0887,4.0887,0.0,finlemi01,9660000.0,8400000.0,
Dallas Mavericks_2001,4,iversal01_2001,3.2858,3.3314,-0.0456,eisleho01,10130000.0,4250000.0,
Dallas Mavericks_2001,5,allenra02_2001,3.1122,3.1578,-0.0456,eisleho01,10130000.0,4250000.0,
Dallas Mavericks_2001,6,francst01_2001,2.7834,2.7834,0.0,eisleho01,3246960.0,4250000.0,
Dallas Mavericks_2001,7,onealsh01_2001,2.7132,2.4467,0.2665,bradlsh01,19285715.0,8370000.0,
Dallas Mavericks_2001,8,stackje01_2001,2.7049,2.7506,-0.0456,eisleho01,5310000.0,4250000.0,
Dallas Mavericks_2001,9,bryanko01_2001,2.6117,2.6573,-0.0456,eisleho01,10130000.0,4250000.0,
Dallas Mavericks_2001,10,jonesed02_2001,2.2394,2.285,-0.0456,eisleho01,8960000.0,4250000.0,
Denver Nuggets_2001,1,cartevi01_2001,4.5774,4.6479,-0.0705,lenarvo01,2425440.0,3780000.0,
Denver Nuggets_2001,2,onealsh01_2001,4.427,4.1499,0.2771,lafrera01,19285715.0,2970840.0,
Denver Nuggets_2001,3,stockjo01_2001,4.2929,4.3904,-0.0975,lenarvo01,11000000.0,3780000.0,
Denver Nuggets_2001,4,mcgratr01_2001,4.1808,4.2513,-0.0705,lenarvo01,9660000.0,3780000.0,
Denver Nuggets_2001,5,iversal01_2001,3.5929,3.6634,-0.0705,lenarvo01,10130000.0,3780000.0,
Denver Nuggets_2001,6,allenra02_2001,3.4264,3.4969,-0.0705,lenarvo01,10130000.0,3780000.0,
Denver Nuggets_2001,7,francst01_2001,3.0401,3.1376,-0.0975,lenarvo01,3246960.0,3780000.0,
Denver Nuggets_2001,8,stackje01_2001,3.0356,3.1061,-0.0705,lenarvo01,5310000.0,3780000.0,
Denver Nuggets_2001,9,malonka01_2001,2.967,2.967,0.0,lafrera01,15750000.0,2970840.0,
Denver Nuggets_2001,10,bryanko01_2001,2.9462,3.0167,-0.0705,lenarvo01,10130000.0,3780000.0,
Golden State Warriors_2001,1,cartevi01_2001,5.7297,5.6047,0.125,jamisan01,2425440.0,2678400.0,
Golden State Warriors_2001,2,malonka01_2001,4.1618,4.1618,0.0,jamisan01,15750000.0,2678400.0,
Golden State Warriors_2001,3,nowitdi01_2001,4.0776,4.0776,0.0,jamisan01,1693560.0,2678400.0,
Golden State Warriors_2001,4,garneke01_2001,3.9429,3.9429,0.0,jamisan01,19610000.0,2678400.0,
Golden State Warriors_2001,5,mcgratr01_2001,3.9217,3.9418,-0.0201,surabo01,9660000.0,4390000.0,
Golden State Warriors_2001,6,onealsh01_2001,3.6159,3.46,0.156,foylead01,19285715.0,3580000.0,
Golden State Warriors_2001,7,stockjo01_2001,3.5421,3.5421,-0.0,cummivo01,11000000.0,757200.0,
Golden State Warriors_2001,8,duncati01_2001,3.5291,3.5291,0.0,jamisan01,9660000.0,2678400.0,
Golden State Warriors_2001,9,iversal01_2001,3.4945,3.5146,-0.0201,surabo01,10130000.0,4390000.0,
Golden State Warriors_2001,10,webbech01_2001,3.3849,3.3849,0.0,jamisan01,12000000.0,2678400.0,
Houston Rockets_2001,1,cartevi01_2001,4.5961,4.6924,-0.0964,andersh01,2425440.0,2200000.0,
Houston Rockets_2001,2,mcgratr01_2001,4.1863,4.2827,-0.0964,andersh01,9660000.0,2200000.0,
Houston Rockets_2001,3,malonka01_2001,3.947,3.947,0.0,tayloma01,15750000.0,2250000.0,
Houston Rockets_2001,4,onealsh01_2001,3.9106,3.7686,0.142,thomake01,19285715.0,885120.0,
Houston Rockets_2001,5,nowitdi01_2001,3.8981,3.8981,0.0,tayloma01,1693560.0,2250000.0,
Houston Rockets_2001,6,garneke01_2001,3.8197,3.8197,0.0,tayloma01,19610000.0,2250000.0,
Houston Rockets_2001,7,duncati01_2001,3.5789,3.5789,0.0,tayloma01,9660000.0,2250000.0,
Houston Rockets_2001,8,webbech01_2001,3.495,3.495,0.0,tayloma01,12000000.0,2250000.0,
Houston Rockets_2001,9,allenra02_2001,3.4069,3.5033,-0.0964,andersh01,10130000.0,2200000.0,
Houston Rockets_2001,10,mariosh01_2001,3.2448,3.2448,0.0,tayloma01,1662240.0,2250000.0,
Los Angeles Clippers_2001,1,onealsh01_2001,6.4082,6.2102,0.198,olowomi01,19285715.0,3697440.0,
Los Angeles Clippers_2001,2,stockjo01_2001,5.2653,5.268,-0.0027,mcinnje01,11000000.0,523500.0,
Los Angeles Clippers_2001,3,malonka01_2001,5.2047,5.2224,-0.0177,olowomi01,15750000.0,3697440.0,
Los Angeles Clippers_2001,4,nowitdi01_2001,5.154,5.1717,-0.0177,olowomi01,1693560.0,3697440.0,
Los Angeles Clippers_2001,5,mcgratr01_2001,5.1019,5.1019,0.0,mcinnje01,9660000.0,523500.0,
Los Angeles Clippers_2001,6,garneke01_2001,5.0727,5.0904,-0.0177,olowomi01,19610000.0,3697440.0,
Los Angeles Clippers_2001,7,robinda01_2001,4.8413,4.8591,-0.0177,olowomi01,14700000.0,3697440.0,
Los Angeles Clippers_2001,8,duncati01_2001,4.8232,4.8409,-0.0177,olowomi01,9660000.0,3697440.0,
Los Angeles Clippers_2001,9,webbech01_2001,4.7363,4.754,-0.0177,olowomi01,12000000.0,3697440.0,
Los Angeles Clippers_2001,10,cambyma01_2001,4.5066,4.3086,0.198,olowomi01,5750000.0,3697440.0,
Los Angeles Lakers_2001,1,cartevi01_2001,3.6892,3.7355,-0.0463,foxri01,2425440.0,3400000.0,
Los Angeles Lakers_2001,2,stockjo01_2001,3.4169,3.4038,0.013,shawbr01,11000000.0,2250000.0,
Los Angeles Lakers_2001,3,mcgratr01_2001,3.2996,3.3459,-0.0463,foxri01,9660000.0,3400000.0,
Los Angeles Lakers_2001,4,malonka01_2001,3.0215,2.9907,0.0308,grantho01,15750000.0,6500000.0,
Los Angeles Lakers_2001,5,nowitdi01_2001,2.963,2.9322,0.0308,grantho01,1693560.0,6500000.0,
Los Angeles Lakers_2001,6,garneke01_2001,2.8692,2.8384,0.0308,grantho01,19610000.0,6500000.0,
Los Angeles Lakers_2001,7,iversal01_2001,2.8028,2.8371,-0.0344,shawbr01,10130000.0,2250000.0,
Los Angeles Lakers_2001,8,allenra02_2001,2.673,2.7073,-0.0344,shawbr01,10130000.0,2250000.0,
Los Angeles Lakers_2001,9,robinda01_2001,2.6022,2.5714,0.0308,grantho01,14700000.0,6500000.0,
Los Angeles Lakers_2001,10,duncati01_2001,2.5813,2.5505,0.0308,grantho01,9660000.0,6500000.0,
Miami Heat_2001,1,onealsh01_2001,5.3447,4.9346,0.4101,grantbr01,19285715.0,8900000.0,
Miami Heat_2001,2,cartevi01_2001,4.9929,5.1212,-0.1284,bowenbr01,2425440.0,733000.0,
Miami Heat_2001,3,mcgratr01_2001,4.5402,4.6686,-0.1284,bowenbr01,9660000.0,733000.0,
Miami Heat_2001,4,allenra02_2001,3.6792,3.8076,-0.1284,bowenbr01,10130000.0,733000.0,
Miami Heat_2001,5,malonka01_2001,3.6107,3.6107,0.0,grantbr01,15750000.0,8900000.0,
Miami Heat_2001,6,nowitdi01_2001,3.5427,3.5427,0.0,grantbr01,1693560.0,8900000.0,
Miami Heat_2001,7,garneke01_2001,3.4338,3.4338,0.0,grantbr01,19610000.0,8900000.0,
Miami Heat_2001,8,stackje01_2001,3.2333,3.3617,-0.1284,bowenbr01,5310000.0,733000.0,
Miami Heat_2001,9,bryanko01_2001,3.1312,3.2596,-0.1284,bowenbr01,10130000.0,733000.0,
Miami Heat_2001,10,robinda01_2001,3.1237,3.1237,0.0,grantbr01,14700000.0,8900000.0,
Milwaukee Bucks_2001,1,cartevi01_2001,4.2912,4.2912,0.0,robingl01,2425440.0,8120000.0,
Milwaukee Bucks_2001,2,stockjo01_2001,4.2297,4.0782,0.1515,cassesa01,11000000.0,4000000.0,
Milwaukee Bucks_2001,3,mcgratr01_2001,3.9135,3.9135,0.0,cassesa01,9660000.0,4000000.0,
Milwaukee Bucks_2001,4,onealsh01_2001,3.5197,3.5197,0.0,johnser02,19285715.0,2700000.0,
Milwaukee Bucks_2001,5,iversal01_2001,3.2177,3.2177,0.0,cassesa01,10130000.0,4000000.0,
Milwaukee Bucks_2001,6,malonka01_2001,3.0853,3.0801,0.0051,robingl01,15750000.0,8120000.0,
Milwaukee Bucks_2001,7,nowitdi01_2001,3.0146,3.0095,0.0051,robingl01,1693560.0,8120000.0,
Milwaukee Bucks_2001,8,francst01_2001,2.7469,2.5954,0.1515,cassesa01,3246960.0,4000000.0,
Milwaukee Bucks_2001,9,garneke01_2001,2.6874,2.663,0.0244,caffeja01,19610000.0,4380000.0,
Milwaukee Bucks_2001,10,duncati01_2001,2.5101,2.4857,0.0244,caffeja01,9660000.0,4380000.0,
Minnesota Timberwolves_2001,1,cartevi01_2001,4.5684,4.5382,0.0302,szczewa02,2425440.0,2162280.0,
Minnesota Timberwolves_2001,2,onealsh01_2001,4.2195,3.991,0.2284,ellisla01,19285715.0,1200000.0,
Minnesota Timberwolves_2001,3,mcgratr01_2001,3.5869,3.6198,-0.0329,peelean01,9660000.0,2740000.0,
Minnesota Timberwolves_2001,4,allenra02_2001,3.1518,3.1216,0.0302,szczewa02,10130000.0,2162280.0,
Minnesota Timberwolves_2001,5,malonka01_2001,3.0658,3.0658,-0.0,ellisla01,15750000.0,1200000.0,
Minnesota Timberwolves_2001,6,iversal01_2001,3.0472,3.0801,-0.0329,peelean01,10130000.0,2740000.0,
Minnesota Timberwolves_2001,7,stockjo01_2001,3.0416,3.0416,0.0,billuch01,11000000.0,2250000.0,
Minnesota Timberwolves_2001,8,nowitdi01_2001,3.0183,3.0183,-0.0,ellisla01,1693560.0,1200000.0,
Minnesota Timberwolves_2001,9,robinda01_2001,2.7255,2.7255,-0.0,ellisla01,14700000.0,1200000.0,
Minnesota Timberwolves_2001,10,duncati01_2001,2.7085,2.7085,-0.0,ellisla01,9660000.0,1200000.0,
New Jersey Nets_2001,1,onealsh01_2001,5.6274,5.3489,0.2785,williaa01,19285715.0,2250000.0,
New Jersey Nets_2001,2,cartevi01_2001,4.695,4.695,-0.0,newmajo01,2425440.0,2000000.0,
New Jersey Nets_2001,3,mcgratr01_2001,4.3466,4.3466,-0.0,newmajo01,9660000.0,2000000.0,
New Jersey Nets_2001,4,malonka01_2001,4.263,4.2323,0.0307,williaa01,15750000.0,2250000.0,
New Jersey Nets_2001,5,nowitdi01_2001,4.2057,4.175,0.0307,williaa01,1693560.0,2250000.0,
New Jersey Nets_2001,6,garneke01_2001,4.1138,4.0831,0.0307,williaa01,19610000.0,2250000.0,
New Jersey Nets_2001,7,robinda01_2001,3.8523,3.8216,0.0307,williaa01,14700000.0,2250000.0,
New Jersey Nets_2001,8,duncati01_2001,3.8318,3.8011,0.0307,williaa01,9660000.0,2250000.0,
New Jersey Nets_2001,9,webbech01_2001,3.7335,3.7028,0.0307,williaa01,12000000.0,2250000.0,
New Jersey Nets_2001,10,allenra02_2001,3.6839,3.6839,-0.0,newmajo01,10130000.0,2000000.0,
New York Knicks_2001,1,cartevi01_2001,4.8344,4.8344,0.0,sprewla01,2425440.0,10125000.0,
New York Knicks_2001,2,mcgratr01_2001,4.3244,4.3244,0.0,sprewla01,9660000.0,10125000.0,
New York Knicks_2001,3,stockjo01_2001,4.2482,4.1521,0.0961,houstal01,11000000.0,9000000.0,
New York Knicks_2001,4,onealsh01_2001,4.1537,4.0852,0.0685,johnsla02,19285715.0,11000000.0,
New York Knicks_2001,5,allenra02_2001,3.3543,3.3543,0.0,sprewla01,10130000.0,10125000.0,
New York Knicks_2001,6,iversal01_2001,3.2635,3.2635,-0.0,houstal01,10130000.0,9000000.0,
New York Knicks_2001,7,malonka01_2001,2.8773,3.0837,-0.2064,johnsla02,15750000.0,11000000.0,
New York Knicks_2001,8,stackje01_2001,2.8519,2.8519,0.0,sprewla01,5310000.0,10125000.0,
New York Knicks_2001,9,nowitdi01_2001,2.8259,3.0323,-0.2064,johnsla02,1693560.0,11000000.0,
New York Knicks_2001,10,garneke01_2001,2.7435,2.9499,-0.2064,johnsla02,19610000.0,11000000.0,
Orlando Magic_2001,1,onealsh01_2001,5.4789,5.3957,0.0832,amaecjo01,19285715.0,600000.0,
Orlando Magic_2001,2,malonka01_2001,4.4379,4.581,-0.1431,amaecjo01,15750000.0,600000.0,
Orlando Magic_2001,3,nowitdi01_2001,4.3961,4.5391,-0.1431,amaecjo01,1693560.0,600000.0,
Orlando Magic_2001,4,garneke01_2001,4.3291,4.4721,-0.1431,amaecjo01,19610000.0,600000.0,
Orlando Magic_2001,5,robinda01_2001,4.1382,4.2813,-0.1431,amaecjo01,14700000.0,600000.0,
Orlando Magic_2001,6,duncati01_2001,4.1233,4.2664,-0.1431,amaecjo01,9660000.0,600000.0,
Orlando Magic_2001,7,webbech01_2001,4.0516,4.1946,-0.1431,amaecjo01,12000000.0,600000.0,
Orlando Magic_2001,8,cartevi01_2001,4.0261,4.1539,-0.1278,millemi01,2425440.0,2320080.0,
Orlando Magic_2001,9,cambyma01_2001,3.9105,3.8273,0.0832,amaecjo01,5750000.0,600000.0,
Orlando Magic_2001,10,wallara01_2001,3.8292,3.9722,-0.1431,amaecjo01,12600000.0,600000.0,
Indiana Pacers_2001,1,onealsh01_2001,4.7563,4.4256,0.3307,onealje01,19285715.0,5710000.0,
Indiana Pacers_2001,2,cartevi01_2001,4.3279,4.3279,0.0,roseja01,2425440.0,9660000.0,
Indiana Pacers_2001,3,mcgratr01_2001,3.8323,3.8323,0.0,roseja01,9660000.0,9660000.0,
Indiana Pacers_2001,4,stockjo01_2001,3.6776,3.6743,0.0033,millere01,11000000.0,10670000.0,
Indiana Pacers_2001,5,malonka01_2001,3.3621,3.5285,-0.1664,harrial01,15750000.0,797880.0,
Indiana Pacers_2001,6,nowitdi01_2001,3.3156,3.482,-0.1664,harrial01,1693560.0,797880.0,
Indiana Pacers_2001,7,iversal01_2001,3.0978,3.0978,0.0,roseja01,10130000.0,9660000.0,
Indiana Pacers_2001,8,garneke01_2001,3.0193,3.0201,-0.0008,onealje01,19610000.0,5710000.0,
Indiana Pacers_2001,9,stackje01_2001,2.9606,3.0824,-0.1218,harrial01,5310000.0,797880.0,
Indiana Pacers_2001,10,webbech01_2001,2.9322,3.0986,-0.1664,harrial01,12000000.0,797880.0,
Philadelphia 76ers_2001,1,onealsh01_2001,5.5772,5.335,0.2421,hillty01,19285715.0,7300000.0,
Philadelphia 76ers_2001,2,cartevi01_2001,4.1683,4.3641,-0.1958,lynchge01,2425440.0,2200000.0,
Philadelphia 76ers_2001,3,malonka01_2001,4.0813,4.2153,-0.134,hillty01,15750000.0,7300000.0,
Philadelphia 76ers_2001,4,nowitdi01_2001,4.0238,4.1579,-0.134,hillty01,1693560.0,7300000.0,
Philadelphia 76ers_2001,5,garneke01_2001,3.9317,4.0657,-0.134,hillty01,19610000.0,7300000.0,
Philadelphia 76ers_2001,6,robinda01_2001,3.6695,3.8035,-0.134,hillty01,14700000.0,7300000.0,
Philadelphia 76ers_2001,7,duncati01_2001,3.6489,3.783,-0.134,hillty01,9660000.0,7300000.0,
Philadelphia 76ers_2001,8,webbech01_2001,3.5504,3.6844,-0.134,hillty01,12000000.0,7300000.0,
Philadelphia 76ers_2001,9,cambyma01_2001,3.4217,3.1796,0.2421,hillty01,5750000.0,7300000.0,
Philadelphia 76ers_2001,10,wallara01_2001,3.2447,3.3787,-0.134,hillty01,12600000.0,7300000.0,
Phoenix Suns_2001,1,onealsh01_2001,4.8831,4.5383,0.3449,robincl02,19285715.0,6890000.0,
Phoenix Suns_2001,2,cartevi01_2001,4.3036,4.3036,-0.0,delkto01,2425440.0,2250000.0,
Phoenix Suns_2001,3,mcgratr01_2001,3.9072,3.9072,-0.0,delkto01,9660000.0,2250000.0,
Phoenix Suns_2001,4,iversal01_2001,3.3196,3.3196,-0.0,delkto01,10130000.0,2250000.0,
Phoenix Suns_2001,5,malonka01_2001,3.2235,3.2235,0.0,robincl02,15750000.0,6890000.0,
Phoenix Suns_2001,6,nowitdi01_2001,3.1559,3.1559,0.0,robincl02,1693560.0,6890000.0,
Phoenix Suns_2001,7,allenra02_2001,3.1532,3.1532,-0.0,delkto01,10130000.0,2250000.0,
Phoenix Suns_2001,8,garneke01_2001,3.0478,3.0478,0.0,robincl02,19610000.0,6890000.0,
Phoenix Suns_2001,9,stackje01_2001,2.7626,2.7626,-0.0,delkto01,5310000.0,2250000.0,
Phoenix Suns_2001,10,francst01_2001,2.7466,2.7941,-0.0474,delkto01,3246960.0,2250000.0,
Portland Trail Blazers_2001,1,cartevi01_2001,3.9638,3.9638,0.0,smithst01,2425440.0,8100000.0,
Portland Trail Blazers_2001,2,onealsh01_2001,3.9147,3.6677,0.247,davisda01,19285715.0,6000000.0,
Portland Trail Blazers_2001,3,stockjo01_2001,3.602,3.6827,-0.0807,smithst01,11000000.0,8100000.0,
Portland Trail Blazers_2001,4,mcgratr01_2001,3.5307,3.5307,0.0,smithst01,9660000.0,8100000.0,
Portland Trail Blazers_2001,5,iversal01_2001,2.8887,2.8887,0.0,smithst01,10130000.0,8100000.0,
Portland Trail Blazers_2001,6,allenra02_2001,2.7068,2.7068,0.0,smithst01,10130000.0,8100000.0,
Portland Trail Blazers_2001,7,malonka01_2001,2.6041,2.6393,-0.0352,davisda01,15750000.0,6000000.0,
Portland Trail Blazers_2001,8,nowitdi01_2001,2.5513,2.5865,-0.0352,davisda01,1693560.0,6000000.0,
Portland Trail Blazers_2001,9,garneke01_2001,2.4667,2.5019,-0.0352,davisda01,19610000.0,6000000.0,
Portland Trail Blazers_2001,10,stackje01_2001,2.2801,2.2801,0.0,smithst01,5310000.0,8100000.0,
Sacramento Kings_2001,1,stockjo01_2001,4.2443,4.2443,0.0,willija02,11000000.0,2011080.0,
Sacramento Kings_2001,2,mcgratr01_2001,4.1077,4.1055,0.0023,willija02,9660000.0,2011080.0,
Sacramento Kings_2001,3,onealsh01_2001,3.9535,3.5062,0.4474,divacvl01,19285715.0,9640000.0,
Sacramento Kings_2001,4,cartevi01_2001,3.6897,3.6924,-0.0027,chrisdo01,2425440.0,3140000.0,
Sacramento Kings_2001,5,iversal01_2001,3.5213,3.519,0.0023,willija02,10130000.0,2011080.0,
Sacramento Kings_2001,6,francst01_2001,2.9945,2.9945,0.0,willija02,3246960.0,2011080.0,
Sacramento Kings_2001,7,malonka01_2001,2.35,2.35,0.0,divacvl01,15750000.0,9640000.0,
Sacramento Kings_2001,8,nowitdi01_2001,2.2906,2.2906,0.0,divacvl01,1693560.0,9640000.0,
Sacramento Kings_2001,9,kiddja01_2001,2.2572,2.2572,0.0,willija02,7680000.0,2011080.0,
Sacramento Kings_2001,10,paytoga01_2001,2.2509,2.2487,0.0023,willija02,12200000.0,2011080.0,
San Antonio Spurs_2001,1,cartevi01_2001,3.1145,3.1145,0.0,anderde01,2425440.0,2250000.0,
San Antonio Spurs_2001,2,stockjo01_2001,2.9586,2.9586,0.0,daniean01,11000000.0,2820000.0,
San Antonio Spurs_2001,3,mcgratr01_2001,2.8087,2.835,-0.0263,daniean01,9660000.0,2820000.0,
San Antonio Spurs_2001,4,onealsh01_2001,2.6123,2.1119,0.5004,duncati01,19285715.0,9660000.0,
San Antonio Spurs_2001,5,iversal01_2001,2.2867,2.313,-0.0263,daniean01,10130000.0,2820000.0,
San Antonio Spurs_2001,6,allenra02_2001,2.1388,2.1651,-0.0263,daniean01,10130000.0,2820000.0,
San Antonio Spurs_2001,7,francst01_2001,1.8461,1.8461,0.0,daniean01,3246960.0,2820000.0,
San Antonio Spurs_2001,8,stackje01_2001,1.7919,1.8181,-0.0263,daniean01,5310000.0,2820000.0,
San Antonio Spurs_2001,9,malonka01_2001,1.7771,1.791,-0.014,walkesa01,15750000.0,2960000.0,
San Antonio Spurs_2001,10,nowitdi01_2001,1.7532,1.7671,-0.014,walkesa01,1693560.0,2960000.0,
Seattle SuperSonics_2001,1,onealsh01_2001,5.9608,5.6933,0.2675,bakervi01,19285715.0,10130000.0,
Seattle SuperSonics_2001,2,malonka01_2001,4.6737,4.6737,0.0,bakervi01,15750000.0,10130000.0,
Seattle SuperSonics_2001,3,nowitdi01_2001,4.6214,4.6214,0.0,bakervi01,1693560.0,10130000.0,
Seattle SuperSonics_2001,4,garneke01_2001,4.5375,4.5375,0.0,bakervi01,19610000.0,10130000.0,
Seattle SuperSonics_2001,5,robinda01_2001,4.2987,4.2987,0.0,bakervi01,14700000.0,10130000.0,
Seattle SuperSonics_2001,6,duncati01_2001,4.28,4.28,0.0,bakervi01,9660000.0,10130000.0,
Seattle SuperSonics_2001,7,webbech01_2001,4.1902,4.1902,0.0,bakervi01,12000000.0,10130000.0,
Seattle SuperSonics_2001,8,cambyma01_2001,3.998,3.7305,0.2675,bakervi01,5750000.0,10130000.0,
Seattle SuperSonics_2001,9,wallara01_2001,3.9119,3.9119,0.0,bakervi01,12600000.0,10130000.0,
Seattle SuperSonics_2001,10,odomla01_2001,3.8265,3.6747,0.1518,bakervi01,2628960.0,10130000.0,
Toronto Raptors_2001,1,onealsh01_2001,5.6153,5.1927,0.4226,davisan01,19285715.0,5500000.0,
Toronto Raptors_2001,2,malonka01_2001,4.189,4.141,0.048,oaklech01,15750000.0,5760000.0,
Toronto Raptors_2001,3,nowitdi01_2001,4.1213,4.0733,0.048,oaklech01,1693560.0,5760000.0,
Toronto Raptors_2001,4,garneke01_2001,4.0129,3.965,0.048,oaklech01,19610000.0,5760000.0,
Toronto Raptors_2001,5,duncati01_2001,3.6802,3.6322,0.048,oaklech01,9660000.0,5760000.0,
Toronto Raptors_2001,6,webbech01_2001,3.5642,3.5162,0.048,oaklech01,12000000.0,5760000.0,
Toronto Raptors_2001,7,robinda01_2001,3.4215,3.4215,0.0,davisan01,14700000.0,5500000.0,
Toronto Raptors_2001,8,cambyma01_2001,3.3823,2.9222,0.4601,oaklech01,5750000.0,5760000.0,
Toronto Raptors_2001,9,stockjo01_2001,3.2694,3.2694,0.0,willial02,11000000.0,2100000.0,
Toronto Raptors_2001,10,mariosh01_2001,3.2184,3.1704,0.048,oaklech01,1662240.0,5760000.0,
Utah Jazz_2001,1,cartevi01_2001,4.9105,4.9504,-0.0399,starkjo01,2425440.0,2250000.0,
Utah Jazz_2001,2,mcgratr01_2001,4.5466,4.5865,-0.0399,starkjo01,9660000.0,2250000.0,
Utah Jazz_2001,3,onealsh01_2001,4.3661,4.124,0.2421,polynol01,19285715.0,2200000.0,
Utah Jazz_2001,4,iversal01_2001,4.0073,4.0472,-0.0399,starkjo01,10130000.0,2250000.0,
Utah Jazz_2001,5,allenra02_2001,3.8545,3.8944,-0.0399,starkjo01,10130000.0,2250000.0,
Utah Jazz_2001,6,francst01_2001,3.5294,3.5648,-0.0354,starkjo01,3246960.0,2250000.0,
Utah Jazz_2001,7,stackje01_2001,3.496,3.5359,-0.0399,starkjo01,5310000.0,2250000.0,
Utah Jazz_2001,8,bryanko01_2001,3.4139,3.4539,-0.0399,starkjo01,10130000.0,2250000.0,
Utah Jazz_2001,9,nowitdi01_2001,3.3178,3.3098,0.008,polynol01,1693560.0,2200000.0,
Utah Jazz_2001,10,garneke01_2001,3.2541,3.2461,0.008,polynol01,19610000.0,2200000.0,
Vancouver Grizzlies_2001,1,cartevi01_2001,5.8635,5.8635,0.0,dickemi01,2425440.0,1310400.0,
Vancouver Grizzlies_2001,2,mcgratr01_2001,5.4154,5.4154,0.0,dickemi01,9660000.0,1310400.0,
Vancouver Grizzlies_2001,3,stockjo01_2001,5.0251,5.0251,0.0,bibbymi01,11000000.0,3308160.0,
Vancouver Grizzlies_2001,4,iversal01_2001,4.7512,4.7512,0.0,dickemi01,10130000.0,1310400.0,
Vancouver Grizzlies_2001,5,allenra02_2001,4.563,4.563,0.0,dickemi01,10130000.0,1310400.0,
Vancouver Grizzlies_2001,6,onealsh01_2001,4.5463,4.3176,0.2288,reevebr01,19285715.0,10110000.0,
Vancouver Grizzlies_2001,7,stackje01_2001,4.1215,4.1215,0.0,dickemi01,5310000.0,1310400.0,
Vancouver Grizzlies_2001,8,bryanko01_2001,4.0205,4.0205,0.0,dickemi01,10130000.0,1310400.0,
Vancouver Grizzlies_2001,9,mariosh01_2001,3.7585,3.8111,-0.0526,dickemi01,1662240.0,1310400.0,
Vancouver Grizzlies_2001,10,malonka01_2001,3.6818,3.6818,0.0,abdursh01,15750000.0,10130000.0,
Washington Wizards_2001,1,cartevi01_2001,5.5705,5.5705,0.0,hamilri01,2425440.0,1973880.0,
Washington Wizards_2001,2,mcgratr01_2001,5.1396,5.1396,0.0,hamilri01,9660000.0,1973880.0,
Washington Wizards_2001,3,iversal01_2001,4.5009,4.5009,0.0,hamilri01,10130000.0,1973880.0,
Washington Wizards_2001,4,allenra02_2001,4.32,4.32,0.0,hamilri01,10130000.0,1973880.0,
Washington Wizards_2001,5,stackje01_2001,3.8955,3.8955,0.0,hamilri01,5310000.0,1973880.0,
Washington Wizards_2001,6,onealsh01_2001,3.8214,3.8214,0.0,whiteja01,19285715.0,3922000.0,
Washington Wizards_2001,7,bryanko01_2001,3.7983,3.7983,0.0,hamilri01,10130000.0,1973880.0,
Washington Wizards_2001,8,mariosh01_2001,3.5194,3.597,-0.0775,hamilri01,1662240.0,1973880.0,
Washington Wizards_2001,9,jonesed02_2001,3.4102,3.4102,0.0,hamilri01,8960000.0,1973880.0,
Washington Wizards_2001,10,piercpa01_2001,3.3488,3.3488,0.0,hamilri01,1608840.0,1973880.0,
Detroit Pistons_2001,1,stockjo01_2001,4.6401,4.6401,0.0,atkinch01,11000000.0,3000000.0,
Detroit Pistons_2001,2,onealsh01_2001,4.3897,4.1554,0.2344,smithjo02,19285715.0,2250000.0,
Detroit Pistons_2001,3,iversal01_2001,3.8439,3.9098,-0.0659,atkinch01,10130000.0,3000000.0,
Detroit Pistons_2001,4,cartevi01_2001,3.8098,3.7916,0.0182,currymi01,2425440.0,2200000.0,
Detroit Pistons_2001,5,mcgratr01_2001,3.5616,3.5434,0.0182,currymi01,9660000.0,2200000.0,
Detroit Pistons_2001,6,francst01_2001,3.3816,3.3816,0.0,atkinch01,3246960.0,3000000.0,
Detroit Pistons_2001,7,malonka01_2001,3.2242,3.2242,0.0,smithjo02,15750000.0,2250000.0,
Detroit Pistons_2001,8,nowitdi01_2001,3.1764,3.1764,0.0,smithjo02,1693560.0,2250000.0,
Detroit Pistons_2001,9,garneke01_2001,3.0998,3.0998,0.0,smithjo02,19610000.0,2250000.0,
Detroit Pistons_2001,10,allenra02_2001,3.0896,3.0714,0.0182,currymi01,10130000.0,2200000.0,
Charlotte Hornets_2001,1,onealsh01_2001,5.3477,4.9875,0.3602,brownpj01,19285715.0,5740000.0,
Charlotte Hornets_2001,2,cartevi01_2001,5.3253,5.3253,0.0,wesleda01,2425440.0,2880000.0,
Charlotte Hornets_2001,3,stockjo01_2001,4.9688,4.9814,-0.0126,wesleda01,11000000.0,2880000.0,
Charlotte Hornets_2001,4,mcgratr01_2001,4.7954,4.7954,0.0,wesleda01,9660000.0,2880000.0,
Charlotte Hornets_2001,5,iversal01_2001,4.0099,4.0099,0.0,wesleda01,10130000.0,2880000.0,
Charlotte Hornets_2001,6,allenra02_2001,3.7874,3.7874,0.0,wesleda01,10130000.0,2880000.0,
Charlotte Hornets_2001,7,malonka01_2001,3.6395,3.6395,-0.0,brownpj01,15750000.0,5740000.0,
Charlotte Hornets_2001,8,nowitdi01_2001,3.5703,3.5703,-0.0,brownpj01,1693560.0,5740000.0,
Charlotte Hornets_2001,9,garneke01_2001,3.4594,3.4594,-0.0,brownpj01,19610000.0,5740000.0,
Charlotte Hornets_2001,10,francst01_2001,3.2948,3.3074,-0.0126,wesleda01,3246960.0,2880000.0,
Atlanta Hawks_2002,1,onealsh01_2002,6.1888,5.9075,0.2814,mohamna01,21428572.0,4500000.0,
Atlanta Hawks_2002,2,duncati01_2002,5.6195,5.6415,-0.022,mohamna01,10865250.0,4500000.0,
Atlanta Hawks_2002,3,wallabe01_2002,4.4973,4.2159,0.2814,mohamna01,4700000.0,4500000.0,
Atlanta Hawks_2002,4,nowitdi01_2002,4.4741,4.4961,-0.022,mohamna01,2157595.0,4500000.0,
Atlanta Hawks_2002,5,webbech01_2002,4.1997,4.2217,-0.022,mohamna01,12750000.0,4500000.0,
Atlanta Hawks_2002,6,brandel01_2002,3.8107,3.8328,-0.022,mohamna01,3882360.0,4500000.0,
Atlanta Hawks_2002,7,robinda01_2002,3.7039,3.726,-0.022,mohamna01,9500000.0,4500000.0,
Atlanta Hawks_2002,8,garneke01_2002,3.6785,3.6785,0.0,abdursh01,22400000.0,11250000.0,
Atlanta Hawks_2002,9,horryro01_2002,3.6282,3.4917,0.1364,mohamna01,5300000.0,4500000.0,
Atlanta Hawks_2002,10,wallara01_2002,3.4388,3.4608,-0.022,mohamna01,14400000.0,4500000.0,
Boston Celtics_2002,1,onealsh01_2002,5.1614,4.7286,0.4328,walkean02,21428572.0,11250000.0,
Boston Celtics_2002,2,duncati01_2002,4.1515,4.3126,-0.1611,walkean02,10865250.0,11250000.0,
Boston Celtics_2002,3,garneke01_2002,3.2004,3.3615,-0.1611,walkean02,22400000.0,11250000.0,
Boston Celtics_2002,4,mcgratr01_2002,2.7551,2.8544,-0.0993,stricer01,10865250.0,637415.0,
Boston Celtics_2002,5,stockjo01_2002,2.643,2.643,0.0,anderke01,7000000.0,8350000.0,
Boston Celtics_2002,6,wallabe01_2002,2.6429,2.468,0.1749,potapvi01,4700000.0,4762500.0,
Boston Celtics_2002,7,kirilan01_2002,2.605,2.605,0.0,willier01,831120.0,4448000.0,
Boston Celtics_2002,8,nowitdi01_2002,2.5841,2.6403,-0.0562,potapvi01,2157595.0,4762500.0,
Boston Celtics_2002,9,webbech01_2002,2.4154,2.4716,-0.0562,potapvi01,12750000.0,4762500.0,
Boston Celtics_2002,10,kiddja01_2002,2.3529,2.3529,0.0,anderke01,8447500.0,8350000.0,
Cleveland Cavaliers_2002,1,onealsh01_2002,5.7023,5.4901,0.2122,mihmch01,21428572.0,2067960.0,
Cleveland Cavaliers_2002,2,duncati01_2002,5.2634,5.2882,-0.0248,mihmch01,10865250.0,2067960.0,
Cleveland Cavaliers_2002,3,wallabe01_2002,4.4186,4.2064,0.2122,mihmch01,4700000.0,2067960.0,
Cleveland Cavaliers_2002,4,nowitdi01_2002,4.3942,4.419,-0.0248,mihmch01,2157595.0,2067960.0,
Cleveland Cavaliers_2002,5,webbech01_2002,4.1859,4.2107,-0.0248,mihmch01,12750000.0,2067960.0,
Cleveland Cavaliers_2002,6,brandel01_2002,3.8908,3.9156,-0.0248,mihmch01,3882360.0,2067960.0,
Cleveland Cavaliers_2002,7,robinda01_2002,3.8097,3.8345,-0.0248,mihmch01,9500000.0,2067960.0,
Cleveland Cavaliers_2002,8,horryro01_2002,3.7392,3.6567,0.0825,mihmch01,5300000.0,2067960.0,
Cleveland Cavaliers_2002,9,wallara01_2002,3.6085,3.6333,-0.0248,mihmch01,14400000.0,2067960.0,
Cleveland Cavaliers_2002,10,divacvl01_2002,3.5439,3.5439,0.0,mihmch01,10444642.0,2067960.0,
Chicago Bulls_2002,1,onealsh01_2002,5.0239,4.7688,0.2551,fizerma01,21428572.0,2754120.0,
Chicago Bulls_2002,2,mcgratr01_2002,4.6149,4.6983,-0.0834,hassetr01,10865250.0,332817.0,
Chicago Bulls_2002,3,duncati01_2002,4.5296,4.5296,0.0,fizerma01,10865250.0,2754120.0,
Chicago Bulls_2002,4,piercpa01_2002,4.3323,4.4157,-0.0834,hassetr01,2051271.0,332817.0,
Chicago Bulls_2002,5,garneke01_2002,3.983,3.983,0.0,fizerma01,22400000.0,2754120.0,
Chicago Bulls_2002,6,barrybr01_2002,3.771,3.771,-0.0,hassetr01,4680000.0,332817.0,
Chicago Bulls_2002,7,iversal01_2002,3.6777,3.7612,-0.0834,hassetr01,11250000.0,332817.0,
Chicago Bulls_2002,8,wallabe01_2002,3.503,3.2479,0.2551,fizerma01,4700000.0,2754120.0,
Chicago Bulls_2002,9,nowitdi01_2002,3.4998,3.4998,0.0,fizerma01,2157595.0,2754120.0,
Chicago Bulls_2002,10,allenra02_2002,3.4564,3.5398,-0.0834,hassetr01,11250000.0,332817.0,
Dallas Mavericks_2002,1,onealsh01_2002,3.9771,3.7365,0.2406,howarju01,21428572.0,18750000.0,
Dallas Mavericks_2002,2,mcgratr01_2002,3.756,3.756,0.0,finlemi01,10865250.0,10625000.0,
Dallas Mavericks_2002,3,garneke01_2002,3.5982,3.6728,-0.0746,finlemi01,22400000.0,10625000.0,
Dallas Mavericks_2002,4,duncati01_2002,3.5342,3.5342,0.0,howarju01,10865250.0,18750000.0,
Dallas Mavericks_2002,5,piercpa01_2002,3.4096,3.4096,0.0,finlemi01,2051271.0,10625000.0,
Dallas Mavericks_2002,6,barrybr01_2002,2.7296,2.6194,0.1102,finlemi01,4680000.0,10625000.0,
Dallas Mavericks_2002,7,wallabe01_2002,2.6902,2.4495,0.2406,howarju01,4700000.0,18750000.0,
Dallas Mavericks_2002,8,kirilan01_2002,2.6806,2.6468,0.0338,finlemi01,831120.0,10625000.0,
Dallas Mavericks_2002,9,iversal01_2002,2.6073,2.6073,0.0,finlemi01,11250000.0,10625000.0,
Dallas Mavericks_2002,10,webbech01_2002,2.4539,2.4539,0.0,howarju01,12750000.0,18750000.0,
Denver Nuggets_2002,1,duncati01_2002,4.1629,4.2893,-0.1263,poseyja01,10865250.0,1120680.0,
Denver Nuggets_2002,2,mcgratr01_2002,4.0761,4.1155,-0.0393,mccloge01,10865250.0,2400000.0,
Denver Nuggets_2002,3,garneke01_2002,3.9579,4.0593,-0.1013,mccloge01,22400000.0,2400000.0,
Denver Nuggets_2002,4,piercpa01_2002,3.8424,3.8817,-0.0393,mccloge01,2051271.0,2400000.0,
Denver Nuggets_2002,5,barrybr01_2002,3.3483,3.3483,0.0,mccloge01,4680000.0,2400000.0,
Denver Nuggets_2002,6,kirilan01_2002,3.3475,3.3668,-0.0194,mccloge01,831120.0,2400000.0,
Denver Nuggets_2002,7,iversal01_2002,3.3009,3.3402,-0.0393,mccloge01,11250000.0,2400000.0,
Denver Nuggets_2002,8,allenra02_2002,3.1178,3.1571,-0.0393,mccloge01,11250000.0,2400000.0,
Denver Nuggets_2002,9,jonesed02_2002,3.0592,3.0985,-0.0393,mccloge01,10091250.0,2400000.0,
Denver Nuggets_2002,10,cartevi01_2002,3.0364,3.0757,-0.0393,mccloge01,3073032.0,2400000.0,
Golden State Warriors_2002,1,onealsh01_2002,5.4233,5.0625,0.3608,fortsda01,21428572.0,4649534.0,
Golden State Warriors_2002,2,duncati01_2002,4.7881,4.7881,-0.0,fortsda01,10865250.0,4649534.0,
Golden State Warriors_2002,3,garneke01_2002,4.7381,4.7381,0.0,jamisan01,22400000.0,3388176.0,
Golden State Warriors_2002,4,mcgratr01_2002,4.427,4.427,0.0,richaja01,10865250.0,2425440.0,
Golden State Warriors_2002,5,piercpa01_2002,4.0898,4.0898,0.0,richaja01,2051271.0,2425440.0,
Golden State Warriors_2002,6,kirilan01_2002,3.8487,3.5842,0.2645,jamisan01,831120.0,3388176.0,
Golden State Warriors_2002,7,wallabe01_2002,3.6782,3.3174,0.3608,fortsda01,4700000.0,4649534.0,
Golden State Warriors_2002,8,nowitdi01_2002,3.6065,3.6065,-0.0,fortsda01,2157595.0,4649534.0,
Golden State Warriors_2002,9,webbech01_2002,3.5902,3.5902,0.0,jamisan01,12750000.0,3388176.0,
Golden State Warriors_2002,10,barrybr01_2002,3.3974,3.3206,0.0768,richaja01,4680000.0,2425440.0,
Houston Rockets_2002,1,duncati01_2002,4.3818,4.6233,-0.2415,thomake01,10865250.0,946920.0,
Houston Rockets_2002,2,mcgratr01_2002,4.354,4.354,0.0,moblecu01,10865250.0,4413375.0,
Houston Rockets_2002,3,piercpa01_2002,3.9615,3.9615,0.0,moblecu01,2051271.0,4413375.0,
Houston Rockets_2002,4,onealsh01_2002,3.8933,3.7884,0.1049,griffed01,21428572.0,2011080.0,
Houston Rockets_2002,5,garneke01_2002,3.6936,3.9351,-0.2415,thomake01,22400000.0,946920.0,
Houston Rockets_2002,6,stockjo01_2002,3.5124,3.5124,0.0,norrimo01,7000000.0,3600000.0,
Houston Rockets_2002,7,iversal01_2002,3.2587,3.367,-0.1083,norrimo01,11250000.0,3600000.0,
Houston Rockets_2002,8,kiddja01_2002,3.2466,3.2466,0.0,norrimo01,8447500.0,3600000.0,
Houston Rockets_2002,9,barrybr01_2002,3.1528,3.0663,0.0865,moblecu01,4680000.0,4413375.0,
Houston Rockets_2002,10,paytoga01_2002,3.0902,3.1986,-0.1083,norrimo01,12926493.0,3600000.0,
Los Angeles Clippers_2002,1,onealsh01_2002,6.5892,6.263,0.3261,olowomi01,21428572.0,4662472.0,
Los Angeles Clippers_2002,2,duncati01_2002,6.0043,5.952,0.0522,olowomi01,10865250.0,4662472.0,
Los Angeles Clippers_2002,3,stockjo01_2002,4.7884,4.7866,0.0018,mcinnje01,7000000.0,590850.0,
Los Angeles Clippers_2002,4,nowitdi01_2002,4.6647,4.6125,0.0522,olowomi01,2157595.0,4662472.0,
Los Angeles Clippers_2002,5,wallabe01_2002,4.6109,4.2848,0.3261,olowomi01,4700000.0,4662472.0,
Los Angeles Clippers_2002,6,iversal01_2002,4.5867,4.5867,0.0,mcinnje01,11250000.0,590850.0,
Los Angeles Clippers_2002,7,kiddja01_2002,4.423,4.4212,0.0018,mcinnje01,8447500.0,590850.0,
Los Angeles Clippers_2002,8,paytoga01_2002,4.355,4.355,0.0,mcinnje01,12926493.0,590850.0,
Los Angeles Clippers_2002,9,webbech01_2002,4.3438,4.2915,0.0522,olowomi01,12750000.0,4662472.0,
Los Angeles Clippers_2002,10,allenra02_2002,4.2855,4.2855,0.0,mcinnje01,11250000.0,590850.0,
Los Angeles Lakers_2002,1,mcgratr01_2002,3.9539,4.0182,-0.0643,foxri01,10865250.0,3791250.0,
Los Angeles Lakers_2002,2,garneke01_2002,3.8648,3.9476,-0.0828,foxri01,22400000.0,3791250.0,
Los Angeles Lakers_2002,3,piercpa01_2002,3.6605,3.7248,-0.0643,foxri01,2051271.0,3791250.0,
Los Angeles Lakers_2002,4,kirilan01_2002,3.2094,3.0788,0.1307,foxri01,831120.0,3791250.0,
Los Angeles Lakers_2002,5,duncati01_2002,3.1131,3.0287,0.0844,walkesa01,10865250.0,1400000.0,
Los Angeles Lakers_2002,6,barrybr01_2002,3.0555,3.0555,-0.0,foxri01,4680000.0,3791250.0,
Los Angeles Lakers_2002,7,jonesed02_2002,2.6778,2.7421,-0.0643,foxri01,10091250.0,3791250.0,
Los Angeles Lakers_2002,8,barryjo01_2002,2.6708,2.5096,0.1611,foxri01,3175000.0,3791250.0,
Los Angeles Lakers_2002,9,cartevi01_2002,2.6492,2.7135,-0.0643,foxri01,3073032.0,3791250.0,
Los Angeles Lakers_2002,10,stockjo01_2002,2.4992,2.3869,0.1123,hunteli01,7000000.0,3425760.0,
Miami Heat_2002,1,onealsh01_2002,5.1191,4.8638,0.2552,grantbr01,21428572.0,9925076.0,
Miami Heat_2002,2,duncati01_2002,4.5548,4.5911,-0.0363,grantbr01,10865250.0,9925076.0,
Miami Heat_2002,3,garneke01_2002,3.9312,3.9675,-0.0363,grantbr01,22400000.0,9925076.0,
Miami Heat_2002,4,wallabe01_2002,3.3843,3.1291,0.2552,grantbr01,4700000.0,9925076.0,
Miami Heat_2002,5,nowitdi01_2002,3.3801,3.4164,-0.0363,grantbr01,2157595.0,9925076.0,
Miami Heat_2002,6,kirilan01_2002,3.2638,3.1306,0.1332,grantbr01,831120.0,9925076.0,
Miami Heat_2002,7,mcgratr01_2002,3.1703,3.1864,-0.0161,gillke01,10865250.0,1538000.0,
Miami Heat_2002,8,webbech01_2002,3.0986,3.135,-0.0363,grantbr01,12750000.0,9925076.0,
Miami Heat_2002,9,piercpa01_2002,2.9898,3.006,-0.0161,gillke01,2051271.0,1538000.0,
Miami Heat_2002,10,brandel01_2002,2.6998,2.7361,-0.0363,grantbr01,3882360.0,9925076.0,
Milwaukee Bucks_2002,1,onealsh01_2002,6.624,6.2855,0.3386,masonan01,21428572.0,4538000.0,
Milwaukee Bucks_2002,2,duncati01_2002,5.903,5.903,0.0,masonan01,10865250.0,4538000.0,
Milwaukee Bucks_2002,3,garneke01_2002,5.0285,5.0285,0.0,masonan01,22400000.0,4538000.0,
Milwaukee Bucks_2002,4,nowitdi01_2002,4.2557,4.2557,0.0,masonan01,2157595.0,4538000.0,
Milwaukee Bucks_2002,5,kirilan01_2002,4.2042,3.8549,0.3494,masonan01,831120.0,4538000.0,
Milwaukee Bucks_2002,6,wallabe01_2002,4.1913,3.8527,0.3386,masonan01,4700000.0,4538000.0,
Milwaukee Bucks_2002,7,webbech01_2002,3.861,3.861,0.0,masonan01,12750000.0,4538000.0,
Milwaukee Bucks_2002,8,mcgratr01_2002,3.7111,3.7111,0.0,robingl01,10865250.0,8990000.0,
Milwaukee Bucks_2002,9,piercpa01_2002,3.4123,3.4123,0.0,robingl01,2051271.0,8990000.0,
Milwaukee Bucks_2002,10,brandel01_2002,3.3017,3.3017,0.0,masonan01,3882360.0,4538000.0,
Minnesota Timberwolves_2002,1,onealsh01_2002,4.9637,4.6706,0.2931,nestera01,21428572.0,1725788.0,
Minnesota Timberwolves_2002,2,duncati01_2002,4.4442,4.4008,0.0434,nestera01,10865250.0,1725788.0,
Minnesota Timberwolves_2002,3,mcgratr01_2002,3.8666,3.8666,0.0,szczewa02,10865250.0,2313240.0,
Minnesota Timberwolves_2002,4,piercpa01_2002,3.4702,3.4702,0.0,szczewa02,2051271.0,2313240.0,
Minnesota Timberwolves_2002,5,nowitdi01_2002,3.2821,3.2388,0.0434,nestera01,2157595.0,1725788.0,
Minnesota Timberwolves_2002,6,wallabe01_2002,3.2476,2.9545,0.2931,nestera01,4700000.0,1725788.0,
Minnesota Timberwolves_2002,7,webbech01_2002,3.0037,2.9604,0.0434,nestera01,12750000.0,1725788.0,
Minnesota Timberwolves_2002,8,kirilan01_2002,2.7199,2.5974,0.1226,szczewa02,831120.0,2313240.0,
Minnesota Timberwolves_2002,9,barrybr01_2002,2.6363,2.566,0.0703,szczewa02,4680000.0,2313240.0,
Minnesota Timberwolves_2002,10,brandel01_2002,2.6091,2.5658,0.0434,nestera01,3882360.0,1725788.0,
New Jersey Nets_2002,1,onealsh01_2002,4.733,4.3926,0.3404,martike01,21428572.0,3801960.0,
New Jersey Nets_2002,2,duncati01_2002,4.0831,4.0831,0.0,martike01,10865250.0,3801960.0,
New Jersey Nets_2002,3,garneke01_2002,3.4586,3.4586,0.0,vanhoke01,22400000.0,10865250.0,
New Jersey Nets_2002,4,mcgratr01_2002,2.7986,2.8705,-0.0719,jefferi01,10865250.0,1379400.0,
New Jersey Nets_2002,5,wallabe01_2002,2.765,2.4246,0.3404,martike01,4700000.0,3801960.0,
New Jersey Nets_2002,6,nowitdi01_2002,2.7506,2.7506,0.0,martike01,2157595.0,3801960.0,
New Jersey Nets_2002,7,kirilan01_2002,2.6819,2.5216,0.1603,vanhoke01,831120.0,10865250.0,
New Jersey Nets_2002,8,piercpa01_2002,2.5588,2.6307,-0.0719,jefferi01,2051271.0,1379400.0,
New Jersey Nets_2002,9,webbech01_2002,2.5265,2.5265,0.0,vanhoke01,12750000.0,10865250.0,
New Jersey Nets_2002,10,jonesed02_2002,2.26,2.1585,0.1014,vanhoke01,10091250.0,10865250.0,
New York Knicks_2002,1,onealsh01_2002,6.6057,6.1787,0.427,thomaku01,21428572.0,4413375.0,
New York Knicks_2002,2,duncati01_2002,5.8371,5.8371,0.0,thomaku01,10865250.0,4413375.0,
New York Knicks_2002,3,mcgratr01_2002,5.4299,5.4299,0.0,sprewla01,10865250.0,11250000.0,
New York Knicks_2002,4,garneke01_2002,5.2783,5.3282,-0.0499,sprewla01,22400000.0,11250000.0,
New York Knicks_2002,5,piercpa01_2002,5.0067,5.0067,0.0,sprewla01,2051271.0,11250000.0,
New York Knicks_2002,6,wallabe01_2002,4.4327,4.0057,0.427,thomaku01,4700000.0,4413375.0,
New York Knicks_2002,7,nowitdi01_2002,4.3657,4.3657,0.0,thomaku01,2157595.0,4413375.0,
New York Knicks_2002,8,kirilan01_2002,4.2359,4.0746,0.1613,sprewla01,831120.0,11250000.0,
New York Knicks_2002,9,barrybr01_2002,4.2245,4.0411,0.1834,sprewla01,4680000.0,11250000.0,
New York Knicks_2002,10,webbech01_2002,4.0131,4.0131,0.0,thomaku01,12750000.0,4413375.0,
Orlando Magic_2002,1,onealsh01_2002,4.5891,4.4217,0.1674,garripa01,21428572.0,1569691.0,
Orlando Magic_2002,2,duncati01_2002,3.9872,4.1288,-0.1416,garripa01,10865250.0,1569691.0,
Orlando Magic_2002,3,garneke01_2002,3.3176,3.4593,-0.1416,garripa01,22400000.0,1569691.0,
Orlando Magic_2002,4,piercpa01_2002,3.2551,3.2551,0.0,hudsotr01,2051271.0,590850.0,
Orlando Magic_2002,5,stockjo01_2002,2.8914,2.8288,0.0626,hudsotr01,7000000.0,590850.0,
Orlando Magic_2002,6,barrybr01_2002,2.7386,2.7136,0.0249,hudsotr01,4680000.0,590850.0,
Orlando Magic_2002,7,wallabe01_2002,2.7264,2.5589,0.1674,garripa01,4700000.0,1569691.0,
Orlando Magic_2002,8,nowitdi01_2002,2.7258,2.8675,-0.1416,garripa01,2157595.0,1569691.0,
Orlando Magic_2002,9,iversal01_2002,2.7054,2.7054,0.0,hudsotr01,11250000.0,590850.0,
Orlando Magic_2002,10,kiddja01_2002,2.6658,2.6032,0.0626,hudsotr01,8447500.0,590850.0,
Indiana Pacers_2002,1,onealsh01_2002,5.1344,4.7561,0.3783,onealje01,21428572.0,6325000.0,
Indiana Pacers_2002,2,duncati01_2002,4.4272,4.4272,0.0,onealje01,10865250.0,6325000.0,
Indiana Pacers_2002,3,garneke01_2002,3.6752,3.6752,0.0,onealje01,22400000.0,6325000.0,
Indiana Pacers_2002,4,wallabe01_2002,3.0424,2.6641,0.3783,onealje01,4700000.0,6325000.0,
Indiana Pacers_2002,5,nowitdi01_2002,3.0106,3.0106,0.0,onealje01,2157595.0,6325000.0,
Indiana Pacers_2002,6,mcgratr01_2002,2.9831,3.0403,-0.0573,bendejo01,10865250.0,2546760.0,
Indiana Pacers_2002,7,stockjo01_2002,2.9213,2.9213,0.0,tinslja01,7000000.0,749160.0,
Indiana Pacers_2002,8,piercpa01_2002,2.7755,2.8328,-0.0573,bendejo01,2051271.0,2546760.0,
Indiana Pacers_2002,9,iversal01_2002,2.7122,2.7585,-0.0463,tinslja01,11250000.0,749160.0,
Indiana Pacers_2002,10,webbech01_2002,2.6712,2.6712,0.0,onealje01,12750000.0,6325000.0,
Philadelphia 76ers_2002,1,onealsh01_2002,4.7024,4.3952,0.3072,mutomdi01,21428572.0,14315790.0,
Philadelphia 76ers_2002,2,duncati01_2002,4.0486,4.0427,0.0058,mutomdi01,10865250.0,14315790.0,
Philadelphia 76ers_2002,3,mcgratr01_2002,3.8439,3.9606,-0.1167,harprma01,10865250.0,1908401.0,
Philadelphia 76ers_2002,4,garneke01_2002,3.7956,3.883,-0.0874,harprma01,22400000.0,1908401.0,
Philadelphia 76ers_2002,5,piercpa01_2002,3.5214,3.638,-0.1167,harprma01,2051271.0,1908401.0,
Philadelphia 76ers_2002,6,kirilan01_2002,3.0847,2.9277,0.157,harprma01,831120.0,1908401.0,
Philadelphia 76ers_2002,7,webbech01_2002,2.8453,2.9327,-0.0874,harprma01,12750000.0,1908401.0,
Philadelphia 76ers_2002,8,nowitdi01_2002,2.5304,2.5245,0.0058,mutomdi01,2157595.0,14315790.0,
Philadelphia 76ers_2002,9,wallabe01_2002,2.4603,2.1531,0.3072,mutomdi01,4700000.0,14315790.0,
Philadelphia 76ers_2002,10,jonesed02_2002,2.4409,2.5575,-0.1167,harprma01,10091250.0,1908401.0,
Phoenix Suns_2002,1,mcgratr01_2002,4.0351,4.0351,0.0,hardaan01,10865250.0,11250000.0,
Phoenix Suns_2002,2,onealsh01_2002,3.751,3.751,0.0,tsakaja01,21428572.0,820400.0,
Phoenix Suns_2002,3,piercpa01_2002,3.723,3.723,0.0,hardaan01,2051271.0,11250000.0,
Phoenix Suns_2002,4,duncati01_2002,3.3573,3.5577,-0.2004,tsakaja01,10865250.0,820400.0,
Phoenix Suns_2002,5,stockjo01_2002,3.1358,3.1358,0.0,marbust01,7000000.0,11250000.0,
Phoenix Suns_2002,6,barrybr01_2002,3.0765,3.0108,0.0656,hardaan01,4680000.0,11250000.0,
Phoenix Suns_2002,7,iversal01_2002,3.0,3.0,0.0,hardaan01,11250000.0,11250000.0,
Phoenix Suns_2002,8,paytoga01_2002,2.8119,2.8119,0.0,hardaan01,12926493.0,11250000.0,
Phoenix Suns_2002,9,allenra02_2002,2.7555,2.7555,0.0,hardaan01,11250000.0,11250000.0,
Phoenix Suns_2002,10,kiddja01_2002,2.75,2.75,0.0,marbust01,8447500.0,11250000.0,
Portland Trail Blazers_2002,1,onealsh01_2002,4.3438,3.9388,0.4049,davisda01,21428572.0,7010000.0,
Portland Trail Blazers_2002,2,duncati01_2002,3.6418,3.6418,0.0,davisda01,10865250.0,7010000.0,
Portland Trail Blazers_2002,3,stockjo01_2002,2.9388,2.9388,0.0,stoudda01,7000000.0,12375000.0,
Portland Trail Blazers_2002,4,iversal01_2002,2.8744,2.7549,0.1195,stoudda01,11250000.0,12375000.0,
Portland Trail Blazers_2002,5,garneke01_2002,2.6872,2.6543,0.033,kempsh01,22400000.0,12660000.0,
Portland Trail Blazers_2002,6,paytoga01_2002,2.6614,2.5419,0.1195,stoudda01,12926493.0,12375000.0,
Portland Trail Blazers_2002,7,mcgratr01_2002,2.635,2.5435,0.0915,pippesc01,10865250.0,18083564.0,
Portland Trail Blazers_2002,8,kiddja01_2002,2.6027,2.6027,0.0,stoudda01,8447500.0,12375000.0,
Portland Trail Blazers_2002,9,allenra02_2002,2.5974,2.4779,0.1195,stoudda01,11250000.0,12375000.0,
Portland Trail Blazers_2002,10,wallabe01_2002,2.4546,2.0497,0.4049,davisda01,4700000.0,7010000.0,
Sacramento Kings_2002,1,mcgratr01_2002,3.9737,3.9737,0.0,bibbymi01,10865250.0,4174893.0,
Sacramento Kings_2002,2,onealsh01_2002,3.1727,2.8582,0.3145,divacvl01,21428572.0,10444642.0,
Sacramento Kings_2002,3,stockjo01_2002,3.1708,3.0146,0.1563,bibbymi01,7000000.0,4174893.0,
Sacramento Kings_2002,4,barrybr01_2002,3.0,2.8482,0.1518,bibbymi01,4680000.0,4174893.0,
Sacramento Kings_2002,5,kiddja01_2002,2.8449,2.6886,0.1563,bibbymi01,8447500.0,4174893.0,
Sacramento Kings_2002,6,iversal01_2002,2.8362,2.8362,0.0,bibbymi01,11250000.0,4174893.0,
Sacramento Kings_2002,7,paytoga01_2002,2.6296,2.6296,0.0,bibbymi01,12926493.0,4174893.0,
Sacramento Kings_2002,8,allenra02_2002,2.5675,2.5675,0.0,bibbymi01,11250000.0,4174893.0,
Sacramento Kings_2002,9,duncati01_2002,2.5578,2.5618,-0.004,divacvl01,10865250.0,10444642.0,
Sacramento Kings_2002,10,millean02_2002,2.4787,2.3224,0.1563,bibbymi01,1934520.0,4174893.0,
San Antonio Spurs_2002,1,stockjo01_2002,3.3606,3.3606,0.0,parketo01,7000000.0,744480.0,
San Antonio Spurs_2002,2,iversal01_2002,3.2044,3.2108,-0.0063,parketo01,11250000.0,744480.0,
San Antonio Spurs_2002,3,kiddja01_2002,3.0867,3.0867,0.0,parketo01,8447500.0,744480.0,
San Antonio Spurs_2002,4,paytoga01_2002,3.0309,3.0372,-0.0063,parketo01,12926493.0,744480.0,
San Antonio Spurs_2002,5,allenra02_2002,2.9787,2.9851,-0.0063,parketo01,11250000.0,744480.0,
San Antonio Spurs_2002,6,mcgratr01_2002,2.909,2.9752,-0.0662,smithst01,10865250.0,9000000.0,
San Antonio Spurs_2002,7,millean02_2002,2.7791,2.7791,0.0,parketo01,1934520.0,744480.0,
San Antonio Spurs_2002,8,davisba01_2002,2.7705,2.7705,0.0,parketo01,3119400.0,744480.0,
San Antonio Spurs_2002,9,garneke01_2002,2.7067,2.7067,0.0,rosema01,22400000.0,2285000.0,
San Antonio Spurs_2002,10,brandte01_2002,2.6877,2.694,-0.0063,parketo01,9300000.0,744480.0,
Seattle SuperSonics_2002,1,onealsh01_2002,4.8726,4.6816,0.191,bakervi01,21428572.0,11250000.0,
Seattle SuperSonics_2002,2,duncati01_2002,4.4733,4.4733,0.0,bakervi01,10865250.0,11250000.0,
Seattle SuperSonics_2002,3,mcgratr01_2002,4.1171,4.0475,0.0696,masonde01,10865250.0,1155240.0,
Seattle SuperSonics_2002,4,garneke01_2002,4.0077,3.9736,0.034,masonde01,22400000.0,1155240.0,
Seattle SuperSonics_2002,5,piercpa01_2002,3.8096,3.74,0.0696,masonde01,2051271.0,1155240.0,
Seattle SuperSonics_2002,6,nowitdi01_2002,3.5761,3.5761,0.0,bakervi01,2157595.0,11250000.0,
Seattle SuperSonics_2002,7,wallabe01_2002,3.5476,3.3566,0.191,bakervi01,4700000.0,11250000.0,
Seattle SuperSonics_2002,8,webbech01_2002,3.3611,3.3611,0.0,bakervi01,12750000.0,11250000.0,
Seattle SuperSonics_2002,9,kirilan01_2002,3.295,3.0629,0.2321,masonde01,831120.0,1155240.0,
Seattle SuperSonics_2002,10,brandel01_2002,3.0564,3.0564,0.0,bakervi01,3882360.0,11250000.0,
Toronto Raptors_2002,1,onealsh01_2002,6.5365,6.0648,0.4718,davisan01,21428572.0,11000000.0,
Toronto Raptors_2002,2,duncati01_2002,5.7009,5.7009,0.0,davisan01,10865250.0,11000000.0,
Toronto Raptors_2002,3,garneke01_2002,4.8689,4.8689,0.0,davisan01,22400000.0,11000000.0,
Toronto Raptors_2002,4,mcgratr01_2002,4.3053,4.3079,-0.0026,willial02,10865250.0,5350000.0,
Toronto Raptors_2002,5,wallabe01_2002,4.222,3.7502,0.4718,davisan01,4700000.0,11000000.0,
Toronto Raptors_2002,6,nowitdi01_2002,4.1336,4.1336,0.0,davisan01,2157595.0,11000000.0,
Toronto Raptors_2002,7,kirilan01_2002,3.9712,3.7523,0.219,davisan01,831120.0,11000000.0,
Toronto Raptors_2002,8,piercpa01_2002,3.9303,3.9329,-0.0026,willial02,2051271.0,5350000.0,
Toronto Raptors_2002,9,webbech01_2002,3.7581,3.7581,0.0,davisan01,12750000.0,11000000.0,
Toronto Raptors_2002,10,stockjo01_2002,3.2593,3.2593,-0.0,willial02,7000000.0,5350000.0,
Utah Jazz_2002,1,onealsh01_2002,4.2339,3.756,0.478,malonka01,21428572.0,17500000.0,
Utah Jazz_2002,2,mcgratr01_2002,3.668,3.7095,-0.0415,russebr01,10865250.0,5142857.0,
Utah Jazz_2002,3,piercpa01_2002,3.4152,3.4567,-0.0415,russebr01,2051271.0,5142857.0,
Utah Jazz_2002,4,duncati01_2002,3.3825,3.3825,0.0,malonka01,10865250.0,17500000.0,
Utah Jazz_2002,5,barrybr01_2002,2.8801,2.8801,0.0,russebr01,4680000.0,5142857.0,
Utah Jazz_2002,6,iversal01_2002,2.8299,2.8713,-0.0415,russebr01,11250000.0,5142857.0,
Utah Jazz_2002,7,allenra02_2002,2.6319,2.6734,-0.0415,russebr01,11250000.0,5142857.0,
Utah Jazz_2002,8,wallabe01_2002,2.5836,2.3991,0.1845,collija03,4700000.0,332817.0,
Utah Jazz_2002,9,jonesed02_2002,2.5686,2.6101,-0.0415,russebr01,10091250.0,5142857.0,
Utah Jazz_2002,10,nowitdi01_2002,2.5678,2.584,-0.0161,collija03,2157595.0,332817.0,
Memphis Grizzlies_2002,1,onealsh01_2002,4.949,4.5131,0.4359,gasolpa01,21428572.0,2970840.0,
Memphis Grizzlies_2002,2,mcgratr01_2002,4.848,4.7347,0.1133,longgr01,10865250.0,2400000.0,
Memphis Grizzlies_2002,3,garneke01_2002,4.6982,4.6775,0.0207,longgr01,22400000.0,2400000.0,
Memphis Grizzlies_2002,4,piercpa01_2002,4.6101,4.4968,0.1133,longgr01,2051271.0,2400000.0,
Memphis Grizzlies_2002,5,duncati01_2002,4.1431,4.1431,0.0,gasolpa01,10865250.0,2970840.0,
Memphis Grizzlies_2002,6,kirilan01_2002,4.0667,3.9731,0.0936,longgr01,831120.0,2400000.0,
Memphis Grizzlies_2002,7,webbech01_2002,3.9974,3.9767,0.0207,longgr01,12750000.0,2400000.0,
Memphis Grizzlies_2002,8,jonesed02_2002,3.8134,3.7001,0.1133,longgr01,10091250.0,2400000.0,
Memphis Grizzlies_2002,9,cartevi01_2002,3.7902,3.6769,0.1133,longgr01,3073032.0,2400000.0,
Memphis Grizzlies_2002,10,barrybr01_2002,3.6382,3.4844,0.1538,buforro01,4680000.0,481488.0,
Washington Wizards_2002,1,onealsh01_2002,3.8615,3.6766,0.1849,jonespo01,21428572.0,1500000.0,
Washington Wizards_2002,2,mcgratr01_2002,3.5507,3.5507,0.0,hamilri01,10865250.0,2111640.0,
Washington Wizards_2002,3,duncati01_2002,3.4426,3.4426,0.0,jonespo01,10865250.0,1500000.0,
Washington Wizards_2002,4,piercpa01_2002,3.2677,3.2677,0.0,hamilri01,2051271.0,2111640.0,
Washington Wizards_2002,5,garneke01_2002,2.9077,2.9077,0.0,jonespo01,22400000.0,1500000.0,
Washington Wizards_2002,6,barrybr01_2002,2.6245,2.6221,0.0024,hamilri01,4680000.0,2111640.0,
Washington Wizards_2002,7,iversal01_2002,2.6123,2.6123,0.0,hamilri01,11250000.0,2111640.0,
Washington Wizards_2002,8,paytoga01_2002,2.4418,2.4418,0.0,hamilri01,12926493.0,2111640.0,
Washington Wizards_2002,9,nowitdi01_2002,2.435,2.435,0.0,jonespo01,2157595.0,1500000.0,
Washington Wizards_2002,10,allenra02_2002,2.3906,2.3906,0.0,hamilri01,11250000.0,2111640.0,
Detroit Pistons_2002,1,onealsh01_2002,5.6736,5.5088,0.1648,robincl02,21428572.0,7656250.0,
Detroit Pistons_2002,2,duncati01_2002,4.9244,5.1563,-0.2318,robincl02,10865250.0,7656250.0,
Detroit Pistons_2002,3,mcgratr01_2002,4.4947,4.4143,0.0804,currymi01,10865250.0,2400000.0,
Detroit Pistons_2002,4,piercpa01_2002,4.2533,4.1729,0.0804,currymi01,2051271.0,2400000.0,
Detroit Pistons_2002,5,garneke01_2002,4.1184,4.3502,-0.2318,robincl02,22400000.0,7656250.0,
Detroit Pistons_2002,6,barrybr01_2002,3.8136,3.6222,0.1914,currymi01,4680000.0,2400000.0,
Detroit Pistons_2002,7,iversal01_2002,3.6942,3.6138,0.0804,currymi01,11250000.0,2400000.0,
Detroit Pistons_2002,8,allenra02_2002,3.5052,3.4247,0.0804,currymi01,11250000.0,2400000.0,
Detroit Pistons_2002,9,jonesed02_2002,3.4447,3.3643,0.0804,currymi01,10091250.0,2400000.0,
Detroit Pistons_2002,10,cartevi01_2002,3.4212,3.3408,0.0804,currymi01,3073032.0,2400000.0,
Charlotte Hornets_2002,1,mcgratr01_2002,5.0148,5.1066,-0.0918,wesleda01,10865250.0,3240000.0,
Charlotte Hornets_2002,2,onealsh01_2002,4.7595,4.4197,0.3398,brownpj01,21428572.0,6404800.0,
Charlotte Hornets_2002,3,piercpa01_2002,4.6953,4.7871,-0.0918,wesleda01,2051271.0,3240000.0,
Charlotte Hornets_2002,4,duncati01_2002,4.1057,4.1057,0.0,brownpj01,10865250.0,6404800.0,
Charlotte Hornets_2002,5,stockjo01_2002,4.0854,4.2132,-0.1279,wesleda01,7000000.0,3240000.0,
Charlotte Hornets_2002,6,barrybr01_2002,4.0583,4.0583,-0.0,wesleda01,4680000.0,3240000.0,
Charlotte Hornets_2002,7,iversal01_2002,3.9553,4.0471,-0.0918,wesleda01,11250000.0,3240000.0,
Charlotte Hornets_2002,8,kiddja01_2002,3.7817,3.9096,-0.1279,wesleda01,8447500.0,3240000.0,
Charlotte Hornets_2002,9,paytoga01_2002,3.7629,3.8547,-0.0918,wesleda01,12926493.0,3240000.0,
Charlotte Hornets_2002,10,allenra02_2002,3.7051,3.7969,-0.0918,wesleda01,11250000.0,3240000.0,
Atlanta Hawks_2003,1,mcgratr01_2003,6.6347,6.6347,0.0,robingl01,12072500.0,9860000.0,
Atlanta Hawks_2003,2,garneke01_2003,5.8339,5.9318,-0.0979,robingl01,25200000.0,9860000.0,
Atlanta Hawks_2003,3,nowitdi01_2003,4.5767,4.4704,0.1063,abdursh01,10067750.0,12375000.0,
Atlanta Hawks_2003,4,duncati01_2003,4.477,4.5391,-0.0622,ratlith01,12072500.0,9375000.0,
Atlanta Hawks_2003,5,bryanko01_2003,4.459,4.459,0.0,robingl01,12375000.0,9860000.0,
Atlanta Hawks_2003,6,onealsh01_2003,4.2275,3.923,0.3045,ratlith01,23571429.0,9375000.0,
Atlanta Hawks_2003,7,kirilan01_2003,3.7942,3.6988,0.0954,robingl01,893400.0,9860000.0,
Atlanta Hawks_2003,8,kiddja01_2003,3.6567,3.6567,0.0,terryja01,9265000.0,2153934.0,
Atlanta Hawks_2003,9,mariosh01_2003,3.501,3.501,0.0,robingl01,2265375.0,9860000.0,
Atlanta Hawks_2003,10,jonesed02_2003,3.1872,3.1872,0.0,robingl01,11212500.0,9860000.0,
Boston Celtics_2003,1,garneke01_2003,6.6728,6.7959,-0.1232,walkean02,25200000.0,12375000.0,
Boston Celtics_2003,2,nowitdi01_2003,5.8465,5.8465,-0.0,walkean02,10067750.0,12375000.0,
Boston Celtics_2003,3,duncati01_2003,5.7283,5.8515,-0.1232,walkean02,12072500.0,12375000.0,
Boston Celtics_2003,4,onealsh01_2003,5.3334,5.0566,0.2768,walkean02,23571429.0,12375000.0,
Boston Celtics_2003,5,mcgratr01_2003,5.3172,5.5794,-0.2622,willier01,12072500.0,5004000.0,
Boston Celtics_2003,6,mariosh01_2003,3.798,3.798,-0.0,walkean02,2265375.0,12375000.0,
Boston Celtics_2003,7,wallabe01_2003,3.6092,3.3324,0.2768,walkean02,5200000.0,12375000.0,
Boston Celtics_2003,8,sabonar01_2003,3.3759,3.499,-0.1232,walkean02,6850000.0,12375000.0,
Boston Celtics_2003,9,bryanko01_2003,3.3647,3.6268,-0.2622,willier01,12375000.0,5004000.0,
Boston Celtics_2003,10,kukocto01_2003,3.0119,2.8489,0.163,walkean02,8050000.0,12375000.0,
Cleveland Cavaliers_2003,1,mcgratr01_2003,7.7204,7.7204,-0.0,davisri01,12072500.0,4546000.0,
Cleveland Cavaliers_2003,2,garneke01_2003,5.3902,5.5363,-0.1461,milesda01,25200000.0,3267960.0,
Cleveland Cavaliers_2003,3,bryanko01_2003,5.1016,5.1016,-0.0,davisri01,12375000.0,4546000.0,
Cleveland Cavaliers_2003,4,kiddja01_2003,4.9037,4.9037,-0.0,palacmi01,9265000.0,750000.0,
Cleveland Cavaliers_2003,5,nowitdi01_2003,4.782,4.9462,-0.1643,milesda01,10067750.0,3267960.0,
Cleveland Cavaliers_2003,6,kirilan01_2003,4.2812,4.1865,0.0947,davisri01,893400.0,4546000.0,
Cleveland Cavaliers_2003,7,duncati01_2003,4.28,4.28,-0.0,ilgauzy01,12072500.0,12375000.0,
Cleveland Cavaliers_2003,8,onealsh01_2003,4.0287,3.6848,0.3439,ilgauzy01,23571429.0,12375000.0,
Cleveland Cavaliers_2003,9,piercpa01_2003,4.028,4.028,-0.0,davisri01,10067750.0,4546000.0,
Cleveland Cavaliers_2003,10,mariosh01_2003,3.9485,3.9485,-0.0,davisri01,2265375.0,4546000.0,
New Orleans Hornets_2003,1,mcgratr01_2003,5.386,5.5285,-0.1425,wesleda01,12072500.0,3600000.0,
New Orleans Hornets_2003,2,garneke01_2003,5.1181,5.2448,-0.1267,mashbja01,25200000.0,7750000.0,
New Orleans Hornets_2003,3,nowitdi01_2003,4.3116,4.5714,-0.2598,magloja01,10067750.0,1121280.0,
New Orleans Hornets_2003,4,duncati01_2003,4.2718,4.5751,-0.3033,magloja01,12072500.0,1121280.0,
New Orleans Hornets_2003,5,onealsh01_2003,3.9787,3.9787,0.0,magloja01,23571429.0,1121280.0,
New Orleans Hornets_2003,6,kiddja01_2003,3.4348,3.5124,-0.0776,wesleda01,9265000.0,3600000.0,
New Orleans Hornets_2003,7,bryanko01_2003,3.1252,3.2677,-0.1425,wesleda01,12375000.0,3600000.0,
New Orleans Hornets_2003,8,wallabe01_2003,2.6851,2.6851,0.0,magloja01,5200000.0,1121280.0,
New Orleans Hornets_2003,9,piercpa01_2003,2.6464,2.5984,0.048,alexaco02,10067750.0,1517280.0,
New Orleans Hornets_2003,10,barryjo01_2003,2.6157,2.5136,0.1022,alexaco02,3175000.0,1517280.0,
Chicago Bulls_2003,1,mcgratr01_2003,8.7988,8.7988,0.0,roseja01,12072500.0,12072500.0,
Chicago Bulls_2003,2,bryanko01_2003,6.0275,6.0275,0.0,roseja01,12375000.0,12072500.0,
Chicago Bulls_2003,3,kirilan01_2003,5.0567,5.059,-0.0023,roseja01,893400.0,12072500.0,
Chicago Bulls_2003,4,piercpa01_2003,4.8913,4.8913,0.0,roseja01,10067750.0,12072500.0,
Chicago Bulls_2003,5,mariosh01_2003,4.8072,4.8072,0.0,roseja01,2265375.0,12072500.0,
Chicago Bulls_2003,6,barryjo01_2003,4.69,4.683,0.0069,roseja01,3175000.0,12072500.0,
Chicago Bulls_2003,7,jonesed02_2003,4.4074,4.4074,0.0,roseja01,11212500.0,12072500.0,
Chicago Bulls_2003,8,garneke01_2003,4.2197,4.2197,0.0,marshdo01,25200000.0,4186542.0,
Chicago Bulls_2003,9,allenra02_2003,4.1819,4.1819,0.0,roseja01,12375000.0,12072500.0,
Chicago Bulls_2003,10,cartevi01_2003,4.1701,4.1701,0.0,roseja01,10067750.0,12072500.0,
Dallas Mavericks_2003,1,mcgratr01_2003,4.7928,4.7928,-0.0,vanexni01,12072500.0,11061234.0,
Dallas Mavericks_2003,2,kiddja01_2003,3.3975,3.2989,0.0986,vanexni01,9265000.0,11061234.0,
Dallas Mavericks_2003,3,bryanko01_2003,3.1175,3.1175,-0.0,vanexni01,12375000.0,11061234.0,
Dallas Mavericks_2003,4,garneke01_2003,2.8925,3.0728,-0.1803,lafrera01,25200000.0,7270000.0,
Dallas Mavericks_2003,5,piercpa01_2003,2.4307,2.4307,-0.0,vanexni01,10067750.0,11061234.0,
Dallas Mavericks_2003,6,duncati01_2003,2.4209,2.6012,-0.1803,lafrera01,12072500.0,7270000.0,
Dallas Mavericks_2003,7,barryjo01_2003,2.4035,2.3048,0.0986,vanexni01,3175000.0,11061234.0,
Dallas Mavericks_2003,8,stockjo01_2003,2.3312,2.2326,0.0986,vanexni01,7875000.0,11061234.0,
Dallas Mavericks_2003,9,onealsh01_2003,2.1905,2.2043,-0.0138,lafrera01,23571429.0,7270000.0,
Dallas Mavericks_2003,10,jonesed02_2003,2.1382,2.1382,-0.0,vanexni01,11212500.0,11061234.0,
Denver Nuggets_2003,1,mcgratr01_2003,6.3986,6.45,-0.0514,harriju01,12072500.0,349458.0,
Denver Nuggets_2003,2,garneke01_2003,5.6528,5.6528,0.0,howarju01,25200000.0,20625000.0,
Denver Nuggets_2003,3,nowitdi01_2003,4.9814,4.8475,0.134,howarju01,10067750.0,20625000.0,
Denver Nuggets_2003,4,kiddja01_2003,4.9764,4.9764,0.0,harriju01,9265000.0,349458.0,
Denver Nuggets_2003,5,duncati01_2003,4.8517,4.8517,0.0,howarju01,12072500.0,20625000.0,
Denver Nuggets_2003,6,bryanko01_2003,4.7461,4.7976,-0.0514,harriju01,12375000.0,349458.0,
Denver Nuggets_2003,7,onealsh01_2003,4.5306,4.1774,0.3532,howarju01,23571429.0,20625000.0,
Denver Nuggets_2003,8,piercpa01_2003,4.0687,4.1201,-0.0514,harriju01,10067750.0,349458.0,
Denver Nuggets_2003,9,barryjo01_2003,3.9959,3.9959,0.0,harriju01,3175000.0,349458.0,
Denver Nuggets_2003,10,stockjo01_2003,3.9247,3.9247,0.0,harriju01,7875000.0,349458.0,
Golden State Warriors_2003,1,mcgratr01_2003,7.3004,7.2069,0.0936,jamisan01,12072500.0,10067750.0,
Golden State Warriors_2003,2,garneke01_2003,6.3378,6.3378,0.0,jamisan01,25200000.0,10067750.0,
Golden State Warriors_2003,3,nowitdi01_2003,4.924,4.9046,0.0194,murphtr01,10067750.0,1408680.0,
Golden State Warriors_2003,4,duncati01_2003,4.9115,4.9085,0.0031,murphtr01,12072500.0,1408680.0,
Golden State Warriors_2003,5,bryanko01_2003,4.6137,4.6137,0.0,richaja01,12375000.0,2607360.0,
Golden State Warriors_2003,6,onealsh01_2003,4.5883,4.286,0.3023,murphtr01,23571429.0,1408680.0,
Golden State Warriors_2003,7,kirilan01_2003,3.8651,3.8222,0.0429,richaja01,893400.0,2607360.0,
Golden State Warriors_2003,8,kiddja01_2003,3.7225,3.7225,0.0,arenagi01,9265000.0,512435.0,
Golden State Warriors_2003,9,piercpa01_2003,3.6851,3.6851,0.0,richaja01,10067750.0,2607360.0,
Golden State Warriors_2003,10,mariosh01_2003,3.6163,3.6163,0.0,richaja01,2265375.0,2607360.0,
Houston Rockets_2003,1,mcgratr01_2003,6.7265,6.7265,0.0,moblecu01,12072500.0,4903750.0,
Houston Rockets_2003,2,bryanko01_2003,4.2034,4.2034,0.0,moblecu01,12375000.0,4903750.0,
Houston Rockets_2003,3,garneke01_2003,3.7729,3.7729,-0.0,mingya01,25200000.0,3858240.0,
Houston Rockets_2003,4,nowitdi01_2003,3.35,3.3042,0.0459,tayloma01,10067750.0,7150000.0,
Houston Rockets_2003,5,kirilan01_2003,3.3091,3.3217,-0.0126,moblecu01,893400.0,4903750.0,
Houston Rockets_2003,6,duncati01_2003,3.3062,3.3062,0.0,tayloma01,12072500.0,7150000.0,
Houston Rockets_2003,7,onealsh01_2003,3.1705,2.9751,0.1953,tayloma01,23571429.0,7150000.0,
Houston Rockets_2003,8,piercpa01_2003,3.169,3.169,0.0,moblecu01,10067750.0,4903750.0,
Houston Rockets_2003,9,barryjo01_2003,2.9026,2.9794,-0.0768,moblecu01,3175000.0,4903750.0,
Houston Rockets_2003,10,jonesed02_2003,2.7285,2.7285,0.0,moblecu01,11212500.0,4903750.0,
Los Angeles Clippers_2003,1,kiddja01_2003,5.5152,5.5152,0.0,millean02,9265000.0,2460709.0,
Los Angeles Clippers_2003,2,mcgratr01_2003,4.8507,4.8404,0.0102,maggeco01,12072500.0,2069764.0,
Los Angeles Clippers_2003,3,barryjo01_2003,4.0624,4.0624,0.0,millean02,3175000.0,2460709.0,
Los Angeles Clippers_2003,4,stockjo01_2003,3.9569,3.9569,0.0,millean02,7875000.0,2460709.0,
Los Angeles Clippers_2003,5,garneke01_2003,3.9332,3.9067,0.0266,rooksse01,25200000.0,2640000.0,
Los Angeles Clippers_2003,6,billuch01_2003,3.7393,3.6606,0.0787,millean02,4546000.0,2460709.0,
Los Angeles Clippers_2003,7,nowitdi01_2003,3.6417,3.5153,0.1264,rooksse01,10067750.0,2640000.0,
Los Angeles Clippers_2003,8,nashst01_2003,3.6412,3.5624,0.0787,millean02,5750000.0,2460709.0,
Los Angeles Clippers_2003,9,duncati01_2003,3.544,3.5174,0.0266,rooksse01,12072500.0,2640000.0,
Los Angeles Clippers_2003,10,francst01_2003,3.4736,3.4736,0.0,millean02,4383581.0,2460709.0,
Los Angeles Lakers_2003,1,mcgratr01_2003,5.4843,5.5506,-0.0663,foxri01,12072500.0,4340231.0,
Los Angeles Lakers_2003,2,kiddja01_2003,5.2773,5.1432,0.134,fishede01,9265000.0,3000000.0,
Los Angeles Lakers_2003,3,garneke01_2003,4.0015,4.2183,-0.2168,horryro01,25200000.0,5300000.0,
Los Angeles Lakers_2003,4,barryjo01_2003,3.8828,3.7488,0.134,fishede01,3175000.0,3000000.0,
Los Angeles Lakers_2003,5,stockjo01_2003,3.7815,3.6474,0.134,fishede01,7875000.0,3000000.0,
Los Angeles Lakers_2003,6,nowitdi01_2003,3.3512,3.5368,-0.1856,horryro01,10067750.0,5300000.0,
Los Angeles Lakers_2003,7,duncati01_2003,3.3236,3.5404,-0.2168,horryro01,12072500.0,5300000.0,
Los Angeles Lakers_2003,8,francst01_2003,3.3176,3.1836,0.134,fishede01,4383581.0,3000000.0,
Los Angeles Lakers_2003,9,billuch01_2003,3.2878,3.3631,-0.0753,fishede01,4546000.0,3000000.0,
Los Angeles Lakers_2003,10,nashst01_2003,3.1936,3.2689,-0.0753,fishede01,5750000.0,3000000.0,
Miami Heat_2003,1,garneke01_2003,7.0553,7.0631,-0.0078,allenma01,25200000.0,512435.0,
Miami Heat_2003,2,nowitdi01_2003,6.4382,6.3779,0.0603,allenma01,10067750.0,512435.0,
Miami Heat_2003,3,duncati01_2003,6.3737,6.3814,-0.0078,allenma01,12072500.0,512435.0,
Miami Heat_2003,4,mcgratr01_2003,6.3446,6.4995,-0.1549,butleca01,12072500.0,1678800.0,
Miami Heat_2003,5,onealsh01_2003,6.1562,5.8077,0.3485,allenma01,23571429.0,512435.0,
Miami Heat_2003,6,kirilan01_2003,5.2357,5.0753,0.1604,allenma01,893400.0,512435.0,
Miami Heat_2003,7,mariosh01_2003,4.9596,4.8993,0.0603,allenma01,2265375.0,512435.0,
Miami Heat_2003,8,wallabe01_2003,4.9117,4.5632,0.3485,allenma01,5200000.0,512435.0,
Miami Heat_2003,9,sabonar01_2003,4.6758,4.6835,-0.0078,allenma01,6850000.0,512435.0,
Miami Heat_2003,10,kukocto01_2003,4.3747,4.2143,0.1604,allenma01,8050000.0,512435.0,
Milwaukee Bucks_2003,1,garneke01_2003,5.6532,5.8392,-0.186,thomati01,25200000.0,10750000.0,
Milwaukee Bucks_2003,2,nowitdi01_2003,4.9522,5.1429,-0.1907,thomati01,10067750.0,10750000.0,
Milwaukee Bucks_2003,3,duncati01_2003,4.7848,4.7848,0.0,masonan01,12072500.0,4370819.0,
Milwaukee Bucks_2003,4,onealsh01_2003,4.5049,4.2659,0.239,masonan01,23571429.0,4370819.0,
Milwaukee Bucks_2003,5,kirilan01_2003,3.8194,3.8194,0.0,thomati01,893400.0,10750000.0,
Milwaukee Bucks_2003,6,mariosh01_2003,3.4498,3.6405,-0.1907,thomati01,2265375.0,10750000.0,
Milwaukee Bucks_2003,7,wallabe01_2003,3.3794,3.1405,0.239,masonan01,5200000.0,4370819.0,
Milwaukee Bucks_2003,8,kiddja01_2003,3.337,3.306,0.0311,cassesa01,9265000.0,4850000.0,
Milwaukee Bucks_2003,9,mcgratr01_2003,3.279,3.37,-0.091,reddmi01,12072500.0,3000000.0,
Milwaukee Bucks_2003,10,sabonar01_2003,3.2492,3.2492,0.0,masonan01,6850000.0,4370819.0,
Minnesota Timberwolves_2003,1,mcgratr01_2003,6.1557,6.0911,0.0645,gillke01,12072500.0,1030000.0,
Minnesota Timberwolves_2003,2,kiddja01_2003,4.4868,4.4868,-0.0,hudsotr01,9265000.0,2000000.0,
Minnesota Timberwolves_2003,3,bryanko01_2003,4.4303,4.3657,0.0645,gillke01,12375000.0,1030000.0,
Minnesota Timberwolves_2003,4,nowitdi01_2003,4.2854,4.2335,0.0519,nestera01,10067750.0,2436813.0,
Minnesota Timberwolves_2003,5,duncati01_2003,4.262,4.2371,0.025,nestera01,12072500.0,2436813.0,
Minnesota Timberwolves_2003,6,onealsh01_2003,3.9909,3.6645,0.3264,nestera01,23571429.0,2436813.0,
Minnesota Timberwolves_2003,7,kirilan01_2003,3.9055,3.7628,0.1426,gillke01,893400.0,1030000.0,
Minnesota Timberwolves_2003,8,piercpa01_2003,3.7229,3.6584,0.0645,gillke01,10067750.0,1030000.0,
Minnesota Timberwolves_2003,9,mariosh01_2003,3.6706,3.606,0.0645,gillke01,2265375.0,1030000.0,
Minnesota Timberwolves_2003,10,barryjo01_2003,3.607,3.5287,0.0783,gillke01,3175000.0,1030000.0,
New Jersey Nets_2003,1,mcgratr01_2003,5.3975,5.4738,-0.0763,jefferi01,12072500.0,1482840.0,
New Jersey Nets_2003,2,garneke01_2003,4.5184,4.5184,0.0,martike01,25200000.0,4067160.0,
New Jersey Nets_2003,3,nowitdi01_2003,3.951,3.7448,0.2063,martike01,10067750.0,4067160.0,
New Jersey Nets_2003,4,duncati01_2003,3.7657,3.7964,-0.0306,collija04,12072500.0,1147440.0,
New Jersey Nets_2003,5,onealsh01_2003,3.5855,3.3289,0.2566,collija04,23571429.0,1147440.0,
New Jersey Nets_2003,6,bryanko01_2003,2.9921,3.0684,-0.0763,jefferi01,12375000.0,1482840.0,
New Jersey Nets_2003,7,wallabe01_2003,2.5714,2.3149,0.2566,collija04,5200000.0,1147440.0,
New Jersey Nets_2003,8,kirilan01_2003,2.495,2.2743,0.2207,martike01,893400.0,4067160.0,
New Jersey Nets_2003,9,sabonar01_2003,2.3822,2.4129,-0.0306,collija04,6850000.0,1147440.0,
New Jersey Nets_2003,10,mariosh01_2003,2.2818,2.0755,0.2063,martike01,2265375.0,4067160.0,
New York Knicks_2003,1,mcgratr01_2003,6.5833,6.5833,0.0,sprewla01,12072500.0,12375000.0,
New York Knicks_2003,2,garneke01_2003,5.2168,5.2168,-0.0,thomaku01,25200000.0,4903750.0,
New York Knicks_2003,3,nowitdi01_2003,4.4741,4.4595,0.0146,thomaku01,10067750.0,4903750.0,
New York Knicks_2003,4,duncati01_2003,4.4634,4.4634,-0.0,thomaku01,12072500.0,4903750.0,
New York Knicks_2003,5,onealsh01_2003,4.2194,3.8294,0.39,thomaku01,23571429.0,4903750.0,
New York Knicks_2003,6,bryanko01_2003,4.2156,4.2156,0.0,sprewla01,12375000.0,12375000.0,
New York Knicks_2003,7,kiddja01_2003,4.1258,4.1251,0.0007,houstal01,9265000.0,14343750.0,
New York Knicks_2003,8,kirilan01_2003,3.5244,3.3882,0.1362,sprewla01,893400.0,12375000.0,
New York Knicks_2003,9,piercpa01_2003,3.2449,3.2449,0.0,sprewla01,10067750.0,12375000.0,
New York Knicks_2003,10,mariosh01_2003,3.173,3.173,0.0,sprewla01,2265375.0,12375000.0,
Orlando Magic_2003,1,garneke01_2003,5.6134,5.8078,-0.1944,garripa01,25200000.0,2350000.0,
Orlando Magic_2003,2,nowitdi01_2003,4.9244,5.0451,-0.1207,garripa01,10067750.0,2350000.0,
Orlando Magic_2003,3,duncati01_2003,4.8547,5.0491,-0.1944,garripa01,12072500.0,2350000.0,
Orlando Magic_2003,4,onealsh01_2003,4.5933,4.4106,0.1827,garripa01,23571429.0,2350000.0,
Orlando Magic_2003,5,kiddja01_2003,3.4666,3.4666,0.0,vaughja01,9265000.0,699935.0,
Orlando Magic_2003,6,wallabe01_2003,3.3161,3.0347,0.2814,kempsh01,5200000.0,12621028.0,
Orlando Magic_2003,7,mariosh01_2003,3.2788,3.3995,-0.1207,garripa01,2265375.0,2350000.0,
Orlando Magic_2003,8,bryanko01_2003,3.2506,3.3153,-0.0647,vaughja01,12375000.0,699935.0,
Orlando Magic_2003,9,sabonar01_2003,3.148,3.1187,0.0293,kempsh01,6850000.0,12621028.0,
Orlando Magic_2003,10,robinda01_2003,2.7932,2.5118,0.2814,kempsh01,10500000.0,12621028.0,
Indiana Pacers_2003,1,garneke01_2003,6.0662,6.0662,0.0,harrial01,25200000.0,5060000.0,
Indiana Pacers_2003,2,nowitdi01_2003,5.4385,5.3545,0.0839,harrial01,10067750.0,5060000.0,
Indiana Pacers_2003,3,mcgratr01_2003,4.831,4.7503,0.0807,mercero01,12072500.0,6750000.0,
Indiana Pacers_2003,4,kirilan01_2003,4.0855,4.0017,0.0838,harrial01,893400.0,5060000.0,
Indiana Pacers_2003,5,mariosh01_2003,3.9028,3.8189,0.0839,harrial01,2265375.0,5060000.0,
Indiana Pacers_2003,6,kiddja01_2003,3.5914,3.5914,0.0,tinslja01,9265000.0,805320.0,
Indiana Pacers_2003,7,bryanko01_2003,3.468,3.3873,0.0807,mercero01,12375000.0,6750000.0,
Indiana Pacers_2003,8,cartevi01_2003,3.4404,3.3565,0.0839,harrial01,10067750.0,5060000.0,
Indiana Pacers_2003,9,duncati01_2003,3.3954,3.3954,0.0,onealje01,12072500.0,6900000.0,
Indiana Pacers_2003,10,reddmi01_2003,3.3098,3.198,0.1118,harrial01,3000000.0,5060000.0,
Philadelphia 76ers_2003,1,mcgratr01_2003,5.4984,5.4984,0.0,iversal01,12072500.0,12375000.0,
Philadelphia 76ers_2003,2,garneke01_2003,4.5973,4.5973,0.0,vanhoke01,25200000.0,12072500.0,
Philadelphia 76ers_2003,3,kiddja01_2003,4.4959,4.4959,0.0,snower01,9265000.0,4125000.0,
Philadelphia 76ers_2003,4,nowitdi01_2003,3.9436,3.914,0.0296,vanhoke01,10067750.0,12072500.0,
Philadelphia 76ers_2003,5,duncati01_2003,3.9176,3.9176,0.0,vanhoke01,12072500.0,12072500.0,
Philadelphia 76ers_2003,6,onealsh01_2003,3.6538,3.3455,0.3083,vanhoke01,23571429.0,12072500.0,
Philadelphia 76ers_2003,7,barryjo01_2003,2.971,2.971,0.0,snower01,3175000.0,4125000.0,
Philadelphia 76ers_2003,8,stockjo01_2003,2.8602,2.8602,0.0,snower01,7875000.0,4125000.0,
Philadelphia 76ers_2003,9,bryanko01_2003,2.6446,2.6446,0.0,mckieaa01,12375000.0,4500000.0,
Philadelphia 76ers_2003,10,billuch01_2003,2.4725,2.5492,-0.0767,snower01,4546000.0,4125000.0,
Phoenix Suns_2003,1,garneke01_2003,5.8357,6.1303,-0.2946,stoudam01,25200000.0,1767120.0,
Phoenix Suns_2003,2,mcgratr01_2003,5.736,5.736,0.0,johnsjo02,12072500.0,1729560.0,
Phoenix Suns_2003,3,duncati01_2003,5.0829,5.3775,-0.2946,stoudam01,12072500.0,1767120.0,
Phoenix Suns_2003,4,nowitdi01_2003,5.0402,5.3736,-0.3333,stoudam01,10067750.0,1767120.0,
Phoenix Suns_2003,5,onealsh01_2003,4.744,4.744,0.0,stoudam01,23571429.0,1767120.0,
Phoenix Suns_2003,6,kiddja01_2003,4.2514,4.0759,0.1756,johnsjo02,9265000.0,1729560.0,
Phoenix Suns_2003,7,bryanko01_2003,3.8743,3.8743,0.0,johnsjo02,12375000.0,1729560.0,
Phoenix Suns_2003,8,wallabe01_2003,3.3696,3.3696,0.0,stoudam01,5200000.0,1767120.0,
Phoenix Suns_2003,9,sabonar01_2003,3.2078,3.5024,-0.2946,stoudam01,6850000.0,1767120.0,
Phoenix Suns_2003,10,barryjo01_2003,3.1467,2.9712,0.1756,johnsjo02,3175000.0,1729560.0,
Portland Trail Blazers_2003,1,mcgratr01_2003,5.6217,5.6918,-0.0701,wellsbo01,12072500.0,6300000.0,
Portland Trail Blazers_2003,2,garneke01_2003,3.9237,4.2416,-0.3179,davisda01,25200000.0,8055000.0,
Portland Trail Blazers_2003,3,bryanko01_2003,3.6131,3.6833,-0.0701,wellsbo01,12375000.0,6300000.0,
Portland Trail Blazers_2003,4,nowitdi01_2003,3.3774,3.5827,-0.2053,davisda01,10067750.0,8055000.0,
Portland Trail Blazers_2003,5,duncati01_2003,3.2683,3.5862,-0.3179,davisda01,12072500.0,8055000.0,
Portland Trail Blazers_2003,6,kiddja01_2003,3.2363,3.2703,-0.034,mcinnje01,9265000.0,3000000.0,
Portland Trail Blazers_2003,7,onealsh01_2003,3.0345,3.0345,0.0,davisda01,23571429.0,8055000.0,
Portland Trail Blazers_2003,8,kirilan01_2003,2.9814,2.9814,0.0,wellsbo01,893400.0,6300000.0,
Portland Trail Blazers_2003,9,piercpa01_2003,2.7897,2.8598,-0.0701,wellsbo01,10067750.0,6300000.0,
Portland Trail Blazers_2003,10,mariosh01_2003,2.7287,2.7988,-0.0701,wellsbo01,2265375.0,6300000.0,
Sacramento Kings_2003,1,mcgratr01_2003,4.0493,4.1385,-0.0892,chrisdo01,12072500.0,6250000.0,
Sacramento Kings_2003,2,garneke01_2003,3.6179,3.6179,0.0,webbech01,25200000.0,14343750.0,
Sacramento Kings_2003,3,duncati01_2003,2.8975,2.8556,0.0419,clarkke01,12072500.0,4546000.0,
Sacramento Kings_2003,4,nowitdi01_2003,2.8898,2.8529,0.037,clarkke01,10067750.0,4546000.0,
Sacramento Kings_2003,5,onealsh01_2003,2.6794,2.4271,0.2524,clarkke01,23571429.0,4546000.0,
Sacramento Kings_2003,6,kiddja01_2003,2.2457,2.2125,0.0332,bibbymi01,9265000.0,8500000.0,
Sacramento Kings_2003,7,bryanko01_2003,2.194,2.194,0.0,jacksji01,12375000.0,791341.0,
Sacramento Kings_2003,8,kirilan01_2003,1.9133,1.8268,0.0865,jacksji01,893400.0,791341.0,
Sacramento Kings_2003,9,piercpa01_2003,1.7632,1.7632,0.0,jacksji01,10067750.0,791341.0,
Sacramento Kings_2003,10,wallabe01_2003,1.75,1.4976,0.2524,clarkke01,5200000.0,4546000.0,
San Antonio Spurs_2003,1,mcgratr01_2003,5.2364,5.3164,-0.08,bowenbr01,12072500.0,3550000.0,
San Antonio Spurs_2003,2,garneke01_2003,4.0934,4.0934,0.0,rosema01,25200000.0,4370000.0,
San Antonio Spurs_2003,3,kiddja01_2003,3.8135,3.8135,0.0,parketo01,9265000.0,800400.0,
San Antonio Spurs_2003,4,nowitdi01_2003,3.6326,3.5194,0.1132,rosema01,10067750.0,4370000.0,
San Antonio Spurs_2003,5,onealsh01_2003,3.3071,3.0418,0.2652,rosema01,23571429.0,4370000.0,
San Antonio Spurs_2003,6,bryanko01_2003,3.1293,3.2093,-0.08,bowenbr01,12375000.0,3550000.0,
San Antonio Spurs_2003,7,kirilan01_2003,2.5291,2.4283,0.1007,rosema01,893400.0,4370000.0,
San Antonio Spurs_2003,8,barryjo01_2003,2.4427,2.4427,0.0,parketo01,3175000.0,800400.0,
San Antonio Spurs_2003,9,mariosh01_2003,2.3941,2.2809,0.1132,rosema01,2265375.0,4370000.0,
San Antonio Spurs_2003,10,stockjo01_2003,2.3431,2.3431,0.0,parketo01,7875000.0,800400.0,
Seattle SuperSonics_2003,1,garneke01_2003,6.0851,6.0851,0.0,lewisra02,25200000.0,6233766.0,
Seattle SuperSonics_2003,2,nowitdi01_2003,5.2974,5.1948,0.1026,lewisra02,10067750.0,6233766.0,
Seattle SuperSonics_2003,3,mcgratr01_2003,4.5838,4.5482,0.0357,masonde01,12072500.0,1235880.0,
Seattle SuperSonics_2003,4,duncati01_2003,4.512,4.5021,0.0099,drobnpr01,12072500.0,526413.0,
Seattle SuperSonics_2003,5,onealsh01_2003,4.2727,4.0154,0.2573,drobnpr01,23571429.0,526413.0,
Seattle SuperSonics_2003,6,kirilan01_2003,3.7551,3.5024,0.2527,lewisra02,893400.0,6233766.0,
Seattle SuperSonics_2003,7,mariosh01_2003,3.3762,3.2736,0.1026,lewisra02,2265375.0,6233766.0,
Seattle SuperSonics_2003,8,wallabe01_2003,3.217,2.9596,0.2573,drobnpr01,5200000.0,526413.0,
Seattle SuperSonics_2003,9,bryanko01_2003,3.0747,3.039,0.0357,masonde01,12375000.0,1235880.0,
Seattle SuperSonics_2003,10,sabonar01_2003,3.0716,3.0617,0.0099,drobnpr01,6850000.0,526413.0,
Toronto Raptors_2003,1,mcgratr01_2003,7.5756,7.7169,-0.1412,petermo01,12072500.0,1033320.0,
Toronto Raptors_2003,2,bryanko01_2003,5.1276,5.2688,-0.1412,petermo01,12375000.0,1033320.0,
Toronto Raptors_2003,3,kirilan01_2003,4.4833,4.4134,0.0699,petermo01,893400.0,1033320.0,
Toronto Raptors_2003,4,garneke01_2003,4.4585,4.4585,0.0,davisan01,25200000.0,12000000.0,
Toronto Raptors_2003,5,piercpa01_2003,4.124,4.2653,-0.1412,petermo01,10067750.0,1033320.0,
Toronto Raptors_2003,6,mariosh01_2003,4.0497,4.1909,-0.1412,petermo01,2265375.0,1033320.0,
Toronto Raptors_2003,7,kiddja01_2003,4.0401,3.9623,0.0778,willial02,9265000.0,5350000.0,
Toronto Raptors_2003,8,barryjo01_2003,4.0367,4.0813,-0.0445,petermo01,3175000.0,1033320.0,
Toronto Raptors_2003,9,nowitdi01_2003,3.9184,3.9026,0.0158,davisan01,10067750.0,12000000.0,
Toronto Raptors_2003,10,duncati01_2003,3.9056,3.9056,0.0,davisan01,12072500.0,12000000.0,
Utah Jazz_2003,1,mcgratr01_2003,6.4957,6.3156,0.1801,cheanca01,12072500.0,1000000.0,
Utah Jazz_2003,2,kiddja01_2003,4.759,4.6035,0.1555,cheanca01,9265000.0,1000000.0,
Utah Jazz_2003,3,bryanko01_2003,4.5758,4.3957,0.1801,cheanca01,12375000.0,1000000.0,
Utah Jazz_2003,4,piercpa01_2003,3.7887,3.6086,0.1801,cheanca01,10067750.0,1000000.0,
Utah Jazz_2003,5,garneke01_2003,3.7612,3.7612,0.0,malonka01,25200000.0,19250000.0,
Utah Jazz_2003,6,barryjo01_2003,3.6198,3.4643,0.1555,cheanca01,3175000.0,1000000.0,
Utah Jazz_2003,7,jonesed02_2003,3.4535,3.2733,0.1801,cheanca01,11212500.0,1000000.0,
Utah Jazz_2003,8,allenra02_2003,3.2972,3.1171,0.1801,cheanca01,12375000.0,1000000.0,
Utah Jazz_2003,9,cartevi01_2003,3.289,3.1089,0.1801,cheanca01,10067750.0,1000000.0,
Utah Jazz_2003,10,reddmi01_2003,3.2037,2.9576,0.2461,cheanca01,3000000.0,1000000.0,
Memphis Grizzlies_2003,1,garneke01_2003,5.3193,5.3193,0.0,wrighlo02,25200000.0,6050000.0,
Memphis Grizzlies_2003,2,nowitdi01_2003,4.8067,4.7441,0.0626,wrighlo02,10067750.0,6050000.0,
Memphis Grizzlies_2003,3,duncati01_2003,4.7471,4.7471,0.0,wrighlo02,12072500.0,6050000.0,
Memphis Grizzlies_2003,4,onealsh01_2003,4.5458,4.2655,0.2803,wrighlo02,23571429.0,6050000.0,
Memphis Grizzlies_2003,5,mcgratr01_2003,4.4844,4.5462,-0.0618,persowe01,12072500.0,7000000.0,
Memphis Grizzlies_2003,6,wallabe01_2003,3.5011,3.2208,0.2803,wrighlo02,5200000.0,6050000.0,
Memphis Grizzlies_2003,7,kiddja01_2003,3.3583,3.3583,-0.0,willija02,9265000.0,5500000.0,
Memphis Grizzlies_2003,8,sabonar01_2003,3.3217,3.3217,0.0,wrighlo02,6850000.0,6050000.0,
Memphis Grizzlies_2003,9,robinda01_2003,2.8726,2.5923,0.2803,wrighlo02,10500000.0,6050000.0,
Memphis Grizzlies_2003,10,bryanko01_2003,2.8579,2.9198,-0.0618,persowe01,12375000.0,7000000.0,
Washington Wizards_2003,1,mcgratr01_2003,5.7413,5.7413,0.0,jordami01,12072500.0,1030000.0,
Washington Wizards_2003,2,garneke01_2003,4.304,4.2742,0.0297,brownkw01,25200000.0,3974760.0,
Washington Wizards_2003,3,duncati01_2003,3.7873,3.7576,0.0297,brownkw01,12072500.0,3974760.0,
Washington Wizards_2003,4,nowitdi01_2003,3.7351,3.7548,-0.0198,brownkw01,10067750.0,3974760.0,
Washington Wizards_2003,5,kiddja01_2003,3.708,3.6001,0.1079,luety01,9265000.0,1870000.0,
Washington Wizards_2003,6,onealsh01_2003,3.5096,3.3227,0.1869,brownkw01,23571429.0,3974760.0,
Washington Wizards_2003,7,bryanko01_2003,3.3422,3.3422,0.0,stackje01,12375000.0,6375000.0,
Washington Wizards_2003,8,kirilan01_2003,2.8131,2.5383,0.2749,stackje01,893400.0,6375000.0,
Washington Wizards_2003,9,barryjo01_2003,2.7328,2.6249,0.1079,luety01,3175000.0,1870000.0,
Washington Wizards_2003,10,stockjo01_2003,2.6619,2.554,0.1079,luety01,7875000.0,1870000.0,
Detroit Pistons_2003,1,mcgratr01_2003,5.8546,5.8546,0.0,hamilri01,12072500.0,2681783.0,
Detroit Pistons_2003,2,garneke01_2003,5.5895,5.7134,-0.1239,robincl02,25200000.0,8421875.0,
Detroit Pistons_2003,3,duncati01_2003,4.7659,4.8899,-0.1239,robincl02,12072500.0,8421875.0,
Detroit Pistons_2003,4,nowitdi01_2003,4.7338,4.8855,-0.1517,robincl02,10067750.0,8421875.0,
Detroit Pistons_2003,5,onealsh01_2003,4.3198,4.1967,0.1231,robincl02,23571429.0,8421875.0,
Detroit Pistons_2003,6,bryanko01_2003,3.6598,3.6598,0.0,hamilri01,12375000.0,2681783.0,
Detroit Pistons_2003,7,kirilan01_2003,3.3897,3.3118,0.0779,robincl02,893400.0,8421875.0,
Detroit Pistons_2003,8,piercpa01_2003,3.0051,3.0416,-0.0365,currymi01,10067750.0,2600000.0,
Detroit Pistons_2003,9,mariosh01_2003,2.9661,3.0026,-0.0365,currymi01,2265375.0,2600000.0,
Detroit Pistons_2003,10,jonesed02_2003,2.7807,2.8172,-0.0365,currymi01,11212500.0,2600000.0,
Atlanta Hawks_2004,1,garneke01_2004,6.6262,6.7528,-0.1267,jacksst02,28000000.0,1000000.0,
Atlanta Hawks_2004,2,kirilan01_2004,5.2864,5.217,0.0693,jacksst02,955800.0,1000000.0,
Atlanta Hawks_2004,3,davisba01_2004,3.7572,3.7572,-0.0,terryja01,10960000.0,8333333.0,
Atlanta Hawks_2004,4,mcgratr01_2004,3.7171,3.8092,-0.0921,terryja01,13279750.0,8333333.0,
Atlanta Hawks_2004,5,kiddja01_2004,3.3971,3.3971,-0.0,terryja01,13152000.0,8333333.0,
Atlanta Hawks_2004,6,bryanko01_2004,3.2947,3.3869,-0.0921,terryja01,13500000.0,8333333.0,
Atlanta Hawks_2004,7,duncati01_2004,2.9696,2.9696,0.0,abdursh01,12676125.0,13500000.0,
Atlanta Hawks_2004,8,cassesa01_2004,2.9681,3.0602,-0.0921,terryja01,5062500.0,8333333.0,
Atlanta Hawks_2004,9,ginobma01_2004,2.838,2.838,-0.0,terryja01,1457500.0,8333333.0,
Atlanta Hawks_2004,10,artesro01_2004,2.6794,2.6794,0.0,jacksst02,5473684.0,1000000.0,
Boston Celtics_2004,1,garneke01_2004,5.446,5.5552,-0.1092,blounma01,28000000.0,944922.0,
Boston Celtics_2004,2,duncati01_2004,4.3831,4.4924,-0.1092,blounma01,12676125.0,944922.0,
Boston Celtics_2004,3,kirilan01_2004,3.4706,3.4616,0.009,mccarwa01,955800.0,1200000.0,
Boston Celtics_2004,4,onealsh01_2004,3.2795,2.9553,0.3243,blounma01,24749999.0,944922.0,
Boston Celtics_2004,5,davisba01_2004,3.1636,3.1636,0.0,welscji01,10960000.0,1326600.0,
Boston Celtics_2004,6,mcgratr01_2004,3.0621,3.2016,-0.1394,welscji01,13279750.0,1326600.0,
Boston Celtics_2004,7,kiddja01_2004,2.9011,2.9011,0.0,welscji01,13152000.0,1326600.0,
Boston Celtics_2004,8,bryanko01_2004,2.7542,2.8936,-0.1394,welscji01,13500000.0,1326600.0,
Boston Celtics_2004,9,cassesa01_2004,2.516,2.6555,-0.1394,welscji01,5062500.0,1326600.0,
Boston Celtics_2004,10,wallabe01_2004,2.5014,2.1771,0.3243,blounma01,5500000.0,944922.0,
Cleveland Cavaliers_2004,1,duncati01_2004,4.7319,4.7319,0.0,ilgauzy01,12676125.0,13500000.0,
Cleveland Cavaliers_2004,2,garneke01_2004,4.5169,4.5169,-0.0,boozeca01,28000000.0,563679.0,
Cleveland Cavaliers_2004,3,onealsh01_2004,3.3535,3.0996,0.254,ilgauzy01,24749999.0,13500000.0,
Cleveland Cavaliers_2004,4,kirilan01_2004,3.3151,3.1491,0.166,boozeca01,955800.0,563679.0,
Cleveland Cavaliers_2004,5,mcgratr01_2004,3.0496,3.0496,0.0,jamesle01,13279750.0,4018920.0,
Cleveland Cavaliers_2004,6,davisba01_2004,2.9336,2.995,-0.0615,jamesle01,10960000.0,4018920.0,
Cleveland Cavaliers_2004,7,bryanko01_2004,2.6068,2.6068,0.0,jamesle01,13500000.0,4018920.0,
Cleveland Cavaliers_2004,8,kiddja01_2004,2.5561,2.6175,-0.0615,jamesle01,13152000.0,4018920.0,
Cleveland Cavaliers_2004,9,wallabe01_2004,2.5272,2.2732,0.254,ilgauzy01,5500000.0,13500000.0,
Cleveland Cavaliers_2004,10,nowitdi01_2004,2.3847,2.3847,0.0,ilgauzy01,11326219.0,13500000.0,
New Orleans Hornets_2004,1,garneke01_2004,5.7113,5.6454,0.066,brownpj01,28000000.0,8000000.0,
New Orleans Hornets_2004,2,duncati01_2004,5.6502,6.1067,-0.4565,magloja01,12676125.0,1726771.0,
New Orleans Hornets_2004,3,kirilan01_2004,4.498,4.2103,0.2877,brownpj01,955800.0,8000000.0,
New Orleans Hornets_2004,4,onealsh01_2004,4.3423,4.3423,0.0,magloja01,24749999.0,1726771.0,
New Orleans Hornets_2004,5,wallabe01_2004,3.4491,3.4491,0.0,magloja01,5500000.0,1726771.0,
New Orleans Hornets_2004,6,mcgratr01_2004,3.1556,3.1767,-0.021,wesleda01,13279750.0,3960000.0,
New Orleans Hornets_2004,7,nowitdi01_2004,3.1131,3.5696,-0.4565,magloja01,11326219.0,1726771.0,
New Orleans Hornets_2004,8,bryanko01_2004,2.8735,2.8946,-0.021,wesleda01,13500000.0,3960000.0,
New Orleans Hornets_2004,9,millebr01_2004,2.8296,3.2861,-0.4565,magloja01,7000000.0,1726771.0,
New Orleans Hornets_2004,10,fosteje01_2004,2.6097,2.6097,0.0,magloja01,4000000.0,1726771.0,
Chicago Bulls_2004,1,garneke01_2004,6.0437,6.0909,-0.0472,curryed01,28000000.0,3080160.0,
Chicago Bulls_2004,2,duncati01_2004,5.0926,5.1397,-0.0472,curryed01,12676125.0,3080160.0,
Chicago Bulls_2004,3,kirilan01_2004,5.0479,4.9661,0.0818,curryed01,955800.0,3080160.0,
Chicago Bulls_2004,4,onealsh01_2004,4.0062,3.7641,0.242,curryed01,24749999.0,3080160.0,
Chicago Bulls_2004,5,mcgratr01_2004,3.6223,3.5867,0.0357,hinriki01,13279750.0,2185920.0,
Chicago Bulls_2004,6,davisba01_2004,3.54,3.54,-0.0,hinriki01,10960000.0,2185920.0,
Chicago Bulls_2004,7,wallabe01_2004,3.3098,3.0678,0.242,curryed01,5500000.0,3080160.0,
Chicago Bulls_2004,8,bryanko01_2004,3.2438,3.2082,0.0357,hinriki01,13500000.0,2185920.0,
Chicago Bulls_2004,9,kiddja01_2004,3.2174,3.2174,-0.0,hinriki01,13152000.0,2185920.0,
Chicago Bulls_2004,10,nowitdi01_2004,3.1145,3.1617,-0.0472,curryed01,11326219.0,3080160.0,
Dallas Mavericks_2004,1,garneke01_2004,6.5644,6.6877,-0.1233,walkean02,28000000.0,13500000.0,
Dallas Mavericks_2004,2,duncati01_2004,5.309,5.4324,-0.1233,walkean02,12676125.0,13500000.0,
Dallas Mavericks_2004,3,kirilan01_2004,5.2033,5.2033,0.0,walkean02,955800.0,13500000.0,
Dallas Mavericks_2004,4,wallabe01_2004,2.9359,2.6978,0.2381,walkean02,5500000.0,13500000.0,
Dallas Mavericks_2004,5,stojape01_2004,2.6609,2.6194,0.0415,walkean02,6250000.0,13500000.0,
Dallas Mavericks_2004,6,cardibr01_2004,2.4899,2.4899,0.0,walkean02,663679.0,13500000.0,
Dallas Mavericks_2004,7,millebr01_2004,2.4067,2.53,-0.1233,walkean02,7000000.0,13500000.0,
Dallas Mavericks_2004,8,turkohe01_2004,2.3994,2.3578,0.0415,walkean02,1995611.0,13500000.0,
Dallas Mavericks_2004,9,mcgratr01_2004,2.3485,2.4238,-0.0754,finlemi01,13279750.0,13281250.0,
Dallas Mavericks_2004,10,davisba01_2004,2.1834,2.376,-0.1926,finlemi01,10960000.0,13281250.0,
Denver Nuggets_2004,1,garneke01_2004,6.8138,7.0868,-0.273,anthoca01,28000000.0,3229200.0,
Denver Nuggets_2004,2,kirilan01_2004,5.5112,5.5112,-0.0,anthoca01,955800.0,3229200.0,
Denver Nuggets_2004,3,duncati01_2004,3.5422,3.9324,-0.3901,hilarne01,12676125.0,2102840.0,
Denver Nuggets_2004,4,bryanko01_2004,3.4788,3.6271,-0.1483,anthoca01,13500000.0,3229200.0,
Denver Nuggets_2004,5,davisba01_2004,3.4565,3.4237,0.0328,lenarvo01,10960000.0,1200000.0,
Denver Nuggets_2004,6,mcgratr01_2004,3.4084,3.4626,-0.0543,lenarvo01,13279750.0,1200000.0,
Denver Nuggets_2004,7,ginobma01_2004,3.1537,3.0761,0.0776,anthoca01,1457500.0,3229200.0,
Denver Nuggets_2004,8,millere01_2004,2.7661,2.8351,-0.069,anthoca01,5000000.0,3229200.0,
Denver Nuggets_2004,9,artesro01_2004,2.7596,2.9079,-0.1483,anthoca01,5473684.0,3229200.0,
Denver Nuggets_2004,10,cartevi01_2004,2.7527,2.901,-0.1483,anthoca01,11326219.0,3229200.0,
Golden State Warriors_2004,1,garneke01_2004,6.9685,7.1502,-0.1817,robincl02,28000000.0,4700000.0,
Golden State Warriors_2004,2,kirilan01_2004,5.7197,5.6719,0.0478,robincl02,955800.0,4700000.0,
Golden State Warriors_2004,3,duncati01_2004,5.7183,5.9,-0.1817,robincl02,12676125.0,4700000.0,
Golden State Warriors_2004,4,onealsh01_2004,4.2337,4.092,0.1417,robincl02,24749999.0,4700000.0,
Golden State Warriors_2004,5,mcgratr01_2004,3.3918,3.2965,0.0953,cheanca01,13279750.0,1070000.0,
Golden State Warriors_2004,6,davisba01_2004,3.3892,3.2945,0.0947,richaja01,10960000.0,2789280.0,
Golden State Warriors_2004,7,wallabe01_2004,3.3184,3.1767,0.1417,robincl02,5500000.0,4700000.0,
Golden State Warriors_2004,8,nowitdi01_2004,3.1184,3.3002,-0.1817,robincl02,11326219.0,4700000.0,
Golden State Warriors_2004,9,bryanko01_2004,3.1053,3.0101,0.0953,cheanca01,13500000.0,1070000.0,
Golden State Warriors_2004,10,millebr01_2004,2.8279,3.0096,-0.1817,robincl02,7000000.0,4700000.0,
Houston Rockets_2004,1,garneke01_2004,5.6237,5.6237,0.0,tayloma01,28000000.0,7800000.0,
Houston Rockets_2004,2,kirilan01_2004,4.8953,4.9355,-0.0403,jacksji01,955800.0,2200000.0,
Houston Rockets_2004,3,duncati01_2004,4.7223,4.7223,0.0,tayloma01,12676125.0,7800000.0,
Houston Rockets_2004,4,onealsh01_2004,3.724,3.4188,0.3052,tayloma01,24749999.0,7800000.0,
Houston Rockets_2004,5,mcgratr01_2004,3.3705,3.3705,0.0,moblecu01,13279750.0,5394125.0,
Houston Rockets_2004,6,davisba01_2004,3.3701,3.3148,0.0552,moblecu01,10960000.0,5394125.0,
Houston Rockets_2004,7,wallabe01_2004,3.0641,2.759,0.3052,tayloma01,5500000.0,7800000.0,
Houston Rockets_2004,8,bryanko01_2004,2.9187,2.9187,0.0,moblecu01,13500000.0,5394125.0,
Houston Rockets_2004,9,nowitdi01_2004,2.848,2.848,0.0,tayloma01,11326219.0,7800000.0,
Houston Rockets_2004,10,cardibr01_2004,2.7815,2.6097,0.1718,tayloma01,663679.0,7800000.0,
Los Angeles Clippers_2004,1,duncati01_2004,4.8281,4.8963,-0.0682,kamanch01,12676125.0,2394600.0,
Los Angeles Clippers_2004,2,garneke01_2004,4.2557,4.2557,0.0,brandel01,28000000.0,10960000.0,
Los Angeles Clippers_2004,3,onealsh01_2004,3.9562,3.7317,0.2245,kamanch01,24749999.0,2394600.0,
Los Angeles Clippers_2004,4,kirilan01_2004,3.6942,3.5814,0.1128,maggeco01,955800.0,7000000.0,
Los Angeles Clippers_2004,5,davisba01_2004,3.4448,3.3991,0.0457,richaqu01,10960000.0,1805735.0,
Los Angeles Clippers_2004,6,mcgratr01_2004,3.4402,3.4402,-0.0,richaqu01,13279750.0,1805735.0,
Los Angeles Clippers_2004,7,wallabe01_2004,3.3666,3.1421,0.2245,kamanch01,5500000.0,2394600.0,
Los Angeles Clippers_2004,8,nowitdi01_2004,3.1534,3.2216,-0.0682,kamanch01,11326219.0,2394600.0,
Los Angeles Clippers_2004,9,bryanko01_2004,3.1062,3.1062,-0.0,richaqu01,13500000.0,1805735.0,
Los Angeles Clippers_2004,10,millebr01_2004,2.9663,3.0345,-0.0682,kamanch01,7000000.0,2394600.0,
Los Angeles Lakers_2004,1,garneke01_2004,4.4994,4.5876,-0.0883,georgde01,28000000.0,4546000.0,
Los Angeles Lakers_2004,2,kirilan01_2004,3.6206,3.5671,0.0535,georgde01,955800.0,4546000.0,
Los Angeles Lakers_2004,3,duncati01_2004,3.5151,3.5047,0.0103,medvest01,12676125.0,1540000.0,
Los Angeles Lakers_2004,4,davisba01_2004,2.4175,2.3255,0.092,paytoga01,10960000.0,4917000.0,
Los Angeles Lakers_2004,5,mcgratr01_2004,2.3298,2.3673,-0.0375,fishede01,13279750.0,3000000.0,
Los Angeles Lakers_2004,6,wallabe01_2004,2.3263,2.1501,0.1762,medvest01,5500000.0,1540000.0,
Los Angeles Lakers_2004,7,nowitdi01_2004,2.2218,2.2115,0.0103,medvest01,11326219.0,1540000.0,
Los Angeles Lakers_2004,8,cardibr01_2004,2.1872,2.0471,0.1401,medvest01,663679.0,1540000.0,
Los Angeles Lakers_2004,9,kiddja01_2004,2.1313,2.1313,0.0,fishede01,13152000.0,3000000.0,
Los Angeles Lakers_2004,10,millebr01_2004,2.0773,2.0669,0.0103,medvest01,7000000.0,1540000.0,
Miami Heat_2004,1,garneke01_2004,6.2742,6.202,0.0722,grantbr01,28000000.0,12130648.0,
Miami Heat_2004,2,duncati01_2004,5.2554,5.1832,0.0722,grantbr01,12676125.0,12130648.0,
Miami Heat_2004,3,kirilan01_2004,4.5595,4.4152,0.1442,butleca01,955800.0,1804680.0,
Miami Heat_2004,4,onealsh01_2004,4.1093,3.7099,0.3994,grantbr01,24749999.0,12130648.0,
Miami Heat_2004,5,mcgratr01_2004,3.5501,3.4343,0.1158,butleca01,13279750.0,1804680.0,
Miami Heat_2004,6,wallabe01_2004,3.3634,2.9641,0.3994,grantbr01,5500000.0,12130648.0,
Miami Heat_2004,7,bryanko01_2004,3.2652,3.1494,0.1158,butleca01,13500000.0,1804680.0,
Miami Heat_2004,8,nowitdi01_2004,3.1368,3.0647,0.0722,grantbr01,11326219.0,12130648.0,
Miami Heat_2004,9,millebr01_2004,2.9001,2.8279,0.0722,grantbr01,7000000.0,12130648.0,
Miami Heat_2004,10,ginobma01_2004,2.8514,2.7792,0.0722,butleca01,1457500.0,1804680.0,
Milwaukee Bucks_2004,1,garneke01_2004,5.1075,5.1075,0.0,smithjo02,28000000.0,5445600.0,
Milwaukee Bucks_2004,2,kirilan01_2004,4.1622,3.9361,0.2261,smithjo02,955800.0,5445600.0,
Milwaukee Bucks_2004,3,duncati01_2004,4.1168,4.1168,0.0,smithjo02,12676125.0,5445600.0,
Milwaukee Bucks_2004,4,onealsh01_2004,3.055,2.6842,0.3708,smithjo02,24749999.0,5445600.0,
Milwaukee Bucks_2004,5,mcgratr01_2004,2.7684,2.8835,-0.1152,masonde01,13279750.0,1898312.0,
Milwaukee Bucks_2004,6,davisba01_2004,2.6431,2.6287,0.0144,reddmi01,10960000.0,3000000.0,
Milwaukee Bucks_2004,7,bryanko01_2004,2.4098,2.525,-0.1152,masonde01,13500000.0,1898312.0,
Milwaukee Bucks_2004,8,kiddja01_2004,2.3492,2.3492,-0.0,jonesda01,13152000.0,751179.0,
Milwaukee Bucks_2004,9,wallabe01_2004,2.3297,1.9589,0.3708,smithjo02,5500000.0,5445600.0,
Milwaukee Bucks_2004,10,cassesa01_2004,2.0888,2.121,-0.0322,jonesda01,5062500.0,751179.0,
Minnesota Timberwolves_2004,1,kirilan01_2004,5.9117,5.7361,0.1756,sprewla01,955800.0,13500000.0,
Minnesota Timberwolves_2004,2,mcgratr01_2004,4.2247,4.2247,0.0,sprewla01,13279750.0,13500000.0,
Minnesota Timberwolves_2004,3,bryanko01_2004,3.7857,3.7857,0.0,sprewla01,13500000.0,13500000.0,
Minnesota Timberwolves_2004,4,davisba01_2004,3.5638,3.5391,0.0247,hassetr01,10960000.0,638679.0,
Minnesota Timberwolves_2004,5,ginobma01_2004,3.2713,3.2153,0.056,sprewla01,1457500.0,13500000.0,
Minnesota Timberwolves_2004,6,artesro01_2004,3.0412,3.0412,0.0,sprewla01,5473684.0,13500000.0,
Minnesota Timberwolves_2004,7,cartevi01_2004,3.0341,3.0341,0.0,sprewla01,11326219.0,13500000.0,
Minnesota Timberwolves_2004,8,millere01_2004,3.0246,2.9658,0.0588,sprewla01,5000000.0,13500000.0,
Minnesota Timberwolves_2004,9,allenra02_2004,3.0215,3.0215,0.0,sprewla01,13500000.0,13500000.0,
Minnesota Timberwolves_2004,10,stojape01_2004,2.9559,2.8971,0.0588,sprewla01,6250000.0,13500000.0,
New Jersey Nets_2004,1,garneke01_2004,5.2068,5.3808,-0.1739,jefferi01,28000000.0,1586280.0,
New Jersey Nets_2004,2,duncati01_2004,4.3614,4.4707,-0.1093,collija04,12676125.0,1227480.0,
New Jersey Nets_2004,3,kirilan01_2004,3.7352,3.7352,-0.0,jefferi01,955800.0,1586280.0,
New Jersey Nets_2004,4,onealsh01_2004,3.2559,3.0552,0.2007,collija04,24749999.0,1227480.0,
New Jersey Nets_2004,5,mcgratr01_2004,2.558,2.5704,-0.0124,kittlke01,13279750.0,9266666.0,
New Jersey Nets_2004,6,wallabe01_2004,2.5394,2.3387,0.2007,collija04,5500000.0,1227480.0,
New Jersey Nets_2004,7,davisba01_2004,2.3839,2.5206,-0.1368,kittlke01,10960000.0,9266666.0,
New Jersey Nets_2004,8,nowitdi01_2004,2.326,2.4353,-0.1093,collija04,11326219.0,1227480.0,
New Jersey Nets_2004,9,bryanko01_2004,2.1541,2.1665,-0.0124,kittlke01,13500000.0,9266666.0,
New Jersey Nets_2004,10,millebr01_2004,2.0986,2.2078,-0.1093,collija04,7000000.0,1227480.0,
New York Knicks_2004,1,garneke01_2004,5.8686,5.9122,-0.0436,thomaku01,28000000.0,5394125.0,
New York Knicks_2004,2,kirilan01_2004,4.7664,4.5783,0.188,thomaku01,955800.0,5394125.0,
New York Knicks_2004,3,duncati01_2004,4.7406,4.7842,-0.0436,thomaku01,12676125.0,5394125.0,
New York Knicks_2004,4,onealsh01_2004,3.5377,3.1528,0.3849,thomaku01,24749999.0,5394125.0,
New York Knicks_2004,5,mcgratr01_2004,3.3953,3.4645,-0.0692,andersh01,13279750.0,6700000.0,
New York Knicks_2004,6,davisba01_2004,3.3671,3.4302,-0.0631,andersh01,10960000.0,6700000.0,
New York Knicks_2004,7,bryanko01_2004,3.1167,3.1859,-0.0692,andersh01,13500000.0,6700000.0,
New York Knicks_2004,8,ginobma01_2004,2.7608,2.8239,-0.0631,andersh01,1457500.0,6700000.0,
New York Knicks_2004,9,wallabe01_2004,2.7119,2.327,0.3849,thomaku01,5500000.0,5394125.0,
New York Knicks_2004,10,millere01_2004,2.6491,2.6655,-0.0164,andersh01,5000000.0,6700000.0,
Orlando Magic_2004,1,garneke01_2004,8.2905,8.2905,0.0,howarju01,28000000.0,4917000.0,
Orlando Magic_2004,2,kirilan01_2004,7.0276,6.7854,0.2422,howarju01,955800.0,4917000.0,
Orlando Magic_2004,3,duncati01_2004,7.0176,7.0176,0.0,howarju01,12676125.0,4917000.0,
Orlando Magic_2004,4,wallabe01_2004,4.6694,4.245,0.4243,howarju01,5500000.0,4917000.0,
Orlando Magic_2004,5,onealsh01_2004,4.5723,4.2708,0.3015,goodedr01,24749999.0,3004560.0,
Orlando Magic_2004,6,davisba01_2004,4.4747,4.4747,-0.0,luety01,10960000.0,1500000.0,
Orlando Magic_2004,7,nowitdi01_2004,4.3707,4.3707,0.0,howarju01,11326219.0,4917000.0,
Orlando Magic_2004,8,stojape01_2004,4.365,4.1656,0.1995,howarju01,6250000.0,4917000.0,
Orlando Magic_2004,9,cardibr01_2004,4.2765,4.0343,0.2422,howarju01,663679.0,4917000.0,
Orlando Magic_2004,10,kiddja01_2004,4.1955,4.1955,-0.0,luety01,13152000.0,1500000.0,
Indiana Pacers_2004,1,garneke01_2004,6.1605,6.1605,0.0,harrial01,28000000.0,5692500.0,
Indiana Pacers_2004,2,kirilan01_2004,5.0971,4.8987,0.1984,harrial01,955800.0,5692500.0,
Indiana Pacers_2004,3,duncati01_2004,5.0934,5.0934,0.0,harrial01,12676125.0,5692500.0,
Indiana Pacers_2004,4,stojape01_2004,2.9155,2.7024,0.2131,harrial01,6250000.0,5692500.0,
Indiana Pacers_2004,5,cardibr01_2004,2.7907,2.5923,0.1984,harrial01,663679.0,5692500.0,
Indiana Pacers_2004,6,turkohe01_2004,2.6931,2.4801,0.2131,harrial01,1995611.0,5692500.0,
Indiana Pacers_2004,7,millebr01_2004,2.6264,2.6264,0.0,harrial01,7000000.0,5692500.0,
Indiana Pacers_2004,8,battish01_2004,2.4684,2.2553,0.2131,harrial01,2533440.0,5692500.0,
Indiana Pacers_2004,9,brandel01_2004,2.3253,2.3253,0.0,harrial01,10960000.0,5692500.0,
Indiana Pacers_2004,10,davisba01_2004,2.2366,2.2366,-0.0,johnsan02,10960000.0,813679.0,
Philadelphia 76ers_2004,1,garneke01_2004,6.5858,6.5858,-0.0,thomake01,28000000.0,5500000.0,
Philadelphia 76ers_2004,2,kirilan01_2004,5.4379,5.1948,0.2431,thomake01,955800.0,5500000.0,
Philadelphia 76ers_2004,3,duncati01_2004,5.4095,5.4095,-0.0,thomake01,12676125.0,5500000.0,
Philadelphia 76ers_2004,4,davisba01_2004,4.3472,4.3472,0.0,snower01,10960000.0,4500000.0,
Philadelphia 76ers_2004,5,onealsh01_2004,4.0517,3.7083,0.3433,thomake01,24749999.0,5500000.0,
Philadelphia 76ers_2004,6,kiddja01_2004,3.9928,3.9928,0.0,snower01,13152000.0,4500000.0,
Philadelphia 76ers_2004,7,cassesa01_2004,3.4949,3.6613,-0.1664,snower01,5062500.0,4500000.0,
Philadelphia 76ers_2004,8,wallabe01_2004,3.1905,2.8471,0.3433,thomake01,5500000.0,5500000.0,
Philadelphia 76ers_2004,9,tinslja01_2004,3.0284,3.0284,0.0,snower01,861600.0,4500000.0,
Philadelphia 76ers_2004,10,nowitdi01_2004,2.9633,2.9633,-0.0,thomake01,11326219.0,5500000.0,
Phoenix Suns_2004,1,mcgratr01_2004,5.299,5.299,0.0,johnsjo02,13279750.0,1850160.0,
Phoenix Suns_2004,2,garneke01_2004,5.2981,5.2981,0.0,mariosh01,28000000.0,10960000.0,
Phoenix Suns_2004,3,davisba01_2004,5.2649,5.2412,0.0237,johnsjo02,10960000.0,1850160.0,
Phoenix Suns_2004,4,bryanko01_2004,4.8296,4.8296,0.0,johnsjo02,13500000.0,1850160.0,
Phoenix Suns_2004,5,ginobma01_2004,4.2432,4.2196,0.0237,johnsjo02,1457500.0,1850160.0,
Phoenix Suns_2004,6,millere01_2004,4.0801,3.9527,0.1274,johnsjo02,5000000.0,1850160.0,
Phoenix Suns_2004,7,artesro01_2004,4.0334,4.0334,0.0,johnsjo02,5473684.0,1850160.0,
Phoenix Suns_2004,8,cartevi01_2004,4.0258,4.0258,0.0,johnsjo02,11326219.0,1850160.0,
Phoenix Suns_2004,9,allenra02_2004,4.0123,4.0123,0.0,johnsjo02,13500000.0,1850160.0,
Phoenix Suns_2004,10,kirilan01_2004,3.8647,3.6174,0.2473,mariosh01,955800.0,10960000.0,
Portland Trail Blazers_2004,1,garneke01_2004,7.3689,7.3689,-0.0,randoza01,28000000.0,1172160.0,
Portland Trail Blazers_2004,2,duncati01_2004,6.02,6.02,-0.0,randoza01,12676125.0,1172160.0,
Portland Trail Blazers_2004,3,kirilan01_2004,5.9986,5.7739,0.2247,randoza01,955800.0,1172160.0,
Portland Trail Blazers_2004,4,onealsh01_2004,4.5303,4.0693,0.461,randoza01,24749999.0,1172160.0,
Portland Trail Blazers_2004,5,davisba01_2004,4.0207,4.0207,-0.0,stoudda01,10960000.0,12375000.0,
Portland Trail Blazers_2004,6,kiddja01_2004,3.6516,3.6516,-0.0,stoudda01,13152000.0,12375000.0,
Portland Trail Blazers_2004,7,wallabe01_2004,3.5428,3.0818,0.461,randoza01,5500000.0,1172160.0,
Portland Trail Blazers_2004,8,cassesa01_2004,3.2954,3.3062,-0.0108,stoudda01,5062500.0,12375000.0,
Portland Trail Blazers_2004,9,nowitdi01_2004,3.215,3.215,-0.0,randoza01,11326219.0,1172160.0,
Portland Trail Blazers_2004,10,cardibr01_2004,3.0831,2.8585,0.2247,randoza01,663679.0,1172160.0,
Sacramento Kings_2004,1,garneke01_2004,4.4348,4.6844,-0.2496,stojape01,28000000.0,6250000.0,
Sacramento Kings_2004,2,duncati01_2004,2.9721,3.1559,-0.1838,divacvl01,12676125.0,12051510.0,
Sacramento Kings_2004,3,mcgratr01_2004,2.9383,2.9777,-0.0393,chrisdo01,13279750.0,6900000.0,
Sacramento Kings_2004,4,kirilan01_2004,2.9292,2.9751,-0.0459,stojape01,955800.0,6250000.0,
Sacramento Kings_2004,5,davisba01_2004,2.929,2.929,-0.0,chrisdo01,10960000.0,6900000.0,
Sacramento Kings_2004,6,bryanko01_2004,2.5429,2.5822,-0.0393,chrisdo01,13500000.0,6900000.0,
Sacramento Kings_2004,7,kiddja01_2004,2.1804,2.1996,-0.0192,bibbymi01,13152000.0,9500000.0,
Sacramento Kings_2004,8,ginobma01_2004,2.0683,2.0683,-0.0,chrisdo01,1457500.0,6900000.0,
Sacramento Kings_2004,9,millere01_2004,1.8745,1.8436,0.0309,chrisdo01,5000000.0,6900000.0,
Sacramento Kings_2004,10,artesro01_2004,1.8722,1.9115,-0.0393,chrisdo01,5473684.0,6900000.0,
San Antonio Spurs_2004,1,kirilan01_2004,4.5351,4.5746,-0.0395,bowenbr01,955800.0,3650000.0,
San Antonio Spurs_2004,2,mcgratr01_2004,3.2247,3.3134,-0.0887,bowenbr01,13279750.0,3650000.0,
San Antonio Spurs_2004,3,garneke01_2004,3.1198,3.1198,-0.0,rosema01,28000000.0,4916250.0,
San Antonio Spurs_2004,4,bryanko01_2004,2.8584,2.9472,-0.0887,bowenbr01,13500000.0,3650000.0,
San Antonio Spurs_2004,5,davisba01_2004,2.8249,2.8249,-0.0,parketo01,10960000.0,856200.0,
San Antonio Spurs_2004,6,onealsh01_2004,2.7783,2.4159,0.3624,nestera01,24749999.0,5600000.0,
San Antonio Spurs_2004,7,kiddja01_2004,2.5163,2.5163,-0.0,parketo01,13152000.0,856200.0,
San Antonio Spurs_2004,8,millere01_2004,2.263,2.263,0.0,bowenbr01,5000000.0,3650000.0,
San Antonio Spurs_2004,9,artesro01_2004,2.2372,2.3259,-0.0887,bowenbr01,5473684.0,3650000.0,
San Antonio Spurs_2004,10,cartevi01_2004,2.2312,2.32,-0.0887,bowenbr01,11326219.0,3650000.0,
Seattle SuperSonics_2004,1,garneke01_2004,5.8162,6.0794,-0.2632,lewisra02,28000000.0,7012987.0,
Seattle SuperSonics_2004,2,kirilan01_2004,4.5984,4.5466,0.0518,lewisra02,955800.0,7012987.0,
Seattle SuperSonics_2004,3,duncati01_2004,3.6842,3.7079,-0.0237,potapvi01,12676125.0,5715000.0,
Seattle SuperSonics_2004,4,davisba01_2004,3.4114,3.2676,0.1438,murraro01,10960000.0,563679.0,
Seattle SuperSonics_2004,5,mcgratr01_2004,3.303,3.303,0.0,murraro01,13279750.0,563679.0,
Seattle SuperSonics_2004,6,kiddja01_2004,3.1666,3.0229,0.1438,murraro01,13152000.0,563679.0,
Seattle SuperSonics_2004,7,bryanko01_2004,3.0159,3.0159,0.0,murraro01,13500000.0,563679.0,
Seattle SuperSonics_2004,8,onealsh01_2004,3.0126,2.8208,0.1918,potapvi01,24749999.0,5715000.0,
Seattle SuperSonics_2004,9,cassesa01_2004,2.7939,2.7939,0.0,murraro01,5062500.0,563679.0,
Seattle SuperSonics_2004,10,ginobma01_2004,2.7866,2.6428,0.1438,murraro01,1457500.0,563679.0,
Toronto Raptors_2004,1,duncati01_2004,5.1902,5.1902,-0.0,boshch01,12676125.0,2911320.0,
Toronto Raptors_2004,2,garneke01_2004,4.4291,4.5757,-0.1466,petermo01,28000000.0,1646079.0,
Toronto Raptors_2004,3,onealsh01_2004,3.9577,3.5887,0.369,boshch01,24749999.0,2911320.0,
Toronto Raptors_2004,4,mcgratr01_2004,3.6612,3.6612,0.0,roseja01,13279750.0,13279750.0,
Toronto Raptors_2004,5,davisba01_2004,3.6254,3.6264,-0.001,roseja01,10960000.0,13279750.0,
Toronto Raptors_2004,6,kirilan01_2004,3.4857,3.3947,0.091,currymi01,955800.0,2800000.0,
Toronto Raptors_2004,7,kiddja01_2004,3.3848,3.3858,-0.001,roseja01,13152000.0,13279750.0,
Toronto Raptors_2004,8,bryanko01_2004,3.3789,3.3789,0.0,roseja01,13500000.0,13279750.0,
Toronto Raptors_2004,9,cassesa01_2004,3.1606,3.1606,0.0,roseja01,5062500.0,13279750.0,
Toronto Raptors_2004,10,wallabe01_2004,3.147,2.778,0.369,boshch01,5500000.0,2911320.0,
Utah Jazz_2004,1,garneke01_2004,4.4168,4.6516,-0.2347,collija03,28000000.0,1250000.0,
Utah Jazz_2004,2,duncati01_2004,3.651,3.8858,-0.2347,collija03,12676125.0,1250000.0,
Utah Jazz_2004,3,davisba01_2004,3.4865,3.3305,0.156,bellra01,10960000.0,688679.0,
Utah Jazz_2004,4,mcgratr01_2004,3.4811,3.3658,0.1153,bellra01,13279750.0,688679.0,
Utah Jazz_2004,5,bryanko01_2004,3.1947,3.0794,0.1153,bellra01,13500000.0,688679.0,
Utah Jazz_2004,6,ginobma01_2004,2.8633,2.7073,0.156,bellra01,1457500.0,688679.0,
Utah Jazz_2004,7,onealsh01_2004,2.7783,2.7783,0.0,collija03,24749999.0,1250000.0,
Utah Jazz_2004,8,millere01_2004,2.7148,2.5445,0.1703,bellra01,5000000.0,688679.0,
Utah Jazz_2004,9,artesro01_2004,2.709,2.5937,0.1153,bellra01,5473684.0,688679.0,
Utah Jazz_2004,10,cartevi01_2004,2.7044,2.589,0.1153,bellra01,11326219.0,688679.0,
Memphis Grizzlies_2004,1,garneke01_2004,4.3316,4.3316,-0.0,gasolpa01,28000000.0,3417000.0,
Memphis Grizzlies_2004,2,duncati01_2004,3.8004,3.8004,0.0,wrighlo02,12676125.0,6600000.0,
Memphis Grizzlies_2004,3,kirilan01_2004,3.1939,3.0436,0.1503,gasolpa01,955800.0,3417000.0,
Memphis Grizzlies_2004,4,onealsh01_2004,2.9811,2.754,0.2271,wrighlo02,24749999.0,6600000.0,
Memphis Grizzlies_2004,5,mcgratr01_2004,2.7192,2.7192,0.0,wellsbo01,13279750.0,7000000.0,
Memphis Grizzlies_2004,6,davisba01_2004,2.693,2.6942,-0.0012,wellsbo01,10960000.0,7000000.0,
Memphis Grizzlies_2004,7,kiddja01_2004,2.5196,2.5208,-0.0012,wellsbo01,13152000.0,7000000.0,
Memphis Grizzlies_2004,8,bryanko01_2004,2.5159,2.5159,0.0,wellsbo01,13500000.0,7000000.0,
Memphis Grizzlies_2004,9,wallabe01_2004,2.4514,2.2243,0.2271,wrighlo02,5500000.0,6600000.0,
Memphis Grizzlies_2004,10,cassesa01_2004,2.3586,2.3586,0.0,wellsbo01,5062500.0,7000000.0,
Washington Wizards_2004,1,garneke01_2004,6.0799,6.2774,-0.1975,hayesja01,28000000.0,1748760.0,
Washington Wizards_2004,2,kirilan01_2004,5.1779,5.2128,-0.0349,hayesja01,955800.0,1748760.0,
Washington Wizards_2004,3,duncati01_2004,4.7065,4.8749,-0.1685,jeffrja01,12676125.0,1714440.0,
Washington Wizards_2004,4,bryanko01_2004,3.808,3.9397,-0.1317,hayesja01,13500000.0,1748760.0,
Washington Wizards_2004,5,ginobma01_2004,3.5469,3.5673,-0.0204,hayesja01,1457500.0,1748760.0,
Washington Wizards_2004,6,millere01_2004,3.4045,3.4045,0.0,hayesja01,5000000.0,1748760.0,
Washington Wizards_2004,7,stojape01_2004,3.3596,3.3596,0.0,hayesja01,6250000.0,1748760.0,
Washington Wizards_2004,8,artesro01_2004,3.322,3.4537,-0.1317,hayesja01,5473684.0,1748760.0,
Washington Wizards_2004,9,cartevi01_2004,3.3174,3.4491,-0.1317,hayesja01,11326219.0,1748760.0,
Washington Wizards_2004,10,allenra02_2004,3.3091,3.4408,-0.1317,hayesja01,13500000.0,1748760.0,
Detroit Pistons_2004,1,garneke01_2004,4.9016,5.0791,-0.1775,princta01,28000000.0,971160.0,
Detroit Pistons_2004,2,kirilan01_2004,3.6671,3.6671,0.0,princta01,955800.0,971160.0,
Detroit Pistons_2004,3,duncati01_2004,3.1291,3.1291,0.0,willico02,12676125.0,5000000.0,
Detroit Pistons_2004,4,davisba01_2004,2.8377,2.781,0.0566,hamilri01,10960000.0,6500000.0,
Detroit Pistons_2004,5,mcgratr01_2004,2.8297,2.8297,0.0,hamilri01,13279750.0,6500000.0,
Detroit Pistons_2004,6,bryanko01_2004,2.4343,2.4343,0.0,hamilri01,13500000.0,6500000.0,
Detroit Pistons_2004,7,ginobma01_2004,1.9771,1.9205,0.0566,hamilri01,1457500.0,6500000.0,
Detroit Pistons_2004,8,millere01_2004,1.8256,1.6958,0.1298,hamilri01,5000000.0,6500000.0,
Detroit Pistons_2004,9,stojape01_2004,1.7637,1.6339,0.1298,hamilri01,6250000.0,6500000.0,
Detroit Pistons_2004,10,artesro01_2004,1.7637,1.7637,0.0,hamilri01,5473684.0,6500000.0,
Atlanta Hawks_2005,1,garneke01_2005,5.9605,6.095,-0.1344,harrial01,16000000.0,6325000.0,
Atlanta Hawks_2005,2,jamesle01_2005,5.9126,5.8539,0.0588,harrial01,4320360.0,6325000.0,
Atlanta Hawks_2005,3,kirilan01_2005,5.7784,5.7784,0.0,harrial01,1671694.0,6325000.0,
Atlanta Hawks_2005,4,ginobma01_2005,5.5558,5.5558,0.0,harrial01,6603500.0,6325000.0,
Atlanta Hawks_2005,5,nowitdi01_2005,5.247,5.3814,-0.1344,harrial01,12584688.0,6325000.0,
Atlanta Hawks_2005,6,mcgratr01_2005,4.7933,4.7346,0.0588,harrial01,14487000.0,6325000.0,
Atlanta Hawks_2005,7,duncati01_2005,4.5177,4.6312,-0.1136,walkean02,14260641.0,14625000.0,
Atlanta Hawks_2005,8,cartevi01_2005,4.1402,4.0814,0.0588,harrial01,12584688.0,6325000.0,
Atlanta Hawks_2005,9,piercpa01_2005,4.0206,3.9619,0.0588,harrial01,12584688.0,6325000.0,
Atlanta Hawks_2005,10,marshdo01_2005,3.6772,3.5984,0.0787,harrial01,5023850.0,6325000.0,
Boston Celtics_2005,1,jamesle01_2005,5.5833,5.5833,0.0,davisri01,4320360.0,5455200.0,
Boston Celtics_2005,2,ginobma01_2005,5.3251,5.2657,0.0593,davisri01,6603500.0,5455200.0,
Boston Celtics_2005,3,garneke01_2005,5.205,5.205,0.0,blounma01,16000000.0,4903000.0,
Boston Celtics_2005,4,duncati01_2005,4.9318,4.9318,0.0,blounma01,14260641.0,4903000.0,
Boston Celtics_2005,5,nowitdi01_2005,4.6027,4.6027,0.0,blounma01,12584688.0,4903000.0,
Boston Celtics_2005,6,mcgratr01_2005,4.3906,4.3906,0.0,davisri01,14487000.0,5455200.0,
Boston Celtics_2005,7,onealsh01_2005,3.9188,3.5939,0.3249,blounma01,27696430.0,4903000.0,
Boston Celtics_2005,8,cartevi01_2005,3.6947,3.6947,0.0,davisri01,12584688.0,5455200.0,
Boston Celtics_2005,9,lewisra02_2005,3.242,3.1156,0.1264,davisri01,7792208.0,5455200.0,
Boston Celtics_2005,10,kiddja01_2005,3.1166,3.1166,0.0,paytoga01,14796000.0,5408700.0,
Cleveland Cavaliers_2005,1,garneke01_2005,5.1912,5.1912,0.0,ilgauzy01,16000000.0,14625000.0,
Cleveland Cavaliers_2005,2,duncati01_2005,4.859,4.859,0.0,ilgauzy01,14260641.0,14625000.0,
Cleveland Cavaliers_2005,3,kiddja01_2005,4.6127,4.6284,-0.0157,mcinnje01,14796000.0,3600000.0,
Cleveland Cavaliers_2005,4,ginobma01_2005,4.5395,4.4358,0.1037,newblir01,6603500.0,2704350.0,
Cleveland Cavaliers_2005,5,nowitdi01_2005,4.4589,4.4589,0.0,ilgauzy01,12584688.0,14625000.0,
Cleveland Cavaliers_2005,6,nashst01_2005,4.3385,4.3542,-0.0157,mcinnje01,8750000.0,3600000.0,
Cleveland Cavaliers_2005,7,kirilan01_2005,3.995,3.8045,0.1906,goodedr01,1671694.0,3214080.0,
Cleveland Cavaliers_2005,8,marbust01_2005,3.9575,3.9732,-0.0157,mcinnje01,14625000.0,3600000.0,
Cleveland Cavaliers_2005,9,bryanko01_2005,3.7914,3.7914,0.0,mcinnje01,14175000.0,3600000.0,
Cleveland Cavaliers_2005,10,mcgratr01_2005,3.7621,3.8376,-0.0755,newblir01,14487000.0,2704350.0,
New Orleans Hornets_2005,1,garneke01_2005,5.8551,5.8551,-0.0,brownpj01,16000000.0,8000000.0,
New Orleans Hornets_2005,2,kirilan01_2005,5.7108,5.5006,0.2101,brownpj01,1671694.0,8000000.0,
New Orleans Hornets_2005,3,duncati01_2005,5.4927,5.4927,-0.0,brownpj01,14260641.0,8000000.0,
New Orleans Hornets_2005,4,nowitdi01_2005,5.0562,5.0562,-0.0,brownpj01,12584688.0,8000000.0,
New Orleans Hornets_2005,5,jamesle01_2005,4.6124,4.4744,0.1381,nailole01,4320360.0,745046.0,
New Orleans Hornets_2005,6,ginobma01_2005,4.5738,4.5609,0.013,smithjr01,6603500.0,1206600.0,
New Orleans Hornets_2005,7,onealsh01_2005,4.1226,3.7181,0.4045,brownpj01,27696430.0,8000000.0,
New Orleans Hornets_2005,8,mcgratr01_2005,3.722,3.5839,0.1381,nailole01,14487000.0,745046.0,
New Orleans Hornets_2005,9,kiddja01_2005,3.6349,3.6515,-0.0166,smithjr01,14796000.0,1206600.0,
New Orleans Hornets_2005,10,cartevi01_2005,3.4655,3.4768,-0.0114,smithjr01,12584688.0,1206600.0,
Chicago Bulls_2005,1,kirilan01_2005,4.5679,4.5679,0.0,nocioan01,1671694.0,2525000.0,
Chicago Bulls_2005,2,jamesle01_2005,4.5505,4.625,-0.0745,nocioan01,4320360.0,2525000.0,
Chicago Bulls_2005,3,ginobma01_2005,4.3998,4.3998,0.0,nocioan01,6603500.0,2525000.0,
Chicago Bulls_2005,4,garneke01_2005,3.8893,3.8893,0.0,davisan01,16000000.0,12925000.0,
Chicago Bulls_2005,5,mcgratr01_2005,3.7049,3.7794,-0.0745,nocioan01,14487000.0,2525000.0,
Chicago Bulls_2005,6,duncati01_2005,3.6563,3.6563,0.0,davisan01,14260641.0,12925000.0,
Chicago Bulls_2005,7,nowitdi01_2005,3.3757,3.3757,0.0,davisan01,12584688.0,12925000.0,
Chicago Bulls_2005,8,cartevi01_2005,3.2115,3.286,-0.0745,nocioan01,12584688.0,2525000.0,
Chicago Bulls_2005,9,piercpa01_2005,3.1212,3.1957,-0.0745,nocioan01,12584688.0,2525000.0,
Chicago Bulls_2005,10,marshdo01_2005,2.9661,2.9211,0.045,nocioan01,5023850.0,2525000.0,
Dallas Mavericks_2005,1,jamesle01_2005,4.0078,4.1133,-0.1055,finlemi01,4320360.0,14609375.0,
Dallas Mavericks_2005,2,kirilan01_2005,3.9421,4.0423,-0.1002,finlemi01,1671694.0,14609375.0,
Dallas Mavericks_2005,3,ginobma01_2005,3.7326,3.8327,-0.1002,finlemi01,6603500.0,14609375.0,
Dallas Mavericks_2005,4,mcgratr01_2005,2.9541,3.0596,-0.1055,finlemi01,14487000.0,14609375.0,
Dallas Mavericks_2005,5,garneke01_2005,2.8502,3.0769,-0.2267,dampier01,16000000.0,7700000.0,
Dallas Mavericks_2005,6,duncati01_2005,2.6465,2.8732,-0.2267,dampier01,14260641.0,7700000.0,
Dallas Mavericks_2005,7,cartevi01_2005,2.3393,2.4448,-0.1055,finlemi01,12584688.0,14609375.0,
Dallas Mavericks_2005,8,piercpa01_2005,2.2267,2.3322,-0.1055,finlemi01,12584688.0,14609375.0,
Dallas Mavericks_2005,9,lewisra02_2005,1.9332,1.9332,0.0,finlemi01,7792208.0,14609375.0,
Dallas Mavericks_2005,10,onealsh01_2005,1.8757,1.8757,0.0,dampier01,27696430.0,7700000.0,
Denver Nuggets_2005,1,kirilan01_2005,5.1426,5.1426,0.0,anthoca01,1671694.0,3471360.0,
Denver Nuggets_2005,2,jamesle01_2005,5.1388,5.2216,-0.0828,anthoca01,4320360.0,3471360.0,
Denver Nuggets_2005,3,ginobma01_2005,4.9098,4.9098,0.0,anthoca01,6603500.0,3471360.0,
Denver Nuggets_2005,4,garneke01_2005,4.0983,4.0983,0.0,martike01,16000000.0,9454546.0,
Denver Nuggets_2005,5,mcgratr01_2005,3.9682,4.051,-0.0828,anthoca01,14487000.0,3471360.0,
Denver Nuggets_2005,6,duncati01_2005,3.8072,3.8072,0.0,martike01,14260641.0,9454546.0,
Denver Nuggets_2005,7,nowitdi01_2005,3.4568,3.4568,0.0,martike01,12584688.0,9454546.0,
Denver Nuggets_2005,8,cartevi01_2005,3.2851,3.3679,-0.0828,anthoca01,12584688.0,3471360.0,
Denver Nuggets_2005,9,piercpa01_2005,3.1601,3.2429,-0.0828,anthoca01,12584688.0,3471360.0,
Denver Nuggets_2005,10,mariosh01_2005,2.8949,3.0294,-0.1345,anthoca01,12330000.0,3471360.0,
Golden State Warriors_2005,1,garneke01_2005,5.6934,5.6934,0.0,murphtr01,16000000.0,2231808.0,
Golden State Warriors_2005,2,kirilan01_2005,5.6251,5.3941,0.2311,murphtr01,1671694.0,2231808.0,
Golden State Warriors_2005,3,duncati01_2005,5.3873,5.3873,0.0,murphtr01,14260641.0,2231808.0,
Golden State Warriors_2005,4,nowitdi01_2005,5.0187,5.0187,0.0,murphtr01,12584688.0,2231808.0,
Golden State Warriors_2005,5,jamesle01_2005,4.4426,4.5735,-0.131,dunlemi02,4320360.0,3565080.0,
Golden State Warriors_2005,6,onealsh01_2005,4.2867,3.8887,0.3981,murphtr01,27696430.0,2231808.0,
Golden State Warriors_2005,7,ginobma01_2005,4.2525,4.2696,-0.0171,dunlemi02,6603500.0,3565080.0,
Golden State Warriors_2005,8,marshdo01_2005,3.5353,3.333,0.2023,murphtr01,5023850.0,2231808.0,
Golden State Warriors_2005,9,mariosh01_2005,3.4837,3.4837,0.0,murphtr01,12330000.0,2231808.0,
Golden State Warriors_2005,10,mcgratr01_2005,3.3012,3.4322,-0.131,dunlemi02,14487000.0,3565080.0,
Houston Rockets_2005,1,garneke01_2005,3.9695,3.9401,0.0294,howarju01,16000000.0,5408700.0,
Houston Rockets_2005,2,kirilan01_2005,3.8922,3.7367,0.1556,howarju01,1671694.0,5408700.0,
Houston Rockets_2005,3,duncati01_2005,3.7615,3.7321,0.0294,howarju01,14260641.0,5408700.0,
Houston Rockets_2005,4,ginobma01_2005,3.6687,3.6437,0.0251,wesleda01,6603500.0,4455000.0,
Houston Rockets_2005,5,nowitdi01_2005,3.5111,3.4817,0.0294,howarju01,12584688.0,5408700.0,
Houston Rockets_2005,6,onealsh01_2005,2.9561,2.7138,0.2422,howarju01,27696430.0,5408700.0,
Houston Rockets_2005,7,kiddja01_2005,2.6625,2.725,-0.0625,wesleda01,14796000.0,4455000.0,
Houston Rockets_2005,8,piercpa01_2005,2.6157,2.5698,0.0459,howarju01,12584688.0,5408700.0,
Houston Rockets_2005,9,cartevi01_2005,2.4846,2.5486,-0.064,wesleda01,12584688.0,4455000.0,
Houston Rockets_2005,10,nashst01_2005,2.4698,2.5323,-0.0625,wesleda01,8750000.0,4455000.0,
Los Angeles Clippers_2005,1,kirilan01_2005,4.7132,4.5329,0.1804,simmobo01,1671694.0,825000.0,
Los Angeles Clippers_2005,2,jamesle01_2005,4.6603,4.616,0.0442,simmobo01,4320360.0,825000.0,
Los Angeles Clippers_2005,3,ginobma01_2005,4.468,4.2876,0.1804,simmobo01,6603500.0,825000.0,
Los Angeles Clippers_2005,4,garneke01_2005,4.027,4.0685,-0.0415,kamanch01,16000000.0,2574240.0,
Los Angeles Clippers_2005,5,duncati01_2005,3.8201,3.8615,-0.0415,kamanch01,14260641.0,2574240.0,
Los Angeles Clippers_2005,6,nowitdi01_2005,3.5708,3.6123,-0.0415,kamanch01,12584688.0,2574240.0,
Los Angeles Clippers_2005,7,mcgratr01_2005,3.4271,3.3829,0.0442,simmobo01,14487000.0,825000.0,
Los Angeles Clippers_2005,8,kiddja01_2005,3.0571,2.988,0.0691,rossqu01,14796000.0,620046.0,
Los Angeles Clippers_2005,9,onealsh01_2005,3.0222,2.8482,0.174,kamanch01,27696430.0,2574240.0,
Los Angeles Clippers_2005,10,cartevi01_2005,2.8746,2.8366,0.0379,rossqu01,12584688.0,620046.0,
Los Angeles Lakers_2005,1,kirilan01_2005,5.7586,5.7586,0.0,butleca01,1671694.0,1930680.0,
Los Angeles Lakers_2005,2,jamesle01_2005,5.7096,5.8417,-0.132,butleca01,4320360.0,1930680.0,
Los Angeles Lakers_2005,3,ginobma01_2005,5.5138,5.5138,0.0,butleca01,6603500.0,1930680.0,
Los Angeles Lakers_2005,4,mcgratr01_2005,4.4783,4.6103,-0.132,butleca01,14487000.0,1930680.0,
Los Angeles Lakers_2005,5,kiddja01_2005,4.4653,4.4653,-0.0,atkinch01,14796000.0,4200000.0,
Los Angeles Lakers_2005,6,garneke01_2005,4.4302,4.7062,-0.2761,mihmch01,16000000.0,3371393.0,
Los Angeles Lakers_2005,7,duncati01_2005,4.1895,4.4656,-0.2761,mihmch01,14260641.0,3371393.0,
Los Angeles Lakers_2005,8,nashst01_2005,4.162,4.162,-0.0,atkinch01,8750000.0,4200000.0,
Los Angeles Lakers_2005,9,nowitdi01_2005,3.8997,4.1757,-0.2761,mihmch01,12584688.0,3371393.0,
Los Angeles Lakers_2005,10,cartevi01_2005,3.7598,3.8918,-0.132,butleca01,12584688.0,1930680.0,
Miami Heat_2005,1,garneke01_2005,4.7345,4.7345,0.0,hasleud01,16000000.0,620046.0,
Miami Heat_2005,2,kirilan01_2005,4.6232,4.4025,0.2207,hasleud01,1671694.0,620046.0,
Miami Heat_2005,3,jamesle01_2005,4.5458,4.4817,0.0641,hasleud01,4320360.0,620046.0,
Miami Heat_2005,4,duncati01_2005,4.3951,4.3951,0.0,hasleud01,14260641.0,620046.0,
Miami Heat_2005,5,nowitdi01_2005,3.9862,3.9862,0.0,hasleud01,12584688.0,620046.0,
Miami Heat_2005,6,ginobma01_2005,3.9486,3.8871,0.0615,jonesed02,6603500.0,13455000.0,
Miami Heat_2005,7,mcgratr01_2005,3.372,3.3079,0.0641,hasleud01,14487000.0,620046.0,
Miami Heat_2005,8,piercpa01_2005,2.5617,2.4976,0.0641,hasleud01,12584688.0,620046.0,
Miami Heat_2005,9,mariosh01_2005,2.2836,2.2836,0.0,hasleud01,12330000.0,620046.0,
Miami Heat_2005,10,marshdo01_2005,2.2294,2.1164,0.113,hasleud01,5023850.0,620046.0,
Milwaukee Bucks_2005,1,kirilan01_2005,6.6112,6.4265,0.1848,masonde01,1671694.0,6529630.0,
Milwaukee Bucks_2005,2,jamesle01_2005,6.5134,6.5134,0.0,masonde01,4320360.0,6529630.0,
Milwaukee Bucks_2005,3,ginobma01_2005,6.355,6.1702,0.1848,masonde01,6603500.0,6529630.0,
Milwaukee Bucks_2005,4,mcgratr01_2005,5.2248,5.2248,0.0,masonde01,14487000.0,6529630.0,
Milwaukee Bucks_2005,5,garneke01_2005,4.7382,4.7382,0.0,smithjo02,16000000.0,5899400.0,
Milwaukee Bucks_2005,6,cartevi01_2005,4.4728,4.4728,0.0,masonde01,12584688.0,6529630.0,
Milwaukee Bucks_2005,7,duncati01_2005,4.4449,4.4449,0.0,smithjo02,14260641.0,5899400.0,
Milwaukee Bucks_2005,8,piercpa01_2005,4.3352,4.3352,0.0,masonde01,12584688.0,6529630.0,
Milwaukee Bucks_2005,9,nowitdi01_2005,4.0917,4.0917,0.0,smithjo02,12584688.0,5899400.0,
Milwaukee Bucks_2005,10,marshdo01_2005,4.0869,3.9167,0.1701,masonde01,5023850.0,6529630.0,
Minnesota Timberwolves_2005,1,kirilan01_2005,6.1,6.0104,0.0896,sprewla01,1671694.0,14625000.0,
Minnesota Timberwolves_2005,2,jamesle01_2005,6.0847,6.0847,0.0,sprewla01,4320360.0,14625000.0,
Minnesota Timberwolves_2005,3,ginobma01_2005,5.8811,5.7915,0.0896,sprewla01,6603500.0,14625000.0,
Minnesota Timberwolves_2005,4,mcgratr01_2005,4.9836,4.9836,0.0,sprewla01,14487000.0,14625000.0,
Minnesota Timberwolves_2005,5,cartevi01_2005,4.3411,4.3411,0.0,sprewla01,12584688.0,14625000.0,
Minnesota Timberwolves_2005,6,piercpa01_2005,4.2235,4.2235,0.0,sprewla01,12584688.0,14625000.0,
Minnesota Timberwolves_2005,7,kiddja01_2005,3.9587,3.8589,0.0998,hassetr01,14796000.0,4350000.0,
Minnesota Timberwolves_2005,8,lewisra02_2005,3.8614,3.8065,0.0549,sprewla01,7792208.0,14625000.0,
Minnesota Timberwolves_2005,9,bryanko01_2005,3.7956,3.7956,0.0,sprewla01,14175000.0,14625000.0,
Minnesota Timberwolves_2005,10,allenra02_2005,3.6986,3.6986,0.0,sprewla01,14625000.0,14625000.0,
New Jersey Nets_2005,1,garneke01_2005,5.7995,5.8344,-0.0349,collija04,16000000.0,1887864.0,
New Jersey Nets_2005,2,duncati01_2005,5.4746,5.5096,-0.0349,collija04,14260641.0,1887864.0,
New Jersey Nets_2005,3,nowitdi01_2005,5.0834,5.1183,-0.0349,collija04,12584688.0,1887864.0,
New Jersey Nets_2005,4,kirilan01_2005,4.599,4.5113,0.0877,krstine01,1671694.0,939480.0,
New Jersey Nets_2005,5,onealsh01_2005,4.2806,3.9187,0.3618,collija04,27696430.0,1887864.0,
New Jersey Nets_2005,6,ginobma01_2005,3.5796,3.4892,0.0903,vaughja01,6603500.0,932546.0,
New Jersey Nets_2005,7,jamesle01_2005,3.4241,3.4495,-0.0254,buforro01,4320360.0,745046.0,
New Jersey Nets_2005,8,stoudam01_2005,3.2593,3.2942,-0.0349,collija04,2032200.0,1887864.0,
New Jersey Nets_2005,9,brandel01_2005,3.0844,3.1193,-0.0349,collija04,12056000.0,1887864.0,
New Jersey Nets_2005,10,millebr01_2005,3.0646,3.0996,-0.0349,collija04,7875000.0,1887864.0,
New York Knicks_2005,1,garneke01_2005,6.3798,6.3424,0.0374,thomaku01,16000000.0,5884500.0,
New York Knicks_2005,2,kirilan01_2005,6.2667,5.9816,0.2851,thomaku01,1671694.0,5884500.0,
New York Knicks_2005,3,duncati01_2005,6.0109,5.9735,0.0374,thomaku01,14260641.0,5884500.0,
New York Knicks_2005,4,nowitdi01_2005,5.5667,5.5293,0.0374,thomaku01,12584688.0,5884500.0,
New York Knicks_2005,5,onealsh01_2005,4.5876,4.1671,0.4204,thomaku01,27696430.0,5884500.0,
New York Knicks_2005,6,jamesle01_2005,4.5569,4.6206,-0.0637,thomati01,4320360.0,12900000.0,
New York Knicks_2005,7,ginobma01_2005,4.459,4.4615,-0.0025,crawfja01,6603500.0,5760000.0,
New York Knicks_2005,8,marshdo01_2005,3.7814,3.4974,0.284,thomaku01,5023850.0,5884500.0,
New York Knicks_2005,9,mariosh01_2005,3.7164,3.679,0.0374,thomaku01,12330000.0,5884500.0,
New York Knicks_2005,10,mcgratr01_2005,3.6898,3.7535,-0.0637,thomati01,14487000.0,12900000.0,
Orlando Magic_2005,1,garneke01_2005,5.0629,5.3977,-0.3348,howardw01,16000000.0,4179720.0,
Orlando Magic_2005,2,kirilan01_2005,5.032,5.0603,-0.0283,howardw01,1671694.0,4179720.0,
Orlando Magic_2005,3,duncati01_2005,4.718,5.0527,-0.3348,howardw01,14260641.0,4179720.0,
Orlando Magic_2005,4,nowitdi01_2005,4.3358,4.3519,-0.0161,battito01,12584688.0,4800000.0,
Orlando Magic_2005,5,onealsh01_2005,3.6627,3.4559,0.2068,battito01,27696430.0,4800000.0,
Orlando Magic_2005,6,jamesle01_2005,3.1918,3.1918,-0.0,hillgr01,4320360.0,14487000.0,
Orlando Magic_2005,7,kiddja01_2005,3.1693,2.8806,0.2887,francst01,14796000.0,12330000.0,
Orlando Magic_2005,8,ginobma01_2005,3.1299,2.9123,0.2176,hillgr01,6603500.0,14487000.0,
Orlando Magic_2005,9,mariosh01_2005,3.1187,3.1348,-0.0161,battito01,12330000.0,4800000.0,
Orlando Magic_2005,10,stoudam01_2005,2.9733,2.9894,-0.0161,battito01,2032200.0,4800000.0,
Indiana Pacers_2005,1,ginobma01_2005,4.188,4.208,-0.0201,jonesfr01,6603500.0,1572480.0,
Indiana Pacers_2005,2,garneke01_2005,4.0661,4.2355,-0.1695,croshau01,16000000.0,8260000.0,
Indiana Pacers_2005,3,kirilan01_2005,4.005,4.005,0.0,croshau01,1671694.0,8260000.0,
Indiana Pacers_2005,4,jamesle01_2005,3.9652,4.06,-0.0948,croshau01,4320360.0,8260000.0,
Indiana Pacers_2005,5,duncati01_2005,3.8303,3.9998,-0.1695,croshau01,14260641.0,8260000.0,
Indiana Pacers_2005,6,nowitdi01_2005,3.5464,3.7159,-0.1695,croshau01,12584688.0,8260000.0,
Indiana Pacers_2005,7,mcgratr01_2005,3.1501,3.2449,-0.0948,croshau01,14487000.0,8260000.0,
Indiana Pacers_2005,8,kiddja01_2005,3.0968,3.0968,-0.0,jonesfr01,14796000.0,1572480.0,
Indiana Pacers_2005,9,onealsh01_2005,3.0042,2.8455,0.1587,croshau01,27696430.0,8260000.0,
Indiana Pacers_2005,10,nashst01_2005,2.8637,2.8637,-0.0,jonesfr01,8750000.0,1572480.0,
Philadelphia 76ers_2005,1,garneke01_2005,4.4744,4.4744,0.0,jacksma02,16000000.0,4225000.0,
Philadelphia 76ers_2005,2,duncati01_2005,4.2227,4.2227,0.0,jacksma02,14260641.0,4225000.0,
Philadelphia 76ers_2005,3,kirilan01_2005,3.9846,3.9727,0.012,korveky01,1671694.0,620046.0,
Philadelphia 76ers_2005,4,jamesle01_2005,3.9565,4.0528,-0.0963,korveky01,4320360.0,620046.0,
Philadelphia 76ers_2005,5,nowitdi01_2005,3.9196,3.9196,0.0,jacksma02,12584688.0,4225000.0,
Philadelphia 76ers_2005,6,ginobma01_2005,3.824,3.824,0.0,iguodan01,6603500.0,1914480.0,
Philadelphia 76ers_2005,7,onealsh01_2005,3.2071,2.9901,0.217,jacksma02,27696430.0,4225000.0,
Philadelphia 76ers_2005,8,mcgratr01_2005,2.7686,2.8649,-0.0963,korveky01,14487000.0,620046.0,
Philadelphia 76ers_2005,9,mariosh01_2005,2.6571,2.6571,0.0,jacksma02,12330000.0,4225000.0,
Philadelphia 76ers_2005,10,stoudam01_2005,2.5062,2.5062,0.0,jacksma02,2032200.0,4225000.0,
Phoenix Suns_2005,1,jamesle01_2005,5.422,5.422,0.0,johnsjo02,4320360.0,2358954.0,
Phoenix Suns_2005,2,kirilan01_2005,5.3993,5.3249,0.0745,johnsjo02,1671694.0,2358954.0,
Phoenix Suns_2005,3,ginobma01_2005,5.1128,5.0383,0.0745,johnsjo02,6603500.0,2358954.0,
Phoenix Suns_2005,4,mcgratr01_2005,3.9812,3.9812,0.0,johnsjo02,14487000.0,2358954.0,
Phoenix Suns_2005,5,cartevi01_2005,3.1404,3.1404,0.0,johnsjo02,12584688.0,2358954.0,
Phoenix Suns_2005,6,kiddja01_2005,3.0209,3.1647,-0.1437,richaqu01,14796000.0,5800000.0,
Phoenix Suns_2005,7,piercpa01_2005,2.9865,2.9865,0.0,johnsjo02,12584688.0,2358954.0,
Phoenix Suns_2005,8,garneke01_2005,2.9348,2.9348,0.0,mariosh01,16000000.0,12330000.0,
Phoenix Suns_2005,9,marshdo01_2005,2.6159,2.5186,0.0973,johnsjo02,5023850.0,2358954.0,
Phoenix Suns_2005,10,lewisra02_2005,2.5381,2.4409,0.0973,johnsjo02,7792208.0,2358954.0,
Portland Trail Blazers_2005,1,ginobma01_2005,3.874,3.879,-0.005,telfase01,6603500.0,1559280.0,
Portland Trail Blazers_2005,2,garneke01_2005,3.7633,3.72,0.0433,ratlith01,16000000.0,10937500.0,
Portland Trail Blazers_2005,3,duncati01_2005,3.5472,3.5039,0.0433,ratlith01,14260641.0,10937500.0,
Portland Trail Blazers_2005,4,kirilan01_2005,3.5026,3.5026,0.0,patteru01,1671694.0,5899400.0,
Portland Trail Blazers_2005,5,jamesle01_2005,3.4289,3.3574,0.0714,abdursh01,4320360.0,14625000.0,
Portland Trail Blazers_2005,6,nowitdi01_2005,3.2869,3.2436,0.0433,ratlith01,12584688.0,10937500.0,
Portland Trail Blazers_2005,7,kiddja01_2005,3.2106,3.2106,0.0,telfase01,14796000.0,1559280.0,
Portland Trail Blazers_2005,8,nashst01_2005,3.0704,3.0704,0.0,telfase01,8750000.0,1559280.0,
Portland Trail Blazers_2005,9,marbust01_2005,2.8755,2.8755,0.0,telfase01,14625000.0,1559280.0,
Portland Trail Blazers_2005,10,bryanko01_2005,2.7759,2.7826,-0.0066,telfase01,14175000.0,1559280.0,
Sacramento Kings_2005,1,kirilan01_2005,3.9618,3.9337,0.0281,stojape01,1671694.0,6875000.0,
Sacramento Kings_2005,2,jamesle01_2005,3.8726,4.0099,-0.1373,stojape01,4320360.0,6875000.0,
Sacramento Kings_2005,3,ginobma01_2005,3.7372,3.7091,0.0281,stojape01,6603500.0,6875000.0,
Sacramento Kings_2005,4,garneke01_2005,3.3385,3.3385,-0.0,webbech01,16000000.0,17531250.0,
Sacramento Kings_2005,5,duncati01_2005,3.1242,3.1242,-0.0,webbech01,14260641.0,17531250.0,
Sacramento Kings_2005,6,nowitdi01_2005,2.8661,2.8661,-0.0,webbech01,12584688.0,17531250.0,
Sacramento Kings_2005,7,mcgratr01_2005,2.7431,2.8804,-0.1373,stojape01,14487000.0,6875000.0,
Sacramento Kings_2005,8,onealsh01_2005,2.2683,2.0749,0.1934,webbech01,27696430.0,17531250.0,
Sacramento Kings_2005,9,kiddja01_2005,2.2328,2.2322,0.0006,moblecu01,14796000.0,5884500.0,
Sacramento Kings_2005,10,cartevi01_2005,2.0841,2.2214,-0.1373,stojape01,12584688.0,6875000.0,
San Antonio Spurs_2005,1,jamesle01_2005,4.8461,4.8893,-0.0432,bowenbr01,4320360.0,3000000.0,
San Antonio Spurs_2005,2,kirilan01_2005,4.762,4.8117,-0.0497,bowenbr01,1671694.0,3000000.0,
San Antonio Spurs_2005,3,mcgratr01_2005,3.6953,3.7385,-0.0432,bowenbr01,14487000.0,3000000.0,
San Antonio Spurs_2005,4,garneke01_2005,3.367,3.3867,-0.0197,nestera01,16000000.0,6160000.0,
San Antonio Spurs_2005,5,cartevi01_2005,3.0238,3.067,-0.0432,bowenbr01,12584688.0,3000000.0,
San Antonio Spurs_2005,6,piercpa01_2005,2.9008,2.9441,-0.0432,bowenbr01,12584688.0,3000000.0,
San Antonio Spurs_2005,7,nowitdi01_2005,2.8666,2.8863,-0.0197,nestera01,12584688.0,6160000.0,
San Antonio Spurs_2005,8,marshdo01_2005,2.5704,2.5704,0.0,bowenbr01,5023850.0,3000000.0,
San Antonio Spurs_2005,9,mariosh01_2005,2.5366,2.7342,-0.1976,bowenbr01,12330000.0,3000000.0,
San Antonio Spurs_2005,10,lewisra02_2005,2.5083,2.5083,0.0,bowenbr01,7792208.0,3000000.0,
Seattle SuperSonics_2005,1,garneke01_2005,3.7332,4.0118,-0.2787,evansre01,16000000.0,880000.0,
Seattle SuperSonics_2005,2,kirilan01_2005,3.7034,3.7791,-0.0757,evansre01,1671694.0,880000.0,
Seattle SuperSonics_2005,3,jamesle01_2005,3.5888,3.8346,-0.2459,evansre01,4320360.0,880000.0,
Seattle SuperSonics_2005,4,duncati01_2005,3.4952,3.7739,-0.2787,evansre01,14260641.0,880000.0,
Seattle SuperSonics_2005,5,kiddja01_2005,3.2699,3.2699,0.0,ridnolu01,14796000.0,1531200.0,
Seattle SuperSonics_2005,6,nowitdi01_2005,3.2087,3.4873,-0.2787,evansre01,12584688.0,880000.0,
Seattle SuperSonics_2005,7,nashst01_2005,3.0055,3.0055,0.0,ridnolu01,8750000.0,1531200.0,
Seattle SuperSonics_2005,8,ginobma01_2005,2.7925,2.614,0.1784,allenra02,6603500.0,14625000.0,
Seattle SuperSonics_2005,9,mcgratr01_2005,2.7661,3.0119,-0.2459,evansre01,14487000.0,880000.0,
Seattle SuperSonics_2005,10,onealsh01_2005,2.6998,2.5456,0.1542,jamesje01,27696430.0,5455200.0,
Toronto Raptors_2005,1,kirilan01_2005,5.9764,5.8825,0.094,roseja01,1671694.0,14487000.0,
Toronto Raptors_2005,2,jamesle01_2005,5.9641,5.9641,0.0,roseja01,4320360.0,14487000.0,
Toronto Raptors_2005,3,garneke01_2005,5.8383,5.8383,0.0,boshch01,16000000.0,3129720.0,
Toronto Raptors_2005,4,ginobma01_2005,5.7358,5.6419,0.094,roseja01,6603500.0,14487000.0,
Toronto Raptors_2005,5,duncati01_2005,5.4521,5.4521,0.0,boshch01,14260641.0,3129720.0,
Toronto Raptors_2005,6,nowitdi01_2005,4.987,4.987,0.0,boshch01,12584688.0,3129720.0,
Toronto Raptors_2005,7,mcgratr01_2005,4.7542,4.7542,0.0,roseja01,14487000.0,14487000.0,
Toronto Raptors_2005,8,onealsh01_2005,4.0529,3.5608,0.4921,boshch01,27696430.0,3129720.0,
Toronto Raptors_2005,9,piercpa01_2005,3.919,3.919,0.0,roseja01,12584688.0,14487000.0,
Toronto Raptors_2005,10,lewisra02_2005,3.5215,3.4608,0.0607,roseja01,7792208.0,14487000.0,
Utah Jazz_2005,1,jamesle01_2005,5.4741,5.3908,0.0833,harprma01,4320360.0,4690000.0,
Utah Jazz_2005,2,ginobma01_2005,5.217,5.0843,0.1327,harprma01,6603500.0,4690000.0,
Utah Jazz_2005,3,mcgratr01_2005,4.3231,4.2398,0.0833,harprma01,14487000.0,4690000.0,
Utah Jazz_2005,4,garneke01_2005,3.8722,3.8722,0.0,okurme01,16000000.0,7500000.0,
Utah Jazz_2005,5,cartevi01_2005,3.6515,3.5682,0.0833,harprma01,12584688.0,4690000.0,
Utah Jazz_2005,6,duncati01_2005,3.5763,3.5763,0.0,okurme01,14260641.0,7500000.0,
Utah Jazz_2005,7,piercpa01_2005,3.5286,3.4453,0.0833,harprma01,12584688.0,4690000.0,
Utah Jazz_2005,8,kiddja01_2005,3.308,3.2817,0.0263,bellra01,14796000.0,1320000.0,
Utah Jazz_2005,9,mariosh01_2005,3.2404,3.2354,0.0049,harprma01,12330000.0,4690000.0,
Utah Jazz_2005,10,marshdo01_2005,3.2317,3.0715,0.1602,harprma01,5023850.0,4690000.0,
Memphis Grizzlies_2005,1,garneke01_2005,5.2182,5.2182,0.0,wrighlo02,16000000.0,7150000.0,
Memphis Grizzlies_2005,2,duncati01_2005,4.9261,4.9261,0.0,wrighlo02,14260641.0,7150000.0,
Memphis Grizzlies_2005,3,nowitdi01_2005,4.5743,4.5743,0.0,wrighlo02,12584688.0,7150000.0,
Memphis Grizzlies_2005,4,onealsh01_2005,3.8424,3.4959,0.3465,wrighlo02,27696430.0,7150000.0,
Memphis Grizzlies_2005,5,stoudam01_2005,2.9344,2.9344,0.0,wrighlo02,2032200.0,7150000.0,
Memphis Grizzlies_2005,6,jamesle01_2005,2.8783,2.8882,-0.0099,battish01,4320360.0,3212402.0,
Memphis Grizzlies_2005,7,kirilan01_2005,2.7871,2.8399,-0.0528,poseyja01,1671694.0,5408700.0,
Memphis Grizzlies_2005,8,brandel01_2005,2.7772,2.7772,0.0,wrighlo02,12056000.0,7150000.0,
Memphis Grizzlies_2005,9,millebr01_2005,2.7594,2.7594,0.0,wrighlo02,7875000.0,7150000.0,
Memphis Grizzlies_2005,10,wallabe01_2005,2.7206,2.3741,0.3465,wrighlo02,7000000.0,7150000.0,
Washington Wizards_2005,1,garneke01_2005,5.3687,5.3687,0.0,jamisan01,16000000.0,12584688.0,
Washington Wizards_2005,2,kirilan01_2005,5.2745,5.0373,0.2372,jamisan01,1671694.0,12584688.0,
Washington Wizards_2005,3,jamesle01_2005,5.1195,5.1163,0.0032,jamisan01,4320360.0,12584688.0,
Washington Wizards_2005,4,duncati01_2005,5.0298,5.0298,0.0,jamisan01,14260641.0,12584688.0,
Washington Wizards_2005,5,nowitdi01_2005,4.6217,4.6217,0.0,jamisan01,12584688.0,12584688.0,
Washington Wizards_2005,6,ginobma01_2005,4.0832,4.0832,0.0,jeffrja01,6603500.0,1834080.0,
Washington Wizards_2005,7,mcgratr01_2005,3.9478,3.9446,0.0032,jamisan01,14487000.0,12584688.0,
Washington Wizards_2005,8,piercpa01_2005,3.1389,3.1357,0.0032,jamisan01,12584688.0,12584688.0,
Washington Wizards_2005,9,mariosh01_2005,2.922,2.922,0.0,jamisan01,12330000.0,12584688.0,
Washington Wizards_2005,10,marshdo01_2005,2.9151,2.7552,0.1599,jamisan01,5023850.0,12584688.0,
Detroit Pistons_2005,1,jamesle01_2005,4.9863,4.9863,0.0,hamilri01,4320360.0,7812500.0,
Detroit Pistons_2005,2,ginobma01_2005,4.5987,4.6406,-0.0419,hamilri01,6603500.0,7812500.0,
Detroit Pistons_2005,3,garneke01_2005,4.2365,4.2365,0.0,wallara01,16000000.0,9720000.0,
Detroit Pistons_2005,4,kirilan01_2005,4.0865,3.9021,0.1844,wallara01,1671694.0,9720000.0,
Detroit Pistons_2005,5,duncati01_2005,3.8946,3.8946,0.0,wallara01,14260641.0,9720000.0,
Detroit Pistons_2005,6,mcgratr01_2005,3.6883,3.6883,0.0,hamilri01,14487000.0,7812500.0,
Detroit Pistons_2005,7,nowitdi01_2005,3.4828,3.4828,0.0,wallara01,12584688.0,9720000.0,
Detroit Pistons_2005,8,kiddja01_2005,3.1788,3.2063,-0.0275,hamilri01,14796000.0,7812500.0,
Detroit Pistons_2005,9,cartevi01_2005,2.9308,2.9308,0.0,hamilri01,12584688.0,7812500.0,
Detroit Pistons_2005,10,onealsh01_2005,2.6574,2.3906,0.2668,mcdyean01,27696430.0,4903000.0,
Charlotte Bobcats_2005,1,garneke01_2005,6.468,6.468,0.0,okafoem01,16000000.0,3739680.0,
Charlotte Bobcats_2005,2,kirilan01_2005,6.3197,6.1378,0.1819,okafoem01,1671694.0,3739680.0,
Charlotte Bobcats_2005,3,duncati01_2005,6.1304,6.1304,0.0,okafoem01,14260641.0,3739680.0,
Charlotte Bobcats_2005,4,nowitdi01_2005,5.7237,5.7237,0.0,okafoem01,12584688.0,3739680.0,
Charlotte Bobcats_2005,5,onealsh01_2005,4.8673,4.4769,0.3905,okafoem01,27696430.0,3739680.0,
Charlotte Bobcats_2005,6,ginobma01_2005,4.3973,4.3811,0.0162,boganke01,6603500.0,620046.0,
Charlotte Bobcats_2005,7,piercpa01_2005,4.3403,4.243,0.0973,okafoem01,12584688.0,3739680.0,
Charlotte Bobcats_2005,8,marshdo01_2005,4.064,3.8638,0.2002,okafoem01,5023850.0,3739680.0,
Charlotte Bobcats_2005,9,mariosh01_2005,4.0301,4.0301,0.0,okafoem01,12330000.0,3739680.0,
Charlotte Bobcats_2005,10,lewisra02_2005,4.001,3.8008,0.2002,okafoem01,7792208.0,3739680.0,
Atlanta Hawks_2006,1,jamesle01_2006,6.4526,6.4318,0.0208,harrial01,4621800.0,6957500.0,
Atlanta Hawks_2006,2,nowitdi01_2006,5.8188,5.798,0.0208,harrial01,13843156.0,6957500.0,
Atlanta Hawks_2006,3,wadedw01_2006,5.4984,5.4984,0.0,johnsjo02,3031920.0,12000000.0,
Atlanta Hawks_2006,4,garneke01_2006,5.4151,5.5658,-0.1507,harrial01,18000000.0,6957500.0,
Atlanta Hawks_2006,5,bryanko01_2006,5.2293,5.2293,0.0,johnsjo02,15946875.0,12000000.0,
Atlanta Hawks_2006,6,kirilan01_2006,4.9923,4.9923,-0.0,harrial01,10983000.0,6957500.0,
Atlanta Hawks_2006,7,brandel01_2006,4.576,4.7267,-0.1507,harrial01,13152000.0,6957500.0,
Atlanta Hawks_2006,8,ginobma01_2006,4.4278,4.4278,0.0,johnsjo02,7428937.0,12000000.0,
Atlanta Hawks_2006,9,billuch01_2006,4.1344,4.1344,0.0,johnsjo02,5909800.0,12000000.0,
Atlanta Hawks_2006,10,mcgratr01_2006,4.0626,4.0417,0.0208,harrial01,15694250.0,6957500.0,
Boston Celtics_2006,1,nowitdi01_2006,3.6439,3.8177,-0.1738,lafrera01,13843156.0,10623288.0,
Boston Celtics_2006,2,jamesle01_2006,3.5464,3.5464,0.0,davisri01,4621800.0,5909800.0,
Boston Celtics_2006,3,garneke01_2006,3.4477,3.6452,-0.1976,lafrera01,18000000.0,10623288.0,
Boston Celtics_2006,4,wadedw01_2006,3.1251,3.1251,0.0,davisri01,3031920.0,5909800.0,
Boston Celtics_2006,5,bryanko01_2006,2.9832,2.9832,0.0,davisri01,15946875.0,5909800.0,
Boston Celtics_2006,6,brandel01_2006,2.8244,3.0219,-0.1976,lafrera01,13152000.0,10623288.0,
Boston Celtics_2006,7,kirilan01_2006,2.7371,2.6285,0.1086,davisri01,10983000.0,5909800.0,
Boston Celtics_2006,8,ginobma01_2006,2.607,2.6638,-0.0568,greenor01,7428937.0,398762.0,
Boston Celtics_2006,9,billuch01_2006,2.4985,2.5553,-0.0568,greenor01,5909800.0,398762.0,
Boston Celtics_2006,10,kiddja01_2006,2.3143,2.3143,-0.0,greenor01,16440000.0,398762.0,
Cleveland Cavaliers_2006,1,wadedw01_2006,5.3123,5.4004,-0.0881,snower01,3031920.0,5484375.0,
Cleveland Cavaliers_2006,2,bryanko01_2006,5.1243,5.2124,-0.0881,snower01,15946875.0,5484375.0,
Cleveland Cavaliers_2006,3,ginobma01_2006,4.5644,4.6525,-0.0881,snower01,7428937.0,5484375.0,
Cleveland Cavaliers_2006,4,billuch01_2006,4.3595,4.4476,-0.0881,snower01,5909800.0,5484375.0,
Cleveland Cavaliers_2006,5,nowitdi01_2006,4.2646,4.2772,-0.0127,goodedr01,13843156.0,4065811.0,
Cleveland Cavaliers_2006,6,garneke01_2006,4.0955,4.0955,0.0,goodedr01,18000000.0,4065811.0,
Cleveland Cavaliers_2006,7,kiddja01_2006,3.9924,3.9924,0.0,snower01,16440000.0,5484375.0,
Cleveland Cavaliers_2006,8,nashst01_2006,3.9416,3.9416,0.0,snower01,9625000.0,5484375.0,
Cleveland Cavaliers_2006,9,arenagi01_2006,3.9064,3.9945,-0.0881,snower01,10243200.0,5484375.0,
Cleveland Cavaliers_2006,10,cartevi01_2006,3.8719,3.96,-0.0881,snower01,13843156.0,5484375.0,
New Orleans/Oklahoma City Hornets_2006,1,jamesle01_2006,6.8687,6.7767,0.092,masonde01,4621800.0,7333333.0,
New Orleans/Oklahoma City Hornets_2006,2,nowitdi01_2006,6.3764,6.2844,0.092,masonde01,13843156.0,7333333.0,
New Orleans/Oklahoma City Hornets_2006,3,kirilan01_2006,5.7782,5.6587,0.1195,masonde01,10983000.0,7333333.0,
New Orleans/Oklahoma City Hornets_2006,4,ginobma01_2006,5.6679,5.5759,0.092,masonde01,7428937.0,7333333.0,
New Orleans/Oklahoma City Hornets_2006,5,cartevi01_2006,5.0313,4.9393,0.092,masonde01,13843156.0,7333333.0,
New Orleans/Oklahoma City Hornets_2006,6,mcgratr01_2006,5.0125,4.9205,0.092,masonde01,15694250.0,7333333.0,
New Orleans/Oklahoma City Hornets_2006,7,garneke01_2006,4.9983,4.8944,0.1039,brownpj01,18000000.0,8000000.0,
New Orleans/Oklahoma City Hornets_2006,8,wallage01_2006,4.7976,4.6781,0.1195,masonde01,5000000.0,7333333.0,
New Orleans/Oklahoma City Hornets_2006,9,reddmi01_2006,4.5536,4.4616,0.092,masonde01,12000000.0,7333333.0,
New Orleans/Oklahoma City Hornets_2006,10,mariosh01_2006,4.5378,4.5378,0.0,masonde01,13700000.0,7333333.0,
Chicago Bulls_2006,1,jamesle01_2006,4.5177,4.5177,-0.0,gordobe01,4621800.0,3610200.0,
Chicago Bulls_2006,2,wadedw01_2006,4.2849,4.3221,-0.0372,hinriki01,3031920.0,2513880.0,
Chicago Bulls_2006,3,bryanko01_2006,4.0467,4.0839,-0.0372,hinriki01,15946875.0,2513880.0,
Chicago Bulls_2006,4,nowitdi01_2006,3.3899,3.4754,-0.0855,nocioan01,13843156.0,2775000.0,
Chicago Bulls_2006,5,ginobma01_2006,3.3371,3.3743,-0.0372,hinriki01,7428937.0,2513880.0,
Chicago Bulls_2006,6,garneke01_2006,3.0927,3.2846,-0.1919,nocioan01,18000000.0,2775000.0,
Chicago Bulls_2006,7,billuch01_2006,3.0774,3.1146,-0.0372,hinriki01,5909800.0,2513880.0,
Chicago Bulls_2006,8,kirilan01_2006,2.8189,2.5848,0.2341,denglu01,10983000.0,2443920.0,
Chicago Bulls_2006,9,kiddja01_2006,2.5379,2.5379,-0.0,hinriki01,16440000.0,2513880.0,
Chicago Bulls_2006,10,arenagi01_2006,2.5032,2.5404,-0.0372,hinriki01,10243200.0,2513880.0,
Dallas Mavericks_2006,1,jamesle01_2006,3.5144,3.5144,0.0,stackje01,4621800.0,8367187.0,
Dallas Mavericks_2006,2,garneke01_2006,3.3779,3.6111,-0.2333,dampier01,18000000.0,8662500.0,
Dallas Mavericks_2006,3,wadedw01_2006,3.1441,3.1441,0.0,stackje01,3031920.0,8367187.0,
Dallas Mavericks_2006,4,bryanko01_2006,3.0194,3.0194,0.0,stackje01,15946875.0,8367187.0,
Dallas Mavericks_2006,5,brandel01_2006,2.7971,3.0304,-0.2333,dampier01,13152000.0,8662500.0,
Dallas Mavericks_2006,6,kirilan01_2006,2.7865,2.7077,0.0787,stackje01,10983000.0,8367187.0,
Dallas Mavericks_2006,7,ginobma01_2006,2.648,2.648,0.0,stackje01,7428937.0,8367187.0,
Dallas Mavericks_2006,8,gasolpa01_2006,2.3135,2.5467,-0.2333,dampier01,10993000.0,8662500.0,
Dallas Mavericks_2006,9,duncati01_2006,2.2431,2.4764,-0.2333,dampier01,15845156.0,8662500.0,
Dallas Mavericks_2006,10,cartevi01_2006,2.1886,2.1886,0.0,stackje01,13843156.0,8367187.0,
Denver Nuggets_2006,1,wadedw01_2006,4.6712,4.6733,-0.0021,millean02,3031920.0,8100000.0,
Denver Nuggets_2006,2,jamesle01_2006,4.6228,4.6228,0.0,anthoca01,4621800.0,3713640.0,
Denver Nuggets_2006,3,bryanko01_2006,4.435,4.4371,-0.0021,millean02,15946875.0,8100000.0,
Denver Nuggets_2006,4,nowitdi01_2006,3.9426,3.9426,0.0,anthoca01,13843156.0,3713640.0,
Denver Nuggets_2006,5,ginobma01_2006,3.7315,3.7336,-0.0021,millean02,7428937.0,8100000.0,
Denver Nuggets_2006,6,billuch01_2006,3.474,3.4761,-0.0021,millean02,5909800.0,8100000.0,
Denver Nuggets_2006,7,kirilan01_2006,3.112,3.0779,0.0341,anthoca01,10983000.0,3713640.0,
Denver Nuggets_2006,8,garneke01_2006,3.0849,3.0705,0.0144,elsonfr01,18000000.0,719373.0,
Denver Nuggets_2006,9,arenagi01_2006,2.9047,2.9068,-0.0021,millean02,10243200.0,8100000.0,
Denver Nuggets_2006,10,kiddja01_2006,2.9042,2.9042,-0.0,millean02,16440000.0,8100000.0,
Golden State Warriors_2006,1,jamesle01_2006,5.5025,5.6366,-0.1341,dunlemi02,4621800.0,4506261.0,
Golden State Warriors_2006,2,nowitdi01_2006,5.2582,5.1514,0.1068,murphtr01,13843156.0,7365079.0,
Golden State Warriors_2006,3,garneke01_2006,4.9386,4.9386,-0.0,murphtr01,18000000.0,7365079.0,
Golden State Warriors_2006,4,kirilan01_2006,4.667,4.4131,0.2539,murphtr01,10983000.0,7365079.0,
Golden State Warriors_2006,5,brandel01_2006,4.1698,4.1698,-0.0,murphtr01,13152000.0,7365079.0,
Golden State Warriors_2006,6,gasolpa01_2006,3.5295,3.5295,-0.0,murphtr01,10993000.0,7365079.0,
Golden State Warriors_2006,7,wallage01_2006,3.5099,3.256,0.2539,murphtr01,5000000.0,7365079.0,
Golden State Warriors_2006,8,duncati01_2006,3.4364,3.4364,-0.0,murphtr01,15845156.0,7365079.0,
Golden State Warriors_2006,9,wallabe01_2006,3.4007,2.9757,0.4251,murphtr01,7500000.0,7365079.0,
Golden State Warriors_2006,10,wallara01_2006,3.3297,3.1029,0.2268,murphtr01,10860000.0,7365079.0,
Houston Rockets_2006,1,nowitdi01_2006,6.5612,6.4169,0.1443,howarju01,13843156.0,5900400.0,
Houston Rockets_2006,2,garneke01_2006,6.2835,6.2019,0.0816,howarju01,18000000.0,5900400.0,
Houston Rockets_2006,3,kirilan01_2006,5.9475,5.6707,0.2768,howarju01,10983000.0,5900400.0,
Houston Rockets_2006,4,brandel01_2006,5.5064,5.4248,0.0816,howarju01,13152000.0,5900400.0,
Houston Rockets_2006,5,wadedw01_2006,5.0532,5.0922,-0.0391,wesleda01,3031920.0,5070000.0,
Houston Rockets_2006,6,bryanko01_2006,4.8601,4.8992,-0.0391,wesleda01,15946875.0,5070000.0,
Houston Rockets_2006,7,gasolpa01_2006,4.8592,4.7776,0.0816,howarju01,10993000.0,5900400.0,
Houston Rockets_2006,8,wallage01_2006,4.778,4.5012,0.2768,howarju01,5000000.0,5900400.0,
Houston Rockets_2006,9,duncati01_2006,4.7651,4.6835,0.0816,howarju01,15845156.0,5900400.0,
Houston Rockets_2006,10,wallabe01_2006,4.6249,4.2178,0.4071,howarju01,7500000.0,5900400.0,
Los Angeles Clippers_2006,1,jamesle01_2006,6.1847,6.1847,0.0,moblecu01,4621800.0,7200000.0,
Los Angeles Clippers_2006,2,wadedw01_2006,5.4661,5.4661,0.0,moblecu01,3031920.0,7200000.0,
Los Angeles Clippers_2006,3,bryanko01_2006,5.2241,5.2241,0.0,moblecu01,15946875.0,7200000.0,
Los Angeles Clippers_2006,4,kirilan01_2006,4.8044,4.6192,0.1852,moblecu01,10983000.0,7200000.0,
Los Angeles Clippers_2006,5,nowitdi01_2006,4.6836,4.6735,0.0101,kamanch01,13843156.0,2753760.0,
Los Angeles Clippers_2006,6,garneke01_2006,4.5125,4.4594,0.053,kamanch01,18000000.0,2753760.0,
Los Angeles Clippers_2006,7,ginobma01_2006,4.5032,4.5032,0.0,moblecu01,7428937.0,7200000.0,
Los Angeles Clippers_2006,8,cartevi01_2006,3.6118,3.6118,0.0,moblecu01,13843156.0,7200000.0,
Los Angeles Clippers_2006,9,mcgratr01_2006,3.5854,3.5854,0.0,moblecu01,15694250.0,7200000.0,
Los Angeles Clippers_2006,10,wallage01_2006,3.4311,3.2459,0.1852,moblecu01,5000000.0,7200000.0,
Los Angeles Lakers_2006,1,jamesle01_2006,4.4526,4.6247,-0.1722,odomla01,4621800.0,11465333.0,
Los Angeles Lakers_2006,2,nowitdi01_2006,4.1731,4.3511,-0.178,brownkw01,13843156.0,7500000.0,
Los Angeles Lakers_2006,3,garneke01_2006,3.9018,4.1859,-0.2841,brownkw01,18000000.0,7500000.0,
Los Angeles Lakers_2006,4,billuch01_2006,3.7889,3.8583,-0.0693,parkesm01,5909800.0,745248.0,
Los Angeles Lakers_2006,5,kiddja01_2006,3.307,3.307,0.0,parkesm01,16440000.0,745248.0,
Los Angeles Lakers_2006,6,brandel01_2006,3.3047,3.5888,-0.2841,brownkw01,13152000.0,7500000.0,
Los Angeles Lakers_2006,7,nashst01_2006,3.2454,3.2454,0.0,parkesm01,9625000.0,745248.0,
Los Angeles Lakers_2006,8,arenagi01_2006,3.2401,3.3095,-0.0693,parkesm01,10243200.0,745248.0,
Los Angeles Lakers_2006,9,wadedw01_2006,2.9749,2.9942,-0.0194,vujacsa01,3031920.0,910440.0,
Los Angeles Lakers_2006,10,iversal01_2006,2.9311,3.0004,-0.0693,parkesm01,16453125.0,745248.0,
Miami Heat_2006,1,nowitdi01_2006,4.709,4.603,0.106,hasleud01,13843156.0,5000000.0,
Miami Heat_2006,2,garneke01_2006,4.445,4.3913,0.0537,hasleud01,18000000.0,5000000.0,
Miami Heat_2006,3,bryanko01_2006,4.341,4.3566,-0.0156,paytoga01,15946875.0,1138500.0,
Miami Heat_2006,4,jamesle01_2006,4.2134,4.2374,-0.0241,walkean02,4621800.0,6880000.0,
Miami Heat_2006,5,kirilan01_2006,4.1456,3.8681,0.2775,hasleud01,10983000.0,5000000.0,
Miami Heat_2006,6,ginobma01_2006,3.7829,3.7985,-0.0156,paytoga01,7428937.0,1138500.0,
Miami Heat_2006,7,brandel01_2006,3.6797,3.6259,0.0537,hasleud01,13152000.0,5000000.0,
Miami Heat_2006,8,billuch01_2006,3.5786,3.5942,-0.0156,paytoga01,5909800.0,1138500.0,
Miami Heat_2006,9,kiddja01_2006,3.2171,3.1405,0.0765,paytoga01,16440000.0,1138500.0,
Miami Heat_2006,10,nashst01_2006,3.1664,3.0899,0.0765,paytoga01,9625000.0,1138500.0,
Milwaukee Bucks_2006,1,nowitdi01_2006,6.0792,6.3603,-0.2812,magloja01,13843156.0,8533333.0,
Milwaukee Bucks_2006,2,garneke01_2006,5.8466,6.1558,-0.3093,magloja01,18000000.0,8533333.0,
Milwaukee Bucks_2006,3,brandel01_2006,5.1075,5.4168,-0.3093,magloja01,13152000.0,8533333.0,
Milwaukee Bucks_2006,4,gasolpa01_2006,4.492,4.8013,-0.3093,magloja01,10993000.0,8533333.0,
Milwaukee Bucks_2006,5,jamesle01_2006,4.4282,4.608,-0.1798,simmobo01,4621800.0,8000000.0,
Milwaukee Bucks_2006,6,duncati01_2006,4.4025,4.7118,-0.3093,magloja01,15845156.0,8533333.0,
Milwaukee Bucks_2006,7,wallabe01_2006,4.2689,4.2689,0.0,magloja01,7500000.0,8533333.0,
Milwaukee Bucks_2006,8,wallara01_2006,4.2611,4.3912,-0.1301,magloja01,10860000.0,8533333.0,
Milwaukee Bucks_2006,9,mingya01_2006,4.1042,4.4135,-0.3093,magloja01,5594906.0,8533333.0,
Milwaukee Bucks_2006,10,diawbo01_2006,3.8959,3.9698,-0.0739,magloja01,1174200.0,8533333.0,
Minnesota Timberwolves_2006,1,jamesle01_2006,6.6965,6.6898,0.0068,hassetr01,4621800.0,4350000.0,
Minnesota Timberwolves_2006,2,wadedw01_2006,6.094,6.0872,0.0068,hassetr01,3031920.0,4350000.0,
Minnesota Timberwolves_2006,3,bryanko01_2006,5.8911,5.8843,0.0068,hassetr01,15946875.0,4350000.0,
Minnesota Timberwolves_2006,4,kirilan01_2006,5.5585,5.3771,0.1814,hassetr01,10983000.0,4350000.0,
Minnesota Timberwolves_2006,5,ginobma01_2006,5.2866,5.2799,0.0068,hassetr01,7428937.0,4350000.0,
Minnesota Timberwolves_2006,6,cartevi01_2006,4.5391,4.5324,0.0068,hassetr01,13843156.0,4350000.0,
Minnesota Timberwolves_2006,7,mcgratr01_2006,4.5171,4.5103,0.0068,hassetr01,15694250.0,4350000.0,
Minnesota Timberwolves_2006,8,paulch01_2006,4.2103,4.1243,0.086,hassetr01,3144240.0,4350000.0,
Minnesota Timberwolves_2006,9,allenra02_2006,4.0866,4.0799,0.0068,hassetr01,13223140.0,4350000.0,
Minnesota Timberwolves_2006,10,reddmi01_2006,3.9782,3.9715,0.0068,hassetr01,12000000.0,4350000.0,
New Jersey Nets_2006,1,nowitdi01_2006,5.5385,5.4067,0.1317,krstine01,13843156.0,1010040.0,
New Jersey Nets_2006,2,garneke01_2006,5.198,5.198,0.0,krstine01,18000000.0,1010040.0,
New Jersey Nets_2006,3,brandel01_2006,4.4435,4.4435,0.0,krstine01,13152000.0,1010040.0,
New Jersey Nets_2006,4,jamesle01_2006,3.9254,4.033,-0.1075,jefferi01,4621800.0,10200000.0,
New Jersey Nets_2006,5,gasolpa01_2006,3.8152,3.8152,0.0,krstine01,10993000.0,1010040.0,
New Jersey Nets_2006,6,duncati01_2006,3.7238,3.7238,0.0,krstine01,15845156.0,1010040.0,
New Jersey Nets_2006,7,wallabe01_2006,3.6261,3.2717,0.3543,krstine01,7500000.0,1010040.0,
New Jersey Nets_2006,8,wallara01_2006,3.5862,3.3966,0.1897,krstine01,10860000.0,1010040.0,
New Jersey Nets_2006,9,mingya01_2006,3.4193,3.4193,0.0,krstine01,5594906.0,1010040.0,
New Jersey Nets_2006,10,mariosh01_2006,3.3845,3.3845,0.0,krstine01,13700000.0,1010040.0,
New York Knicks_2006,1,wadedw01_2006,4.2688,4.2688,-0.0,crawfja01,3031920.0,6480000.0,
New York Knicks_2006,2,nowitdi01_2006,4.1651,4.3822,-0.2171,curryed01,13843156.0,7390000.0,
New York Knicks_2006,3,bryanko01_2006,4.0608,4.0608,-0.0,crawfja01,15946875.0,6480000.0,
New York Knicks_2006,4,garneke01_2006,3.929,4.2244,-0.2954,curryed01,18000000.0,7390000.0,
New York Knicks_2006,5,ginobma01_2006,3.4413,3.4413,-0.0,crawfja01,7428937.0,6480000.0,
New York Knicks_2006,6,jamesle01_2006,3.3924,3.4631,-0.0708,richaqu01,4621800.0,6940000.0,
New York Knicks_2006,7,brandel01_2006,3.3587,3.6541,-0.2954,curryed01,13152000.0,7390000.0,
New York Knicks_2006,8,billuch01_2006,3.2145,3.2145,-0.0,crawfja01,5909800.0,6480000.0,
New York Knicks_2006,9,kirilan01_2006,2.8913,2.839,0.0523,tayloma01,10983000.0,9100000.0,
New York Knicks_2006,10,gasolpa01_2006,2.8838,3.1791,-0.2954,curryed01,10993000.0,7390000.0,
Orlando Magic_2006,1,jamesle01_2006,7.2145,7.1516,0.0629,stevede01,4621800.0,2750000.0,
Orlando Magic_2006,2,wadedw01_2006,6.5773,6.5144,0.0629,stevede01,3031920.0,2750000.0,
Orlando Magic_2006,3,bryanko01_2006,6.3627,6.2998,0.0629,stevede01,15946875.0,2750000.0,
Orlando Magic_2006,4,ginobma01_2006,5.7235,5.6606,0.0629,stevede01,7428937.0,2750000.0,
Orlando Magic_2006,5,cartevi01_2006,4.9329,4.87,0.0629,stevede01,13843156.0,2750000.0,
Orlando Magic_2006,6,mcgratr01_2006,4.9096,4.8467,0.0629,stevede01,15694250.0,2750000.0,
Orlando Magic_2006,7,paulch01_2006,4.7109,4.4384,0.2724,stevede01,3144240.0,2750000.0,
Orlando Magic_2006,8,nowitdi01_2006,4.599,4.6141,-0.0152,battito01,13843156.0,5200000.0,
Orlando Magic_2006,9,allenra02_2006,4.4543,4.3914,0.0629,stevede01,13223140.0,2750000.0,
Orlando Magic_2006,10,reddmi01_2006,4.3397,4.2768,0.0629,stevede01,12000000.0,2750000.0,
Indiana Pacers_2006,1,jamesle01_2006,6.0978,6.0978,0.0,jacksst02,4621800.0,5610000.0,
Indiana Pacers_2006,2,wadedw01_2006,5.3938,5.3938,0.0,jacksst02,3031920.0,5610000.0,
Indiana Pacers_2006,3,bryanko01_2006,5.1567,5.1567,0.0,jacksst02,15946875.0,5610000.0,
Indiana Pacers_2006,4,kirilan01_2006,4.6268,4.5642,0.0626,jacksst02,10983000.0,5610000.0,
Indiana Pacers_2006,5,ginobma01_2006,4.4506,4.4506,0.0,jacksst02,7428937.0,5610000.0,
Indiana Pacers_2006,6,cartevi01_2006,3.5772,3.5772,0.0,jacksst02,13843156.0,5610000.0,
Indiana Pacers_2006,7,mcgratr01_2006,3.5515,3.5515,0.0,jacksst02,15694250.0,5610000.0,
Indiana Pacers_2006,8,wallage01_2006,3.2814,3.2189,0.0626,jacksst02,5000000.0,5610000.0,
Indiana Pacers_2006,9,allenra02_2006,3.0485,3.0485,0.0,jacksst02,13223140.0,5610000.0,
Indiana Pacers_2006,10,reddmi01_2006,2.9219,2.9219,0.0,jacksst02,12000000.0,5610000.0,
Philadelphia 76ers_2006,1,nowitdi01_2006,5.7767,5.6551,0.1216,webbech01,13843156.0,19125000.0,
Philadelphia 76ers_2006,2,jamesle01_2006,5.4642,5.5682,-0.104,korveky01,4621800.0,3630363.0,
Philadelphia 76ers_2006,3,garneke01_2006,5.4101,5.4101,0.0,webbech01,18000000.0,19125000.0,
Philadelphia 76ers_2006,4,kirilan01_2006,5.0072,4.8048,0.2024,webbech01,10983000.0,19125000.0,
Philadelphia 76ers_2006,5,wadedw01_2006,4.7614,4.8059,-0.0445,salmojo01,3031920.0,1669001.0,
Philadelphia 76ers_2006,6,bryanko01_2006,4.5948,4.6394,-0.0445,salmojo01,15946875.0,1669001.0,
Philadelphia 76ers_2006,7,brandel01_2006,4.5246,4.5246,0.0,webbech01,13152000.0,19125000.0,
Philadelphia 76ers_2006,8,ginobma01_2006,4.0988,4.1433,-0.0445,salmojo01,7428937.0,1669001.0,
Philadelphia 76ers_2006,9,billuch01_2006,3.9172,3.9618,-0.0445,salmojo01,5909800.0,1669001.0,
Philadelphia 76ers_2006,10,gasolpa01_2006,3.7871,3.7871,0.0,webbech01,10993000.0,19125000.0,
Phoenix Suns_2006,1,jamesle01_2006,5.719,5.7348,-0.0158,bellra01,4621800.0,4250000.0,
Phoenix Suns_2006,2,wadedw01_2006,5.0124,5.0282,-0.0158,bellra01,3031920.0,4250000.0,
Phoenix Suns_2006,3,bryanko01_2006,4.7745,4.7903,-0.0158,bellra01,15946875.0,4250000.0,
Phoenix Suns_2006,4,kirilan01_2006,4.1649,4.1955,-0.0306,bellra01,10983000.0,4250000.0,
Phoenix Suns_2006,5,ginobma01_2006,4.0657,4.0815,-0.0158,bellra01,7428937.0,4250000.0,
Phoenix Suns_2006,6,cartevi01_2006,3.1892,3.205,-0.0158,bellra01,13843156.0,4250000.0,
Phoenix Suns_2006,7,mcgratr01_2006,3.1633,3.1791,-0.0158,bellra01,15694250.0,4250000.0,
Phoenix Suns_2006,8,nowitdi01_2006,2.9153,2.7879,0.1274,thomaku01,13843156.0,6620062.0,
Phoenix Suns_2006,9,wallage01_2006,2.8146,2.8453,-0.0306,bellra01,5000000.0,4250000.0,
Phoenix Suns_2006,10,garneke01_2006,2.7346,2.6704,0.0642,thomaku01,18000000.0,6620062.0,
Portland Trail Blazers_2006,1,nowitdi01_2006,5.8525,5.7044,0.1481,randoza01,13843156.0,10666667.0,
Portland Trail Blazers_2006,2,garneke01_2006,5.4908,5.4908,0.0,randoza01,18000000.0,10666667.0,
Portland Trail Blazers_2006,3,kirilan01_2006,5.1543,4.9632,0.1911,randoza01,10983000.0,10666667.0,
Portland Trail Blazers_2006,4,brandel01_2006,4.719,4.719,0.0,randoza01,13152000.0,10666667.0,
Portland Trail Blazers_2006,5,wadedw01_2006,4.1899,4.1899,-0.0,dixonju01,3031920.0,2500000.0,
Portland Trail Blazers_2006,6,gasolpa01_2006,4.0762,4.0762,0.0,randoza01,10993000.0,10666667.0,
Portland Trail Blazers_2006,7,bryanko01_2006,4.0316,4.0316,-0.0,dixonju01,15946875.0,2500000.0,
Portland Trail Blazers_2006,8,wallage01_2006,3.9927,3.8016,0.1911,randoza01,5000000.0,10666667.0,
Portland Trail Blazers_2006,9,duncati01_2006,3.9827,3.9827,0.0,randoza01,15845156.0,10666667.0,
Portland Trail Blazers_2006,10,wallara01_2006,3.9161,3.6479,0.2682,randoza01,10860000.0,10666667.0,
Sacramento Kings_2006,1,jamesle01_2006,4.7582,4.8998,-0.1416,thomake01,4621800.0,6500000.0,
Sacramento Kings_2006,2,nowitdi01_2006,4.229,4.3706,-0.1416,thomake01,13843156.0,6500000.0,
Sacramento Kings_2006,3,garneke01_2006,3.9844,4.1768,-0.1924,thomake01,18000000.0,6500000.0,
Sacramento Kings_2006,4,kirilan01_2006,3.6979,3.6979,0.0,thomake01,10983000.0,6500000.0,
Sacramento Kings_2006,5,billuch01_2006,3.5079,3.5079,0.0,bibbymi01,5909800.0,11500000.0,
Sacramento Kings_2006,6,brandel01_2006,3.2838,3.4762,-0.1924,thomake01,13152000.0,6500000.0,
Sacramento Kings_2006,7,wadedw01_2006,3.2425,3.2711,-0.0287,martike02,3031920.0,937440.0,
Sacramento Kings_2006,8,bryanko01_2006,3.0849,3.1136,-0.0287,martike02,15946875.0,937440.0,
Sacramento Kings_2006,9,arenagi01_2006,2.8832,2.8832,0.0,bibbymi01,10243200.0,11500000.0,
Sacramento Kings_2006,10,kiddja01_2006,2.7895,2.8803,-0.0908,bibbymi01,16440000.0,11500000.0,
San Antonio Spurs_2006,1,jamesle01_2006,5.1922,5.2962,-0.104,bowenbr01,4621800.0,3375000.0,
San Antonio Spurs_2006,2,nowitdi01_2006,4.5606,4.6645,-0.104,bowenbr01,13843156.0,3375000.0,
San Antonio Spurs_2006,3,kirilan01_2006,3.9283,3.8615,0.0668,bowenbr01,10983000.0,3375000.0,
San Antonio Spurs_2006,4,wadedw01_2006,3.3644,3.424,-0.0597,finlemi01,3031920.0,15937500.0,
San Antonio Spurs_2006,5,bryanko01_2006,3.1985,3.2582,-0.0597,finlemi01,15946875.0,15937500.0,
San Antonio Spurs_2006,6,garneke01_2006,2.8623,2.8449,0.0175,mohamna01,18000000.0,5500000.0,
San Antonio Spurs_2006,7,cartevi01_2006,2.8343,2.9383,-0.104,bowenbr01,13843156.0,3375000.0,
San Antonio Spurs_2006,8,mcgratr01_2006,2.8102,2.9142,-0.104,bowenbr01,15694250.0,3375000.0,
San Antonio Spurs_2006,9,wallage01_2006,2.6698,2.603,0.0668,bowenbr01,5000000.0,3375000.0,
San Antonio Spurs_2006,10,brandel01_2006,2.4387,2.4212,0.0175,mohamna01,13152000.0,5500000.0,
Seattle SuperSonics_2006,1,jamesle01_2006,4.6143,4.6143,0.0,lewisra02,4621800.0,8571429.0,
Seattle SuperSonics_2006,2,nowitdi01_2006,3.9483,3.9483,0.0,lewisra02,13843156.0,8571429.0,
Seattle SuperSonics_2006,3,billuch01_2006,3.8664,4.1177,-0.2514,ridnolu01,5909800.0,1638000.0,
Seattle SuperSonics_2006,4,kiddja01_2006,3.5974,3.5974,0.0,ridnolu01,16440000.0,1638000.0,
Seattle SuperSonics_2006,5,nashst01_2006,3.5393,3.5393,0.0,ridnolu01,9625000.0,1638000.0,
Seattle SuperSonics_2006,6,arenagi01_2006,3.3484,3.5997,-0.2514,ridnolu01,10243200.0,1638000.0,
Seattle SuperSonics_2006,7,kirilan01_2006,3.3167,3.1016,0.2151,lewisra02,10983000.0,8571429.0,
Seattle SuperSonics_2006,8,garneke01_2006,3.2412,3.3033,-0.0621,petrojo01,18000000.0,936600.0,
Seattle SuperSonics_2006,9,paulch01_2006,3.1281,3.1281,0.0,ridnolu01,3144240.0,1638000.0,
Seattle SuperSonics_2006,10,iversal01_2006,3.0566,3.308,-0.2514,ridnolu01,16453125.0,1638000.0,
Toronto Raptors_2006,1,jamesle01_2006,6.187,6.3365,-0.1495,petermo01,4621800.0,4550000.0,
Toronto Raptors_2006,2,wadedw01_2006,5.4347,5.5842,-0.1495,petermo01,3031920.0,4550000.0,
Toronto Raptors_2006,3,bryanko01_2006,5.1814,5.3308,-0.1495,petermo01,15946875.0,4550000.0,
Toronto Raptors_2006,4,ginobma01_2006,4.4267,4.5762,-0.1495,petermo01,7428937.0,4550000.0,
Toronto Raptors_2006,5,nowitdi01_2006,4.3726,4.3343,0.0383,villach01,13843156.0,2360880.0,
Toronto Raptors_2006,6,garneke01_2006,4.1351,4.1351,0.0,villach01,18000000.0,2360880.0,
Toronto Raptors_2006,7,kirilan01_2006,3.8189,3.643,0.1759,villach01,10983000.0,2360880.0,
Toronto Raptors_2006,8,cartevi01_2006,3.4935,3.6429,-0.1495,petermo01,13843156.0,4550000.0,
Toronto Raptors_2006,9,mcgratr01_2006,3.4659,3.6154,-0.1495,petermo01,15694250.0,4550000.0,
Toronto Raptors_2006,10,brandel01_2006,3.4152,3.4152,0.0,villach01,13152000.0,2360880.0,
Utah Jazz_2006,1,wadedw01_2006,5.0962,4.9871,0.1092,willide01,3031920.0,3487400.0,
Utah Jazz_2006,2,bryanko01_2006,4.9082,4.799,0.1092,willide01,15946875.0,3487400.0,
Utah Jazz_2006,3,nowitdi01_2006,4.5808,4.3536,0.2272,okurme01,13843156.0,8250000.0,
Utah Jazz_2006,4,jamesle01_2006,4.5184,4.5126,0.0058,brownde02,4621800.0,2500000.0,
Utah Jazz_2006,5,ginobma01_2006,4.3481,4.2389,0.1092,willide01,7428937.0,3487400.0,
Utah Jazz_2006,6,billuch01_2006,4.143,4.0339,0.1092,willide01,5909800.0,3487400.0,
Utah Jazz_2006,7,garneke01_2006,4.1057,4.1057,0.0,okurme01,18000000.0,8250000.0,
Utah Jazz_2006,8,arenagi01_2006,3.6898,3.5806,0.1092,willide01,10243200.0,3487400.0,
Utah Jazz_2006,9,cartevi01_2006,3.6553,3.5462,0.1092,willide01,13843156.0,3487400.0,
Utah Jazz_2006,10,kiddja01_2006,3.5786,3.5786,0.0,willide01,16440000.0,3487400.0,
Memphis Grizzlies_2006,1,jamesle01_2006,3.6632,3.7923,-0.129,battish01,4621800.0,4903000.0,
Memphis Grizzlies_2006,2,nowitdi01_2006,3.4813,3.4003,0.081,wrighlo02,13843156.0,7700000.0,
Memphis Grizzlies_2006,3,garneke01_2006,3.2758,3.2612,0.0146,wrighlo02,18000000.0,7700000.0,
Memphis Grizzlies_2006,4,wadedw01_2006,2.8463,2.9145,-0.0683,jonesed02,3031920.0,14576250.0,
Memphis Grizzlies_2006,5,brandel01_2006,2.773,2.7585,0.0146,wrighlo02,13152000.0,7700000.0,
Memphis Grizzlies_2006,6,bryanko01_2006,2.6915,2.6915,0.0,jacksbo01,15946875.0,3375000.0,
Memphis Grizzlies_2006,7,kirilan01_2006,2.3059,2.3059,0.0,battish01,10983000.0,4903000.0,
Memphis Grizzlies_2006,8,duncati01_2006,2.2935,2.2789,0.0146,wrighlo02,15845156.0,7700000.0,
Memphis Grizzlies_2006,9,wallabe01_2006,2.1995,1.9776,0.2219,wrighlo02,7500000.0,7700000.0,
Memphis Grizzlies_2006,10,ginobma01_2006,2.1872,2.2236,-0.0364,jonesda02,7428937.0,1223160.0,
Washington Wizards_2006,1,jamesle01_2006,5.2584,5.2584,-0.0,butleca01,4621800.0,2461617.0,
Washington Wizards_2006,2,wadedw01_2006,4.6035,4.6035,-0.0,butleca01,3031920.0,2461617.0,
Washington Wizards_2006,3,nowitdi01_2006,4.437,4.7077,-0.2708,jamisan01,13843156.0,13843156.0,
Washington Wizards_2006,4,bryanko01_2006,4.3829,4.3829,-0.0,butleca01,15946875.0,2461617.0,
Washington Wizards_2006,5,garneke01_2006,4.1837,4.4282,-0.2445,jamisan01,18000000.0,13843156.0,
Washington Wizards_2006,6,kirilan01_2006,4.0391,3.8317,0.2074,butleca01,10983000.0,2461617.0,
Washington Wizards_2006,7,ginobma01_2006,3.726,3.726,-0.0,butleca01,7428937.0,2461617.0,
Washington Wizards_2006,8,billuch01_2006,3.2495,3.2495,-0.0,daniean01,5909800.0,5000000.0,
Washington Wizards_2006,9,brandel01_2006,3.1733,3.4178,-0.2445,jamisan01,13152000.0,13843156.0,
Washington Wizards_2006,10,kiddja01_2006,2.9781,2.8042,0.1739,daniean01,16440000.0,5000000.0,
Detroit Pistons_2006,1,jamesle01_2006,5.2772,5.2772,0.0,hamilri01,4621800.0,8625000.0,
Detroit Pistons_2006,2,wadedw01_2006,4.5984,4.5984,0.0,hamilri01,3031920.0,8625000.0,
Detroit Pistons_2006,3,bryanko01_2006,4.3698,4.3698,0.0,hamilri01,15946875.0,8625000.0,
Detroit Pistons_2006,4,ginobma01_2006,3.689,3.689,0.0,hamilri01,7428937.0,8625000.0,
Detroit Pistons_2006,5,kirilan01_2006,3.6397,3.51,0.1298,princta01,10983000.0,1763115.0,
Detroit Pistons_2006,6,nowitdi01_2006,3.4983,3.4539,0.0444,mcdyean01,13843156.0,5393300.0,
Detroit Pistons_2006,7,garneke01_2006,3.3274,3.3075,0.0199,mcdyean01,18000000.0,5393300.0,
Detroit Pistons_2006,8,nashst01_2006,3.0275,2.8246,0.2029,hamilri01,9625000.0,8625000.0,
Detroit Pistons_2006,9,cartevi01_2006,2.847,2.847,0.0,hamilri01,13843156.0,8625000.0,
Detroit Pistons_2006,10,brandel01_2006,2.7982,2.7783,0.0199,mcdyean01,13152000.0,5393300.0,
Charlotte Bobcats_2006,1,nowitdi01_2006,5.6383,5.4185,0.2198,brezepr01,13843156.0,2750000.0,
Charlotte Bobcats_2006,2,garneke01_2006,5.3031,5.2368,0.0663,brezepr01,18000000.0,2750000.0,
Charlotte Bobcats_2006,3,jamesle01_2006,5.0039,5.0234,-0.0196,jonesju01,4621800.0,1875000.0,
Charlotte Bobcats_2006,4,brandel01_2006,4.6464,4.5801,0.0663,brezepr01,13152000.0,2750000.0,
Charlotte Bobcats_2006,5,wadedw01_2006,4.1927,4.1699,0.0228,feltora01,3031920.0,2847360.0,
Charlotte Bobcats_2006,6,gasolpa01_2006,4.0994,4.0332,0.0663,brezepr01,10993000.0,2750000.0,
Charlotte Bobcats_2006,7,duncati01_2006,4.0199,3.9536,0.0663,brezepr01,15845156.0,2750000.0,
Charlotte Bobcats_2006,8,wallabe01_2006,4.0084,3.5601,0.4483,brezepr01,7500000.0,2750000.0,
Charlotte Bobcats_2006,9,bryanko01_2006,3.9976,3.9748,0.0228,feltora01,15946875.0,2847360.0,
Charlotte Bobcats_2006,10,wallara01_2006,3.9377,3.6688,0.269,brezepr01,10860000.0,2750000.0,
Atlanta Hawks_2007,1,jamesle01_2007,5.2892,5.1662,0.123,willima02,5828090.0,4174800.0,
Atlanta Hawks_2007,2,nowitdi01_2007,5.1257,5.1504,-0.0247,willima02,15101625.0,4174800.0,
Atlanta Hawks_2007,3,duncati01_2007,4.7683,4.793,-0.0247,willima02,17429672.0,4174800.0,
Atlanta Hawks_2007,4,garneke01_2007,4.0219,4.0466,-0.0247,willima02,21000000.0,4174800.0,
Atlanta Hawks_2007,5,mariosh01_2007,3.4372,3.3271,0.1101,willima02,15070000.0,4174800.0,
Atlanta Hawks_2007,6,ginobma01_2007,3.2809,3.3243,-0.0435,smithjo03,8254375.0,1460640.0,
Atlanta Hawks_2007,7,leeda02_2007,3.2687,3.006,0.2627,willima02,926040.0,4174800.0,
Atlanta Hawks_2007,8,lewisra02_2007,3.2064,3.0834,0.123,willima02,9350649.0,4174800.0,
Atlanta Hawks_2007,9,cambyma01_2007,3.0615,3.0862,-0.0247,willima02,8800000.0,4174800.0,
Atlanta Hawks_2007,10,boozeca01_2007,3.0418,3.0665,-0.0247,willima02,11260483.0,4174800.0,
Boston Celtics_2007,1,jamesle01_2007,5.401,5.3075,0.0935,gomesry01,5828090.0,664209.0,
Boston Celtics_2007,2,nowitdi01_2007,5.3164,5.2911,0.0254,gomesry01,15101625.0,664209.0,
Boston Celtics_2007,3,duncati01_2007,4.9445,4.9191,0.0254,gomesry01,17429672.0,664209.0,
Boston Celtics_2007,4,garneke01_2007,4.1676,4.1422,0.0254,gomesry01,21000000.0,664209.0,
Boston Celtics_2007,5,ginobma01_2007,4.0071,4.0399,-0.0328,westde01,8254375.0,1080480.0,
Boston Celtics_2007,6,wadedw01_2007,3.8757,3.9086,-0.0328,westde01,3841443.0,1080480.0,
Boston Celtics_2007,7,mariosh01_2007,3.6148,3.3933,0.2215,gomesry01,15070000.0,664209.0,
Boston Celtics_2007,8,leeda02_2007,3.463,3.0592,0.4039,gomesry01,926040.0,664209.0,
Boston Celtics_2007,9,nashst01_2007,3.2946,3.2946,0.0,westde01,10500000.0,1080480.0,
Boston Celtics_2007,10,lewisra02_2007,3.2332,3.1397,0.0935,gomesry01,9350649.0,664209.0,
Cleveland Cavaliers_2007,1,ginobma01_2007,4.819,4.819,0.0,hughela01,8254375.0,13363012.0,
Cleveland Cavaliers_2007,2,wadedw01_2007,4.6649,4.6649,0.0,hughela01,3841443.0,13363012.0,
Cleveland Cavaliers_2007,3,nowitdi01_2007,4.6055,4.6055,0.0,goodedr01,15101625.0,6645402.0,
Cleveland Cavaliers_2007,4,duncati01_2007,4.2425,4.2425,0.0,goodedr01,17429672.0,6645402.0,
Cleveland Cavaliers_2007,5,nashst01_2007,4.0021,3.9447,0.0574,hughela01,10500000.0,13363012.0,
Cleveland Cavaliers_2007,6,mcgratr01_2007,3.7247,3.7247,0.0,hughela01,16901500.0,13363012.0,
Cleveland Cavaliers_2007,7,bryanko01_2007,3.6087,3.6087,0.0,hughela01,17718750.0,13363012.0,
Cleveland Cavaliers_2007,8,garneke01_2007,3.4843,3.4843,0.0,goodedr01,21000000.0,6645402.0,
Cleveland Cavaliers_2007,9,billuch01_2007,3.2489,3.2489,-0.0,snower01,6364400.0,6093750.0,
Cleveland Cavaliers_2007,10,arenagi01_2007,3.2117,3.2966,-0.0849,snower01,11096800.0,6093750.0,
New Orleans/Oklahoma City Hornets_2007,1,jamesle01_2007,6.8905,7.0177,-0.1272,masonde01,5828090.0,8037037.0,
New Orleans/Oklahoma City Hornets_2007,2,ginobma01_2007,6.6036,6.7308,-0.1272,masonde01,8254375.0,8037037.0,
New Orleans/Oklahoma City Hornets_2007,3,mcgratr01_2007,5.5155,5.6427,-0.1272,masonde01,16901500.0,8037037.0,
New Orleans/Oklahoma City Hornets_2007,4,bryanko01_2007,5.4001,5.5273,-0.1272,masonde01,17718750.0,8037037.0,
New Orleans/Oklahoma City Hornets_2007,5,mariosh01_2007,4.8266,4.8266,0.0,masonde01,15070000.0,8037037.0,
New Orleans/Oklahoma City Hornets_2007,6,leeda02_2007,4.5448,4.4441,0.1007,masonde01,926040.0,8037037.0,
New Orleans/Oklahoma City Hornets_2007,7,piercpa01_2007,4.4391,4.5663,-0.1272,masonde01,15101625.0,8037037.0,
New Orleans/Oklahoma City Hornets_2007,8,lewisra02_2007,4.4091,4.5363,-0.1272,masonde01,9350649.0,8037037.0,
New Orleans/Oklahoma City Hornets_2007,9,cartevi01_2007,4.4052,4.5324,-0.1272,masonde01,15101625.0,8037037.0,
New Orleans/Oklahoma City Hornets_2007,10,brandel01_2007,4.2716,4.4483,-0.1768,masonde01,14248000.0,8037037.0,
Chicago Bulls_2007,1,jamesle01_2007,3.5314,3.4009,0.1305,denglu01,5828090.0,2614440.0,
Chicago Bulls_2007,2,nowitdi01_2007,3.3844,3.3785,0.0059,denglu01,15101625.0,2614440.0,
Chicago Bulls_2007,3,ginobma01_2007,3.19,3.0595,0.1305,denglu01,8254375.0,2614440.0,
Chicago Bulls_2007,4,duncati01_2007,3.0559,3.0667,-0.0108,brownpj01,17429672.0,8560000.0,
Chicago Bulls_2007,5,wadedw01_2007,3.0089,3.0303,-0.0214,hinriki01,3841443.0,3192628.0,
Chicago Bulls_2007,6,garneke01_2007,2.5634,2.5742,-0.0108,brownpj01,21000000.0,8560000.0,
Chicago Bulls_2007,7,nashst01_2007,2.3613,2.3613,0.0,duhonch01,10500000.0,3024000.0,
Chicago Bulls_2007,8,mingya01_2007,2.0962,2.107,-0.0108,brownpj01,12455000.0,8560000.0,
Chicago Bulls_2007,9,leeda02_2007,2.0683,1.8877,0.1806,brownpj01,926040.0,8560000.0,
Chicago Bulls_2007,10,mcgratr01_2007,1.9793,2.0007,-0.0214,hinriki01,16901500.0,3192628.0,
Dallas Mavericks_2007,1,jamesle01_2007,2.936,3.031,-0.0949,buckngr01,5828090.0,3240741.0,
Dallas Mavericks_2007,2,ginobma01_2007,2.7821,2.877,-0.0949,buckngr01,8254375.0,3240741.0,
Dallas Mavericks_2007,3,wadedw01_2007,2.6998,2.7948,-0.0949,buckngr01,3841443.0,3240741.0,
Dallas Mavericks_2007,4,duncati01_2007,2.5641,2.8111,-0.247,dampier01,17429672.0,9628000.0,
Dallas Mavericks_2007,5,mcgratr01_2007,2.1981,2.293,-0.0949,buckngr01,16901500.0,3240741.0,
Dallas Mavericks_2007,6,bryanko01_2007,2.1362,2.2311,-0.0949,buckngr01,17718750.0,3240741.0,
Dallas Mavericks_2007,7,garneke01_2007,2.0203,2.1067,-0.0863,georgde01,21000000.0,1974259.0,
Dallas Mavericks_2007,8,mariosh01_2007,1.878,1.8551,0.0229,buckngr01,15070000.0,3240741.0,
Dallas Mavericks_2007,9,nashst01_2007,1.7337,1.7337,0.0,harride01,10500000.0,3153120.0,
Dallas Mavericks_2007,10,piercpa01_2007,1.6204,1.7154,-0.0949,buckngr01,15101625.0,3240741.0,
Denver Nuggets_2007,1,jamesle01_2007,3.7505,3.7505,0.0,anthoca01,5828090.0,4694041.0,
Denver Nuggets_2007,2,ginobma01_2007,3.4734,3.4734,0.0,anthoca01,8254375.0,4694041.0,
Denver Nuggets_2007,3,wadedw01_2007,3.2538,3.3577,-0.1038,blakest01,3841443.0,1330000.0,
Denver Nuggets_2007,4,nowitdi01_2007,3.0705,3.1713,-0.1009,kleizli01,15101625.0,945360.0,
Denver Nuggets_2007,5,nashst01_2007,2.9085,2.9085,0.0,blakest01,10500000.0,1330000.0,
Denver Nuggets_2007,6,duncati01_2007,2.825,2.9259,-0.1009,kleizli01,17429672.0,945360.0,
Denver Nuggets_2007,7,mcgratr01_2007,2.4225,2.4225,0.0,anthoca01,16901500.0,4694041.0,
Denver Nuggets_2007,8,billuch01_2007,2.4093,2.4093,0.0,blakest01,6364400.0,1330000.0,
Denver Nuggets_2007,9,arenagi01_2007,2.3458,2.4496,-0.1038,blakest01,11096800.0,1330000.0,
Denver Nuggets_2007,10,garneke01_2007,2.3124,2.4132,-0.1009,kleizli01,21000000.0,945360.0,
Golden State Warriors_2007,1,ginobma01_2007,4.816,4.9179,-0.1019,ellismo01,8254375.0,664209.0,
Golden State Warriors_2007,2,wadedw01_2007,4.659,4.7609,-0.1019,ellismo01,3841443.0,664209.0,
Golden State Warriors_2007,3,jamesle01_2007,4.3254,4.3856,-0.0602,pietrmi01,5828090.0,2535260.0,
Golden State Warriors_2007,4,nashst01_2007,4.0273,4.0273,0.0,ellismo01,10500000.0,664209.0,
Golden State Warriors_2007,5,mcgratr01_2007,3.7013,3.8032,-0.1019,ellismo01,16901500.0,664209.0,
Golden State Warriors_2007,6,nowitdi01_2007,3.59,4.0215,-0.4315,biedran01,15101625.0,1986960.0,
Golden State Warriors_2007,7,bryanko01_2007,3.5831,3.685,-0.1019,ellismo01,17718750.0,664209.0,
Golden State Warriors_2007,8,billuch01_2007,3.2118,3.2118,0.0,ellismo01,6364400.0,664209.0,
Golden State Warriors_2007,9,duncati01_2007,3.2003,3.6317,-0.4315,biedran01,17429672.0,1986960.0,
Golden State Warriors_2007,10,arenagi01_2007,3.1757,3.2776,-0.1019,ellismo01,11096800.0,664209.0,
Houston Rockets_2007,1,nowitdi01_2007,4.9522,4.9006,0.0516,howarju01,15101625.0,6392100.0,
Houston Rockets_2007,2,duncati01_2007,4.6078,4.5562,0.0516,howarju01,17429672.0,6392100.0,
Houston Rockets_2007,3,wadedw01_2007,4.0782,4.2068,-0.1286,alstora01,3841443.0,4200000.0,
Houston Rockets_2007,4,garneke01_2007,3.8885,3.8368,0.0516,howarju01,21000000.0,6392100.0,
Houston Rockets_2007,5,jamesle01_2007,3.7321,3.8597,-0.1276,battish01,5828090.0,5393300.0,
Houston Rockets_2007,6,ginobma01_2007,3.4513,3.5158,-0.0645,headlu01,8254375.0,1048800.0,
Houston Rockets_2007,7,nashst01_2007,3.359,3.359,0.0,alstora01,10500000.0,4200000.0,
Houston Rockets_2007,8,leeda02_2007,3.1579,2.834,0.3238,howarju01,926040.0,6392100.0,
Houston Rockets_2007,9,lewisra02_2007,3.0225,2.9086,0.1139,howarju01,9350649.0,6392100.0,
Houston Rockets_2007,10,cambyma01_2007,2.9629,2.9113,0.0516,howarju01,8800000.0,6392100.0,
Los Angeles Clippers_2007,1,jamesle01_2007,5.6873,5.7388,-0.0515,moblecu01,5828090.0,8125000.0,
Los Angeles Clippers_2007,2,nowitdi01_2007,5.4784,5.4685,0.0099,kamanch01,15101625.0,3491768.0,
Los Angeles Clippers_2007,3,ginobma01_2007,5.3708,5.4223,-0.0515,moblecu01,8254375.0,8125000.0,
Los Angeles Clippers_2007,4,wadedw01_2007,5.2017,5.2532,-0.0515,moblecu01,3841443.0,8125000.0,
Los Angeles Clippers_2007,5,duncati01_2007,5.1273,5.1174,0.0099,kamanch01,17429672.0,3491768.0,
Los Angeles Clippers_2007,6,garneke01_2007,4.394,4.3841,0.0099,kamanch01,21000000.0,3491768.0,
Los Angeles Clippers_2007,7,mcgratr01_2007,4.1702,4.2216,-0.0515,moblecu01,16901500.0,8125000.0,
Los Angeles Clippers_2007,8,bryanko01_2007,4.0428,4.0943,-0.0515,moblecu01,17718750.0,8125000.0,
Los Angeles Clippers_2007,9,mingya01_2007,3.6984,3.6885,0.0099,kamanch01,12455000.0,3491768.0,
Los Angeles Clippers_2007,10,leeda02_2007,3.6559,3.3619,0.294,kamanch01,926040.0,3491768.0,
Los Angeles Lakers_2007,1,wadedw01_2007,5.5125,5.5735,-0.061,parkesm01,3841443.0,798112.0,
Los Angeles Lakers_2007,2,nashst01_2007,4.8852,4.8852,0.0,parkesm01,10500000.0,798112.0,
Los Angeles Lakers_2007,3,arenagi01_2007,4.1208,4.1818,-0.061,parkesm01,11096800.0,798112.0,
Los Angeles Lakers_2007,4,billuch01_2007,4.1201,4.1201,0.0,parkesm01,6364400.0,798112.0,
Los Angeles Lakers_2007,5,kiddja01_2007,3.959,3.959,0.0,parkesm01,18084000.0,798112.0,
Los Angeles Lakers_2007,6,davisba01_2007,3.8443,3.8443,0.0,parkesm01,15070000.0,798112.0,
Los Angeles Lakers_2007,7,paulch01_2007,3.7785,3.7785,0.0,parkesm01,3380160.0,798112.0,
Los Angeles Lakers_2007,8,terryja01_2007,3.5687,3.6297,-0.061,parkesm01,8100000.0,798112.0,
Los Angeles Lakers_2007,9,jamesle01_2007,3.5093,3.5848,-0.0755,waltolu01,5828090.0,1375000.0,
Los Angeles Lakers_2007,10,nowitdi01_2007,3.4164,3.6882,-0.2718,bynuman01,15101625.0,2030280.0,
Miami Heat_2007,1,nowitdi01_2007,5.6747,5.6365,0.0383,hasleud01,15101625.0,5525000.0,
Miami Heat_2007,2,duncati01_2007,5.2624,5.2241,0.0383,hasleud01,17429672.0,5525000.0,
Miami Heat_2007,3,garneke01_2007,4.401,4.3627,0.0383,hasleud01,21000000.0,5525000.0,
Miami Heat_2007,4,jamesle01_2007,4.3,4.3684,-0.0684,walkean02,5828090.0,7606820.0,
Miami Heat_2007,5,mariosh01_2007,3.7747,3.5324,0.2423,hasleud01,15070000.0,5525000.0,
Miami Heat_2007,6,mingya01_2007,3.5838,3.5455,0.0383,hasleud01,12455000.0,5525000.0,
Miami Heat_2007,7,leeda02_2007,3.5387,3.1619,0.3768,hasleud01,926040.0,5525000.0,
Miami Heat_2007,8,lewisra02_2007,3.3937,3.2512,0.1425,hasleud01,9350649.0,5525000.0,
Miami Heat_2007,9,cambyma01_2007,3.2927,3.2544,0.0383,hasleud01,8800000.0,5525000.0,
Miami Heat_2007,10,boozeca01_2007,3.2699,3.2317,0.0383,hasleud01,11260483.0,5525000.0,
Milwaukee Bucks_2007,1,jamesle01_2007,6.012,6.1328,-0.1209,bellch01,5828090.0,744551.0,
Milwaukee Bucks_2007,2,ginobma01_2007,5.6976,5.8185,-0.1209,bellch01,8254375.0,744551.0,
Milwaukee Bucks_2007,3,wadedw01_2007,5.5297,5.6506,-0.1209,bellch01,3841443.0,744551.0,
Milwaukee Bucks_2007,4,mcgratr01_2007,4.5051,4.626,-0.1209,bellch01,16901500.0,744551.0,
Milwaukee Bucks_2007,5,bryanko01_2007,4.3787,4.4995,-0.1209,bellch01,17718750.0,744551.0,
Milwaukee Bucks_2007,6,nowitdi01_2007,4.1674,4.1447,0.0227,bogutan01,15101625.0,4665960.0,
Milwaukee Bucks_2007,7,kiddja01_2007,3.8699,3.8097,0.0603,bellch01,18084000.0,744551.0,
Milwaukee Bucks_2007,8,duncati01_2007,3.7968,3.774,0.0227,bogutan01,17429672.0,4665960.0,
Milwaukee Bucks_2007,9,nashst01_2007,3.7567,3.6153,0.1414,willima01,10500000.0,1920000.0,
Milwaukee Bucks_2007,10,davisba01_2007,3.7392,3.6789,0.0603,bellch01,15070000.0,744551.0,
Minnesota Timberwolves_2007,1,nowitdi01_2007,6.6707,6.676,-0.0053,blounma01,15101625.0,7288165.0,
Minnesota Timberwolves_2007,2,duncati01_2007,6.2558,6.2611,-0.0053,blounma01,17429672.0,7288165.0,
Minnesota Timberwolves_2007,3,jamesle01_2007,5.3848,5.3848,0.0,davisri01,5828090.0,6364400.0,
Minnesota Timberwolves_2007,4,ginobma01_2007,5.0506,5.0506,0.0,davisri01,8254375.0,6364400.0,
Minnesota Timberwolves_2007,5,wadedw01_2007,4.7333,4.7015,0.0318,hassetr01,3841443.0,4350000.0,
Minnesota Timberwolves_2007,6,leeda02_2007,4.5813,4.1863,0.395,blounma01,926040.0,7288165.0,
Minnesota Timberwolves_2007,7,mingya01_2007,4.567,4.5723,-0.0053,blounma01,12455000.0,7288165.0,
Minnesota Timberwolves_2007,8,cambyma01_2007,4.2741,4.2794,-0.0053,blounma01,8800000.0,7288165.0,
Minnesota Timberwolves_2007,9,boozeca01_2007,4.2512,4.2565,-0.0053,blounma01,11260483.0,7288165.0,
Minnesota Timberwolves_2007,10,howardw01_2007,4.2046,3.8095,0.395,blounma01,4806720.0,7288165.0,
New Jersey Nets_2007,1,nowitdi01_2007,4.7481,5.008,-0.2599,collija04,15101625.0,5800000.0,
New Jersey Nets_2007,2,duncati01_2007,4.4497,4.7096,-0.2599,collija04,17429672.0,5800000.0,
New Jersey Nets_2007,3,jamesle01_2007,3.9262,4.0281,-0.102,jefferi01,5828090.0,11200000.0,
New Jersey Nets_2007,4,garneke01_2007,3.8265,4.0864,-0.2599,collija04,21000000.0,5800000.0,
New Jersey Nets_2007,5,ginobma01_2007,3.7095,3.8114,-0.102,jefferi01,8254375.0,11200000.0,
New Jersey Nets_2007,6,mariosh01_2007,3.3615,3.4857,-0.1242,collija04,15070000.0,5800000.0,
New Jersey Nets_2007,7,mingya01_2007,3.2353,3.4952,-0.2599,collija04,12455000.0,5800000.0,
New Jersey Nets_2007,8,leeda02_2007,3.2176,3.2176,0.0,collija04,926040.0,5800000.0,
New Jersey Nets_2007,9,lewisra02_2007,3.0997,3.2822,-0.1825,collija04,9350649.0,5800000.0,
New Jersey Nets_2007,10,cambyma01_2007,3.0246,3.2845,-0.2599,collija04,8800000.0,5800000.0,
New York Knicks_2007,1,nowitdi01_2007,6.0279,6.4486,-0.4207,curryed01,15101625.0,8171103.0,
New York Knicks_2007,2,duncati01_2007,5.5665,5.9871,-0.4207,curryed01,17429672.0,8171103.0,
New York Knicks_2007,3,garneke01_2007,4.6026,5.0232,-0.4207,curryed01,21000000.0,8171103.0,
New York Knicks_2007,4,jamesle01_2007,4.3967,4.3967,0.0,crawfja01,5828090.0,7200000.0,
New York Knicks_2007,5,wadedw01_2007,4.2917,4.4299,-0.1382,marbust01,3841443.0,17184375.0,
New York Knicks_2007,6,ginobma01_2007,4.1521,4.1521,0.0,crawfja01,8254375.0,7200000.0,
New York Knicks_2007,7,mingya01_2007,3.6882,4.1088,-0.4207,curryed01,12455000.0,8171103.0,
New York Knicks_2007,8,nashst01_2007,3.6768,3.6768,0.0,marbust01,10500000.0,17184375.0,
New York Knicks_2007,9,cambyma01_2007,3.3624,3.7831,-0.4207,curryed01,8800000.0,8171103.0,
New York Knicks_2007,10,boozeca01_2007,3.337,3.7576,-0.4207,curryed01,11260483.0,8171103.0,
Orlando Magic_2007,1,wadedw01_2007,4.1616,4.4063,-0.2447,nelsoja01,3841443.0,1272120.0,
Orlando Magic_2007,2,nashst01_2007,3.7511,3.7511,0.0,nelsoja01,10500000.0,1272120.0,
Orlando Magic_2007,3,jamesle01_2007,3.6054,3.6054,0.0,turkohe01,5828090.0,5883600.0,
Orlando Magic_2007,4,nowitdi01_2007,3.6046,3.6125,-0.0079,milicda01,15101625.0,5218622.0,
Orlando Magic_2007,5,ginobma01_2007,3.3518,3.3518,0.0,turkohe01,8254375.0,5883600.0,
Orlando Magic_2007,6,duncati01_2007,3.2911,3.2989,-0.0079,milicda01,17429672.0,5218622.0,
Orlando Magic_2007,7,billuch01_2007,3.0228,3.0228,0.0,nelsoja01,6364400.0,1272120.0,
Orlando Magic_2007,8,kiddja01_2007,2.8695,2.8695,0.0,nelsoja01,18084000.0,1272120.0,
Orlando Magic_2007,9,arenagi01_2007,2.8369,3.0816,-0.2447,nelsoja01,11096800.0,1272120.0,
Orlando Magic_2007,10,davisba01_2007,2.7604,2.7604,0.0,nelsoja01,15070000.0,1272120.0,
Indiana Pacers_2007,1,jamesle01_2007,4.9382,5.0529,-0.1147,grangda01,5828090.0,1417800.0,
Indiana Pacers_2007,2,nowitdi01_2007,4.8115,5.0325,-0.221,grangda01,15101625.0,1417800.0,
Indiana Pacers_2007,3,ginobma01_2007,4.627,4.7417,-0.1147,grangda01,8254375.0,1417800.0,
Indiana Pacers_2007,4,duncati01_2007,3.5829,3.5829,0.0,onealje01,17429672.0,18084000.0,
Indiana Pacers_2007,5,wadedw01_2007,3.4742,3.5335,-0.0593,tinslja01,3841443.0,5850000.0,
Indiana Pacers_2007,6,mcgratr01_2007,3.4464,3.5611,-0.1147,grangda01,16901500.0,1417800.0,
Indiana Pacers_2007,7,bryanko01_2007,3.3212,3.4359,-0.1147,grangda01,17718750.0,1417800.0,
Indiana Pacers_2007,8,nashst01_2007,2.9063,2.9063,0.0,tinslja01,10500000.0,5850000.0,
Indiana Pacers_2007,9,garneke01_2007,2.7442,2.7442,0.0,onealje01,21000000.0,18084000.0,
Indiana Pacers_2007,10,mariosh01_2007,2.6362,2.6757,-0.0396,grangda01,15070000.0,1417800.0,
Philadelphia 76ers_2007,1,ginobma01_2007,5.0219,5.0219,0.0,greenwi01,8254375.0,2800000.0,
Philadelphia 76ers_2007,2,wadedw01_2007,4.9125,4.9125,0.0,greenwi01,3841443.0,2800000.0,
Philadelphia 76ers_2007,3,nashst01_2007,4.4785,4.4011,0.0774,greenwi01,10500000.0,2800000.0,
Philadelphia 76ers_2007,4,mcgratr01_2007,4.245,4.245,0.0,greenwi01,16901500.0,2800000.0,
Philadelphia 76ers_2007,5,nowitdi01_2007,4.2335,4.3689,-0.1355,dalemsa01,15101625.0,9464307.0,
Philadelphia 76ers_2007,6,jamesle01_2007,4.2275,4.3803,-0.1529,korveky01,5828090.0,4018182.0,
Philadelphia 76ers_2007,7,bryanko01_2007,4.1626,4.1626,0.0,greenwi01,17718750.0,2800000.0,
Philadelphia 76ers_2007,8,billuch01_2007,3.9101,3.8328,0.0774,greenwi01,6364400.0,2800000.0,
Philadelphia 76ers_2007,9,duncati01_2007,3.8216,3.9571,-0.1355,dalemsa01,17429672.0,9464307.0,
Philadelphia 76ers_2007,10,kiddja01_2007,3.7905,3.7131,0.0774,greenwi01,18084000.0,2800000.0,
Phoenix Suns_2007,1,jamesle01_2007,4.9874,5.0791,-0.0917,bellra01,5828090.0,4500000.0,
Phoenix Suns_2007,2,ginobma01_2007,4.6641,4.7558,-0.0917,bellra01,8254375.0,4500000.0,
Phoenix Suns_2007,3,wadedw01_2007,4.4915,4.5832,-0.0917,bellra01,3841443.0,4500000.0,
Phoenix Suns_2007,4,nowitdi01_2007,3.9403,4.1098,-0.1695,diawbo01,15101625.0,1870501.0,
Phoenix Suns_2007,5,duncati01_2007,3.5711,3.7406,-0.1695,diawbo01,17429672.0,1870501.0,
Phoenix Suns_2007,6,mcgratr01_2007,3.4378,3.5295,-0.0917,bellra01,16901500.0,4500000.0,
Phoenix Suns_2007,7,bryanko01_2007,3.3078,3.3994,-0.0917,bellra01,17718750.0,4500000.0,
Phoenix Suns_2007,8,garneke01_2007,2.7998,2.9692,-0.1695,diawbo01,21000000.0,1870501.0,
Phoenix Suns_2007,9,piercpa01_2007,2.2247,2.3164,-0.0917,bellra01,15101625.0,4500000.0,
Phoenix Suns_2007,10,terryja01_2007,2.2122,2.3039,-0.0917,bellra01,8100000.0,4500000.0,
Portland Trail Blazers_2007,1,wadedw01_2007,5.0487,5.1298,-0.0811,jackja01,3841443.0,1137960.0,
Portland Trail Blazers_2007,2,nashst01_2007,4.4051,4.4051,-0.0,jackja01,10500000.0,1137960.0,
Portland Trail Blazers_2007,3,nowitdi01_2007,4.1952,4.4359,-0.2407,magloja01,15101625.0,8433334.0,
Portland Trail Blazers_2007,4,duncati01_2007,3.9218,4.1626,-0.2407,magloja01,17429672.0,8433334.0,
Portland Trail Blazers_2007,5,jamesle01_2007,3.7384,3.7872,-0.0488,webstma02,5828090.0,2780160.0,
Portland Trail Blazers_2007,6,billuch01_2007,3.5996,3.5996,-0.0,jackja01,6364400.0,1137960.0,
Portland Trail Blazers_2007,7,arenagi01_2007,3.5834,3.6645,-0.0811,jackja01,11096800.0,1137960.0,
Portland Trail Blazers_2007,8,ginobma01_2007,3.5433,3.5921,-0.0488,webstma02,8254375.0,2780160.0,
Portland Trail Blazers_2007,9,kiddja01_2007,3.43,3.43,-0.0,jackja01,18084000.0,1137960.0,
Portland Trail Blazers_2007,10,garneke01_2007,3.3509,3.5916,-0.2407,magloja01,21000000.0,8433334.0,
Sacramento Kings_2007,1,nowitdi01_2007,4.6423,4.8539,-0.2116,abdursh01,15101625.0,5400000.0,
Sacramento Kings_2007,2,wadedw01_2007,4.4908,4.4908,0.0,bibbymi01,3841443.0,12500000.0,
Sacramento Kings_2007,3,duncati01_2007,4.3133,4.5249,-0.2116,abdursh01,17429672.0,5400000.0,
Sacramento Kings_2007,4,jamesle01_2007,4.1921,4.2749,-0.0829,salmojo01,5828090.0,4400000.0,
Sacramento Kings_2007,5,ginobma01_2007,3.9566,4.0395,-0.0829,salmojo01,8254375.0,4400000.0,
Sacramento Kings_2007,6,nashst01_2007,3.7755,3.7064,0.0691,bibbymi01,10500000.0,12500000.0,
Sacramento Kings_2007,7,garneke01_2007,3.6259,3.8376,-0.2116,abdursh01,21000000.0,5400000.0,
Sacramento Kings_2007,8,mcgratr01_2007,3.0635,3.1463,-0.0829,salmojo01,16901500.0,4400000.0,
Sacramento Kings_2007,9,mingya01_2007,2.9739,3.1855,-0.2116,abdursh01,12455000.0,5400000.0,
Sacramento Kings_2007,10,bryanko01_2007,2.9688,3.0516,-0.0829,salmojo01,17718750.0,4400000.0,
San Antonio Spurs_2007,1,jamesle01_2007,4.3498,4.4579,-0.108,bowenbr01,5828090.0,3750000.0,
San Antonio Spurs_2007,2,nowitdi01_2007,3.2332,3.2956,-0.0624,finlemi01,15101625.0,16141999.0,
San Antonio Spurs_2007,3,mcgratr01_2007,3.0459,3.154,-0.108,bowenbr01,16901500.0,3750000.0,
San Antonio Spurs_2007,4,bryanko01_2007,2.9365,3.0446,-0.108,bowenbr01,17718750.0,3750000.0,
San Antonio Spurs_2007,5,wadedw01_2007,2.7014,2.7014,0.0,parketo01,3841443.0,9450000.0,
San Antonio Spurs_2007,6,mariosh01_2007,2.5136,2.3801,0.1334,bowenbr01,15070000.0,3750000.0,
San Antonio Spurs_2007,7,garneke01_2007,2.1987,2.1394,0.0593,elsonfr01,21000000.0,3000000.0,
San Antonio Spurs_2007,8,nashst01_2007,2.149,2.0076,0.1414,parketo01,10500000.0,9450000.0,
San Antonio Spurs_2007,9,piercpa01_2007,2.0252,2.1333,-0.108,bowenbr01,15101625.0,3750000.0,
San Antonio Spurs_2007,10,lewisra02_2007,1.9968,2.1048,-0.108,bowenbr01,9350649.0,3750000.0,
Seattle SuperSonics_2007,1,nowitdi01_2007,5.2641,5.3802,-0.1161,collini01,15101625.0,2501070.0,
Seattle SuperSonics_2007,2,duncati01_2007,4.8761,4.9922,-0.1161,collini01,17429672.0,2501070.0,
Seattle SuperSonics_2007,3,jamesle01_2007,4.3905,4.3905,0.0,wilkida02,5828090.0,2700000.0,
Seattle SuperSonics_2007,4,ginobma01_2007,4.1648,4.1648,0.0,wilkida02,8254375.0,2700000.0,
Seattle SuperSonics_2007,5,wadedw01_2007,4.1108,4.3097,-0.1989,ridnolu01,3841443.0,2425878.0,
Seattle SuperSonics_2007,6,garneke01_2007,4.0657,4.1819,-0.1161,collini01,21000000.0,2501070.0,
Seattle SuperSonics_2007,7,nashst01_2007,3.7231,3.7231,0.0,ridnolu01,10500000.0,2425878.0,
Seattle SuperSonics_2007,8,mcgratr01_2007,3.3084,3.3084,0.0,wilkida02,16901500.0,2700000.0,
Seattle SuperSonics_2007,9,mingya01_2007,3.297,3.4131,-0.1161,collini01,12455000.0,2501070.0,
Seattle SuperSonics_2007,10,leeda02_2007,3.2933,3.0522,0.2411,collini01,926040.0,2501070.0,
Toronto Raptors_2007,1,wadedw01_2007,3.3998,3.4895,-0.0897,fordtj01,3841443.0,2929467.0,
Toronto Raptors_2007,2,nowitdi01_2007,3.2942,3.3811,-0.0869,bargnan01,15101625.0,4501200.0,
Toronto Raptors_2007,3,jamesle01_2007,3.1525,3.1768,-0.0243,garbajo01,5828090.0,3750000.0,
Toronto Raptors_2007,4,duncati01_2007,3.0236,3.1105,-0.0869,bargnan01,17429672.0,4501200.0,
Toronto Raptors_2007,5,nashst01_2007,2.8649,2.8649,-0.0,fordtj01,10500000.0,2929467.0,
Toronto Raptors_2007,6,ginobma01_2007,2.8005,2.8187,-0.0182,petermo01,8254375.0,4550000.0,
Toronto Raptors_2007,7,garneke01_2007,2.4584,2.5453,-0.0869,bargnan01,21000000.0,4501200.0,
Toronto Raptors_2007,8,billuch01_2007,2.1707,2.1707,-0.0,fordtj01,6364400.0,2929467.0,
Toronto Raptors_2007,9,mcgratr01_2007,2.1606,2.1788,-0.0182,petermo01,16901500.0,4550000.0,
Toronto Raptors_2007,10,arenagi01_2007,2.1371,2.2267,-0.0897,fordtj01,11096800.0,2929467.0,
Utah Jazz_2007,1,ginobma01_2007,4.6359,4.5684,0.0675,fishede01,8254375.0,5883600.0,
Utah Jazz_2007,2,wadedw01_2007,4.4996,4.4321,0.0675,fishede01,3841443.0,5883600.0,
Utah Jazz_2007,3,nowitdi01_2007,4.2701,4.2701,0.0,okurme01,15101625.0,8250000.0,
Utah Jazz_2007,4,duncati01_2007,3.8298,3.8298,0.0,okurme01,17429672.0,8250000.0,
Utah Jazz_2007,5,nashst01_2007,3.7951,3.7951,0.0,fishede01,10500000.0,5883600.0,
Utah Jazz_2007,6,mcgratr01_2007,3.6681,3.6006,0.0675,fishede01,16901500.0,5883600.0,
Utah Jazz_2007,7,jamesle01_2007,3.6626,3.5328,0.1297,harprma01,5828090.0,6500000.0,
Utah Jazz_2007,8,bryanko01_2007,3.5655,3.498,0.0675,fishede01,17718750.0,5883600.0,
Utah Jazz_2007,9,arenagi01_2007,3.2117,3.1443,0.0675,fishede01,11096800.0,5883600.0,
Utah Jazz_2007,10,billuch01_2007,3.0871,3.0871,0.0,fishede01,6364400.0,5883600.0,
Memphis Grizzlies_2007,1,jamesle01_2007,5.3276,5.2117,0.116,warriha01,5828090.0,1286280.0,
Memphis Grizzlies_2007,2,nowitdi01_2007,5.1962,5.1962,-0.0,warriha01,15101625.0,1286280.0,
Memphis Grizzlies_2007,3,duncati01_2007,4.847,4.847,-0.0,warriha01,17429672.0,1286280.0,
Memphis Grizzlies_2007,4,ginobma01_2007,4.2079,4.2634,-0.0555,gayru01,8254375.0,2242290.0,
Memphis Grizzlies_2007,5,garneke01_2007,4.1175,4.1175,-0.0,warriha01,21000000.0,1286280.0,
Memphis Grizzlies_2007,6,wadedw01_2007,3.9452,4.0491,-0.1038,millemi01,3841443.0,7623813.0,
Memphis Grizzlies_2007,7,mariosh01_2007,3.5466,3.4143,0.1323,warriha01,15070000.0,1286280.0,
Memphis Grizzlies_2007,8,mingya01_2007,3.4255,3.4255,-0.0,warriha01,12455000.0,1286280.0,
Memphis Grizzlies_2007,9,leeda02_2007,3.3995,3.1006,0.2989,warriha01,926040.0,1286280.0,
Memphis Grizzlies_2007,10,mcgratr01_2007,3.3212,3.3767,-0.0555,gayru01,16901500.0,2242290.0,
Washington Wizards_2007,1,jamesle01_2007,5.2433,5.3767,-0.1334,stevede01,5828090.0,932015.0,
Washington Wizards_2007,2,ginobma01_2007,4.9723,5.1057,-0.1334,stevede01,8254375.0,932015.0,
Washington Wizards_2007,3,wadedw01_2007,4.8275,4.961,-0.1334,stevede01,3841443.0,932015.0,
Washington Wizards_2007,4,nowitdi01_2007,4.1573,4.1657,-0.0084,butleca01,15101625.0,7438000.0,
Washington Wizards_2007,5,mcgratr01_2007,3.9443,4.0777,-0.1334,stevede01,16901500.0,932015.0,
Washington Wizards_2007,6,bryanko01_2007,3.8353,3.9687,-0.1334,stevede01,17718750.0,932015.0,
Washington Wizards_2007,7,billuch01_2007,3.634,3.5323,0.1017,stevede01,6364400.0,932015.0,
Washington Wizards_2007,8,duncati01_2007,3.5084,3.6372,-0.1288,jamisan01,17429672.0,15101625.0,
Washington Wizards_2007,9,kiddja01_2007,3.4757,3.374,0.1017,stevede01,18084000.0,932015.0,
Washington Wizards_2007,10,davisba01_2007,3.363,3.2613,0.1017,stevede01,15070000.0,932015.0,
Detroit Pistons_2007,1,jamesle01_2007,4.0584,4.2239,-0.1655,princta01,5828090.0,7851240.0,
Detroit Pistons_2007,2,ginobma01_2007,3.7274,3.8929,-0.1655,princta01,8254375.0,7851240.0,
Detroit Pistons_2007,3,nowitdi01_2007,3.5778,3.5778,0.0,wallara01,15101625.0,11650000.0,
Detroit Pistons_2007,4,wadedw01_2007,3.5531,3.5531,0.0,hamilri01,3841443.0,9187500.0,
Detroit Pistons_2007,5,duncati01_2007,3.1839,3.1839,0.0,wallara01,17429672.0,11650000.0,
Detroit Pistons_2007,6,nashst01_2007,2.7208,2.7208,-0.0,murraro01,10500000.0,1750000.0,
Detroit Pistons_2007,7,mcgratr01_2007,2.5585,2.5585,0.0,hamilri01,16901500.0,9187500.0,
Detroit Pistons_2007,8,bryanko01_2007,2.4864,2.5286,-0.0422,murraro01,17718750.0,1750000.0,
Detroit Pistons_2007,9,garneke01_2007,2.3611,2.3611,0.0,wallara01,21000000.0,11650000.0,
Detroit Pistons_2007,10,arenagi01_2007,2.2577,2.2998,-0.0422,murraro01,11096800.0,1750000.0,
Charlotte Bobcats_2007,1,jamesle01_2007,6.7587,6.8113,-0.0526,morriad01,5828090.0,3616680.0,
Charlotte Bobcats_2007,2,nowitdi01_2007,6.5911,6.7943,-0.2033,morriad01,15101625.0,3616680.0,
Charlotte Bobcats_2007,3,garneke01_2007,5.4069,5.6101,-0.2033,morriad01,21000000.0,3616680.0,
Charlotte Bobcats_2007,4,wadedw01_2007,4.9495,5.0477,-0.0982,feltora01,3841443.0,3060840.0,
Charlotte Bobcats_2007,5,mariosh01_2007,4.7952,4.8382,-0.043,morriad01,15070000.0,3616680.0,
Charlotte Bobcats_2007,6,leeda02_2007,4.636,4.4937,0.1423,morriad01,926040.0,3616680.0,
Charlotte Bobcats_2007,7,piercpa01_2007,4.5512,4.6038,-0.0526,morriad01,15101625.0,3616680.0,
Charlotte Bobcats_2007,8,lewisra02_2007,4.5242,4.5768,-0.0526,morriad01,9350649.0,3616680.0,
Charlotte Bobcats_2007,9,boozeca01_2007,4.3554,4.5586,-0.2033,morriad01,11260483.0,3616680.0,
Charlotte Bobcats_2007,10,brandel01_2007,4.2943,4.4976,-0.2033,morriad01,14248000.0,3616680.0,
Atlanta Hawks_2008,1,jamesle01_2008,6.9507,7.0283,-0.0776,willima02,13041250.0,4466040.0,
Atlanta Hawks_2008,2,garneke01_2008,5.6725,5.8049,-0.1324,willima02,23750000.0,4466040.0,
Atlanta Hawks_2008,3,ginobma01_2008,4.9505,4.8994,0.0511,johnsjo02,9079811.0,13488377.0,
Atlanta Hawks_2008,4,nowitdi01_2008,4.8309,4.9634,-0.1324,willima02,16360094.0,4466040.0,
Atlanta Hawks_2008,5,billuch01_2008,4.5926,4.5415,0.0511,johnsjo02,10000000.0,13488377.0,
Atlanta Hawks_2008,6,piercpa01_2008,3.8439,3.9214,-0.0776,willima02,16360094.0,4466040.0,
Atlanta Hawks_2008,7,kirilan01_2008,3.8148,3.7241,0.0907,willima02,13735000.0,4466040.0,
Atlanta Hawks_2008,8,duncati01_2008,3.7686,3.7985,-0.0299,horfoal01,19014188.0,3745800.0,
Atlanta Hawks_2008,9,boshch01_2008,3.5093,3.5392,-0.0299,horfoal01,12455000.0,3745800.0,
Atlanta Hawks_2008,10,bryanko01_2008,3.4775,3.4775,0.0,johnsjo02,19490625.0,13488377.0,
Boston Celtics_2008,1,paulch01_2008,3.7609,3.7609,0.0,rondora01,3615960.0,1229280.0,
Boston Celtics_2008,2,jamesle01_2008,3.3294,3.3731,-0.0437,poseyja01,13041250.0,3206000.0,
Boston Celtics_2008,3,ginobma01_2008,3.0256,3.0311,-0.0055,allenra02,9079811.0,16000000.0,
Boston Celtics_2008,4,billuch01_2008,2.6871,2.6871,0.0,rondora01,10000000.0,1229280.0,
Boston Celtics_2008,5,nowitdi01_2008,2.1621,2.4219,-0.2598,perkike01,16360094.0,4480912.0,
Boston Celtics_2008,6,bryanko01_2008,1.9754,2.0629,-0.0875,allento01,19490625.0,1868141.0,
Boston Celtics_2008,7,nashst01_2008,1.6243,1.6085,0.0158,allento01,11375000.0,1868141.0,
Boston Celtics_2008,8,duncati01_2008,1.5336,1.7934,-0.2598,perkike01,19014188.0,4480912.0,
Boston Celtics_2008,9,caldejo01_2008,1.4674,1.4516,0.0158,allento01,2471604.0,1868141.0,
Boston Celtics_2008,10,butleca01_2008,1.3622,1.4497,-0.0875,allento01,8218990.0,1868141.0,
Cleveland Cavaliers_2008,1,garneke01_2008,4.1786,4.1786,-0.0,ilgauzy01,23750000.0,10142156.0,
Cleveland Cavaliers_2008,2,ginobma01_2008,3.8349,3.868,-0.0331,brownde02,9079811.0,1200000.0,
Cleveland Cavaliers_2008,3,paulch01_2008,3.5968,3.6239,-0.0271,gibsoda01,3615960.0,687456.0,
Cleveland Cavaliers_2008,4,nowitdi01_2008,3.5066,3.5066,-0.0,ilgauzy01,16360094.0,10142156.0,
Cleveland Cavaliers_2008,5,bryanko01_2008,2.9929,3.1178,-0.125,brownde02,19490625.0,1200000.0,
Cleveland Cavaliers_2008,6,billuch01_2008,2.8327,2.8112,0.0215,hughela01,10000000.0,12000084.0,
Cleveland Cavaliers_2008,7,duncati01_2008,2.7926,2.7926,-0.0,goodedr01,19014188.0,6453416.0,
Cleveland Cavaliers_2008,8,boshch01_2008,2.6287,2.6287,-0.0,goodedr01,12455000.0,6453416.0,
Cleveland Cavaliers_2008,9,piercpa01_2008,2.5495,2.6745,-0.125,brownde02,16360094.0,1200000.0,
Cleveland Cavaliers_2008,10,kirilan01_2008,2.5493,2.5493,0.0,brownde02,13735000.0,1200000.0,
New Orleans Hornets_2008,1,jamesle01_2008,5.7717,5.6407,0.1311,westda01,13041250.0,10650000.0,
New Orleans Hornets_2008,2,garneke01_2008,4.3597,4.3597,0.0,westda01,23750000.0,10650000.0,
New Orleans Hornets_2008,3,ginobma01_2008,3.5112,3.4979,0.0133,petermo01,9079811.0,5356000.0,
New Orleans Hornets_2008,4,nowitdi01_2008,3.4784,3.4784,0.0,westda01,16360094.0,10650000.0,
New Orleans Hornets_2008,5,billuch01_2008,3.2365,3.1833,0.0532,pargoja01,10000000.0,1830000.0,
New Orleans Hornets_2008,6,bryanko01_2008,2.7057,2.7057,-0.0,pargoja01,19490625.0,1830000.0,
New Orleans Hornets_2008,7,duncati01_2008,2.5301,2.5301,0.0,westda01,19014188.0,10650000.0,
New Orleans Hornets_2008,8,kirilan01_2008,2.4264,2.1807,0.2457,westda01,13735000.0,10650000.0,
New Orleans Hornets_2008,9,nashst01_2008,2.2684,2.2152,0.0532,pargoja01,11375000.0,1830000.0,
New Orleans Hornets_2008,10,boshch01_2008,2.2323,2.2323,0.0,westda01,12455000.0,10650000.0,
Chicago Bulls_2008,1,paulch01_2008,5.3568,5.3568,0.0,hinriki01,3615960.0,11250000.0,
Chicago Bulls_2008,2,jamesle01_2008,4.7583,4.7583,0.0,denglu01,13041250.0,3320339.0,
Chicago Bulls_2008,3,ginobma01_2008,4.5195,4.5195,0.0,hinriki01,9079811.0,11250000.0,
Chicago Bulls_2008,4,billuch01_2008,4.2641,4.2641,0.0,hinriki01,10000000.0,11250000.0,
Chicago Bulls_2008,5,garneke01_2008,3.8009,3.8152,-0.0143,denglu01,23750000.0,3320339.0,
Chicago Bulls_2008,6,bryanko01_2008,3.3517,3.5046,-0.1529,hinriki01,19490625.0,11250000.0,
Chicago Bulls_2008,7,nowitdi01_2008,3.1521,3.1664,-0.0143,denglu01,16360094.0,3320339.0,
Chicago Bulls_2008,8,nashst01_2008,2.7249,2.7249,0.0,hinriki01,11375000.0,11250000.0,
Chicago Bulls_2008,9,caldejo01_2008,2.4558,2.4558,0.0,hinriki01,2471604.0,11250000.0,
Chicago Bulls_2008,10,piercpa01_2008,2.3631,2.3631,0.0,denglu01,16360094.0,3320339.0,
Dallas Mavericks_2008,1,jamesle01_2008,5.2022,5.2022,0.0,howarjo01,13041250.0,9000000.0,
Dallas Mavericks_2008,2,ginobma01_2008,4.087,3.9705,0.1165,howarjo01,9079811.0,9000000.0,
Dallas Mavericks_2008,3,paulch01_2008,3.9905,3.8852,0.1054,terryja01,3615960.0,8898000.0,
Dallas Mavericks_2008,4,garneke01_2008,3.1127,3.1127,0.0,bassbr01,23750000.0,770610.0,
Dallas Mavericks_2008,5,billuch01_2008,2.7998,2.6945,0.1054,terryja01,10000000.0,8898000.0,
Dallas Mavericks_2008,6,bryanko01_2008,2.7815,2.7815,0.0,howarjo01,19490625.0,9000000.0,
Dallas Mavericks_2008,7,duncati01_2008,2.126,2.126,0.0,bassbr01,19014188.0,770610.0,
Dallas Mavericks_2008,8,piercpa01_2008,2.0788,2.0788,0.0,howarjo01,16360094.0,9000000.0,
Dallas Mavericks_2008,9,kirilan01_2008,2.0675,1.8804,0.1871,howarjo01,13735000.0,9000000.0,
Dallas Mavericks_2008,10,boshch01_2008,1.9653,1.9653,0.0,bassbr01,12455000.0,770610.0,
Denver Nuggets_2008,1,jamesle01_2008,5.6699,5.6699,-0.0,anthoca01,13041250.0,13041250.0,
Denver Nuggets_2008,2,paulch01_2008,5.1778,5.012,0.1657,iversal01,3615960.0,19012500.0,
Denver Nuggets_2008,3,ginobma01_2008,4.5859,4.4258,0.1601,anthoca01,9079811.0,13041250.0,
Denver Nuggets_2008,4,garneke01_2008,4.2435,4.3209,-0.0774,martike01,23750000.0,13250000.0,
Denver Nuggets_2008,5,billuch01_2008,3.6101,3.6101,-0.0,cartean01,10000000.0,1103225.0,
Denver Nuggets_2008,6,nowitdi01_2008,3.5877,3.665,-0.0774,martike01,16360094.0,13250000.0,
Denver Nuggets_2008,7,bryanko01_2008,3.2248,3.2248,-0.0,anthoca01,19490625.0,13041250.0,
Denver Nuggets_2008,8,duncati01_2008,2.882,2.9594,-0.0774,martike01,19014188.0,13250000.0,
Denver Nuggets_2008,9,boshch01_2008,2.6603,2.7377,-0.0774,martike01,12455000.0,13250000.0,
Denver Nuggets_2008,10,bynuman01_2008,2.5543,2.3179,0.2364,martike01,2172000.0,13250000.0,
Golden State Warriors_2008,1,jamesle01_2008,6.4362,6.4362,-0.0,jacksst02,13041250.0,6630000.0,
Golden State Warriors_2008,2,paulch01_2008,5.7504,5.6415,0.1089,ellismo01,3615960.0,770610.0,
Golden State Warriors_2008,3,garneke01_2008,5.0403,5.1699,-0.1296,jacksst02,23750000.0,6630000.0,
Golden State Warriors_2008,4,ginobma01_2008,4.6552,4.5464,0.1089,ellismo01,9079811.0,770610.0,
Golden State Warriors_2008,5,billuch01_2008,4.3212,4.2123,0.1089,ellismo01,10000000.0,770610.0,
Golden State Warriors_2008,6,nowitdi01_2008,4.1692,4.2988,-0.1296,jacksst02,16360094.0,6630000.0,
Golden State Warriors_2008,7,piercpa01_2008,3.2203,3.2203,-0.0,jacksst02,16360094.0,6630000.0,
Golden State Warriors_2008,8,bryanko01_2008,3.219,3.219,0.0,ellismo01,19490625.0,770610.0,
Golden State Warriors_2008,9,kirilan01_2008,3.1204,3.016,0.1044,jacksst02,13735000.0,6630000.0,
Golden State Warriors_2008,10,butleca01_2008,2.6746,2.6746,-0.0,jacksst02,8218990.0,6630000.0,
Houston Rockets_2008,1,paulch01_2008,4.9683,4.9683,-0.0,alstora01,3615960.0,4550000.0,
Houston Rockets_2008,2,jamesle01_2008,4.9117,5.0581,-0.1465,battish01,13041250.0,5883600.0,
Houston Rockets_2008,3,ginobma01_2008,4.0604,4.0604,-0.0,alstora01,9079811.0,4550000.0,
Houston Rockets_2008,4,billuch01_2008,3.7835,3.7835,-0.0,alstora01,10000000.0,4550000.0,
Houston Rockets_2008,5,garneke01_2008,3.5853,3.5853,0.0,scolalu01,23750000.0,2910000.0,
Houston Rockets_2008,6,nowitdi01_2008,2.9644,2.9644,0.0,scolalu01,16360094.0,2910000.0,
Houston Rockets_2008,7,bryanko01_2008,2.855,2.9601,-0.105,alstora01,19490625.0,4550000.0,
Houston Rockets_2008,8,duncati01_2008,2.2963,2.2963,0.0,scolalu01,19014188.0,2910000.0,
Houston Rockets_2008,9,nashst01_2008,2.1147,2.1147,-0.0,alstora01,11375000.0,4550000.0,
Houston Rockets_2008,10,boshch01_2008,2.0864,2.0864,0.0,scolalu01,12455000.0,2910000.0,
Los Angeles Clippers_2008,1,ginobma01_2008,6.5238,6.3543,0.1694,moblecu01,9079811.0,8350000.0,
Los Angeles Clippers_2008,2,jamesle01_2008,6.4439,6.4439,0.0,thornal01,13041250.0,1652280.0,
Los Angeles Clippers_2008,3,billuch01_2008,6.2329,6.0635,0.1694,moblecu01,10000000.0,8350000.0,
Los Angeles Clippers_2008,4,garneke01_2008,5.5218,5.4929,0.029,thornal01,23750000.0,1652280.0,
Los Angeles Clippers_2008,5,bryanko01_2008,5.1987,5.1987,0.0,moblecu01,19490625.0,8350000.0,
Los Angeles Clippers_2008,6,nowitdi01_2008,4.8676,4.8387,0.029,thornal01,16360094.0,1652280.0,
Los Angeles Clippers_2008,7,piercpa01_2008,4.5158,4.5158,0.0,moblecu01,16360094.0,8350000.0,
Los Angeles Clippers_2008,8,paulch01_2008,4.3658,4.3658,0.0,knighbr01,3615960.0,1600000.0,
Los Angeles Clippers_2008,9,caldejo01_2008,4.1738,4.0044,0.1694,moblecu01,2471604.0,8350000.0,
Los Angeles Clippers_2008,10,kirilan01_2008,4.0934,3.8753,0.2181,thornal01,13735000.0,1652280.0,
Los Angeles Lakers_2008,1,paulch01_2008,5.2296,5.1848,0.0449,fishede01,3615960.0,6373900.0,
Los Angeles Lakers_2008,2,jamesle01_2008,4.7431,4.9933,-0.2502,odomla01,13041250.0,13248596.0,
Los Angeles Lakers_2008,3,ginobma01_2008,4.424,4.3792,0.0449,fishede01,9079811.0,6373900.0,
Los Angeles Lakers_2008,4,billuch01_2008,4.1783,4.1334,0.0449,fishede01,10000000.0,6373900.0,
Los Angeles Lakers_2008,5,garneke01_2008,3.4648,3.6958,-0.2309,odomla01,23750000.0,13248596.0,
Los Angeles Lakers_2008,6,nashst01_2008,2.6974,2.6525,0.0449,fishede01,11375000.0,6373900.0,
Los Angeles Lakers_2008,7,nowitdi01_2008,2.5722,2.8031,-0.2309,odomla01,16360094.0,13248596.0,
Los Angeles Lakers_2008,8,caldejo01_2008,2.4384,2.3936,0.0449,fishede01,2471604.0,6373900.0,
Los Angeles Lakers_2008,9,davisba01_2008,2.1605,2.1156,0.0449,fishede01,16440000.0,6373900.0,
Los Angeles Lakers_2008,10,willide01_2008,2.0836,2.0387,0.0449,fishede01,4010640.0,6373900.0,
Miami Heat_2008,1,jamesle01_2008,8.3461,8.3461,0.0,davisri01,13041250.0,6819000.0,
Miami Heat_2008,2,ginobma01_2008,7.1112,7.0323,0.0789,davisri01,9079811.0,6819000.0,
Miami Heat_2008,3,bryanko01_2008,5.764,5.764,0.0,davisri01,19490625.0,6819000.0,
Miami Heat_2008,4,piercpa01_2008,5.0144,5.0144,0.0,davisri01,16360094.0,6819000.0,
Miami Heat_2008,5,kirilan01_2008,4.9146,4.8028,0.1118,davisri01,13735000.0,6819000.0,
Miami Heat_2008,6,paulch01_2008,4.8345,4.8345,-0.0,willija02,3615960.0,8937500.0,
Miami Heat_2008,7,garneke01_2008,4.4528,4.4735,-0.0207,hasleud01,23750000.0,6050000.0,
Miami Heat_2008,8,butleca01_2008,4.449,4.449,0.0,davisri01,8218990.0,6819000.0,
Miami Heat_2008,9,iguodan01_2008,4.0709,4.0709,0.0,davisri01,2804889.0,6819000.0,
Miami Heat_2008,10,billuch01_2008,3.9471,3.9471,-0.0,willija02,10000000.0,8937500.0,
Milwaukee Bucks_2008,1,jamesle01_2008,5.4401,5.3991,0.041,villach01,13041250.0,2715000.0,
Milwaukee Bucks_2008,2,paulch01_2008,5.1034,5.1034,0.0,willima01,3615960.0,7750000.0,
Milwaukee Bucks_2008,3,garneke01_2008,4.9933,4.9773,0.0161,bogutan01,23750000.0,4991520.0,
Milwaukee Bucks_2008,4,ginobma01_2008,4.4259,4.356,0.0699,reddmi01,9079811.0,14520000.0,
Milwaukee Bucks_2008,5,nowitdi01_2008,4.1658,4.1498,0.0161,bogutan01,16360094.0,4991520.0,
Milwaukee Bucks_2008,6,billuch01_2008,4.0054,4.0054,0.0,willima01,10000000.0,7750000.0,
Milwaukee Bucks_2008,7,piercpa01_2008,3.3529,3.3118,0.041,villach01,16360094.0,2715000.0,
Milwaukee Bucks_2008,8,kirilan01_2008,3.319,3.1793,0.1398,villach01,13735000.0,2715000.0,
Milwaukee Bucks_2008,9,duncati01_2008,3.2754,3.2594,0.0161,bogutan01,19014188.0,4991520.0,
Milwaukee Bucks_2008,10,boshch01_2008,3.2124,3.2124,0.0,villach01,12455000.0,2715000.0,
Minnesota Timberwolves_2008,1,paulch01_2008,5.6924,5.6924,-0.0,telfase01,3615960.0,2562426.0,
Minnesota Timberwolves_2008,2,jamesle01_2008,5.4964,5.4964,0.0,gomesry01,13041250.0,770610.0,
Minnesota Timberwolves_2008,3,garneke01_2008,5.2517,5.2517,0.0,jeffeal01,23750000.0,2480885.0,
Minnesota Timberwolves_2008,4,ginobma01_2008,5.006,5.006,-0.0,telfase01,9079811.0,2562426.0,
Minnesota Timberwolves_2008,5,billuch01_2008,4.7965,4.7965,-0.0,telfase01,10000000.0,2562426.0,
Minnesota Timberwolves_2008,6,nowitdi01_2008,4.3616,4.3616,0.0,jeffeal01,16360094.0,2480885.0,
Minnesota Timberwolves_2008,7,bryanko01_2008,3.8272,3.8665,-0.0393,breweco01,19490625.0,2535720.0,
Minnesota Timberwolves_2008,8,nashst01_2008,3.5347,3.5347,-0.0,telfase01,11375000.0,2562426.0,
Minnesota Timberwolves_2008,9,duncati01_2008,3.4038,3.4038,0.0,jeffeal01,19014188.0,2480885.0,
Minnesota Timberwolves_2008,10,piercpa01_2008,3.3675,3.4068,-0.0393,breweco01,16360094.0,2535720.0,
New Jersey Nets_2008,1,jamesle01_2008,7.5234,7.5234,-0.0,jefferi01,13041250.0,12200000.0,
New Jersey Nets_2008,2,nowitdi01_2008,5.0742,5.1113,-0.0371,jefferi01,16360094.0,12200000.0,
New Jersey Nets_2008,3,piercpa01_2008,3.8941,3.8941,-0.0,jefferi01,16360094.0,12200000.0,
New Jersey Nets_2008,4,kirilan01_2008,3.8758,3.6636,0.2122,jefferi01,13735000.0,12200000.0,
New Jersey Nets_2008,5,ginobma01_2008,3.859,3.633,0.226,cartevi01,9079811.0,13320000.0,
New Jersey Nets_2008,6,garneke01_2008,3.6922,3.8316,-0.1394,nachbbo01,23750000.0,2500000.0,
New Jersey Nets_2008,7,butleca01_2008,3.2783,3.2783,-0.0,jefferi01,8218990.0,12200000.0,
New Jersey Nets_2008,8,paulch01_2008,2.985,2.985,0.0,kiddja01,3615960.0,19728000.0,
New Jersey Nets_2008,9,iguodan01_2008,2.8664,2.8664,-0.0,jefferi01,2804889.0,12200000.0,
New Jersey Nets_2008,10,mariosh01_2008,2.8553,2.6432,0.2122,jefferi01,16440000.0,12200000.0,
New York Knicks_2008,1,paulch01_2008,6.7753,6.622,0.1533,crawfja01,3615960.0,7920000.0,
New York Knicks_2008,2,ginobma01_2008,5.6473,5.494,0.1533,crawfja01,9079811.0,7920000.0,
New York Knicks_2008,3,billuch01_2008,5.3032,5.1499,0.1533,crawfja01,10000000.0,7920000.0,
New York Knicks_2008,4,jamesle01_2008,5.2334,5.3214,-0.088,richaqu01,13041250.0,8105500.0,
New York Knicks_2008,5,garneke01_2008,4.3844,4.3844,-0.0,randoza01,23750000.0,13333333.0,
New York Knicks_2008,6,bryanko01_2008,4.1269,4.1269,0.0,crawfja01,19490625.0,7920000.0,
New York Knicks_2008,7,nowitdi01_2008,3.7058,3.7058,-0.0,randoza01,16360094.0,13333333.0,
New York Knicks_2008,8,piercpa01_2008,3.3189,3.3189,0.0,crawfja01,16360094.0,7920000.0,
New York Knicks_2008,9,nashst01_2008,3.2297,3.0765,0.1533,crawfja01,11375000.0,7920000.0,
New York Knicks_2008,10,kirilan01_2008,3.1746,3.1053,0.0693,richaqu01,13735000.0,8105500.0,
Orlando Magic_2008,1,jamesle01_2008,4.7437,4.7437,0.0,turkohe01,13041250.0,6373900.0,
Orlando Magic_2008,2,paulch01_2008,3.9266,3.9266,-0.0,nelsoja01,3615960.0,1961609.0,
Orlando Magic_2008,3,ginobma01_2008,3.5292,3.4658,0.0634,boganke01,9079811.0,2440000.0,
Orlando Magic_2008,4,garneke01_2008,3.086,3.3309,-0.2449,lewisra02,23750000.0,14880000.0,
Orlando Magic_2008,5,billuch01_2008,2.9998,2.9998,-0.0,nelsoja01,10000000.0,1961609.0,
Orlando Magic_2008,6,bryanko01_2008,2.393,2.5163,-0.1233,boganke01,19490625.0,2440000.0,
Orlando Magic_2008,7,nowitdi01_2008,2.3505,2.4711,-0.1206,turkohe01,16360094.0,6373900.0,
Orlando Magic_2008,8,piercpa01_2008,1.8318,1.9551,-0.1233,boganke01,16360094.0,2440000.0,
Orlando Magic_2008,9,nashst01_2008,1.6945,1.6945,-0.0,nelsoja01,11375000.0,1961609.0,
Orlando Magic_2008,10,caldejo01_2008,1.5983,1.535,0.0634,boganke01,2471604.0,2440000.0,
Indiana Pacers_2008,1,jamesle01_2008,6.0232,6.0232,0.0,grangda01,13041250.0,1516800.0,
Indiana Pacers_2008,2,garneke01_2008,4.6843,4.7426,-0.0583,grangda01,23750000.0,1516800.0,
Indiana Pacers_2008,3,ginobma01_2008,4.0111,3.8512,0.1599,dunlemi02,9079811.0,8219008.0,
Indiana Pacers_2008,4,paulch01_2008,3.8276,3.7484,0.0793,daniema01,3615960.0,6373900.0,
Indiana Pacers_2008,5,nowitdi01_2008,3.8034,3.8617,-0.0583,grangda01,16360094.0,1516800.0,
Indiana Pacers_2008,6,billuch01_2008,3.1141,3.0348,0.0793,daniema01,10000000.0,6373900.0,
Indiana Pacers_2008,7,kirilan01_2008,2.7892,2.5644,0.2248,grangda01,13735000.0,1516800.0,
Indiana Pacers_2008,8,piercpa01_2008,2.771,2.771,0.0,grangda01,16360094.0,1516800.0,
Indiana Pacers_2008,9,bryanko01_2008,2.5844,2.6914,-0.107,rushka01,19490625.0,854957.0,
Indiana Pacers_2008,10,butleca01_2008,2.2191,2.2191,0.0,grangda01,8218990.0,1516800.0,
Philadelphia 76ers_2008,1,paulch01_2008,5.9289,5.7085,0.2204,millean02,3615960.0,9366666.0,
Philadelphia 76ers_2008,2,garneke01_2008,5.5189,5.5335,-0.0146,dalemsa01,23750000.0,10250000.0,
Philadelphia 76ers_2008,3,jamesle01_2008,4.8669,5.1259,-0.2589,evansre01,13041250.0,4320000.0,
Philadelphia 76ers_2008,4,ginobma01_2008,4.8636,4.6431,0.2204,millean02,9079811.0,9366666.0,
Philadelphia 76ers_2008,5,nowitdi01_2008,4.6916,4.7062,-0.0146,dalemsa01,16360094.0,10250000.0,
Philadelphia 76ers_2008,6,billuch01_2008,4.5385,4.3181,0.2204,millean02,10000000.0,9366666.0,
Philadelphia 76ers_2008,7,duncati01_2008,3.8015,3.8161,-0.0146,dalemsa01,19014188.0,10250000.0,
Philadelphia 76ers_2008,8,boshch01_2008,3.5219,3.5365,-0.0146,dalemsa01,12455000.0,10250000.0,
Philadelphia 76ers_2008,9,bryanko01_2008,3.3518,3.3518,0.0,millean02,19490625.0,9366666.0,
Philadelphia 76ers_2008,10,stoudam01_2008,3.3127,3.3273,-0.0146,dalemsa01,13762775.0,10250000.0,
Phoenix Suns_2008,1,jamesle01_2008,5.9525,6.0629,-0.1104,bellra01,13041250.0,4750000.0,
Phoenix Suns_2008,2,paulch01_2008,5.0204,5.1007,-0.0803,barbole01,3615960.0,5600000.0,
Phoenix Suns_2008,3,ginobma01_2008,4.7762,4.8828,-0.1065,bellra01,9079811.0,4750000.0,
Phoenix Suns_2008,4,garneke01_2008,4.2183,4.3685,-0.1502,diawbo01,23750000.0,9000000.0,
Phoenix Suns_2008,5,billuch01_2008,3.8988,3.9791,-0.0803,barbole01,10000000.0,5600000.0,
Phoenix Suns_2008,6,bryanko01_2008,3.633,3.7435,-0.1104,bellra01,19490625.0,4750000.0,
Phoenix Suns_2008,7,nowitdi01_2008,3.5142,3.6645,-0.1502,diawbo01,16360094.0,9000000.0,
Phoenix Suns_2008,8,piercpa01_2008,2.9597,3.0701,-0.1104,bellra01,16360094.0,4750000.0,
Phoenix Suns_2008,9,kirilan01_2008,2.8135,2.8801,-0.0666,bellra01,13735000.0,4750000.0,
Phoenix Suns_2008,10,duncati01_2008,2.7566,2.9069,-0.1502,diawbo01,19014188.0,9000000.0,
Portland Trail Blazers_2008,1,paulch01_2008,5.5361,5.5361,0.0,jackja01,3615960.0,1217400.0,
Portland Trail Blazers_2008,2,jamesle01_2008,5.1062,5.1045,0.0017,outlatr01,13041250.0,4000000.0,
Portland Trail Blazers_2008,3,ginobma01_2008,4.7479,4.7479,0.0,jackja01,9079811.0,1217400.0,
Portland Trail Blazers_2008,4,garneke01_2008,4.6823,4.6823,0.0,aldrila01,23750000.0,4329360.0,
Portland Trail Blazers_2008,5,billuch01_2008,4.5074,4.5074,0.0,jackja01,10000000.0,1217400.0,
Portland Trail Blazers_2008,6,nowitdi01_2008,3.8801,3.8801,0.0,aldrila01,16360094.0,4329360.0,
Portland Trail Blazers_2008,7,bryanko01_2008,3.697,3.7925,-0.0955,jackja01,19490625.0,1217400.0,
Portland Trail Blazers_2008,8,nashst01_2008,3.0585,3.0585,0.0,jackja01,11375000.0,1217400.0,
Portland Trail Blazers_2008,9,duncati01_2008,3.0168,3.0168,0.0,aldrila01,19014188.0,4329360.0,
Portland Trail Blazers_2008,10,caldejo01_2008,2.8051,2.8051,0.0,jackja01,2471604.0,1217400.0,
Sacramento Kings_2008,1,jamesle01_2008,6.4557,6.4557,-0.0,salmojo01,13041250.0,4752000.0,
Sacramento Kings_2008,2,ginobma01_2008,5.4446,5.344,0.1006,salmojo01,9079811.0,4752000.0,
Sacramento Kings_2008,3,garneke01_2008,5.4058,5.4792,-0.0734,mooremi01,23750000.0,5356000.0,
Sacramento Kings_2008,4,paulch01_2008,4.9544,4.9544,-0.0,udrihbe01,3615960.0,1747096.0,
Sacramento Kings_2008,5,nowitdi01_2008,4.6809,4.7543,-0.0734,mooremi01,16360094.0,5356000.0,
Sacramento Kings_2008,6,bryanko01_2008,4.2708,4.2708,-0.0,salmojo01,19490625.0,4752000.0,
Sacramento Kings_2008,7,billuch01_2008,3.9981,3.9981,-0.0,udrihbe01,10000000.0,1747096.0,
Sacramento Kings_2008,8,duncati01_2008,3.9009,3.9743,-0.0734,mooremi01,19014188.0,5356000.0,
Sacramento Kings_2008,9,boshch01_2008,3.6559,3.7293,-0.0734,mooremi01,12455000.0,5356000.0,
Sacramento Kings_2008,10,piercpa01_2008,3.6365,3.6365,-0.0,salmojo01,16360094.0,4752000.0,
San Antonio Spurs_2008,1,jamesle01_2008,6.1153,6.215,-0.0998,bowenbr01,13041250.0,4125000.0,
San Antonio Spurs_2008,2,nowitdi01_2008,4.2246,4.3893,-0.1647,bowenbr01,16360094.0,4125000.0,
San Antonio Spurs_2008,3,paulch01_2008,3.6991,3.6991,0.0,parketo01,3615960.0,10500000.0,
San Antonio Spurs_2008,4,piercpa01_2008,3.3683,3.468,-0.0998,bowenbr01,16360094.0,4125000.0,
San Antonio Spurs_2008,5,kirilan01_2008,3.2992,3.2936,0.0056,bowenbr01,13735000.0,4125000.0,
San Antonio Spurs_2008,6,bryanko01_2008,3.0302,3.1111,-0.0809,finlemi01,19490625.0,18593750.0,
San Antonio Spurs_2008,7,garneke01_2008,2.9924,2.994,-0.0016,obertfa01,23750000.0,3600000.0,
San Antonio Spurs_2008,8,butleca01_2008,2.9021,3.0019,-0.0998,bowenbr01,8218990.0,4125000.0,
San Antonio Spurs_2008,9,billuch01_2008,2.6776,2.6255,0.0521,vaughja01,10000000.0,1219950.0,
San Antonio Spurs_2008,10,iguodan01_2008,2.5904,2.6901,-0.0998,bowenbr01,2804889.0,4125000.0,
Seattle SuperSonics_2008,1,jamesle01_2008,6.7867,7.0027,-0.2159,greenje02,13041250.0,3058200.0,
Seattle SuperSonics_2008,2,ginobma01_2008,5.9605,5.8688,0.0917,duranke01,9079811.0,4171200.0,
Seattle SuperSonics_2008,3,garneke01_2008,5.7877,6.0047,-0.2171,greenje02,23750000.0,3058200.0,
Seattle SuperSonics_2008,4,paulch01_2008,5.4945,5.4945,0.0,watsoea01,3615960.0,5800000.0,
Seattle SuperSonics_2008,5,nowitdi01_2008,5.1012,5.3182,-0.2171,greenje02,16360094.0,3058200.0,
Seattle SuperSonics_2008,6,bryanko01_2008,4.6737,4.6737,0.0,duranke01,19490625.0,4171200.0,
Seattle SuperSonics_2008,7,billuch01_2008,4.4408,4.4408,0.0,watsoea01,10000000.0,5800000.0,
Seattle SuperSonics_2008,8,kirilan01_2008,4.3073,4.3073,0.0,greenje02,13735000.0,3058200.0,
Seattle SuperSonics_2008,9,piercpa01_2008,4.2524,4.4683,-0.2159,greenje02,16360094.0,3058200.0,
Seattle SuperSonics_2008,10,butleca01_2008,3.8223,4.0382,-0.2159,greenje02,8218990.0,3058200.0,
Toronto Raptors_2008,1,jamesle01_2008,5.2373,5.2981,-0.0609,bargnan01,13041250.0,4838880.0,
Toronto Raptors_2008,2,garneke01_2008,4.3986,4.4778,-0.0792,bargnan01,23750000.0,4838880.0,
Toronto Raptors_2008,3,ginobma01_2008,4.3869,4.4878,-0.101,parkean01,9079811.0,4350000.0,
Toronto Raptors_2008,4,billuch01_2008,4.103,4.204,-0.101,parkean01,10000000.0,4350000.0,
Toronto Raptors_2008,5,nowitdi01_2008,3.8343,3.9135,-0.0792,bargnan01,16360094.0,4838880.0,
Toronto Raptors_2008,6,bryanko01_2008,3.2483,3.3599,-0.1116,parkean01,19490625.0,4350000.0,
Toronto Raptors_2008,7,duncati01_2008,3.2271,3.3063,-0.0792,bargnan01,19014188.0,4838880.0,
Toronto Raptors_2008,8,paulch01_2008,3.0246,3.0246,-0.0,caldejo01,3615960.0,2471604.0,
Toronto Raptors_2008,9,bynuman01_2008,2.9,2.7544,0.1456,bargnan01,2172000.0,4838880.0,
Toronto Raptors_2008,10,stoudam01_2008,2.8936,2.9729,-0.0792,bargnan01,13762775.0,4838880.0,
Utah Jazz_2008,1,paulch01_2008,4.2717,4.2717,-0.0,willide01,3615960.0,4010640.0,
Utah Jazz_2008,2,garneke01_2008,3.996,3.996,-0.0,okurme01,23750000.0,8500000.0,
Utah Jazz_2008,3,jamesle01_2008,3.4768,3.4739,0.0029,millspa01,13041250.0,687456.0,
Utah Jazz_2008,4,nowitdi01_2008,3.2667,3.2667,-0.0,okurme01,16360094.0,8500000.0,
Utah Jazz_2008,5,ginobma01_2008,3.1779,3.1779,-0.0,willide01,9079811.0,4010640.0,
Utah Jazz_2008,6,billuch01_2008,2.8442,2.8442,-0.0,willide01,10000000.0,4010640.0,
Utah Jazz_2008,7,duncati01_2008,2.482,2.482,-0.0,okurme01,19014188.0,8500000.0,
Utah Jazz_2008,8,bryanko01_2008,2.2581,2.2859,-0.0278,harprma01,19490625.0,6000000.0,
Utah Jazz_2008,9,boshch01_2008,2.2355,2.2355,-0.0,okurme01,12455000.0,8500000.0,
Utah Jazz_2008,10,bynuman01_2008,2.0968,1.7687,0.3281,okurme01,2172000.0,8500000.0,
Memphis Grizzlies_2008,1,jamesle01_2008,6.8753,6.8753,-0.0,gayru01,13041250.0,2411160.0,
Memphis Grizzlies_2008,2,paulch01_2008,5.5561,5.5635,-0.0074,navarju01,3615960.0,538090.0,
Memphis Grizzlies_2008,3,garneke01_2008,5.4525,5.5516,-0.0991,gayru01,23750000.0,2411160.0,
Memphis Grizzlies_2008,4,ginobma01_2008,4.7988,4.8062,-0.0074,navarju01,9079811.0,538090.0,
Memphis Grizzlies_2008,5,billuch01_2008,4.5678,4.5752,-0.0074,navarju01,10000000.0,538090.0,
Memphis Grizzlies_2008,6,nowitdi01_2008,4.542,4.641,-0.0991,gayru01,16360094.0,2411160.0,
Memphis Grizzlies_2008,7,bryanko01_2008,3.7736,3.8883,-0.1147,navarju01,19490625.0,538090.0,
Memphis Grizzlies_2008,8,piercpa01_2008,3.5136,3.5136,-0.0,gayru01,16360094.0,2411160.0,
Memphis Grizzlies_2008,9,kirilan01_2008,3.4092,3.3001,0.1091,gayru01,13735000.0,2411160.0,
Memphis Grizzlies_2008,10,duncati01_2008,3.2182,3.2302,-0.012,milicda01,19014188.0,6500000.0,
Washington Wizards_2008,1,paulch01_2008,5.3516,5.34,0.0116,stevede01,3615960.0,1033930.0,
Washington Wizards_2008,2,jamesle01_2008,5.2971,5.2532,0.0439,jamisan01,13041250.0,16360094.0,
Washington Wizards_2008,3,ginobma01_2008,4.4472,4.4356,0.0116,stevede01,9079811.0,1033930.0,
Washington Wizards_2008,4,billuch01_2008,4.1713,4.1597,0.0116,stevede01,10000000.0,1033930.0,
Washington Wizards_2008,5,garneke01_2008,3.984,3.9588,0.0252,haywobr01,23750000.0,5000000.0,
Washington Wizards_2008,6,nowitdi01_2008,3.3141,3.2889,0.0252,haywobr01,16360094.0,5000000.0,
Washington Wizards_2008,7,bryanko01_2008,3.2356,3.3394,-0.1038,stevede01,19490625.0,1033930.0,
Washington Wizards_2008,8,duncati01_2008,2.7181,2.7057,0.0124,blatcan01,19014188.0,2470000.0,
Washington Wizards_2008,9,boshch01_2008,2.5462,2.5338,0.0124,blatcan01,12455000.0,2470000.0,
Washington Wizards_2008,10,nashst01_2008,2.5088,2.4972,0.0116,stevede01,11375000.0,1033930.0,
Detroit Pistons_2008,1,jamesle01_2008,5.3348,5.3811,-0.0463,mcdyean01,13041250.0,6373900.0,
Detroit Pistons_2008,2,garneke01_2008,4.3332,4.3808,-0.0476,mcdyean01,23750000.0,6373900.0,
Detroit Pistons_2008,3,paulch01_2008,4.1758,4.0956,0.0802,hamilri01,3615960.0,10000000.0,
Detroit Pistons_2008,4,nowitdi01_2008,3.6451,3.6927,-0.0476,mcdyean01,16360094.0,6373900.0,
Detroit Pistons_2008,5,ginobma01_2008,3.3191,3.239,0.0802,hamilri01,9079811.0,10000000.0,
Detroit Pistons_2008,6,duncati01_2008,2.9046,2.9522,-0.0476,mcdyean01,19014188.0,6373900.0,
Detroit Pistons_2008,7,kirilan01_2008,2.8463,2.6794,0.167,mcdyean01,13735000.0,6373900.0,
Detroit Pistons_2008,8,boshch01_2008,2.672,2.7196,-0.0476,mcdyean01,12455000.0,6373900.0,
Detroit Pistons_2008,9,bryanko01_2008,2.5828,2.5828,0.0,princta01,19490625.0,8675620.0,
Detroit Pistons_2008,10,bynuman01_2008,2.5739,2.2792,0.2947,mcdyean01,2172000.0,6373900.0,
Charlotte Bobcats_2008,1,paulch01_2008,7.7627,7.7627,-0.0,feltora01,3615960.0,3274440.0,
Charlotte Bobcats_2008,2,ginobma01_2008,6.7049,6.7049,-0.0,feltora01,9079811.0,3274440.0,
Charlotte Bobcats_2008,3,billuch01_2008,6.3822,6.3822,-0.0,feltora01,10000000.0,3274440.0,
Charlotte Bobcats_2008,4,garneke01_2008,5.5465,5.6958,-0.1493,okafoem01,23750000.0,5427307.0,
Charlotte Bobcats_2008,5,bryanko01_2008,5.2775,5.4228,-0.1453,feltora01,19490625.0,3274440.0,
Charlotte Bobcats_2008,6,jamesle01_2008,5.2095,5.2095,0.0,richaja01,13041250.0,11111110.0,
Charlotte Bobcats_2008,7,nowitdi01_2008,4.7184,4.8677,-0.1493,okafoem01,16360094.0,5427307.0,
Charlotte Bobcats_2008,8,nashst01_2008,4.4378,4.4378,-0.0,feltora01,11375000.0,3274440.0,
Charlotte Bobcats_2008,9,caldejo01_2008,4.0977,4.0977,-0.0,feltora01,2471604.0,3274440.0,
Charlotte Bobcats_2008,10,duncati01_2008,3.8274,3.9767,-0.1493,okafoem01,19014188.0,5427307.0,
Atlanta Hawks_2009,1,jamesle01_2009,8.0138,8.0138,-0.0,johnsjo02,14410581.0,14232567.0,
Atlanta Hawks_2009,2,paulch01_2009,6.1124,6.0704,0.042,bibbymi01,4574189.0,14983603.0,
Atlanta Hawks_2009,3,wadedw01_2009,6.0348,5.9805,0.0543,johnsjo02,14410581.0,14232567.0,
Atlanta Hawks_2009,4,roybr01_2009,3.1271,3.1271,-0.0,johnsjo02,3084240.0,14232567.0,
Atlanta Hawks_2009,5,bryanko01_2009,2.9636,2.9636,-0.0,bibbymi01,21262500.0,14983603.0,
Atlanta Hawks_2009,6,howardw01_2009,2.3595,2.1089,0.2506,horfoal01,13758000.0,4026720.0,
Atlanta Hawks_2009,7,nelsoja01_2009,2.28,2.2379,0.042,bibbymi01,7700000.0,14983603.0,
Atlanta Hawks_2009,8,garneke01_2009,2.2641,2.2641,0.0,horfoal01,24751934.0,4026720.0,
Atlanta Hawks_2009,9,allenra02_2009,2.147,2.147,0.0,evansma01,18388430.0,2500000.0,
Atlanta Hawks_2009,10,lewisra02_2009,2.1015,2.1015,0.0,evansma01,16447871.0,2500000.0,
Boston Celtics_2009,1,jamesle01_2009,7.0542,7.0542,0.0,piercpa01,14410581.0,18077903.0,
Boston Celtics_2009,2,paulch01_2009,4.3198,4.3198,0.0,rondora01,4574189.0,1315080.0,
Boston Celtics_2009,3,wadedw01_2009,3.9182,3.9182,0.0,rondora01,14410581.0,1315080.0,
Boston Celtics_2009,4,howardw01_2009,2.9582,2.6588,0.2994,perkike01,13758000.0,4578880.0,
Boston Celtics_2009,5,duncati01_2009,2.4002,2.3975,0.0027,perkike01,20598704.0,4578880.0,
Boston Celtics_2009,6,roybr01_2009,2.3328,2.3328,0.0,piercpa01,3084240.0,18077903.0,
Boston Celtics_2009,7,lewisra02_2009,2.2635,2.181,0.0825,davisgl01,16447871.0,711517.0,
Boston Celtics_2009,8,gasolpa01_2009,2.2466,2.2439,0.0027,perkike01,15106000.0,4578880.0,
Boston Celtics_2009,9,mingya01_2009,2.0649,2.0622,0.0027,perkike01,15070550.0,4578880.0,
Boston Celtics_2009,10,odomla01_2009,1.9891,1.9891,0.0,perkike01,14148596.0,4578880.0,
Cleveland Cavaliers_2009,1,paulch01_2009,5.7138,5.5298,0.184,willima01,4574189.0,8353000.0,
Cleveland Cavaliers_2009,2,wadedw01_2009,5.2892,5.1052,0.184,willima01,14410581.0,8353000.0,
Cleveland Cavaliers_2009,3,roybr01_2009,2.7228,2.8007,-0.0778,gibsoda01,3084240.0,3700000.0,
Cleveland Cavaliers_2009,4,bryanko01_2009,2.6201,2.6979,-0.0778,gibsoda01,21262500.0,3700000.0,
Cleveland Cavaliers_2009,5,howardw01_2009,2.5404,2.2931,0.2472,varejan01,13758000.0,5784480.0,
Cleveland Cavaliers_2009,6,garneke01_2009,2.4366,2.4535,-0.0169,varejan01,24751934.0,5784480.0,
Cleveland Cavaliers_2009,7,nelsoja01_2009,2.2662,2.2266,0.0396,gibsoda01,7700000.0,3700000.0,
Cleveland Cavaliers_2009,8,allenra02_2009,2.0711,2.0711,0.0,gibsoda01,18388430.0,3700000.0,
Cleveland Cavaliers_2009,9,ginobma01_2009,2.0688,2.0293,0.0396,gibsoda01,9905248.0,3700000.0,
Cleveland Cavaliers_2009,10,lewisra02_2009,2.0163,1.8894,0.127,varejan01,16447871.0,5784480.0,
New Orleans Hornets_2009,1,jamesle01_2009,8.634,8.5014,0.1326,westda01,14410581.0,9862500.0,
New Orleans Hornets_2009,2,wadedw01_2009,6.8891,6.9062,-0.0171,butlera01,14410581.0,3630000.0,
New Orleans Hornets_2009,3,roybr01_2009,4.4099,4.508,-0.0981,butlera01,3084240.0,3630000.0,
New Orleans Hornets_2009,4,bryanko01_2009,4.2598,4.3579,-0.0981,butlera01,21262500.0,3630000.0,
New Orleans Hornets_2009,5,howardw01_2009,3.4736,3.0549,0.4188,westda01,13758000.0,9862500.0,
New Orleans Hornets_2009,6,allenra02_2009,3.4425,3.4425,0.0,butlera01,18388430.0,3630000.0,
New Orleans Hornets_2009,7,grangda01_2009,3.3952,3.4933,-0.0981,butlera01,2329805.0,3630000.0,
New Orleans Hornets_2009,8,ginobma01_2009,3.3643,3.3814,-0.0171,butlera01,9905248.0,3630000.0,
New Orleans Hornets_2009,9,garneke01_2009,3.2643,3.2643,-0.0,westda01,24751934.0,9862500.0,
New Orleans Hornets_2009,10,wallage01_2009,2.8876,2.9177,-0.0302,butlera01,9500000.0,3630000.0,
Chicago Bulls_2009,1,paulch01_2009,8.0887,7.9246,0.1641,rosede01,4574189.0,4822800.0,
Chicago Bulls_2009,2,wadedw01_2009,7.6367,7.4725,0.1641,rosede01,14410581.0,4822800.0,
Chicago Bulls_2009,3,jamesle01_2009,6.7752,6.8327,-0.0575,thomaty01,14410581.0,3749880.0,
Chicago Bulls_2009,4,bryanko01_2009,4.5814,4.5814,-0.0,rosede01,21262500.0,4822800.0,
Chicago Bulls_2009,5,nelsoja01_2009,3.9646,3.8005,0.1641,rosede01,7700000.0,4822800.0,
Chicago Bulls_2009,6,roybr01_2009,3.4072,3.4072,0.0,gordobe01,3084240.0,6404750.0,
Chicago Bulls_2009,7,kiddja01_2009,3.2722,3.1081,0.1641,rosede01,21372000.0,4822800.0,
Chicago Bulls_2009,8,rondora01_2009,3.227,3.0629,0.1641,rosede01,1315080.0,4822800.0,
Chicago Bulls_2009,9,howardw01_2009,3.1425,2.9152,0.2273,thomaty01,13758000.0,3749880.0,
Chicago Bulls_2009,10,garneke01_2009,3.0658,3.0658,0.0,thomaty01,24751934.0,3749880.0,
Dallas Mavericks_2009,1,jamesle01_2009,6.9487,6.904,0.0447,nowitdi01,14410581.0,18077904.0,
Dallas Mavericks_2009,2,paulch01_2009,4.7025,4.7025,-0.0,kiddja01,4574189.0,21372000.0,
Dallas Mavericks_2009,3,wadedw01_2009,4.4438,4.4978,-0.054,wrighan01,14410581.0,1800000.0,
Dallas Mavericks_2009,4,roybr01_2009,2.9834,3.092,-0.1087,wrighan01,3084240.0,1800000.0,
Dallas Mavericks_2009,5,bryanko01_2009,2.8954,3.0041,-0.1087,wrighan01,21262500.0,1800000.0,
Dallas Mavericks_2009,6,allenra02_2009,2.4675,2.4675,0.0,wrighan01,18388430.0,1800000.0,
Dallas Mavericks_2009,7,grangda01_2009,2.3886,2.4973,-0.1087,wrighan01,2329805.0,1800000.0,
Dallas Mavericks_2009,8,ginobma01_2009,2.3776,2.4317,-0.054,wrighan01,9905248.0,1800000.0,
Dallas Mavericks_2009,9,howardw01_2009,2.3506,2.1105,0.2401,bassbr01,13758000.0,826269.0,
Dallas Mavericks_2009,10,garneke01_2009,2.2197,2.2197,0.0,bassbr01,24751934.0,826269.0,
Denver Nuggets_2009,1,jamesle01_2009,6.1098,6.1098,0.0,anthoca01,14410581.0,14410581.0,
Denver Nuggets_2009,2,paulch01_2009,4.8266,4.8266,0.0,cartean01,4574189.0,1147533.0,
Denver Nuggets_2009,3,wadedw01_2009,4.5528,4.5528,0.0,cartean01,14410581.0,1147533.0,
Denver Nuggets_2009,4,roybr01_2009,2.8644,2.9131,-0.0487,jonesda02,3084240.0,926678.0,
Denver Nuggets_2009,5,garneke01_2009,2.8,2.9561,-0.1561,kleizli01,24751934.0,1824493.0,
Denver Nuggets_2009,6,bryanko01_2009,2.783,2.8317,-0.0487,jonesda02,21262500.0,926678.0,
Denver Nuggets_2009,7,lewisra02_2009,2.5436,2.5021,0.0415,kleizli01,16447871.0,1824493.0,
Denver Nuggets_2009,8,grangda01_2009,2.4837,2.5836,-0.0998,kleizli01,2329805.0,1824493.0,
Denver Nuggets_2009,9,allenra02_2009,2.3799,2.3351,0.0448,jonesda02,18388430.0,926678.0,
Denver Nuggets_2009,10,nelsoja01_2009,2.3289,2.3289,0.0,cartean01,7700000.0,1147533.0,
Golden State Warriors_2009,1,jamesle01_2009,6.8649,7.0288,-0.1638,jacksst02,14410581.0,7140000.0,
Golden State Warriors_2009,2,paulch01_2009,5.9771,5.8579,0.1192,crawfja01,4574189.0,8640000.0,
Golden State Warriors_2009,3,wadedw01_2009,5.6576,5.5384,0.1192,crawfja01,14410581.0,8640000.0,
Golden State Warriors_2009,4,roybr01_2009,3.6154,3.6154,0.0,crawfja01,3084240.0,8640000.0,
Golden State Warriors_2009,5,bryanko01_2009,3.4951,3.4951,0.0,crawfja01,21262500.0,8640000.0,
Golden State Warriors_2009,6,nelsoja01_2009,3.0624,2.9432,0.1192,crawfja01,7700000.0,8640000.0,
Golden State Warriors_2009,7,allenra02_2009,2.8949,2.7611,0.1338,crawfja01,18388430.0,8640000.0,
Golden State Warriors_2009,8,garneke01_2009,2.8532,2.9689,-0.1157,jacksst02,24751934.0,7140000.0,
Golden State Warriors_2009,9,ginobma01_2009,2.8313,2.7121,0.1192,crawfja01,9905248.0,8640000.0,
Golden State Warriors_2009,10,kiddja01_2009,2.5731,2.4539,0.1192,crawfja01,21372000.0,8640000.0,
Houston Rockets_2009,1,jamesle01_2009,7.2084,7.2087,-0.0003,scolalu01,14410581.0,3100667.0,
Houston Rockets_2009,2,paulch01_2009,5.1257,5.1257,0.0,brookaa01,4574189.0,1045560.0,
Houston Rockets_2009,3,wadedw01_2009,4.827,4.827,0.0,brookaa01,14410581.0,1045560.0,
Houston Rockets_2009,4,howardw01_2009,3.0361,2.6688,0.3673,scolalu01,13758000.0,3100667.0,
Houston Rockets_2009,5,bryanko01_2009,2.8657,2.9164,-0.0507,brookaa01,21262500.0,1045560.0,
Houston Rockets_2009,6,garneke01_2009,2.8434,2.8434,0.0,scolalu01,24751934.0,3100667.0,
Houston Rockets_2009,7,lewisra02_2009,2.4092,2.2294,0.1798,scolalu01,16447871.0,3100667.0,
Houston Rockets_2009,8,nelsoja01_2009,2.4003,2.4003,0.0,brookaa01,7700000.0,1045560.0,
Houston Rockets_2009,9,duncati01_2009,2.3756,2.3756,0.0,scolalu01,20598704.0,3100667.0,
Houston Rockets_2009,10,grangda01_2009,2.3392,2.3395,-0.0003,scolalu01,2329805.0,3100667.0,
Los Angeles Clippers_2009,1,jamesle01_2009,10.4679,10.4679,0.0,thornal01,14410581.0,1776240.0,
Los Angeles Clippers_2009,2,paulch01_2009,7.2515,7.1466,0.1049,gordoer01,4574189.0,2623200.0,
Los Angeles Clippers_2009,3,wadedw01_2009,6.845,6.7402,0.1049,gordoer01,14410581.0,2623200.0,
Los Angeles Clippers_2009,4,roybr01_2009,6.348,6.348,0.0,thornal01,3084240.0,1776240.0,
Los Angeles Clippers_2009,5,garneke01_2009,5.8426,5.8618,-0.0192,thornal01,24751934.0,1776240.0,
Los Angeles Clippers_2009,6,allenra02_2009,5.4033,5.2793,0.124,thornal01,18388430.0,1776240.0,
Los Angeles Clippers_2009,7,lewisra02_2009,5.338,5.214,0.124,thornal01,16447871.0,1776240.0,
Los Angeles Clippers_2009,8,grangda01_2009,5.3302,5.3302,0.0,thornal01,2329805.0,1776240.0,
Los Angeles Clippers_2009,9,ginobma01_2009,5.3203,5.218,0.1024,thornal01,9905248.0,1776240.0,
Los Angeles Clippers_2009,10,wallage01_2009,4.9297,4.7529,0.1768,thornal01,9500000.0,1776240.0,
Los Angeles Lakers_2009,1,paulch01_2009,5.6723,5.6575,0.0148,fishede01,4574189.0,4700000.0,
Los Angeles Lakers_2009,2,wadedw01_2009,5.3045,5.2896,0.0148,fishede01,14410581.0,4700000.0,
Los Angeles Lakers_2009,3,jamesle01_2009,4.9938,4.901,0.0928,odomla01,14410581.0,14148596.0,
Los Angeles Lakers_2009,4,nelsoja01_2009,2.316,2.3011,0.0148,fishede01,7700000.0,4700000.0,
Los Angeles Lakers_2009,5,kiddja01_2009,1.7525,1.7377,0.0148,fishede01,21372000.0,4700000.0,
Los Angeles Lakers_2009,6,rondora01_2009,1.7157,1.7009,0.0148,fishede01,1315080.0,4700000.0,
Los Angeles Lakers_2009,7,roybr01_2009,1.691,1.828,-0.137,arizatr01,3084240.0,3100000.0,
Los Angeles Lakers_2009,8,howardw01_2009,1.6899,1.6196,0.0704,poweljo01,13758000.0,854957.0,
Los Angeles Lakers_2009,9,garneke01_2009,1.6435,1.6695,-0.0259,poweljo01,24751934.0,854957.0,
Los Angeles Lakers_2009,10,parketo01_2009,1.5379,1.5379,-0.0,farmajo01,11550000.0,1080000.0,
Miami Heat_2009,1,jamesle01_2009,9.2087,9.191,0.0176,hasleud01,14410581.0,6575000.0,
Miami Heat_2009,2,paulch01_2009,6.7862,6.7862,0.0,chalmma01,4574189.0,700000.0,
Miami Heat_2009,3,howardw01_2009,4.8561,4.499,0.3571,hasleud01,13758000.0,6575000.0,
Miami Heat_2009,4,garneke01_2009,4.5996,4.6794,-0.0799,hasleud01,24751934.0,6575000.0,
Miami Heat_2009,5,lewisra02_2009,4.1956,4.0449,0.1507,hasleud01,16447871.0,6575000.0,
Miami Heat_2009,6,grangda01_2009,4.1764,4.1587,0.0176,hasleud01,2329805.0,6575000.0,
Miami Heat_2009,7,duncati01_2009,4.1161,4.196,-0.0799,hasleud01,20598704.0,6575000.0,
Miami Heat_2009,8,gasolpa01_2009,3.938,4.0179,-0.0799,hasleud01,15106000.0,6575000.0,
Miami Heat_2009,9,bryanko01_2009,3.8112,3.858,-0.0468,chalmma01,21262500.0,700000.0,
Miami Heat_2009,10,mingya01_2009,3.7273,3.8071,-0.0799,hasleud01,15070550.0,6575000.0,
Milwaukee Bucks_2009,1,jamesle01_2009,8.8047,8.8047,0.0,jefferi01,14410581.0,13200000.0,
Milwaukee Bucks_2009,2,paulch01_2009,5.0398,5.0398,0.0,ridnolu01,4574189.0,6500000.0,
Milwaukee Bucks_2009,3,wadedw01_2009,4.7351,4.7351,0.0,ridnolu01,14410581.0,6500000.0,
Milwaukee Bucks_2009,4,roybr01_2009,4.22,4.22,0.0,jefferi01,3084240.0,13200000.0,
Milwaukee Bucks_2009,5,allenra02_2009,3.1963,3.0306,0.1656,jefferi01,18388430.0,13200000.0,
Milwaukee Bucks_2009,6,lewisra02_2009,3.1236,2.958,0.1656,jefferi01,16447871.0,13200000.0,
Milwaukee Bucks_2009,7,grangda01_2009,3.0873,3.0873,0.0,jefferi01,2329805.0,13200000.0,
Milwaukee Bucks_2009,8,ginobma01_2009,3.0556,2.9624,0.0932,jefferi01,9905248.0,13200000.0,
Milwaukee Bucks_2009,9,bryanko01_2009,2.8452,2.9696,-0.1244,bellch01,21262500.0,3354480.0,
Milwaukee Bucks_2009,10,garneke01_2009,2.6859,2.7417,-0.0558,mbahalu01,24751934.0,757000.0,
Minnesota Timberwolves_2009,1,jamesle01_2009,9.0635,9.0635,-0.0,gomesry01,14410581.0,3650000.0,
Minnesota Timberwolves_2009,2,paulch01_2009,6.675,6.5799,0.0952,foyera01,4574189.0,2815560.0,
Minnesota Timberwolves_2009,3,wadedw01_2009,6.296,6.2008,0.0952,foyera01,14410581.0,2815560.0,
Minnesota Timberwolves_2009,4,garneke01_2009,4.5068,4.4845,0.0224,gomesry01,24751934.0,3650000.0,
Minnesota Timberwolves_2009,5,lewisra02_2009,3.9692,3.8404,0.1288,gomesry01,16447871.0,3650000.0,
Minnesota Timberwolves_2009,6,grangda01_2009,3.956,3.956,-0.0,gomesry01,2329805.0,3650000.0,
Minnesota Timberwolves_2009,7,ginobma01_2009,3.9485,3.8444,0.1041,gomesry01,9905248.0,3650000.0,
Minnesota Timberwolves_2009,8,roybr01_2009,3.9193,3.9193,0.0,foyera01,3084240.0,2815560.0,
Minnesota Timberwolves_2009,9,bryanko01_2009,3.7765,3.7765,0.0,foyera01,21262500.0,2815560.0,
Minnesota Timberwolves_2009,10,wallage01_2009,3.5931,3.382,0.211,gomesry01,9500000.0,3650000.0,
New Jersey Nets_2009,1,jamesle01_2009,5.7072,5.8131,-0.1058,hayesja01,14410581.0,1910000.0,
New Jersey Nets_2009,2,wadedw01_2009,5.5733,5.4441,0.1292,cartevi01,14410581.0,14724125.0,
New Jersey Nets_2009,3,paulch01_2009,5.5571,5.5571,0.0,doolike01,4574189.0,3300000.0,
New Jersey Nets_2009,4,howardw01_2009,3.5594,3.291,0.2684,lopezbr01,13758000.0,2098560.0,
New Jersey Nets_2009,5,garneke01_2009,3.3876,3.4668,-0.0792,lopezbr01,24751934.0,2098560.0,
New Jersey Nets_2009,6,roybr01_2009,3.2548,3.379,-0.1241,doolike01,3084240.0,3300000.0,
New Jersey Nets_2009,7,bryanko01_2009,3.1379,3.2621,-0.1241,doolike01,21262500.0,3300000.0,
New Jersey Nets_2009,8,duncati01_2009,2.9165,2.9957,-0.0792,lopezbr01,20598704.0,2098560.0,
New Jersey Nets_2009,9,gasolpa01_2009,2.743,2.8222,-0.0792,lopezbr01,15106000.0,2098560.0,
New Jersey Nets_2009,10,nelsoja01_2009,2.726,2.726,0.0,doolike01,7700000.0,3300000.0,
New York Knicks_2009,1,jamesle01_2009,8.9532,8.9532,0.0,chandwi01,14410581.0,1173480.0,
New York Knicks_2009,2,paulch01_2009,8.2648,8.2648,-0.0,duhonch01,4574189.0,5585000.0,
New York Knicks_2009,3,wadedw01_2009,7.8222,7.8222,-0.0,duhonch01,14410581.0,5585000.0,
New York Knicks_2009,4,roybr01_2009,5.0593,5.1581,-0.0988,duhonch01,3084240.0,5585000.0,
New York Knicks_2009,5,bryanko01_2009,4.8926,4.9914,-0.0988,duhonch01,21262500.0,5585000.0,
New York Knicks_2009,6,nelsoja01_2009,4.2268,4.2268,-0.0,duhonch01,7700000.0,5585000.0,
New York Knicks_2009,7,garneke01_2009,4.1071,4.1662,-0.0591,chandwi01,24751934.0,1173480.0,
New York Knicks_2009,8,allenra02_2009,4.0623,3.9745,0.0877,duhonch01,18388430.0,5585000.0,
New York Knicks_2009,9,ginobma01_2009,3.9067,3.9067,-0.0,duhonch01,9905248.0,5585000.0,
New York Knicks_2009,10,lewisra02_2009,3.6622,3.4929,0.1693,chandwi01,16447871.0,1173480.0,
Orlando Magic_2009,1,jamesle01_2009,7.2667,7.2667,-0.0,turkohe01,14410581.0,6864200.0,
Orlando Magic_2009,2,wadedw01_2009,4.5825,4.5342,0.0483,leeco01,14410581.0,1176240.0,
Orlando Magic_2009,3,paulch01_2009,3.7368,3.7368,0.0,johnsan02,4574189.0,1910000.0,
Orlando Magic_2009,4,roybr01_2009,2.8595,2.8595,-0.0,turkohe01,3084240.0,6864200.0,
Orlando Magic_2009,5,bryanko01_2009,2.533,2.6326,-0.0995,leeco01,21262500.0,1176240.0,
Orlando Magic_2009,6,ginobma01_2009,1.9522,1.9039,0.0483,leeco01,9905248.0,1176240.0,
Orlando Magic_2009,7,allenra02_2009,1.9495,1.9495,0.0,leeco01,18388430.0,1176240.0,
Orlando Magic_2009,8,grangda01_2009,1.7707,1.7707,-0.0,turkohe01,2329805.0,6864200.0,
Orlando Magic_2009,9,rondora01_2009,1.6821,1.6338,0.0483,leeco01,1315080.0,1176240.0,
Orlando Magic_2009,10,garneke01_2009,1.615,1.6342,-0.0192,battito01,24751934.0,5746000.0,
Indiana Pacers_2009,1,paulch01_2009,7.345,7.345,0.0,jackja01,4574189.0,2002623.0,
Indiana Pacers_2009,2,wadedw01_2009,6.9315,6.9315,0.0,jackja01,14410581.0,2002623.0,
Indiana Pacers_2009,3,jamesle01_2009,6.2773,6.3771,-0.0998,rushbr01,14410581.0,1799160.0,
Indiana Pacers_2009,4,roybr01_2009,4.2302,4.4424,-0.2122,jackja01,3084240.0,2002623.0,
Indiana Pacers_2009,5,bryanko01_2009,4.0744,4.2866,-0.2122,jackja01,21262500.0,2002623.0,
Indiana Pacers_2009,6,nelsoja01_2009,3.5722,3.5722,0.0,jackja01,7700000.0,2002623.0,
Indiana Pacers_2009,7,ginobma01_2009,3.2731,3.2731,0.0,jackja01,9905248.0,2002623.0,
Indiana Pacers_2009,8,allenra02_2009,3.2245,3.3365,-0.1121,jackja01,18388430.0,2002623.0,
Indiana Pacers_2009,9,kiddja01_2009,2.9388,2.9388,0.0,jackja01,21372000.0,2002623.0,
Indiana Pacers_2009,10,rondora01_2009,2.8975,2.8975,0.0,jackja01,1315080.0,2002623.0,
Philadelphia 76ers_2009,1,jamesle01_2009,7.1681,7.1681,0.0,iguodan01,14410581.0,11300000.0,
Philadelphia 76ers_2009,2,paulch01_2009,5.7398,5.7398,0.0,millean02,4574189.0,10333334.0,
Philadelphia 76ers_2009,3,wadedw01_2009,5.29,5.29,0.0,millean02,14410581.0,10333334.0,
Philadelphia 76ers_2009,4,howardw01_2009,3.2996,3.0648,0.2348,dalemsa01,13758000.0,11238564.0,
Philadelphia 76ers_2009,5,roybr01_2009,3.1993,3.1993,0.0,greenwi01,3084240.0,3388000.0,
Philadelphia 76ers_2009,6,garneke01_2009,3.1507,3.206,-0.0554,dalemsa01,24751934.0,11238564.0,
Philadelphia 76ers_2009,7,bryanko01_2009,3.0957,3.0957,0.0,greenwi01,21262500.0,3388000.0,
Philadelphia 76ers_2009,8,duncati01_2009,2.7722,2.8276,-0.0554,dalemsa01,20598704.0,11238564.0,
Philadelphia 76ers_2009,9,gasolpa01_2009,2.6328,2.6882,-0.0554,dalemsa01,15106000.0,11238564.0,
Philadelphia 76ers_2009,10,allenra02_2009,2.5698,2.4635,0.1063,greenwi01,18388430.0,3388000.0,
Phoenix Suns_2009,1,jamesle01_2009,6.531,6.6277,-0.0967,hillgr01,14410581.0,1976400.0,
Phoenix Suns_2009,2,paulch01_2009,4.6344,4.6344,0.0,nashst01,4574189.0,12250000.0,
Phoenix Suns_2009,3,wadedw01_2009,4.3982,4.4138,-0.0156,richaja01,14410581.0,12222221.0,
Phoenix Suns_2009,4,roybr01_2009,2.684,2.7807,-0.0967,hillgr01,3084240.0,1976400.0,
Phoenix Suns_2009,5,garneke01_2009,2.5921,2.7628,-0.1707,barnema02,24751934.0,926678.0,
Phoenix Suns_2009,6,bryanko01_2009,2.4403,2.5145,-0.0742,richaja01,21262500.0,12222221.0,
Phoenix Suns_2009,7,grangda01_2009,2.2519,2.34,-0.0881,barnema02,2329805.0,926678.0,
Phoenix Suns_2009,8,lewisra02_2009,2.2476,2.2476,0.0,barnema02,16447871.0,926678.0,
Phoenix Suns_2009,9,howardw01_2009,1.9392,1.68,0.2592,stoudam01,13758000.0,15070550.0,
Phoenix Suns_2009,10,wallage01_2009,1.8433,1.8809,-0.0376,barnema02,9500000.0,926678.0,
Portland Trail Blazers_2009,1,jamesle01_2009,7.7462,7.6822,0.064,aldrila01,14410581.0,4631400.0,
Portland Trail Blazers_2009,2,paulch01_2009,4.4863,4.4863,0.0,blakest01,4574189.0,4250000.0,
Portland Trail Blazers_2009,3,wadedw01_2009,4.1572,4.1572,0.0,blakest01,14410581.0,4250000.0,
Portland Trail Blazers_2009,4,garneke01_2009,2.7482,2.7734,-0.0252,outlatr01,24751934.0,4000000.0,
Portland Trail Blazers_2009,5,howardw01_2009,2.6588,2.2584,0.4003,aldrila01,13758000.0,4631400.0,
Portland Trail Blazers_2009,6,lewisra02_2009,2.3553,2.2174,0.138,outlatr01,16447871.0,4000000.0,
Portland Trail Blazers_2009,7,ginobma01_2009,2.3218,2.2208,0.101,outlatr01,9905248.0,4000000.0,
Portland Trail Blazers_2009,8,grangda01_2009,2.3171,2.3171,-0.0,outlatr01,2329805.0,4000000.0,
Portland Trail Blazers_2009,9,bryanko01_2009,1.9502,2.0525,-0.1024,blakest01,21262500.0,4250000.0,
Portland Trail Blazers_2009,10,wallage01_2009,1.9402,1.8216,0.1186,outlatr01,9500000.0,4000000.0,
Sacramento Kings_2009,1,paulch01_2009,6.9261,6.9261,0.0,udrihbe01,4574189.0,5585000.0,
Sacramento Kings_2009,2,wadedw01_2009,6.5826,6.5826,0.0,udrihbe01,14410581.0,5585000.0,
Sacramento Kings_2009,3,jamesle01_2009,6.3022,6.3022,0.0,garcifr01,14410581.0,1983454.0,
Sacramento Kings_2009,4,howardw01_2009,4.6355,4.3257,0.3097,hawessp01,13758000.0,2180760.0,
Sacramento Kings_2009,5,garneke01_2009,4.4828,4.4828,0.0,hawessp01,24751934.0,2180760.0,
Sacramento Kings_2009,6,bryanko01_2009,4.2419,4.3858,-0.1439,udrihbe01,21262500.0,5585000.0,
Sacramento Kings_2009,7,duncati01_2009,4.0618,4.0618,0.0,hawessp01,20598704.0,2180760.0,
Sacramento Kings_2009,8,gasolpa01_2009,3.9067,3.9067,0.0,hawessp01,15106000.0,2180760.0,
Sacramento Kings_2009,9,lewisra02_2009,3.8656,3.727,0.1385,thompja02,16447871.0,1893840.0,
Sacramento Kings_2009,10,nelsoja01_2009,3.7925,3.7925,0.0,udrihbe01,7700000.0,5585000.0,
San Antonio Spurs_2009,1,jamesle01_2009,7.128,7.2013,-0.0734,finlemi01,14410581.0,2500000.0,
San Antonio Spurs_2009,2,paulch01_2009,6.3478,6.3421,0.0057,masonro01,4574189.0,3500000.0,
San Antonio Spurs_2009,3,wadedw01_2009,5.9734,5.9677,0.0057,masonro01,14410581.0,3500000.0,
San Antonio Spurs_2009,4,roybr01_2009,3.6396,3.7142,-0.0746,masonro01,3084240.0,3500000.0,
San Antonio Spurs_2009,5,bryanko01_2009,3.4985,3.5732,-0.0746,masonro01,21262500.0,3500000.0,
San Antonio Spurs_2009,6,garneke01_2009,3.0493,3.1642,-0.1149,finlemi01,24751934.0,2500000.0,
San Antonio Spurs_2009,7,nelsoja01_2009,2.9321,2.9264,0.0057,masonro01,7700000.0,3500000.0,
San Antonio Spurs_2009,8,allenra02_2009,2.713,2.713,0.0,masonro01,18388430.0,3500000.0,
San Antonio Spurs_2009,9,grangda01_2009,2.6248,2.6982,-0.0734,finlemi01,2329805.0,2500000.0,
San Antonio Spurs_2009,10,lewisra02_2009,2.5963,2.5963,0.0,finlemi01,16447871.0,2500000.0,
Oklahoma City Thunder_2009,1,jamesle01_2009,9.624,9.624,-0.0,greenje02,14410581.0,3287640.0,
Oklahoma City Thunder_2009,2,paulch01_2009,7.0051,7.0051,0.0,westbru01,4574189.0,3493680.0,
Oklahoma City Thunder_2009,3,wadedw01_2009,6.5988,6.5988,0.0,westbru01,14410581.0,3493680.0,
Oklahoma City Thunder_2009,4,garneke01_2009,4.5446,4.6098,-0.0652,greenje02,24751934.0,3287640.0,
Oklahoma City Thunder_2009,5,lewisra02_2009,4.0695,3.9045,0.165,greenje02,16447871.0,3287640.0,
Oklahoma City Thunder_2009,6,grangda01_2009,4.031,4.031,-0.0,greenje02,2329805.0,3287640.0,
Oklahoma City Thunder_2009,7,bryanko01_2009,3.8346,4.0002,-0.1656,westbru01,21262500.0,3493680.0,
Oklahoma City Thunder_2009,8,gasolpa01_2009,3.8093,3.8745,-0.0652,greenje02,15106000.0,3287640.0,
Oklahoma City Thunder_2009,9,odomla01_2009,3.6774,3.546,0.1314,greenje02,14148596.0,3287640.0,
Oklahoma City Thunder_2009,10,wallage01_2009,3.5842,3.4026,0.1817,greenje02,9500000.0,3287640.0,
Toronto Raptors_2009,1,jamesle01_2009,8.0491,8.1187,-0.0696,bargnan01,14410581.0,5176440.0,
Toronto Raptors_2009,2,paulch01_2009,6.8697,6.8767,-0.007,parkean01,4574189.0,4550000.0,
Toronto Raptors_2009,3,wadedw01_2009,6.4706,6.4776,-0.007,parkean01,14410581.0,4550000.0,
Toronto Raptors_2009,4,roybr01_2009,4.0751,4.0751,0.0,parkean01,3084240.0,4550000.0,
Toronto Raptors_2009,5,bryanko01_2009,3.9248,3.9248,0.0,parkean01,21262500.0,4550000.0,
Toronto Raptors_2009,6,howardw01_2009,3.9204,3.6781,0.2422,bargnan01,13758000.0,5176440.0,
Toronto Raptors_2009,7,garneke01_2009,3.8042,3.8489,-0.0446,bargnan01,24751934.0,5176440.0,
Toronto Raptors_2009,8,duncati01_2009,3.3467,3.3913,-0.0446,bargnan01,20598704.0,5176440.0,
Toronto Raptors_2009,9,lewisra02_2009,3.3315,3.2483,0.0832,bargnan01,16447871.0,5176440.0,
Toronto Raptors_2009,10,grangda01_2009,3.2864,3.3561,-0.0696,bargnan01,2329805.0,5176440.0,
Utah Jazz_2009,1,jamesle01_2009,7.0421,7.0937,-0.0517,brewero02,14410581.0,1834680.0,
Utah Jazz_2009,2,paulch01_2009,4.4363,4.5046,-0.0683,milescj01,4574189.0,3700000.0,
Utah Jazz_2009,3,wadedw01_2009,4.1908,4.2591,-0.0683,milescj01,14410581.0,3700000.0,
Utah Jazz_2009,4,roybr01_2009,2.9659,3.0176,-0.0517,brewero02,3084240.0,1834680.0,
Utah Jazz_2009,5,bryanko01_2009,2.8169,2.8686,-0.0517,brewero02,21262500.0,1834680.0,
Utah Jazz_2009,6,howardw01_2009,2.5439,2.154,0.3899,okurme01,13758000.0,8500000.0,
Utah Jazz_2009,7,garneke01_2009,2.3231,2.3231,0.0,okurme01,24751934.0,8500000.0,
Utah Jazz_2009,8,nelsoja01_2009,2.1966,2.265,-0.0683,milescj01,7700000.0,3700000.0,
Utah Jazz_2009,9,allenra02_2009,2.1251,2.1251,0.0,milescj01,18388430.0,3700000.0,
Utah Jazz_2009,10,ginobma01_2009,2.0191,2.0874,-0.0683,milescj01,9905248.0,3700000.0,
Memphis Grizzlies_2009,1,jamesle01_2009,9.9125,9.9125,0.0,gayru01,14410581.0,2579400.0,
Memphis Grizzlies_2009,2,paulch01_2009,8.9455,8.8137,0.1318,mayooj01,4574189.0,3875040.0,
Memphis Grizzlies_2009,3,wadedw01_2009,8.472,8.3401,0.1318,mayooj01,14410581.0,3875040.0,
Memphis Grizzlies_2009,4,roybr01_2009,5.4896,5.4896,0.0,mayooj01,3084240.0,3875040.0,
Memphis Grizzlies_2009,5,bryanko01_2009,5.3112,5.3112,0.0,mayooj01,21262500.0,3875040.0,
Memphis Grizzlies_2009,6,garneke01_2009,4.7199,4.7475,-0.0276,gayru01,24751934.0,2579400.0,
Memphis Grizzlies_2009,7,nelsoja01_2009,4.6249,4.4931,0.1318,mayooj01,7700000.0,3875040.0,
Memphis Grizzlies_2009,8,allenra02_2009,4.3992,4.2231,0.1761,mayooj01,18388430.0,3875040.0,
Memphis Grizzlies_2009,9,ginobma01_2009,4.2824,4.1505,0.1318,mayooj01,9905248.0,3875040.0,
Memphis Grizzlies_2009,10,lewisra02_2009,4.1937,4.0211,0.1726,gayru01,16447871.0,2579400.0,
Washington Wizards_2009,1,jamesle01_2009,8.6515,8.6138,0.0377,jamisan01,14410581.0,9923285.0,
Washington Wizards_2009,2,wadedw01_2009,5.7863,5.8075,-0.0213,butleca01,14410581.0,9249980.0,
Washington Wizards_2009,3,paulch01_2009,5.3185,5.3185,0.0,jamesmi01,4574189.0,6244093.0,
Washington Wizards_2009,4,bryanko01_2009,3.5561,3.5444,0.0117,jamesmi01,21262500.0,6244093.0,
Washington Wizards_2009,5,roybr01_2009,3.4815,3.4815,-0.0,youngni01,3084240.0,1602960.0,
Washington Wizards_2009,6,garneke01_2009,3.1572,3.1572,0.0,jamisan01,24751934.0,9923285.0,
Washington Wizards_2009,7,nelsoja01_2009,3.13,3.13,0.0,jamesmi01,7700000.0,6244093.0,
Washington Wizards_2009,8,allenra02_2009,2.8025,2.7357,0.0668,youngni01,18388430.0,1602960.0,
Washington Wizards_2009,9,kiddja01_2009,2.7626,2.7626,0.0,jamesmi01,21372000.0,6244093.0,
Washington Wizards_2009,10,howardw01_2009,2.7437,2.5371,0.2066,blatcan01,13758000.0,2739669.0,
Detroit Pistons_2009,1,jamesle01_2009,8.5559,8.5559,0.0,princta01,14410581.0,9500000.0,
Detroit Pistons_2009,2,paulch01_2009,6.5324,6.5324,0.0,stuckro01,4574189.0,1687320.0,
Detroit Pistons_2009,3,wadedw01_2009,6.1549,6.1549,0.0,stuckro01,14410581.0,1687320.0,
Detroit Pistons_2009,4,roybr01_2009,3.8035,3.8035,0.0,princta01,3084240.0,9500000.0,
Detroit Pistons_2009,5,bryanko01_2009,3.5586,3.7408,-0.1822,stuckro01,21262500.0,1687320.0,
Detroit Pistons_2009,6,garneke01_2009,3.2897,3.2427,0.0471,princta01,24751934.0,9500000.0,
Detroit Pistons_2009,7,nelsoja01_2009,3.0888,3.0888,0.0,stuckro01,7700000.0,1687320.0,
Detroit Pistons_2009,8,allenra02_2009,2.8957,2.8736,0.0221,stuckro01,18388430.0,1687320.0,
Detroit Pistons_2009,9,ginobma01_2009,2.8158,2.8158,0.0,stuckro01,9905248.0,1687320.0,
Detroit Pistons_2009,10,lewisra02_2009,2.7391,2.4953,0.2438,princta01,16447871.0,9500000.0,
Charlotte Bobcats_2009,1,paulch01_2009,7.8161,7.8161,0.0,feltora01,4574189.0,4148716.0,
Charlotte Bobcats_2009,2,wadedw01_2009,7.3493,7.3493,0.0,feltora01,14410581.0,4148716.0,
Charlotte Bobcats_2009,3,jamesle01_2009,5.8366,5.869,-0.0324,diawbo01,14410581.0,9000000.0,
Charlotte Bobcats_2009,4,roybr01_2009,4.4917,4.5391,-0.0474,feltora01,3084240.0,4148716.0,
Charlotte Bobcats_2009,5,bryanko01_2009,4.3159,4.3633,-0.0474,feltora01,21262500.0,4148716.0,
Charlotte Bobcats_2009,6,nelsoja01_2009,3.5568,3.5568,0.0,feltora01,7700000.0,4148716.0,
Charlotte Bobcats_2009,7,howardw01_2009,3.2481,2.9234,0.3247,okafoem01,13758000.0,9537500.0,
Charlotte Bobcats_2009,8,allenra02_2009,3.2174,3.2906,-0.0733,feltora01,18388430.0,4148716.0,
Charlotte Bobcats_2009,9,garneke01_2009,2.9747,3.1108,-0.1361,okafoem01,24751934.0,9537500.0,
Charlotte Bobcats_2009,10,kiddja01_2009,2.8417,2.8417,0.0,feltora01,21372000.0,4148716.0,
Atlanta Hawks_2010,1,jamesle01_2010,6.4363,6.6657,-0.2295,willima02,15779912.0,7500000.0,
Atlanta Hawks_2010,2,wadedw01_2010,4.6222,4.533,0.0892,johnsjo02,15779912.0,14976754.0,
Atlanta Hawks_2010,3,duranke01_2010,4.039,4.2684,-0.2295,willima02,4796880.0,7500000.0,
Atlanta Hawks_2010,4,ginobma01_2010,3.4886,3.5642,-0.0756,willima02,10728130.0,7500000.0,
Atlanta Hawks_2010,5,paulch01_2010,2.5311,2.5453,-0.0142,bibbymi01,13520500.0,6217617.0,
Atlanta Hawks_2010,6,kirilan01_2010,2.5023,2.5023,0.0,willima02,16452000.0,7500000.0,
Atlanta Hawks_2010,7,bryanko01_2010,2.2904,2.5199,-0.2295,willima02,23034375.0,7500000.0,
Atlanta Hawks_2010,8,roybr01_2010,2.2487,2.4781,-0.2295,willima02,3910816.0,7500000.0,
Atlanta Hawks_2010,9,duncati01_2010,2.1027,2.1027,0.0,horfoal01,22183220.0,4307640.0,
Atlanta Hawks_2010,10,nashst01_2010,2.002,2.0162,-0.0142,bibbymi01,13125000.0,6217617.0,
Boston Celtics_2010,1,jamesle01_2010,6.2836,6.4041,-0.1205,allenra02,15779912.0,18776860.0,
Boston Celtics_2010,2,wadedw01_2010,4.6595,4.7097,-0.0502,allenra02,15779912.0,18776860.0,
Boston Celtics_2010,3,duranke01_2010,3.4917,3.6121,-0.1205,allenra02,4796880.0,18776860.0,
Boston Celtics_2010,4,duncati01_2010,3.0316,3.0296,0.0019,perkike01,22183220.0,4250000.0,
Boston Celtics_2010,5,howardw01_2010,3.0069,2.6912,0.3157,perkike01,15202590.0,4250000.0,
Boston Celtics_2010,6,ginobma01_2010,2.7417,2.7919,-0.0502,allenra02,10728130.0,18776860.0,
Boston Celtics_2010,7,smithjo03_2010,2.5077,2.5077,0.0,perkike01,10800000.0,4250000.0,
Boston Celtics_2010,8,gasolpa01_2010,2.2931,2.2912,0.0019,perkike01,16452000.0,4250000.0,
Boston Celtics_2010,9,nowitdi01_2010,2.2457,2.2437,0.0019,perkike01,19795714.0,4250000.0,
Boston Celtics_2010,10,hilarne01_2010,2.1599,1.8442,0.3157,perkike01,10520000.0,4250000.0,
Cleveland Cavaliers_2010,1,wadedw01_2010,4.8394,4.7816,0.0578,parkean01,15779912.0,2644230.0,
Cleveland Cavaliers_2010,2,duranke01_2010,3.7727,3.8859,-0.1132,parkean01,4796880.0,2644230.0,
Cleveland Cavaliers_2010,3,ginobma01_2010,3.2743,3.2165,0.0578,parkean01,10728130.0,2644230.0,
Cleveland Cavaliers_2010,4,duncati01_2010,3.0572,3.0696,-0.0124,hicksjj01,22183220.0,1429200.0,
Cleveland Cavaliers_2010,5,howardw01_2010,3.0238,2.8015,0.2223,hicksjj01,15202590.0,1429200.0,
Cleveland Cavaliers_2010,6,smithjo03_2010,2.656,2.656,0.0,hicksjj01,10800000.0,1429200.0,
Cleveland Cavaliers_2010,7,gasolpa01_2010,2.4721,2.4845,-0.0124,hicksjj01,16452000.0,1429200.0,
Cleveland Cavaliers_2010,8,nowitdi01_2010,2.4345,2.4469,-0.0124,hicksjj01,19795714.0,1429200.0,
Cleveland Cavaliers_2010,9,hilarne01_2010,2.3526,2.1303,0.2223,hicksjj01,10520000.0,1429200.0,
Cleveland Cavaliers_2010,10,paulch01_2010,2.35,2.35,0.0,willima01,13520500.0,8860000.0,
New Orleans Hornets_2010,1,jamesle01_2010,7.9267,7.8081,0.1187,westda01,15779912.0,9075000.0,
New Orleans Hornets_2010,2,wadedw01_2010,4.8844,4.8844,-0.0,collida01,15779912.0,1266120.0,
New Orleans Hornets_2010,3,duncati01_2010,3.8776,3.8545,0.0231,okafoem01,22183220.0,10538937.0,
New Orleans Hornets_2010,4,howardw01_2010,3.8445,3.4849,0.3596,okafoem01,15202590.0,10538937.0,
New Orleans Hornets_2010,5,duranke01_2010,3.5115,3.5805,-0.069,stojape01,4796880.0,13392000.0,
New Orleans Hornets_2010,6,smithjo03_2010,3.2845,3.2845,-0.0,okafoem01,10800000.0,10538937.0,
New Orleans Hornets_2010,7,gasolpa01_2010,3.0711,3.048,0.0231,okafoem01,16452000.0,10538937.0,
New Orleans Hornets_2010,8,kirilan01_2010,3.0558,2.7716,0.2841,westda01,16452000.0,9075000.0,
New Orleans Hornets_2010,9,nowitdi01_2010,3.0193,2.9962,0.0231,okafoem01,19795714.0,10538937.0,
New Orleans Hornets_2010,10,ginobma01_2010,3.0125,3.0142,-0.0017,stojape01,10728130.0,13392000.0,
Chicago Bulls_2010,1,jamesle01_2010,6.5183,6.57,-0.0517,gibsota01,15779912.0,1039800.0,
Chicago Bulls_2010,2,wadedw01_2010,5.6145,5.6015,0.013,hinriki01,15779912.0,9500000.0,
Chicago Bulls_2010,3,duranke01_2010,4.3753,4.427,-0.0517,gibsota01,4796880.0,1039800.0,
Chicago Bulls_2010,4,ginobma01_2010,3.9343,3.9214,0.013,hinriki01,10728130.0,9500000.0,
Chicago Bulls_2010,5,paulch01_2010,3.3983,3.3853,0.013,hinriki01,13520500.0,9500000.0,
Chicago Bulls_2010,6,kirilan01_2010,3.0781,2.8481,0.23,gibsota01,16452000.0,1039800.0,
Chicago Bulls_2010,7,smithjo03_2010,3.0741,3.0741,0.0,gibsota01,10800000.0,1039800.0,
Chicago Bulls_2010,8,gasolpa01_2010,2.8748,2.8562,0.0185,gibsota01,16452000.0,1039800.0,
Chicago Bulls_2010,9,duncati01_2010,2.8664,2.8989,-0.0324,millebr01,22183220.0,12250000.0,
Chicago Bulls_2010,10,nowitdi01_2010,2.827,2.8085,0.0185,gibsota01,19795714.0,1039800.0,
Dallas Mavericks_2010,1,jamesle01_2010,6.4459,6.4307,0.0152,mariosh01,15779912.0,6635068.0,
Dallas Mavericks_2010,2,wadedw01_2010,4.4441,4.4432,0.0009,terryja01,15779912.0,9862500.0,
Dallas Mavericks_2010,3,duranke01_2010,4.1058,4.0906,0.0152,mariosh01,4796880.0,6635068.0,
Dallas Mavericks_2010,4,ginobma01_2010,3.4902,3.4031,0.0871,mariosh01,10728130.0,6635068.0,
Dallas Mavericks_2010,5,smithjo03_2010,2.6598,2.6133,0.0465,mariosh01,10800000.0,6635068.0,
Dallas Mavericks_2010,6,kirilan01_2010,2.5257,2.3666,0.1591,mariosh01,16452000.0,6635068.0,
Dallas Mavericks_2010,7,roybr01_2010,2.3583,2.343,0.0152,mariosh01,3910816.0,6635068.0,
Dallas Mavericks_2010,8,paulch01_2010,2.2763,2.2763,0.0,bareajo01,13520500.0,1657500.0,
Dallas Mavericks_2010,9,duncati01_2010,2.0806,2.0806,0.0,goodedr01,22183220.0,4500000.0,
Dallas Mavericks_2010,10,howardw01_2010,2.0664,1.9209,0.1455,goodedr01,15202590.0,4500000.0,
Denver Nuggets_2010,1,jamesle01_2010,5.9782,5.933,0.0452,martike01,15779912.0,15363636.0,
Denver Nuggets_2010,2,wadedw01_2010,4.7771,4.8218,-0.0447,afflaar01,15779912.0,1086240.0,
Denver Nuggets_2010,3,duranke01_2010,3.9966,3.9514,0.0452,martike01,4796880.0,15363636.0,
Denver Nuggets_2010,4,ginobma01_2010,3.2723,3.317,-0.0447,afflaar01,10728130.0,1086240.0,
Denver Nuggets_2010,5,duncati01_2010,3.1859,3.1859,0.0,martike01,22183220.0,15363636.0,
Denver Nuggets_2010,6,howardw01_2010,3.1538,2.8711,0.2826,martike01,15202590.0,15363636.0,
Denver Nuggets_2010,7,smithjo03_2010,2.7619,2.7004,0.0615,martike01,10800000.0,15363636.0,
Denver Nuggets_2010,8,kirilan01_2010,2.6863,2.4915,0.1948,martike01,16452000.0,15363636.0,
Denver Nuggets_2010,9,gasolpa01_2010,2.499,2.499,0.0,martike01,16452000.0,15363636.0,
Denver Nuggets_2010,10,nowitdi01_2010,2.4549,2.4549,0.0,martike01,19795714.0,15363636.0,
Golden State Warriors_2010,1,wadedw01_2010,7.22,7.0717,0.1484,ellismo01,15779912.0,11000000.0,
Golden State Warriors_2010,2,jamesle01_2010,5.9591,5.9591,0.0,maggeco01,15779912.0,8937931.0,
Golden State Warriors_2010,3,ginobma01_2010,5.4176,5.2692,0.1484,ellismo01,10728130.0,11000000.0,
Golden State Warriors_2010,4,nashst01_2010,4.1923,4.0439,0.1484,ellismo01,13125000.0,11000000.0,
Golden State Warriors_2010,5,bryanko01_2010,4.1262,4.1262,0.0,ellismo01,23034375.0,11000000.0,
Golden State Warriors_2010,6,roybr01_2010,4.0805,4.0805,0.0,ellismo01,3910816.0,11000000.0,
Golden State Warriors_2010,7,kiddja01_2010,4.0418,3.8934,0.1484,ellismo01,8000000.0,11000000.0,
Golden State Warriors_2010,8,willide01_2010,4.0384,3.89,0.1484,ellismo01,12323900.0,11000000.0,
Golden State Warriors_2010,9,duranke01_2010,3.8866,3.8866,0.0,maggeco01,4796880.0,8937931.0,
Golden State Warriors_2010,10,batumni01_2010,3.5469,3.4057,0.1412,ellismo01,1118760.0,11000000.0,
Houston Rockets_2010,1,jamesle01_2010,7.7924,7.6275,0.1649,scolalu01,15779912.0,3375600.0,
Houston Rockets_2010,2,wadedw01_2010,5.7134,5.7134,0.0,brookaa01,15779912.0,1118520.0,
Houston Rockets_2010,3,duranke01_2010,4.1463,4.2469,-0.1006,arizatr01,4796880.0,5854000.0,
Houston Rockets_2010,4,howardw01_2010,4.0388,3.5935,0.4453,scolalu01,15202590.0,3375600.0,
Houston Rockets_2010,5,duncati01_2010,4.0083,4.0083,0.0,scolalu01,22183220.0,3375600.0,
Houston Rockets_2010,6,smithjo03_2010,3.4977,3.3686,0.1291,scolalu01,10800000.0,3375600.0,
Houston Rockets_2010,7,ginobma01_2010,3.4411,3.4894,-0.0483,arizatr01,10728130.0,5854000.0,
Houston Rockets_2010,8,kirilan01_2010,3.3059,3.0934,0.2125,scolalu01,16452000.0,3375600.0,
Houston Rockets_2010,9,paulch01_2010,3.1158,3.1158,0.0,brookaa01,13520500.0,1118520.0,
Houston Rockets_2010,10,gasolpa01_2010,3.1033,3.1033,0.0,scolalu01,16452000.0,3375600.0,
Los Angeles Clippers_2010,1,jamesle01_2010,8.2993,8.4736,-0.1743,butlera01,15779912.0,3945000.0,
Los Angeles Clippers_2010,2,wadedw01_2010,6.7557,6.8324,-0.0767,butlera01,15779912.0,3945000.0,
Los Angeles Clippers_2010,3,duranke01_2010,5.5951,5.7694,-0.1743,butlera01,4796880.0,3945000.0,
Los Angeles Clippers_2010,4,duncati01_2010,5.0881,5.0881,0.0,kamanch01,22183220.0,10400000.0,
Los Angeles Clippers_2010,5,howardw01_2010,5.0673,4.6753,0.392,kamanch01,15202590.0,10400000.0,
Los Angeles Clippers_2010,6,ginobma01_2010,4.8982,4.975,-0.0767,butlera01,10728130.0,3945000.0,
Los Angeles Clippers_2010,7,smithjo03_2010,4.5474,4.4514,0.096,kamanch01,10800000.0,10400000.0,
Los Angeles Clippers_2010,8,gasolpa01_2010,4.1873,4.1873,0.0,kamanch01,16452000.0,10400000.0,
Los Angeles Clippers_2010,9,nowitdi01_2010,4.1294,4.1294,0.0,kamanch01,19795714.0,10400000.0,
Los Angeles Clippers_2010,10,hilarne01_2010,4.0341,3.6421,0.392,kamanch01,10520000.0,10400000.0,
Los Angeles Lakers_2010,1,jamesle01_2010,6.3454,6.5028,-0.1574,artesro01,15779912.0,5854000.0,
Los Angeles Lakers_2010,2,wadedw01_2010,5.1564,5.2147,-0.0583,fishede01,15779912.0,5048000.0,
Los Angeles Lakers_2010,3,duranke01_2010,3.7841,3.9414,-0.1574,artesro01,4796880.0,5854000.0,
Los Angeles Lakers_2010,4,paulch01_2010,3.1626,3.2209,-0.0583,fishede01,13520500.0,5048000.0,
Los Angeles Lakers_2010,5,ginobma01_2010,3.1301,3.189,-0.0588,artesro01,10728130.0,5854000.0,
Los Angeles Lakers_2010,6,nashst01_2010,2.6173,2.6755,-0.0583,fishede01,13125000.0,5048000.0,
Los Angeles Lakers_2010,7,kiddja01_2010,2.4911,2.5493,-0.0583,fishede01,8000000.0,5048000.0,
Los Angeles Lakers_2010,8,willide01_2010,2.4882,2.5465,-0.0583,fishede01,12323900.0,5048000.0,
Los Angeles Lakers_2010,9,smithjo03_2010,2.0868,2.3245,-0.2376,artesro01,10800000.0,5854000.0,
Los Angeles Lakers_2010,10,rondora01_2010,2.0741,2.1324,-0.0583,fishede01,2094922.0,5048000.0,
Miami Heat_2010,1,jamesle01_2010,6.4738,6.4484,0.0254,hasleud01,15779912.0,7100000.0,
Miami Heat_2010,2,duranke01_2010,4.3532,4.3277,0.0254,hasleud01,4796880.0,7100000.0,
Miami Heat_2010,3,duncati01_2010,3.8427,3.8427,0.0,beaslmi01,22183220.0,4638600.0,
Miami Heat_2010,4,howardw01_2010,3.8179,3.4785,0.3394,beaslmi01,15202590.0,4638600.0,
Miami Heat_2010,5,smithjo03_2010,3.3138,3.281,0.0329,beaslmi01,10800000.0,4638600.0,
Miami Heat_2010,6,gasolpa01_2010,3.048,3.048,0.0,beaslmi01,16452000.0,4638600.0,
Miami Heat_2010,7,nowitdi01_2010,2.9969,2.9969,0.0,beaslmi01,19795714.0,4638600.0,
Miami Heat_2010,8,hilarne01_2010,2.9064,2.567,0.3394,beaslmi01,10520000.0,4638600.0,
Miami Heat_2010,9,kirilan01_2010,2.8889,2.7654,0.1235,hasleud01,16452000.0,7100000.0,
Miami Heat_2010,10,anderch01_2010,2.7579,2.4185,0.3394,beaslmi01,3650000.0,4638600.0,
Milwaukee Bucks_2010,1,jamesle01_2010,5.1721,5.2775,-0.1053,delfica01,15779912.0,3500000.0,
Milwaukee Bucks_2010,2,wadedw01_2010,5.1016,5.1016,0.0,jennibr01,15779912.0,2168520.0,
Milwaukee Bucks_2010,3,duranke01_2010,3.2769,3.3333,-0.0564,bellch01,4796880.0,3596000.0,
Milwaukee Bucks_2010,4,ginobma01_2010,2.8483,2.8659,-0.0177,bellch01,10728130.0,3596000.0,
Milwaukee Bucks_2010,5,paulch01_2010,2.7495,2.7495,0.0,jennibr01,13520500.0,2168520.0,
Milwaukee Bucks_2010,6,bryanko01_2010,2.1165,2.1729,-0.0564,bellch01,23034375.0,3596000.0,
Milwaukee Bucks_2010,7,nashst01_2010,2.1062,2.1062,0.0,jennibr01,13125000.0,2168520.0,
Milwaukee Bucks_2010,8,roybr01_2010,2.0888,2.1452,-0.0564,bellch01,3910816.0,3596000.0,
Milwaukee Bucks_2010,9,kiddja01_2010,2.0141,2.0317,-0.0177,bellch01,8000000.0,3596000.0,
Milwaukee Bucks_2010,10,willide01_2010,2.012,2.0297,-0.0177,bellch01,12323900.0,3596000.0,
Minnesota Timberwolves_2010,1,wadedw01_2010,6.9457,6.9457,0.0,flynnjo01,15779912.0,2969280.0,
Minnesota Timberwolves_2010,2,jamesle01_2010,6.6859,6.7427,-0.0568,gomesry01,15779912.0,3867500.0,
Minnesota Timberwolves_2010,3,duranke01_2010,5.5059,5.551,-0.0451,breweco01,4796880.0,2916120.0,
Minnesota Timberwolves_2010,4,paulch01_2010,4.8356,4.8356,0.0,flynnjo01,13520500.0,2969280.0,
Minnesota Timberwolves_2010,5,ginobma01_2010,4.8043,4.8297,-0.0253,breweco01,10728130.0,2916120.0,
Minnesota Timberwolves_2010,6,nashst01_2010,4.2584,4.2584,0.0,flynnjo01,13125000.0,2969280.0,
Minnesota Timberwolves_2010,7,kiddja01_2010,4.1248,4.1248,0.0,flynnjo01,8000000.0,2969280.0,
Minnesota Timberwolves_2010,8,willide01_2010,4.1219,4.1219,0.0,flynnjo01,12323900.0,2969280.0,
Minnesota Timberwolves_2010,9,bryanko01_2010,3.715,3.7601,-0.0451,breweco01,23034375.0,2916120.0,
Minnesota Timberwolves_2010,10,rondora01_2010,3.6836,3.6836,0.0,flynnjo01,2094922.0,2969280.0,
New Jersey Nets_2010,1,wadedw01_2010,5.8593,5.813,0.0463,leeco01,15779912.0,1264440.0,
New Jersey Nets_2010,2,jamesle01_2010,5.825,5.825,0.0,douglch01,15779912.0,736000.0,
New Jersey Nets_2010,3,ginobma01_2010,4.25,4.2037,0.0463,leeco01,10728130.0,1264440.0,
New Jersey Nets_2010,4,duranke01_2010,4.1171,4.1171,0.0,douglch01,4796880.0,736000.0,
New Jersey Nets_2010,5,duncati01_2010,3.7799,3.7799,0.0,lopezbr01,22183220.0,2225880.0,
New Jersey Nets_2010,6,howardw01_2010,3.6782,3.3058,0.3724,lopezbr01,15202590.0,2225880.0,
New Jersey Nets_2010,7,paulch01_2010,3.402,3.402,0.0,harride01,13520500.0,8400000.0,
New Jersey Nets_2010,8,bryanko01_2010,3.1831,3.1831,0.0,leeco01,23034375.0,1264440.0,
New Jersey Nets_2010,9,nashst01_2010,3.156,3.1097,0.0463,leeco01,13125000.0,1264440.0,
New Jersey Nets_2010,10,roybr01_2010,3.1424,3.1424,0.0,leeco01,3910816.0,1264440.0,
New York Knicks_2010,1,jamesle01_2010,7.1191,7.1191,0.0,chandwi01,15779912.0,1255440.0,
New York Knicks_2010,2,wadedw01_2010,5.7856,5.7417,0.0439,chandwi01,15779912.0,1255440.0,
New York Knicks_2010,3,duranke01_2010,4.8495,4.8495,0.0,chandwi01,4796880.0,1255440.0,
New York Knicks_2010,4,ginobma01_2010,4.2267,4.1828,0.0439,chandwi01,10728130.0,1255440.0,
New York Knicks_2010,5,paulch01_2010,3.4571,3.4571,0.0,duhonch01,13520500.0,6031800.0,
New York Knicks_2010,6,kirilan01_2010,3.2942,3.1774,0.1167,chandwi01,16452000.0,1255440.0,
New York Knicks_2010,7,bryanko01_2010,3.1941,3.1941,0.0,chandwi01,23034375.0,1255440.0,
New York Knicks_2010,8,roybr01_2010,3.1546,3.1546,0.0,chandwi01,3910816.0,1255440.0,
New York Knicks_2010,9,nashst01_2010,2.9535,2.9535,0.0,duhonch01,13125000.0,6031800.0,
New York Knicks_2010,10,smithjo03_2010,2.9458,2.973,-0.0273,harrial01,10800000.0,10026875.0,
Orlando Magic_2010,1,jamesle01_2010,5.5105,5.6354,-0.125,lewisra02,15779912.0,18876000.0,
Orlando Magic_2010,2,wadedw01_2010,3.57,3.4576,0.1124,cartevi01,15779912.0,16300000.0,
Orlando Magic_2010,3,duranke01_2010,3.1649,3.2899,-0.125,lewisra02,4796880.0,18876000.0,
Orlando Magic_2010,4,ginobma01_2010,2.254,2.213,0.0409,pietrmi01,10728130.0,5300000.0,
Orlando Magic_2010,5,paulch01_2010,1.8442,1.8442,0.0,nelsoja01,13520500.0,6138888.0,
Orlando Magic_2010,6,smithjo03_2010,1.6567,1.8091,-0.1524,lewisra02,10800000.0,18876000.0,
Orlando Magic_2010,7,kirilan01_2010,1.5357,1.5618,-0.0261,lewisra02,16452000.0,18876000.0,
Orlando Magic_2010,8,duncati01_2010,1.4449,1.4466,-0.0017,gortama01,22183220.0,5854000.0,
Orlando Magic_2010,9,bryanko01_2010,1.4172,1.485,-0.0678,pietrmi01,23034375.0,5300000.0,
Orlando Magic_2010,10,nashst01_2010,1.3925,1.3925,0.0,nelsoja01,13125000.0,6138888.0,
Indiana Pacers_2010,1,jamesle01_2010,7.4105,7.5546,-0.1441,rushbr01,15779912.0,1934160.0,
Indiana Pacers_2010,2,wadedw01_2010,6.0795,6.065,0.0145,rushbr01,15779912.0,1934160.0,
Indiana Pacers_2010,3,duranke01_2010,4.9561,5.1002,-0.1441,rushbr01,4796880.0,1934160.0,
Indiana Pacers_2010,4,ginobma01_2010,4.3936,4.3791,0.0145,rushbr01,10728130.0,1934160.0,
Indiana Pacers_2010,5,paulch01_2010,3.738,3.738,0.0,watsoea01,13520500.0,6600000.0,
Indiana Pacers_2010,6,kirilan01_2010,3.4887,3.3546,0.1341,jonesda02,16452000.0,2500000.0,
Indiana Pacers_2010,7,bryanko01_2010,3.3684,3.3684,0.0,jonesda02,23034375.0,2500000.0,
Indiana Pacers_2010,8,roybr01_2010,3.3356,3.3356,0.0,jonesda02,3910816.0,2500000.0,
Indiana Pacers_2010,9,nashst01_2010,3.17,3.17,0.0,watsoea01,13125000.0,6600000.0,
Indiana Pacers_2010,10,kiddja01_2010,3.1067,3.0922,0.0145,rushbr01,8000000.0,1934160.0,
Philadelphia 76ers_2010,1,jamesle01_2010,7.2563,7.2563,-0.0,iguodan01,15779912.0,12200000.0,
Philadelphia 76ers_2010,2,wadedw01_2010,5.3974,5.3504,0.047,iguodan01,15779912.0,12200000.0,
Philadelphia 76ers_2010,3,duranke01_2010,4.2576,4.4609,-0.2033,youngth01,4796880.0,2105400.0,
Philadelphia 76ers_2010,4,duncati01_2010,3.6602,3.6602,0.0,brandel01,22183220.0,14858471.0,
Philadelphia 76ers_2010,5,howardw01_2010,3.6557,3.3044,0.3513,brandel01,15202590.0,14858471.0,
Philadelphia 76ers_2010,6,ginobma01_2010,3.2402,3.1932,0.047,iguodan01,10728130.0,12200000.0,
Philadelphia 76ers_2010,7,smithjo03_2010,3.1978,3.1114,0.0864,brandel01,10800000.0,14858471.0,
Philadelphia 76ers_2010,8,kirilan01_2010,2.8944,2.8944,0.0,youngth01,16452000.0,2105400.0,
Philadelphia 76ers_2010,9,gasolpa01_2010,2.8837,2.8837,0.0,brandel01,16452000.0,14858471.0,
Philadelphia 76ers_2010,10,nowitdi01_2010,2.8338,2.8338,0.0,brandel01,19795714.0,14858471.0,
Phoenix Suns_2010,1,jamesle01_2010,6.6943,6.6943,0.0,hillgr01,15779912.0,3000000.0,
Phoenix Suns_2010,2,duranke01_2010,4.2757,4.2757,0.0,hillgr01,4796880.0,3000000.0,
Phoenix Suns_2010,3,wadedw01_2010,4.207,4.2399,-0.0329,richaja01,15779912.0,13333333.0,
Phoenix Suns_2010,4,ginobma01_2010,3.6571,3.5651,0.092,hillgr01,10728130.0,3000000.0,
Phoenix Suns_2010,5,howardw01_2010,3.3851,2.9198,0.4653,stoudam01,15202590.0,16378325.0,
Phoenix Suns_2010,6,duncati01_2010,3.3658,3.3658,0.0,stoudam01,22183220.0,16378325.0,
Phoenix Suns_2010,7,smithjo03_2010,2.7236,2.678,0.0457,stoudam01,10800000.0,16378325.0,
Phoenix Suns_2010,8,kirilan01_2010,2.5895,2.4938,0.0958,hillgr01,16452000.0,3000000.0,
Phoenix Suns_2010,9,bryanko01_2010,2.5115,2.5115,0.0,hillgr01,23034375.0,3000000.0,
Phoenix Suns_2010,10,roybr01_2010,2.4694,2.4694,0.0,hillgr01,3910816.0,3000000.0,
Portland Trail Blazers_2010,1,jamesle01_2010,7.0305,6.9962,0.0342,aldrila01,15779912.0,5844827.0,
Portland Trail Blazers_2010,2,wadedw01_2010,3.8438,3.8438,-0.0,millean02,15779912.0,6730800.0,
Portland Trail Blazers_2010,3,duncati01_2010,3.2875,3.3138,-0.0264,howarju01,22183220.0,1306455.0,
Portland Trail Blazers_2010,4,howardw01_2010,3.2525,3.0644,0.1881,howarju01,15202590.0,1306455.0,
Portland Trail Blazers_2010,5,duranke01_2010,3.0725,3.2146,-0.1421,webstma02,4796880.0,4344000.0,
Portland Trail Blazers_2010,6,smithjo03_2010,2.8924,2.9291,-0.0367,howarju01,10800000.0,1306455.0,
Portland Trail Blazers_2010,7,gasolpa01_2010,2.7431,2.7695,-0.0264,howarju01,16452000.0,1306455.0,
Portland Trail Blazers_2010,8,nowitdi01_2010,2.7081,2.7345,-0.0264,howarju01,19795714.0,1306455.0,
Portland Trail Blazers_2010,9,hilarne01_2010,2.6281,2.44,0.1881,howarju01,10520000.0,1306455.0,
Portland Trail Blazers_2010,10,ginobma01_2010,2.568,2.6335,-0.0656,webstma02,10728130.0,4344000.0,
Sacramento Kings_2010,1,jamesle01_2010,5.4567,5.5443,-0.0877,casspom01,15779912.0,1167000.0,
Sacramento Kings_2010,2,wadedw01_2010,5.2895,5.2895,-0.0,evansty01,15779912.0,3610080.0,
Sacramento Kings_2010,3,duncati01_2010,4.3236,4.3236,0.0,thompja02,22183220.0,2035920.0,
Sacramento Kings_2010,4,howardw01_2010,4.3006,3.9536,0.347,thompja02,15202590.0,2035920.0,
Sacramento Kings_2010,5,duranke01_2010,4.2232,4.256,-0.0328,evansty01,4796880.0,3610080.0,
Sacramento Kings_2010,6,smithjo03_2010,3.839,3.7528,0.0862,thompja02,10800000.0,2035920.0,
Sacramento Kings_2010,7,gasolpa01_2010,3.5161,3.5161,0.0,thompja02,16452000.0,2035920.0,
Sacramento Kings_2010,8,ginobma01_2010,3.4837,3.4837,-0.0,evansty01,10728130.0,3610080.0,
Sacramento Kings_2010,9,nowitdi01_2010,3.4642,3.4642,0.0,thompja02,19795714.0,2035920.0,
Sacramento Kings_2010,10,hilarne01_2010,3.3743,3.0273,0.347,thompja02,10520000.0,2035920.0,
San Antonio Spurs_2010,1,jamesle01_2010,6.3208,6.4682,-0.1474,jefferi01,15779912.0,14200000.0,
San Antonio Spurs_2010,2,wadedw01_2010,4.455,4.429,0.026,hillge01,15779912.0,1081680.0,
San Antonio Spurs_2010,3,duranke01_2010,3.8619,4.0093,-0.1474,jefferi01,4796880.0,14200000.0,
San Antonio Spurs_2010,4,paulch01_2010,2.4306,2.4046,0.026,hillge01,13520500.0,1081680.0,
San Antonio Spurs_2010,5,smithjo03_2010,2.3128,2.4569,-0.1442,jefferi01,10800000.0,14200000.0,
San Antonio Spurs_2010,6,kirilan01_2010,2.1977,2.1977,0.0,jefferi01,16452000.0,14200000.0,
San Antonio Spurs_2010,7,howardw01_2010,2.1668,1.9706,0.1962,mcdyean01,15202590.0,4500000.0,
San Antonio Spurs_2010,8,roybr01_2010,2.0255,2.173,-0.1474,jefferi01,3910816.0,14200000.0,
San Antonio Spurs_2010,9,nowitdi01_2010,1.9861,2.1522,-0.1662,jefferi01,19795714.0,14200000.0,
San Antonio Spurs_2010,10,bryanko01_2010,1.9209,1.9209,0.0,hillge01,23034375.0,1081680.0,
Oklahoma City Thunder_2010,1,jamesle01_2010,8.3878,8.5106,-0.1228,greenje02,15779912.0,3516960.0,
Oklahoma City Thunder_2010,2,wadedw01_2010,5.1896,5.1896,-0.0,westbru01,15779912.0,3755640.0,
Oklahoma City Thunder_2010,3,smithjo03_2010,3.5991,3.632,-0.0329,greenje02,10800000.0,3516960.0,
Oklahoma City Thunder_2010,4,ginobma01_2010,3.5607,3.6209,-0.0602,sefolth01,10728130.0,2759628.0,
Oklahoma City Thunder_2010,5,kirilan01_2010,3.3168,3.3168,0.0,greenje02,16452000.0,3516960.0,
Oklahoma City Thunder_2010,6,gasolpa01_2010,3.1078,3.3281,-0.2202,greenje02,16452000.0,3516960.0,
Oklahoma City Thunder_2010,7,nowitdi01_2010,3.0412,3.2615,-0.2202,greenje02,19795714.0,3516960.0,
Oklahoma City Thunder_2010,8,howardw01_2010,2.954,2.7068,0.2473,krstine01,15202590.0,5400000.0,
Oklahoma City Thunder_2010,9,duncati01_2010,2.9449,2.9811,-0.0362,krstine01,22183220.0,5400000.0,
Oklahoma City Thunder_2010,10,cambyma01_2010,2.7378,2.7707,-0.0329,greenje02,7650000.0,3516960.0,
Toronto Raptors_2010,1,jamesle01_2010,6.2532,6.2532,0.0,turkohe01,15779912.0,9000000.0,
Toronto Raptors_2010,2,duncati01_2010,4.6361,4.6361,0.0,bargnan01,22183220.0,6527491.0,
Toronto Raptors_2010,3,wadedw01_2010,4.6134,4.6134,0.0,jackja01,15779912.0,4500000.0,
Toronto Raptors_2010,4,howardw01_2010,4.5597,4.1987,0.361,bargnan01,15202590.0,6527491.0,
Toronto Raptors_2010,5,duranke01_2010,4.0305,4.0305,0.0,turkohe01,4796880.0,9000000.0,
Toronto Raptors_2010,6,smithjo03_2010,4.0078,3.9615,0.0463,bargnan01,10800000.0,6527491.0,
Toronto Raptors_2010,7,gasolpa01_2010,3.6817,3.6817,0.0,bargnan01,16452000.0,6527491.0,
Toronto Raptors_2010,8,nowitdi01_2010,3.6204,3.6204,0.0,bargnan01,19795714.0,6527491.0,
Toronto Raptors_2010,9,hilarne01_2010,3.465,3.104,0.361,bargnan01,10520000.0,6527491.0,
Toronto Raptors_2010,10,ginobma01_2010,3.4366,3.5005,-0.0638,derozde01,10728130.0,2282640.0,
Utah Jazz_2010,1,jamesle01_2010,5.7062,5.5426,0.1636,millspa01,15779912.0,7692932.0,
Utah Jazz_2010,2,wadedw01_2010,4.3498,4.3988,-0.049,matthwe02,15779912.0,457588.0,
Utah Jazz_2010,3,duranke01_2010,3.4636,3.3001,0.1636,millspa01,4796880.0,7692932.0,
Utah Jazz_2010,4,ginobma01_2010,2.9775,3.0265,-0.049,matthwe02,10728130.0,457588.0,
Utah Jazz_2010,5,duncati01_2010,2.8758,2.8758,0.0,okurme01,22183220.0,9000000.0,
Utah Jazz_2010,6,howardw01_2010,2.852,2.5403,0.3117,okurme01,15202590.0,9000000.0,
Utah Jazz_2010,7,smithjo03_2010,2.4186,2.3584,0.0602,okurme01,10800000.0,9000000.0,
Utah Jazz_2010,8,bryanko01_2010,2.1837,2.1562,0.0274,matthwe02,23034375.0,457588.0,
Utah Jazz_2010,9,roybr01_2010,2.1489,2.1215,0.0274,matthwe02,3910816.0,457588.0,
Utah Jazz_2010,10,gasolpa01_2010,2.1437,2.1437,0.0,okurme01,16452000.0,9000000.0,
Memphis Grizzlies_2010,1,jamesle01_2010,8.0711,8.0711,0.0,gayru01,15779912.0,3280997.0,
Memphis Grizzlies_2010,2,wadedw01_2010,6.9968,6.8895,0.1073,mayooj01,15779912.0,4165560.0,
Memphis Grizzlies_2010,3,duranke01_2010,4.9627,4.9627,0.0,gayru01,4796880.0,3280997.0,
Memphis Grizzlies_2010,4,ginobma01_2010,4.8993,4.792,0.1073,mayooj01,10728130.0,4165560.0,
Memphis Grizzlies_2010,5,nashst01_2010,3.4733,3.366,0.1073,mayooj01,13125000.0,4165560.0,
Memphis Grizzlies_2010,6,bryanko01_2010,3.4618,3.4618,-0.0,mayooj01,23034375.0,4165560.0,
Memphis Grizzlies_2010,7,roybr01_2010,3.4086,3.4086,-0.0,mayooj01,3910816.0,4165560.0,
Memphis Grizzlies_2010,8,paulch01_2010,3.3941,3.3941,0.0,conlemi01,13520500.0,3883800.0,
Memphis Grizzlies_2010,9,kiddja01_2010,3.2981,3.1909,0.1073,mayooj01,8000000.0,4165560.0,
Memphis Grizzlies_2010,10,willide01_2010,3.2942,3.187,0.1073,mayooj01,12323900.0,4165560.0,
Washington Wizards_2010,1,jamesle01_2010,5.5637,5.5637,-0.0,butleca01,15779912.0,9780970.0,
Washington Wizards_2010,2,wadedw01_2010,4.5386,4.4443,0.0943,butleca01,15779912.0,9780970.0,
Washington Wizards_2010,3,duranke01_2010,3.7192,3.7192,-0.0,butleca01,4796880.0,9780970.0,
Washington Wizards_2010,4,ginobma01_2010,3.2717,3.1773,0.0943,butleca01,10728130.0,9780970.0,
Washington Wizards_2010,5,duncati01_2010,2.9686,2.9686,0.0,blatcan01,22183220.0,3000000.0,
Washington Wizards_2010,6,howardw01_2010,2.8261,2.6162,0.2099,blatcan01,15202590.0,3000000.0,
Washington Wizards_2010,7,paulch01_2010,2.7125,2.6288,0.0836,foyera01,13520500.0,3575761.0,
Washington Wizards_2010,8,kirilan01_2010,2.49,2.3603,0.1297,butleca01,16452000.0,9780970.0,
Washington Wizards_2010,9,smithjo03_2010,2.4252,2.425,0.0002,blatcan01,10800000.0,3000000.0,
Washington Wizards_2010,10,bryanko01_2010,2.3738,2.3738,-0.0,butleca01,23034375.0,9780970.0,
Detroit Pistons_2010,1,jamesle01_2010,6.0174,6.2648,-0.2474,jerebjo01,15779912.0,457588.0,
Detroit Pistons_2010,2,wadedw01_2010,5.3845,5.2495,0.1349,stuckro01,15779912.0,1805040.0,
Detroit Pistons_2010,3,duranke01_2010,3.8356,4.083,-0.2474,jerebjo01,4796880.0,457588.0,
Detroit Pistons_2010,4,ginobma01_2010,3.6952,3.5602,0.1349,stuckro01,10728130.0,1805040.0,
Detroit Pistons_2010,5,paulch01_2010,3.1562,3.0213,0.1349,stuckro01,13520500.0,1805040.0,
Detroit Pistons_2010,6,duncati01_2010,2.8567,2.8567,0.0,villach01,22183220.0,6500000.0,
Detroit Pistons_2010,7,howardw01_2010,2.7742,2.5649,0.2093,villach01,15202590.0,6500000.0,
Detroit Pistons_2010,8,nashst01_2010,2.5636,2.5636,0.0,bynumwi01,13125000.0,825497.0,
Detroit Pistons_2010,9,smithjo03_2010,2.524,2.7056,-0.1816,jerebjo01,10800000.0,457588.0,
Detroit Pistons_2010,10,bryanko01_2010,2.4889,2.4889,0.0,stuckro01,23034375.0,1805040.0,
Charlotte Bobcats_2010,1,jamesle01_2010,7.3403,7.3403,0.0,jacksst02,15779912.0,7650000.0,
Charlotte Bobcats_2010,2,wadedw01_2010,5.6129,5.6414,-0.0285,jacksst02,15779912.0,7650000.0,
Charlotte Bobcats_2010,3,duranke01_2010,4.5409,4.5409,0.0,jacksst02,4796880.0,7650000.0,
Charlotte Bobcats_2010,4,ginobma01_2010,3.69,3.7185,-0.0285,jacksst02,10728130.0,7650000.0,
Charlotte Bobcats_2010,5,duncati01_2010,2.9284,3.1749,-0.2465,diawbo01,22183220.0,9000000.0,
Charlotte Bobcats_2010,6,howardw01_2010,2.9238,2.7215,0.2024,diawbo01,15202590.0,9000000.0,
Charlotte Bobcats_2010,7,bryanko01_2010,2.4991,2.4991,0.0,jacksst02,23034375.0,7650000.0,
Charlotte Bobcats_2010,8,roybr01_2010,2.4503,2.4503,0.0,jacksst02,3910816.0,7650000.0,
Charlotte Bobcats_2010,9,kirilan01_2010,2.4042,2.4785,-0.0744,jacksst02,16452000.0,7650000.0,
Charlotte Bobcats_2010,10,smithjo03_2010,2.3969,2.4756,-0.0786,diawbo01,10800000.0,9000000.0,
Atlanta Hawks_2011,1,jamesle01_2011,4.6111,4.6111,-0.0,johnsjo02,14500000.0,16324500.0,
Atlanta Hawks_2011,2,paulch01_2011,4.1308,4.0782,0.0526,crawfja01,14940153.0,10800000.0,
Atlanta Hawks_2011,3,rosede01_2011,3.8307,3.7781,0.0526,crawfja01,5546160.0,10800000.0,
Atlanta Hawks_2011,4,wadedw01_2011,3.7171,3.7171,-0.0,johnsjo02,14200000.0,16324500.0,
Atlanta Hawks_2011,5,ginobma01_2011,3.5412,3.4886,0.0526,crawfja01,11854584.0,10800000.0,
Atlanta Hawks_2011,6,piercpa01_2011,2.9606,2.9606,-0.0,johnsjo02,13876321.0,16324500.0,
Atlanta Hawks_2011,7,nowitdi01_2011,2.7827,2.847,-0.0644,willima02,17278618.0,6712500.0,
Atlanta Hawks_2011,8,bryanko01_2011,2.7274,2.7274,0.0,crawfja01,24806250.0,10800000.0,
Atlanta Hawks_2011,9,duranke01_2011,2.5599,2.5599,-0.0,johnsjo02,6053663.0,16324500.0,
Atlanta Hawks_2011,10,howardw01_2011,2.4455,2.2838,0.1617,pachuza01,16647180.0,4251250.0,
Boston Celtics_2011,1,howardw01_2011,4.2043,3.9319,0.2724,davisgl01,16647180.0,3300000.0,
Boston Celtics_2011,2,nowitdi01_2011,3.9974,4.0147,-0.0173,davisgl01,17278618.0,3300000.0,
Boston Celtics_2011,3,gasolpa01_2011,3.3649,3.3821,-0.0173,davisgl01,17823000.0,3300000.0,
Boston Celtics_2011,4,anderry01_2011,3.3011,3.1438,0.1573,davisgl01,1409040.0,3300000.0,
Boston Celtics_2011,5,hilarne01_2011,3.1427,2.8703,0.2724,davisgl01,11360000.0,3300000.0,
Boston Celtics_2011,6,duncati01_2011,3.0798,3.0971,-0.0173,davisgl01,18700000.0,3300000.0,
Boston Celtics_2011,7,loveke01_2011,2.6726,2.6899,-0.0173,davisgl01,3638280.0,3300000.0,
Boston Celtics_2011,8,odomla01_2011,2.656,2.6733,-0.0173,davisgl01,8200000.0,3300000.0,
Boston Celtics_2011,9,rosede01_2011,2.6417,2.5575,0.0842,allenra02,5546160.0,10000000.0,
Boston Celtics_2011,10,paulch01_2011,2.565,2.565,0.0,rondora01,14940153.0,9090911.0,
Cleveland Cavaliers_2011,1,howardw01_2011,5.603,5.2754,0.3276,hicksjj01,16647180.0,1528920.0,
Cleveland Cavaliers_2011,2,nowitdi01_2011,5.3583,5.3583,0.0,hicksjj01,17278618.0,1528920.0,
Cleveland Cavaliers_2011,3,garneke01_2011,4.7627,4.7627,0.0,hicksjj01,18800000.0,1528920.0,
Cleveland Cavaliers_2011,4,gasolpa01_2011,4.7254,4.7254,0.0,hicksjj01,17823000.0,1528920.0,
Cleveland Cavaliers_2011,5,anderry01_2011,4.6675,4.4869,0.1806,hicksjj01,1409040.0,1528920.0,
Cleveland Cavaliers_2011,6,hilarne01_2011,4.5409,4.2133,0.3276,hicksjj01,11360000.0,1528920.0,
Cleveland Cavaliers_2011,7,duncati01_2011,4.4402,4.4402,0.0,hicksjj01,18700000.0,1528920.0,
Cleveland Cavaliers_2011,8,jamesle01_2011,4.2896,4.3767,-0.0871,parkean01,14500000.0,2855700.0,
Cleveland Cavaliers_2011,9,loveke01_2011,4.0328,4.0328,0.0,hicksjj01,3638280.0,1528920.0,
Cleveland Cavaliers_2011,10,odomla01_2011,4.0162,4.0162,0.0,hicksjj01,8200000.0,1528920.0,
New Orleans Hornets_2011,1,jamesle01_2011,5.2786,5.4275,-0.1489,arizatr01,14500000.0,6322320.0,
New Orleans Hornets_2011,2,ginobma01_2011,4.2555,4.2863,-0.0308,arizatr01,11854584.0,6322320.0,
New Orleans Hornets_2011,3,nowitdi01_2011,4.1895,4.3482,-0.1588,arizatr01,17278618.0,6322320.0,
New Orleans Hornets_2011,4,piercpa01_2011,3.5789,3.7278,-0.1489,arizatr01,13876321.0,6322320.0,
New Orleans Hornets_2011,5,garneke01_2011,3.503,3.6618,-0.1588,arizatr01,18800000.0,6322320.0,
New Orleans Hornets_2011,6,wadedw01_2011,3.3192,3.3192,0.0,greenwi01,14200000.0,3976000.0,
New Orleans Hornets_2011,7,bryanko01_2011,3.282,3.4309,-0.1489,arizatr01,24806250.0,6322320.0,
New Orleans Hornets_2011,8,duranke01_2011,3.1662,3.3151,-0.1489,arizatr01,6053663.0,6322320.0,
New Orleans Hornets_2011,9,howardw01_2011,3.0495,3.0495,-0.0,okafoem01,16647180.0,11495000.0,
New Orleans Hornets_2011,10,odomla01_2011,2.6426,2.8013,-0.1588,arizatr01,8200000.0,6322320.0,
Chicago Bulls_2011,1,jamesle01_2011,4.32,4.32,0.0,denglu01,14500000.0,11345000.0,
Chicago Bulls_2011,2,ginobma01_2011,3.0235,2.9207,0.1028,denglu01,11854584.0,11345000.0,
Chicago Bulls_2011,3,nowitdi01_2011,2.8688,2.9966,-0.1278,denglu01,17278618.0,11345000.0,
Chicago Bulls_2011,4,howardw01_2011,2.5542,2.2748,0.2794,boozeca01,16647180.0,14400000.0,
Chicago Bulls_2011,5,paulch01_2011,2.3505,2.3835,-0.033,boganke01,14940153.0,1600000.0,
Chicago Bulls_2011,6,piercpa01_2011,2.2358,2.2358,0.0,denglu01,13876321.0,11345000.0,
Chicago Bulls_2011,7,wadedw01_2011,2.0417,2.1391,-0.0975,boganke01,14200000.0,1600000.0,
Chicago Bulls_2011,8,garneke01_2011,2.027,2.1548,-0.1278,denglu01,18800000.0,11345000.0,
Chicago Bulls_2011,9,gasolpa01_2011,1.881,1.94,-0.059,gibsota01,17823000.0,1117680.0,
Chicago Bulls_2011,10,bryanko01_2011,1.8717,1.8717,0.0,denglu01,24806250.0,11345000.0,
Dallas Mavericks_2011,1,jamesle01_2011,4.4791,4.4442,0.0349,mariosh01,14500000.0,7305500.0,
Dallas Mavericks_2011,2,ginobma01_2011,3.6264,3.4623,0.1641,mariosh01,11854584.0,7305500.0,
Dallas Mavericks_2011,3,paulch01_2011,3.1193,3.1193,0.0,kiddja01,14940153.0,8610500.0,
Dallas Mavericks_2011,4,piercpa01_2011,3.0166,2.9817,0.0349,mariosh01,13876321.0,7305500.0,
Dallas Mavericks_2011,5,wadedw01_2011,2.9535,2.9535,0.0,terryja01,14200000.0,10650000.0,
Dallas Mavericks_2011,6,garneke01_2011,2.9249,2.9249,0.0,mariosh01,18800000.0,7305500.0,
Dallas Mavericks_2011,7,rosede01_2011,2.7741,2.7741,0.0,kiddja01,5546160.0,8610500.0,
Dallas Mavericks_2011,8,duranke01_2011,2.6615,2.6266,0.0349,mariosh01,6053663.0,7305500.0,
Dallas Mavericks_2011,9,howardw01_2011,2.2718,2.2718,0.0,haywobr01,16647180.0,6900000.0,
Dallas Mavericks_2011,10,odomla01_2011,2.1846,2.1846,0.0,mariosh01,8200000.0,7305500.0,
Denver Nuggets_2011,1,jamesle01_2011,3.3355,3.4498,-0.1143,harrial01,14500000.0,5765000.0,
Denver Nuggets_2011,2,howardw01_2011,2.7917,2.6939,0.0977,harrial01,16647180.0,5765000.0,
Denver Nuggets_2011,3,wadedw01_2011,2.6528,2.7944,-0.1416,afflaar01,14200000.0,1959577.0,
Denver Nuggets_2011,4,ginobma01_2011,2.6346,2.599,0.0356,afflaar01,11854584.0,1959577.0,
Denver Nuggets_2011,5,nowitdi01_2011,2.5921,2.7554,-0.1633,harrial01,17278618.0,5765000.0,
Denver Nuggets_2011,6,paulch01_2011,2.3924,2.3924,0.0,lawsoty01,14940153.0,1546560.0,
Denver Nuggets_2011,7,garneke01_2011,2.1504,2.3137,-0.1633,harrial01,18800000.0,5765000.0,
Denver Nuggets_2011,8,gasolpa01_2011,2.1228,2.2861,-0.1633,harrial01,17823000.0,5765000.0,
Denver Nuggets_2011,9,rosede01_2011,2.1171,2.1171,0.0,lawsoty01,5546160.0,1546560.0,
Denver Nuggets_2011,10,anderry01_2011,2.1092,2.1092,0.0,harrial01,1409040.0,5765000.0,
Golden State Warriors_2011,1,paulch01_2011,5.3676,5.2315,0.1361,ellismo01,14940153.0,11000000.0,
Golden State Warriors_2011,2,jamesle01_2011,5.1662,5.3173,-0.1511,wrighdo01,14500000.0,3500000.0,
Golden State Warriors_2011,3,rosede01_2011,4.9529,4.8168,0.1361,ellismo01,5546160.0,11000000.0,
Golden State Warriors_2011,4,wadedw01_2011,4.6879,4.6879,0.0,ellismo01,14200000.0,11000000.0,
Golden State Warriors_2011,5,ginobma01_2011,4.5528,4.4167,0.1361,ellismo01,11854584.0,11000000.0,
Golden State Warriors_2011,6,howardw01_2011,4.4642,4.0467,0.4174,leeda02,16647180.0,10800000.0,
Golden State Warriors_2011,7,nowitdi01_2011,4.1432,4.1432,0.0,leeda02,17278618.0,10800000.0,
Golden State Warriors_2011,8,garneke01_2011,3.4499,3.4499,0.0,leeda02,18800000.0,10800000.0,
Golden State Warriors_2011,9,gasolpa01_2011,3.4065,3.4065,0.0,leeda02,17823000.0,10800000.0,
Golden State Warriors_2011,10,bryanko01_2011,3.3649,3.3649,0.0,ellismo01,24806250.0,11000000.0,
Houston Rockets_2011,1,jamesle01_2011,4.5828,4.5137,0.0691,scolalu01,14500000.0,7775378.0,
Houston Rockets_2011,2,howardw01_2011,3.8314,3.4236,0.4078,scolalu01,16647180.0,7775378.0,
Houston Rockets_2011,3,nowitdi01_2011,3.5122,3.5122,0.0,scolalu01,17278618.0,7775378.0,
Houston Rockets_2011,4,paulch01_2011,3.056,3.0046,0.0514,leeco01,14940153.0,1409040.0,
Houston Rockets_2011,5,garneke01_2011,2.8752,2.8752,0.0,scolalu01,18800000.0,7775378.0,
Houston Rockets_2011,6,rosede01_2011,2.8374,2.786,0.0514,leeco01,5546160.0,1409040.0,
Houston Rockets_2011,7,gasolpa01_2011,2.8353,2.8353,0.0,scolalu01,17823000.0,7775378.0,
Houston Rockets_2011,8,anderry01_2011,2.7763,2.5803,0.196,scolalu01,1409040.0,7775378.0,
Houston Rockets_2011,9,wadedw01_2011,2.718,2.718,0.0,leeco01,14200000.0,1409040.0,
Houston Rockets_2011,10,hilarne01_2011,2.6954,2.2876,0.4078,scolalu01,11360000.0,7775378.0,
Los Angeles Clippers_2011,1,jamesle01_2011,4.4667,4.6105,-0.1438,gomesry01,14500000.0,4000000.0,
Los Angeles Clippers_2011,2,paulch01_2011,3.8567,3.8567,0.0,bledser01,14940153.0,1485000.0,
Los Angeles Clippers_2011,3,ginobma01_2011,3.6276,3.6993,-0.0716,gomesry01,11854584.0,4000000.0,
Los Angeles Clippers_2011,4,rosede01_2011,3.6224,3.6224,0.0,bledser01,5546160.0,1485000.0,
Los Angeles Clippers_2011,5,nowitdi01_2011,3.6049,3.7487,-0.1438,gomesry01,17278618.0,4000000.0,
Los Angeles Clippers_2011,6,wadedw01_2011,3.4895,3.5496,-0.0601,bledser01,14200000.0,1485000.0,
Los Angeles Clippers_2011,7,piercpa01_2011,3.1095,3.2533,-0.1438,gomesry01,13876321.0,4000000.0,
Los Angeles Clippers_2011,8,howardw01_2011,3.0446,2.6141,0.4305,griffbl01,16647180.0,5357280.0,
Los Angeles Clippers_2011,9,bryanko01_2011,2.8724,3.0162,-0.1438,gomesry01,24806250.0,4000000.0,
Los Angeles Clippers_2011,10,duranke01_2011,2.78,2.9238,-0.1438,gomesry01,6053663.0,4000000.0,
Los Angeles Lakers_2011,1,paulch01_2011,4.3314,4.4272,-0.0958,fishede01,14940153.0,3700000.0,
Los Angeles Lakers_2011,2,rosede01_2011,4.0339,4.1297,-0.0958,fishede01,5546160.0,3700000.0,
Los Angeles Lakers_2011,3,wadedw01_2011,3.9511,4.0372,-0.0861,fishede01,14200000.0,3700000.0,
Los Angeles Lakers_2011,4,jamesle01_2011,3.9098,4.0946,-0.1848,artesro01,14500000.0,6322320.0,
Los Angeles Lakers_2011,5,nowitdi01_2011,2.9622,3.1007,-0.1385,artesro01,17278618.0,6322320.0,
Los Angeles Lakers_2011,6,ginobma01_2011,2.9414,3.0437,-0.1022,artesro01,11854584.0,6322320.0,
Los Angeles Lakers_2011,7,nashst01_2011,2.6511,2.7469,-0.0958,fishede01,10310938.0,3700000.0,
Los Angeles Lakers_2011,8,piercpa01_2011,2.3445,2.5293,-0.1848,artesro01,13876321.0,6322320.0,
Los Angeles Lakers_2011,9,garneke01_2011,2.33,2.4685,-0.1385,artesro01,18800000.0,6322320.0,
Los Angeles Lakers_2011,10,allento01_2011,2.249,2.2467,0.0022,fishede01,3000000.0,3700000.0,
Miami Heat_2011,1,howardw01_2011,3.0264,2.7508,0.2756,boshch01,16647180.0,14500000.0,
Miami Heat_2011,2,nowitdi01_2011,2.8531,2.8531,0.0,boshch01,17278618.0,14500000.0,
Miami Heat_2011,3,paulch01_2011,2.6911,2.6911,0.0,chalmma01,14940153.0,854389.0,
Miami Heat_2011,4,rosede01_2011,2.4876,2.4876,0.0,chalmma01,5546160.0,854389.0,
Miami Heat_2011,5,garneke01_2011,2.1179,2.1179,0.0,boshch01,18800000.0,14500000.0,
Miami Heat_2011,6,gasolpa01_2011,2.0719,2.0719,0.0,boshch01,17823000.0,14500000.0,
Miami Heat_2011,7,anderry01_2011,1.9313,1.7775,0.1539,boshch01,1409040.0,14500000.0,
Miami Heat_2011,8,duncati01_2011,1.7198,1.7198,0.0,boshch01,18700000.0,14500000.0,
Miami Heat_2011,9,hilarne01_2011,1.7153,1.4397,0.2756,boshch01,11360000.0,14500000.0,
Miami Heat_2011,10,ginobma01_2011,1.603,1.6039,-0.0008,jonesja02,11854584.0,1069509.0,
Milwaukee Bucks_2011,1,jamesle01_2011,3.9019,4.0817,-0.1798,mbahalu01,14500000.0,854389.0,
Milwaukee Bucks_2011,2,wadedw01_2011,3.8386,3.8386,0.0,salmojo01,14200000.0,8000000.0,
Milwaukee Bucks_2011,3,ginobma01_2011,3.6898,3.6238,0.066,salmojo01,11854584.0,8000000.0,
Milwaukee Bucks_2011,4,piercpa01_2011,3.08,3.08,0.0,salmojo01,13876321.0,8000000.0,
Milwaukee Bucks_2011,5,nowitdi01_2011,3.0382,3.2322,-0.194,mbahalu01,17278618.0,854389.0,
Milwaukee Bucks_2011,6,paulch01_2011,2.8793,2.8793,0.0,jennibr01,14940153.0,2331120.0,
Milwaukee Bucks_2011,7,bryanko01_2011,2.7909,2.7909,0.0,salmojo01,24806250.0,8000000.0,
Milwaukee Bucks_2011,8,duranke01_2011,2.6782,2.6782,0.0,salmojo01,6053663.0,8000000.0,
Milwaukee Bucks_2011,9,rosede01_2011,2.5981,2.5981,0.0,jennibr01,5546160.0,2331120.0,
Milwaukee Bucks_2011,10,howardw01_2011,2.5851,2.3318,0.2533,bogutan01,16647180.0,11000000.0,
Minnesota Timberwolves_2011,1,jamesle01_2011,5.2859,5.2859,-0.0,beaslmi01,14500000.0,4962240.0,
Minnesota Timberwolves_2011,2,nowitdi01_2011,4.1914,4.3086,-0.1172,beaslmi01,17278618.0,4962240.0,
Minnesota Timberwolves_2011,3,piercpa01_2011,3.7467,3.7467,-0.0,beaslmi01,13876321.0,4962240.0,
Minnesota Timberwolves_2011,4,paulch01_2011,3.6968,3.6968,0.0,ridnolu01,14940153.0,4000000.0,
Minnesota Timberwolves_2011,5,wadedw01_2011,3.6024,3.6951,-0.0927,johnswe01,14200000.0,3726600.0,
Minnesota Timberwolves_2011,6,garneke01_2011,3.5697,3.6869,-0.1172,beaslmi01,18800000.0,4962240.0,
Minnesota Timberwolves_2011,7,howardw01_2011,3.5278,3.2834,0.2445,milicda01,16647180.0,4325000.0,
Minnesota Timberwolves_2011,8,ginobma01_2011,3.4744,3.5196,-0.0452,johnswe01,11854584.0,3726600.0,
Minnesota Timberwolves_2011,9,anderry01_2011,3.4423,3.3991,0.0432,beaslmi01,1409040.0,4962240.0,
Minnesota Timberwolves_2011,10,rosede01_2011,3.4181,3.4181,0.0,ridnolu01,5546160.0,4000000.0,
New Jersey Nets_2011,1,jamesle01_2011,5.9893,6.0717,-0.0824,outlatr01,14500000.0,7000000.0,
New Jersey Nets_2011,2,ginobma01_2011,5.0417,5.0569,-0.0152,outlatr01,11854584.0,7000000.0,
New Jersey Nets_2011,3,nowitdi01_2011,4.9851,5.1119,-0.1269,outlatr01,17278618.0,7000000.0,
New Jersey Nets_2011,4,piercpa01_2011,4.4778,4.5602,-0.0824,outlatr01,13876321.0,7000000.0,
New Jersey Nets_2011,5,garneke01_2011,4.3746,4.5014,-0.1269,outlatr01,18800000.0,7000000.0,
New Jersey Nets_2011,6,howardw01_2011,4.2908,3.8427,0.4481,lopezbr01,16647180.0,2413320.0,
New Jersey Nets_2011,7,duranke01_2011,4.1108,4.1932,-0.0824,outlatr01,6053663.0,7000000.0,
New Jersey Nets_2011,8,odomla01_2011,3.6094,3.7363,-0.1269,outlatr01,8200000.0,7000000.0,
New Jersey Nets_2011,9,iguodan01_2011,3.4491,3.5315,-0.0824,outlatr01,12345250.0,7000000.0,
New Jersey Nets_2011,10,brewero02_2011,3.3311,3.3223,0.0088,outlatr01,4790000.0,7000000.0,
New York Knicks_2011,1,jamesle01_2011,4.2551,4.352,-0.0969,fieldla01,14500000.0,473604.0,
New York Knicks_2011,2,howardw01_2011,3.7405,3.252,0.4885,stoudam01,16647180.0,16486611.0,
New York Knicks_2011,3,wadedw01_2011,3.3591,3.456,-0.0969,fieldla01,14200000.0,473604.0,
New York Knicks_2011,4,nowitdi01_2011,3.3565,3.3565,0.0,stoudam01,17278618.0,16486611.0,
New York Knicks_2011,5,ginobma01_2011,3.2271,3.2413,-0.0142,fieldla01,11854584.0,473604.0,
New York Knicks_2011,6,paulch01_2011,3.0705,3.0705,0.0,feltora01,14940153.0,7500000.0,
New York Knicks_2011,7,rosede01_2011,2.7997,2.7997,0.0,feltora01,5546160.0,7500000.0,
New York Knicks_2011,8,garneke01_2011,2.6055,2.6055,0.0,stoudam01,18800000.0,16486611.0,
New York Knicks_2011,9,piercpa01_2011,2.6007,2.6977,-0.0969,fieldla01,13876321.0,473604.0,
New York Knicks_2011,10,gasolpa01_2011,2.5585,2.5585,0.0,stoudam01,17823000.0,16486611.0,
Orlando Magic_2011,1,jamesle01_2011,3.4402,3.3791,0.0611,bassbr01,14500000.0,4000000.0,
Orlando Magic_2011,2,paulch01_2011,3.2106,3.2106,0.0,nelsoja01,14940153.0,7800000.0,
Orlando Magic_2011,3,rosede01_2011,2.9132,2.9132,0.0,nelsoja01,5546160.0,7800000.0,
Orlando Magic_2011,4,wadedw01_2011,2.6472,2.8208,-0.1736,nelsoja01,14200000.0,7800000.0,
Orlando Magic_2011,5,nowitdi01_2011,2.5751,2.5751,0.0,bassbr01,17278618.0,4000000.0,
Orlando Magic_2011,6,piercpa01_2011,2.1741,2.113,0.0611,bassbr01,13876321.0,4000000.0,
Orlando Magic_2011,7,garneke01_2011,2.0637,2.0637,0.0,bassbr01,18800000.0,4000000.0,
Orlando Magic_2011,8,gasolpa01_2011,2.0317,2.0317,0.0,bassbr01,17823000.0,4000000.0,
Orlando Magic_2011,9,ginobma01_2011,1.9991,1.9043,0.0948,turkohe01,11854584.0,10215850.0,
Orlando Magic_2011,10,duranke01_2011,1.8667,1.8055,0.0611,bassbr01,6053663.0,4000000.0,
Indiana Pacers_2011,1,paulch01_2011,4.3835,4.3835,0.0,collida01,14940153.0,1361040.0,
Indiana Pacers_2011,2,rosede01_2011,4.0758,4.0758,0.0,collida01,5546160.0,1361040.0,
Indiana Pacers_2011,3,howardw01_2011,3.84,3.5365,0.3035,hibbero01,16647180.0,1685280.0,
Indiana Pacers_2011,4,wadedw01_2011,3.8138,3.9802,-0.1663,collida01,14200000.0,1361040.0,
Indiana Pacers_2011,5,jamesle01_2011,3.7621,3.7621,0.0,grangda01,14500000.0,10973202.0,
Indiana Pacers_2011,6,nowitdi01_2011,3.5668,3.6187,-0.0519,hibbero01,17278618.0,1685280.0,
Indiana Pacers_2011,7,ginobma01_2011,2.9985,2.9564,0.0421,rushbr01,11854584.0,2069049.0,
Indiana Pacers_2011,8,garneke01_2011,2.9763,3.0282,-0.0519,hibbero01,18800000.0,1685280.0,
Indiana Pacers_2011,9,gasolpa01_2011,2.9393,2.9912,-0.0519,hibbero01,17823000.0,1685280.0,
Indiana Pacers_2011,10,anderry01_2011,2.8765,2.7548,0.1217,hibbero01,1409040.0,1685280.0,
Philadelphia 76ers_2011,1,jamesle01_2011,4.0469,4.0469,-0.0,turneev01,14500000.0,4602720.0,
Philadelphia 76ers_2011,2,paulch01_2011,3.8913,3.8913,-0.0,holidjr01,14940153.0,1627920.0,
Philadelphia 76ers_2011,3,rosede01_2011,3.5197,3.5197,-0.0,holidjr01,5546160.0,1627920.0,
Philadelphia 76ers_2011,4,howardw01_2011,3.4795,3.0987,0.3808,brandel01,16647180.0,15959099.0,
Philadelphia 76ers_2011,5,wadedw01_2011,3.4181,3.4181,-0.0,turneev01,14200000.0,4602720.0,
Philadelphia 76ers_2011,6,ginobma01_2011,3.2821,3.2674,0.0147,turneev01,11854584.0,4602720.0,
Philadelphia 76ers_2011,7,nowitdi01_2011,3.1997,3.1997,0.0,brandel01,17278618.0,15959099.0,
Philadelphia 76ers_2011,8,piercpa01_2011,2.886,2.886,-0.0,turneev01,13876321.0,4602720.0,
Philadelphia 76ers_2011,9,garneke01_2011,2.7219,2.7219,0.0,hawessp01,18800000.0,2974320.0,
Philadelphia 76ers_2011,10,gasolpa01_2011,2.6942,2.6942,0.0,hawessp01,17823000.0,2974320.0,
Phoenix Suns_2011,1,jamesle01_2011,4.6521,4.6521,0.0,hillgr01,14500000.0,3324000.0,
Phoenix Suns_2011,2,ginobma01_2011,3.7115,3.6032,0.1083,hillgr01,11854584.0,3324000.0,
Phoenix Suns_2011,3,nowitdi01_2011,3.5554,3.6601,-0.1047,hillgr01,17278618.0,3324000.0,
Phoenix Suns_2011,4,howardw01_2011,3.5199,3.3491,0.1707,fryech01,16647180.0,5200000.0,
Phoenix Suns_2011,5,piercpa01_2011,3.0899,3.0899,0.0,hillgr01,13876321.0,3324000.0,
Phoenix Suns_2011,6,garneke01_2011,2.9244,3.0291,-0.1047,hillgr01,18800000.0,3324000.0,
Phoenix Suns_2011,7,duranke01_2011,2.7105,2.7105,0.0,hillgr01,6053663.0,3324000.0,
Phoenix Suns_2011,8,gasolpa01_2011,2.5076,2.7412,-0.2335,fryech01,17823000.0,5200000.0,
Phoenix Suns_2011,9,anderry01_2011,2.4775,2.4775,0.0,fryech01,1409040.0,5200000.0,
Phoenix Suns_2011,10,hilarne01_2011,2.3458,2.1751,0.1707,fryech01,11360000.0,5200000.0,
Portland Trail Blazers_2011,1,jamesle01_2011,4.4442,4.4442,-0.0,matthwe02,14500000.0,5765000.0,
Portland Trail Blazers_2011,2,wadedw01_2011,3.467,3.467,-0.0,matthwe02,14200000.0,5765000.0,
Portland Trail Blazers_2011,3,ginobma01_2011,3.2965,3.2329,0.0636,matthwe02,11854584.0,5765000.0,
Portland Trail Blazers_2011,4,howardw01_2011,3.088,2.6158,0.4722,aldrila01,16647180.0,11244000.0,
Portland Trail Blazers_2011,5,nowitdi01_2011,3.0766,3.2386,-0.162,batumni01,17278618.0,1196760.0,
Portland Trail Blazers_2011,6,paulch01_2011,3.0711,3.0711,0.0,millean02,14940153.0,7269264.0,
Portland Trail Blazers_2011,7,rosede01_2011,2.7345,2.7345,0.0,millean02,5546160.0,7269264.0,
Portland Trail Blazers_2011,8,piercpa01_2011,2.6401,2.6401,-0.0,matthwe02,13876321.0,5765000.0,
Portland Trail Blazers_2011,9,garneke01_2011,2.4128,2.5748,-0.162,batumni01,18800000.0,1196760.0,
Portland Trail Blazers_2011,10,bryanko01_2011,2.3249,2.3249,-0.0,matthwe02,24806250.0,5765000.0,
Sacramento Kings_2011,1,howardw01_2011,4.8965,4.5794,0.3171,couside01,16647180.0,3374640.0,
Sacramento Kings_2011,2,nowitdi01_2011,4.6628,4.6628,0.0,couside01,17278618.0,3374640.0,
Sacramento Kings_2011,3,paulch01_2011,4.4239,4.3439,0.0801,udrihbe01,14940153.0,6478600.0,
Sacramento Kings_2011,4,rosede01_2011,4.0729,3.9928,0.0801,udrihbe01,5546160.0,6478600.0,
Sacramento Kings_2011,5,garneke01_2011,4.0635,4.0635,0.0,couside01,18800000.0,3374640.0,
Sacramento Kings_2011,6,gasolpa01_2011,4.026,4.026,0.0,couside01,17823000.0,3374640.0,
Sacramento Kings_2011,7,anderry01_2011,3.9354,3.786,0.1493,couside01,1409040.0,3374640.0,
Sacramento Kings_2011,8,wadedw01_2011,3.8837,3.8837,0.0,udrihbe01,14200000.0,6478600.0,
Sacramento Kings_2011,9,hilarne01_2011,3.8278,3.5107,0.3171,couside01,11360000.0,3374640.0,
Sacramento Kings_2011,10,duncati01_2011,3.739,3.739,0.0,couside01,18700000.0,3374640.0,
San Antonio Spurs_2011,1,jamesle01_2011,4.1974,4.3361,-0.1387,jefferi01,14500000.0,8400000.0,
San Antonio Spurs_2011,2,paulch01_2011,3.2516,3.2516,0.0,parketo01,14940153.0,13500000.0,
San Antonio Spurs_2011,3,nowitdi01_2011,3.1318,3.3233,-0.1914,jefferi01,17278618.0,8400000.0,
San Antonio Spurs_2011,4,rosede01_2011,2.9238,2.9238,0.0,parketo01,5546160.0,13500000.0,
San Antonio Spurs_2011,5,howardw01_2011,2.8589,2.5982,0.2607,blairde01,16647180.0,918000.0,
San Antonio Spurs_2011,6,wadedw01_2011,2.7146,2.822,-0.1074,parketo01,14200000.0,13500000.0,
San Antonio Spurs_2011,7,piercpa01_2011,2.6023,2.741,-0.1387,jefferi01,13876321.0,8400000.0,
San Antonio Spurs_2011,8,garneke01_2011,2.4876,2.679,-0.1914,jefferi01,18800000.0,8400000.0,
San Antonio Spurs_2011,9,bryanko01_2011,2.3237,2.4624,-0.1387,jefferi01,24806250.0,8400000.0,
San Antonio Spurs_2011,10,duranke01_2011,2.215,2.3538,-0.1387,jefferi01,6053663.0,8400000.0,
Oklahoma City Thunder_2011,1,jamesle01_2011,3.822,3.8897,-0.0676,greenje02,14500000.0,4455988.0,
Oklahoma City Thunder_2011,2,howardw01_2011,3.0278,2.8175,0.2102,ibakase01,16647180.0,1204200.0,
Oklahoma City Thunder_2011,3,nowitdi01_2011,3.0101,3.1467,-0.1366,greenje02,17278618.0,4455988.0,
Oklahoma City Thunder_2011,4,paulch01_2011,2.7194,2.7194,0.0,westbru01,14940153.0,4017720.0,
Oklahoma City Thunder_2011,5,wadedw01_2011,2.6538,2.7592,-0.1054,sefolth01,14200000.0,3250000.0,
Oklahoma City Thunder_2011,6,piercpa01_2011,2.652,2.7196,-0.0676,greenje02,13876321.0,4455988.0,
Oklahoma City Thunder_2011,7,ginobma01_2011,2.5552,2.5857,-0.0306,sefolth01,11854584.0,3250000.0,
Oklahoma City Thunder_2011,8,garneke01_2011,2.5375,2.6741,-0.1366,greenje02,18800000.0,4455988.0,
Oklahoma City Thunder_2011,9,gasolpa01_2011,2.508,2.6446,-0.1366,greenje02,17823000.0,4455988.0,
Oklahoma City Thunder_2011,10,anderry01_2011,2.4827,2.4553,0.0273,greenje02,1409040.0,4455988.0,
Toronto Raptors_2011,1,jamesle01_2011,6.8238,6.8238,0.0,derozde01,14500000.0,2453880.0,
Toronto Raptors_2011,2,wadedw01_2011,5.8196,5.8196,0.0,derozde01,14200000.0,2453880.0,
Toronto Raptors_2011,3,ginobma01_2011,5.6707,5.579,0.0916,derozde01,11854584.0,2453880.0,
Toronto Raptors_2011,4,piercpa01_2011,4.9698,4.9698,0.0,derozde01,13876321.0,2453880.0,
Toronto Raptors_2011,5,bryanko01_2011,4.6459,4.6459,0.0,derozde01,24806250.0,2453880.0,
Toronto Raptors_2011,6,duranke01_2011,4.5197,4.5197,0.0,derozde01,6053663.0,2453880.0,
Toronto Raptors_2011,7,howardw01_2011,4.477,4.1178,0.3592,bargnan01,16647180.0,8500000.0,
Toronto Raptors_2011,8,nowitdi01_2011,4.2043,4.2043,0.0,bargnan01,17278618.0,8500000.0,
Toronto Raptors_2011,9,allento01_2011,3.7193,3.6058,0.1134,derozde01,3000000.0,2453880.0,
Toronto Raptors_2011,10,iguodan01_2011,3.7081,3.7081,0.0,derozde01,12345250.0,2453880.0,
Utah Jazz_2011,1,rosede01_2011,4.7288,4.8813,-0.1525,bellra01,5546160.0,3000000.0,
Utah Jazz_2011,2,wadedw01_2011,4.7016,4.7971,-0.0955,bellra01,14200000.0,3000000.0,
Utah Jazz_2011,3,howardw01_2011,4.6333,4.2037,0.4296,jeffeal01,16647180.0,13000000.0,
Utah Jazz_2011,4,ginobma01_2011,4.4674,4.6198,-0.1525,bellra01,11854584.0,3000000.0,
Utah Jazz_2011,5,nowitdi01_2011,4.3105,4.3105,0.0,jeffeal01,17278618.0,13000000.0,
Utah Jazz_2011,6,piercpa01_2011,4.0756,4.1711,-0.0955,bellra01,13876321.0,3000000.0,
Utah Jazz_2011,7,bryanko01_2011,3.837,3.9325,-0.0955,bellra01,24806250.0,3000000.0,
Utah Jazz_2011,8,jamesle01_2011,3.6459,3.5357,0.1101,millspa01,14500000.0,7600000.0,
Utah Jazz_2011,9,garneke01_2011,3.5433,3.5433,0.0,jeffeal01,18800000.0,13000000.0,
Utah Jazz_2011,10,gasolpa01_2011,3.4953,3.4953,0.0,jeffeal01,17823000.0,13000000.0,
Memphis Grizzlies_2011,1,paulch01_2011,3.5834,3.5834,0.0,conlemi01,14940153.0,4913007.0,
Memphis Grizzlies_2011,2,rosede01_2011,3.2142,3.2142,0.0,conlemi01,5546160.0,4913007.0,
Memphis Grizzlies_2011,3,jamesle01_2011,3.1934,3.1935,-0.0001,arthuda01,14500000.0,1123680.0,
Memphis Grizzlies_2011,4,wadedw01_2011,3.0214,3.0995,-0.0781,conlemi01,14200000.0,4913007.0,
Memphis Grizzlies_2011,5,howardw01_2011,2.8024,2.5089,0.2936,gasolma01,16647180.0,3480000.0,
Memphis Grizzlies_2011,6,ginobma01_2011,2.7052,2.6536,0.0516,mayooj01,11854584.0,4456200.0,
Memphis Grizzlies_2011,7,nowitdi01_2011,2.5467,2.6018,-0.0551,gasolma01,17278618.0,3480000.0,
Memphis Grizzlies_2011,8,garneke01_2011,2.0635,2.1077,-0.0441,arthuda01,18800000.0,1123680.0,
Memphis Grizzlies_2011,9,bryanko01_2011,2.0373,2.0373,0.0,mayooj01,24806250.0,4456200.0,
Memphis Grizzlies_2011,10,gasolpa01_2011,2.0371,2.0812,-0.0441,arthuda01,17823000.0,1123680.0,
Washington Wizards_2011,1,paulch01_2011,4.9714,4.9714,-0.0,walljo01,14940153.0,5144280.0,
Washington Wizards_2011,2,rosede01_2011,4.6332,4.6332,-0.0,walljo01,5546160.0,5144280.0,
Washington Wizards_2011,3,wadedw01_2011,4.3782,4.5281,-0.1499,walljo01,14200000.0,5144280.0,
Washington Wizards_2011,4,jamesle01_2011,4.2506,4.2506,0.0,youngni01,14500000.0,2630503.0,
Washington Wizards_2011,5,howardw01_2011,3.5959,3.2829,0.313,blatcan01,16647180.0,5900000.0,
Washington Wizards_2011,6,ginobma01_2011,3.4441,3.363,0.0811,youngni01,11854584.0,2630503.0,
Washington Wizards_2011,7,nowitdi01_2011,3.3619,3.3619,0.0,blatcan01,17278618.0,5900000.0,
Washington Wizards_2011,8,nashst01_2011,3.0614,3.0614,-0.0,walljo01,10310938.0,5144280.0,
Washington Wizards_2011,9,piercpa01_2011,2.9285,2.9285,0.0,youngni01,13876321.0,2630503.0,
Washington Wizards_2011,10,garneke01_2011,2.7945,2.7945,0.0,blatcan01,18800000.0,5900000.0,
Detroit Pistons_2011,1,jamesle01_2011,4.8714,4.8714,0.0,princta01,14500000.0,11148760.0,
Detroit Pistons_2011,2,paulch01_2011,4.5512,4.372,0.1792,gordobe01,14940153.0,10800000.0,
Detroit Pistons_2011,3,rosede01_2011,4.2751,4.0959,0.1792,gordobe01,5546160.0,10800000.0,
Detroit Pistons_2011,4,wadedw01_2011,4.0101,4.0101,-0.0,gordobe01,14200000.0,10800000.0,
Detroit Pistons_2011,5,ginobma01_2011,4.0088,3.8296,0.1792,gordobe01,11854584.0,10800000.0,
Detroit Pistons_2011,6,nowitdi01_2011,3.7971,3.8338,-0.0366,princta01,17278618.0,11148760.0,
Detroit Pistons_2011,7,piercpa01_2011,3.2372,3.2372,0.0,princta01,13876321.0,11148760.0,
Detroit Pistons_2011,8,garneke01_2011,3.1371,3.1737,-0.0366,princta01,18800000.0,11148760.0,
Detroit Pistons_2011,9,bryanko01_2011,3.1293,3.1293,-0.0,gordobe01,24806250.0,10800000.0,
Detroit Pistons_2011,10,nashst01_2011,2.992,2.8128,0.1792,gordobe01,10310938.0,10800000.0,
Charlotte Bobcats_2011,1,jamesle01_2011,5.0402,5.0402,-0.0,jacksst02,14500000.0,8453250.0,
Charlotte Bobcats_2011,2,paulch01_2011,4.8097,4.8097,0.0,augusdj01,14940153.0,2540400.0,
Charlotte Bobcats_2011,3,rosede01_2011,4.4524,4.4524,0.0,augusdj01,5546160.0,2540400.0,
Charlotte Bobcats_2011,4,wadedw01_2011,4.2727,4.3414,-0.0686,augusdj01,14200000.0,2540400.0,
Charlotte Bobcats_2011,5,ginobma01_2011,4.0036,3.9877,0.0159,jacksst02,11854584.0,8453250.0,
Charlotte Bobcats_2011,6,howardw01_2011,3.7958,3.6548,0.1411,diawbo01,16647180.0,9000000.0,
Charlotte Bobcats_2011,7,nowitdi01_2011,3.5124,3.7565,-0.2441,diawbo01,17278618.0,9000000.0,
Charlotte Bobcats_2011,8,piercpa01_2011,3.4726,3.4726,-0.0,jacksst02,13876321.0,8453250.0,
Charlotte Bobcats_2011,9,bryanko01_2011,3.1987,3.1987,-0.0,jacksst02,24806250.0,8453250.0,
Charlotte Bobcats_2011,10,duranke01_2011,3.092,3.092,-0.0,jacksst02,6053663.0,8453250.0,
Atlanta Hawks_2012,1,jamesle01_2012,4.5809,4.5809,0.0,johnsjo02,16022500.0,18038573.0,
Atlanta Hawks_2012,2,paulch01_2012,4.1007,4.1007,0.0,teaguje01,16359805.0,1579920.0,
Atlanta Hawks_2012,3,wadedw01_2012,2.9214,3.0092,-0.0878,teaguje01,15691000.0,1579920.0,
Atlanta Hawks_2012,4,howardw01_2012,2.4598,2.1818,0.2779,pachuza01,18091770.0,4750000.0,
Atlanta Hawks_2012,5,loveke01_2012,2.438,2.4454,-0.0074,pachuza01,4609701.0,4750000.0,
Atlanta Hawks_2012,6,anderry01_2012,2.4239,2.2848,0.1391,pachuza01,2244601.0,4750000.0,
Atlanta Hawks_2012,7,rosede01_2012,2.3336,2.3336,0.0,teaguje01,6993708.0,1579920.0,
Atlanta Hawks_2012,8,duranke01_2012,2.3279,2.3279,0.0,johnsjo02,15506632.0,18038573.0,
Atlanta Hawks_2012,9,ginobma01_2012,2.3161,2.3319,-0.0158,hinriki01,12981038.0,8100000.0,
Atlanta Hawks_2012,10,garneke01_2012,2.2164,2.2238,-0.0074,pachuza01,21247044.0,4750000.0,
Boston Celtics_2012,1,jamesle01_2012,5.4753,5.4655,0.0099,bassbr01,16022500.0,4250000.0,
Boston Celtics_2012,2,paulch01_2012,3.6001,3.6001,-0.0,rondora01,16359805.0,10045455.0,
Boston Celtics_2012,3,duranke01_2012,3.4692,3.4593,0.0099,bassbr01,15506632.0,4250000.0,
Boston Celtics_2012,4,howardw01_2012,2.72,2.4607,0.2593,bassbr01,18091770.0,4250000.0,
Boston Celtics_2012,5,loveke01_2012,2.6978,2.7673,-0.0695,bassbr01,4609701.0,4250000.0,
Boston Celtics_2012,6,anderry01_2012,2.6793,2.5805,0.0988,bassbr01,2244601.0,4250000.0,
Boston Celtics_2012,7,wadedw01_2012,2.6537,2.7459,-0.0922,bradlav01,15691000.0,1524480.0,
Boston Celtics_2012,8,nowitdi01_2012,2.3703,2.3604,0.0099,bassbr01,19092873.0,4250000.0,
Boston Celtics_2012,9,novakst01_2012,2.2947,2.1959,0.0988,bassbr01,992680.0,4250000.0,
Boston Celtics_2012,10,rosede01_2012,2.2854,2.3186,-0.0333,bradlav01,6993708.0,1524480.0,
Cleveland Cavaliers_2012,1,jamesle01_2012,6.7964,6.5988,0.1977,jamisan01,16022500.0,15076715.0,
Cleveland Cavaliers_2012,2,duranke01_2012,4.4573,4.2597,0.1977,jamisan01,15506632.0,15076715.0,
Cleveland Cavaliers_2012,3,wadedw01_2012,3.7735,3.8608,-0.0873,geeal01,15691000.0,854389.0,
Cleveland Cavaliers_2012,4,howardw01_2012,3.541,3.0953,0.4457,jamisan01,18091770.0,15076715.0,
Cleveland Cavaliers_2012,5,loveke01_2012,3.499,3.5477,-0.0487,thomptr01,4609701.0,3726600.0,
Cleveland Cavaliers_2012,6,anderry01_2012,3.4934,3.4073,0.086,thomptr01,2244601.0,3726600.0,
Cleveland Cavaliers_2012,7,garneke01_2012,3.3053,3.354,-0.0487,thomptr01,21247044.0,3726600.0,
Cleveland Cavaliers_2012,8,nowitdi01_2012,3.2894,3.242,0.0474,thomptr01,19092873.0,3726600.0,
Cleveland Cavaliers_2012,9,ginobma01_2012,3.2825,3.2728,0.0096,geeal01,12981038.0,854389.0,
Cleveland Cavaliers_2012,10,novakst01_2012,3.2044,3.1184,0.086,thomptr01,992680.0,3726600.0,
New Orleans Hornets_2012,1,paulch01_2012,5.5036,5.566,-0.0624,belinma01,16359805.0,3377604.0,
New Orleans Hornets_2012,2,wadedw01_2012,4.5211,4.5701,-0.049,belinma01,15691000.0,3377604.0,
New Orleans Hornets_2012,3,jamesle01_2012,4.4542,4.5037,-0.0494,aminual01,16022500.0,2755560.0,
New Orleans Hornets_2012,4,rosede01_2012,3.8913,3.9536,-0.0624,belinma01,6993708.0,3377604.0,
New Orleans Hornets_2012,5,ginobma01_2012,3.874,3.9364,-0.0624,belinma01,12981038.0,3377604.0,
New Orleans Hornets_2012,6,hardeja01_2012,3.3725,3.4349,-0.0624,belinma01,4604760.0,3377604.0,
New Orleans Hornets_2012,7,willilo02_2012,2.9925,3.0415,-0.049,belinma01,5176000.0,3377604.0,
New Orleans Hornets_2012,8,duranke01_2012,2.8663,2.9157,-0.0494,aminual01,15506632.0,2755560.0,
New Orleans Hornets_2012,9,georgpa01_2012,2.7987,2.8433,-0.0446,belinma01,2406240.0,3377604.0,
New Orleans Hornets_2012,10,lowryky01_2012,2.7767,2.8391,-0.0624,belinma01,5750000.0,3377604.0,
Chicago Bulls_2012,1,jamesle01_2012,4.7301,4.7301,0.0,denglu01,16022500.0,12325000.0,
Chicago Bulls_2012,2,paulch01_2012,2.9082,2.9082,0.0,watsocj01,16359805.0,3400000.0,
Chicago Bulls_2012,3,wadedw01_2012,2.4658,2.6073,-0.1416,brewero02,15691000.0,4710000.0,
Chicago Bulls_2012,4,duranke01_2012,2.4369,2.4369,0.0,denglu01,15506632.0,12325000.0,
Chicago Bulls_2012,5,ginobma01_2012,2.043,2.0766,-0.0336,brewero02,12981038.0,4710000.0,
Chicago Bulls_2012,6,howardw01_2012,1.6522,1.2622,0.39,boozeca01,18091770.0,13500000.0,
Chicago Bulls_2012,7,hardeja01_2012,1.623,1.6566,-0.0336,brewero02,4604760.0,4710000.0,
Chicago Bulls_2012,8,anderry01_2012,1.606,1.388,0.218,boozeca01,2244601.0,13500000.0,
Chicago Bulls_2012,9,loveke01_2012,1.5843,1.5843,0.0,boozeca01,4609701.0,13500000.0,
Chicago Bulls_2012,10,iguodan01_2012,1.3623,1.3623,0.0,brewero02,13531750.0,4710000.0,
Dallas Mavericks_2012,1,jamesle01_2012,5.6052,5.5735,0.0317,mariosh01,16022500.0,8022449.0,
Dallas Mavericks_2012,2,paulch01_2012,4.2853,4.1772,0.1081,terryja01,16359805.0,11158000.0,
Dallas Mavericks_2012,3,duranke01_2012,3.5563,3.5246,0.0317,mariosh01,15506632.0,8022449.0,
Dallas Mavericks_2012,4,wadedw01_2012,3.1756,3.1756,0.0,terryja01,15691000.0,11158000.0,
Dallas Mavericks_2012,5,anderry01_2012,2.8831,2.627,0.2561,mariosh01,2244601.0,8022449.0,
Dallas Mavericks_2012,6,hardeja01_2012,2.8497,2.6497,0.2,mariosh01,4604760.0,8022449.0,
Dallas Mavericks_2012,7,rosede01_2012,2.6638,2.5557,0.1081,terryja01,6993708.0,11158000.0,
Dallas Mavericks_2012,8,ginobma01_2012,2.6464,2.5383,0.1081,terryja01,12981038.0,11158000.0,
Dallas Mavericks_2012,9,iguodan01_2012,2.556,2.3093,0.2467,mariosh01,13531750.0,8022449.0,
Dallas Mavericks_2012,10,novakst01_2012,2.4903,2.2342,0.2561,mariosh01,992680.0,8022449.0,
Denver Nuggets_2012,1,jamesle01_2012,5.7259,5.8419,-0.116,afflaar01,16022500.0,7562500.0,
Denver Nuggets_2012,2,paulch01_2012,3.922,3.922,0.0,millean02,16359805.0,7807728.0,
Denver Nuggets_2012,3,wadedw01_2012,3.7489,3.8649,-0.116,afflaar01,15691000.0,7562500.0,
Denver Nuggets_2012,4,duranke01_2012,3.5049,3.621,-0.116,afflaar01,15506632.0,7562500.0,
Denver Nuggets_2012,5,ginobma01_2012,3.1555,3.1994,-0.0438,afflaar01,12981038.0,7562500.0,
Denver Nuggets_2012,6,hardeja01_2012,2.6288,2.6726,-0.0438,afflaar01,4604760.0,7562500.0,
Denver Nuggets_2012,7,rosede01_2012,2.4699,2.4699,0.0,millean02,6993708.0,7807728.0,
Denver Nuggets_2012,8,iguodan01_2012,2.2367,2.3036,-0.0669,afflaar01,13531750.0,7562500.0,
Denver Nuggets_2012,9,piercpa01_2012,2.003,2.119,-0.116,afflaar01,15333334.0,7562500.0,
Denver Nuggets_2012,10,howardw01_2012,1.9939,1.815,0.1789,harrial01,18091770.0,6226200.0,
Golden State Warriors_2012,1,jamesle01_2012,4.3624,4.4815,-0.119,wrighdo01,16022500.0,3823000.0,
Golden State Warriors_2012,2,wadedw01_2012,3.5325,3.5325,0.0,thompkl01,15691000.0,2126520.0,
Golden State Warriors_2012,3,paulch01_2012,3.4944,3.4402,0.0542,ellismo01,16359805.0,11000000.0,
Golden State Warriors_2012,4,howardw01_2012,3.3439,2.9451,0.3988,leeda02,18091770.0,11610000.0,
Golden State Warriors_2012,5,loveke01_2012,3.2945,3.2945,0.0,leeda02,4609701.0,11610000.0,
Golden State Warriors_2012,6,anderry01_2012,3.2809,3.0816,0.1993,leeda02,2244601.0,11610000.0,
Golden State Warriors_2012,7,rosede01_2012,3.1003,3.0291,0.0712,thompkl01,6993708.0,2126520.0,
Golden State Warriors_2012,8,ginobma01_2012,3.0862,3.015,0.0712,thompkl01,12981038.0,2126520.0,
Golden State Warriors_2012,9,garneke01_2012,3.0008,3.0008,0.0,leeda02,21247044.0,11610000.0,
Golden State Warriors_2012,10,nowitdi01_2012,2.9076,2.8308,0.0767,leeda02,19092873.0,11610000.0,
Houston Rockets_2012,1,jamesle01_2012,5.274,5.1861,0.0878,pattepa01,16022500.0,1959960.0,
Houston Rockets_2012,2,howardw01_2012,3.84,3.4141,0.4258,scolalu01,18091770.0,8591793.0,
Houston Rockets_2012,3,anderry01_2012,3.7619,3.5461,0.2158,scolalu01,2244601.0,8591793.0,
Houston Rockets_2012,4,loveke01_2012,3.7519,3.7519,0.0,scolalu01,4609701.0,8591793.0,
Houston Rockets_2012,5,duranke01_2012,3.6916,3.6037,0.0878,pattepa01,15506632.0,1959960.0,
Houston Rockets_2012,6,garneke01_2012,3.4679,3.4679,0.0,scolalu01,21247044.0,8591793.0,
Houston Rockets_2012,7,nowitdi01_2012,3.4353,3.3036,0.1317,scolalu01,19092873.0,8591793.0,
Houston Rockets_2012,8,novakst01_2012,3.3382,3.1223,0.2158,scolalu01,992680.0,8591793.0,
Houston Rockets_2012,9,smithjo03_2012,3.2502,3.2502,0.0,scolalu01,12400000.0,8591793.0,
Houston Rockets_2012,10,griffbl01_2012,3.1807,3.1807,0.0,scolalu01,5731080.0,8591793.0,
Los Angeles Clippers_2012,1,jamesle01_2012,5.7215,5.8543,-0.1328,butleca01,16022500.0,8000000.0,
Los Angeles Clippers_2012,2,duranke01_2012,3.7184,3.8512,-0.1328,butleca01,15506632.0,8000000.0,
Los Angeles Clippers_2012,3,wadedw01_2012,3.0745,3.1752,-0.1007,foyera01,15691000.0,4250000.0,
Los Angeles Clippers_2012,4,hardeja01_2012,2.9693,2.9959,-0.0266,butleca01,4604760.0,8000000.0,
Los Angeles Clippers_2012,5,iguodan01_2012,2.6517,2.6631,-0.0114,butleca01,13531750.0,8000000.0,
Los Angeles Clippers_2012,6,ginobma01_2012,2.6314,2.6309,0.0005,foyera01,12981038.0,4250000.0,
Los Angeles Clippers_2012,7,novakst01_2012,2.5897,2.5897,-0.0,butleca01,992680.0,8000000.0,
Los Angeles Clippers_2012,8,rosede01_2012,2.5014,2.411,0.0905,willima01,6993708.0,8500000.0,
Los Angeles Clippers_2012,9,millspa01_2012,2.4593,2.6052,-0.1459,butleca01,8103435.0,8000000.0,
Los Angeles Clippers_2012,10,georgpa01_2012,2.4241,2.4355,-0.0114,butleca01,2406240.0,8000000.0,
Los Angeles Lakers_2012,1,jamesle01_2012,4.8707,4.9941,-0.1235,artesro01,16022500.0,6790640.0,
Los Angeles Lakers_2012,2,paulch01_2012,3.5576,3.5576,0.0,blakest01,16359805.0,4000000.0,
Los Angeles Lakers_2012,3,duranke01_2012,3.0443,3.1678,-0.1235,artesro01,15506632.0,6790640.0,
Los Angeles Lakers_2012,4,wadedw01_2012,2.9073,2.9365,-0.0292,blakest01,15691000.0,4000000.0,
Los Angeles Lakers_2012,5,rosede01_2012,2.5521,2.5521,0.0,blakest01,6993708.0,4000000.0,
Los Angeles Lakers_2012,6,ginobma01_2012,2.4166,2.4166,0.0,fishede01,12981038.0,3400000.0,
Los Angeles Lakers_2012,7,hardeja01_2012,2.3317,2.3879,-0.0562,artesro01,4604760.0,6790640.0,
Los Angeles Lakers_2012,8,iguodan01_2012,2.0845,2.0845,-0.0,artesro01,13531750.0,6790640.0,
Los Angeles Lakers_2012,9,novakst01_2012,1.9951,2.0175,-0.0224,artesro01,992680.0,6790640.0,
Los Angeles Lakers_2012,10,willilo02_2012,1.954,1.9832,-0.0292,blakest01,5176000.0,4000000.0,
Miami Heat_2012,1,paulch01_2012,4.6551,4.6551,-0.0,coleno01,16359805.0,1035960.0,
Miami Heat_2012,2,rosede01_2012,3.6375,3.6375,-0.0,coleno01,6993708.0,1035960.0,
Miami Heat_2012,3,duranke01_2012,3.4834,3.4932,-0.0099,hasleud01,15506632.0,3780000.0,
Miami Heat_2012,4,willilo02_2012,2.9918,3.0619,-0.0701,coleno01,5176000.0,1035960.0,
Miami Heat_2012,5,lowryky01_2012,2.9341,2.9341,-0.0,coleno01,5750000.0,1035960.0,
Miami Heat_2012,6,nashst01_2012,2.9341,2.9341,-0.0,coleno01,11689062.0,1035960.0,
Miami Heat_2012,7,howardw01_2012,2.9008,2.656,0.2448,hasleud01,18091770.0,3780000.0,
Miami Heat_2012,8,loveke01_2012,2.879,2.913,-0.034,hasleud01,4609701.0,3780000.0,
Miami Heat_2012,9,irvinky01_2012,2.8723,2.8723,-0.0,coleno01,5144280.0,1035960.0,
Miami Heat_2012,10,parketo01_2012,2.8634,2.8634,-0.0,coleno01,12500000.0,1035960.0,
Milwaukee Bucks_2012,1,jamesle01_2012,4.6128,4.7224,-0.1096,delfica01,16022500.0,3500000.0,
Milwaukee Bucks_2012,2,paulch01_2012,4.4508,4.4508,0.0,jennibr01,16359805.0,2493720.0,
Milwaukee Bucks_2012,3,wadedw01_2012,3.1874,3.2529,-0.0655,jennibr01,15691000.0,2493720.0,
Milwaukee Bucks_2012,4,duranke01_2012,2.9544,3.064,-0.1096,delfica01,15506632.0,3500000.0,
Milwaukee Bucks_2012,5,ginobma01_2012,2.65,2.7491,-0.0992,delfica01,12981038.0,3500000.0,
Milwaukee Bucks_2012,6,rosede01_2012,2.5114,2.5114,0.0,jennibr01,6993708.0,2493720.0,
Milwaukee Bucks_2012,7,hardeja01_2012,2.2566,2.3558,-0.0992,delfica01,4604760.0,3500000.0,
Milwaukee Bucks_2012,8,howardw01_2012,2.1826,1.9057,0.2768,goodedr01,18091770.0,6226200.0,
Milwaukee Bucks_2012,9,loveke01_2012,2.1507,2.1507,0.0,goodedr01,4609701.0,6226200.0,
Milwaukee Bucks_2012,10,anderry01_2012,2.1448,2.0014,0.1433,goodedr01,2244601.0,6226200.0,
Minnesota Timberwolves_2012,1,jamesle01_2012,4.9806,5.0462,-0.0656,johnswe01,16022500.0,4006080.0,
Minnesota Timberwolves_2012,2,paulch01_2012,4.382,4.382,-0.0,ridnolu01,16359805.0,3680000.0,
Minnesota Timberwolves_2012,3,wadedw01_2012,3.5761,3.6417,-0.0656,johnswe01,15691000.0,4006080.0,
Minnesota Timberwolves_2012,4,duranke01_2012,3.4028,3.4684,-0.0656,johnswe01,15506632.0,4006080.0,
Minnesota Timberwolves_2012,5,ginobma01_2012,3.1339,3.1689,-0.035,johnswe01,12981038.0,4006080.0,
Minnesota Timberwolves_2012,6,rosede01_2012,2.959,2.959,-0.0,ridnolu01,6993708.0,3680000.0,
Minnesota Timberwolves_2012,7,hardeja01_2012,2.7596,2.7947,-0.035,johnswe01,4604760.0,4006080.0,
Minnesota Timberwolves_2012,8,iguodan01_2012,2.5195,2.5325,-0.0131,johnswe01,13531750.0,4006080.0,
Minnesota Timberwolves_2012,9,howardw01_2012,2.4753,2.3344,0.1409,willide02,18091770.0,4602720.0,
Minnesota Timberwolves_2012,10,anderry01_2012,2.392,2.426,-0.034,willide02,2244601.0,4602720.0,
New Jersey Nets_2012,1,jamesle01_2012,6.5565,6.4911,0.0654,humphkr01,16022500.0,8000000.0,
New Jersey Nets_2012,2,wadedw01_2012,4.3716,4.3716,-0.0,brookma01,15691000.0,1110120.0,
New Jersey Nets_2012,3,duranke01_2012,4.211,4.1456,0.0654,humphkr01,15506632.0,8000000.0,
New Jersey Nets_2012,4,rosede01_2012,3.9042,3.8521,0.0522,brookma01,6993708.0,1110120.0,
New Jersey Nets_2012,5,ginobma01_2012,3.8897,3.8375,0.0522,brookma01,12981038.0,1110120.0,
New Jersey Nets_2012,6,paulch01_2012,3.597,3.597,0.0,willide01,16359805.0,16359805.0,
New Jersey Nets_2012,7,hardeja01_2012,3.467,3.4148,0.0522,brookma01,4604760.0,1110120.0,
New Jersey Nets_2012,8,howardw01_2012,3.3819,2.978,0.4038,humphkr01,18091770.0,8000000.0,
New Jersey Nets_2012,9,loveke01_2012,3.3365,3.3365,-0.0,humphkr01,4609701.0,8000000.0,
New Jersey Nets_2012,10,anderry01_2012,3.3125,3.1181,0.1944,humphkr01,2244601.0,8000000.0,
New York Knicks_2012,1,jamesle01_2012,4.9103,4.8121,0.0982,stoudam01,16022500.0,18217705.0,
New York Knicks_2012,2,paulch01_2012,4.2889,4.2889,0.0,shumpim01,16359805.0,1563120.0,
New York Knicks_2012,3,wadedw01_2012,3.3565,3.4254,-0.0689,shumpim01,15691000.0,1563120.0,
New York Knicks_2012,4,duranke01_2012,3.2454,3.1473,0.0982,stoudam01,15506632.0,18217705.0,
New York Knicks_2012,5,rosede01_2012,2.891,2.891,0.0,shumpim01,6993708.0,1563120.0,
New York Knicks_2012,6,ginobma01_2012,2.876,2.876,0.0,shumpim01,12981038.0,1563120.0,
New York Knicks_2012,7,anderry01_2012,2.6268,2.4179,0.2089,stoudam01,2244601.0,18217705.0,
New York Knicks_2012,8,howardw01_2012,2.6112,2.3185,0.2927,stoudam01,18091770.0,18217705.0,
New York Knicks_2012,9,loveke01_2012,2.573,2.573,0.0,stoudam01,4609701.0,18217705.0,
New York Knicks_2012,10,hardeja01_2012,2.4412,2.4412,0.0,shumpim01,4604760.0,1563120.0,
Orlando Magic_2012,1,jamesle01_2012,4.7422,4.8699,-0.1277,turkohe01,16022500.0,11015850.0,
Orlando Magic_2012,2,paulch01_2012,3.9111,3.9111,-0.0,nelsoja01,16359805.0,7800000.0,
Orlando Magic_2012,3,duranke01_2012,2.9555,3.0832,-0.1277,turkohe01,15506632.0,11015850.0,
Orlando Magic_2012,4,wadedw01_2012,2.9047,3.0418,-0.1371,nelsoja01,15691000.0,7800000.0,
Orlando Magic_2012,5,loveke01_2012,2.8771,2.8771,0.0,davisgl01,4609701.0,6300000.0,
Orlando Magic_2012,6,garneke01_2012,2.6833,2.6833,0.0,davisgl01,21247044.0,6300000.0,
Orlando Magic_2012,7,nowitdi01_2012,2.647,2.5711,0.0759,davisgl01,19092873.0,6300000.0,
Orlando Magic_2012,8,novakst01_2012,2.5797,2.4473,0.1324,davisgl01,992680.0,6300000.0,
Orlando Magic_2012,9,smithjo03_2012,2.5346,2.5346,0.0,davisgl01,12400000.0,6300000.0,
Orlando Magic_2012,10,rosede01_2012,2.5038,2.5038,-0.0,nelsoja01,6993708.0,7800000.0,
Indiana Pacers_2012,1,jamesle01_2012,4.6276,4.526,0.1016,westda01,16022500.0,10000000.0,
Indiana Pacers_2012,2,paulch01_2012,4.5992,4.5992,0.0,collida01,16359805.0,1455960.0,
Indiana Pacers_2012,3,wadedw01_2012,3.6047,3.6436,-0.0389,collida01,15691000.0,1455960.0,
Indiana Pacers_2012,4,rosede01_2012,3.0521,3.0521,0.0,collida01,6993708.0,1455960.0,
Indiana Pacers_2012,5,duranke01_2012,2.5557,2.4541,0.1016,westda01,15506632.0,10000000.0,
Indiana Pacers_2012,6,howardw01_2012,2.5254,2.2486,0.2768,hansbty01,18091770.0,2138040.0,
Indiana Pacers_2012,7,anderry01_2012,2.5006,2.3395,0.1611,hansbty01,2244601.0,2138040.0,
Indiana Pacers_2012,8,loveke01_2012,2.4814,2.4814,0.0,hansbty01,4609701.0,2138040.0,
Indiana Pacers_2012,9,garneke01_2012,2.2857,2.2857,0.0,hansbty01,21247044.0,2138040.0,
Indiana Pacers_2012,10,nowitdi01_2012,2.2333,2.1724,0.0609,hansbty01,19092873.0,2138040.0,
Philadelphia 76ers_2012,1,jamesle01_2012,5.3685,5.3809,-0.0124,turneev01,16022500.0,4947840.0,
Philadelphia 76ers_2012,2,paulch01_2012,4.8344,4.8344,0.0,holidjr01,16359805.0,1741440.0,
Philadelphia 76ers_2012,3,wadedw01_2012,3.8073,3.7239,0.0834,holidjr01,15691000.0,1741440.0,
Philadelphia 76ers_2012,4,duranke01_2012,3.5158,3.5282,-0.0124,turneev01,15506632.0,4947840.0,
Philadelphia 76ers_2012,5,ginobma01_2012,3.1351,3.1765,-0.0414,turneev01,12981038.0,4947840.0,
Philadelphia 76ers_2012,6,rosede01_2012,3.0365,3.0365,0.0,holidjr01,6993708.0,1741440.0,
Philadelphia 76ers_2012,7,hardeja01_2012,2.6957,2.7371,-0.0414,turneev01,4604760.0,4947840.0,
Philadelphia 76ers_2012,8,novakst01_2012,2.4438,2.3614,0.0824,turneev01,992680.0,4947840.0,
Philadelphia 76ers_2012,9,millspa01_2012,2.3757,2.3757,0.0,turneev01,8103435.0,4947840.0,
Philadelphia 76ers_2012,10,georgpa01_2012,2.2779,2.2188,0.0591,turneev01,2406240.0,4947840.0,
Phoenix Suns_2012,1,jamesle01_2012,4.9349,5.0956,-0.1607,dudleja01,16022500.0,4250000.0,
Phoenix Suns_2012,2,wadedw01_2012,3.0077,3.0077,0.0,brownsh01,15691000.0,3500000.0,
Phoenix Suns_2012,3,paulch01_2012,2.7797,2.7797,0.0,nashst01,16359805.0,11689062.0,
Phoenix Suns_2012,4,duranke01_2012,2.7286,2.8893,-0.1607,dudleja01,15506632.0,4250000.0,
Phoenix Suns_2012,5,rosede01_2012,2.5963,2.5659,0.0304,brownsh01,6993708.0,3500000.0,
Phoenix Suns_2012,6,ginobma01_2012,2.584,2.5535,0.0304,brownsh01,12981038.0,3500000.0,
Phoenix Suns_2012,7,hardeja01_2012,2.2245,2.1941,0.0304,brownsh01,4604760.0,3500000.0,
Phoenix Suns_2012,8,howardw01_2012,2.1917,1.9499,0.2418,morrima02,18091770.0,1919160.0,
Phoenix Suns_2012,9,anderry01_2012,2.1596,2.0288,0.1308,morrima02,2244601.0,1919160.0,
Phoenix Suns_2012,10,loveke01_2012,2.1519,2.1519,0.0,morrima02,4609701.0,1919160.0,
Portland Trail Blazers_2012,1,jamesle01_2012,5.5996,5.709,-0.1094,matthwe02,16022500.0,6135160.0,
Portland Trail Blazers_2012,2,paulch01_2012,4.8393,4.8393,0.0,feltora01,16359805.0,7560000.0,
Portland Trail Blazers_2012,3,wadedw01_2012,3.8132,3.8785,-0.0653,feltora01,15691000.0,7560000.0,
Portland Trail Blazers_2012,4,rosede01_2012,3.2838,3.2838,0.0,feltora01,6993708.0,7560000.0,
Portland Trail Blazers_2012,5,ginobma01_2012,3.2672,3.2672,0.0,feltora01,12981038.0,7560000.0,
Portland Trail Blazers_2012,6,duranke01_2012,3.2094,3.3188,-0.1094,matthwe02,15506632.0,6135160.0,
Portland Trail Blazers_2012,7,willilo02_2012,2.3386,2.4039,-0.0653,feltora01,5176000.0,7560000.0,
Portland Trail Blazers_2012,8,hardeja01_2012,2.2838,2.2434,0.0404,crawfja01,4604760.0,5000000.0,
Portland Trail Blazers_2012,9,lowryky01_2012,2.2086,2.2086,0.0,feltora01,5750000.0,7560000.0,
Portland Trail Blazers_2012,10,nashst01_2012,2.2086,2.2086,0.0,feltora01,11689062.0,7560000.0,
Sacramento Kings_2012,1,jamesle01_2012,6.5547,6.6689,-0.1141,evansty01,16022500.0,4151640.0,
Sacramento Kings_2012,2,wadedw01_2012,4.481,4.5951,-0.1141,evansty01,15691000.0,4151640.0,
Sacramento Kings_2012,3,duranke01_2012,4.2251,4.3392,-0.1141,evansty01,15506632.0,4151640.0,
Sacramento Kings_2012,4,paulch01_2012,3.9327,3.8679,0.0648,thornma01,16359805.0,7000000.0,
Sacramento Kings_2012,5,ginobma01_2012,3.897,3.897,0.0,evansty01,12981038.0,4151640.0,
Sacramento Kings_2012,6,hardeja01_2012,3.3444,3.3444,0.0,evansty01,4604760.0,4151640.0,
Sacramento Kings_2012,7,howardw01_2012,3.2663,2.8102,0.4561,couside01,18091770.0,3627720.0,
Sacramento Kings_2012,8,anderry01_2012,3.1642,2.9364,0.2278,couside01,2244601.0,3627720.0,
Sacramento Kings_2012,9,loveke01_2012,3.1334,3.1334,0.0,couside01,4609701.0,3627720.0,
Sacramento Kings_2012,10,iguodan01_2012,3.0041,2.9574,0.0467,evansty01,13531750.0,4151640.0,
San Antonio Spurs_2012,1,jamesle01_2012,4.1434,4.099,0.0444,blairde01,16022500.0,986000.0,
San Antonio Spurs_2012,2,paulch01_2012,2.9384,2.8771,0.0613,nealga01,16359805.0,762195.0,
San Antonio Spurs_2012,3,duranke01_2012,2.6689,2.6245,0.0444,blairde01,15506632.0,986000.0,
San Antonio Spurs_2012,4,wadedw01_2012,2.2647,2.2647,-0.0,nealga01,15691000.0,762195.0,
San Antonio Spurs_2012,5,howardw01_2012,2.1182,1.8906,0.2277,blairde01,18091770.0,986000.0,
San Antonio Spurs_2012,6,loveke01_2012,2.0973,2.1159,-0.0186,blairde01,4609701.0,986000.0,
San Antonio Spurs_2012,7,anderry01_2012,2.0656,1.9786,0.087,blairde01,2244601.0,986000.0,
San Antonio Spurs_2012,8,rosede01_2012,1.9469,1.8857,0.0613,nealga01,6993708.0,762195.0,
San Antonio Spurs_2012,9,garneke01_2012,1.9078,1.9264,-0.0186,blairde01,21247044.0,986000.0,
San Antonio Spurs_2012,10,nowitdi01_2012,1.8612,1.8168,0.0444,blairde01,19092873.0,986000.0,
Oklahoma City Thunder_2012,1,jamesle01_2012,4.0251,4.0955,-0.0704,ibakase01,16022500.0,1288200.0,
Oklahoma City Thunder_2012,2,paulch01_2012,3.7969,3.7969,0.0,westbru01,16359805.0,5082416.0,
Oklahoma City Thunder_2012,3,howardw01_2012,3.6503,3.4044,0.2459,perkike01,18091770.0,7123626.0,
Oklahoma City Thunder_2012,4,anderry01_2012,3.5884,3.5173,0.0712,perkike01,2244601.0,7123626.0,
Oklahoma City Thunder_2012,5,loveke01_2012,3.5268,3.6933,-0.1665,perkike01,4609701.0,7123626.0,
Oklahoma City Thunder_2012,6,garneke01_2012,3.2839,3.4504,-0.1665,perkike01,21247044.0,7123626.0,
Oklahoma City Thunder_2012,7,nowitdi01_2012,3.241,3.3099,-0.0689,perkike01,19092873.0,7123626.0,
Oklahoma City Thunder_2012,8,smithjo03_2012,3.0978,3.2642,-0.1665,perkike01,12400000.0,7123626.0,
Oklahoma City Thunder_2012,9,bonnema01_2012,3.0856,3.0144,0.0712,perkike01,3315000.0,7123626.0,
Oklahoma City Thunder_2012,10,griffbl01_2012,3.0383,3.2048,-0.1665,perkike01,5731080.0,7123626.0,
Toronto Raptors_2012,1,jamesle01_2012,7.4072,7.4072,0.0,derozde01,16022500.0,2625000.0,
Toronto Raptors_2012,2,wadedw01_2012,5.3053,5.3053,0.0,derozde01,15691000.0,2625000.0,
Toronto Raptors_2012,3,duranke01_2012,5.0459,5.0459,0.0,derozde01,15506632.0,2625000.0,
Toronto Raptors_2012,4,ginobma01_2012,4.7438,4.5977,0.1461,derozde01,12981038.0,2625000.0,
Toronto Raptors_2012,5,hardeja01_2012,4.1837,4.0376,0.1461,derozde01,4604760.0,2625000.0,
Toronto Raptors_2012,6,iguodan01_2012,3.8009,3.6453,0.1556,derozde01,13531750.0,2625000.0,
Toronto Raptors_2012,7,paulch01_2012,3.549,3.549,-0.0,caldejo01,16359805.0,9780992.0,
Toronto Raptors_2012,8,georgpa01_2012,3.5326,3.377,0.1556,derozde01,2406240.0,2625000.0,
Toronto Raptors_2012,9,piercpa01_2012,3.449,3.449,0.0,derozde01,15333334.0,2625000.0,
Toronto Raptors_2012,10,grangda01_2012,3.2275,3.2275,0.0,derozde01,12015904.0,2625000.0,
Utah Jazz_2012,1,jamesle01_2012,5.0866,5.0866,0.0,haywago01,16022500.0,2532960.0,
Utah Jazz_2012,2,paulch01_2012,3.7731,3.7731,0.0,harride01,16359805.0,9319000.0,
Utah Jazz_2012,3,duranke01_2012,2.9327,2.9327,0.0,haywago01,15506632.0,2532960.0,
Utah Jazz_2012,4,wadedw01_2012,2.8342,2.8949,-0.0607,harride01,15691000.0,9319000.0,
Utah Jazz_2012,5,ginobma01_2012,2.5547,2.5238,0.0309,haywago01,12981038.0,2532960.0,
Utah Jazz_2012,6,rosede01_2012,2.3513,2.3513,0.0,harride01,6993708.0,9319000.0,
Utah Jazz_2012,7,hardeja01_2012,2.0438,2.013,0.0309,haywago01,4604760.0,2532960.0,
Utah Jazz_2012,8,howardw01_2012,1.9771,1.7648,0.2123,favorde01,18091770.0,4443360.0,
Utah Jazz_2012,9,loveke01_2012,1.9491,1.9877,-0.0386,favorde01,4609701.0,4443360.0,
Utah Jazz_2012,10,anderry01_2012,1.9474,1.8519,0.0956,favorde01,2244601.0,4443360.0,
Memphis Grizzlies_2012,1,jamesle01_2012,5.8974,5.8974,-0.0,gayru01,16022500.0,15032144.0,
Memphis Grizzlies_2012,2,paulch01_2012,3.4643,3.4643,0.0,conlemi01,16359805.0,6611571.0,
Memphis Grizzlies_2012,3,duranke01_2012,3.2932,3.2932,-0.0,gayru01,15506632.0,15032144.0,
Memphis Grizzlies_2012,4,wadedw01_2012,2.968,2.968,-0.0,mayooj01,15691000.0,5632637.0,
Memphis Grizzlies_2012,5,loveke01_2012,2.9293,2.9293,0.0,speigma01,4609701.0,2721255.0,
Memphis Grizzlies_2012,6,anderry01_2012,2.9265,2.7966,0.1299,speigma01,2244601.0,2721255.0,
Memphis Grizzlies_2012,7,howardw01_2012,2.9243,2.7115,0.2128,speigma01,18091770.0,2721255.0,
Memphis Grizzlies_2012,8,garneke01_2012,2.7462,2.7462,0.0,speigma01,21247044.0,2721255.0,
Memphis Grizzlies_2012,9,nowitdi01_2012,2.6603,2.6402,0.0201,speigma01,19092873.0,2721255.0,
Memphis Grizzlies_2012,10,novakst01_2012,2.6532,2.5233,0.1299,speigma01,992680.0,2721255.0,
Washington Wizards_2012,1,paulch01_2012,5.336,5.336,0.0,walljo01,16359805.0,5530080.0,
Washington Wizards_2012,2,jamesle01_2012,4.4733,4.6149,-0.1416,singlch01,16022500.0,1485000.0,
Washington Wizards_2012,3,wadedw01_2012,4.2583,4.2583,-0.0,crawfjo02,15691000.0,1120440.0,
Washington Wizards_2012,4,rosede01_2012,3.816,3.6995,0.1165,crawfjo02,6993708.0,1120440.0,
Washington Wizards_2012,5,ginobma01_2012,3.8004,3.6838,0.1165,crawfjo02,12981038.0,1120440.0,
Washington Wizards_2012,6,hardeja01_2012,3.3457,3.2292,0.1165,crawfjo02,4604760.0,1120440.0,
Washington Wizards_2012,7,duranke01_2012,3.0037,3.0037,0.0,youngni01,15506632.0,3695857.0,
Washington Wizards_2012,8,iguodan01_2012,2.9786,2.9107,0.0679,crawfjo02,13531750.0,1120440.0,
Washington Wizards_2012,9,willilo02_2012,2.8725,2.8725,-0.0,crawfjo02,5176000.0,1120440.0,
Washington Wizards_2012,10,lowryky01_2012,2.8056,2.6891,0.1165,crawfjo02,5750000.0,1120440.0,
Detroit Pistons_2012,1,jamesle01_2012,6.886,6.886,0.0,princta01,16022500.0,6292135.0,
Detroit Pistons_2012,2,paulch01_2012,6.5861,6.5861,0.0,knighbr03,16359805.0,2563320.0,
Detroit Pistons_2012,3,wadedw01_2012,5.3157,5.5061,-0.1904,knighbr03,15691000.0,2563320.0,
Detroit Pistons_2012,4,rosede01_2012,4.8377,4.8377,0.0,knighbr03,6993708.0,2563320.0,
Detroit Pistons_2012,5,ginobma01_2012,4.819,4.819,0.0,knighbr03,12981038.0,2563320.0,
Detroit Pistons_2012,6,duranke01_2012,4.6498,4.6498,0.0,princta01,15506632.0,6292135.0,
Detroit Pistons_2012,7,hardeja01_2012,3.8363,3.6949,0.1415,princta01,4604760.0,6292135.0,
Detroit Pistons_2012,8,georgpa01_2012,3.7298,3.6337,0.0961,knighbr03,2406240.0,2563320.0,
Detroit Pistons_2012,9,willilo02_2012,3.6582,3.8486,-0.1904,knighbr03,5176000.0,2563320.0,
Detroit Pistons_2012,10,lowryky01_2012,3.6291,3.6291,0.0,knighbr03,5750000.0,2563320.0,
Charlotte Bobcats_2012,1,paulch01_2012,4.7446,4.7446,-0.0,walkeke02,16359805.0,2356320.0,
Charlotte Bobcats_2012,2,wadedw01_2012,4.7401,4.7401,0.0,hendege02,15691000.0,2250600.0,
Charlotte Bobcats_2012,3,jamesle01_2012,4.3884,4.4989,-0.1105,brownde04,16022500.0,854389.0,
Charlotte Bobcats_2012,4,ginobma01_2012,4.183,4.1405,0.0425,hendege02,12981038.0,2250600.0,
Charlotte Bobcats_2012,5,hardeja01_2012,3.7084,3.666,0.0425,hendege02,4604760.0,2250600.0,
Charlotte Bobcats_2012,6,loveke01_2012,3.5872,3.6506,-0.0634,biyombi01,4609701.0,2798040.0,
Charlotte Bobcats_2012,7,anderry01_2012,3.5823,3.505,0.0773,biyombi01,2244601.0,2798040.0,
Charlotte Bobcats_2012,8,howardw01_2012,3.5743,3.4117,0.1627,biyombi01,18091770.0,2798040.0,
Charlotte Bobcats_2012,9,iguodan01_2012,3.4073,3.3336,0.0737,hendege02,13531750.0,2250600.0,
Charlotte Bobcats_2012,10,garneke01_2012,3.3863,3.4497,-0.0634,biyombi01,21247044.0,2798040.0,
Atlanta Hawks_2013,1,jamesle01_2013,6.2182,6.0959,0.1224,smithjo03,17545000.0,13200000.0,
Atlanta Hawks_2013,2,paulch01_2013,4.8357,4.8357,-0.0,teaguje01,17779458.0,2433077.0,
Atlanta Hawks_2013,3,duranke01_2013,4.5873,4.465,0.1224,smithjo03,16669630.0,13200000.0,
Atlanta Hawks_2013,4,conlemi01_2013,2.9814,2.9814,-0.0,teaguje01,7305786.0,2433077.0,
Atlanta Hawks_2013,5,curryst01_2013,2.7278,2.7278,-0.0,teaguje01,3958742.0,2433077.0,
Atlanta Hawks_2013,6,wadedw01_2013,2.5638,2.5683,-0.0045,teaguje01,17182000.0,2433077.0,
Atlanta Hawks_2013,7,westbru01_2013,2.2404,2.2404,-0.0,teaguje01,13668750.0,2433077.0,
Atlanta Hawks_2013,8,hillge01_2013,2.1052,2.1052,-0.0,teaguje01,8000000.0,2433077.0,
Atlanta Hawks_2013,9,parketo01_2013,2.0373,2.0373,-0.0,teaguje01,12500000.0,2433077.0,
Atlanta Hawks_2013,10,walljo01_2013,1.9681,1.9681,-0.0,teaguje01,5915880.0,2433077.0,
Boston Celtics_2013,1,jamesle01_2013,6.984,6.9811,0.0029,bassbr01,17545000.0,6000000.0,
Boston Celtics_2013,2,duranke01_2013,5.6372,5.6342,0.0029,bassbr01,16669630.0,6000000.0,
Boston Celtics_2013,3,paulch01_2013,3.9729,4.0278,-0.055,terryja01,17779458.0,5000000.0,
Boston Celtics_2013,4,anthoca01_2013,3.2702,3.2672,0.0029,bassbr01,19450000.0,6000000.0,
Boston Celtics_2013,5,georgpa01_2013,3.1378,3.1348,0.0029,bassbr01,2574120.0,6000000.0,
Boston Celtics_2013,6,cartevi01_2013,3.104,3.101,0.0029,bassbr01,3090000.0,6000000.0,
Boston Celtics_2013,7,westda01_2013,3.1025,3.1208,-0.0183,bassbr01,10000000.0,6000000.0,
Boston Celtics_2013,8,kirilan01_2013,3.0023,2.8348,0.1675,bassbr01,9779349.0,6000000.0,
Boston Celtics_2013,9,griffbl01_2013,2.849,2.8673,-0.0183,bassbr01,7226892.0,6000000.0,
Boston Celtics_2013,10,gallida01_2013,2.8464,2.725,0.1214,bassbr01,9439000.0,6000000.0,
Cleveland Cavaliers_2013,1,jamesle01_2013,7.47,7.4626,0.0074,thomptr01,17545000.0,4006080.0,
Cleveland Cavaliers_2013,2,duranke01_2013,6.5517,6.7254,-0.1737,geeal01,16669630.0,3500000.0,
Cleveland Cavaliers_2013,3,hardeja01_2013,4.3821,4.441,-0.0589,geeal01,5820417.0,3500000.0,
Cleveland Cavaliers_2013,4,wadedw01_2013,4.04,4.2137,-0.1737,geeal01,17182000.0,3500000.0,
Cleveland Cavaliers_2013,5,gasolma01_2013,3.9224,3.9998,-0.0774,zellety01,13891359.0,1563120.0,
Cleveland Cavaliers_2013,6,duncati01_2013,3.8334,3.9108,-0.0774,zellety01,9638554.0,1563120.0,
Cleveland Cavaliers_2013,7,anthoca01_2013,3.8259,3.9996,-0.1737,geeal01,19450000.0,3500000.0,
Cleveland Cavaliers_2013,8,bryanko01_2013,3.7811,3.9549,-0.1737,geeal01,27849149.0,3500000.0,
Cleveland Cavaliers_2013,9,piercpa01_2013,3.7221,3.8958,-0.1737,geeal01,16790345.0,3500000.0,
Cleveland Cavaliers_2013,10,georgpa01_2013,3.6735,3.8472,-0.1737,geeal01,2574120.0,3500000.0,
New Orleans Hornets_2013,1,jamesle01_2013,5.6224,5.7308,-0.1084,anderry01,17545000.0,8700000.0,
New Orleans Hornets_2013,2,paulch01_2013,5.397,5.397,0.0,vasqugr01,17779458.0,1191240.0,
New Orleans Hornets_2013,3,duranke01_2013,4.1202,4.2286,-0.1084,anderry01,16669630.0,8700000.0,
New Orleans Hornets_2013,4,conlemi01_2013,3.4997,3.4997,0.0,vasqugr01,7305786.0,1191240.0,
New Orleans Hornets_2013,5,hardeja01_2013,3.3157,3.3157,0.0,vasqugr01,5820417.0,1191240.0,
New Orleans Hornets_2013,6,curryst01_2013,3.2401,3.2401,0.0,vasqugr01,3958742.0,1191240.0,
New Orleans Hornets_2013,7,wadedw01_2013,2.9296,2.9941,-0.0645,riverau01,17182000.0,2238360.0,
New Orleans Hornets_2013,8,westbru01_2013,2.8196,2.8196,0.0,riverau01,13668750.0,2238360.0,
New Orleans Hornets_2013,9,bryanko01_2013,2.7882,2.8527,-0.0645,riverau01,27849149.0,2238360.0,
New Orleans Hornets_2013,10,piercpa01_2013,2.756,2.8205,-0.0645,riverau01,16790345.0,2238360.0,
Chicago Bulls_2013,1,jamesle01_2013,7.2639,7.2639,-0.0,denglu01,17545000.0,13305000.0,
Chicago Bulls_2013,2,duranke01_2013,5.4994,5.4994,-0.0,denglu01,16669630.0,13305000.0,
Chicago Bulls_2013,3,gasolma01_2013,3.4556,3.4556,0.0,boozeca01,13891359.0,15000000.0,
Chicago Bulls_2013,4,duncati01_2013,3.344,3.344,0.0,boozeca01,9638554.0,15000000.0,
Chicago Bulls_2013,5,paulch01_2013,3.279,3.279,0.0,hinriki01,17779458.0,3941000.0,
Chicago Bulls_2013,6,hardeja01_2013,2.9698,2.9886,-0.0188,belinma01,5820417.0,1957000.0,
Chicago Bulls_2013,7,anthoca01_2013,2.9682,2.8783,0.0899,boozeca01,19450000.0,15000000.0,
Chicago Bulls_2013,8,wadedw01_2013,2.7406,2.8234,-0.0827,belinma01,17182000.0,1957000.0,
Chicago Bulls_2013,9,westda01_2013,2.7116,2.7116,0.0,boozeca01,10000000.0,15000000.0,
Chicago Bulls_2013,10,bryanko01_2013,2.5525,2.6352,-0.0827,belinma01,27849149.0,1957000.0,
Dallas Mavericks_2013,1,jamesle01_2013,4.7109,4.7272,-0.0163,mariosh01,17545000.0,8646364.0,
Dallas Mavericks_2013,2,paulch01_2013,4.6587,4.6587,0.0,collida01,17779458.0,2319344.0,
Dallas Mavericks_2013,3,hardeja01_2013,3.9316,3.8869,0.0447,mayooj01,5820417.0,4020000.0,
Dallas Mavericks_2013,4,wadedw01_2013,3.6304,3.6304,-0.0,mayooj01,17182000.0,4020000.0,
Dallas Mavericks_2013,5,duranke01_2013,3.5006,3.5169,-0.0163,mariosh01,16669630.0,8646364.0,
Dallas Mavericks_2013,6,bryanko01_2013,3.3384,3.3384,-0.0,mayooj01,27849149.0,4020000.0,
Dallas Mavericks_2013,7,piercpa01_2013,3.2718,3.2718,-0.0,mayooj01,16790345.0,4020000.0,
Dallas Mavericks_2013,8,georgpa01_2013,3.2169,3.2169,-0.0,mayooj01,2574120.0,4020000.0,
Dallas Mavericks_2013,9,hillge01_2013,3.1661,3.1214,0.0447,mayooj01,8000000.0,4020000.0,
Dallas Mavericks_2013,10,walljo01_2013,3.0154,2.9707,0.0447,mayooj01,5915880.0,4020000.0,
Denver Nuggets_2013,1,jamesle01_2013,5.2277,5.1708,0.0569,farieke01,17545000.0,1348800.0,
Denver Nuggets_2013,2,duranke01_2013,3.9033,3.8464,0.0569,farieke01,16669630.0,1348800.0,
Denver Nuggets_2013,3,paulch01_2013,3.7618,3.7618,0.0,lawsoty01,17779458.0,2544529.0,
Denver Nuggets_2013,4,hardeja01_2013,2.0455,1.9745,0.071,breweco01,5820417.0,3243000.0,
Denver Nuggets_2013,5,conlemi01_2013,2.0255,2.0255,0.0,millean02,7305786.0,5000000.0,
Denver Nuggets_2013,6,gasolma01_2013,1.8832,2.0174,-0.1342,farieke01,13891359.0,1348800.0,
Denver Nuggets_2013,7,curryst01_2013,1.821,1.821,0.0,millean02,3958742.0,5000000.0,
Denver Nuggets_2013,8,duncati01_2013,1.7868,1.921,-0.1342,farieke01,9638554.0,1348800.0,
Denver Nuggets_2013,9,wadedw01_2013,1.6589,1.6925,-0.0336,millean02,17182000.0,5000000.0,
Denver Nuggets_2013,10,anthoca01_2013,1.6416,1.6296,0.012,breweco01,19450000.0,3243000.0,
Golden State Warriors_2013,1,jamesle01_2013,6.5792,6.3855,0.1937,leeda02,17545000.0,12744000.0,
Golden State Warriors_2013,2,duranke01_2013,5.9845,6.1204,-0.136,thompkl01,16669630.0,2286000.0,
Golden State Warriors_2013,3,paulch01_2013,4.0383,4.0383,0.0,jackja01,17779458.0,5400000.0,
Golden State Warriors_2013,4,hardeja01_2013,3.3434,3.5103,-0.1669,thompkl01,5820417.0,2286000.0,
Golden State Warriors_2013,5,wadedw01_2013,3.1145,3.2505,-0.136,thompkl01,17182000.0,2286000.0,
Golden State Warriors_2013,6,bryanko01_2013,2.8188,2.9548,-0.136,thompkl01,27849149.0,2286000.0,
Golden State Warriors_2013,7,piercpa01_2013,2.7514,2.8873,-0.136,thompkl01,16790345.0,2286000.0,
Golden State Warriors_2013,8,georgpa01_2013,2.6958,2.8317,-0.136,thompkl01,2574120.0,2286000.0,
Golden State Warriors_2013,9,cartevi01_2013,2.6513,2.7873,-0.136,thompkl01,3090000.0,2286000.0,
Golden State Warriors_2013,10,anthoca01_2013,2.4255,2.4754,-0.0498,barneha02,19450000.0,2798040.0,
Houston Rockets_2013,1,jamesle01_2013,6.1744,6.4964,-0.3219,asikom01,17545000.0,8374646.0,
Houston Rockets_2013,2,paulch01_2013,4.8734,4.8734,0.0,linje01,17779458.0,8374646.0,
Houston Rockets_2013,3,duranke01_2013,4.2922,4.461,-0.1688,parsoch01,16669630.0,888250.0,
Houston Rockets_2013,4,conlemi01_2013,3.0037,3.0037,0.0,linje01,7305786.0,8374646.0,
Houston Rockets_2013,5,curryst01_2013,2.7479,2.7479,0.0,linje01,3958742.0,8374646.0,
Houston Rockets_2013,6,gasolma01_2013,2.4891,2.9612,-0.4721,asikom01,13891359.0,8374646.0,
Houston Rockets_2013,7,wadedw01_2013,2.4487,2.5871,-0.1384,linje01,17182000.0,8374646.0,
Houston Rockets_2013,8,duncati01_2013,2.381,2.8531,-0.4721,asikom01,9638554.0,8374646.0,
Houston Rockets_2013,9,westbru01_2013,2.2564,2.2564,0.0,linje01,13668750.0,8374646.0,
Houston Rockets_2013,10,hillge01_2013,2.1202,2.1202,0.0,linje01,8000000.0,8374646.0,
Los Angeles Clippers_2013,1,jamesle01_2013,5.2342,5.3223,-0.0881,butleca01,17545000.0,8000000.0,
Los Angeles Clippers_2013,2,duranke01_2013,4.0969,4.185,-0.0881,butleca01,16669630.0,8000000.0,
Los Angeles Clippers_2013,3,hardeja01_2013,2.5007,2.51,-0.0093,butleca01,5820417.0,8000000.0,
Los Angeles Clippers_2013,4,anthoca01_2013,2.0982,2.1863,-0.0881,butleca01,19450000.0,8000000.0,
Los Angeles Clippers_2013,5,bryanko01_2013,2.0654,2.1535,-0.0881,butleca01,27849149.0,8000000.0,
Los Angeles Clippers_2013,6,piercpa01_2013,2.0221,2.1102,-0.0881,butleca01,16790345.0,8000000.0,
Los Angeles Clippers_2013,7,georgpa01_2013,1.9864,2.0745,-0.0881,butleca01,2574120.0,8000000.0,
Los Angeles Clippers_2013,8,gasolma01_2013,1.9655,2.2572,-0.2916,jordade01,13891359.0,10532977.0,
Los Angeles Clippers_2013,9,cartevi01_2013,1.9579,2.046,-0.0881,butleca01,3090000.0,8000000.0,
Los Angeles Clippers_2013,10,duncati01_2013,1.8777,2.1693,-0.2916,jordade01,9638554.0,10532977.0,
Los Angeles Lakers_2013,1,jamesle01_2013,6.2063,6.5419,-0.3356,howardw01,17545000.0,19536360.0,
Los Angeles Lakers_2013,2,duranke01_2013,4.2422,4.3748,-0.1326,artesro01,16669630.0,7258960.0,
Los Angeles Lakers_2013,3,paulch01_2013,3.0806,3.0806,0.0,nashst01,17779458.0,8900000.0,
Los Angeles Lakers_2013,4,gasolma01_2013,2.2447,2.6542,-0.4094,howardw01,13891359.0,19536360.0,
Los Angeles Lakers_2013,5,duncati01_2013,2.1259,2.5353,-0.4094,howardw01,9638554.0,19536360.0,
Los Angeles Lakers_2013,6,hardeja01_2013,1.9549,1.9251,0.0298,meeksjo01,5820417.0,1500000.0,
Los Angeles Lakers_2013,7,conlemi01_2013,1.918,1.918,0.0,nashst01,7305786.0,8900000.0,
Los Angeles Lakers_2013,8,curryst01_2013,1.759,1.759,0.0,nashst01,3958742.0,8900000.0,
Los Angeles Lakers_2013,9,wadedw01_2013,1.717,1.7781,-0.0611,meeksjo01,17182000.0,1500000.0,
Los Angeles Lakers_2013,10,anthoca01_2013,1.5639,1.6964,-0.1326,artesro01,19450000.0,7258960.0,
Miami Heat_2013,1,paulch01_2013,4.3457,4.3457,0.0,coleno01,17779458.0,1082520.0,
Miami Heat_2013,2,duranke01_2013,3.816,3.9369,-0.121,allenra02,16669630.0,3090000.0,
Miami Heat_2013,3,conlemi01_2013,3.247,3.247,0.0,coleno01,7305786.0,1082520.0,
Miami Heat_2013,4,curryst01_2013,3.0967,3.0967,0.0,coleno01,3958742.0,1082520.0,
Miami Heat_2013,5,westbru01_2013,2.8079,2.8079,0.0,coleno01,13668750.0,1082520.0,
Miami Heat_2013,6,hillge01_2013,2.7278,2.7278,0.0,coleno01,8000000.0,1082520.0,
Miami Heat_2013,7,parketo01_2013,2.6875,2.6875,0.0,coleno01,12500000.0,1082520.0,
Miami Heat_2013,8,walljo01_2013,2.6465,2.6465,0.0,coleno01,5915880.0,1082520.0,
Miami Heat_2013,9,willide01_2013,2.6351,2.6351,0.0,coleno01,17177795.0,1082520.0,
Miami Heat_2013,10,bledser01_2013,2.5057,2.5057,0.0,coleno01,1707720.0,1082520.0,
Milwaukee Bucks_2013,1,paulch01_2013,5.691,5.691,0.0,jennibr01,17779458.0,3179493.0,
Milwaukee Bucks_2013,2,jamesle01_2013,4.5982,4.4422,0.156,ilyaser01,17545000.0,7900000.0,
Milwaukee Bucks_2013,3,conlemi01_2013,3.6575,3.6575,0.0,jennibr01,7305786.0,3179493.0,
Milwaukee Bucks_2013,4,duranke01_2013,3.4616,3.5006,-0.0389,mbahalu01,16669630.0,4795192.0,
Milwaukee Bucks_2013,5,curryst01_2013,3.3793,3.3793,0.0,jennibr01,3958742.0,3179493.0,
Milwaukee Bucks_2013,6,wadedw01_2013,3.141,3.2044,-0.0634,jennibr01,17182000.0,3179493.0,
Milwaukee Bucks_2013,7,hardeja01_2013,2.8759,2.8759,-0.0,ellismo01,5820417.0,11000000.0,
Milwaukee Bucks_2013,8,westbru01_2013,2.8448,2.8448,0.0,jennibr01,13668750.0,3179493.0,
Milwaukee Bucks_2013,9,hillge01_2013,2.6965,2.6965,0.0,jennibr01,8000000.0,3179493.0,
Milwaukee Bucks_2013,10,parketo01_2013,2.6221,2.6221,0.0,jennibr01,12500000.0,3179493.0,
Minnesota Timberwolves_2013,1,jamesle01_2013,5.8583,5.8182,0.0401,willide02,17545000.0,4947840.0,
Minnesota Timberwolves_2013,2,paulch01_2013,5.2806,5.2722,0.0083,ridnolu01,17779458.0,4000000.0,
Minnesota Timberwolves_2013,3,duranke01_2013,4.6955,4.6555,0.0401,willide02,16669630.0,4947840.0,
Minnesota Timberwolves_2013,4,conlemi01_2013,3.5285,3.5202,0.0083,ridnolu01,7305786.0,4000000.0,
Minnesota Timberwolves_2013,5,hardeja01_2013,3.3587,3.3503,0.0083,ridnolu01,5820417.0,4000000.0,
Minnesota Timberwolves_2013,6,curryst01_2013,3.2888,3.2805,0.0083,ridnolu01,3958742.0,4000000.0,
Minnesota Timberwolves_2013,7,wadedw01_2013,3.1298,3.1298,0.0,ridnolu01,17182000.0,4000000.0,
Minnesota Timberwolves_2013,8,gasolma01_2013,3.0497,3.0497,0.0,willide02,13891359.0,4947840.0,
Minnesota Timberwolves_2013,9,duncati01_2013,2.9651,2.9651,0.0,willide02,9638554.0,4947840.0,
Minnesota Timberwolves_2013,10,bryanko01_2013,2.8788,2.8788,0.0,ridnolu01,27849149.0,4000000.0,
Brooklyn Nets_2013,1,jamesle01_2013,5.1467,5.3703,-0.2236,evansre01,17545000.0,1622617.0,
Brooklyn Nets_2013,2,duranke01_2013,4.7101,4.7101,-0.0,johnsjo02,16669630.0,19752645.0,
Brooklyn Nets_2013,3,paulch01_2013,3.1255,3.1255,0.0,willide01,17779458.0,17177795.0,
Brooklyn Nets_2013,4,hardeja01_2013,2.4387,2.3948,0.0439,johnsjo02,5820417.0,19752645.0,
Brooklyn Nets_2013,5,gasolma01_2013,2.3217,2.5835,-0.2618,evansre01,13891359.0,1622617.0,
Brooklyn Nets_2013,6,duncati01_2013,2.2365,2.4983,-0.2618,evansre01,9638554.0,1622617.0,
Brooklyn Nets_2013,7,wadedw01_2013,2.1644,2.1644,-0.0,johnsjo02,17182000.0,19752645.0,
Brooklyn Nets_2013,8,anthoca01_2013,1.9193,2.1429,-0.2236,evansre01,19450000.0,1622617.0,
Brooklyn Nets_2013,9,bryanko01_2013,1.902,1.902,-0.0,johnsjo02,27849149.0,19752645.0,
Brooklyn Nets_2013,10,piercpa01_2013,1.8422,1.8422,-0.0,johnsjo02,16790345.0,19752645.0,
New York Knicks_2013,1,jamesle01_2013,4.5632,4.8569,-0.2937,chandty01,17545000.0,13604188.0,
New York Knicks_2013,2,duranke01_2013,4.4859,4.4859,0.0,smithjr01,16669630.0,2806452.0,
New York Knicks_2013,3,paulch01_2013,4.106,4.106,0.0,feltora01,17779458.0,3480453.0,
New York Knicks_2013,4,conlemi01_2013,2.4754,2.4754,0.0,feltora01,7305786.0,3480453.0,
New York Knicks_2013,5,hardeja01_2013,2.2684,2.0953,0.1731,smithjr01,5820417.0,2806452.0,
New York Knicks_2013,6,curryst01_2013,2.2524,2.2524,0.0,feltora01,3958742.0,3480453.0,
New York Knicks_2013,7,wadedw01_2013,1.9296,2.1121,-0.1825,feltora01,17182000.0,3480453.0,
New York Knicks_2013,8,westbru01_2013,1.8238,1.8238,0.0,feltora01,13668750.0,3480453.0,
New York Knicks_2013,9,hillge01_2013,1.7049,1.7049,0.0,feltora01,8000000.0,3480453.0,
New York Knicks_2013,10,parketo01_2013,1.6452,1.6452,0.0,feltora01,12500000.0,3480453.0,
Orlando Magic_2013,1,jamesle01_2013,7.1042,7.0503,0.0539,vucevni01,17545000.0,1768800.0,
Orlando Magic_2013,2,duranke01_2013,6.0062,6.0062,0.0,afflaar01,16669630.0,7750000.0,
Orlando Magic_2013,3,paulch01_2013,4.0051,4.0193,-0.0142,mooreet01,17779458.0,762195.0,
Orlando Magic_2013,4,hardeja01_2013,3.9227,3.9599,-0.0372,afflaar01,5820417.0,7750000.0,
Orlando Magic_2013,5,wadedw01_2013,3.7562,3.7562,0.0,afflaar01,17182000.0,7750000.0,
Orlando Magic_2013,6,bryanko01_2013,3.5243,3.5243,0.0,afflaar01,27849149.0,7750000.0,
Orlando Magic_2013,7,piercpa01_2013,3.4714,3.4714,0.0,afflaar01,16790345.0,7750000.0,
Orlando Magic_2013,8,georgpa01_2013,3.4279,3.4279,0.0,afflaar01,2574120.0,7750000.0,
Orlando Magic_2013,9,gasolma01_2013,3.4015,3.4015,0.0,vucevni01,13891359.0,1768800.0,
Orlando Magic_2013,10,cartevi01_2013,3.393,3.393,0.0,afflaar01,3090000.0,7750000.0,
Indiana Pacers_2013,1,jamesle01_2013,5.7427,5.7306,0.012,hibbero01,17545000.0,13686750.0,
Indiana Pacers_2013,2,duranke01_2013,3.3667,3.3667,0.0,georgpa01,16669630.0,2574120.0,
Indiana Pacers_2013,3,paulch01_2013,2.7319,2.7319,0.0,hillge01,17779458.0,8000000.0,
Indiana Pacers_2013,4,gasolma01_2013,2.4091,2.4562,-0.0471,mahinia01,13891359.0,4000000.0,
Indiana Pacers_2013,5,duncati01_2013,2.351,2.3981,-0.0471,mahinia01,9638554.0,4000000.0,
Indiana Pacers_2013,6,hardeja01_2013,2.1018,2.1598,-0.058,stephla01,5820417.0,870000.0,
Indiana Pacers_2013,7,lopezbr01_2013,1.9,1.947,-0.0471,mahinia01,13668750.0,4000000.0,
Indiana Pacers_2013,8,noahjo01_2013,1.8896,1.8896,-0.0,mahinia01,11300000.0,4000000.0,
Indiana Pacers_2013,9,griffbl01_2013,1.8716,1.9187,-0.0471,mahinia01,7226892.0,4000000.0,
Indiana Pacers_2013,10,drumman01_2013,1.8476,1.6881,0.1595,mahinia01,2356320.0,4000000.0,
Philadelphia 76ers_2013,1,duranke01_2013,7.3654,7.3654,0.0,turneev01,16669630.0,5293080.0,
Philadelphia 76ers_2013,2,jamesle01_2013,6.1749,6.1404,0.0345,hawessp01,17545000.0,8500000.0,
Philadelphia 76ers_2013,3,paulch01_2013,5.1169,5.1169,0.0,holidjr01,17779458.0,2674852.0,
Philadelphia 76ers_2013,4,hardeja01_2013,4.8137,4.7779,0.0358,turneev01,5820417.0,5293080.0,
Philadelphia 76ers_2013,5,wadedw01_2013,4.5203,4.5203,0.0,turneev01,17182000.0,5293080.0,
Philadelphia 76ers_2013,6,bryanko01_2013,4.2272,4.2272,0.0,turneev01,27849149.0,5293080.0,
Philadelphia 76ers_2013,7,piercpa01_2013,4.1603,4.1603,0.0,turneev01,16790345.0,5293080.0,
Philadelphia 76ers_2013,8,georgpa01_2013,4.1052,4.1052,0.0,turneev01,2574120.0,5293080.0,
Philadelphia 76ers_2013,9,cartevi01_2013,4.0611,4.0611,0.0,turneev01,3090000.0,5293080.0,
Philadelphia 76ers_2013,10,kirilan01_2013,3.8088,3.7138,0.095,turneev01,9779349.0,5293080.0,
Phoenix Suns_2013,1,jamesle01_2013,6.1313,6.0424,0.0889,scolalu01,17545000.0,5259697.0,
Phoenix Suns_2013,2,duranke01_2013,4.8114,4.7225,0.0889,scolalu01,16669630.0,5259697.0,
Phoenix Suns_2013,3,paulch01_2013,4.1573,4.1573,0.0,dragigo01,17779458.0,7500000.0,
Phoenix Suns_2013,4,anthoca01_2013,3.0454,3.0454,-0.0,beaslmi01,19450000.0,5750000.0,
Phoenix Suns_2013,5,bryanko01_2013,3.0182,3.0182,-0.0,beaslmi01,27849149.0,5750000.0,
Phoenix Suns_2013,6,piercpa01_2013,2.9824,2.9824,-0.0,beaslmi01,16790345.0,5750000.0,
Phoenix Suns_2013,7,georgpa01_2013,2.9529,2.9529,-0.0,beaslmi01,2574120.0,5750000.0,
Phoenix Suns_2013,8,cartevi01_2013,2.9293,2.9293,-0.0,beaslmi01,3090000.0,5750000.0,
Phoenix Suns_2013,9,gasolma01_2013,2.9276,2.9878,-0.0602,morrima02,13891359.0,2063040.0,
Phoenix Suns_2013,10,westda01_2013,2.9134,2.9431,-0.0296,beaslmi01,10000000.0,5750000.0,
Portland Trail Blazers_2013,1,jamesle01_2013,6.5731,6.4669,0.1062,hicksjj01,17545000.0,4000000.0,
Portland Trail Blazers_2013,2,paulch01_2013,5.7204,5.7204,0.0,lillada01,17779458.0,3065040.0,
Portland Trail Blazers_2013,3,duranke01_2013,4.8965,4.7195,0.177,aldrila01,16669630.0,13500000.0,
Portland Trail Blazers_2013,4,conlemi01_2013,3.4963,3.4963,0.0,lillada01,7305786.0,3065040.0,
Portland Trail Blazers_2013,5,hardeja01_2013,3.2806,3.2806,0.0,lillada01,5820417.0,3065040.0,
Portland Trail Blazers_2013,6,curryst01_2013,3.192,3.192,0.0,lillada01,3958742.0,3065040.0,
Portland Trail Blazers_2013,7,gasolma01_2013,3.1475,3.1436,0.0039,hicksjj01,13891359.0,4000000.0,
Portland Trail Blazers_2013,8,duncati01_2013,3.0459,3.042,0.0039,hicksjj01,9638554.0,4000000.0,
Portland Trail Blazers_2013,9,wadedw01_2013,2.8863,3.0007,-0.1145,lillada01,17182000.0,3065040.0,
Portland Trail Blazers_2013,10,westbru01_2013,2.6074,2.6074,0.0,lillada01,13668750.0,3065040.0,
Sacramento Kings_2013,1,jamesle01_2013,7.3092,7.1998,0.1094,thompja02,17545000.0,5250000.0,
Sacramento Kings_2013,2,duranke01_2013,5.9272,5.8178,0.1094,thompja02,16669630.0,5250000.0,
Sacramento Kings_2013,3,gasolma01_2013,3.9092,3.9092,0.0,thompja02,13891359.0,5250000.0,
Sacramento Kings_2013,4,duncati01_2013,3.8086,3.8086,0.0,thompja02,9638554.0,5250000.0,
Sacramento Kings_2013,5,paulch01_2013,3.6807,3.6807,0.0,thomais02,17779458.0,762195.0,
Sacramento Kings_2013,6,anthoca01_2013,3.4983,3.3889,0.1094,thompja02,19450000.0,5250000.0,
Sacramento Kings_2013,7,westda01_2013,3.2387,3.2387,0.0,thompja02,10000000.0,5250000.0,
Sacramento Kings_2013,8,lopezbr01_2013,3.0277,3.0277,0.0,thompja02,13668750.0,5250000.0,
Sacramento Kings_2013,9,gallida01_2013,2.9958,2.8326,0.1632,thompja02,9439000.0,5250000.0,
Sacramento Kings_2013,10,griffbl01_2013,2.9786,2.9786,0.0,thompja02,7226892.0,5250000.0,
San Antonio Spurs_2013,1,jamesle01_2013,4.132,4.1729,-0.0409,diawbo01,17545000.0,4500000.0,
San Antonio Spurs_2013,2,paulch01_2013,3.2835,3.2671,0.0164,nealga01,17779458.0,854389.0,
San Antonio Spurs_2013,3,duranke01_2013,3.1245,3.189,-0.0645,greenda02,16669630.0,3500000.0,
San Antonio Spurs_2013,4,conlemi01_2013,2.2445,2.2281,0.0164,nealga01,7305786.0,854389.0,
San Antonio Spurs_2013,5,hardeja01_2013,2.1438,2.1274,0.0164,nealga01,5820417.0,854389.0,
San Antonio Spurs_2013,6,curryst01_2013,2.1023,2.086,0.0164,nealga01,3958742.0,854389.0,
San Antonio Spurs_2013,7,wadedw01_2013,1.9966,1.9966,0.0,nealga01,17182000.0,854389.0,
San Antonio Spurs_2013,8,bryanko01_2013,1.8478,1.8478,0.0,nealga01,27849149.0,854389.0,
San Antonio Spurs_2013,9,westbru01_2013,1.8293,1.8129,0.0164,nealga01,13668750.0,854389.0,
San Antonio Spurs_2013,10,hillge01_2013,1.7535,1.7372,0.0164,nealga01,8000000.0,854389.0,
Oklahoma City Thunder_2013,1,jamesle01_2013,5.8001,5.829,-0.029,ibakase01,17545000.0,2253062.0,
Oklahoma City Thunder_2013,2,gasolma01_2013,2.965,3.0001,-0.0351,perkike01,13891359.0,7800531.0,
Oklahoma City Thunder_2013,3,duncati01_2013,2.8792,2.9143,-0.0351,perkike01,9638554.0,7800531.0,
Oklahoma City Thunder_2013,4,paulch01_2013,2.825,2.825,0.0,westbru01,17779458.0,13668750.0,
Oklahoma City Thunder_2013,5,westda01_2013,2.3928,2.4279,-0.0351,perkike01,10000000.0,7800531.0,
Oklahoma City Thunder_2013,6,lopezbr01_2013,2.2128,2.2479,-0.0351,perkike01,13668750.0,7800531.0,
Oklahoma City Thunder_2013,7,griffbl01_2013,2.1709,2.2059,-0.0351,perkike01,7226892.0,7800531.0,
Oklahoma City Thunder_2013,8,noahjo01_2013,2.163,2.163,0.0,perkike01,11300000.0,7800531.0,
Oklahoma City Thunder_2013,9,drumman01_2013,2.0728,1.8653,0.2074,perkike01,2356320.0,7800531.0,
Oklahoma City Thunder_2013,10,splitti01_2013,1.9623,1.9623,0.0,perkike01,3944000.0,7800531.0,
Toronto Raptors_2013,1,hardeja01_2013,4.6026,4.3988,0.2038,derozde01,5820417.0,3344250.0,
Toronto Raptors_2013,2,jamesle01_2013,4.5379,4.6155,-0.0776,johnsam01,17545000.0,6000000.0,
Toronto Raptors_2013,3,wadedw01_2013,4.1324,4.1324,0.0,derozde01,17182000.0,3344250.0,
Toronto Raptors_2013,4,bryanko01_2013,3.8292,3.8292,0.0,derozde01,27849149.0,3344250.0,
Toronto Raptors_2013,5,piercpa01_2013,3.76,3.76,0.0,derozde01,16790345.0,3344250.0,
Toronto Raptors_2013,6,georgpa01_2013,3.703,3.703,0.0,derozde01,2574120.0,3344250.0,
Toronto Raptors_2013,7,cartevi01_2013,3.6574,3.6574,0.0,derozde01,3090000.0,3344250.0,
Toronto Raptors_2013,8,willide01_2013,3.629,3.4252,0.2038,derozde01,17177795.0,3344250.0,
Toronto Raptors_2013,9,kirilan01_2013,3.539,3.2981,0.2408,derozde01,9779349.0,3344250.0,
Toronto Raptors_2013,10,ginobma01_2013,3.5104,3.3066,0.2038,derozde01,14107492.0,3344250.0,
Utah Jazz_2013,1,jamesle01_2013,6.1845,6.1269,0.0575,jeffeal01,17545000.0,15000000.0,
Utah Jazz_2013,2,paulch01_2013,4.5778,4.6608,-0.083,foyera01,17779458.0,2500000.0,
Utah Jazz_2013,3,duranke01_2013,3.792,3.8705,-0.0785,willima02,16669630.0,8287500.0,
Utah Jazz_2013,4,conlemi01_2013,3.0095,3.0926,-0.083,foyera01,7305786.0,2500000.0,
Utah Jazz_2013,5,hardeja01_2013,2.8575,2.9405,-0.083,foyera01,5820417.0,2500000.0,
Utah Jazz_2013,6,curryst01_2013,2.795,2.878,-0.083,foyera01,3958742.0,2500000.0,
Utah Jazz_2013,7,wadedw01_2013,2.6428,2.7432,-0.1003,foyera01,17182000.0,2500000.0,
Utah Jazz_2013,8,gasolma01_2013,2.4615,2.4615,0.0,jeffeal01,13891359.0,15000000.0,
Utah Jazz_2013,9,bryanko01_2013,2.4181,2.5185,-0.1003,foyera01,27849149.0,2500000.0,
Utah Jazz_2013,10,westbru01_2013,2.3828,2.4658,-0.083,foyera01,13668750.0,2500000.0,
Memphis Grizzlies_2013,1,jamesle01_2013,6.722,6.6575,0.0645,randoza01,17545000.0,16500000.0,
Memphis Grizzlies_2013,2,duranke01_2013,5.1664,5.1019,0.0645,randoza01,16669630.0,16500000.0,
Memphis Grizzlies_2013,3,paulch01_2013,3.3926,3.3926,0.0,bayleje01,17779458.0,3000000.0,
Memphis Grizzlies_2013,4,duncati01_2013,2.8405,2.8405,0.0,randoza01,9638554.0,16500000.0,
Memphis Grizzlies_2013,5,anthoca01_2013,2.4326,2.3681,0.0645,randoza01,19450000.0,16500000.0,
Memphis Grizzlies_2013,6,westda01_2013,2.199,2.199,0.0,randoza01,10000000.0,16500000.0,
Memphis Grizzlies_2013,7,hardeja01_2013,2.026,2.026,0.0,bayleje01,5820417.0,3000000.0,
Memphis Grizzlies_2013,8,curryst01_2013,1.9763,1.9763,0.0,bayleje01,3958742.0,3000000.0,
Memphis Grizzlies_2013,9,lopezbr01_2013,1.9615,1.9615,0.0,randoza01,13668750.0,16500000.0,
Memphis Grizzlies_2013,10,gallida01_2013,1.9612,1.7419,0.2193,randoza01,9439000.0,16500000.0,
Washington Wizards_2013,1,jamesle01_2013,6.4586,6.3954,0.0632,serapke01,17545000.0,1797600.0,
Washington Wizards_2013,2,gasolma01_2013,3.9337,3.9337,0.0,serapke01,13891359.0,1797600.0,
Washington Wizards_2013,3,duncati01_2013,3.8584,3.8584,0.0,serapke01,9638554.0,1797600.0,
Washington Wizards_2013,4,duranke01_2013,3.8184,3.94,-0.1216,webstma02,16669630.0,1600000.0,
Washington Wizards_2013,5,westda01_2013,3.4321,3.4321,0.0,serapke01,10000000.0,1797600.0,
Washington Wizards_2013,6,lopezbr01_2013,3.2742,3.2742,0.0,serapke01,13668750.0,1797600.0,
Washington Wizards_2013,7,noahjo01_2013,3.2514,3.1999,0.0515,serapke01,11300000.0,1797600.0,
Washington Wizards_2013,8,griffbl01_2013,3.2375,3.2375,0.0,serapke01,7226892.0,1797600.0,
Washington Wizards_2013,9,paulch01_2013,3.2342,3.2472,-0.0131,bealbr01,17779458.0,4133280.0,
Washington Wizards_2013,10,drumman01_2013,3.1882,2.9389,0.2493,serapke01,2356320.0,1797600.0,
Detroit Pistons_2013,1,jamesle01_2013,5.9837,5.9606,0.0231,monrogr01,17545000.0,3217680.0,
Detroit Pistons_2013,2,duranke01_2013,5.5764,5.737,-0.1606,singlky01,16669630.0,1000000.0,
Detroit Pistons_2013,3,paulch01_2013,5.3573,5.3573,0.0,knighbr03,17779458.0,2755560.0,
Detroit Pistons_2013,4,conlemi01_2013,3.7918,3.7282,0.0636,stuckro01,7305786.0,8500000.0,
Detroit Pistons_2013,5,hardeja01_2013,3.6442,3.5807,0.0636,stuckro01,5820417.0,8500000.0,
Detroit Pistons_2013,6,curryst01_2013,3.5836,3.52,0.0636,stuckro01,3958742.0,8500000.0,
Detroit Pistons_2013,7,wadedw01_2013,3.3891,3.3891,0.0,stuckro01,17182000.0,8500000.0,
Detroit Pistons_2013,8,westbru01_2013,3.1836,3.12,0.0636,stuckro01,13668750.0,8500000.0,
Detroit Pistons_2013,9,bryanko01_2013,3.1711,3.1711,0.0,stuckro01,27849149.0,8500000.0,
Detroit Pistons_2013,10,piercpa01_2013,3.1214,3.1214,0.0,stuckro01,16790345.0,8500000.0,
Charlotte Bobcats_2013,1,jamesle01_2013,6.9854,7.2509,-0.2654,biyombi01,17545000.0,3007920.0,
Charlotte Bobcats_2013,2,duranke01_2013,4.8889,4.8889,-0.0,hendege02,16669630.0,3101327.0,
Charlotte Bobcats_2013,3,paulch01_2013,4.4862,4.4862,0.0,walkeke02,17779458.0,2532960.0,
Charlotte Bobcats_2013,4,gasolma01_2013,3.8302,4.1387,-0.3085,biyombi01,13891359.0,3007920.0,
Charlotte Bobcats_2013,5,duncati01_2013,3.7351,4.0435,-0.3085,biyombi01,9638554.0,3007920.0,
Charlotte Bobcats_2013,6,westda01_2013,3.1961,3.5045,-0.3085,biyombi01,10000000.0,3007920.0,
Charlotte Bobcats_2013,7,hardeja01_2013,3.1106,3.0321,0.0785,gordobe01,5820417.0,12400000.0,
Charlotte Bobcats_2013,8,lopezbr01_2013,2.9965,3.305,-0.3085,biyombi01,13668750.0,3007920.0,
Charlotte Bobcats_2013,9,griffbl01_2013,2.95,3.2585,-0.3085,biyombi01,7226892.0,3007920.0,
Charlotte Bobcats_2013,10,noahjo01_2013,2.9494,3.2109,-0.2616,biyombi01,11300000.0,3007920.0,
Atlanta Hawks_2014,1,paulch01_2014,4.5418,4.5418,-0.0,teaguje01,18668431.0,8000000.0,
Atlanta Hawks_2014,2,duranke01_2014,4.3289,4.3941,-0.0651,carrode01,17832627.0,2557545.0,
Atlanta Hawks_2014,3,curryst01_2014,4.1082,4.1082,-0.0,teaguje01,9887642.0,8000000.0,
Atlanta Hawks_2014,4,jamesle01_2014,3.7217,3.7868,-0.0651,carrode01,19067500.0,2557545.0,
Atlanta Hawks_2014,5,loveke01_2014,3.1873,3.1873,0.0,millspa01,14693906.0,9500000.0,
Atlanta Hawks_2014,6,hardeja01_2014,3.1693,3.1693,-0.0,teaguje01,13701250.0,8000000.0,
Atlanta Hawks_2014,7,lowryky01_2014,2.7436,2.7436,-0.0,teaguje01,6210000.0,8000000.0,
Atlanta Hawks_2014,8,dragigo01_2014,2.4239,2.4239,-0.0,teaguje01,7500000.0,8000000.0,
Atlanta Hawks_2014,9,ginobma01_2014,2.4149,2.4149,-0.0,teaguje01,7500000.0,8000000.0,
Atlanta Hawks_2014,10,westbru01_2014,2.3728,2.3728,-0.0,teaguje01,14693906.0,8000000.0,
Boston Celtics_2014,1,duranke01_2014,7.2561,7.2561,0.0,greenje02,17832627.0,8965000.0,
Boston Celtics_2014,2,jamesle01_2014,6.5177,6.5177,0.0,greenje02,19067500.0,8965000.0,
Boston Celtics_2014,3,loveke01_2014,5.2123,5.2123,0.0,bassbr01,14693906.0,6450000.0,
Boston Celtics_2014,4,hardeja01_2014,4.6854,4.6663,0.0192,greenje02,13701250.0,8965000.0,
Boston Celtics_2014,5,leonaka01_2014,4.3864,4.2268,0.1596,greenje02,1887840.0,8965000.0,
Boston Celtics_2014,6,anthoca01_2014,4.3067,4.3067,0.0,greenje02,22407474.0,8965000.0,
Boston Celtics_2014,7,georgpa01_2014,4.1608,4.1608,0.0,greenje02,3282003.0,8965000.0,
Boston Celtics_2014,8,paulch01_2014,3.8338,3.8138,0.02,bradlav01,18668431.0,2511432.0,
Boston Celtics_2014,9,johnsja01_2014,3.7589,3.5993,0.1596,greenje02,507409.0,8965000.0,
Boston Celtics_2014,10,noahjo01_2014,3.6991,3.6561,0.043,bassbr01,11100000.0,6450000.0,
Cleveland Cavaliers_2014,1,duranke01_2014,6.9184,6.9199,-0.0015,thomptr01,17832627.0,4062000.0,
Cleveland Cavaliers_2014,2,jamesle01_2014,6.2521,6.2536,-0.0015,thomptr01,19067500.0,4062000.0,
Cleveland Cavaliers_2014,3,loveke01_2014,6.1732,6.1691,0.0041,thomptr01,14693906.0,4062000.0,
Cleveland Cavaliers_2014,4,paulch01_2014,5.2081,5.1106,0.0975,jackja01,18668431.0,6300000.0,
Cleveland Cavaliers_2014,5,curryst01_2014,4.832,4.7345,0.0975,jackja01,9887642.0,6300000.0,
Cleveland Cavaliers_2014,6,noahjo01_2014,4.4136,4.4136,0.0,thomptr01,11100000.0,4062000.0,
Cleveland Cavaliers_2014,7,leonaka01_2014,4.4001,4.1865,0.2136,thomptr01,1887840.0,4062000.0,
Cleveland Cavaliers_2014,8,nowitdi01_2014,4.2765,4.278,-0.0015,thomptr01,22721381.0,4062000.0,
Cleveland Cavaliers_2014,9,anthoca01_2014,4.2571,4.2586,-0.0015,thomptr01,22407474.0,4062000.0,
Cleveland Cavaliers_2014,10,hardeja01_2014,4.0174,3.9199,0.0975,jackja01,13701250.0,6300000.0,
New Orleans Pelicans_2014,1,duranke01_2014,4.7042,4.8684,-0.1642,aminual01,17832627.0,3700000.0,
New Orleans Pelicans_2014,2,jamesle01_2014,4.1719,4.3361,-0.1642,aminual01,19067500.0,3700000.0,
New Orleans Pelicans_2014,3,paulch01_2014,3.7258,3.6793,0.0465,roberbr01,18668431.0,788872.0,
New Orleans Pelicans_2014,4,curryst01_2014,3.4451,3.3986,0.0465,roberbr01,9887642.0,788872.0,
New Orleans Pelicans_2014,5,hardeja01_2014,3.3527,3.326,0.0266,gordoer01,13701250.0,14283844.0,
New Orleans Pelicans_2014,6,georgpa01_2014,2.9533,2.9533,0.0,gordoer01,3282003.0,14283844.0,
New Orleans Pelicans_2014,7,dragigo01_2014,2.7449,2.7183,0.0266,gordoer01,7500000.0,14283844.0,
New Orleans Pelicans_2014,8,ginobma01_2014,2.7375,2.7109,0.0266,gordoer01,7500000.0,14283844.0,
New Orleans Pelicans_2014,9,westbru01_2014,2.7032,2.6766,0.0266,gordoer01,14693906.0,14283844.0,
New Orleans Pelicans_2014,10,leonaka01_2014,2.6845,2.6845,-0.0,aminual01,1887840.0,3700000.0,
Chicago Bulls_2014,1,jamesle01_2014,5.4503,5.3325,0.1178,boozeca01,19067500.0,15300000.0,
Chicago Bulls_2014,2,loveke01_2014,5.261,5.261,0.0,boozeca01,14693906.0,15300000.0,
Chicago Bulls_2014,3,duranke01_2014,5.1126,4.9764,0.1361,gibsota01,17832627.0,7550000.0,
Chicago Bulls_2014,4,paulch01_2014,3.9936,3.9936,0.0,hinriki01,18668431.0,4059000.0,
Chicago Bulls_2014,5,nowitdi01_2014,3.7796,3.6618,0.1178,boozeca01,22721381.0,15300000.0,
Chicago Bulls_2014,6,anthoca01_2014,3.7632,3.6454,0.1178,boozeca01,22407474.0,15300000.0,
Chicago Bulls_2014,7,curryst01_2014,3.638,3.638,0.0,hinriki01,9887642.0,4059000.0,
Chicago Bulls_2014,8,couside01_2014,3.3135,3.3135,0.0,boozeca01,4916974.0,15300000.0,
Chicago Bulls_2014,9,griffbl01_2014,3.2235,3.2235,0.0,boozeca01,16441500.0,15300000.0,
Chicago Bulls_2014,10,davisan02_2014,3.1618,3.1618,0.0,boozeca01,5375760.0,15300000.0,
Dallas Mavericks_2014,1,paulch01_2014,5.8682,5.8682,-0.0,ellismo01,18668431.0,8000000.0,
Dallas Mavericks_2014,2,curryst01_2014,5.357,5.357,-0.0,ellismo01,9887642.0,8000000.0,
Dallas Mavericks_2014,3,duranke01_2014,5.3378,5.5262,-0.1884,mariosh01,17832627.0,9316796.0,
Dallas Mavericks_2014,4,jamesle01_2014,4.7119,4.9002,-0.1884,mariosh01,19067500.0,9316796.0,
Dallas Mavericks_2014,5,loveke01_2014,4.567,4.8208,-0.2538,mariosh01,14693906.0,9316796.0,
Dallas Mavericks_2014,6,hardeja01_2014,4.2497,4.2497,-0.0,ellismo01,13701250.0,8000000.0,
Dallas Mavericks_2014,7,lowryky01_2014,3.7476,3.7476,-0.0,ellismo01,6210000.0,8000000.0,
Dallas Mavericks_2014,8,georgpa01_2014,3.5212,3.7106,-0.1894,ellismo01,3282003.0,8000000.0,
Dallas Mavericks_2014,9,dragigo01_2014,3.3706,3.3706,-0.0,ellismo01,7500000.0,8000000.0,
Dallas Mavericks_2014,10,ginobma01_2014,3.3599,3.3599,-0.0,ellismo01,7500000.0,8000000.0,
Denver Nuggets_2014,1,duranke01_2014,4.7175,4.7402,-0.0227,chandwi01,17832627.0,6344164.0,
Denver Nuggets_2014,2,paulch01_2014,4.4096,4.2799,0.1297,foyera01,18668431.0,3000000.0,
Denver Nuggets_2014,3,jamesle01_2014,4.214,4.2367,-0.0227,chandwi01,19067500.0,6344164.0,
Denver Nuggets_2014,4,loveke01_2014,3.9866,4.0422,-0.0556,hicksjj01,14693906.0,5150000.0,
Denver Nuggets_2014,5,curryst01_2014,3.9846,3.8549,0.1297,foyera01,9887642.0,3000000.0,
Denver Nuggets_2014,6,hardeja01_2014,3.0822,2.9743,0.1079,chandwi01,13701250.0,6344164.0,
Denver Nuggets_2014,7,noahjo01_2014,2.7695,2.7695,0.0,hicksjj01,11100000.0,5150000.0,
Denver Nuggets_2014,8,leonaka01_2014,2.7372,2.6746,0.0626,chandwi01,1887840.0,6344164.0,
Denver Nuggets_2014,9,nowitdi01_2014,2.7162,2.6712,0.045,hicksjj01,22721381.0,5150000.0,
Denver Nuggets_2014,10,anthoca01_2014,2.7063,2.7291,-0.0227,chandwi01,22407474.0,6344164.0,
Golden State Warriors_2014,1,duranke01_2014,6.0078,6.0064,0.0013,barneha02,17832627.0,2923920.0,
Golden State Warriors_2014,2,jamesle01_2014,5.4337,5.4324,0.0013,barneha02,19067500.0,2923920.0,
Golden State Warriors_2014,3,loveke01_2014,5.2422,5.3596,-0.1174,barneha02,14693906.0,2923920.0,
Golden State Warriors_2014,4,nowitdi01_2014,3.7317,3.7304,0.0013,barneha02,22721381.0,2923920.0,
Golden State Warriors_2014,5,anthoca01_2014,3.715,3.7137,0.0013,barneha02,22407474.0,2923920.0,
Golden State Warriors_2014,6,leonaka01_2014,3.6516,3.6516,0.0,barneha02,1887840.0,2923920.0,
Golden State Warriors_2014,7,georgpa01_2014,3.6016,3.6002,0.0013,barneha02,3282003.0,2923920.0,
Golden State Warriors_2014,8,griffbl01_2014,3.1664,3.2838,-0.1174,barneha02,16441500.0,2923920.0,
Golden State Warriors_2014,9,johnsja01_2014,3.1638,3.1638,0.0,barneha02,507409.0,2923920.0,
Golden State Warriors_2014,10,davisan02_2014,3.1035,3.221,-0.1174,barneha02,5375760.0,2923920.0,
Houston Rockets_2014,1,duranke01_2014,4.839,4.9035,-0.0646,parsoch01,17832627.0,926500.0,
Houston Rockets_2014,2,jamesle01_2014,4.117,4.1816,-0.0646,parsoch01,19067500.0,926500.0,
Houston Rockets_2014,3,paulch01_2014,3.7476,3.7476,-0.0,linje01,18668431.0,8374646.0,
Houston Rockets_2014,4,curryst01_2014,3.3957,3.3957,-0.0,linje01,9887642.0,8374646.0,
Houston Rockets_2014,5,loveke01_2014,3.0605,3.2339,-0.1734,joneste01,14693906.0,1551840.0,
Houston Rockets_2014,6,lowryky01_2014,2.288,2.288,-0.0,linje01,6210000.0,8374646.0,
Houston Rockets_2014,7,dragigo01_2014,2.0285,2.0285,-0.0,linje01,7500000.0,8374646.0,
Houston Rockets_2014,8,ginobma01_2014,2.0212,2.0212,-0.0,linje01,7500000.0,8374646.0,
Houston Rockets_2014,9,westbru01_2014,1.987,1.987,-0.0,linje01,14693906.0,8374646.0,
Houston Rockets_2014,10,anthoca01_2014,1.9555,2.02,-0.0646,parsoch01,22407474.0,926500.0,
Los Angeles Clippers_2014,1,duranke01_2014,4.0969,4.1888,-0.0919,dudleja01,17832627.0,4250000.0,
Los Angeles Clippers_2014,2,jamesle01_2014,3.6489,3.7408,-0.0919,dudleja01,19067500.0,4250000.0,
Los Angeles Clippers_2014,3,loveke01_2014,3.3004,3.7399,-0.4395,jordade01,14693906.0,10986550.0,
Los Angeles Clippers_2014,4,curryst01_2014,2.6461,2.6461,0.0,collida01,9887642.0,1900000.0,
Los Angeles Clippers_2014,5,leonaka01_2014,2.3385,2.351,-0.0125,dudleja01,1887840.0,4250000.0,
Los Angeles Clippers_2014,6,anthoca01_2014,2.3075,2.3995,-0.0919,dudleja01,22407474.0,4250000.0,
Los Angeles Clippers_2014,7,georgpa01_2014,2.219,2.3109,-0.0919,dudleja01,3282003.0,4250000.0,
Los Angeles Clippers_2014,8,hardeja01_2014,2.189,2.0996,0.0894,crawfja01,13701250.0,5225000.0,
Los Angeles Clippers_2014,9,johnsja01_2014,1.9578,1.9703,-0.0125,dudleja01,507409.0,4250000.0,
Los Angeles Clippers_2014,10,iguodan01_2014,1.7976,1.8101,-0.0125,dudleja01,12868632.0,4250000.0,
Los Angeles Lakers_2014,1,duranke01_2014,5.5881,5.6499,-0.0618,johnswe01,17832627.0,916099.0,
Los Angeles Lakers_2014,2,paulch01_2014,5.3642,5.3467,0.0175,meeksjo01,18668431.0,1550000.0,
Los Angeles Lakers_2014,3,jamesle01_2014,4.9977,5.0594,-0.0618,johnswe01,19067500.0,916099.0,
Los Angeles Lakers_2014,4,curryst01_2014,4.9277,4.9102,0.0175,meeksjo01,9887642.0,1550000.0,
Los Angeles Lakers_2014,5,loveke01_2014,4.8493,4.9845,-0.1352,johnswe01,14693906.0,916099.0,
Los Angeles Lakers_2014,6,hardeja01_2014,3.9822,3.9648,0.0175,meeksjo01,13701250.0,1550000.0,
Los Angeles Lakers_2014,7,lowryky01_2014,3.5535,3.536,0.0175,meeksjo01,6210000.0,1550000.0,
Los Angeles Lakers_2014,8,georgpa01_2014,3.4295,3.5044,-0.0749,meeksjo01,3282003.0,1550000.0,
Los Angeles Lakers_2014,9,leonaka01_2014,3.2728,3.2275,0.0453,johnswe01,1887840.0,916099.0,
Los Angeles Lakers_2014,10,nowitdi01_2014,3.2468,3.3086,-0.0618,johnswe01,22721381.0,916099.0,
Miami Heat_2014,1,paulch01_2014,4.6659,4.6659,0.0,coleno01,18668431.0,1129200.0,
Miami Heat_2014,2,curryst01_2014,4.3299,4.3299,0.0,coleno01,9887642.0,1129200.0,
Miami Heat_2014,3,duranke01_2014,4.0672,4.2,-0.1328,allenra02,17832627.0,3229050.0,
Miami Heat_2014,4,loveke01_2014,3.8496,3.8496,0.0,boshch01,14693906.0,19067500.0,
Miami Heat_2014,5,lowryky01_2014,3.2722,3.2722,0.0,coleno01,6210000.0,1129200.0,
Miami Heat_2014,6,dragigo01_2014,3.0245,3.0245,0.0,coleno01,7500000.0,1129200.0,
Miami Heat_2014,7,westbru01_2014,2.9849,2.9849,0.0,coleno01,14693906.0,1129200.0,
Miami Heat_2014,8,millspa02_2014,2.8092,2.9285,-0.1193,coleno01,1133950.0,1129200.0,
Miami Heat_2014,9,hardeja01_2014,2.6429,2.6429,-0.0,chalmma01,13701250.0,4000000.0,
Miami Heat_2014,10,conlemi01_2014,2.6409,2.6409,0.0,coleno01,8000001.0,1129200.0,
Milwaukee Bucks_2014,1,duranke01_2014,6.2135,6.343,-0.1295,middlkh01,17832627.0,788872.0,
Milwaukee Bucks_2014,2,paulch01_2014,4.6699,4.6699,0.0,knighbr03,18668431.0,2793960.0,
Milwaukee Bucks_2014,3,curryst01_2014,4.2646,4.2646,0.0,knighbr03,9887642.0,2793960.0,
Milwaukee Bucks_2014,4,jamesle01_2014,4.0751,4.1837,-0.1086,antetgi01,19067500.0,1792560.0,
Milwaukee Bucks_2014,5,hardeja01_2014,4.0551,4.1011,-0.0459,middlkh01,13701250.0,788872.0,
Milwaukee Bucks_2014,6,loveke01_2014,3.857,3.9469,-0.09,hensojo01,14693906.0,1905360.0,
Milwaukee Bucks_2014,7,leonaka01_2014,3.6976,3.7206,-0.023,middlkh01,1887840.0,788872.0,
Milwaukee Bucks_2014,8,anthoca01_2014,3.6603,3.7898,-0.1295,middlkh01,22407474.0,788872.0,
Milwaukee Bucks_2014,9,georgpa01_2014,3.5339,3.6635,-0.1295,middlkh01,3282003.0,788872.0,
Milwaukee Bucks_2014,10,ginobma01_2014,3.3329,3.3789,-0.0459,middlkh01,7500000.0,788872.0,
Minnesota Timberwolves_2014,1,duranke01_2014,5.5342,5.699,-0.1648,breweco01,17832627.0,4500000.0,
Minnesota Timberwolves_2014,2,paulch01_2014,3.872,3.872,-0.0,rubiori01,18668431.0,4002120.0,
Minnesota Timberwolves_2014,3,curryst01_2014,3.42,3.42,-0.0,rubiori01,9887642.0,4002120.0,
Minnesota Timberwolves_2014,4,jamesle01_2014,3.2143,3.1927,0.0216,cunnida01,19067500.0,2180000.0,
Minnesota Timberwolves_2014,5,hardeja01_2014,3.1954,3.2727,-0.0773,breweco01,13701250.0,4500000.0,
Minnesota Timberwolves_2014,6,leonaka01_2014,2.861,2.861,0.0,breweco01,1887840.0,4500000.0,
Minnesota Timberwolves_2014,7,anthoca01_2014,2.7711,2.9359,-0.1648,breweco01,22407474.0,4500000.0,
Minnesota Timberwolves_2014,8,georgpa01_2014,2.6343,2.7991,-0.1648,breweco01,3282003.0,4500000.0,
Minnesota Timberwolves_2014,9,ginobma01_2014,2.4138,2.4911,-0.0773,breweco01,7500000.0,4500000.0,
Minnesota Timberwolves_2014,10,dragigo01_2014,2.3655,2.3767,-0.0112,martike02,7500000.0,6500000.0,
Brooklyn Nets_2014,1,duranke01_2014,5.3581,5.3581,0.0,johnsjo02,17832627.0,21466718.0,
Brooklyn Nets_2014,2,jamesle01_2014,3.1902,3.1902,0.0,piercpa01,19067500.0,15333334.0,
Brooklyn Nets_2014,3,hardeja01_2014,3.1422,3.0294,0.1129,johnsjo02,13701250.0,21466718.0,
Brooklyn Nets_2014,4,loveke01_2014,3.1025,3.1213,-0.0187,piercpa01,14693906.0,15333334.0,
Brooklyn Nets_2014,5,paulch01_2014,3.0785,3.0785,-0.0,livinsh01,18668431.0,1272279.0,
Brooklyn Nets_2014,6,leonaka01_2014,2.7921,2.6342,0.1579,johnsjo02,1887840.0,21466718.0,
Brooklyn Nets_2014,7,curryst01_2014,2.7511,2.7511,-0.0,livinsh01,9887642.0,1272279.0,
Brooklyn Nets_2014,8,anthoca01_2014,2.6108,2.7099,-0.0991,anderal01,22407474.0,947907.0,
Brooklyn Nets_2014,9,georgpa01_2014,2.5748,2.5748,0.0,johnsjo02,3282003.0,21466718.0,
Brooklyn Nets_2014,10,ginobma01_2014,2.4019,2.4155,-0.0136,anderal01,7500000.0,947907.0,
New York Knicks_2014,1,duranke01_2014,5.0891,5.2248,-0.1357,smithjr01,17832627.0,5565000.0,
New York Knicks_2014,2,paulch01_2014,4.0616,4.0616,0.0,feltora01,18668431.0,3637073.0,
New York Knicks_2014,3,curryst01_2014,3.7218,3.7218,0.0,feltora01,9887642.0,3637073.0,
New York Knicks_2014,4,jamesle01_2014,3.4498,3.4024,0.0474,stoudam01,19067500.0,21679893.0,
New York Knicks_2014,5,loveke01_2014,3.3551,3.3551,0.0,stoudam01,14693906.0,21679893.0,
New York Knicks_2014,6,hardeja01_2014,3.2797,3.2762,0.0034,hardati02,13701250.0,1196760.0,
New York Knicks_2014,7,georgpa01_2014,2.8528,2.9363,-0.0835,hardati02,3282003.0,1196760.0,
New York Knicks_2014,8,dragigo01_2014,2.7254,2.7219,0.0034,hardati02,7500000.0,1196760.0,
New York Knicks_2014,9,ginobma01_2014,2.7186,2.7152,0.0034,hardati02,7500000.0,1196760.0,
New York Knicks_2014,10,westbru01_2014,2.6873,2.6839,0.0034,hardati02,14693906.0,1196760.0,
Orlando Magic_2014,1,duranke01_2014,5.9472,5.9472,0.0,afflaar01,17832627.0,7312500.0,
Orlando Magic_2014,2,paulch01_2014,5.0508,5.0508,0.0,oladivi01,18668431.0,4763760.0,
Orlando Magic_2014,3,curryst01_2014,4.6288,4.6288,0.0,oladivi01,9887642.0,4763760.0,
Orlando Magic_2014,4,jamesle01_2014,3.8504,3.965,-0.1145,harklma01,19067500.0,1809840.0,
Orlando Magic_2014,5,loveke01_2014,3.7497,3.7497,0.0,harrito02,14693906.0,1545840.0,
Orlando Magic_2014,6,hardeja01_2014,3.715,3.715,0.0,oladivi01,13701250.0,4763760.0,
Orlando Magic_2014,7,lowryky01_2014,3.3006,3.3006,0.0,oladivi01,6210000.0,4763760.0,
Orlando Magic_2014,8,leonaka01_2014,3.2815,3.2395,0.042,afflaar01,1887840.0,7312500.0,
Orlando Magic_2014,9,georgpa01_2014,3.1805,3.1805,0.0,afflaar01,3282003.0,7312500.0,
Orlando Magic_2014,10,dragigo01_2014,2.9895,2.9895,0.0,oladivi01,7500000.0,4763760.0,
Indiana Pacers_2014,1,loveke01_2014,4.8075,4.8213,-0.0139,hibbero01,14693906.0,14283844.0,
Indiana Pacers_2014,2,duranke01_2014,3.7761,3.7711,0.005,westda01,17832627.0,12000000.0,
Indiana Pacers_2014,3,paulch01_2014,3.5697,3.4584,0.1113,hillge01,18668431.0,8000000.0,
Indiana Pacers_2014,4,jamesle01_2014,3.2114,3.2012,0.0102,scolalu01,19067500.0,4508504.0,
Indiana Pacers_2014,5,noahjo01_2014,3.1827,3.1827,-0.0,hibbero01,11100000.0,14283844.0,
Indiana Pacers_2014,6,curryst01_2014,3.1612,3.0498,0.1113,hillge01,9887642.0,8000000.0,
Indiana Pacers_2014,7,nowitdi01_2014,2.9886,3.056,-0.0675,hibbero01,22721381.0,14283844.0,
Indiana Pacers_2014,8,couside01_2014,2.6578,2.6716,-0.0139,hibbero01,4916974.0,14283844.0,
Indiana Pacers_2014,9,griffbl01_2014,2.5583,2.5722,-0.0139,hibbero01,16441500.0,14283844.0,
Indiana Pacers_2014,10,davisan02_2014,2.4902,2.5041,-0.0139,hibbero01,5375760.0,14283844.0,
Philadelphia 76ers_2014,1,duranke01_2014,6.3343,6.4442,-0.11,anderja01,17832627.0,916099.0,
Philadelphia 76ers_2014,2,jamesle01_2014,5.5782,5.7069,-0.1287,youngth01,19067500.0,8600000.0,
Philadelphia 76ers_2014,3,loveke01_2014,5.4218,5.6172,-0.1955,youngth01,14693906.0,8600000.0,
Philadelphia 76ers_2014,4,paulch01_2014,4.5083,4.5083,-0.0,cartemi01,18668431.0,2200920.0,
Philadelphia 76ers_2014,5,hardeja01_2014,4.2091,4.3287,-0.1196,anderja01,13701250.0,916099.0,
Philadelphia 76ers_2014,6,curryst01_2014,4.149,4.149,-0.0,wroteto01,9887642.0,1160040.0,
Philadelphia 76ers_2014,7,leonaka01_2014,3.8982,3.9697,-0.0715,anderja01,1887840.0,916099.0,
Philadelphia 76ers_2014,8,georgpa01_2014,3.8058,3.9158,-0.11,anderja01,3282003.0,916099.0,
Philadelphia 76ers_2014,9,noahjo01_2014,3.5903,3.755,-0.1647,youngth01,11100000.0,8600000.0,
Philadelphia 76ers_2014,10,dragigo01_2014,3.5358,3.6554,-0.1196,anderja01,7500000.0,916099.0,
Phoenix Suns_2014,1,duranke01_2014,4.9159,5.0975,-0.1816,tuckepj01,17832627.0,884293.0,
Phoenix Suns_2014,2,jamesle01_2014,4.2606,4.4422,-0.1816,tuckepj01,19067500.0,884293.0,
Phoenix Suns_2014,3,loveke01_2014,4.2035,4.2795,-0.076,plumlmi01,14693906.0,1121520.0,
Phoenix Suns_2014,4,noahjo01_2014,2.9379,2.9379,0.0,plumlmi01,11100000.0,1121520.0,
Phoenix Suns_2014,5,nowitdi01_2014,2.8507,2.8342,0.0165,plumlmi01,22721381.0,1121520.0,
Phoenix Suns_2014,6,hardeja01_2014,2.7869,2.7475,0.0394,greenge01,13701250.0,3500000.0,
Phoenix Suns_2014,7,leonaka01_2014,2.4479,2.3835,0.0644,greenge01,1887840.0,3500000.0,
Phoenix Suns_2014,8,couside01_2014,2.4435,2.5195,-0.076,plumlmi01,4916974.0,1121520.0,
Phoenix Suns_2014,9,griffbl01_2014,2.362,2.438,-0.076,plumlmi01,16441500.0,1121520.0,
Phoenix Suns_2014,10,georgpa01_2014,2.3288,2.3288,0.0,greenge01,3282003.0,3500000.0,
Portland Trail Blazers_2014,1,duranke01_2014,4.8306,4.9026,-0.072,matthwe02,17832627.0,6875480.0,
Portland Trail Blazers_2014,2,loveke01_2014,4.2368,4.2247,0.0121,lopezro01,14693906.0,5904261.0,
Portland Trail Blazers_2014,3,paulch01_2014,3.9232,3.9232,0.0,willima01,18668431.0,2652000.0,
Portland Trail Blazers_2014,4,curryst01_2014,3.6142,3.6142,0.0,willima01,9887642.0,2652000.0,
Portland Trail Blazers_2014,5,jamesle01_2014,3.5245,3.6109,-0.0864,batumni01,19067500.0,11295250.0,
Portland Trail Blazers_2014,6,lowryky01_2014,2.6414,2.6414,0.0,willima01,6210000.0,2652000.0,
Portland Trail Blazers_2014,7,noahjo01_2014,2.4515,2.4515,0.0,lopezro01,11100000.0,5904261.0,
Portland Trail Blazers_2014,8,nowitdi01_2014,2.4263,2.3145,0.1118,lopezro01,22721381.0,5904261.0,
Portland Trail Blazers_2014,9,dragigo01_2014,2.4136,2.4136,0.0,willima01,7500000.0,2652000.0,
Portland Trail Blazers_2014,10,hardeja01_2014,2.4044,2.3678,0.0366,matthwe02,13701250.0,6875480.0,
Sacramento Kings_2014,1,jamesle01_2014,4.8108,4.7629,0.0479,thompja02,19067500.0,5643750.0,
Sacramento Kings_2014,2,loveke01_2014,4.6871,4.6971,-0.01,thompja02,14693906.0,5643750.0,
Sacramento Kings_2014,3,hardeja01_2014,4.6566,4.6706,-0.014,mclembe01,13701250.0,2895960.0,
Sacramento Kings_2014,4,duranke01_2014,4.2012,4.3147,-0.1136,willide02,17832627.0,5016960.0,
Sacramento Kings_2014,5,georgpa01_2014,4.1928,4.2789,-0.0861,mclembe01,3282003.0,2895960.0,
Sacramento Kings_2014,6,dragigo01_2014,4.0179,4.0319,-0.014,mclembe01,7500000.0,2895960.0,
Sacramento Kings_2014,7,ginobma01_2014,4.0101,4.0241,-0.014,mclembe01,7500000.0,2895960.0,
Sacramento Kings_2014,8,westbru01_2014,3.9741,3.9881,-0.014,mclembe01,14693906.0,2895960.0,
Sacramento Kings_2014,9,iguodan01_2014,3.6591,3.6392,0.0199,mclembe01,12868632.0,2895960.0,
Sacramento Kings_2014,10,greenda02_2014,3.5384,3.5384,0.0,mclembe01,3762500.0,2895960.0,
San Antonio Spurs_2014,1,duranke01_2014,3.6475,3.7257,-0.0782,belinma01,17832627.0,2750000.0,
San Antonio Spurs_2014,2,paulch01_2014,3.4047,3.4058,-0.0011,parketo01,18668431.0,12500000.0,
San Antonio Spurs_2014,3,curryst01_2014,3.067,3.0681,-0.0011,parketo01,9887642.0,12500000.0,
San Antonio Spurs_2014,4,jamesle01_2014,2.945,3.0869,-0.1419,diawbo01,19067500.0,4702500.0,
San Antonio Spurs_2014,5,loveke01_2014,2.8744,2.8744,0.0,duncati01,14693906.0,10361446.0,
San Antonio Spurs_2014,6,lowryky01_2014,2.0041,2.0052,-0.0011,parketo01,6210000.0,12500000.0,
San Antonio Spurs_2014,7,hardeja01_2014,1.8635,1.8808,-0.0173,belinma01,13701250.0,2750000.0,
San Antonio Spurs_2014,8,dragigo01_2014,1.7551,1.7562,-0.0011,parketo01,7500000.0,12500000.0,
San Antonio Spurs_2014,9,westbru01_2014,1.7153,1.7164,-0.0011,parketo01,14693906.0,12500000.0,
San Antonio Spurs_2014,10,anthoca01_2014,1.5465,1.6247,-0.0782,belinma01,22407474.0,2750000.0,
Oklahoma City Thunder_2014,1,jamesle01_2014,4.4462,4.3238,0.1224,ibakase01,19067500.0,12250000.0,
Oklahoma City Thunder_2014,2,loveke01_2014,4.2352,4.2352,0.0,ibakase01,14693906.0,12250000.0,
Oklahoma City Thunder_2014,3,paulch01_2014,3.7406,3.7406,0.0,jacksre01,18668431.0,1260360.0,
Oklahoma City Thunder_2014,4,curryst01_2014,3.357,3.357,0.0,jacksre01,9887642.0,1260360.0,
Oklahoma City Thunder_2014,5,noahjo01_2014,2.5273,2.3966,0.1308,ibakase01,11100000.0,12250000.0,
Oklahoma City Thunder_2014,6,nowitdi01_2014,2.4451,2.4328,0.0124,perkike01,22721381.0,8477437.0,
Oklahoma City Thunder_2014,7,leonaka01_2014,2.4159,2.1587,0.2573,ibakase01,1887840.0,12250000.0,
Oklahoma City Thunder_2014,8,anthoca01_2014,2.3566,2.2342,0.1224,ibakase01,22407474.0,12250000.0,
Oklahoma City Thunder_2014,9,couside01_2014,2.2208,2.2401,-0.0193,perkike01,4916974.0,8477437.0,
Oklahoma City Thunder_2014,10,griffbl01_2014,2.171,2.1903,-0.0193,perkike01,16441500.0,8477437.0,
Toronto Raptors_2014,1,duranke01_2014,5.395,5.395,-0.0,derozde01,17832627.0,9500000.0,
Toronto Raptors_2014,2,loveke01_2014,4.7595,4.8567,-0.0972,valanjo01,14693906.0,3526440.0,
Toronto Raptors_2014,3,jamesle01_2014,3.6671,3.6929,-0.0258,johnsam01,19067500.0,6500000.0,
Toronto Raptors_2014,4,noahjo01_2014,3.3064,3.3064,0.0,valanjo01,11100000.0,3526440.0,
Toronto Raptors_2014,5,nowitdi01_2014,3.166,3.1866,-0.0206,valanjo01,22721381.0,3526440.0,
Toronto Raptors_2014,6,hardeja01_2014,2.8703,2.6866,0.1836,derozde01,13701250.0,9500000.0,
Toronto Raptors_2014,7,couside01_2014,2.7257,2.8229,-0.0972,valanjo01,4916974.0,3526440.0,
Toronto Raptors_2014,8,griffbl01_2014,2.6316,2.7288,-0.0972,valanjo01,16441500.0,3526440.0,
Toronto Raptors_2014,9,davisan02_2014,2.5672,2.6644,-0.0972,valanjo01,5375760.0,3526440.0,
Toronto Raptors_2014,10,leonaka01_2014,2.3451,2.2271,0.118,derozde01,1887840.0,9500000.0,
Utah Jazz_2014,1,loveke01_2014,5.9243,5.9243,0.0,kanteen01,14693906.0,4505280.0,
Utah Jazz_2014,2,duranke01_2014,5.8091,5.8091,0.0,haywago01,17832627.0,3452183.0,
Utah Jazz_2014,3,paulch01_2014,5.1708,5.1708,0.0,burketr01,18668431.0,2438760.0,
Utah Jazz_2014,4,jamesle01_2014,5.0831,5.1965,-0.1134,jefferi01,19067500.0,11046000.0,
Utah Jazz_2014,5,curryst01_2014,4.7871,4.7871,0.0,burketr01,9887642.0,2438760.0,
Utah Jazz_2014,6,noahjo01_2014,4.5258,4.4656,0.0602,kanteen01,11100000.0,4505280.0,
Utah Jazz_2014,7,nowitdi01_2014,4.3815,4.3529,0.0286,kanteen01,22721381.0,4505280.0,
Utah Jazz_2014,8,couside01_2014,4.0107,4.0107,0.0,kanteen01,4916974.0,4505280.0,
Utah Jazz_2014,9,griffbl01_2014,3.9222,3.9222,0.0,kanteen01,16441500.0,4505280.0,
Utah Jazz_2014,10,davisan02_2014,3.8616,3.8616,0.0,kanteen01,5375760.0,4505280.0,
Memphis Grizzlies_2014,1,duranke01_2014,5.8106,5.721,0.0896,randoza01,17832627.0,17800000.0,
Memphis Grizzlies_2014,2,jamesle01_2014,5.1101,5.0205,0.0896,randoza01,19067500.0,17800000.0,
Memphis Grizzlies_2014,3,loveke01_2014,4.9316,4.9316,0.0,randoza01,14693906.0,17800000.0,
Memphis Grizzlies_2014,4,hardeja01_2014,3.1943,3.2975,-0.1032,princta01,13701250.0,7235955.0,
Memphis Grizzlies_2014,5,noahjo01_2014,3.1252,3.0859,0.0393,randoza01,11100000.0,17800000.0,
Memphis Grizzlies_2014,6,leonaka01_2014,3.0485,2.8471,0.2014,randoza01,1887840.0,17800000.0,
Memphis Grizzlies_2014,7,nowitdi01_2014,3.0329,2.9433,0.0896,randoza01,22721381.0,17800000.0,
Memphis Grizzlies_2014,8,anthoca01_2014,3.0125,2.9229,0.0896,randoza01,22407474.0,17800000.0,
Memphis Grizzlies_2014,9,georgpa01_2014,2.856,2.9551,-0.0991,princta01,3282003.0,7235955.0,
Memphis Grizzlies_2014,10,couside01_2014,2.5103,2.5103,0.0,randoza01,4916974.0,17800000.0,
Washington Wizards_2014,1,duranke01_2014,4.673,4.769,-0.096,webstma02,17832627.0,5150000.0,
Washington Wizards_2014,2,paulch01_2014,4.6256,4.565,0.0606,bealbr01,18668431.0,4319280.0,
Washington Wizards_2014,3,curryst01_2014,4.206,4.1454,0.0606,bealbr01,9887642.0,4319280.0,
Washington Wizards_2014,4,loveke01_2014,4.1384,4.1384,0.0,gortama01,14693906.0,7727280.0,
Washington Wizards_2014,5,jamesle01_2014,3.6253,3.7654,-0.1401,arizatr01,19067500.0,7727280.0,
Washington Wizards_2014,6,hardeja01_2014,3.2973,3.2367,0.0606,bealbr01,13701250.0,4319280.0,
Washington Wizards_2014,7,lowryky01_2014,2.8852,2.8247,0.0606,bealbr01,6210000.0,4319280.0,
Washington Wizards_2014,8,georgpa01_2014,2.7943,2.7943,-0.0,bealbr01,3282003.0,4319280.0,
Washington Wizards_2014,9,dragigo01_2014,2.5759,2.5153,0.0606,bealbr01,7500000.0,4319280.0,
Washington Wizards_2014,10,ginobma01_2014,2.5671,2.5065,0.0606,bealbr01,7500000.0,4319280.0,
Detroit Pistons_2014,1,duranke01_2014,6.1875,6.3074,-0.1199,smithjo03,17832627.0,13500000.0,
Detroit Pistons_2014,2,jamesle01_2014,5.472,5.5918,-0.1199,smithjo03,19067500.0,13500000.0,
Detroit Pistons_2014,3,loveke01_2014,5.318,5.501,-0.183,smithjo03,14693906.0,13500000.0,
Detroit Pistons_2014,4,paulch01_2014,4.9736,4.9736,-0.0,jennibr01,18668431.0,7655503.0,
Detroit Pistons_2014,5,curryst01_2014,4.5077,4.5077,-0.0,jennibr01,9887642.0,7655503.0,
Detroit Pistons_2014,6,hardeja01_2014,3.537,3.6189,-0.0819,singlky01,13701250.0,1045000.0,
Detroit Pistons_2014,7,leonaka01_2014,3.3719,3.3719,0.0,smithjo03,1887840.0,13500000.0,
Detroit Pistons_2014,8,nowitdi01_2014,3.3502,3.4701,-0.1199,smithjo03,22721381.0,13500000.0,
Detroit Pistons_2014,9,anthoca01_2014,3.3294,3.4493,-0.1199,smithjo03,22407474.0,13500000.0,
Detroit Pistons_2014,10,noahjo01_2014,3.2209,3.1308,0.0902,monrogr01,11100000.0,4086454.0,
Charlotte Bobcats_2014,1,hardeja01_2014,4.1017,4.0857,0.0159,hendege02,13701250.0,6000000.0,
Charlotte Bobcats_2014,2,duranke01_2014,3.8303,3.9665,-0.1362,mcrobjo01,17832627.0,2652000.0,
Charlotte Bobcats_2014,3,georgpa01_2014,3.6522,3.6522,0.0,hendege02,3282003.0,6000000.0,
Charlotte Bobcats_2014,4,dragigo01_2014,3.3948,3.3788,0.0159,hendege02,7500000.0,6000000.0,
Charlotte Bobcats_2014,5,ginobma01_2014,3.3862,3.3703,0.0159,hendege02,7500000.0,6000000.0,
Charlotte Bobcats_2014,6,loveke01_2014,3.3544,3.3544,0.0,jeffeal01,14693906.0,13500000.0,
Charlotte Bobcats_2014,7,westbru01_2014,3.3463,3.3304,0.0159,hendege02,14693906.0,6000000.0,
Charlotte Bobcats_2014,8,jamesle01_2014,3.241,3.2195,0.0215,zelleco01,19067500.0,3857040.0,
Charlotte Bobcats_2014,9,paulch01_2014,3.2277,3.2277,0.0,walkeke02,18668431.0,2568360.0,
Charlotte Bobcats_2014,10,johnsja01_2014,3.1976,3.1707,0.0269,hendege02,507409.0,6000000.0,
Atlanta Hawks_2015,1,curryst01_2015,3.7061,3.7061,0.0,schrode01,10629213.0,1690680.0,
Atlanta Hawks_2015,2,hardeja01_2015,3.645,3.6489,-0.0039,carrode01,14728844.0,2442455.0,
Atlanta Hawks_2015,3,jamesle01_2015,3.2117,3.2156,-0.0039,carrode01,20644400.0,2442455.0,
Atlanta Hawks_2015,4,paulch01_2015,3.0861,3.0861,0.0,schrode01,20068563.0,1690680.0,
Atlanta Hawks_2015,5,duranke01_2015,3.047,3.0233,0.0238,carrode01,18995624.0,2442455.0,
Atlanta Hawks_2015,6,westbru01_2015,2.8235,2.8235,0.0,schrode01,15719062.0,1690680.0,
Atlanta Hawks_2015,7,davisan02_2015,2.6583,2.6583,0.0,horfoal01,5607240.0,12000000.0,
Atlanta Hawks_2015,8,leonaka01_2015,2.4507,2.427,0.0238,carrode01,2894059.0,2442455.0,
Atlanta Hawks_2015,9,hillge01_2015,2.0332,2.0332,0.0,schrode01,8000000.0,1690680.0,
Atlanta Hawks_2015,10,greenda02_2015,2.0176,1.984,0.0336,bazemke01,4025000.0,2000000.0,
Boston Celtics_2015,1,curryst01_2015,6.3971,6.4916,-0.0945,bradlav01,10629213.0,7191011.0,
Boston Celtics_2015,2,hardeja01_2015,5.5214,5.6158,-0.0945,bradlav01,14728844.0,7191011.0,
Boston Celtics_2015,3,paulch01_2015,5.3711,5.4655,-0.0945,bradlav01,20068563.0,7191011.0,
Boston Celtics_2015,4,westbru01_2015,4.9363,5.0308,-0.0945,bradlav01,15719062.0,7191011.0,
Boston Celtics_2015,5,jamesle01_2015,4.3277,4.3277,0.0,turneev01,20644400.0,3278000.0,
Boston Celtics_2015,6,duranke01_2015,4.0847,4.1319,-0.0472,turneev01,18995624.0,3278000.0,
Boston Celtics_2015,7,davisan02_2015,3.7558,3.7558,0.0,bassbr01,5607240.0,6900000.0,
Boston Celtics_2015,8,hillge01_2015,3.6283,3.7228,-0.0945,bradlav01,8000000.0,7191011.0,
Boston Celtics_2015,9,greenda02_2015,3.5787,3.5787,0.0,bradlav01,4025000.0,7191011.0,
Boston Celtics_2015,10,leonaka01_2015,3.4778,3.5249,-0.0472,turneev01,2894059.0,3278000.0,
Cleveland Cavaliers_2015,1,davisan02_2015,3.7894,4.1347,-0.3453,thomptr01,5607240.0,5138430.0,
Cleveland Cavaliers_2015,2,curryst01_2015,3.7121,3.7121,-0.0,irvinky01,10629213.0,7070730.0,
Cleveland Cavaliers_2015,3,hardeja01_2015,3.1611,3.1484,0.0127,dellama01,14728844.0,816482.0,
Cleveland Cavaliers_2015,4,paulch01_2015,3.0783,3.0656,0.0127,dellama01,20068563.0,816482.0,
Cleveland Cavaliers_2015,5,westbru01_2015,2.8387,2.8261,0.0127,dellama01,15719062.0,816482.0,
Cleveland Cavaliers_2015,6,duranke01_2015,2.6948,2.552,0.1428,loveke01,18995624.0,15719062.0,
Cleveland Cavaliers_2015,7,hillge01_2015,2.118,2.1054,0.0127,dellama01,8000000.0,816482.0,
Cleveland Cavaliers_2015,8,leonaka01_2015,2.0115,1.8687,0.1428,loveke01,2894059.0,15719062.0,
Cleveland Cavaliers_2015,9,goberru01_2015,1.9356,1.9356,0.0,thomptr01,1127400.0,5138430.0,
Cleveland Cavaliers_2015,10,thompkl01_2015,1.902,1.9426,-0.0406,dellama01,3075880.0,816482.0,
New Orleans Pelicans_2015,1,curryst01_2015,4.9197,4.9197,0.0,gordoer01,10629213.0,14898938.0,
New Orleans Pelicans_2015,2,hardeja01_2015,4.4091,4.4091,0.0,evansty01,14728844.0,10763500.0,
New Orleans Pelicans_2015,3,paulch01_2015,4.0813,4.0813,0.0,gordoer01,20068563.0,14898938.0,
New Orleans Pelicans_2015,4,jamesle01_2015,3.8819,3.8819,0.0,evansty01,20644400.0,10763500.0,
New Orleans Pelicans_2015,5,westbru01_2015,3.7691,3.7691,0.0,evansty01,15719062.0,10763500.0,
New Orleans Pelicans_2015,6,duranke01_2015,3.5584,3.6478,-0.0894,evansty01,18995624.0,10763500.0,
New Orleans Pelicans_2015,7,leonaka01_2015,2.8327,2.9221,-0.0894,evansty01,2894059.0,10763500.0,
New Orleans Pelicans_2015,8,hillge01_2015,2.6573,2.6573,0.0,gordoer01,8000000.0,14898938.0,
New Orleans Pelicans_2015,9,greenda02_2015,2.5562,2.5395,0.0167,gordoer01,4025000.0,14898938.0,
New Orleans Pelicans_2015,10,thompkl01_2015,2.3438,2.416,-0.0722,gordoer01,3075880.0,14898938.0,
Chicago Bulls_2015,1,curryst01_2015,4.6897,4.6741,0.0156,hinriki01,10629213.0,2730000.0,
Chicago Bulls_2015,2,hardeja01_2015,4.1157,4.1,0.0156,hinriki01,14728844.0,2730000.0,
Chicago Bulls_2015,3,paulch01_2015,4.0171,4.0015,0.0156,hinriki01,20068563.0,2730000.0,
Chicago Bulls_2015,4,westbru01_2015,3.7321,3.7165,0.0156,hinriki01,15719062.0,2730000.0,
Chicago Bulls_2015,5,davisan02_2015,3.2551,3.2551,0.0,gasolpa01,5607240.0,7128000.0,
Chicago Bulls_2015,6,jamesle01_2015,3.0007,2.9116,0.0891,gibsota01,20644400.0,8000000.0,
Chicago Bulls_2015,7,hillge01_2015,2.8746,2.859,0.0156,hinriki01,8000000.0,2730000.0,
Chicago Bulls_2015,8,duranke01_2015,2.8104,2.7674,0.043,gibsota01,18995624.0,8000000.0,
Chicago Bulls_2015,9,greenda02_2015,2.7646,2.7646,0.0,hinriki01,4025000.0,2730000.0,
Chicago Bulls_2015,10,thompkl01_2015,2.624,2.6654,-0.0415,hinriki01,3075880.0,2730000.0,
Dallas Mavericks_2015,1,hardeja01_2015,5.3211,5.1454,0.1757,ellismo01,14728844.0,8360000.0,
Dallas Mavericks_2015,2,westbru01_2015,4.6759,4.5002,0.1757,ellismo01,15719062.0,8360000.0,
Dallas Mavericks_2015,3,curryst01_2015,3.3054,3.3054,0.0,harride01,10629213.0,3878000.0,
Dallas Mavericks_2015,4,hillge01_2015,3.2335,3.0578,0.1757,ellismo01,8000000.0,8360000.0,
Dallas Mavericks_2015,5,davisan02_2015,3.1228,3.2159,-0.0931,nowitdi01,5607240.0,7974482.0,
Dallas Mavericks_2015,6,greenda02_2015,3.0209,2.8989,0.1221,ellismo01,4025000.0,8360000.0,
Dallas Mavericks_2015,7,jamesle01_2015,2.8234,2.8538,-0.0304,parsoch01,20644400.0,14700000.0,
Dallas Mavericks_2015,8,paulch01_2015,2.7434,2.7434,0.0,rondora01,20068563.0,12909091.0,
Dallas Mavericks_2015,9,thompkl01_2015,2.7321,2.7321,0.0,ellismo01,3075880.0,8360000.0,
Dallas Mavericks_2015,10,lillada01_2015,2.6403,2.4646,0.1757,ellismo01,3340920.0,8360000.0,
Denver Nuggets_2015,1,hardeja01_2015,5.2324,5.1615,0.0709,chandwi01,14728844.0,6757913.0,
Denver Nuggets_2015,2,jamesle01_2015,4.7459,4.675,0.0709,chandwi01,20644400.0,6757913.0,
Denver Nuggets_2015,3,curryst01_2015,4.5434,4.5434,0.0,lawsoty01,10629213.0,11595506.0,
Denver Nuggets_2015,4,duranke01_2015,4.3599,4.4591,-0.0991,chandwi01,18995624.0,6757913.0,
Denver Nuggets_2015,5,westbru01_2015,3.7658,3.642,0.1238,afflaar01,15719062.0,7750000.0,
Denver Nuggets_2015,6,davisan02_2015,3.7565,3.8087,-0.0522,farieke01,5607240.0,2249768.0,
Denver Nuggets_2015,7,leonaka01_2015,3.6904,3.7895,-0.0991,chandwi01,2894059.0,6757913.0,
Denver Nuggets_2015,8,paulch01_2015,3.4139,3.4139,0.0,lawsoty01,20068563.0,11595506.0,
Denver Nuggets_2015,9,greenda02_2015,3.1052,3.1052,-0.0,chandwi01,4025000.0,6757913.0,
Denver Nuggets_2015,10,thompkl01_2015,2.8534,2.9525,-0.0991,chandwi01,3075880.0,6757913.0,
Golden State Warriors_2015,1,davisan02_2015,4.1786,4.377,-0.1984,barneha02,5607240.0,3049920.0,
Golden State Warriors_2015,2,jamesle01_2015,3.8703,3.9125,-0.0422,barneha02,20644400.0,3049920.0,
Golden State Warriors_2015,3,duranke01_2015,3.588,3.7098,-0.1219,barneha02,18995624.0,3049920.0,
Golden State Warriors_2015,4,hardeja01_2015,3.0144,3.063,-0.0486,iguodan01,14728844.0,12289544.0,
Golden State Warriors_2015,5,leonaka01_2015,2.9596,3.0815,-0.1219,barneha02,2894059.0,3049920.0,
Golden State Warriors_2015,6,paulch01_2015,2.9126,2.8896,0.023,livinsh01,20068563.0,5305000.0,
Golden State Warriors_2015,7,westbru01_2015,2.659,2.6359,0.023,livinsh01,15719062.0,5305000.0,
Golden State Warriors_2015,8,greenda02_2015,2.4449,2.4393,0.0056,barneha02,4025000.0,3049920.0,
Golden State Warriors_2015,9,hillge01_2015,1.8959,1.8728,0.023,livinsh01,8000000.0,5305000.0,
Golden State Warriors_2015,10,millspa01_2015,1.772,1.772,0.0,barneha02,9500000.0,3049920.0,
Houston Rockets_2015,1,jamesle01_2015,4.471,4.3765,0.0945,arizatr01,20644400.0,8579089.0,
Houston Rockets_2015,2,davisan02_2015,4.0818,4.1144,-0.0327,motiedo01,5607240.0,1483920.0,
Houston Rockets_2015,3,curryst01_2015,4.0797,4.0119,0.0678,beverpa01,10629213.0,915243.0,
Houston Rockets_2015,4,duranke01_2015,4.0795,4.1234,-0.044,arizatr01,18995624.0,8579089.0,
Houston Rockets_2015,5,paulch01_2015,3.3654,3.2976,0.0678,beverpa01,20068563.0,915243.0,
Houston Rockets_2015,6,leonaka01_2015,3.295,3.3389,-0.044,arizatr01,2894059.0,8579089.0,
Houston Rockets_2015,7,westbru01_2015,3.0627,2.9949,0.0678,beverpa01,15719062.0,915243.0,
Houston Rockets_2015,8,greenda02_2015,2.5372,2.5372,-0.0,arizatr01,4025000.0,8579089.0,
Houston Rockets_2015,9,goberru01_2015,2.3474,2.0836,0.2638,motiedo01,1127400.0,1483920.0,
Houston Rockets_2015,10,greendr01_2015,2.2382,2.1133,0.1249,motiedo01,915243.0,1483920.0,
Los Angeles Clippers_2015,1,hardeja01_2015,4.1463,4.1646,-0.0184,barnema02,14728844.0,3396250.0,
Los Angeles Clippers_2015,2,jamesle01_2015,3.6978,3.7162,-0.0184,barnema02,20644400.0,3396250.0,
Los Angeles Clippers_2015,3,duranke01_2015,3.4209,3.5171,-0.0962,barnema02,18995624.0,3396250.0,
Los Angeles Clippers_2015,4,westbru01_2015,3.0265,3.042,-0.0154,redicjj01,15719062.0,6583500.0,
Los Angeles Clippers_2015,5,davisan02_2015,2.9554,3.0512,-0.0959,hawessp01,5607240.0,5305000.0,
Los Angeles Clippers_2015,6,leonaka01_2015,2.8037,2.9,-0.0962,barnema02,2894059.0,3396250.0,
Los Angeles Clippers_2015,7,greenda02_2015,2.2692,2.2692,0.0,barnema02,4025000.0,3396250.0,
Los Angeles Clippers_2015,8,curryst01_2015,2.2632,2.2571,0.0062,riverau01,10629213.0,2439840.0,
Los Angeles Clippers_2015,9,thompkl01_2015,2.0323,2.1285,-0.0962,barnema02,3075880.0,3396250.0,
Los Angeles Clippers_2015,10,butleji01_2015,1.9445,2.0407,-0.0962,barnema02,2008748.0,3396250.0,
Los Angeles Lakers_2015,1,davisan02_2015,4.795,4.795,0.0,hilljo01,5607240.0,9000000.0,
Los Angeles Lakers_2015,2,jamesle01_2015,4.6361,4.6932,-0.0571,johnswe01,20644400.0,981084.0,
Los Angeles Lakers_2015,3,curryst01_2015,4.4535,4.4535,-0.0,linje01,10629213.0,8374646.0,
Los Angeles Lakers_2015,4,duranke01_2015,4.3714,4.498,-0.1266,johnswe01,18995624.0,981084.0,
Los Angeles Lakers_2015,5,leonaka01_2015,3.7661,3.8927,-0.1266,johnswe01,2894059.0,981084.0,
Los Angeles Lakers_2015,6,paulch01_2015,3.653,3.653,-0.0,linje01,20068563.0,8374646.0,
Los Angeles Lakers_2015,7,hardeja01_2015,3.5089,3.5379,-0.0291,ellinwa01,14728844.0,1063384.0,
Los Angeles Lakers_2015,8,westbru01_2015,3.3138,3.3138,-0.0,linje01,15719062.0,8374646.0,
Los Angeles Lakers_2015,9,greenda02_2015,3.2741,3.2741,0.0,johnswe01,4025000.0,981084.0,
Los Angeles Lakers_2015,10,goberru01_2015,3.1591,2.8962,0.2629,hilljo01,1127400.0,9000000.0,
Miami Heat_2015,1,curryst01_2015,6.59,6.59,0.0,chalmma01,10629213.0,4000000.0,
Miami Heat_2015,2,hardeja01_2015,5.74,5.74,0.0,chalmma01,14728844.0,4000000.0,
Miami Heat_2015,3,paulch01_2015,5.5941,5.5941,0.0,chalmma01,20068563.0,4000000.0,
Miami Heat_2015,4,westbru01_2015,5.1722,5.1722,0.0,chalmma01,15719062.0,4000000.0,
Miami Heat_2015,5,davisan02_2015,4.0177,4.2304,-0.2128,denglu01,5607240.0,9714461.0,
Miami Heat_2015,6,hillge01_2015,3.9026,3.9026,0.0,chalmma01,8000000.0,4000000.0,
Miami Heat_2015,7,greenda02_2015,3.7983,3.7628,0.0355,chalmma01,4025000.0,4000000.0,
Miami Heat_2015,8,jamesle01_2015,3.7082,3.7437,-0.0355,denglu01,20644400.0,9714461.0,
Miami Heat_2015,9,thompkl01_2015,3.5471,3.616,-0.0689,chalmma01,3075880.0,4000000.0,
Miami Heat_2015,10,butleji01_2015,3.4555,3.5244,-0.0689,chalmma01,2008748.0,4000000.0,
Milwaukee Bucks_2015,1,hardeja01_2015,4.6409,4.6936,-0.0526,antetgi01,14728844.0,1873200.0,
Milwaukee Bucks_2015,2,curryst01_2015,4.4214,4.4214,0.0,bayleje01,10629213.0,3000000.0,
Milwaukee Bucks_2015,3,jamesle01_2015,4.1484,4.201,-0.0526,antetgi01,20644400.0,1873200.0,
Milwaukee Bucks_2015,4,duranke01_2015,3.8565,3.9823,-0.1258,antetgi01,18995624.0,1873200.0,
Milwaukee Bucks_2015,5,paulch01_2015,3.7203,3.7203,0.0,bayleje01,20068563.0,3000000.0,
Milwaukee Bucks_2015,6,westbru01_2015,3.4232,3.4232,0.0,bayleje01,15719062.0,3000000.0,
Milwaukee Bucks_2015,7,leonaka01_2015,3.1785,3.3044,-0.1258,antetgi01,2894059.0,1873200.0,
Milwaukee Bucks_2015,8,davisan02_2015,2.6731,2.8098,-0.1367,middlkh01,5607240.0,915243.0,
Milwaukee Bucks_2015,9,greenda02_2015,2.6576,2.6115,0.046,antetgi01,4025000.0,1873200.0,
Milwaukee Bucks_2015,10,hillge01_2015,2.5294,2.5294,0.0,bayleje01,8000000.0,3000000.0,
Minnesota Timberwolves_2015,1,hardeja01_2015,7.471,7.4227,0.0483,wiggian01,14728844.0,5510640.0,
Minnesota Timberwolves_2015,2,jamesle01_2015,6.893,6.8447,0.0483,wiggian01,20644400.0,5510640.0,
Minnesota Timberwolves_2015,3,duranke01_2015,6.5881,6.5881,0.0,wiggian01,18995624.0,5510640.0,
Minnesota Timberwolves_2015,4,curryst01_2015,6.3514,6.3514,-0.0,lavinza01,10629213.0,2055840.0,
Minnesota Timberwolves_2015,5,leonaka01_2015,5.7926,5.7926,0.0,wiggian01,2894059.0,5510640.0,
Minnesota Timberwolves_2015,6,paulch01_2015,5.559,5.559,-0.0,lavinza01,20068563.0,2055840.0,
Minnesota Timberwolves_2015,7,westbru01_2015,5.2232,5.2232,-0.0,lavinza01,15719062.0,2055840.0,
Minnesota Timberwolves_2015,8,greenda02_2015,5.0988,4.9796,0.1192,wiggian01,4025000.0,5510640.0,
Minnesota Timberwolves_2015,9,thompkl01_2015,4.7982,4.7982,0.0,wiggian01,3075880.0,5510640.0,
Minnesota Timberwolves_2015,10,butleji01_2015,4.685,4.685,0.0,wiggian01,2008748.0,5510640.0,
Brooklyn Nets_2015,1,curryst01_2015,6.0312,6.0312,0.0,jackja01,10629213.0,6300000.0,
Brooklyn Nets_2015,2,hardeja01_2015,5.3232,5.2722,0.051,johnsjo02,14728844.0,23180790.0,
Brooklyn Nets_2015,3,paulch01_2015,5.098,5.098,0.0,jackja01,20068563.0,6300000.0,
Brooklyn Nets_2015,4,jamesle01_2015,4.7846,4.7335,0.051,johnsjo02,20644400.0,23180790.0,
Brooklyn Nets_2015,5,westbru01_2015,4.7026,4.7026,0.0,jackja01,15719062.0,6300000.0,
Brooklyn Nets_2015,6,duranke01_2015,4.4944,4.4944,0.0,johnsjo02,18995624.0,23180790.0,
Brooklyn Nets_2015,7,leonaka01_2015,3.7531,3.7531,0.0,johnsjo02,2894059.0,23180790.0,
Brooklyn Nets_2015,8,davisan02_2015,3.5951,3.5951,0.0,lopezbr01,5607240.0,15719063.0,
Brooklyn Nets_2015,9,hillge01_2015,3.513,3.513,0.0,jackja01,8000000.0,6300000.0,
Brooklyn Nets_2015,10,thompkl01_2015,3.1302,3.2444,-0.1142,jackja01,3075880.0,6300000.0,
New York Knicks_2015,1,curryst01_2015,5.1206,5.1206,0.0,larkish01,10629213.0,1606080.0,
New York Knicks_2015,2,davisan02_2015,4.9356,4.988,-0.0524,smithja02,5607240.0,3278000.0,
New York Knicks_2015,3,paulch01_2015,4.347,4.347,0.0,larkish01,20068563.0,1606080.0,
New York Knicks_2015,4,hardeja01_2015,4.1338,4.1599,-0.0261,hardati02,14728844.0,1250640.0,
New York Knicks_2015,5,westbru01_2015,4.0192,4.0192,0.0,larkish01,15719062.0,1606080.0,
New York Knicks_2015,6,goberru01_2015,3.3269,3.1517,0.1752,smithja02,1127400.0,3278000.0,
New York Knicks_2015,7,greendr01_2015,3.2786,3.1786,0.1,smithja02,915243.0,3278000.0,
New York Knicks_2015,8,gasolma01_2015,3.2571,3.3095,-0.0524,smithja02,15829688.0,3278000.0,
New York Knicks_2015,9,couside01_2015,3.1902,3.2426,-0.0524,smithja02,13701250.0,3278000.0,
New York Knicks_2015,10,leonaka01_2015,3.1157,3.2205,-0.1048,hardati02,2894059.0,1250640.0,
Orlando Magic_2015,1,curryst01_2015,6.1933,6.1933,-0.0,oladivi01,10629213.0,4978200.0,
Orlando Magic_2015,2,hardeja01_2015,5.2714,5.2714,-0.0,oladivi01,14728844.0,4978200.0,
Orlando Magic_2015,3,paulch01_2015,5.1132,5.1132,-0.0,oladivi01,20068563.0,4978200.0,
Orlando Magic_2015,4,davisan02_2015,4.7792,4.7792,0.0,vucevni01,5607240.0,2751260.0,
Orlando Magic_2015,5,westbru01_2015,4.6555,4.6555,-0.0,oladivi01,15719062.0,4978200.0,
Orlando Magic_2015,6,jamesle01_2015,4.1648,4.1259,0.0389,harrito02,20644400.0,2380594.0,
Orlando Magic_2015,7,duranke01_2015,3.9194,3.9194,0.0,harrito02,18995624.0,2380594.0,
Orlando Magic_2015,8,leonaka01_2015,3.2791,3.2791,0.0,harrito02,2894059.0,2380594.0,
Orlando Magic_2015,9,hillge01_2015,3.2784,3.2784,-0.0,oladivi01,8000000.0,4978200.0,
Orlando Magic_2015,10,greenda02_2015,3.1759,3.1267,0.0491,oladivi01,4025000.0,4978200.0,
Indiana Pacers_2015,1,hardeja01_2015,5.4486,5.5192,-0.0706,hillso01,14728844.0,1302840.0,
Indiana Pacers_2015,2,jamesle01_2015,4.9873,5.0579,-0.0706,hillso01,20644400.0,1302840.0,
Indiana Pacers_2015,3,duranke01_2015,4.7331,4.8531,-0.12,hillso01,18995624.0,1302840.0,
Indiana Pacers_2015,4,davisan02_2015,4.1655,4.1655,0.0,hibbero01,5607240.0,14898938.0,
Indiana Pacers_2015,5,curryst01_2015,4.1186,4.1082,0.0104,stuckro01,10629213.0,1227985.0,
Indiana Pacers_2015,6,leonaka01_2015,4.0982,4.2182,-0.12,hillso01,2894059.0,1302840.0,
Indiana Pacers_2015,7,greenda02_2015,3.5868,3.5693,0.0174,hillso01,4025000.0,1302840.0,
Indiana Pacers_2015,8,paulch01_2015,3.3396,3.3292,0.0104,stuckro01,20068563.0,1227985.0,
Indiana Pacers_2015,9,thompkl01_2015,3.3045,3.4246,-0.12,hillso01,3075880.0,1302840.0,
Indiana Pacers_2015,10,butleji01_2015,3.2142,3.3342,-0.12,hillso01,2008748.0,1302840.0,
Philadelphia 76ers_2015,1,davisan02_2015,4.6362,4.7816,-0.1454,mbahalu01,5607240.0,4382576.0,
Philadelphia 76ers_2015,2,jamesle01_2015,4.4096,4.3965,0.0131,mbahalu01,20644400.0,4382576.0,
Philadelphia 76ers_2015,3,duranke01_2015,4.2015,4.2285,-0.027,mbahalu01,18995624.0,4382576.0,
Philadelphia 76ers_2015,4,hardeja01_2015,4.0571,4.0748,-0.0178,thompho01,14728844.0,816482.0,
Philadelphia 76ers_2015,5,leonaka01_2015,3.6807,3.7077,-0.027,mbahalu01,2894059.0,4382576.0,
Philadelphia 76ers_2015,6,westbru01_2015,3.6315,3.6492,-0.0178,thompho01,15719062.0,816482.0,
Philadelphia 76ers_2015,7,curryst01_2015,3.3981,3.3981,0.0,cartemi01,10629213.0,2300040.0,
Philadelphia 76ers_2015,8,greendr01_2015,2.8549,2.8549,0.0,mbahalu01,915243.0,4382576.0,
Philadelphia 76ers_2015,9,paulch01_2015,2.808,2.808,0.0,cartemi01,20068563.0,2300040.0,
Philadelphia 76ers_2015,10,millspa01_2015,2.6222,2.6222,0.0,mbahalu01,9500000.0,4382576.0,
Phoenix Suns_2015,1,curryst01_2015,4.9807,4.9807,0.0,bledser01,10629213.0,12173913.0,
Phoenix Suns_2015,2,davisan02_2015,4.8293,4.8293,0.0,morrima02,5607240.0,2989239.0,
Phoenix Suns_2015,3,hardeja01_2015,4.4667,4.4973,-0.0307,tuckepj01,14728844.0,5700000.0,
Phoenix Suns_2015,4,jamesle01_2015,4.0043,4.0349,-0.0307,tuckepj01,20644400.0,5700000.0,
Phoenix Suns_2015,5,paulch01_2015,3.8164,3.8164,0.0,bledser01,20068563.0,12173913.0,
Phoenix Suns_2015,6,duranke01_2015,3.7389,3.8296,-0.0908,tuckepj01,18995624.0,5700000.0,
Phoenix Suns_2015,7,westbru01_2015,3.323,3.323,0.0,bledser01,15719062.0,12173913.0,
Phoenix Suns_2015,8,leonaka01_2015,3.1025,3.1932,-0.0908,tuckepj01,2894059.0,5700000.0,
Phoenix Suns_2015,9,goberru01_2015,2.7473,2.2309,0.5164,morrima02,1127400.0,2989239.0,
Phoenix Suns_2015,10,greenda02_2015,2.5628,2.5428,0.02,tuckepj01,4025000.0,5700000.0,
Portland Trail Blazers_2015,1,curryst01_2015,3.9215,3.9215,0.0,lillada01,10629213.0,3340920.0,
Portland Trail Blazers_2015,2,jamesle01_2015,3.1792,3.2165,-0.0373,batumni01,20644400.0,11765500.0,
Portland Trail Blazers_2015,3,davisan02_2015,3.1743,3.1743,-0.0,aldrila01,5607240.0,16006000.0,
Portland Trail Blazers_2015,4,paulch01_2015,3.1228,3.1228,-0.0,blakest01,20068563.0,2077000.0,
Portland Trail Blazers_2015,5,duranke01_2015,2.9113,3.0094,-0.0981,batumni01,18995624.0,11765500.0,
Portland Trail Blazers_2015,6,hardeja01_2015,2.8829,2.8829,0.0,lillada01,14728844.0,3340920.0,
Portland Trail Blazers_2015,7,westbru01_2015,2.8539,2.8539,-0.0,blakest01,15719062.0,2077000.0,
Portland Trail Blazers_2015,8,leonaka01_2015,2.2692,2.3673,-0.0981,batumni01,2894059.0,11765500.0,
Portland Trail Blazers_2015,9,hillge01_2015,2.045,2.045,-0.0,blakest01,8000000.0,2077000.0,
Portland Trail Blazers_2015,10,goberru01_2015,1.7707,1.5545,0.2162,kamanch01,1127400.0,4800000.0,
Sacramento Kings_2015,1,hardeja01_2015,5.8005,5.8772,-0.0767,mclembe01,14728844.0,3026280.0,
Sacramento Kings_2015,2,westbru01_2015,5.1654,5.2421,-0.0767,mclembe01,15719062.0,3026280.0,
Sacramento Kings_2015,3,davisan02_2015,4.8556,4.8911,-0.0355,thompja02,5607240.0,6037500.0,
Sacramento Kings_2015,4,curryst01_2015,3.9551,3.9551,-0.0,mccalra01,10629213.0,816482.0,
Sacramento Kings_2015,5,hillge01_2015,3.7455,3.8222,-0.0767,mclembe01,8000000.0,3026280.0,
Sacramento Kings_2015,6,greenda02_2015,3.6657,3.6657,-0.0,mclembe01,4025000.0,3026280.0,
Sacramento Kings_2015,7,thompkl01_2015,3.363,3.5016,-0.1385,mclembe01,3075880.0,3026280.0,
Sacramento Kings_2015,8,paulch01_2015,3.3536,3.3536,-0.0,mccalra01,20068563.0,816482.0,
Sacramento Kings_2015,9,butleji01_2015,3.2605,3.3991,-0.1385,mclembe01,2008748.0,3026280.0,
Sacramento Kings_2015,10,lillada01_2015,3.1616,3.2383,-0.0767,mclembe01,3340920.0,3026280.0,
San Antonio Spurs_2015,1,curryst01_2015,5.0702,5.0702,0.0,parketo01,10629213.0,12500000.0,
San Antonio Spurs_2015,2,paulch01_2015,4.2651,4.2651,0.0,parketo01,20068563.0,12500000.0,
San Antonio Spurs_2015,3,westbru01_2015,3.9239,3.9239,0.0,parketo01,15719062.0,12500000.0,
San Antonio Spurs_2015,4,davisan02_2015,3.3956,3.5821,-0.1865,diawbo01,5607240.0,7500000.0,
San Antonio Spurs_2015,5,jamesle01_2015,3.1547,3.1923,-0.0376,diawbo01,20644400.0,7500000.0,
San Antonio Spurs_2015,6,hardeja01_2015,3.004,2.9924,0.0116,belinma01,14728844.0,2873750.0,
San Antonio Spurs_2015,7,hillge01_2015,2.8975,2.8975,0.0,parketo01,8000000.0,12500000.0,
San Antonio Spurs_2015,8,duranke01_2015,2.8796,3.0222,-0.1426,diawbo01,18995624.0,7500000.0,
San Antonio Spurs_2015,9,lillada01_2015,2.4754,2.4754,0.0,parketo01,3340920.0,12500000.0,
San Antonio Spurs_2015,10,irvinky01_2015,2.4652,2.4652,0.0,parketo01,7070730.0,12500000.0,
Oklahoma City Thunder_2015,1,hardeja01_2015,3.7643,3.7223,0.042,waitedi01,14728844.0,4062000.0,
Oklahoma City Thunder_2015,2,davisan02_2015,3.5512,3.7813,-0.2301,adamsst01,5607240.0,2184960.0,
Oklahoma City Thunder_2015,3,jamesle01_2015,3.2462,3.1263,0.12,ibakase01,20644400.0,12350000.0,
Oklahoma City Thunder_2015,4,leonaka01_2015,2.9199,2.9199,0.0,waitedi01,2894059.0,4062000.0,
Oklahoma City Thunder_2015,5,hillge01_2015,2.6468,2.6048,0.042,waitedi01,8000000.0,4062000.0,
Oklahoma City Thunder_2015,6,greenda02_2015,2.5798,2.5197,0.0601,waitedi01,4025000.0,4062000.0,
Oklahoma City Thunder_2015,7,curryst01_2015,2.5432,2.5432,0.0,jacksre01,10629213.0,2204370.0,
Oklahoma City Thunder_2015,8,thompkl01_2015,2.4305,2.4305,0.0,waitedi01,3075880.0,4062000.0,
Oklahoma City Thunder_2015,9,butleji01_2015,2.3747,2.3747,0.0,waitedi01,2008748.0,4062000.0,
Oklahoma City Thunder_2015,10,lillada01_2015,2.3293,2.2873,0.042,waitedi01,3340920.0,4062000.0,
Toronto Raptors_2015,1,curryst01_2015,4.8302,4.8302,0.0,vasqugr01,10629213.0,6400000.0,
Toronto Raptors_2015,2,hardeja01_2015,4.5115,4.4614,0.0501,rosste01,14728844.0,2793960.0,
Toronto Raptors_2015,3,jamesle01_2015,4.105,4.0548,0.0501,rosste01,20644400.0,2793960.0,
Toronto Raptors_2015,4,paulch01_2015,4.0081,4.0081,0.0,vasqugr01,20068563.0,6400000.0,
Toronto Raptors_2015,5,davisan02_2015,3.8837,3.9731,-0.0894,valanjo01,5607240.0,3678360.0,
Toronto Raptors_2015,6,duranke01_2015,3.7796,3.8743,-0.0947,rosste01,18995624.0,2793960.0,
Toronto Raptors_2015,7,westbru01_2015,3.6597,3.6597,0.0,vasqugr01,15719062.0,6400000.0,
Toronto Raptors_2015,8,leonaka01_2015,3.22,3.3147,-0.0947,rosste01,2894059.0,2793960.0,
Toronto Raptors_2015,9,greenda02_2015,2.7429,2.7429,-0.0,rosste01,4025000.0,2793960.0,
Toronto Raptors_2015,10,hillge01_2015,2.6117,2.6117,0.0,vasqugr01,8000000.0,6400000.0,
Utah Jazz_2015,1,curryst01_2015,6.0794,6.0794,0.0,burketr01,10629213.0,2548560.0,
Utah Jazz_2015,2,paulch01_2015,5.1172,5.1172,0.0,burketr01,20068563.0,2548560.0,
Utah Jazz_2015,3,westbru01_2015,4.7095,4.7095,0.0,burketr01,15719062.0,2548560.0,
Utah Jazz_2015,4,hardeja01_2015,4.5907,4.5847,0.0061,exumda01,14728844.0,3615000.0,
Utah Jazz_2015,5,hillge01_2015,3.4829,3.4829,0.0,burketr01,8000000.0,2548560.0,
Utah Jazz_2015,6,jamesle01_2015,3.3869,3.3869,0.0,inglejo01,20644400.0,507336.0,
Utah Jazz_2015,7,duranke01_2015,3.1536,3.2414,-0.0878,inglejo01,18995624.0,507336.0,
Utah Jazz_2015,8,davisan02_2015,3.114,3.114,0.0,favorde01,5607240.0,12833333.0,
Utah Jazz_2015,9,lillada01_2015,2.9785,2.9785,0.0,burketr01,3340920.0,2548560.0,
Utah Jazz_2015,10,irvinky01_2015,2.9663,2.9663,0.0,burketr01,7070730.0,2548560.0,
Memphis Grizzlies_2015,1,hardeja01_2015,4.7586,4.8905,-0.1319,leeco01,14728844.0,5450000.0,
Memphis Grizzlies_2015,2,jamesle01_2015,4.3001,4.4321,-0.1319,leeco01,20644400.0,5450000.0,
Memphis Grizzlies_2015,3,duranke01_2015,4.1007,4.2285,-0.1278,leeco01,18995624.0,5450000.0,
Memphis Grizzlies_2015,4,curryst01_2015,3.7079,3.7079,0.0,conlemi01,10629213.0,8894216.0,
Memphis Grizzlies_2015,5,leonaka01_2015,3.4698,3.5976,-0.1278,leeco01,2894059.0,5450000.0,
Memphis Grizzlies_2015,6,davisan02_2015,3.4081,3.4081,0.0,randoza01,5607240.0,16500000.0,
Memphis Grizzlies_2015,7,greenda02_2015,2.9527,2.9527,0.0,leeco01,4025000.0,5450000.0,
Memphis Grizzlies_2015,8,paulch01_2015,2.7868,2.7868,0.0,conlemi01,20068563.0,8894216.0,
Memphis Grizzlies_2015,9,thompkl01_2015,2.6811,2.8089,-0.1278,leeco01,3075880.0,5450000.0,
Memphis Grizzlies_2015,10,butleji01_2015,2.5913,2.7191,-0.1278,leeco01,2008748.0,5450000.0,
Washington Wizards_2015,1,curryst01_2015,4.4495,4.442,0.0075,bealbr01,10629213.0,4505280.0,
Washington Wizards_2015,2,hardeja01_2015,3.7061,3.6986,0.0075,bealbr01,14728844.0,4505280.0,
Washington Wizards_2015,3,davisan02_2015,3.6937,3.6937,0.0,gortama01,5607240.0,10434782.0,
Washington Wizards_2015,4,paulch01_2015,3.5785,3.571,0.0075,bealbr01,20068563.0,4505280.0,
Washington Wizards_2015,5,westbru01_2015,3.2094,3.2019,0.0075,bealbr01,15719062.0,4505280.0,
Washington Wizards_2015,6,jamesle01_2015,3.0637,2.9852,0.0785,hilarne01,20644400.0,13000000.0,
Washington Wizards_2015,7,duranke01_2015,2.8857,2.8387,0.047,hilarne01,18995624.0,13000000.0,
Washington Wizards_2015,8,hillge01_2015,2.0989,2.0914,0.0075,bealbr01,8000000.0,4505280.0,
Washington Wizards_2015,9,leonaka01_2015,2.0672,2.0681,-0.0009,humphkr01,2894059.0,4300000.0,
Washington Wizards_2015,10,greenda02_2015,2.047,1.9691,0.0779,bealbr01,4025000.0,4505280.0,
Detroit Pistons_2015,1,hardeja01_2015,5.2975,5.2894,0.0082,caldwke01,14728844.0,2772480.0,
Detroit Pistons_2015,2,westbru01_2015,4.6785,4.6703,0.0082,caldwke01,15719062.0,2772480.0,
Detroit Pistons_2015,3,davisan02_2015,4.2337,4.6272,-0.3935,drumman01,5607240.0,2568360.0,
Detroit Pistons_2015,4,leonaka01_2015,3.7646,3.8512,-0.0866,caldwke01,2894059.0,2772480.0,
Detroit Pistons_2015,5,curryst01_2015,3.5207,3.5,0.0207,meeksjo01,10629213.0,6000000.0,
Detroit Pistons_2015,6,jamesle01_2015,3.1385,3.1257,0.0127,butleca01,20644400.0,4500000.0,
Detroit Pistons_2015,7,greenda02_2015,3.1339,3.1339,0.0,caldwke01,4025000.0,2772480.0,
Detroit Pistons_2015,8,duranke01_2015,2.9456,2.9862,-0.0407,butleca01,18995624.0,4500000.0,
Detroit Pistons_2015,9,paulch01_2015,2.9072,2.8865,0.0207,meeksjo01,20068563.0,6000000.0,
Detroit Pistons_2015,10,thompkl01_2015,2.8873,2.9739,-0.0866,caldwke01,3075880.0,2772480.0,
Charlotte Hornets_2015,1,hardeja01_2015,4.7839,4.7063,0.0777,hendege02,14728844.0,6000000.0,
Charlotte Hornets_2015,2,westbru01_2015,4.2364,4.1588,0.0777,hendege02,15719062.0,6000000.0,
Charlotte Hornets_2015,3,curryst01_2015,4.1591,4.0782,0.0809,walkeke02,10629213.0,3272091.0,
Charlotte Hornets_2015,4,jamesle01_2015,4.0782,4.0782,0.0,stephla01,20644400.0,9000000.0,
Charlotte Hornets_2015,5,duranke01_2015,3.8609,3.9416,-0.0806,stephla01,18995624.0,9000000.0,
Charlotte Hornets_2015,6,davisan02_2015,3.7974,3.9293,-0.1319,willima02,5607240.0,7000000.0,
Charlotte Hornets_2015,7,leonaka01_2015,3.4373,3.518,-0.0806,stephla01,2894059.0,9000000.0,
Charlotte Hornets_2015,8,paulch01_2015,3.2856,3.2047,0.0809,walkeke02,20068563.0,3272091.0,
Charlotte Hornets_2015,9,greenda02_2015,3.0997,3.085,0.0147,stephla01,4025000.0,9000000.0,
Charlotte Hornets_2015,10,thompkl01_2015,2.9078,2.9885,-0.0806,stephla01,3075880.0,9000000.0,
Atlanta Hawks_2016,1,curryst01_2016,6.0255,6.0255,0.0,teaguje01,11370786.0,8000000.0,
Atlanta Hawks_2016,2,leonaka01_2016,4.5501,4.7265,-0.1764,korveky01,16500000.0,5746479.0,
Atlanta Hawks_2016,3,duranke01_2016,4.1968,4.4461,-0.2493,bazemke01,20158622.0,2000000.0,
Atlanta Hawks_2016,4,jamesle01_2016,4.0841,4.3334,-0.2493,bazemke01,22971000.0,2000000.0,
Atlanta Hawks_2016,5,paulch01_2016,3.9684,3.9684,0.0,teaguje01,21468696.0,8000000.0,
Atlanta Hawks_2016,6,westbru01_2016,3.8449,3.8449,0.0,teaguje01,16744218.0,8000000.0,
Atlanta Hawks_2016,7,hardeja01_2016,3.0011,3.3661,-0.365,korveky01,15756438.0,5746479.0,
Atlanta Hawks_2016,8,lowryky01_2016,2.9708,2.9708,0.0,teaguje01,12000000.0,8000000.0,
Atlanta Hawks_2016,9,greendr01_2016,2.2524,1.9441,0.3083,horfoal01,14300000.0,12000000.0,
Atlanta Hawks_2016,10,ginobma01_2016,1.9342,1.9736,-0.0394,korveky01,2814000.0,5746479.0,
Boston Celtics_2016,1,duranke01_2016,4.965,4.965,0.0,turneev01,20158622.0,3425510.0,
Boston Celtics_2016,2,curryst01_2016,4.8478,4.8478,0.0,thomais02,11370786.0,6912869.0,
Boston Celtics_2016,3,jamesle01_2016,4.8427,4.8427,0.0,turneev01,22971000.0,3425510.0,
Boston Celtics_2016,4,leonaka01_2016,4.712,4.7668,-0.0548,bradlav01,16500000.0,7730337.0,
Boston Celtics_2016,5,westbru01_2016,4.0421,4.1535,-0.1114,bradlav01,16744218.0,7730337.0,
Boston Celtics_2016,6,hardeja01_2016,3.2239,3.3353,-0.1114,bradlav01,15756438.0,7730337.0,
Boston Celtics_2016,7,paulch01_2016,2.9195,3.1243,-0.2048,smartma01,21468696.0,3431040.0,
Boston Celtics_2016,8,greendr01_2016,2.7263,2.5175,0.2088,sullija01,14300000.0,2269260.0,
Boston Celtics_2016,9,georgpa01_2016,2.3803,2.3803,0.0,turneev01,17120106.0,3425510.0,
Boston Celtics_2016,10,lowryky01_2016,2.1763,2.3811,-0.2048,smartma01,12000000.0,3431040.0,
Cleveland Cavaliers_2016,1,curryst01_2016,4.5573,4.7597,-0.2025,dellama01,11370786.0,1147280.0,
Cleveland Cavaliers_2016,2,leonaka01_2016,4.4931,4.5773,-0.0842,smithjr01,16500000.0,5000000.0,
Cleveland Cavaliers_2016,3,duranke01_2016,3.4214,3.4921,-0.0708,loveke01,20158622.0,19500000.0,
Cleveland Cavaliers_2016,4,hardeja01_2016,3.0802,3.2416,-0.1614,smithjr01,15756438.0,5000000.0,
Cleveland Cavaliers_2016,5,paulch01_2016,2.8774,3.0798,-0.2025,dellama01,21468696.0,1147280.0,
Cleveland Cavaliers_2016,6,westbru01_2016,2.7765,2.979,-0.2025,dellama01,16744218.0,1147280.0,
Cleveland Cavaliers_2016,7,greendr01_2016,2.6541,2.814,-0.1598,thomptr01,14300000.0,14260870.0,
Cleveland Cavaliers_2016,8,lowryky01_2016,2.0627,2.2652,-0.2025,dellama01,12000000.0,1147280.0,
Cleveland Cavaliers_2016,9,ginobma01_2016,1.9657,1.8744,0.0913,smithjr01,2814000.0,5000000.0,
Cleveland Cavaliers_2016,10,jokicni01_2016,1.84,1.84,-0.0,mozgoti01,1300000.0,4950000.0,
New Orleans Pelicans_2016,1,duranke01_2016,5.2347,5.4811,-0.2464,cunnida01,20158622.0,3000000.0,
New Orleans Pelicans_2016,2,jamesle01_2016,5.129,5.3754,-0.2464,cunnida01,22971000.0,3000000.0,
New Orleans Pelicans_2016,3,leonaka01_2016,4.9367,5.0767,-0.14,cunnida01,16500000.0,3000000.0,
New Orleans Pelicans_2016,4,greendr01_2016,4.1261,4.1841,-0.058,cunnida01,14300000.0,3000000.0,
New Orleans Pelicans_2016,5,curryst01_2016,4.0213,4.0213,0.0,coleno01,11370786.0,3036927.0,
New Orleans Pelicans_2016,6,georgpa01_2016,2.9995,3.246,-0.2464,cunnida01,17120106.0,3000000.0,
New Orleans Pelicans_2016,7,paulch01_2016,2.9375,2.9375,0.0,coleno01,21468696.0,3036927.0,
New Orleans Pelicans_2016,8,hardeja01_2016,2.8974,3.0103,-0.1129,geeal01,15756438.0,1375000.0,
New Orleans Pelicans_2016,9,westbru01_2016,2.8725,2.8725,0.0,coleno01,16744218.0,3036927.0,
New Orleans Pelicans_2016,10,millspa01_2016,2.7233,2.8634,-0.14,cunnida01,19000000.0,3000000.0,
Chicago Bulls_2016,1,curryst01_2016,7.0958,7.0958,-0.0,rosede01,11370786.0,20093063.0,
Chicago Bulls_2016,2,paulch01_2016,5.1928,5.1928,-0.0,rosede01,21468696.0,20093063.0,
Chicago Bulls_2016,3,westbru01_2016,5.0786,5.0786,-0.0,rosede01,16744218.0,20093063.0,
Chicago Bulls_2016,4,duranke01_2016,4.9485,5.0431,-0.0946,mcderdo01,20158622.0,2380440.0,
Chicago Bulls_2016,5,jamesle01_2016,4.8479,4.9425,-0.0946,mcderdo01,22971000.0,2380440.0,
Chicago Bulls_2016,6,leonaka01_2016,4.6382,4.6585,-0.0203,mcderdo01,16500000.0,2380440.0,
Chicago Bulls_2016,7,lowryky01_2016,4.2699,4.2699,-0.0,rosede01,12000000.0,20093063.0,
Chicago Bulls_2016,8,hardeja01_2016,3.5058,3.6005,-0.0946,mcderdo01,15756438.0,2380440.0,
Chicago Bulls_2016,9,walkeke02_2016,3.3062,3.3062,-0.0,rosede01,12000000.0,20093063.0,
Chicago Bulls_2016,10,thomais02_2016,3.2621,3.2621,-0.0,rosede01,6912869.0,20093063.0,
Dallas Mavericks_2016,1,curryst01_2016,6.4822,6.4822,0.0,feltora01,11370786.0,3950313.0,
Dallas Mavericks_2016,2,duranke01_2016,5.5406,5.6899,-0.1494,matthwe02,20158622.0,16400000.0,
Dallas Mavericks_2016,3,jamesle01_2016,5.4014,5.5508,-0.1494,matthwe02,22971000.0,16400000.0,
Dallas Mavericks_2016,4,leonaka01_2016,5.0891,5.1577,-0.0686,matthwe02,16500000.0,16400000.0,
Dallas Mavericks_2016,5,paulch01_2016,4.5226,4.5226,0.0,feltora01,21468696.0,3950313.0,
Dallas Mavericks_2016,6,westbru01_2016,4.405,4.405,0.0,feltora01,16744218.0,3950313.0,
Dallas Mavericks_2016,7,hardeja01_2016,3.7042,3.7042,0.0,feltora01,15756438.0,3950313.0,
Dallas Mavericks_2016,8,lowryky01_2016,3.5724,3.5724,0.0,feltora01,12000000.0,3950313.0,
Dallas Mavericks_2016,9,greendr01_2016,2.8623,2.9368,-0.0745,pachuza01,14300000.0,5200000.0,
Dallas Mavericks_2016,10,ginobma01_2016,2.7024,2.4492,0.2531,feltora01,2814000.0,3950313.0,
Denver Nuggets_2016,1,curryst01_2016,7.3408,7.3408,0.0,mudiaem01,11370786.0,3102240.0,
Denver Nuggets_2016,2,paulch01_2016,5.4462,5.4462,0.0,mudiaem01,21468696.0,3102240.0,
Denver Nuggets_2016,3,westbru01_2016,5.3325,5.3325,0.0,mudiaem01,16744218.0,3102240.0,
Denver Nuggets_2016,4,lowryky01_2016,4.5275,4.5275,0.0,mudiaem01,12000000.0,3102240.0,
Denver Nuggets_2016,5,duranke01_2016,4.4865,4.5826,-0.0961,bartowi01,20158622.0,3333333.0,
Denver Nuggets_2016,6,jamesle01_2016,4.3601,4.4562,-0.0961,bartowi01,22971000.0,3333333.0,
Denver Nuggets_2016,7,leonaka01_2016,4.0948,4.0989,-0.0041,bartowi01,16500000.0,3333333.0,
Denver Nuggets_2016,8,hardeja01_2016,3.9952,4.0394,-0.0442,harriga01,15756438.0,1587480.0,
Denver Nuggets_2016,9,ginobma01_2016,3.6481,3.4416,0.2064,mudiaem01,2814000.0,3102240.0,
Denver Nuggets_2016,10,walkeke02_2016,3.568,3.568,0.0,mudiaem01,12000000.0,3102240.0,
Golden State Warriors_2016,1,duranke01_2016,4.823,4.88,-0.057,barneha02,20158622.0,3873398.0,
Golden State Warriors_2016,2,jamesle01_2016,4.7143,4.7713,-0.057,barneha02,22971000.0,3873398.0,
Golden State Warriors_2016,3,leonaka01_2016,4.5204,4.464,0.0565,barneha02,16500000.0,3873398.0,
Golden State Warriors_2016,4,georgpa01_2016,2.5237,2.5807,-0.057,barneha02,17120106.0,3873398.0,
Golden State Warriors_2016,5,paulch01_2016,2.3799,2.3799,0.0,livinsh01,21468696.0,5543725.0,
Golden State Warriors_2016,6,hardeja01_2016,2.3417,2.4005,-0.0588,thompkl01,15756438.0,15500000.0,
Golden State Warriors_2016,7,westbru01_2016,2.3002,2.3002,0.0,livinsh01,16744218.0,5543725.0,
Golden State Warriors_2016,8,millspa01_2016,2.2436,2.1872,0.0565,barneha02,19000000.0,3873398.0,
Golden State Warriors_2016,9,griffbl01_2016,2.0756,2.0192,0.0565,barneha02,18907725.0,3873398.0,
Golden State Warriors_2016,10,boshch01_2016,2.0435,1.987,0.0565,barneha02,22192730.0,3873398.0,
Houston Rockets_2016,1,duranke01_2016,5.7012,6.0473,-0.3461,arizatr01,20158622.0,8193030.0,
Houston Rockets_2016,2,jamesle01_2016,5.5488,5.8949,-0.3461,arizatr01,22971000.0,8193030.0,
Houston Rockets_2016,3,leonaka01_2016,5.193,5.4641,-0.2711,arizatr01,16500000.0,8193030.0,
Houston Rockets_2016,4,curryst01_2016,4.9151,5.0344,-0.1193,beverpa01,11370786.0,6500000.0,
Houston Rockets_2016,5,greendr01_2016,4.0863,4.177,-0.0907,arizatr01,14300000.0,8193030.0,
Houston Rockets_2016,6,paulch01_2016,3.0908,3.2101,-0.1193,beverpa01,21468696.0,6500000.0,
Houston Rockets_2016,7,westbru01_2016,2.9813,3.1006,-0.1193,beverpa01,16744218.0,6500000.0,
Houston Rockets_2016,8,georgpa01_2016,2.4812,2.5908,-0.1096,breweco01,17120106.0,8200000.0,
Houston Rockets_2016,9,lowryky01_2016,2.372,2.4489,-0.0769,lawsoty01,12000000.0,12404495.0,
Houston Rockets_2016,10,ginobma01_2016,2.2138,2.2272,-0.0134,breweco01,2814000.0,8200000.0,
Los Angeles Clippers_2016,1,duranke01_2016,5.0512,5.1022,-0.051,crawfja01,20158622.0,5675000.0,
Los Angeles Clippers_2016,2,jamesle01_2016,4.9369,4.9879,-0.051,crawfja01,22971000.0,5675000.0,
Los Angeles Clippers_2016,3,curryst01_2016,4.7349,4.7664,-0.0315,riverau01,11370786.0,3100000.0,
Los Angeles Clippers_2016,4,leonaka01_2016,4.6925,4.6649,0.0276,crawfja01,16500000.0,5675000.0,
Los Angeles Clippers_2016,5,hardeja01_2016,3.4112,3.4621,-0.051,crawfja01,15756438.0,5675000.0,
Los Angeles Clippers_2016,6,westbru01_2016,3.3216,3.3531,-0.0315,riverau01,16744218.0,3100000.0,
Los Angeles Clippers_2016,7,lowryky01_2016,2.7551,2.7865,-0.0315,riverau01,12000000.0,3100000.0,
Los Angeles Clippers_2016,8,georgpa01_2016,2.6346,2.6856,-0.051,crawfja01,17120106.0,5675000.0,
Los Angeles Clippers_2016,9,greendr01_2016,2.6185,2.5438,0.0747,piercpa01,14300000.0,3400000.0,
Los Angeles Clippers_2016,10,ginobma01_2016,2.3651,2.231,0.1341,crawfja01,2814000.0,5675000.0,
Los Angeles Lakers_2016,1,curryst01_2016,7.7065,7.9883,-0.2818,clarkjo01,11370786.0,845059.0,
Los Angeles Lakers_2016,2,duranke01_2016,6.822,6.9773,-0.1553,randlju01,20158622.0,3132240.0,
Los Angeles Lakers_2016,3,greendr01_2016,5.5056,5.4594,0.0462,randlju01,14300000.0,3132240.0,
Los Angeles Lakers_2016,4,paulch01_2016,5.3827,5.6645,-0.2818,clarkjo01,21468696.0,845059.0,
Los Angeles Lakers_2016,5,westbru01_2016,5.2432,5.525,-0.2818,clarkjo01,16744218.0,845059.0,
Los Angeles Lakers_2016,6,jamesle01_2016,5.0505,5.0505,0.0,bryanko01,22971000.0,25000000.0,
Los Angeles Lakers_2016,7,leonaka01_2016,4.954,4.7623,0.1916,bryanko01,16500000.0,25000000.0,
Los Angeles Lakers_2016,8,jokicni01_2016,4.4144,4.2982,0.1162,randlju01,1300000.0,3132240.0,
Los Angeles Lakers_2016,9,hardeja01_2016,4.4121,4.6939,-0.2818,clarkjo01,15756438.0,845059.0,
Los Angeles Lakers_2016,10,lowryky01_2016,4.3074,4.3074,0.0,russeda01,12000000.0,5103120.0,
Miami Heat_2016,1,curryst01_2016,6.1973,6.1973,0.0,dragigo01,11370786.0,14780000.0,
Miami Heat_2016,2,duranke01_2016,5.1763,5.347,-0.1707,winslju01,20158622.0,2481720.0,
Miami Heat_2016,3,jamesle01_2016,5.0555,5.2262,-0.1707,winslju01,22971000.0,2481720.0,
Miami Heat_2016,4,leonaka01_2016,4.8889,4.885,0.0039,winslju01,16500000.0,2481720.0,
Miami Heat_2016,5,paulch01_2016,4.0444,4.0444,0.0,dragigo01,21468696.0,14780000.0,
Miami Heat_2016,6,westbru01_2016,3.9152,3.9152,0.0,dragigo01,16744218.0,14780000.0,
Miami Heat_2016,7,greendr01_2016,3.4645,3.2966,0.168,denglu01,14300000.0,10151612.0,
Miami Heat_2016,8,hardeja01_2016,3.4437,3.6144,-0.1707,winslju01,15756438.0,2481720.0,
Miami Heat_2016,9,lowryky01_2016,3.0004,3.0004,0.0,dragigo01,12000000.0,14780000.0,
Miami Heat_2016,10,georgpa01_2016,2.6233,2.794,-0.1707,winslju01,17120106.0,2481720.0,
Milwaukee Bucks_2016,1,curryst01_2016,6.4783,6.5403,-0.0619,antetgi01,11370786.0,1953960.0,
Milwaukee Bucks_2016,2,duranke01_2016,6.3733,6.4272,-0.0539,parkeja01,20158622.0,5152440.0,
Milwaukee Bucks_2016,3,jamesle01_2016,6.2438,6.2977,-0.0539,parkeja01,22971000.0,5152440.0,
Milwaukee Bucks_2016,4,leonaka01_2016,5.9319,5.9319,0.0,parkeja01,16500000.0,5152440.0,
Milwaukee Bucks_2016,5,greendr01_2016,4.9483,4.8388,0.1096,parkeja01,14300000.0,5152440.0,
Milwaukee Bucks_2016,6,paulch01_2016,3.9285,3.9904,-0.0619,antetgi01,21468696.0,1953960.0,
Milwaukee Bucks_2016,7,westbru01_2016,3.7755,3.8374,-0.0619,antetgi01,16744218.0,1953960.0,
Milwaukee Bucks_2016,8,georgpa01_2016,3.6359,3.6898,-0.0539,parkeja01,17120106.0,5152440.0,
Milwaukee Bucks_2016,9,hardeja01_2016,3.2628,3.2628,0.0,middlkh01,15756438.0,15000000.0,
Milwaukee Bucks_2016,10,millspa01_2016,3.2213,3.2213,0.0,parkeja01,19000000.0,5152440.0,
Minnesota Timberwolves_2016,1,curryst01_2016,7.038,7.2198,-0.1817,lavinza01,11370786.0,2148360.0,
Minnesota Timberwolves_2016,2,duranke01_2016,6.5903,6.8559,-0.2656,wiggian01,20158622.0,5758680.0,
Minnesota Timberwolves_2016,3,jamesle01_2016,6.4367,6.7023,-0.2656,wiggian01,22971000.0,5758680.0,
Minnesota Timberwolves_2016,4,leonaka01_2016,6.3061,6.2685,0.0376,wiggian01,16500000.0,5758680.0,
Minnesota Timberwolves_2016,5,paulch01_2016,4.9389,5.1207,-0.1817,lavinza01,21468696.0,2148360.0,
Minnesota Timberwolves_2016,6,westbru01_2016,4.8129,4.9947,-0.1817,lavinza01,16744218.0,2148360.0,
Minnesota Timberwolves_2016,7,hardeja01_2016,4.3872,4.6528,-0.2656,wiggian01,15756438.0,5758680.0,
Minnesota Timberwolves_2016,8,lowryky01_2016,3.921,4.1028,-0.1817,lavinza01,12000000.0,2148360.0,
Minnesota Timberwolves_2016,9,georgpa01_2016,3.3441,3.6097,-0.2656,wiggian01,17120106.0,5758680.0,
Minnesota Timberwolves_2016,10,ginobma01_2016,3.1983,2.9991,0.1993,wiggian01,2814000.0,5758680.0,
Brooklyn Nets_2016,1,duranke01_2016,6.0539,6.2262,-0.1722,bogdabo02,20158622.0,3425510.0,
Brooklyn Nets_2016,2,jamesle01_2016,5.9401,6.1123,-0.1722,bogdabo02,22971000.0,3425510.0,
Brooklyn Nets_2016,3,leonaka01_2016,5.7998,5.7908,0.0091,bogdabo02,16500000.0,3425510.0,
Brooklyn Nets_2016,4,curryst01_2016,5.1351,5.3877,-0.2526,larkish01,11370786.0,1500000.0,
Brooklyn Nets_2016,5,hardeja01_2016,4.4209,4.5931,-0.1722,bogdabo02,15756438.0,3425510.0,
Brooklyn Nets_2016,6,georgpa01_2016,3.6476,3.8199,-0.1722,bogdabo02,17120106.0,3425510.0,
Brooklyn Nets_2016,7,paulch01_2016,3.5493,3.8019,-0.2526,larkish01,21468696.0,1500000.0,
Brooklyn Nets_2016,8,greendr01_2016,3.4682,3.5891,-0.1208,youngth01,14300000.0,11200000.0,
Brooklyn Nets_2016,9,westbru01_2016,3.4542,3.7067,-0.2526,larkish01,16744218.0,1500000.0,
Brooklyn Nets_2016,10,ginobma01_2016,3.4441,3.3672,0.0769,bogdabo02,2814000.0,3425510.0,
New York Knicks_2016,1,leonaka01_2016,6.0633,6.0374,0.0259,afflaar01,16500000.0,8000000.0,
New York Knicks_2016,2,curryst01_2016,5.6288,5.7281,-0.0992,caldejo01,11370786.0,7402812.0,
New York Knicks_2016,3,hardeja01_2016,4.574,4.7075,-0.1336,afflaar01,15756438.0,8000000.0,
New York Knicks_2016,4,paulch01_2016,3.8128,3.912,-0.0992,caldejo01,21468696.0,7402812.0,
New York Knicks_2016,5,westbru01_2016,3.7038,3.803,-0.0992,caldejo01,16744218.0,7402812.0,
New York Knicks_2016,6,duranke01_2016,3.7003,3.7003,0.0,anthoca01,20158622.0,22875000.0,
New York Knicks_2016,7,jamesle01_2016,3.5644,3.5644,0.0,anthoca01,22971000.0,22875000.0,
New York Knicks_2016,8,ginobma01_2016,3.5433,3.3463,0.197,afflaar01,2814000.0,8000000.0,
New York Knicks_2016,9,greendr01_2016,3.2919,3.3709,-0.0789,lopezro01,14300000.0,13000000.0,
New York Knicks_2016,10,butleji01_2016,3.1884,3.3219,-0.1336,afflaar01,15260000.0,8000000.0,
Orlando Magic_2016,1,curryst01_2016,6.0359,6.3139,-0.278,paytoel01,11370786.0,2505720.0,
Orlando Magic_2016,2,duranke01_2016,5.8832,6.0491,-0.1659,fournev01,20158622.0,2288205.0,
Orlando Magic_2016,3,jamesle01_2016,5.7467,5.9127,-0.1659,fournev01,22971000.0,2288205.0,
Orlando Magic_2016,4,leonaka01_2016,5.5089,5.5273,-0.0184,fournev01,16500000.0,2288205.0,
Orlando Magic_2016,5,paulch01_2016,4.0961,4.374,-0.278,paytoel01,21468696.0,2505720.0,
Orlando Magic_2016,6,westbru01_2016,3.9796,4.2576,-0.278,paytoel01,16744218.0,2505720.0,
Orlando Magic_2016,7,hardeja01_2016,3.926,4.0919,-0.1659,fournev01,15756438.0,2288205.0,
Orlando Magic_2016,8,lowryky01_2016,3.1554,3.4334,-0.278,paytoel01,12000000.0,2505720.0,
Orlando Magic_2016,9,georgpa01_2016,2.9992,3.1652,-0.1659,fournev01,17120106.0,2288205.0,
Orlando Magic_2016,10,ginobma01_2016,2.677,2.6227,0.0542,fournev01,2814000.0,2288205.0,
Indiana Pacers_2016,1,curryst01_2016,7.4256,7.4256,0.0,ellismo01,11370786.0,10300000.0,
Indiana Pacers_2016,2,paulch01_2016,4.9391,4.9391,0.0,ellismo01,21468696.0,10300000.0,
Indiana Pacers_2016,3,westbru01_2016,4.7898,4.7898,0.0,ellismo01,16744218.0,10300000.0,
Indiana Pacers_2016,4,hardeja01_2016,3.9006,3.9006,0.0,ellismo01,15756438.0,10300000.0,
Indiana Pacers_2016,5,lowryky01_2016,3.7333,3.7333,0.0,ellismo01,12000000.0,10300000.0,
Indiana Pacers_2016,6,duranke01_2016,3.3138,3.4025,-0.0887,allenla01,20158622.0,3700000.0,
Indiana Pacers_2016,7,jamesle01_2016,3.2306,3.3193,-0.0887,allenla01,22971000.0,3700000.0,
Indiana Pacers_2016,8,leonaka01_2016,2.8182,2.8334,-0.0151,milescj01,16500000.0,4394225.0,
Indiana Pacers_2016,9,ginobma01_2016,2.7112,2.3081,0.403,ellismo01,2814000.0,10300000.0,
Indiana Pacers_2016,10,greendr01_2016,2.7108,2.636,0.0748,turnemy01,14300000.0,2357760.0,
Philadelphia 76ers_2016,1,curryst01_2016,6.3951,6.4548,-0.0597,canaais01,11370786.0,947276.0,
Philadelphia 76ers_2016,2,duranke01_2016,5.7759,5.901,-0.1252,thompho01,20158622.0,947276.0,
Philadelphia 76ers_2016,3,jamesle01_2016,5.6596,5.7848,-0.1252,thompho01,22971000.0,947276.0,
Philadelphia 76ers_2016,4,leonaka01_2016,5.3477,5.4564,-0.1087,thompho01,16500000.0,947276.0,
Philadelphia 76ers_2016,5,paulch01_2016,4.6238,4.6835,-0.0597,canaais01,21468696.0,947276.0,
Philadelphia 76ers_2016,6,westbru01_2016,4.5175,4.5772,-0.0597,canaais01,16744218.0,947276.0,
Philadelphia 76ers_2016,7,hardeja01_2016,4.1082,4.2333,-0.1252,thompho01,15756438.0,947276.0,
Philadelphia 76ers_2016,8,greendr01_2016,3.9512,3.857,0.0942,grantje01,14300000.0,845059.0,
Philadelphia 76ers_2016,9,lowryky01_2016,3.7648,3.8245,-0.0597,canaais01,12000000.0,947276.0,
Philadelphia 76ers_2016,10,georgpa01_2016,3.3185,3.4437,-0.1252,thompho01,17120106.0,947276.0,
Phoenix Suns_2016,1,duranke01_2016,5.7749,5.9354,-0.1605,tuckepj01,20158622.0,5500000.0,
Phoenix Suns_2016,2,jamesle01_2016,5.638,5.7985,-0.1605,tuckepj01,22971000.0,5500000.0,
Phoenix Suns_2016,3,leonaka01_2016,5.3928,5.4449,-0.0521,bookede01,16500000.0,2127840.0,
Phoenix Suns_2016,4,curryst01_2016,5.3592,5.3592,0.0,knighbr03,11370786.0,12000000.0,
Phoenix Suns_2016,5,greendr01_2016,4.2052,4.2049,0.0003,lenal01,14300000.0,3807120.0,
Phoenix Suns_2016,6,hardeja01_2016,4.189,4.2523,-0.0632,bookede01,15756438.0,2127840.0,
Phoenix Suns_2016,7,paulch01_2016,3.6557,3.6557,0.0,knighbr03,21468696.0,12000000.0,
Phoenix Suns_2016,8,westbru01_2016,3.5535,3.5535,0.0,knighbr03,16744218.0,12000000.0,
Phoenix Suns_2016,9,jokicni01_2016,3.2888,3.2888,0.0,lenal01,1300000.0,3807120.0,
Phoenix Suns_2016,10,whiteha01_2016,3.1351,3.0897,0.0455,lenal01,981348.0,3807120.0,
Portland Trail Blazers_2016,1,curryst01_2016,6.4915,6.4915,0.0,mccolcj01,11370786.0,2525160.0,
Portland Trail Blazers_2016,2,duranke01_2016,4.8071,5.0465,-0.2394,aminual01,20158622.0,7500000.0,
Portland Trail Blazers_2016,3,jamesle01_2016,4.68,4.9194,-0.2394,aminual01,22971000.0,7500000.0,
Portland Trail Blazers_2016,4,leonaka01_2016,4.5352,4.5164,0.0188,crabbal01,16500000.0,947276.0,
Portland Trail Blazers_2016,5,paulch01_2016,3.9745,3.9745,0.0,mccolcj01,21468696.0,2525160.0,
Portland Trail Blazers_2016,6,westbru01_2016,3.8234,3.8234,0.0,mccolcj01,16744218.0,2525160.0,
Portland Trail Blazers_2016,7,greendr01_2016,3.488,3.488,-0.0,aminual01,14300000.0,7500000.0,
Portland Trail Blazers_2016,8,hardeja01_2016,3.2538,3.3208,-0.067,crabbal01,15756438.0,947276.0,
Portland Trail Blazers_2016,9,lowryky01_2016,2.7539,2.7539,0.0,mccolcj01,12000000.0,2525160.0,
Portland Trail Blazers_2016,10,ginobma01_2016,2.2387,2.0971,0.1416,crabbal01,2814000.0,947276.0,
Sacramento Kings_2016,1,curryst01_2016,6.2244,6.5363,-0.3119,rondora01,11370786.0,9500000.0,
Sacramento Kings_2016,2,duranke01_2016,5.2564,5.3742,-0.1178,gayru01,20158622.0,12403101.0,
Sacramento Kings_2016,3,jamesle01_2016,5.1287,5.2465,-0.1178,gayru01,22971000.0,12403101.0,
Sacramento Kings_2016,4,leonaka01_2016,4.8857,4.8857,0.0,gayru01,16500000.0,12403101.0,
Sacramento Kings_2016,5,paulch01_2016,3.9109,4.2227,-0.3119,rondora01,21468696.0,9500000.0,
Sacramento Kings_2016,6,greendr01_2016,3.8961,3.8078,0.0883,gayru01,14300000.0,12403101.0,
Sacramento Kings_2016,7,westbru01_2016,3.772,4.0839,-0.3119,rondora01,16744218.0,9500000.0,
Sacramento Kings_2016,8,hardeja01_2016,3.6021,3.6956,-0.0935,belinma01,15756438.0,6333333.0,
Sacramento Kings_2016,9,georgpa01_2016,2.9955,3.089,-0.0935,belinma01,17120106.0,6333333.0,
Sacramento Kings_2016,10,lowryky01_2016,2.8166,2.8166,0.0,collida01,12000000.0,5013559.0,
San Antonio Spurs_2016,1,curryst01_2016,5.2318,5.2318,0.0,parketo01,11370786.0,13437500.0,
San Antonio Spurs_2016,2,paulch01_2016,3.4492,3.4492,0.0,parketo01,21468696.0,13437500.0,
San Antonio Spurs_2016,3,westbru01_2016,3.3422,3.3422,0.0,parketo01,16744218.0,13437500.0,
San Antonio Spurs_2016,4,lowryky01_2016,2.5848,2.5848,0.0,parketo01,12000000.0,13437500.0,
San Antonio Spurs_2016,5,duranke01_2016,2.537,2.6477,-0.1107,diawbo01,20158622.0,7000000.0,
San Antonio Spurs_2016,6,jamesle01_2016,2.4607,2.5714,-0.1107,diawbo01,22971000.0,7000000.0,
San Antonio Spurs_2016,7,greendr01_2016,2.3712,2.3185,0.0527,aldrila01,14300000.0,19500000.0,
San Antonio Spurs_2016,8,hardeja01_2016,1.8218,2.1244,-0.3027,greenda02,15756438.0,10000000.0,
San Antonio Spurs_2016,9,walkeke02_2016,1.6821,1.6821,0.0,parketo01,12000000.0,13437500.0,
San Antonio Spurs_2016,10,thomais02_2016,1.6408,1.6408,0.0,parketo01,6912869.0,13437500.0,
Oklahoma City Thunder_2016,1,curryst01_2016,6.925,7.0029,-0.0779,waitedi01,11370786.0,5138430.0,
Oklahoma City Thunder_2016,2,jamesle01_2016,5.4572,5.5381,-0.0809,ibakase01,22971000.0,12350000.0,
Oklahoma City Thunder_2016,3,paulch01_2016,4.9733,5.0511,-0.0779,waitedi01,21468696.0,5138430.0,
Oklahoma City Thunder_2016,4,greendr01_2016,4.2326,4.0213,0.2113,ibakase01,14300000.0,12350000.0,
Oklahoma City Thunder_2016,5,hardeja01_2016,4.1581,4.236,-0.0779,waitedi01,15756438.0,5138430.0,
Oklahoma City Thunder_2016,6,lowryky01_2016,4.0268,4.1047,-0.0779,waitedi01,12000000.0,5138430.0,
Oklahoma City Thunder_2016,7,ginobma01_2016,3.1029,2.986,0.1169,waitedi01,2814000.0,5138430.0,
Oklahoma City Thunder_2016,8,walkeke02_2016,3.0384,3.1163,-0.0779,waitedi01,12000000.0,5138430.0,
Oklahoma City Thunder_2016,9,jokicni01_2016,3.0282,2.7581,0.2701,ibakase01,1300000.0,12350000.0,
Oklahoma City Thunder_2016,10,thomais02_2016,2.9932,3.071,-0.0779,waitedi01,6912869.0,5138430.0,
Toronto Raptors_2016,1,curryst01_2016,5.3003,5.4984,-0.1981,josepco01,11370786.0,7000000.0,
Toronto Raptors_2016,2,duranke01_2016,5.0579,5.0579,0.0,derozde01,20158622.0,9500000.0,
Toronto Raptors_2016,3,jamesle01_2016,4.906,4.906,0.0,derozde01,22971000.0,9500000.0,
Toronto Raptors_2016,4,leonaka01_2016,4.5291,4.4768,0.0523,derozde01,16500000.0,9500000.0,
Toronto Raptors_2016,5,paulch01_2016,3.4432,3.6412,-0.1981,josepco01,21468696.0,7000000.0,
Toronto Raptors_2016,6,greendr01_2016,3.4023,3.2192,0.1832,scolalu01,14300000.0,3000000.0,
Toronto Raptors_2016,7,westbru01_2016,3.3317,3.5297,-0.1981,josepco01,16744218.0,7000000.0,
Toronto Raptors_2016,8,hardeja01_2016,2.8787,2.8787,0.0,derozde01,15756438.0,9500000.0,
Toronto Raptors_2016,9,jokicni01_2016,2.5922,2.3895,0.2027,scolalu01,1300000.0,3000000.0,
Toronto Raptors_2016,10,georgpa01_2016,2.4187,2.4347,-0.016,scolalu01,17120106.0,3000000.0,
Utah Jazz_2016,1,duranke01_2016,4.8673,4.8673,0.0,haywago01,20158622.0,15409570.0,
Utah Jazz_2016,2,jamesle01_2016,4.7117,4.7117,0.0,haywago01,22971000.0,15409570.0,
Utah Jazz_2016,3,leonaka01_2016,4.4039,4.2722,0.1317,haywago01,16500000.0,15409570.0,
Utah Jazz_2016,4,curryst01_2016,4.1576,4.3248,-0.1672,netora01,11370786.0,1000000.0,
Utah Jazz_2016,5,westbru01_2016,3.6813,3.8614,-0.1802,hoodro01,16744218.0,1348440.0,
Utah Jazz_2016,6,hardeja01_2016,2.8802,3.0604,-0.1802,hoodro01,15756438.0,1348440.0,
Utah Jazz_2016,7,paulch01_2016,2.8252,2.9924,-0.1672,netora01,21468696.0,1000000.0,
Utah Jazz_2016,8,greendr01_2016,2.6251,2.5671,0.058,lylestr01,14300000.0,2239800.0,
Utah Jazz_2016,9,lowryky01_2016,2.1791,2.3463,-0.1672,netora01,12000000.0,1000000.0,
Utah Jazz_2016,10,jokicni01_2016,1.9487,1.88,0.0687,lylestr01,1300000.0,2239800.0,
Memphis Grizzlies_2016,1,duranke01_2016,5.0687,5.269,-0.2004,barnema02,20158622.0,3542500.0,
Memphis Grizzlies_2016,2,jamesle01_2016,4.9499,5.1502,-0.2004,barnema02,22971000.0,3542500.0,
Memphis Grizzlies_2016,3,leonaka01_2016,4.7763,4.8147,-0.0383,barnema02,16500000.0,3542500.0,
Memphis Grizzlies_2016,4,curryst01_2016,4.195,4.3569,-0.1619,allento01,11370786.0,5168539.0,
Memphis Grizzlies_2016,5,hardeja01_2016,3.3645,3.5649,-0.2004,barnema02,15756438.0,3542500.0,
Memphis Grizzlies_2016,6,greendr01_2016,3.2038,3.0887,0.1151,randoza01,14300000.0,9638555.0,
Memphis Grizzlies_2016,7,paulch01_2016,2.7479,2.9099,-0.1619,allento01,21468696.0,5168539.0,
Memphis Grizzlies_2016,8,westbru01_2016,2.6611,2.823,-0.1619,allento01,16744218.0,5168539.0,
Memphis Grizzlies_2016,9,georgpa01_2016,2.5577,2.758,-0.2004,barnema02,17120106.0,3542500.0,
Memphis Grizzlies_2016,10,ginobma01_2016,2.3604,2.2857,0.0747,barnema02,2814000.0,3542500.0,
Washington Wizards_2016,1,curryst01_2016,5.4057,5.4057,0.0,walljo01,11370786.0,15851950.0,
Washington Wizards_2016,2,duranke01_2016,4.6601,4.8538,-0.1937,templga01,20158622.0,1100602.0,
Washington Wizards_2016,3,jamesle01_2016,4.5553,4.749,-0.1937,templga01,22971000.0,1100602.0,
Washington Wizards_2016,4,leonaka01_2016,4.3079,4.4529,-0.145,templga01,16500000.0,1100602.0,
Washington Wizards_2016,5,hardeja01_2016,3.1567,3.3504,-0.1937,templga01,15756438.0,1100602.0,
Washington Wizards_2016,6,greendr01_2016,3.0576,3.0508,0.0068,gortama01,14300000.0,11217391.0,
Washington Wizards_2016,7,paulch01_2016,3.0223,3.0223,0.0,sessira01,21468696.0,2170465.0,
Washington Wizards_2016,8,westbru01_2016,2.9312,2.9312,0.0,sessira01,16744218.0,2170465.0,
Washington Wizards_2016,9,georgpa01_2016,2.4449,2.6385,-0.1937,templga01,17120106.0,1100602.0,
Washington Wizards_2016,10,lowryky01_2016,2.2868,2.2868,0.0,sessira01,12000000.0,2170465.0,
Detroit Pistons_2016,1,curryst01_2016,7.1583,7.208,-0.0497,caldwke01,11370786.0,2891760.0,
Detroit Pistons_2016,2,duranke01_2016,5.829,5.8789,-0.05,morrima03,20158622.0,5000000.0,
Detroit Pistons_2016,3,jamesle01_2016,5.676,5.726,-0.05,morrima03,22971000.0,5000000.0,
Detroit Pistons_2016,4,leonaka01_2016,5.3072,5.2938,0.0134,morrima03,16500000.0,5000000.0,
Detroit Pistons_2016,5,paulch01_2016,4.6375,4.6872,-0.0497,caldwke01,21468696.0,2891760.0,
Detroit Pistons_2016,6,westbru01_2016,4.4861,4.5359,-0.0497,caldwke01,16744218.0,2891760.0,
Detroit Pistons_2016,7,hardeja01_2016,3.6343,3.6843,-0.05,morrima03,15756438.0,5000000.0,
Detroit Pistons_2016,8,lowryky01_2016,3.415,3.4647,-0.0497,caldwke01,12000000.0,2891760.0,
Detroit Pistons_2016,9,greendr01_2016,2.8048,2.9187,-0.114,drumman01,14300000.0,3272091.0,
Detroit Pistons_2016,10,georgpa01_2016,2.6593,2.7634,-0.1041,johnsst04,17120106.0,2841960.0,
Charlotte Hornets_2016,1,curryst01_2016,5.777,5.777,0.0,linje01,11370786.0,2100000.0,
Charlotte Hornets_2016,2,duranke01_2016,4.531,4.531,0.0,batumni01,20158622.0,12235750.0,
Charlotte Hornets_2016,3,jamesle01_2016,4.3994,4.3994,0.0,batumni01,22971000.0,12235750.0,
Charlotte Hornets_2016,4,leonaka01_2016,4.0948,4.0275,0.0674,batumni01,16500000.0,12235750.0,
Charlotte Hornets_2016,5,paulch01_2016,3.9231,3.9231,0.0,linje01,21468696.0,2100000.0,
Charlotte Hornets_2016,6,westbru01_2016,3.8118,3.8118,0.0,linje01,16744218.0,2100000.0,
Charlotte Hornets_2016,7,hardeja01_2016,3.1488,3.1488,0.0,linje01,15756438.0,2100000.0,
Charlotte Hornets_2016,8,lowryky01_2016,3.0241,3.0241,0.0,linje01,12000000.0,2100000.0,
Charlotte Hornets_2016,9,greendr01_2016,2.761,2.761,0.0,kaminfr01,14300000.0,2612500.0,
Charlotte Hornets_2016,10,ginobma01_2016,2.1933,1.9616,0.2317,linje01,2814000.0,2100000.0,
Atlanta Hawks_2017,1,westbru01_2017,6.1605,6.1605,0.0,schrode01,26540100.0,2708582.0,
Atlanta Hawks_2017,2,paulch01_2017,5.1701,5.1701,0.0,schrode01,22868827.0,2708582.0,
Atlanta Hawks_2017,3,hardeja01_2017,4.6756,4.6756,0.0,schrode01,26540100.0,2708582.0,
Atlanta Hawks_2017,4,curryst01_2017,4.5971,4.5971,0.0,schrode01,12112359.0,2708582.0,
Atlanta Hawks_2017,5,leonaka01_2017,4.079,4.2072,-0.1282,bazemke01,17638063.0,15730338.0,
Atlanta Hawks_2017,6,jamesle01_2017,3.9451,4.0733,-0.1282,bazemke01,30963450.0,15730338.0,
Atlanta Hawks_2017,7,lowryky01_2017,3.8974,3.8974,0.0,schrode01,12000000.0,2708582.0,
Atlanta Hawks_2017,8,conlemi01_2017,3.6783,3.6783,0.0,schrode01,26540100.0,2708582.0,
Atlanta Hawks_2017,9,butleji01_2017,3.6584,3.7866,-0.1282,bazemke01,17552209.0,15730338.0,
Atlanta Hawks_2017,10,thomais02_2017,3.6319,3.6319,0.0,schrode01,6587132.0,2708582.0,
Boston Celtics_2017,1,leonaka01_2017,4.5924,4.8399,-0.2475,smartma01,17638063.0,3578880.0,
Boston Celtics_2017,2,westbru01_2017,4.5225,4.6149,-0.0924,bradlav01,26540100.0,8269663.0,
Boston Celtics_2017,3,butleji01_2017,4.0723,4.3198,-0.2475,smartma01,17552209.0,3578880.0,
Boston Celtics_2017,4,paulch01_2017,3.7892,3.8816,-0.0924,bradlav01,22868827.0,8269663.0,
Boston Celtics_2017,5,hardeja01_2017,3.423,3.5155,-0.0924,bradlav01,26540100.0,8269663.0,
Boston Celtics_2017,6,curryst01_2017,3.365,3.4574,-0.0924,bradlav01,12112359.0,8269663.0,
Boston Celtics_2017,7,jamesle01_2017,3.1994,3.3355,-0.1362,brownja02,30963450.0,4743000.0,
Boston Celtics_2017,8,duranke01_2017,3.1061,3.2782,-0.1721,crowdja01,26540100.0,6286408.0,
Boston Celtics_2017,9,antetgi01_2017,2.852,2.9344,-0.0823,brownja02,2995421.0,4743000.0,
Boston Celtics_2017,10,lowryky01_2017,2.8468,2.9392,-0.0924,bradlav01,12000000.0,8269663.0,
Cleveland Cavaliers_2017,1,westbru01_2017,5.18,5.3015,-0.1215,shumpim01,26540100.0,9700000.0,
Cleveland Cavaliers_2017,2,paulch01_2017,4.4149,4.5363,-0.1215,shumpim01,22868827.0,9700000.0,
Cleveland Cavaliers_2017,3,duranke01_2017,4.2328,4.4889,-0.2562,thomptr01,26540100.0,15330435.0,
Cleveland Cavaliers_2017,4,hardeja01_2017,4.0328,4.1542,-0.1215,shumpim01,26540100.0,9700000.0,
Cleveland Cavaliers_2017,5,curryst01_2017,3.9722,4.0936,-0.1215,shumpim01,12112359.0,9700000.0,
Cleveland Cavaliers_2017,6,butleji01_2017,3.8839,4.0054,-0.1215,shumpim01,17552209.0,9700000.0,
Cleveland Cavaliers_2017,7,jokicni01_2017,3.8296,4.0858,-0.2562,thomptr01,1358500.0,15330435.0,
Cleveland Cavaliers_2017,8,leonaka01_2017,3.4801,3.6663,-0.1862,jefferi01,17638063.0,2500000.0,
Cleveland Cavaliers_2017,9,lowryky01_2017,3.4315,3.553,-0.1215,shumpim01,12000000.0,9700000.0,
Cleveland Cavaliers_2017,10,conlemi01_2017,3.2623,3.3837,-0.1215,shumpim01,26540100.0,9700000.0,
New Orleans Pelicans_2017,1,leonaka01_2017,5.24,5.516,-0.276,hillso01,17638063.0,11241218.0,
New Orleans Pelicans_2017,2,jamesle01_2017,5.0775,5.3534,-0.276,hillso01,30963450.0,11241218.0,
New Orleans Pelicans_2017,3,butleji01_2017,4.7295,5.0055,-0.276,hillso01,17552209.0,11241218.0,
New Orleans Pelicans_2017,4,westbru01_2017,4.6953,4.8522,-0.1569,mooreet01,26540100.0,8081363.0,
New Orleans Pelicans_2017,5,antetgi01_2017,4.5394,4.6402,-0.1008,hillso01,2995421.0,11241218.0,
New Orleans Pelicans_2017,6,greendr01_2017,3.8974,3.9984,-0.101,hillso01,15330435.0,11241218.0,
New Orleans Pelicans_2017,7,paulch01_2017,3.7179,3.7179,0.0,holidjr01,22868827.0,11286518.0,
New Orleans Pelicans_2017,8,haywago01_2017,3.3613,3.6373,-0.276,hillso01,16073140.0,11241218.0,
New Orleans Pelicans_2017,9,griffbl01_2017,3.3066,3.4074,-0.1008,hillso01,20140838.0,11241218.0,
New Orleans Pelicans_2017,10,hardeja01_2017,3.2824,3.2824,0.0,holidjr01,26540100.0,11286518.0,
Chicago Bulls_2017,1,duranke01_2017,5.0955,5.0955,0.0,lopezro01,26540100.0,13219250.0,
Chicago Bulls_2017,2,jokicni01_2017,4.7019,4.7019,0.0,lopezro01,1358500.0,13219250.0,
Chicago Bulls_2017,3,westbru01_2017,4.4633,4.7082,-0.2449,rondora01,26540100.0,14000000.0,
Chicago Bulls_2017,4,couside01_2017,3.9586,3.9586,0.0,lopezro01,16957900.0,13219250.0,
Chicago Bulls_2017,5,davisan02_2017,3.9049,3.9049,0.0,lopezro01,22116750.0,13219250.0,
Chicago Bulls_2017,6,goberru01_2017,3.8196,3.6287,0.1909,lopezro01,2121288.0,13219250.0,
Chicago Bulls_2017,7,paulch01_2017,3.7263,3.9712,-0.2449,rondora01,22868827.0,14000000.0,
Chicago Bulls_2017,8,hardeja01_2017,3.3582,3.6031,-0.2449,rondora01,26540100.0,14000000.0,
Chicago Bulls_2017,9,curryst01_2017,3.2998,3.5447,-0.2449,rondora01,12112359.0,14000000.0,
Chicago Bulls_2017,10,griffbl01_2017,3.2622,3.2622,0.0,lopezro01,20140838.0,13219250.0,
Dallas Mavericks_2017,1,leonaka01_2017,5.5647,5.6937,-0.129,barneha02,17638063.0,22116750.0,
Dallas Mavericks_2017,2,duranke01_2017,5.5257,5.486,0.0398,barneha02,26540100.0,22116750.0,
Dallas Mavericks_2017,3,jamesle01_2017,5.3738,5.5028,-0.129,barneha02,30963450.0,22116750.0,
Dallas Mavericks_2017,4,antetgi01_2017,4.7048,4.665,0.0398,barneha02,2995421.0,22116750.0,
Dallas Mavericks_2017,5,butleji01_2017,4.5452,4.665,-0.1198,matthwe02,17552209.0,17100000.0,
Dallas Mavericks_2017,6,couside01_2017,4.1186,4.0788,0.0398,barneha02,16957900.0,22116750.0,
Dallas Mavericks_2017,7,davisan02_2017,4.0521,4.0124,0.0398,barneha02,22116750.0,22116750.0,
Dallas Mavericks_2017,8,greendr01_2017,3.9666,3.9111,0.0554,barneha02,15330435.0,22116750.0,
Dallas Mavericks_2017,9,westbru01_2017,3.9607,4.0553,-0.0946,curryse01,26540100.0,2898000.0,
Dallas Mavericks_2017,10,griffbl01_2017,3.2566,3.2169,0.0398,barneha02,20140838.0,22116750.0,
Denver Nuggets_2017,1,westbru01_2017,4.9787,5.2608,-0.2821,nelsoja01,26540100.0,4540525.0,
Denver Nuggets_2017,2,leonaka01_2017,4.6182,4.6975,-0.0793,chandwi01,17638063.0,11200000.0,
Denver Nuggets_2017,3,jamesle01_2017,4.4685,4.5478,-0.0793,chandwi01,30963450.0,11200000.0,
Denver Nuggets_2017,4,paulch01_2017,4.167,4.4492,-0.2821,nelsoja01,22868827.0,4540525.0,
Denver Nuggets_2017,5,butleji01_2017,4.1482,4.2275,-0.0793,chandwi01,17552209.0,11200000.0,
Denver Nuggets_2017,6,antetgi01_2017,3.9606,3.8912,0.0694,chandwi01,2995421.0,11200000.0,
Denver Nuggets_2017,7,hardeja01_2017,3.7617,4.0438,-0.2821,nelsoja01,26540100.0,4540525.0,
Denver Nuggets_2017,8,curryst01_2017,3.6974,3.9795,-0.2821,nelsoja01,12112359.0,4540525.0,
Denver Nuggets_2017,9,greendr01_2017,3.325,3.3003,0.0247,chandwi01,15330435.0,11200000.0,
Denver Nuggets_2017,10,lowryky01_2017,3.1239,3.406,-0.2821,nelsoja01,12000000.0,4540525.0,
Golden State Warriors_2017,1,leonaka01_2017,4.0209,4.1294,-0.1085,thompkl01,17638063.0,16663575.0,
Golden State Warriors_2017,2,westbru01_2017,3.589,3.589,0.0,livinsh01,26540100.0,5782450.0,
Golden State Warriors_2017,3,butleji01_2017,3.4551,3.5636,-0.1085,thompkl01,17552209.0,16663575.0,
Golden State Warriors_2017,4,paulch01_2017,3.0741,3.0741,0.0,livinsh01,22868827.0,5782450.0,
Golden State Warriors_2017,5,hardeja01_2017,2.817,2.817,0.0,livinsh01,26540100.0,5782450.0,
Golden State Warriors_2017,6,lowryky01_2017,2.4124,2.4124,0.0,livinsh01,12000000.0,5782450.0,
Golden State Warriors_2017,7,conlemi01_2017,2.2986,2.2986,0.0,livinsh01,26540100.0,5782450.0,
Golden State Warriors_2017,8,thomais02_2017,2.2744,2.2744,0.0,livinsh01,6587132.0,5782450.0,
Golden State Warriors_2017,9,jamesle01_2017,2.0927,2.3233,-0.2306,iguodan01,30963450.0,11131368.0,
Golden State Warriors_2017,10,haywago01_2017,1.9386,2.0471,-0.1085,thompkl01,16073140.0,16663575.0,
Houston Rockets_2017,1,leonaka01_2017,4.7223,4.9417,-0.2194,arizatr01,17638063.0,7806971.0,
Houston Rockets_2017,2,jamesle01_2017,4.5325,4.7519,-0.2194,arizatr01,30963450.0,7806971.0,
Houston Rockets_2017,3,butleji01_2017,4.126,4.3454,-0.2194,arizatr01,17552209.0,7806971.0,
Houston Rockets_2017,4,westbru01_2017,3.8381,3.9257,-0.0875,beverpa01,26540100.0,6000000.0,
Houston Rockets_2017,5,antetgi01_2017,3.6771,3.9187,-0.2416,arizatr01,2995421.0,7806971.0,
Houston Rockets_2017,6,duranke01_2017,3.445,3.6151,-0.1701,anderry01,26540100.0,18735364.0,
Houston Rockets_2017,7,greendr01_2017,3.1491,3.1689,-0.0198,arizatr01,15330435.0,7806971.0,
Houston Rockets_2017,8,jokicni01_2017,3.0786,3.2487,-0.1701,anderry01,1358500.0,18735364.0,
Houston Rockets_2017,9,paulch01_2017,3.0233,3.1108,-0.0875,beverpa01,22868827.0,6000000.0,
Houston Rockets_2017,10,curryst01_2017,2.5518,2.6393,-0.0875,beverpa01,12112359.0,6000000.0,
Los Angeles Clippers_2017,1,leonaka01_2017,4.8854,5.0741,-0.1886,crawfja01,17638063.0,13253012.0,
Los Angeles Clippers_2017,2,jamesle01_2017,4.7372,4.9259,-0.1886,crawfja01,30963450.0,13253012.0,
Los Angeles Clippers_2017,3,westbru01_2017,4.6515,4.7816,-0.1302,redicjj01,26540100.0,7377500.0,
Los Angeles Clippers_2017,4,butleji01_2017,4.4201,4.6087,-0.1886,crawfja01,17552209.0,13253012.0,
Los Angeles Clippers_2017,5,antetgi01_2017,4.1982,4.2757,-0.0775,crawfja01,2995421.0,13253012.0,
Los Angeles Clippers_2017,6,greendr01_2017,3.6174,3.6906,-0.0732,crawfja01,15330435.0,13253012.0,
Los Angeles Clippers_2017,7,hardeja01_2017,3.334,3.4642,-0.1302,redicjj01,26540100.0,7377500.0,
Los Angeles Clippers_2017,8,curryst01_2017,3.2644,3.3946,-0.1302,redicjj01,12112359.0,7377500.0,
Los Angeles Clippers_2017,9,haywago01_2017,3.1727,3.3613,-0.1886,crawfja01,16073140.0,13253012.0,
Los Angeles Clippers_2017,10,duranke01_2017,3.1458,3.118,0.0278,mbahalu01,26540100.0,2203000.0,
Los Angeles Lakers_2017,1,westbru01_2017,7.1067,7.1436,-0.0369,clarkjo01,26540100.0,12500000.0,
Los Angeles Lakers_2017,2,leonaka01_2017,6.2583,6.2794,-0.0211,ingrabr01,17638063.0,5281680.0,
Los Angeles Lakers_2017,3,paulch01_2017,6.1428,6.1797,-0.0369,clarkjo01,22868827.0,12500000.0,
Los Angeles Lakers_2017,4,jamesle01_2017,6.1027,6.1238,-0.0211,ingrabr01,30963450.0,5281680.0,
Los Angeles Lakers_2017,5,butleji01_2017,5.7694,5.7905,-0.0211,ingrabr01,17552209.0,5281680.0,
Los Angeles Lakers_2017,6,hardeja01_2017,5.6615,5.6984,-0.0369,clarkjo01,26540100.0,12500000.0,
Los Angeles Lakers_2017,7,curryst01_2017,5.5851,5.6221,-0.0369,clarkjo01,12112359.0,12500000.0,
Los Angeles Lakers_2017,8,antetgi01_2017,5.4547,5.4407,0.014,ingrabr01,2995421.0,5281680.0,
Los Angeles Lakers_2017,9,greendr01_2017,4.9957,4.8259,0.1698,ingrabr01,15330435.0,5281680.0,
Los Angeles Lakers_2017,10,lowryky01_2017,4.9041,4.941,-0.0369,clarkjo01,12000000.0,12500000.0,
Miami Heat_2017,1,westbru01_2017,4.5142,4.5142,0.0,dragigo01,26540100.0,15890000.0,
Miami Heat_2017,2,leonaka01_2017,4.1241,4.2622,-0.1381,mcgruro01,17638063.0,543471.0,
Miami Heat_2017,3,butleji01_2017,3.7059,3.844,-0.1381,mcgruro01,17552209.0,543471.0,
Miami Heat_2017,4,paulch01_2017,3.596,3.6637,-0.0677,johnsty01,22868827.0,5628000.0,
Miami Heat_2017,5,duranke01_2017,3.4738,3.5639,-0.0901,whiteha01,26540100.0,22116750.0,
Miami Heat_2017,6,antetgi01_2017,3.4046,3.5447,-0.1401,mcgruro01,2995421.0,543471.0,
Miami Heat_2017,7,hardeja01_2017,3.1584,3.2261,-0.0677,johnsty01,26540100.0,5628000.0,
Miami Heat_2017,8,jamesle01_2017,3.1431,3.1838,-0.0407,richajo01,30963450.0,874636.0,
Miami Heat_2017,9,curryst01_2017,3.089,3.1567,-0.0677,johnsty01,12112359.0,5628000.0,
Miami Heat_2017,10,jokicni01_2017,3.0384,3.1286,-0.0901,whiteha01,1358500.0,22116750.0,
Milwaukee Bucks_2017,1,westbru01_2017,6.1917,6.3337,-0.142,dellama01,26540100.0,9607500.0,
Milwaukee Bucks_2017,2,paulch01_2017,5.3939,5.5359,-0.142,dellama01,22868827.0,9607500.0,
Milwaukee Bucks_2017,3,leonaka01_2017,5.2998,5.4338,-0.134,snellto01,17638063.0,2368327.0,
Milwaukee Bucks_2017,4,hardeja01_2017,4.9954,5.1375,-0.142,dellama01,26540100.0,9607500.0,
Milwaukee Bucks_2017,5,curryst01_2017,4.9322,5.0743,-0.142,dellama01,12112359.0,9607500.0,
Milwaukee Bucks_2017,6,butleji01_2017,4.7981,4.9322,-0.134,snellto01,17552209.0,2368327.0,
Milwaukee Bucks_2017,7,lowryky01_2017,4.3685,4.5105,-0.142,dellama01,12000000.0,9607500.0,
Milwaukee Bucks_2017,8,conlemi01_2017,4.192,4.3341,-0.142,dellama01,26540100.0,9607500.0,
Milwaukee Bucks_2017,9,thomais02_2017,4.1546,4.2966,-0.142,dellama01,6587132.0,9607500.0,
Milwaukee Bucks_2017,10,lillada01_2017,3.5535,3.6955,-0.142,dellama01,24328425.0,9607500.0,
Minnesota Timberwolves_2017,1,leonaka01_2017,6.4842,6.7864,-0.3022,wiggian01,17638063.0,6006600.0,
Minnesota Timberwolves_2017,2,jamesle01_2017,6.275,6.5772,-0.3022,wiggian01,30963450.0,6006600.0,
Minnesota Timberwolves_2017,3,butleji01_2017,5.8271,6.1293,-0.3022,wiggian01,17552209.0,6006600.0,
Minnesota Timberwolves_2017,4,antetgi01_2017,5.6055,5.659,-0.0535,wiggian01,2995421.0,6006600.0,
Minnesota Timberwolves_2017,5,westbru01_2017,5.4811,5.4811,0.0,rubiori01,26540100.0,13550000.0,
Minnesota Timberwolves_2017,6,greendr01_2017,4.8692,4.8328,0.0364,wiggian01,15330435.0,6006600.0,
Minnesota Timberwolves_2017,7,duranke01_2017,4.6609,4.6609,-0.0,dienggo01,26540100.0,2348783.0,
Minnesota Timberwolves_2017,8,paulch01_2017,4.4963,4.4963,0.0,rubiori01,22868827.0,13550000.0,
Minnesota Timberwolves_2017,9,jokicni01_2017,4.2012,4.2012,-0.0,dienggo01,1358500.0,2348783.0,
Minnesota Timberwolves_2017,10,haywago01_2017,4.0656,4.3678,-0.3022,wiggian01,16073140.0,6006600.0,
Brooklyn Nets_2017,1,westbru01_2017,4.7749,4.9241,-0.1492,whiteis01,26540100.0,1074145.0,
Brooklyn Nets_2017,2,paulch01_2017,4.1251,4.2743,-0.1492,whiteis01,22868827.0,1074145.0,
Brooklyn Nets_2017,3,hardeja01_2017,3.8006,3.9498,-0.1492,whiteis01,26540100.0,1074145.0,
Brooklyn Nets_2017,4,curryst01_2017,3.7491,3.8983,-0.1492,whiteis01,12112359.0,1074145.0,
Brooklyn Nets_2017,5,leonaka01_2017,3.6787,3.7852,-0.1065,holliro01,17638063.0,1395600.0,
Brooklyn Nets_2017,6,duranke01_2017,3.6526,3.6526,-0.0,holliro01,26540100.0,1395600.0,
Brooklyn Nets_2017,7,jamesle01_2017,3.5568,3.6633,-0.1065,holliro01,30963450.0,1395600.0,
Brooklyn Nets_2017,8,butleji01_2017,3.2958,3.4023,-0.1065,holliro01,17552209.0,1395600.0,
Brooklyn Nets_2017,9,lowryky01_2017,3.29,3.4392,-0.1492,whiteis01,12000000.0,1074145.0,
Brooklyn Nets_2017,10,jokicni01_2017,3.1822,3.1544,0.0279,booketr01,1358500.0,9250000.0,
New York Knicks_2017,1,westbru01_2017,5.3985,5.3985,-0.0,rosede01,26540100.0,21323250.0,
New York Knicks_2017,2,leonaka01_2017,5.0604,5.2374,-0.177,leeco01,17638063.0,11242000.0,
New York Knicks_2017,3,paulch01_2017,4.5661,4.5661,-0.0,rosede01,22868827.0,21323250.0,
New York Knicks_2017,4,butleji01_2017,4.5385,4.7155,-0.177,leeco01,17552209.0,11242000.0,
New York Knicks_2017,5,jamesle01_2017,4.459,4.459,0.0,anthoca01,30963450.0,24559380.0,
New York Knicks_2017,6,hardeja01_2017,4.1504,4.1504,-0.0,rosede01,26540100.0,21323250.0,
New York Knicks_2017,7,curryst01_2017,4.0845,4.0845,-0.0,rosede01,12112359.0,21323250.0,
New York Knicks_2017,8,antetgi01_2017,3.8856,3.7017,0.1839,anthoca01,2995421.0,24559380.0,
New York Knicks_2017,9,duranke01_2017,3.6611,3.6611,0.0,porzikr01,26540100.0,4317720.0,
New York Knicks_2017,10,lowryky01_2017,3.4963,3.4963,-0.0,rosede01,12000000.0,21323250.0,
Orlando Magic_2017,1,westbru01_2017,5.1307,5.1307,0.0,paytoel01,26540100.0,2613600.0,
Orlando Magic_2017,2,leonaka01_2017,4.6357,4.7908,-0.155,fournev01,17638063.0,17000000.0,
Orlando Magic_2017,3,duranke01_2017,4.4491,4.3521,0.097,gordoaa01,26540100.0,4351320.0,
Orlando Magic_2017,4,jamesle01_2017,4.2106,4.3659,-0.1554,gordoaa01,30963450.0,4351320.0,
Orlando Magic_2017,5,paulch01_2017,4.1601,4.1601,0.0,paytoel01,22868827.0,2613600.0,
Orlando Magic_2017,6,butleji01_2017,4.1555,4.3106,-0.155,fournev01,17552209.0,17000000.0,
Orlando Magic_2017,7,antetgi01_2017,3.7724,3.6754,0.097,gordoaa01,2995421.0,4351320.0,
Orlando Magic_2017,8,jokicni01_2017,3.7134,3.7405,-0.0271,biyombi01,1358500.0,17000000.0,
Orlando Magic_2017,9,hardeja01_2017,3.6941,3.7478,-0.0536,augusdj01,26540100.0,7250000.0,
Orlando Magic_2017,10,curryst01_2017,3.6465,3.7002,-0.0536,augusdj01,12112359.0,7250000.0,
Indiana Pacers_2017,1,westbru01_2017,5.3914,5.6715,-0.2801,ellismo01,26540100.0,10770000.0,
Indiana Pacers_2017,2,leonaka01_2017,4.4751,4.7552,-0.2801,ellismo01,17638063.0,10770000.0,
Indiana Pacers_2017,3,paulch01_2017,4.2294,4.2294,0.0,teaguje01,22868827.0,8800000.0,
Indiana Pacers_2017,4,butleji01_2017,4.0493,4.3295,-0.2801,ellismo01,17552209.0,10770000.0,
Indiana Pacers_2017,5,duranke01_2017,3.9687,3.9687,0.0,turnemy01,26540100.0,2463840.0,
Indiana Pacers_2017,6,hardeja01_2017,3.6966,3.6966,0.0,teaguje01,26540100.0,8800000.0,
Indiana Pacers_2017,7,curryst01_2017,3.612,3.612,0.0,teaguje01,12112359.0,8800000.0,
Indiana Pacers_2017,8,jokicni01_2017,3.5265,3.5265,0.0,turnemy01,1358500.0,2463840.0,
Indiana Pacers_2017,9,jamesle01_2017,3.4404,3.6282,-0.1877,youngth01,30963450.0,14153652.0,
Indiana Pacers_2017,10,haywago01_2017,2.9081,3.1882,-0.2801,ellismo01,16073140.0,10770000.0,
Philadelphia 76ers_2017,1,westbru01_2017,5.3487,5.528,-0.1793,mccontj01,26540100.0,874636.0,
Philadelphia 76ers_2017,2,leonaka01_2017,4.9932,5.0615,-0.0683,stausni01,17638063.0,2993040.0,
Philadelphia 76ers_2017,3,duranke01_2017,4.8233,4.8233,0.0,saricda01,26540100.0,2318280.0,
Philadelphia 76ers_2017,4,jamesle01_2017,4.7979,4.8362,-0.0383,saricda01,30963450.0,2318280.0,
Philadelphia 76ers_2017,5,butleji01_2017,4.5288,4.5971,-0.0683,stausni01,17552209.0,2993040.0,
Philadelphia 76ers_2017,6,paulch01_2017,4.486,4.6652,-0.1793,mccontj01,22868827.0,874636.0,
Philadelphia 76ers_2017,7,jokicni01_2017,4.4512,4.4512,0.0,saricda01,1358500.0,2318280.0,
Philadelphia 76ers_2017,8,antetgi01_2017,4.1963,4.1963,0.0,saricda01,2995421.0,2318280.0,
Philadelphia 76ers_2017,9,hardeja01_2017,4.0551,4.2344,-0.1793,mccontj01,26540100.0,874636.0,
Philadelphia 76ers_2017,10,curryst01_2017,3.9868,4.1661,-0.1793,mccontj01,12112359.0,874636.0,
Phoenix Suns_2017,1,leonaka01_2017,6.279,6.279,0.0,bookede01,17638063.0,2223600.0,
Phoenix Suns_2017,2,butleji01_2017,5.6926,5.6926,0.0,bookede01,17552209.0,2223600.0,
Phoenix Suns_2017,3,jamesle01_2017,4.1888,4.1852,0.0035,warretj01,30963450.0,2128920.0,
Phoenix Suns_2017,4,duranke01_2017,4.1729,4.1729,0.0,warretj01,26540100.0,2128920.0,
Phoenix Suns_2017,5,haywago01_2017,4.1205,4.1205,0.0,bookede01,16073140.0,2223600.0,
Phoenix Suns_2017,6,jokicni01_2017,3.7173,3.9089,-0.1916,chrisma01,1358500.0,2941440.0,
Phoenix Suns_2017,7,westbru01_2017,3.6422,3.6422,0.0,bledser01,26540100.0,14000000.0,
Phoenix Suns_2017,8,antetgi01_2017,3.5688,3.5688,0.0,warretj01,2995421.0,2128920.0,
Phoenix Suns_2017,9,willilo02_2017,3.532,3.532,0.0,bookede01,7000000.0,2223600.0,
Phoenix Suns_2017,10,bealbr01_2017,3.4311,3.3417,0.0894,bookede01,22116750.0,2223600.0,
Portland Trail Blazers_2017,1,westbru01_2017,5.2032,5.2032,0.0,mccolcj01,26540100.0,3219579.0,
Portland Trail Blazers_2017,2,leonaka01_2017,4.9057,4.9659,-0.0602,crabbal01,17638063.0,18500000.0,
Portland Trail Blazers_2017,3,butleji01_2017,4.4229,4.4831,-0.0602,crabbal01,17552209.0,18500000.0,
Portland Trail Blazers_2017,4,paulch01_2017,4.0959,4.0959,0.0,mccolcj01,22868827.0,3219579.0,
Portland Trail Blazers_2017,5,antetgi01_2017,4.0778,4.1375,-0.0598,crabbal01,2995421.0,18500000.0,
Portland Trail Blazers_2017,6,jamesle01_2017,3.9284,3.9284,0.0,turneev01,30963450.0,16393443.0,
Portland Trail Blazers_2017,7,duranke01_2017,3.7843,4.0002,-0.2159,harklma01,26540100.0,8988764.0,
Portland Trail Blazers_2017,8,hardeja01_2017,3.543,3.543,0.0,mccolcj01,26540100.0,3219579.0,
Portland Trail Blazers_2017,9,curryst01_2017,3.4552,3.4552,0.0,mccolcj01,12112359.0,3219579.0,
Portland Trail Blazers_2017,10,greendr01_2017,3.1702,2.9903,0.18,turneev01,15330435.0,16393443.0,
Sacramento Kings_2017,1,westbru01_2017,5.1909,5.1909,0.0,collida01,26540100.0,5229454.0,
Sacramento Kings_2017,2,paulch01_2017,4.3765,4.3765,0.0,collida01,22868827.0,5229454.0,
Sacramento Kings_2017,3,leonaka01_2017,4.1509,4.2406,-0.0897,afflaar01,17638063.0,12500000.0,
Sacramento Kings_2017,4,jamesle01_2017,4.0444,4.1341,-0.0897,afflaar01,30963450.0,12500000.0,
Sacramento Kings_2017,5,hardeja01_2017,3.9697,3.9697,0.0,collida01,26540100.0,5229454.0,
Sacramento Kings_2017,6,curryst01_2017,3.9052,3.9052,0.0,collida01,12112359.0,5229454.0,
Sacramento Kings_2017,7,butleji01_2017,3.8163,3.906,-0.0897,afflaar01,17552209.0,12500000.0,
Sacramento Kings_2017,8,antetgi01_2017,3.6141,3.6666,-0.0525,afflaar01,2995421.0,12500000.0,
Sacramento Kings_2017,9,lowryky01_2017,3.3297,3.3297,0.0,collida01,12000000.0,5229454.0,
Sacramento Kings_2017,10,conlemi01_2017,3.1496,3.1496,0.0,collida01,26540100.0,5229454.0,
San Antonio Spurs_2017,1,westbru01_2017,4.3468,4.3468,0.0,parketo01,26540100.0,14445313.0,
San Antonio Spurs_2017,2,duranke01_2017,4.0255,4.0255,0.0,aldrila01,26540100.0,20575005.0,
San Antonio Spurs_2017,3,jamesle01_2017,3.9687,4.0392,-0.0705,aldrila01,30963450.0,20575005.0,
San Antonio Spurs_2017,4,paulch01_2017,3.7326,3.7326,0.0,parketo01,22868827.0,14445313.0,
San Antonio Spurs_2017,5,jokicni01_2017,3.6284,3.6284,0.0,aldrila01,1358500.0,20575005.0,
San Antonio Spurs_2017,6,hardeja01_2017,3.4259,3.4259,0.0,parketo01,26540100.0,14445313.0,
San Antonio Spurs_2017,7,curryst01_2017,3.3772,3.3772,0.0,parketo01,12112359.0,14445313.0,
San Antonio Spurs_2017,8,lowryky01_2017,2.9432,2.9432,0.0,parketo01,12000000.0,14445313.0,
San Antonio Spurs_2017,9,couside01_2017,2.8786,2.8786,0.0,aldrila01,16957900.0,20575005.0,
San Antonio Spurs_2017,10,greendr01_2017,2.8519,2.7419,0.11,aldrila01,15330435.0,20575005.0,
Oklahoma City Thunder_2017,1,leonaka01_2017,4.5867,4.8848,-0.2981,roberan03,17638063.0,2183072.0,
Oklahoma City Thunder_2017,2,jamesle01_2017,4.4237,4.7219,-0.2981,roberan03,30963450.0,2183072.0,
Oklahoma City Thunder_2017,3,duranke01_2017,4.1496,4.4,-0.2504,adamsst01,26540100.0,3140517.0,
Oklahoma City Thunder_2017,4,butleji01_2017,4.0749,4.373,-0.2981,roberan03,17552209.0,2183072.0,
Oklahoma City Thunder_2017,5,hardeja01_2017,3.835,3.8246,0.0104,oladivi01,26540100.0,6552960.0,
Oklahoma City Thunder_2017,6,jokicni01_2017,3.7311,3.9816,-0.2504,adamsst01,1358500.0,3140517.0,
Oklahoma City Thunder_2017,7,antetgi01_2017,3.7046,4.0068,-0.3023,roberan03,2995421.0,2183072.0,
Oklahoma City Thunder_2017,8,greendr01_2017,3.3634,3.3634,0.0,roberan03,15330435.0,2183072.0,
Oklahoma City Thunder_2017,9,couside01_2017,3.1518,3.3441,-0.1923,sabondo01,16957900.0,2440200.0,
Oklahoma City Thunder_2017,10,davisan02_2017,3.1135,3.3058,-0.1923,sabondo01,22116750.0,2440200.0,
Toronto Raptors_2017,1,westbru01_2017,5.2639,5.2639,0.0,josepco01,26540100.0,7330000.0,
Toronto Raptors_2017,2,paulch01_2017,4.4648,4.4648,0.0,josepco01,22868827.0,7330000.0,
Toronto Raptors_2017,3,hardeja01_2017,4.0658,4.0658,0.0,josepco01,26540100.0,7330000.0,
Toronto Raptors_2017,4,curryst01_2017,4.0025,4.0025,0.0,josepco01,12112359.0,7330000.0,
Toronto Raptors_2017,5,duranke01_2017,3.5561,3.7108,-0.1548,valanjo01,26540100.0,14382022.0,
Toronto Raptors_2017,6,leonaka01_2017,3.5116,3.5116,-0.0,derozde01,17638063.0,26540100.0,
Toronto Raptors_2017,7,conlemi01_2017,3.2612,3.2612,0.0,josepco01,26540100.0,7330000.0,
Toronto Raptors_2017,8,thomais02_2017,3.2237,3.2237,0.0,josepco01,6587132.0,7330000.0,
Toronto Raptors_2017,9,jokicni01_2017,3.1998,3.3545,-0.1548,valanjo01,1358500.0,14382022.0,
Toronto Raptors_2017,10,jamesle01_2017,3.1745,3.3669,-0.1923,carrode01,30963450.0,14200000.0,
Utah Jazz_2017,1,westbru01_2017,3.8495,3.9391,-0.0897,hoodro01,26540100.0,1406520.0,
Utah Jazz_2017,2,leonaka01_2017,3.1192,3.2089,-0.0897,hoodro01,17638063.0,1406520.0,
Utah Jazz_2017,3,paulch01_2017,3.0039,3.0971,-0.0932,exumda01,22868827.0,3940320.0,
Utah Jazz_2017,4,jamesle01_2017,2.977,3.0785,-0.1015,johnsjo02,30963450.0,11000000.0,
Utah Jazz_2017,5,duranke01_2017,2.8383,2.8844,-0.0461,diawbo01,26540100.0,7000000.0,
Utah Jazz_2017,6,butleji01_2017,2.7799,2.8695,-0.0897,hoodro01,17552209.0,1406520.0,
Utah Jazz_2017,7,hardeja01_2017,2.7573,2.8505,-0.0932,exumda01,26540100.0,3940320.0,
Utah Jazz_2017,8,curryst01_2017,2.7181,2.8113,-0.0932,exumda01,12112359.0,3940320.0,
Utah Jazz_2017,9,jokicni01_2017,2.6166,2.6627,-0.0461,diawbo01,1358500.0,7000000.0,
Utah Jazz_2017,10,antetgi01_2017,2.5052,2.5274,-0.0222,johnsjo02,2995421.0,11000000.0,
Memphis Grizzlies_2017,1,westbru01_2017,4.0344,4.1392,-0.1048,harrian01,26540100.0,945000.0,
Memphis Grizzlies_2017,2,duranke01_2017,3.8359,4.0089,-0.1731,greenja01,26540100.0,980431.0,
Memphis Grizzlies_2017,3,jamesle01_2017,3.7558,4.0215,-0.2656,greenja01,30963450.0,980431.0,
Memphis Grizzlies_2017,4,leonaka01_2017,3.5388,3.788,-0.2492,allento01,17638063.0,5505618.0,
Memphis Grizzlies_2017,5,jokicni01_2017,3.4737,3.6468,-0.1731,greenja01,1358500.0,980431.0,
Memphis Grizzlies_2017,6,paulch01_2017,3.451,3.5558,-0.1048,harrian01,22868827.0,945000.0,
Memphis Grizzlies_2017,7,antetgi01_2017,3.2256,3.3987,-0.1731,greenja01,2995421.0,980431.0,
Memphis Grizzlies_2017,8,hardeja01_2017,3.1597,3.2645,-0.1048,harrian01,26540100.0,945000.0,
Memphis Grizzlies_2017,9,butleji01_2017,3.1337,3.383,-0.2492,allento01,17552209.0,5505618.0,
Memphis Grizzlies_2017,10,curryst01_2017,3.1135,3.2183,-0.1048,harrian01,12112359.0,945000.0,
Washington Wizards_2017,1,duranke01_2017,5.121,5.1198,0.0012,gortama01,26540100.0,12000000.0,
Washington Wizards_2017,2,jamesle01_2017,4.7855,4.9005,-0.115,morrima02,30963450.0,7400000.0,
Washington Wizards_2017,3,jokicni01_2017,4.6776,4.6764,0.0012,gortama01,1358500.0,12000000.0,
Washington Wizards_2017,4,antetgi01_2017,4.1901,4.1901,0.0,morrima02,2995421.0,7400000.0,
Washington Wizards_2017,5,westbru01_2017,4.0375,4.0375,0.0,walljo01,26540100.0,16957900.0,
Washington Wizards_2017,6,couside01_2017,3.8404,3.8392,0.0012,gortama01,16957900.0,12000000.0,
Washington Wizards_2017,7,davisan02_2017,3.7799,3.7787,0.0012,gortama01,22116750.0,12000000.0,
Washington Wizards_2017,8,greendr01_2017,3.6101,3.5508,0.0593,morrima02,15330435.0,7400000.0,
Washington Wizards_2017,9,leonaka01_2017,3.5954,3.6903,-0.0948,oubreke01,17638063.0,2006640.0,
Washington Wizards_2017,10,goberru01_2017,3.5928,3.4676,0.1252,gortama01,2121288.0,12000000.0,
Detroit Pistons_2017,1,westbru01_2017,6.1377,6.2029,-0.0652,caldwke01,26540100.0,3678319.0,
Detroit Pistons_2017,2,leonaka01_2017,5.2414,5.3026,-0.0612,morrima03,17638063.0,4625000.0,
Detroit Pistons_2017,3,paulch01_2017,5.1254,5.1906,-0.0652,caldwke01,22868827.0,3678319.0,
Detroit Pistons_2017,4,jamesle01_2017,5.0668,5.128,-0.0612,morrima03,30963450.0,4625000.0,
Detroit Pistons_2017,5,butleji01_2017,4.693,4.7542,-0.0612,morrima03,17552209.0,4625000.0,
Detroit Pistons_2017,6,hardeja01_2017,4.6199,4.6851,-0.0652,caldwke01,26540100.0,3678319.0,
Detroit Pistons_2017,7,curryst01_2017,4.5397,4.6049,-0.0652,caldwke01,12112359.0,3678319.0,
Detroit Pistons_2017,8,duranke01_2017,4.4451,4.4332,0.0118,drumman01,26540100.0,22116750.0,
Detroit Pistons_2017,9,antetgi01_2017,4.3787,4.3618,0.0169,morrima03,2995421.0,4625000.0,
Detroit Pistons_2017,10,jokicni01_2017,4.0293,4.0174,0.0118,drumman01,1358500.0,22116750.0,
Charlotte Hornets_2017,1,leonaka01_2017,4.6681,4.7109,-0.0428,kiddgmi01,17638063.0,13000000.0,
Charlotte Hornets_2017,2,jamesle01_2017,4.5092,4.552,-0.0428,kiddgmi01,30963450.0,13000000.0,
Charlotte Hornets_2017,3,butleji01_2017,4.169,4.2118,-0.0428,kiddgmi01,17552209.0,13000000.0,
Charlotte Hornets_2017,4,duranke01_2017,4.0663,4.3165,-0.2501,willima02,26540100.0,12250000.0,
Charlotte Hornets_2017,5,antetgi01_2017,3.8547,3.8547,0.0,kiddgmi01,2995421.0,13000000.0,
Charlotte Hornets_2017,6,westbru01_2017,3.7824,3.7824,-0.0,walkeke02,26540100.0,12000000.0,
Charlotte Hornets_2017,7,jokicni01_2017,3.6687,3.9188,-0.2501,willima02,1358500.0,12250000.0,
Charlotte Hornets_2017,8,greendr01_2017,3.4238,3.2271,0.1967,kiddgmi01,15330435.0,13000000.0,
Charlotte Hornets_2017,9,couside01_2017,2.9178,3.1679,-0.2501,willima02,16957900.0,12250000.0,
Charlotte Hornets_2017,10,davisan02_2017,2.8635,3.1136,-0.2501,willima02,22116750.0,12250000.0,
Atlanta Hawks_2018,1,jamesle01_2018,5.2297,5.3732,-0.1435,princta02,33285709.0,2422560.0,
Atlanta Hawks_2018,2,hardeja01_2018,4.8655,4.8655,0.0,schrode01,28299399.0,15500000.0,
Atlanta Hawks_2018,3,duranke01_2018,4.3528,4.4963,-0.1435,princta02,25000000.0,2422560.0,
Atlanta Hawks_2018,4,antetgi01_2018,4.264,4.3297,-0.0657,princta02,22471910.0,2422560.0,
Atlanta Hawks_2018,5,curryst01_2018,4.1066,4.1066,0.0,schrode01,34682550.0,15500000.0,
Atlanta Hawks_2018,6,butleji01_2018,4.1063,4.2498,-0.1435,princta02,19301070.0,2422560.0,
Atlanta Hawks_2018,7,lillada01_2018,4.0317,4.0317,0.0,schrode01,26153057.0,15500000.0,
Atlanta Hawks_2018,8,paulch01_2018,3.7894,3.7894,0.0,schrode01,24599495.0,15500000.0,
Atlanta Hawks_2018,9,westbru01_2018,3.6472,3.6472,0.0,schrode01,28530608.0,15500000.0,
Atlanta Hawks_2018,10,irvinky01_2018,3.4739,3.4739,0.0,schrode01,18868625.0,15500000.0,
Boston Celtics_2018,1,hardeja01_2018,3.8722,4.0155,-0.1433,brownja02,28299399.0,4956480.0,
Boston Celtics_2018,2,jamesle01_2018,3.191,3.3385,-0.1475,tatumja01,33285709.0,5645400.0,
Boston Celtics_2018,3,jokicni01_2018,2.7911,2.7911,-0.0,baynear01,1471382.0,4328000.0,
Boston Celtics_2018,4,davisan02_2018,2.6974,2.6974,-0.0,baynear01,23775506.0,4328000.0,
Boston Celtics_2018,5,duranke01_2018,2.5995,2.7428,-0.1433,brownja02,25000000.0,4956480.0,
Boston Celtics_2018,6,antetgi01_2018,2.5352,2.5962,-0.061,ojelese01,22471910.0,1291892.0,
Boston Celtics_2018,7,oladivi01_2018,2.4834,2.6266,-0.1433,brownja02,21000000.0,4956480.0,
Boston Celtics_2018,8,lillada01_2018,2.4477,2.6736,-0.2259,smartma01,26153057.0,4538020.0,
Boston Celtics_2018,9,butleji01_2018,2.389,2.5322,-0.1433,brownja02,19301070.0,4956480.0,
Boston Celtics_2018,10,curryst01_2018,2.3778,2.4576,-0.0797,roziete01,34682550.0,1988520.0,
Cleveland Cavaliers_2018,1,hardeja01_2018,6.1542,6.2764,-0.1222,smithjr01,28299399.0,13760000.0,
Cleveland Cavaliers_2018,2,curryst01_2018,5.3519,5.4741,-0.1222,smithjr01,34682550.0,13760000.0,
Cleveland Cavaliers_2018,3,lillada01_2018,5.2727,5.395,-0.1222,smithjr01,26153057.0,13760000.0,
Cleveland Cavaliers_2018,4,paulch01_2018,5.0166,5.1389,-0.1222,smithjr01,24599495.0,13760000.0,
Cleveland Cavaliers_2018,5,westbru01_2018,4.8662,4.9885,-0.1222,smithjr01,28530608.0,13760000.0,
Cleveland Cavaliers_2018,6,oladivi01_2018,4.7147,4.8369,-0.1222,smithjr01,21000000.0,13760000.0,
Cleveland Cavaliers_2018,7,irvinky01_2018,4.683,4.8053,-0.1222,smithjr01,18868625.0,13760000.0,
Cleveland Cavaliers_2018,8,butleji01_2018,4.6169,4.7391,-0.1222,smithjr01,19301070.0,13760000.0,
Cleveland Cavaliers_2018,9,lowryky01_2018,4.4227,4.31,0.1127,smithjr01,28703704.0,13760000.0,
Cleveland Cavaliers_2018,10,simmobe01_2018,4.174,4.0612,0.1127,smithjr01,6168840.0,13760000.0,
New Orleans Pelicans_2018,1,hardeja01_2018,5.8192,6.0695,-0.2502,mooreet01,28299399.0,8445024.0,
New Orleans Pelicans_2018,2,curryst01_2018,4.8969,5.1472,-0.2502,mooreet01,34682550.0,8445024.0,
New Orleans Pelicans_2018,3,lillada01_2018,4.806,5.0562,-0.2502,mooreet01,26153057.0,8445024.0,
New Orleans Pelicans_2018,4,paulch01_2018,4.5115,4.7617,-0.2502,mooreet01,24599495.0,8445024.0,
New Orleans Pelicans_2018,5,westbru01_2018,4.3386,4.5889,-0.2502,mooreet01,28530608.0,8445024.0,
New Orleans Pelicans_2018,6,oladivi01_2018,4.1644,4.4147,-0.2502,mooreet01,21000000.0,8445024.0,
New Orleans Pelicans_2018,7,irvinky01_2018,4.128,4.3783,-0.2502,mooreet01,18868625.0,8445024.0,
New Orleans Pelicans_2018,8,butleji01_2018,4.052,4.3022,-0.2502,mooreet01,19301070.0,8445024.0,
New Orleans Pelicans_2018,9,jamesle01_2018,3.8165,3.9898,-0.1733,milleda01,33285709.0,2100000.0,
New Orleans Pelicans_2018,10,lowryky01_2018,3.7225,3.8089,-0.0864,mooreet01,28703704.0,8445024.0,
Chicago Bulls_2018,1,hardeja01_2018,4.8816,5.1081,-0.2265,holidju01,28299399.0,4615385.0,
Chicago Bulls_2018,2,lillada01_2018,3.9805,4.207,-0.2265,holidju01,26153057.0,4615385.0,
Chicago Bulls_2018,3,jamesle01_2018,3.8288,3.9733,-0.1444,markkla01,33285709.0,3821640.0,
Chicago Bulls_2018,4,westbru01_2018,3.565,3.7915,-0.2265,holidju01,28530608.0,4615385.0,
Chicago Bulls_2018,5,jokicni01_2018,3.5331,3.5331,0.0,markkla01,1471382.0,3821640.0,
Chicago Bulls_2018,6,oladivi01_2018,3.4101,3.6366,-0.2265,holidju01,21000000.0,4615385.0,
Chicago Bulls_2018,7,davisan02_2018,3.4036,3.4036,0.0,markkla01,23775506.0,3821640.0,
Chicago Bulls_2018,8,irvinky01_2018,3.3777,3.6042,-0.2265,holidju01,18868625.0,4615385.0,
Chicago Bulls_2018,9,butleji01_2018,3.3101,3.5366,-0.2265,holidju01,19301070.0,4615385.0,
Chicago Bulls_2018,10,curryst01_2018,3.2552,3.2552,0.0,grantje02,34682550.0,1713840.0,
Dallas Mavericks_2018,1,hardeja01_2018,5.5968,5.5968,-0.0,smithde03,28299399.0,3218280.0,
Dallas Mavericks_2018,2,jamesle01_2018,5.2644,5.3463,-0.0818,barneha02,33285709.0,23112004.0,
Dallas Mavericks_2018,3,curryst01_2018,4.8572,4.8572,-0.0,smithde03,34682550.0,3218280.0,
Dallas Mavericks_2018,4,lillada01_2018,4.7842,4.7842,-0.0,smithde03,26153057.0,3218280.0,
Dallas Mavericks_2018,5,davisan02_2018,4.6363,4.6032,0.0331,barneha02,23775506.0,23112004.0,
Dallas Mavericks_2018,6,paulch01_2018,4.5481,4.5481,-0.0,smithde03,24599495.0,3218280.0,
Dallas Mavericks_2018,7,westbru01_2018,4.4094,4.4094,-0.0,smithde03,28530608.0,3218280.0,
Dallas Mavericks_2018,8,duranke01_2018,4.3517,4.4335,-0.0818,barneha02,25000000.0,23112004.0,
Dallas Mavericks_2018,9,antetgi01_2018,4.2933,4.2602,0.0331,barneha02,22471910.0,23112004.0,
Dallas Mavericks_2018,10,oladivi01_2018,4.2698,4.2698,-0.0,smithde03,21000000.0,3218280.0,
Denver Nuggets_2018,1,jamesle01_2018,4.9369,5.0907,-0.1539,chandwi01,33285709.0,12016854.0,
Denver Nuggets_2018,2,hardeja01_2018,4.9114,5.0251,-0.1136,murraja01,28299399.0,3355320.0,
Denver Nuggets_2018,3,antetgi01_2018,4.2291,4.1294,0.0997,chandwi01,22471910.0,12016854.0,
Denver Nuggets_2018,4,duranke01_2018,4.129,4.2829,-0.1539,chandwi01,25000000.0,12016854.0,
Denver Nuggets_2018,5,curryst01_2018,4.0023,4.1159,-0.1136,murraja01,34682550.0,3355320.0,
Denver Nuggets_2018,6,lillada01_2018,3.9126,4.0262,-0.1136,murraja01,26153057.0,3355320.0,
Denver Nuggets_2018,7,paulch01_2018,3.6224,3.736,-0.1136,murraja01,24599495.0,3355320.0,
Denver Nuggets_2018,8,westbru01_2018,3.4519,3.5656,-0.1136,murraja01,28530608.0,3355320.0,
Denver Nuggets_2018,9,oladivi01_2018,3.2802,3.3939,-0.1136,murraja01,21000000.0,3355320.0,
Denver Nuggets_2018,10,irvinky01_2018,3.2444,3.358,-0.1136,murraja01,18868625.0,3355320.0,
Golden State Warriors_2018,1,hardeja01_2018,5.0047,5.0784,-0.0738,thompkl01,28299399.0,17826150.0,
Golden State Warriors_2018,2,lillada01_2018,4.0104,4.0842,-0.0738,thompkl01,26153057.0,17826150.0,
Golden State Warriors_2018,3,paulch01_2018,3.7215,3.7953,-0.0738,thompkl01,24599495.0,17826150.0,
Golden State Warriors_2018,4,westbru01_2018,3.5519,3.6257,-0.0738,thompkl01,28530608.0,17826150.0,
Golden State Warriors_2018,5,oladivi01_2018,3.381,3.4548,-0.0738,thompkl01,21000000.0,17826150.0,
Golden State Warriors_2018,6,irvinky01_2018,3.3453,3.419,-0.0738,thompkl01,18868625.0,17826150.0,
Golden State Warriors_2018,7,butleji01_2018,3.2707,3.3444,-0.0738,thompkl01,19301070.0,17826150.0,
Golden State Warriors_2018,8,lowryky01_2018,3.0162,2.8604,0.1558,thompkl01,28703704.0,17826150.0,
Golden State Warriors_2018,9,simmobe01_2018,2.7356,2.5798,0.1558,thompkl01,6168840.0,17826150.0,
Golden State Warriors_2018,10,evansty01_2018,2.4913,2.5651,-0.0738,thompkl01,3290000.0,17826150.0,
Houston Rockets_2018,1,jamesle01_2018,3.8325,4.0397,-0.2072,tuckepj01,33285709.0,7590035.0,
Houston Rockets_2018,2,davisan02_2018,3.1969,3.397,-0.2,tuckepj01,23775506.0,7590035.0,
Houston Rockets_2018,3,duranke01_2018,3.043,3.2502,-0.2072,tuckepj01,25000000.0,7590035.0,
Houston Rockets_2018,4,antetgi01_2018,2.9002,3.1002,-0.2,tuckepj01,22471910.0,7590035.0,
Houston Rockets_2018,5,oladivi01_2018,2.7073,2.9255,-0.2182,arizatr01,21000000.0,7420912.0,
Houston Rockets_2018,6,butleji01_2018,2.6074,2.8256,-0.2182,arizatr01,19301070.0,7420912.0,
Houston Rockets_2018,7,jokicni01_2018,2.5816,2.7295,-0.1479,anderry01,1471382.0,19578455.0,
Houston Rockets_2018,8,curryst01_2018,2.5723,2.6311,-0.0589,gordoer01,34682550.0,12943020.0,
Houston Rockets_2018,9,lillada01_2018,2.4954,2.5543,-0.0589,gordoer01,26153057.0,12943020.0,
Houston Rockets_2018,10,westbru01_2018,2.1005,2.1594,-0.0589,gordoer01,28530608.0,12943020.0,
Los Angeles Clippers_2018,1,hardeja01_2018,4.4622,4.6245,-0.1622,riverau01,28299399.0,11825000.0,
Los Angeles Clippers_2018,2,lillada01_2018,3.6688,3.8311,-0.1622,riverau01,26153057.0,11825000.0,
Los Angeles Clippers_2018,3,jamesle01_2018,3.554,3.7774,-0.2234,jordade01,33285709.0,22642350.0,
Los Angeles Clippers_2018,4,westbru01_2018,3.3029,3.4652,-0.1622,riverau01,28530608.0,11825000.0,
Los Angeles Clippers_2018,5,oladivi01_2018,3.1665,3.3288,-0.1622,riverau01,21000000.0,11825000.0,
Los Angeles Clippers_2018,6,irvinky01_2018,3.138,3.3003,-0.1622,riverau01,18868625.0,11825000.0,
Los Angeles Clippers_2018,7,jokicni01_2018,3.0965,3.2532,-0.1567,jordade01,1471382.0,22642350.0,
Los Angeles Clippers_2018,8,butleji01_2018,3.0785,3.2407,-0.1622,riverau01,19301070.0,11825000.0,
Los Angeles Clippers_2018,9,curryst01_2018,2.9953,2.9953,0.0,willilo02,34682550.0,7000000.0,
Los Angeles Clippers_2018,10,davisan02_2018,2.9424,3.099,-0.1567,jordade01,23775506.0,22642350.0,
Los Angeles Lakers_2018,1,hardeja01_2018,4.5535,4.6854,-0.1318,caldwke01,28299399.0,17745894.0,
Los Angeles Lakers_2018,2,jamesle01_2018,4.2001,4.3782,-0.1781,kuzmaky01,33285709.0,1423560.0,
Los Angeles Lakers_2018,3,lillada01_2018,3.5902,3.722,-0.1318,caldwke01,26153057.0,17745894.0,
Los Angeles Lakers_2018,4,davisan02_2018,3.5623,3.7046,-0.1424,kuzmaky01,23775506.0,1423560.0,
Los Angeles Lakers_2018,5,duranke01_2018,3.4287,3.4526,-0.0239,ingrabr01,25000000.0,5519400.0,
Los Angeles Lakers_2018,6,oladivi01_2018,3.3229,3.3468,-0.0239,ingrabr01,21000000.0,5519400.0,
Los Angeles Lakers_2018,7,antetgi01_2018,3.2513,3.3937,-0.1424,kuzmaky01,22471910.0,1423560.0,
Los Angeles Lakers_2018,8,butleji01_2018,3.2369,3.2608,-0.0239,ingrabr01,19301070.0,5519400.0,
Los Angeles Lakers_2018,9,westbru01_2018,3.1459,3.2777,-0.1318,caldwke01,28530608.0,17745894.0,
Los Angeles Lakers_2018,10,irvinky01_2018,2.9457,3.0775,-0.1318,caldwke01,18868625.0,17745894.0,
Miami Heat_2018,1,hardeja01_2018,4.889,4.8879,0.0011,richajo01,28299399.0,1471382.0,
Miami Heat_2018,2,curryst01_2018,3.8887,3.8887,0.0,dragigo01,34682550.0,17000450.0,
Miami Heat_2018,3,lillada01_2018,3.8045,3.8045,0.0,dragigo01,26153057.0,17000450.0,
Miami Heat_2018,4,paulch01_2018,3.5321,3.5321,0.0,dragigo01,24599495.0,17000450.0,
Miami Heat_2018,5,westbru01_2018,3.3722,3.3722,0.0,dragigo01,28530608.0,17000450.0,
Miami Heat_2018,6,duranke01_2018,3.315,3.314,0.0011,richajo01,25000000.0,1471382.0,
Miami Heat_2018,7,oladivi01_2018,3.211,3.211,0.0,dragigo01,21000000.0,17000450.0,
Miami Heat_2018,8,irvinky01_2018,3.1774,3.1774,0.0,dragigo01,18868625.0,17000450.0,
Miami Heat_2018,9,butleji01_2018,3.107,3.107,0.0,dragigo01,19301070.0,17000450.0,
Miami Heat_2018,10,jamesle01_2018,2.8661,3.0363,-0.1702,winslju01,33285709.0,2705040.0,
Milwaukee Bucks_2018,1,jamesle01_2018,5.1994,5.1994,0.0,middlkh01,33285709.0,14100000.0,
Milwaukee Bucks_2018,2,hardeja01_2018,4.9425,5.1766,-0.2341,snellto01,28299399.0,9821429.0,
Milwaukee Bucks_2018,3,duranke01_2018,4.1637,4.1637,0.0,middlkh01,25000000.0,14100000.0,
Milwaukee Bucks_2018,4,butleji01_2018,3.8726,3.8726,0.0,middlkh01,19301070.0,14100000.0,
Milwaukee Bucks_2018,5,oladivi01_2018,3.6209,3.855,-0.2341,snellto01,21000000.0,9821429.0,
Milwaukee Bucks_2018,6,evansty01_2018,2.8968,3.1309,-0.2341,snellto01,3290000.0,9821429.0,
Milwaukee Bucks_2018,7,porteot01_2018,2.8762,2.698,0.1782,middlkh01,24773250.0,14100000.0,
Milwaukee Bucks_2018,8,jokicni01_2018,2.8681,3.0096,-0.1415,hensojo01,1471382.0,11422536.0,
Milwaukee Bucks_2018,9,davisan02_2018,2.7426,2.884,-0.1415,hensojo01,23775506.0,11422536.0,
Milwaukee Bucks_2018,10,curryst01_2018,2.5655,2.6631,-0.0977,brogdma01,34682550.0,1312611.0,
Minnesota Timberwolves_2018,1,hardeja01_2018,7.0957,7.4519,-0.3562,wiggian01,28299399.0,7574322.0,
Minnesota Timberwolves_2018,2,duranke01_2018,5.3345,5.6907,-0.3562,wiggian01,25000000.0,7574322.0,
Minnesota Timberwolves_2018,3,oladivi01_2018,5.1737,5.5299,-0.3562,wiggian01,21000000.0,7574322.0,
Minnesota Timberwolves_2018,4,jamesle01_2018,4.7476,4.9999,-0.2523,gibsota01,33285709.0,14000000.0,
Minnesota Timberwolves_2018,5,davisan02_2018,4.2315,4.2315,0.0,gibsota01,23775506.0,14000000.0,
Minnesota Timberwolves_2018,6,porteot01_2018,4.2237,4.2237,0.0,wiggian01,24773250.0,7574322.0,
Minnesota Timberwolves_2018,7,antetgi01_2018,3.8768,3.8768,0.0,gibsota01,22471910.0,14000000.0,
Minnesota Timberwolves_2018,8,curryst01_2018,3.8378,3.8378,0.0,teaguje01,34682550.0,19000000.0,
Minnesota Timberwolves_2018,9,lillada01_2018,3.7554,3.7554,0.0,teaguje01,26153057.0,19000000.0,
Minnesota Timberwolves_2018,10,covinro01_2018,3.5404,3.3879,0.1525,wiggian01,16698103.0,7574322.0,
Brooklyn Nets_2018,1,hardeja01_2018,4.406,4.6022,-0.1962,crabbal01,28299399.0,19332500.0,
Brooklyn Nets_2018,2,curryst01_2018,3.6183,3.8145,-0.1962,crabbal01,34682550.0,19332500.0,
Brooklyn Nets_2018,3,lillada01_2018,3.5405,3.7368,-0.1962,crabbal01,26153057.0,19332500.0,
Brooklyn Nets_2018,4,jamesle01_2018,3.5146,3.4687,0.0459,holliro01,33285709.0,1471382.0,
Brooklyn Nets_2018,5,paulch01_2018,3.2891,3.4853,-0.1962,crabbal01,24599495.0,19332500.0,
Brooklyn Nets_2018,6,westbru01_2018,3.1414,3.3376,-0.1962,crabbal01,28530608.0,19332500.0,
Brooklyn Nets_2018,7,duranke01_2018,3.0331,3.1456,-0.1126,leverca01,25000000.0,1632480.0,
Brooklyn Nets_2018,8,oladivi01_2018,2.9926,3.1889,-0.1962,crabbal01,21000000.0,19332500.0,
Brooklyn Nets_2018,9,irvinky01_2018,2.9615,3.1578,-0.1962,crabbal01,18868625.0,19332500.0,
Brooklyn Nets_2018,10,butleji01_2018,2.8966,3.0928,-0.1962,crabbal01,19301070.0,19332500.0,
New York Knicks_2018,1,hardeja01_2018,4.9684,5.0877,-0.1193,leeco01,28299399.0,11747890.0,
New York Knicks_2018,2,curryst01_2018,3.9629,4.1073,-0.1444,ntilila01,34682550.0,3501120.0,
New York Knicks_2018,3,lillada01_2018,3.9029,4.0474,-0.1444,ntilila01,26153057.0,3501120.0,
New York Knicks_2018,4,paulch01_2018,3.7089,3.8533,-0.1444,ntilila01,24599495.0,3501120.0,
New York Knicks_2018,5,duranke01_2018,3.6124,3.7317,-0.1193,leeco01,25000000.0,11747890.0,
New York Knicks_2018,6,westbru01_2018,3.5949,3.7394,-0.1444,ntilila01,28530608.0,3501120.0,
New York Knicks_2018,7,oladivi01_2018,3.4886,3.6079,-0.1193,leeco01,21000000.0,11747890.0,
New York Knicks_2018,8,irvinky01_2018,3.4562,3.6006,-0.1444,ntilila01,18868625.0,3501120.0,
New York Knicks_2018,9,butleji01_2018,3.406,3.5505,-0.1444,ntilila01,19301070.0,3501120.0,
New York Knicks_2018,10,lowryky01_2018,3.2254,3.2254,0.0,ntilila01,28703704.0,3501120.0,
Orlando Magic_2018,1,hardeja01_2018,5.3082,5.467,-0.1588,simmojo02,28299399.0,6300000.0,
Orlando Magic_2018,2,lillada01_2018,4.5041,4.6629,-0.1588,simmojo02,26153057.0,6300000.0,
Orlando Magic_2018,3,oladivi01_2018,3.9951,4.1539,-0.1588,simmojo02,21000000.0,6300000.0,
Orlando Magic_2018,4,irvinky01_2018,3.9662,4.125,-0.1588,simmojo02,18868625.0,6300000.0,
Orlando Magic_2018,5,butleji01_2018,3.9058,4.0647,-0.1588,simmojo02,19301070.0,6300000.0,
Orlando Magic_2018,6,simmobe01_2018,3.4463,3.4463,0.0,simmojo02,6168840.0,6300000.0,
Orlando Magic_2018,7,jamesle01_2018,3.4007,3.5113,-0.1106,biyombi01,33285709.0,17000000.0,
Orlando Magic_2018,8,evansty01_2018,3.2756,3.4344,-0.1588,simmojo02,3290000.0,6300000.0,
Orlando Magic_2018,9,jokicni01_2018,3.152,3.1906,-0.0386,biyombi01,1471382.0,17000000.0,
Orlando Magic_2018,10,davisan02_2018,3.0577,3.0963,-0.0386,biyombi01,23775506.0,17000000.0,
Indiana Pacers_2018,1,hardeja01_2018,4.9327,4.987,-0.0543,josepco01,28299399.0,7630000.0,
Indiana Pacers_2018,2,jamesle01_2018,4.7344,4.8381,-0.1038,bogdabo02,33285709.0,10500000.0,
Indiana Pacers_2018,3,curryst01_2018,4.1404,4.1946,-0.0543,josepco01,34682550.0,7630000.0,
Indiana Pacers_2018,4,lillada01_2018,4.0622,4.1165,-0.0543,josepco01,26153057.0,7630000.0,
Indiana Pacers_2018,5,duranke01_2018,3.8758,3.9796,-0.1038,bogdabo02,25000000.0,10500000.0,
Indiana Pacers_2018,6,antetgi01_2018,3.838,3.8165,0.0215,bogdabo02,22471910.0,10500000.0,
Indiana Pacers_2018,7,paulch01_2018,3.8092,3.8635,-0.0543,josepco01,24599495.0,7630000.0,
Indiana Pacers_2018,8,westbru01_2018,3.6607,3.715,-0.0543,josepco01,28530608.0,7630000.0,
Indiana Pacers_2018,9,butleji01_2018,3.6344,3.7382,-0.1038,bogdabo02,19301070.0,10500000.0,
Indiana Pacers_2018,10,irvinky01_2018,3.4798,3.5341,-0.0543,josepco01,18868625.0,7630000.0,
Philadelphia 76ers_2018,1,hardeja01_2018,3.6206,3.7043,-0.0837,mccontj01,28299399.0,1471382.0,
Philadelphia 76ers_2018,2,jamesle01_2018,3.2199,3.302,-0.0821,saricda01,33285709.0,2422560.0,
Philadelphia 76ers_2018,3,curryst01_2018,3.0081,3.0917,-0.0837,mccontj01,34682550.0,1471382.0,
Philadelphia 76ers_2018,4,lillada01_2018,2.9476,3.0313,-0.0837,mccontj01,26153057.0,1471382.0,
Philadelphia 76ers_2018,5,paulch01_2018,2.7521,2.8358,-0.0837,mccontj01,24599495.0,1471382.0,
Philadelphia 76ers_2018,6,jokicni01_2018,2.7406,2.8006,-0.06,saricda01,1471382.0,2422560.0,
Philadelphia 76ers_2018,7,westbru01_2018,2.6372,2.7209,-0.0837,mccontj01,28530608.0,1471382.0,
Philadelphia 76ers_2018,8,davisan02_2018,2.5932,2.6532,-0.06,saricda01,23775506.0,2422560.0,
Philadelphia 76ers_2018,9,irvinky01_2018,2.4974,2.5811,-0.0837,mccontj01,18868625.0,1471382.0,
Philadelphia 76ers_2018,10,duranke01_2018,2.423,2.5051,-0.0821,saricda01,25000000.0,2422560.0,
Phoenix Suns_2018,1,hardeja01_2018,5.8308,5.8337,-0.0029,jacksjo02,28299399.0,5090040.0,
Phoenix Suns_2018,2,jamesle01_2018,4.9959,5.2018,-0.2059,bendedr01,33285709.0,4468800.0,
Phoenix Suns_2018,3,duranke01_2018,4.6589,4.6618,-0.0029,jacksjo02,25000000.0,5090040.0,
Phoenix Suns_2018,4,jokicni01_2018,4.6112,4.7471,-0.1358,bendedr01,1471382.0,4468800.0,
Phoenix Suns_2018,5,oladivi01_2018,4.5519,4.5548,-0.0029,jacksjo02,21000000.0,5090040.0,
Phoenix Suns_2018,6,davisan02_2018,4.4775,4.6133,-0.1358,bendedr01,23775506.0,4468800.0,
Phoenix Suns_2018,7,butleji01_2018,4.465,4.4679,-0.0029,jacksjo02,19301070.0,5090040.0,
Phoenix Suns_2018,8,antetgi01_2018,4.2059,4.3417,-0.1358,bendedr01,22471910.0,4468800.0,
Phoenix Suns_2018,9,curryst01_2018,3.9772,3.9772,-0.0,ulisty01,34682550.0,1312611.0,
Phoenix Suns_2018,10,townska01_2018,3.9274,4.0632,-0.1358,bendedr01,6216840.0,4468800.0,
Portland Trail Blazers_2018,1,hardeja01_2018,5.4195,5.4195,-0.0,mccolcj01,28299399.0,23962573.0,
Portland Trail Blazers_2018,2,curryst01_2018,4.3673,4.3673,-0.0,mccolcj01,34682550.0,23962573.0,
Portland Trail Blazers_2018,3,duranke01_2018,4.1894,4.229,-0.0395,turneev01,25000000.0,17131148.0,
Portland Trail Blazers_2018,4,oladivi01_2018,4.0794,4.119,-0.0395,turneev01,21000000.0,17131148.0,
Portland Trail Blazers_2018,5,butleji01_2018,3.9901,4.0296,-0.0395,turneev01,19301070.0,17131148.0,
Portland Trail Blazers_2018,6,paulch01_2018,3.9276,3.9276,-0.0,mccolcj01,24599495.0,23962573.0,
Portland Trail Blazers_2018,7,westbru01_2018,3.7304,3.7304,-0.0,mccolcj01,28530608.0,23962573.0,
Portland Trail Blazers_2018,8,irvinky01_2018,3.4901,3.4901,-0.0,mccolcj01,18868625.0,23962573.0,
Portland Trail Blazers_2018,9,jamesle01_2018,3.358,3.7264,-0.3684,nurkiju01,33285709.0,2947305.0,
Portland Trail Blazers_2018,10,porteot01_2018,3.2255,3.2255,0.0,turneev01,24773250.0,17131148.0,
Sacramento Kings_2018,1,hardeja01_2018,6.1066,6.1066,0.0,foxde01,28299399.0,4609200.0,
Sacramento Kings_2018,2,curryst01_2018,5.3633,5.3633,0.0,foxde01,34682550.0,4609200.0,
Sacramento Kings_2018,3,lillada01_2018,5.2899,5.2899,0.0,foxde01,26153057.0,4609200.0,
Sacramento Kings_2018,4,paulch01_2018,5.0526,5.0526,0.0,foxde01,24599495.0,4609200.0,
Sacramento Kings_2018,5,westbru01_2018,4.9133,4.9133,0.0,foxde01,28530608.0,4609200.0,
Sacramento Kings_2018,6,irvinky01_2018,4.7435,4.7435,0.0,foxde01,18868625.0,4609200.0,
Sacramento Kings_2018,7,lowryky01_2018,4.5026,4.2846,0.218,foxde01,28703704.0,4609200.0,
Sacramento Kings_2018,8,simmobe01_2018,4.2721,4.0541,0.218,foxde01,6168840.0,4609200.0,
Sacramento Kings_2018,9,evansty01_2018,4.0421,4.0421,0.0,foxde01,3290000.0,4609200.0,
Sacramento Kings_2018,10,walkeke02_2018,3.9824,3.9824,0.0,foxde01,12000000.0,4609200.0,
San Antonio Spurs_2018,1,hardeja01_2018,4.3985,4.6066,-0.2081,millspa02,28299399.0,10714286.0,
San Antonio Spurs_2018,2,curryst01_2018,3.6412,3.8493,-0.2081,millspa02,34682550.0,10714286.0,
San Antonio Spurs_2018,3,lillada01_2018,3.5665,3.7745,-0.2081,millspa02,26153057.0,10714286.0,
San Antonio Spurs_2018,4,paulch01_2018,3.3247,3.5328,-0.2081,millspa02,24599495.0,10714286.0,
San Antonio Spurs_2018,5,westbru01_2018,3.1827,3.3908,-0.2081,millspa02,28530608.0,10714286.0,
San Antonio Spurs_2018,6,irvinky01_2018,3.0098,3.2179,-0.2081,millspa02,18868625.0,10714286.0,
San Antonio Spurs_2018,7,lowryky01_2018,2.6927,2.7503,-0.0576,millspa02,28703704.0,10714286.0,
San Antonio Spurs_2018,8,oladivi01_2018,2.5953,2.7276,-0.1323,forbebr01,21000000.0,1312611.0,
San Antonio Spurs_2018,9,butleji01_2018,2.5284,2.6607,-0.1323,forbebr01,19301070.0,1312611.0,
San Antonio Spurs_2018,10,simmobe01_2018,2.4579,2.5155,-0.0576,millspa02,6168840.0,10714286.0,
Oklahoma City Thunder_2018,1,jamesle01_2018,5.2729,5.3665,-0.0937,anthoca01,33285709.0,26243760.0,
Oklahoma City Thunder_2018,2,jokicni01_2018,4.7549,4.8158,-0.0609,anthoca01,1471382.0,26243760.0,
Oklahoma City Thunder_2018,3,davisan02_2018,4.593,4.6539,-0.0609,anthoca01,23775506.0,26243760.0,
Oklahoma City Thunder_2018,4,hardeja01_2018,4.4182,4.4182,0.0,georgpa01,28299399.0,19508958.0,
Oklahoma City Thunder_2018,5,duranke01_2018,4.3975,4.4912,-0.0937,anthoca01,25000000.0,26243760.0,
Oklahoma City Thunder_2018,6,antetgi01_2018,4.264,4.3249,-0.0609,anthoca01,22471910.0,26243760.0,
Oklahoma City Thunder_2018,7,townska01_2018,3.9267,3.9876,-0.0609,anthoca01,6216840.0,26243760.0,
Oklahoma City Thunder_2018,8,goberru01_2018,3.5211,3.2777,0.2434,anthoca01,21974719.0,26243760.0,
Oklahoma City Thunder_2018,9,horfoal01_2018,3.2936,3.3545,-0.0609,anthoca01,27734405.0,26243760.0,
Oklahoma City Thunder_2018,10,porteot01_2018,3.2522,3.2522,0.0,anthoca01,24773250.0,26243760.0,
Toronto Raptors_2018,1,hardeja01_2018,3.8563,3.8563,0.0,derozde01,28299399.0,27739975.0,
Toronto Raptors_2018,2,jamesle01_2018,3.7748,3.7453,0.0295,ibakase01,33285709.0,20061729.0,
Toronto Raptors_2018,3,jokicni01_2018,3.2842,3.2842,0.0,ibakase01,1471382.0,20061729.0,
Toronto Raptors_2018,4,davisan02_2018,3.1486,3.1486,0.0,ibakase01,23775506.0,20061729.0,
Toronto Raptors_2018,5,duranke01_2018,3.0419,3.0123,0.0295,ibakase01,25000000.0,20061729.0,
Toronto Raptors_2018,6,antetgi01_2018,2.8731,2.8731,0.0,ibakase01,22471910.0,20061729.0,
Toronto Raptors_2018,7,townska01_2018,2.5907,2.5907,0.0,ibakase01,6216840.0,20061729.0,
Toronto Raptors_2018,8,goberru01_2018,2.1787,1.9963,0.1824,ibakase01,21974719.0,20061729.0,
Toronto Raptors_2018,9,oladivi01_2018,2.0958,2.0958,0.0,derozde01,21000000.0,27739975.0,
Toronto Raptors_2018,10,porteot01_2018,2.0706,1.975,0.0956,ibakase01,24773250.0,20061729.0,
Utah Jazz_2018,1,hardeja01_2018,4.2492,4.2492,0.0,mitchdo01,28299399.0,2621280.0,
Utah Jazz_2018,2,curryst01_2018,3.3379,3.3379,0.0,rubiori01,34682550.0,14275000.0,
Utah Jazz_2018,3,lillada01_2018,3.2583,3.2583,0.0,rubiori01,26153057.0,14275000.0,
Utah Jazz_2018,4,paulch01_2018,3.0008,3.0008,0.0,rubiori01,24599495.0,14275000.0,
Utah Jazz_2018,5,jamesle01_2018,2.9225,3.1578,-0.2354,inglejo01,33285709.0,14136364.0,
Utah Jazz_2018,6,westbru01_2018,2.8497,2.8497,0.0,rubiori01,28530608.0,14275000.0,
Utah Jazz_2018,7,irvinky01_2018,2.6655,2.6655,0.0,rubiori01,18868625.0,14275000.0,
Utah Jazz_2018,8,oladivi01_2018,2.5406,2.5406,0.0,mitchdo01,21000000.0,2621280.0,
Utah Jazz_2018,9,butleji01_2018,2.4246,2.4246,0.0,mitchdo01,19301070.0,2621280.0,
Utah Jazz_2018,10,jokicni01_2018,2.3939,2.5795,-0.1857,favorde01,1471382.0,12000000.0,
Memphis Grizzlies_2018,1,duranke01_2018,4.7667,5.0203,-0.2536,brookdi01,25000000.0,815615.0,
Memphis Grizzlies_2018,2,oladivi01_2018,4.6376,4.8912,-0.2536,brookdi01,21000000.0,815615.0,
Memphis Grizzlies_2018,3,butleji01_2018,4.5328,4.7864,-0.2536,brookdi01,19301070.0,815615.0,
Memphis Grizzlies_2018,4,jamesle01_2018,3.9644,4.0595,-0.0951,martija01,33285709.0,1471382.0,
Memphis Grizzlies_2018,5,porteot01_2018,3.8425,3.8425,0.0,brookdi01,24773250.0,815615.0,
Memphis Grizzlies_2018,6,jokicni01_2018,3.6914,3.6914,-0.0,martija01,1471382.0,1471382.0,
Memphis Grizzlies_2018,7,davisan02_2018,3.5832,3.5832,-0.0,martija01,23775506.0,1471382.0,
Memphis Grizzlies_2018,8,antetgi01_2018,3.3633,3.3633,-0.0,martija01,22471910.0,1471382.0,
Memphis Grizzlies_2018,9,hardeja01_2018,3.3507,3.5403,-0.1895,chalmma01,28299399.0,2106407.0,
Memphis Grizzlies_2018,10,covinro01_2018,3.162,3.1713,-0.0094,brookdi01,16698103.0,815615.0,
Washington Wizards_2018,1,hardeja01_2018,4.4631,4.4631,0.0,bealbr01,28299399.0,23775506.0,
Washington Wizards_2018,2,jamesle01_2018,4.1336,4.1707,-0.0371,morrima02,33285709.0,8000000.0,
Washington Wizards_2018,3,duranke01_2018,3.8305,3.9796,-0.1491,oubreke01,25000000.0,2093040.0,
Washington Wizards_2018,4,jokicni01_2018,3.7471,3.7471,0.0,morrima02,1471382.0,8000000.0,
Washington Wizards_2018,5,oladivi01_2018,3.7096,3.8587,-0.1491,oubreke01,21000000.0,2093040.0,
Washington Wizards_2018,6,davisan02_2018,3.6225,3.6225,0.0,morrima02,23775506.0,8000000.0,
Washington Wizards_2018,7,butleji01_2018,3.6114,3.7605,-0.1491,oubreke01,19301070.0,2093040.0,
Washington Wizards_2018,8,curryst01_2018,3.4008,3.4008,0.0,bealbr01,34682550.0,23775506.0,
Washington Wizards_2018,9,antetgi01_2018,3.3695,3.3695,0.0,morrima02,22471910.0,8000000.0,
Washington Wizards_2018,10,lillada01_2018,3.296,3.296,0.0,bealbr01,26153057.0,23775506.0,
Detroit Pistons_2018,1,hardeja01_2018,4.0807,4.0807,0.0,smithis01,28299399.0,6000000.0,
Detroit Pistons_2018,2,duranke01_2018,3.6387,3.7021,-0.0634,johnsst04,25000000.0,3097800.0,
Detroit Pistons_2018,3,oladivi01_2018,3.5367,3.6001,-0.0634,johnsst04,21000000.0,3097800.0,
Detroit Pistons_2018,4,butleji01_2018,3.4539,3.5172,-0.0634,johnsst04,19301070.0,3097800.0,
Detroit Pistons_2018,5,curryst01_2018,3.3434,3.3434,0.0,smithis01,34682550.0,6000000.0,
Detroit Pistons_2018,6,lillada01_2018,3.2707,3.2707,0.0,smithis01,26153057.0,6000000.0,
Detroit Pistons_2018,7,paulch01_2018,3.0353,3.0353,0.0,smithis01,24599495.0,6000000.0,
Detroit Pistons_2018,8,westbru01_2018,2.8971,2.8971,0.0,smithis01,28530608.0,6000000.0,
Detroit Pistons_2018,9,porteot01_2018,2.7715,2.7715,0.0,johnsst04,24773250.0,3097800.0,
Detroit Pistons_2018,10,irvinky01_2018,2.7287,2.7287,0.0,smithis01,18868625.0,6000000.0,
Charlotte Hornets_2018,1,hardeja01_2018,4.022,4.022,-0.0,batumni01,28299399.0,22434783.0,
Charlotte Hornets_2018,2,jamesle01_2018,3.9735,4.3615,-0.388,howardw01,33285709.0,23500000.0,
Charlotte Hornets_2018,3,jokicni01_2018,3.5674,3.8222,-0.2549,howardw01,1471382.0,23500000.0,
Charlotte Hornets_2018,4,davisan02_2018,3.4088,3.6637,-0.2549,howardw01,23775506.0,23500000.0,
Charlotte Hornets_2018,5,duranke01_2018,3.3258,3.3517,-0.0259,kiddgmi01,25000000.0,13000000.0,
Charlotte Hornets_2018,6,oladivi01_2018,3.2258,3.2517,-0.0259,kiddgmi01,21000000.0,13000000.0,
Charlotte Hornets_2018,7,butleji01_2018,3.1446,3.1705,-0.0259,kiddgmi01,19301070.0,13000000.0,
Charlotte Hornets_2018,8,antetgi01_2018,3.0866,3.3415,-0.2549,howardw01,22471910.0,23500000.0,
Charlotte Hornets_2018,9,townska01_2018,2.7564,3.0113,-0.2549,howardw01,6216840.0,23500000.0,
Charlotte Hornets_2018,10,porteot01_2018,2.4902,2.4395,0.0508,kiddgmi01,24773250.0,13000000.0,
Atlanta Hawks_2019,1,hardeja01_2019,6.1546,6.1546,0.0,youngtr01,30421854.0,5356440.0,
Atlanta Hawks_2019,2,curryst01_2019,4.5054,4.5054,0.0,youngtr01,37457154.0,5356440.0,
Atlanta Hawks_2019,3,antetgi01_2019,4.2664,4.17,0.0965,princta02,24157304.0,2526840.0,
Atlanta Hawks_2019,4,irvinky01_2019,4.1069,4.1069,0.0,youngtr01,20099189.0,5356440.0,
Atlanta Hawks_2019,5,lillada01_2019,4.0606,4.0606,0.0,youngtr01,27977689.0,5356440.0,
Atlanta Hawks_2019,6,georgpa01_2019,3.9063,4.0538,-0.1475,huertke01,30560700.0,2250960.0,
Atlanta Hawks_2019,7,jamesle01_2019,3.5954,3.7942,-0.1988,bembrde01,35654150.0,1634640.0,
Atlanta Hawks_2019,8,leonaka01_2019,3.131,3.2785,-0.1475,huertke01,23114067.0,2250960.0,
Atlanta Hawks_2019,9,westbru01_2019,3.1144,3.1144,0.0,youngtr01,35654150.0,5356440.0,
Atlanta Hawks_2019,10,conlemi01_2019,3.0275,3.0275,0.0,youngtr01,30521116.0,5356440.0,
Boston Celtics_2019,1,antetgi01_2019,5.322,5.2469,0.0751,morrima03,24157304.0,5375000.0,
Boston Celtics_2019,2,hardeja01_2019,4.7456,4.8396,-0.094,brownja02,30421854.0,5169960.0,
Boston Celtics_2019,3,davisan02_2019,4.4266,4.3853,0.0413,morrima03,25434262.0,5375000.0,
Boston Celtics_2019,4,jokicni01_2019,4.4065,4.3652,0.0413,morrima03,24605181.0,5375000.0,
Boston Celtics_2019,5,georgpa01_2019,4.0206,4.1111,-0.0904,morrima03,30560700.0,5375000.0,
Boston Celtics_2019,6,jamesle01_2019,3.9497,4.0402,-0.0904,morrima03,35654150.0,5375000.0,
Boston Celtics_2019,7,vucevni01_2019,3.7534,3.7121,0.0413,morrima03,12750000.0,5375000.0,
Boston Celtics_2019,8,duranke01_2019,3.3422,3.4326,-0.0904,morrima03,30000000.0,5375000.0,
Boston Celtics_2019,9,goberru01_2019,3.3335,3.1843,0.1492,morrima03,23241573.0,5375000.0,
Boston Celtics_2019,10,leonaka01_2019,3.2305,3.3209,-0.0904,morrima03,23114067.0,5375000.0,
Cleveland Cavaliers_2019,1,hardeja01_2019,8.8087,8.7943,0.0144,sextoco01,30421854.0,4068600.0,
Cleveland Cavaliers_2019,2,antetgi01_2019,7.6462,7.5217,0.1245,osmande01,24157304.0,2775000.0,
Cleveland Cavaliers_2019,3,curryst01_2019,7.0864,7.0721,0.0144,sextoco01,37457154.0,4068600.0,
Cleveland Cavaliers_2019,4,irvinky01_2019,6.6703,6.6559,0.0144,sextoco01,20099189.0,4068600.0,
Cleveland Cavaliers_2019,5,lillada01_2019,6.6219,6.6075,0.0144,sextoco01,27977689.0,4068600.0,
Cleveland Cavaliers_2019,6,georgpa01_2019,6.1985,6.191,0.0074,osmande01,30560700.0,2775000.0,
Cleveland Cavaliers_2019,7,jamesle01_2019,6.1154,6.1079,0.0074,osmande01,35654150.0,2775000.0,
Cleveland Cavaliers_2019,8,westbru01_2019,5.6339,5.6195,0.0144,sextoco01,35654150.0,4068600.0,
Cleveland Cavaliers_2019,9,conlemi01_2019,5.5431,5.5287,0.0144,sextoco01,30521116.0,4068600.0,
Cleveland Cavaliers_2019,10,duranke01_2019,5.4036,5.3961,0.0074,osmande01,30000000.0,2775000.0,
New Orleans Pelicans_2019,1,antetgi01_2019,4.5625,4.6242,-0.0616,milleda01,24157304.0,2205000.0,
New Orleans Pelicans_2019,2,hardeja01_2019,3.8339,3.9055,-0.0716,mooreet01,30421854.0,8808685.0,
New Orleans Pelicans_2019,3,georgpa01_2019,3.5884,3.6729,-0.0844,milleda01,30560700.0,2205000.0,
New Orleans Pelicans_2019,4,jamesle01_2019,3.5291,3.6135,-0.0844,milleda01,35654150.0,2205000.0,
New Orleans Pelicans_2019,5,jokicni01_2019,3.4113,3.3877,0.0236,randlju01,24605181.0,8641000.0,
New Orleans Pelicans_2019,6,duranke01_2019,3.0202,3.1046,-0.0844,milleda01,30000000.0,2205000.0,
New Orleans Pelicans_2019,7,leonaka01_2019,2.9267,3.0111,-0.0844,milleda01,23114067.0,2205000.0,
New Orleans Pelicans_2019,8,curryst01_2019,2.8767,2.9483,-0.0716,mooreet01,37457154.0,8808685.0,
New Orleans Pelicans_2019,9,vucevni01_2019,2.7114,2.6878,0.0236,randlju01,12750000.0,8641000.0,
New Orleans Pelicans_2019,10,irvinky01_2019,2.6454,2.717,-0.0716,mooreet01,20099189.0,8808685.0,
Chicago Bulls_2019,1,hardeja01_2019,4.5478,4.7316,-0.1838,arcidry01,30421854.0,1349383.0,
Chicago Bulls_2019,2,antetgi01_2019,3.9547,3.9547,0.0,lopezro01,24157304.0,14357750.0,
Chicago Bulls_2019,3,georgpa01_2019,3.4526,3.4526,0.0,lavinza01,30560700.0,19500000.0,
Chicago Bulls_2019,4,jamesle01_2019,3.3792,3.3792,0.0,lavinza01,35654150.0,19500000.0,
Chicago Bulls_2019,5,davisan02_2019,3.2891,3.298,-0.0089,lopezro01,25434262.0,14357750.0,
Chicago Bulls_2019,6,jokicni01_2019,3.2738,3.2827,-0.0089,lopezro01,24605181.0,14357750.0,
Chicago Bulls_2019,7,curryst01_2019,3.2729,3.4567,-0.1838,arcidry01,37457154.0,1349383.0,
Chicago Bulls_2019,8,irvinky01_2019,2.9649,3.1487,-0.1838,arcidry01,20099189.0,1349383.0,
Chicago Bulls_2019,9,lillada01_2019,2.9291,3.1129,-0.1838,arcidry01,27977689.0,1349383.0,
Chicago Bulls_2019,10,vucevni01_2019,2.7761,2.785,-0.0089,lopezro01,12750000.0,14357750.0,
Dallas Mavericks_2019,1,antetgi01_2019,4.8568,4.8261,0.0307,finnedo01,24157304.0,1544951.0,
Dallas Mavericks_2019,2,hardeja01_2019,3.8849,4.0185,-0.1336,brunsja01,30421854.0,1230000.0,
Dallas Mavericks_2019,3,georgpa01_2019,3.6283,3.754,-0.1257,finnedo01,30560700.0,1544951.0,
Dallas Mavericks_2019,4,jamesle01_2019,3.5614,3.6871,-0.1257,finnedo01,35654150.0,1544951.0,
Dallas Mavericks_2019,5,duranke01_2019,2.9879,3.1136,-0.1257,finnedo01,30000000.0,1544951.0,
Dallas Mavericks_2019,6,leonaka01_2019,2.8825,3.0082,-0.1257,finnedo01,23114067.0,1544951.0,
Dallas Mavericks_2019,7,curryst01_2019,2.8408,2.9744,-0.1336,brunsja01,37457154.0,1230000.0,
Dallas Mavericks_2019,8,irvinky01_2019,2.5885,2.7221,-0.1336,brunsja01,20099189.0,1230000.0,
Dallas Mavericks_2019,9,lillada01_2019,2.5592,2.6928,-0.1336,brunsja01,27977689.0,1230000.0,
Dallas Mavericks_2019,10,davisan02_2019,2.1933,2.2825,-0.0892,jordade01,25434262.0,22897200.0,
Denver Nuggets_2019,1,hardeja01_2019,5.1905,5.1905,-0.0,murraja01,30421854.0,3499800.0,
Denver Nuggets_2019,2,curryst01_2019,3.5813,3.5813,-0.0,murraja01,37457154.0,3499800.0,
Denver Nuggets_2019,3,antetgi01_2019,3.3008,3.3308,-0.03,hernaju01,24157304.0,2166360.0,
Denver Nuggets_2019,4,irvinky01_2019,3.1924,3.1924,-0.0,murraja01,20099189.0,3499800.0,
Denver Nuggets_2019,5,lillada01_2019,3.1472,3.1472,-0.0,murraja01,27977689.0,3499800.0,
Denver Nuggets_2019,6,georgpa01_2019,2.9455,3.1431,-0.1976,beaslma01,30560700.0,1773840.0,
Denver Nuggets_2019,7,jamesle01_2019,2.7622,2.8869,-0.1248,craigto01,35654150.0,2000000.0,
Denver Nuggets_2019,8,davisan02_2019,2.4085,2.4536,-0.0451,lylestr01,25434262.0,3364249.0,
Denver Nuggets_2019,9,leonaka01_2019,2.2478,2.3725,-0.1248,craigto01,23114067.0,2000000.0,
Denver Nuggets_2019,10,westbru01_2019,2.2241,2.2241,-0.0,murraja01,35654150.0,3499800.0,
Golden State Warriors_2019,1,hardeja01_2019,6.1482,6.2698,-0.1216,thompkl01,30421854.0,18988725.0,
Golden State Warriors_2019,2,irvinky01_2019,3.9954,4.117,-0.1216,thompkl01,20099189.0,18988725.0,
Golden State Warriors_2019,3,antetgi01_2019,3.7673,3.7547,0.0126,greendr01,24157304.0,17469565.0,
Golden State Warriors_2019,4,westbru01_2019,2.952,3.0736,-0.1216,thompkl01,35654150.0,18988725.0,
Golden State Warriors_2019,5,greenda02_2019,2.5165,2.2921,0.2244,thompkl01,10000000.0,18988725.0,
Golden State Warriors_2019,6,lowryky01_2019,2.3759,2.2584,0.1176,thompkl01,31200000.0,18988725.0,
Golden State Warriors_2019,7,georgpa01_2019,2.3603,2.6294,-0.2692,greendr01,30560700.0,17469565.0,
Golden State Warriors_2019,8,jamesle01_2019,2.29,2.5592,-0.2692,greendr01,35654150.0,17469565.0,
Golden State Warriors_2019,9,holidjr01_2019,2.2856,2.4071,-0.1216,thompkl01,25976111.0,18988725.0,
Golden State Warriors_2019,10,davisan02_2019,2.1658,2.2887,-0.1229,jerebjo01,25434262.0,2165481.0,
Houston Rockets_2019,1,antetgi01_2019,6.8251,6.919,-0.0938,tuckepj01,24157304.0,7969537.0,
Houston Rockets_2019,2,georgpa01_2019,5.2105,5.4147,-0.2042,tuckepj01,30560700.0,7969537.0,
Houston Rockets_2019,3,jamesle01_2019,5.1165,5.3208,-0.2042,tuckepj01,35654150.0,7969537.0,
Houston Rockets_2019,4,duranke01_2019,4.3119,4.5161,-0.2042,tuckepj01,30000000.0,7969537.0,
Houston Rockets_2019,5,leonaka01_2019,4.164,4.3683,-0.2042,tuckepj01,23114067.0,7969537.0,
Houston Rockets_2019,6,horfoal01_2019,3.2795,3.5329,-0.2534,tuckepj01,28928710.0,7969537.0,
Houston Rockets_2019,7,griffbl01_2019,3.1351,3.3393,-0.2042,tuckepj01,32088932.0,7969537.0,
Houston Rockets_2019,8,gallida01_2019,3.057,3.157,-0.1,tuckepj01,21587579.0,7969537.0,
Houston Rockets_2019,9,curryst01_2019,2.9306,2.9688,-0.0383,riverau01,37457154.0,12000000.0,
Houston Rockets_2019,10,favorde01_2019,2.8454,2.7791,0.0663,tuckepj01,16000000.0,7969537.0,
Los Angeles Clippers_2019,1,hardeja01_2019,5.0987,5.2706,-0.1719,gilgesh01,30421854.0,3375360.0,
Los Angeles Clippers_2019,2,antetgi01_2019,3.8663,3.8565,0.0098,harrito02,24157304.0,14800000.0,
Los Angeles Clippers_2019,3,curryst01_2019,3.6798,3.8517,-0.1719,gilgesh01,37457154.0,3375360.0,
Los Angeles Clippers_2019,4,georgpa01_2019,3.4211,3.503,-0.0819,bradlav01,30560700.0,12000000.0,
Los Angeles Clippers_2019,5,irvinky01_2019,3.337,3.5088,-0.1719,gilgesh01,20099189.0,3375360.0,
Los Angeles Clippers_2019,6,lillada01_2019,3.2971,3.469,-0.1719,gilgesh01,27977689.0,3375360.0,
Los Angeles Clippers_2019,7,davisan02_2019,3.0896,3.0896,0.0,harrito02,25434262.0,14800000.0,
Los Angeles Clippers_2019,8,jokicni01_2019,3.0717,3.0717,0.0,harrito02,24605181.0,14800000.0,
Los Angeles Clippers_2019,9,leonaka01_2019,2.8819,2.9638,-0.0819,bradlav01,23114067.0,12000000.0,
Los Angeles Clippers_2019,10,jamesle01_2019,2.7283,2.7823,-0.054,harrito02,35654150.0,14800000.0,
Los Angeles Lakers_2019,1,antetgi01_2019,5.6434,5.6896,-0.0462,kuzmaky01,24157304.0,1689840.0,
Los Angeles Lakers_2019,2,davisan02_2019,4.6848,4.7289,-0.0441,kuzmaky01,25434262.0,1689840.0,
Los Angeles Lakers_2019,3,jokicni01_2019,4.6624,4.7065,-0.0441,kuzmaky01,24605181.0,1689840.0,
Los Angeles Lakers_2019,4,hardeja01_2019,4.6424,4.7413,-0.0989,caldwke01,30421854.0,12000000.0,
Los Angeles Lakers_2019,5,vucevni01_2019,3.9343,3.9784,-0.0441,kuzmaky01,12750000.0,1689840.0,
Los Angeles Lakers_2019,6,georgpa01_2019,3.6243,3.6438,-0.0196,ingrabr01,30560700.0,5757120.0,
Los Angeles Lakers_2019,7,duranke01_2019,3.5584,3.6667,-0.1083,kuzmaky01,30000000.0,1689840.0,
Los Angeles Lakers_2019,8,goberru01_2019,3.4679,3.3898,0.0781,kuzmaky01,23241573.0,1689840.0,
Los Angeles Lakers_2019,9,curryst01_2019,3.3092,3.4081,-0.0989,caldwke01,37457154.0,12000000.0,
Los Angeles Lakers_2019,10,townska01_2019,3.274,3.3181,-0.0441,kuzmaky01,7839435.0,1689840.0,
Miami Heat_2019,1,hardeja01_2019,4.2394,4.2394,-0.0,wadedw01,30421854.0,2393887.0,
Miami Heat_2019,2,antetgi01_2019,4.1323,4.1561,-0.0238,winslju01,24157304.0,3448926.0,
Miami Heat_2019,3,georgpa01_2019,3.824,3.8389,-0.0149,richajo01,30560700.0,9367200.0,
Miami Heat_2019,4,jamesle01_2019,3.7382,3.7531,-0.0149,richajo01,35654150.0,9367200.0,
Miami Heat_2019,5,curryst01_2019,3.0841,3.1009,-0.0168,mcgruro01,37457154.0,1544951.0,
Miami Heat_2019,6,leonaka01_2019,2.868,2.8829,-0.0149,richajo01,23114067.0,9367200.0,
Miami Heat_2019,7,irvinky01_2019,2.8352,2.852,-0.0168,mcgruro01,20099189.0,1544951.0,
Miami Heat_2019,8,lillada01_2019,2.8063,2.8231,-0.0168,mcgruro01,27977689.0,1544951.0,
Miami Heat_2019,9,davisan02_2019,2.6653,2.7251,-0.0599,olynyke01,25434262.0,12137527.0,
Miami Heat_2019,10,jokicni01_2019,2.6479,2.7077,-0.0599,olynyke01,24605181.0,12137527.0,
Milwaukee Bucks_2019,1,georgpa01_2019,3.5281,3.5281,0.0,middlkh01,30560700.0,13000000.0,
Milwaukee Bucks_2019,2,jamesle01_2019,3.4464,3.4464,0.0,middlkh01,35654150.0,13000000.0,
Milwaukee Bucks_2019,3,hardeja01_2019,3.2546,3.4005,-0.1459,bledser01,30421854.0,15000000.0,
Milwaukee Bucks_2019,4,duranke01_2019,2.7469,2.7469,0.0,middlkh01,30000000.0,13000000.0,
Milwaukee Bucks_2019,5,davisan02_2019,2.727,2.8971,-0.1701,lopezbr01,25434262.0,3382000.0,
Milwaukee Bucks_2019,6,jokicni01_2019,2.7044,2.8746,-0.1701,lopezbr01,24605181.0,3382000.0,
Milwaukee Bucks_2019,7,leonaka01_2019,2.6184,2.6184,0.0,middlkh01,23114067.0,13000000.0,
Milwaukee Bucks_2019,8,vucevni01_2019,1.9728,2.143,-0.1701,lopezbr01,12750000.0,3382000.0,
Milwaukee Bucks_2019,9,curryst01_2019,1.9324,1.9647,-0.0323,brogdma01,37457154.0,1544951.0,
Milwaukee Bucks_2019,10,goberru01_2019,1.7198,1.6987,0.0211,ilyaser01,23241573.0,7000000.0,
Minnesota Timberwolves_2019,1,georgpa01_2019,5.5849,5.7294,-0.1444,wiggian01,30560700.0,25467250.0,
Minnesota Timberwolves_2019,2,jamesle01_2019,5.4989,5.6434,-0.1444,wiggian01,35654150.0,25467250.0,
Minnesota Timberwolves_2019,3,hardeja01_2019,4.6407,4.7691,-0.1284,okogijo01,30421854.0,2160720.0,
Minnesota Timberwolves_2019,4,leonaka01_2019,4.6266,4.7711,-0.1444,wiggian01,23114067.0,25467250.0,
Minnesota Timberwolves_2019,5,antetgi01_2019,4.0562,4.1024,-0.0462,saricda01,24157304.0,2526840.0,
Minnesota Timberwolves_2019,6,gallida01_2019,3.6618,3.6618,0.0,wiggian01,21587579.0,25467250.0,
Minnesota Timberwolves_2019,7,davisan02_2019,3.3254,3.4323,-0.1069,saricda01,25434262.0,2526840.0,
Minnesota Timberwolves_2019,8,jokicni01_2019,3.3098,3.4167,-0.1069,saricda01,24605181.0,2526840.0,
Minnesota Timberwolves_2019,9,greenda02_2019,3.2988,3.2348,0.0639,wiggian01,10000000.0,25467250.0,
Minnesota Timberwolves_2019,10,holidjr01_2019,3.2011,3.3455,-0.1444,wiggian01,25976111.0,25467250.0,
Brooklyn Nets_2019,1,hardeja01_2019,4.1702,4.1702,-0.0,dinwisp01,30421854.0,1656092.0,
Brooklyn Nets_2019,2,antetgi01_2019,4.0527,4.1698,-0.1171,allenja01,24157304.0,2034120.0,
Brooklyn Nets_2019,3,georgpa01_2019,3.5609,3.7746,-0.2137,harrijo01,30560700.0,8333333.0,
Brooklyn Nets_2019,4,jamesle01_2019,3.4837,3.6974,-0.2137,harrijo01,35654150.0,8333333.0,
Brooklyn Nets_2019,5,davisan02_2019,3.0399,3.314,-0.274,allenja01,25434262.0,2034120.0,
Brooklyn Nets_2019,6,jokicni01_2019,3.02,3.294,-0.274,allenja01,24605181.0,2034120.0,
Brooklyn Nets_2019,7,curryst01_2019,2.9289,2.9289,-0.0,dinwisp01,37457154.0,1656092.0,
Brooklyn Nets_2019,8,leonaka01_2019,2.7013,2.915,-0.2137,harrijo01,23114067.0,8333333.0,
Brooklyn Nets_2019,9,irvinky01_2019,2.6289,2.6289,-0.0,dinwisp01,20099189.0,1656092.0,
Brooklyn Nets_2019,10,lillada01_2019,2.594,2.594,-0.0,dinwisp01,27977689.0,1656092.0,
New York Knicks_2019,1,antetgi01_2019,7.8939,7.8606,0.0333,knoxke01,24157304.0,3739920.0,
New York Knicks_2019,2,georgpa01_2019,6.6399,6.6746,-0.0347,knoxke01,30560700.0,3739920.0,
New York Knicks_2019,3,jamesle01_2019,6.5658,6.6006,-0.0347,knoxke01,35654150.0,3739920.0,
New York Knicks_2019,4,duranke01_2019,5.9314,5.9662,-0.0347,knoxke01,30000000.0,3739920.0,
New York Knicks_2019,5,leonaka01_2019,5.8148,5.8496,-0.0347,knoxke01,23114067.0,3739920.0,
New York Knicks_2019,6,griffbl01_2019,5.0036,5.0383,-0.0347,knoxke01,32088932.0,3739920.0,
New York Knicks_2019,7,gallida01_2019,4.8945,4.8945,0.0,knoxke01,21587579.0,3739920.0,
New York Knicks_2019,8,siakapa01_2019,4.6359,4.5686,0.0673,knoxke01,1544951.0,3739920.0,
New York Knicks_2019,9,butleji01_2019,4.43,4.4647,-0.0347,knoxke01,20445779.0,3739920.0,
New York Knicks_2019,10,bertada01_2019,4.3784,4.2633,0.1151,knoxke01,7000000.0,3739920.0,
Orlando Magic_2019,1,hardeja01_2019,6.6723,6.892,-0.2197,fournev01,30421854.0,17000000.0,
Orlando Magic_2019,2,antetgi01_2019,5.4063,5.4279,-0.0216,gordoaa01,24157304.0,21590909.0,
Orlando Magic_2019,3,georgpa01_2019,5.3406,5.5603,-0.2197,fournev01,30560700.0,17000000.0,
Orlando Magic_2019,4,irvinky01_2019,4.6023,4.822,-0.2197,fournev01,20099189.0,17000000.0,
Orlando Magic_2019,5,davisan02_2019,3.7795,3.7016,0.0779,isaacjo01,25434262.0,4969080.0,
Orlando Magic_2019,6,jokicni01_2019,3.7603,3.6824,0.0779,isaacjo01,24605181.0,4969080.0,
Orlando Magic_2019,7,jamesle01_2019,3.7406,3.9207,-0.1802,gordoaa01,35654150.0,21590909.0,
Orlando Magic_2019,8,westbru01_2019,3.5991,3.8187,-0.2197,fournev01,35654150.0,17000000.0,
Orlando Magic_2019,9,greenda02_2019,3.1229,3.0673,0.0555,fournev01,10000000.0,17000000.0,
Orlando Magic_2019,10,lowryky01_2019,3.0223,3.0349,-0.0126,fournev01,31200000.0,17000000.0,
Indiana Pacers_2019,1,antetgi01_2019,4.618,4.581,0.037,youngth01,24157304.0,13764045.0,
Indiana Pacers_2019,2,hardeja01_2019,4.2329,4.2329,0.0,collida01,30421854.0,10000000.0,
Indiana Pacers_2019,3,georgpa01_2019,3.8535,4.004,-0.1504,bogdabo02,30560700.0,10500000.0,
Indiana Pacers_2019,4,jamesle01_2019,3.7663,3.9167,-0.1504,bogdabo02,35654150.0,10500000.0,
Indiana Pacers_2019,5,davisan02_2019,3.5631,3.5685,-0.0055,youngth01,25434262.0,13764045.0,
Indiana Pacers_2019,6,jokicni01_2019,3.5394,3.5449,-0.0055,youngth01,24605181.0,13764045.0,
Indiana Pacers_2019,7,duranke01_2019,3.0186,3.1691,-0.1504,bogdabo02,30000000.0,10500000.0,
Indiana Pacers_2019,8,leonaka01_2019,2.8812,3.0317,-0.1504,bogdabo02,23114067.0,10500000.0,
Indiana Pacers_2019,9,curryst01_2019,2.8232,2.8232,0.0,collida01,37457154.0,10000000.0,
Indiana Pacers_2019,10,vucevni01_2019,2.772,2.7775,-0.0055,youngth01,12750000.0,13764045.0,
Philadelphia 76ers_2019,1,hardeja01_2019,4.7367,4.9299,-0.1932,redicjj01,30421854.0,12250000.0,
Philadelphia 76ers_2019,2,irvinky01_2019,2.7845,2.9777,-0.1932,redicjj01,20099189.0,12250000.0,
Philadelphia 76ers_2019,3,antetgi01_2019,2.4226,2.4642,-0.0416,muscami01,24157304.0,5000000.0,
Philadelphia 76ers_2019,4,curryst01_2019,2.3952,2.4992,-0.1039,mccontj01,37457154.0,1600520.0,
Philadelphia 76ers_2019,5,lillada01_2019,2.1386,2.2425,-0.1039,mccontj01,27977689.0,1600520.0,
Philadelphia 76ers_2019,6,georgpa01_2019,2.0839,2.1232,-0.0393,shamela01,30560700.0,1703640.0,
Philadelphia 76ers_2019,7,jamesle01_2019,2.0467,2.086,-0.0393,shamela01,35654150.0,1703640.0,
Philadelphia 76ers_2019,8,davisan02_2019,1.9912,2.032,-0.0409,muscami01,25434262.0,5000000.0,
Philadelphia 76ers_2019,9,jokicni01_2019,1.9811,2.022,-0.0409,muscami01,24605181.0,5000000.0,
Philadelphia 76ers_2019,10,westbru01_2019,1.8383,2.0316,-0.1932,redicjj01,35654150.0,12250000.0,
Phoenix Suns_2019,1,antetgi01_2019,5.9016,5.9807,-0.0791,bridgmi01,24157304.0,3552960.0,
Phoenix Suns_2019,2,georgpa01_2019,4.9039,5.0561,-0.1523,jacksjo02,30560700.0,6041520.0,
Phoenix Suns_2019,3,jamesle01_2019,4.8366,4.9889,-0.1523,jacksjo02,35654150.0,6041520.0,
Phoenix Suns_2019,4,hardeja01_2019,4.6918,4.6918,0.0,bookede01,30421854.0,3314365.0,
Phoenix Suns_2019,5,leonaka01_2019,4.1547,4.307,-0.1523,jacksjo02,23114067.0,6041520.0,
Phoenix Suns_2019,6,davisan02_2019,4.0483,4.0483,-0.0,aytonde01,25434262.0,8165160.0,
Phoenix Suns_2019,7,jokicni01_2019,4.0274,4.0274,-0.0,aytonde01,24605181.0,8165160.0,
Phoenix Suns_2019,8,duranke01_2019,3.6236,3.8936,-0.27,bridgmi01,30000000.0,3552960.0,
Phoenix Suns_2019,9,gallida01_2019,3.3955,3.4399,-0.0444,jacksjo02,21587579.0,6041520.0,
Phoenix Suns_2019,10,vucevni01_2019,3.3496,3.3496,-0.0,aytonde01,12750000.0,8165160.0,
Portland Trail Blazers_2019,1,hardeja01_2019,4.8111,4.7909,0.0202,mccolcj01,30421854.0,25759766.0,
Portland Trail Blazers_2019,2,antetgi01_2019,4.5301,4.5518,-0.0217,aminual01,24157304.0,6957105.0,
Portland Trail Blazers_2019,3,georgpa01_2019,3.5618,3.5416,0.0202,mccolcj01,30560700.0,25759766.0,
Portland Trail Blazers_2019,4,davisan02_2019,3.3487,3.6065,-0.2578,aminual01,25434262.0,6957105.0,
Portland Trail Blazers_2019,5,jokicni01_2019,3.3267,3.5844,-0.2578,aminual01,24605181.0,6957105.0,
Portland Trail Blazers_2019,6,jamesle01_2019,2.9355,3.2278,-0.2923,aminual01,35654150.0,6957105.0,
Portland Trail Blazers_2019,7,curryst01_2019,2.8753,2.8753,0.0,turneev01,37457154.0,17868853.0,
Portland Trail Blazers_2019,8,leonaka01_2019,2.6633,2.6432,0.0202,mccolcj01,23114067.0,25759766.0,
Portland Trail Blazers_2019,9,irvinky01_2019,2.6231,2.6231,0.0,turneev01,20099189.0,17868853.0,
Portland Trail Blazers_2019,10,vucevni01_2019,2.6101,2.8679,-0.2578,aminual01,12750000.0,6957105.0,
Sacramento Kings_2019,1,hardeja01_2019,4.9014,4.9014,0.0,foxde01,30421854.0,5470920.0,
Sacramento Kings_2019,2,antetgi01_2019,4.4092,4.4092,0.0,caulewi01,24157304.0,4696875.0,
Sacramento Kings_2019,3,davisan02_2019,3.4315,3.4972,-0.0657,caulewi01,25434262.0,4696875.0,
Sacramento Kings_2019,4,jokicni01_2019,3.4102,3.4759,-0.0657,caulewi01,24605181.0,4696875.0,
Sacramento Kings_2019,5,georgpa01_2019,3.355,3.3856,-0.0307,bogdabo01,30560700.0,9000000.0,
Sacramento Kings_2019,6,jamesle01_2019,3.2901,3.3207,-0.0307,bogdabo01,35654150.0,9000000.0,
Sacramento Kings_2019,7,curryst01_2019,3.2061,3.2061,0.0,foxde01,37457154.0,5470920.0,
Sacramento Kings_2019,8,irvinky01_2019,2.7964,2.7964,0.0,foxde01,20099189.0,5470920.0,
Sacramento Kings_2019,9,lillada01_2019,2.7488,2.7488,0.0,foxde01,27977689.0,5470920.0,
Sacramento Kings_2019,10,vucevni01_2019,2.719,2.7847,-0.0657,caulewi01,12750000.0,4696875.0,
San Antonio Spurs_2019,1,hardeja01_2019,5.4607,5.6692,-0.2085,forbebr01,30421854.0,3125000.0,
San Antonio Spurs_2019,2,antetgi01_2019,5.0152,5.0091,0.006,aldrila01,24157304.0,22347015.0,
San Antonio Spurs_2019,3,georgpa01_2019,4.2564,4.2564,0.0,derozde01,30560700.0,27739975.0,
San Antonio Spurs_2019,4,jamesle01_2019,4.1665,4.1665,0.0,derozde01,35654150.0,27739975.0,
San Antonio Spurs_2019,5,curryst01_2019,3.9729,4.1814,-0.2085,forbebr01,37457154.0,3125000.0,
San Antonio Spurs_2019,6,davisan02_2019,3.9179,3.9179,-0.0,aldrila01,25434262.0,22347015.0,
San Antonio Spurs_2019,7,jokicni01_2019,3.8924,3.8924,-0.0,aldrila01,24605181.0,22347015.0,
San Antonio Spurs_2019,8,irvinky01_2019,3.6134,3.8219,-0.2085,forbebr01,20099189.0,3125000.0,
San Antonio Spurs_2019,9,lillada01_2019,3.5716,3.7801,-0.2085,forbebr01,27977689.0,3125000.0,
San Antonio Spurs_2019,10,leonaka01_2019,3.2545,3.2545,0.0,derozde01,23114067.0,27739975.0,
Oklahoma City Thunder_2019,1,hardeja01_2019,5.8822,5.8822,0.0,schrode01,30421854.0,15500000.0,
Oklahoma City Thunder_2019,2,antetgi01_2019,5.5841,5.6177,-0.0336,grantje01,24157304.0,8653847.0,
Oklahoma City Thunder_2019,3,curryst01_2019,4.3741,4.3741,0.0,schrode01,37457154.0,15500000.0,
Oklahoma City Thunder_2019,4,davisan02_2019,4.183,4.5397,-0.3568,grantje01,25434262.0,8653847.0,
Oklahoma City Thunder_2019,5,jokicni01_2019,4.1578,4.5146,-0.3568,grantje01,24605181.0,8653847.0,
Oklahoma City Thunder_2019,6,irvinky01_2019,4.0097,4.0097,0.0,schrode01,20099189.0,15500000.0,
Oklahoma City Thunder_2019,7,lillada01_2019,3.9673,3.9673,0.0,schrode01,27977689.0,15500000.0,
Oklahoma City Thunder_2019,8,jamesle01_2019,3.8162,4.1079,-0.2916,grantje01,35654150.0,8653847.0,
Oklahoma City Thunder_2019,9,leonaka01_2019,3.7444,3.9814,-0.2371,fergute01,23114067.0,2118840.0,
Oklahoma City Thunder_2019,10,vucevni01_2019,3.3407,3.6975,-0.3568,grantje01,12750000.0,8653847.0,
Toronto Raptors_2019,1,antetgi01_2019,4.5612,4.4504,0.1109,ibakase01,24157304.0,21666667.0,
Toronto Raptors_2019,2,davisan02_2019,3.6349,3.6349,0.0,ibakase01,25434262.0,21666667.0,
Toronto Raptors_2019,3,jokicni01_2019,3.6159,3.6159,0.0,ibakase01,24605181.0,21666667.0,
Toronto Raptors_2019,4,hardeja01_2019,3.2852,3.3704,-0.0852,vanvlfr01,30421854.0,8653847.0,
Toronto Raptors_2019,5,vucevni01_2019,2.9978,2.9978,0.0,ibakase01,12750000.0,21666667.0,
Toronto Raptors_2019,6,georgpa01_2019,2.8394,2.9231,-0.0837,anunoog01,30560700.0,1952760.0,
Toronto Raptors_2019,7,jamesle01_2019,2.7935,2.8772,-0.0837,anunoog01,35654150.0,1952760.0,
Toronto Raptors_2019,8,goberru01_2019,2.658,2.4982,0.1599,ibakase01,23241573.0,21666667.0,
Toronto Raptors_2019,9,townska01_2019,2.4373,2.4373,0.0,ibakase01,7839435.0,21666667.0,
Toronto Raptors_2019,10,duranke01_2019,2.4004,2.4841,-0.0837,anunoog01,30000000.0,1952760.0,
Utah Jazz_2019,1,hardeja01_2019,5.0147,5.0147,0.0,mitchdo01,30421854.0,3111480.0,
Utah Jazz_2019,2,antetgi01_2019,4.5725,4.6498,-0.0773,crowdja01,24157304.0,7305825.0,
Utah Jazz_2019,3,curryst01_2019,3.307,3.307,0.0,mitchdo01,37457154.0,3111480.0,
Utah Jazz_2019,4,georgpa01_2019,3.2201,3.4674,-0.2473,crowdja01,30560700.0,7305825.0,
Utah Jazz_2019,5,jamesle01_2019,3.1463,3.3936,-0.2473,crowdja01,35654150.0,7305825.0,
Utah Jazz_2019,6,irvinky01_2019,2.8944,2.8944,0.0,mitchdo01,20099189.0,3111480.0,
Utah Jazz_2019,7,lillada01_2019,2.8464,2.8464,0.0,mitchdo01,27977689.0,3111480.0,
Utah Jazz_2019,8,duranke01_2019,2.5138,2.7611,-0.2473,crowdja01,30000000.0,7305825.0,
Utah Jazz_2019,9,leonaka01_2019,2.3975,2.6448,-0.2473,crowdja01,23114067.0,7305825.0,
Utah Jazz_2019,10,westbru01_2019,1.9746,1.9746,0.0,rubiori01,35654150.0,14975000.0,
Memphis Grizzlies_2019,1,antetgi01_2019,3.4113,3.4113,-0.0,jacksja02,24157304.0,5915040.0,
Memphis Grizzlies_2019,2,hardeja01_2019,3.3562,3.4468,-0.0905,macksh01,30421854.0,2029463.0,
Memphis Grizzlies_2019,3,georgpa01_2019,3.3194,3.4705,-0.1511,templga01,30560700.0,8000000.0,
Memphis Grizzlies_2019,4,jamesle01_2019,3.2673,3.4185,-0.1511,templga01,35654150.0,8000000.0,
Memphis Grizzlies_2019,5,leonaka01_2019,2.7393,2.8905,-0.1511,templga01,23114067.0,8000000.0,
Memphis Grizzlies_2019,6,davisan02_2019,2.725,2.796,-0.071,jacksja02,25434262.0,5915040.0,
Memphis Grizzlies_2019,7,jokicni01_2019,2.7107,2.7817,-0.071,jacksja02,24605181.0,5915040.0,
Memphis Grizzlies_2019,8,curryst01_2019,2.5737,2.6642,-0.0905,macksh01,37457154.0,2029463.0,
Memphis Grizzlies_2019,9,irvinky01_2019,2.3846,2.4751,-0.0905,macksh01,20099189.0,2029463.0,
Memphis Grizzlies_2019,10,lillada01_2019,2.3626,2.4531,-0.0905,macksh01,27977689.0,2029463.0,
Washington Wizards_2019,1,antetgi01_2019,5.1355,5.0999,0.0356,greenje02,24157304.0,2393887.0,
Washington Wizards_2019,2,hardeja01_2019,4.9354,4.9354,0.0,bealbr01,30421854.0,25434262.0,
Washington Wizards_2019,3,davisan02_2019,4.1601,4.2491,-0.089,greenje02,25434262.0,2393887.0,
Washington Wizards_2019,4,jokicni01_2019,4.1402,4.2293,-0.089,greenje02,24605181.0,2393887.0,
Washington Wizards_2019,5,jamesle01_2019,3.81,3.9083,-0.0982,greenje02,35654150.0,2393887.0,
Washington Wizards_2019,6,vucevni01_2019,3.4953,3.5843,-0.089,greenje02,12750000.0,2393887.0,
Washington Wizards_2019,7,georgpa01_2019,3.3545,3.3545,0.0,bealbr01,30560700.0,25434262.0,
Washington Wizards_2019,8,duranke01_2019,3.2101,3.3083,-0.0982,greenje02,30000000.0,2393887.0,
Washington Wizards_2019,9,goberru01_2019,3.18,3.063,0.117,greenje02,23241573.0,2393887.0,
Washington Wizards_2019,10,curryst01_2019,3.1387,3.3582,-0.2195,satorto01,37457154.0,3129187.0,
Detroit Pistons_2019,1,hardeja01_2019,4.9859,4.9859,-0.0,jacksre01,30421854.0,17043478.0,
Detroit Pistons_2019,2,antetgi01_2019,4.0898,4.19,-0.1003,drumman01,24157304.0,25434263.0,
Detroit Pistons_2019,3,curryst01_2019,3.4889,3.4889,-0.0,jacksre01,37457154.0,17043478.0,
Detroit Pistons_2019,4,irvinky01_2019,3.1271,3.1271,-0.0,jacksre01,20099189.0,17043478.0,
Detroit Pistons_2019,5,lillada01_2019,3.0851,3.0851,-0.0,jacksre01,27977689.0,17043478.0,
Detroit Pistons_2019,6,georgpa01_2019,2.9764,3.0872,-0.1108,brownbr01,30560700.0,838464.0,
Detroit Pistons_2019,7,jamesle01_2019,2.9276,3.0384,-0.1108,brownbr01,35654150.0,838464.0,
Detroit Pistons_2019,8,davisan02_2019,2.7809,3.1063,-0.3254,drumman01,25434262.0,25434263.0,
Detroit Pistons_2019,9,jokicni01_2019,2.7556,3.081,-0.3254,drumman01,24605181.0,25434263.0,
Detroit Pistons_2019,10,leonaka01_2019,2.4323,2.5431,-0.1108,brownbr01,23114067.0,838464.0,
Charlotte Hornets_2019,1,antetgi01_2019,4.8078,4.8975,-0.0897,willima02,24157304.0,14087500.0,
Charlotte Hornets_2019,2,hardeja01_2019,4.3226,4.3387,-0.0161,lambje01,30421854.0,7488372.0,
Charlotte Hornets_2019,3,georgpa01_2019,4.1328,4.1549,-0.0221,batumni01,30560700.0,24000000.0,
Charlotte Hornets_2019,4,jamesle01_2019,4.0535,4.0755,-0.0221,batumni01,35654150.0,24000000.0,
Charlotte Hornets_2019,5,davisan02_2019,3.8215,4.0272,-0.2056,willima02,25434262.0,14087500.0,
Charlotte Hornets_2019,6,jokicni01_2019,3.8012,4.0068,-0.2056,willima02,24605181.0,14087500.0,
Charlotte Hornets_2019,7,duranke01_2019,3.3732,3.3953,-0.0221,batumni01,30000000.0,24000000.0,
Charlotte Hornets_2019,8,leonaka01_2019,3.2482,3.2703,-0.0221,batumni01,23114067.0,24000000.0,
Charlotte Hornets_2019,9,vucevni01_2019,3.1415,3.3471,-0.2056,willima02,12750000.0,14087500.0,
Charlotte Hornets_2019,10,goberru01_2019,2.7664,2.8138,-0.0474,willima02,23241573.0,14087500.0,
Atlanta Hawks_2020,1,antetgi01_2020,8.2722,8.2407,0.0315,huntede01,25842697.0,7068360.0,
Atlanta Hawks_2020,2,leonaka01_2020,6.8228,6.8236,-0.0008,huntede01,32742000.0,7068360.0,
Atlanta Hawks_2020,3,hardeja01_2020,5.3916,5.3956,-0.0041,reddica01,38199000.0,4245720.0,
Atlanta Hawks_2020,4,butleji01_2020,4.9852,4.9859,-0.0008,huntede01,32742000.0,7068360.0,
Atlanta Hawks_2020,5,tatumja01_2020,4.7623,4.7309,0.0315,huntede01,7830000.0,7068360.0,
Atlanta Hawks_2020,6,jamesle01_2020,4.6622,4.6586,0.0036,huertke01,37436858.0,2636280.0,
Atlanta Hawks_2020,7,woodch01_2020,4.3483,4.1634,0.1849,huntede01,1645357.0,7068360.0,
Atlanta Hawks_2020,8,georgpa01_2020,4.3306,4.3313,-0.0008,huntede01,33005556.0,7068360.0,
Atlanta Hawks_2020,9,middlkh01_2020,4.2798,4.2806,-0.0008,huntede01,30603448.0,7068360.0,
Atlanta Hawks_2020,10,doncilu01_2020,4.1598,4.1563,0.0036,huertke01,7683360.0,2636280.0,
Boston Celtics_2020,1,hardeja01_2020,4.0413,4.1305,-0.0892,brownja02,38199000.0,6534829.0,
Boston Celtics_2020,2,leonaka01_2020,3.657,3.7463,-0.0892,brownja02,32742000.0,6534829.0,
Boston Celtics_2020,3,antetgi01_2020,3.6182,3.6182,0.0,tatumja01,25842697.0,7830000.0,
Boston Celtics_2020,4,jamesle01_2020,2.9603,3.181,-0.2207,smartma01,37436858.0,11768879.0,
Boston Celtics_2020,5,doncilu01_2020,2.453,2.6737,-0.2207,smartma01,7683360.0,11768879.0,
Boston Celtics_2020,6,lillada01_2020,2.2157,2.4364,-0.2207,smartma01,29802321.0,11768879.0,
Boston Celtics_2020,7,butleji01_2020,2.0435,2.1327,-0.0892,brownja02,32742000.0,6534829.0,
Boston Celtics_2020,8,davisan02_2020,1.9548,1.9892,-0.0344,willigr01,27093019.0,2379840.0,
Boston Celtics_2020,9,jokicni01_2020,1.9332,1.9211,0.0121,theisda01,26573595.0,5000000.0,
Boston Celtics_2020,10,townska01_2020,1.626,1.6139,0.0121,theisda01,27285000.0,5000000.0,
Cleveland Cavaliers_2020,1,hardeja01_2020,6.9856,7.0682,-0.0826,garlada01,38199000.0,6400920.0,
Cleveland Cavaliers_2020,2,leonaka01_2020,6.5813,6.6639,-0.0826,garlada01,32742000.0,6400920.0,
Cleveland Cavaliers_2020,3,jamesle01_2020,6.4145,6.4971,-0.0826,garlada01,37436858.0,6400920.0,
Cleveland Cavaliers_2020,4,antetgi01_2020,5.9492,5.9767,-0.0275,thomptr01,25842697.0,18539130.0,
Cleveland Cavaliers_2020,5,doncilu01_2020,5.8833,5.966,-0.0826,garlada01,7683360.0,6400920.0,
Cleveland Cavaliers_2020,6,lillada01_2020,5.6349,5.7175,-0.0826,garlada01,29802321.0,6400920.0,
Cleveland Cavaliers_2020,7,paulch01_2020,4.5859,4.6685,-0.0826,garlada01,38506482.0,6400920.0,
Cleveland Cavaliers_2020,8,walkeke02_2020,4.1625,4.2451,-0.0826,garlada01,32742000.0,6400920.0,
Cleveland Cavaliers_2020,9,youngtr01_2020,4.0785,4.1612,-0.0826,garlada01,6273000.0,6400920.0,
Cleveland Cavaliers_2020,10,jokicni01_2020,3.9789,4.0064,-0.0275,thomptr01,26573595.0,18539130.0,
New Orleans Pelicans_2020,1,antetgi01_2020,5.2168,5.2366,-0.0198,ingrabr01,25842697.0,7265485.0,
New Orleans Pelicans_2020,2,hardeja01_2020,4.336,4.4761,-0.1401,balllo01,38199000.0,8719320.0,
New Orleans Pelicans_2020,3,leonaka01_2020,3.8702,4.0218,-0.1515,hartjo01,32742000.0,1934160.0,
New Orleans Pelicans_2020,4,jamesle01_2020,3.7622,3.9022,-0.1401,balllo01,37436858.0,8719320.0,
New Orleans Pelicans_2020,5,doncilu01_2020,3.2285,3.3686,-0.1401,balllo01,7683360.0,8719320.0,
New Orleans Pelicans_2020,6,lillada01_2020,2.9788,3.1189,-0.1401,balllo01,29802321.0,8719320.0,
New Orleans Pelicans_2020,7,davisan02_2020,2.7591,2.7789,-0.0198,ingrabr01,27093019.0,7265485.0,
New Orleans Pelicans_2020,8,butleji01_2020,2.3974,2.5489,-0.1515,hartjo01,32742000.0,1934160.0,
New Orleans Pelicans_2020,9,tatumja01_2020,2.2168,2.3445,-0.1277,hartjo01,7830000.0,1934160.0,
New Orleans Pelicans_2020,10,jokicni01_2020,2.0003,2.0666,-0.0663,mellini01,26573595.0,4102564.0,
Chicago Bulls_2020,1,hardeja01_2020,5.4398,5.4544,-0.0146,whiteco01,38199000.0,5307120.0,
Chicago Bulls_2020,2,antetgi01_2020,5.2956,5.428,-0.1323,youngth01,25842697.0,12900000.0,
Chicago Bulls_2020,3,leonaka01_2020,5.0639,5.0785,-0.0146,whiteco01,32742000.0,5307120.0,
Chicago Bulls_2020,4,jamesle01_2020,4.9089,4.9235,-0.0146,whiteco01,37436858.0,5307120.0,
Chicago Bulls_2020,5,doncilu01_2020,4.4151,4.4297,-0.0146,whiteco01,7683360.0,5307120.0,
Chicago Bulls_2020,6,lillada01_2020,4.1841,4.1988,-0.0146,whiteco01,29802321.0,5307120.0,
Chicago Bulls_2020,7,jokicni01_2020,3.4428,3.5751,-0.1323,youngth01,26573595.0,12900000.0,
Chicago Bulls_2020,8,davisan02_2020,3.2272,3.3595,-0.1323,youngth01,27093019.0,12900000.0,
Chicago Bulls_2020,9,paulch01_2020,3.2091,3.2237,-0.0146,whiteco01,38506482.0,5307120.0,
Chicago Bulls_2020,10,townska01_2020,3.0887,3.2211,-0.1323,youngth01,27285000.0,12900000.0,
Dallas Mavericks_2020,1,antetgi01_2020,5.3274,5.3376,-0.0102,finnedo01,25842697.0,4000000.0,
Dallas Mavericks_2020,2,hardeja01_2020,4.4296,4.5576,-0.128,hardati02,38199000.0,18150000.0,
Dallas Mavericks_2020,3,leonaka01_2020,4.0248,4.1529,-0.128,hardati02,32742000.0,18150000.0,
Dallas Mavericks_2020,4,davisan02_2020,2.9837,2.9939,-0.0102,finnedo01,27093019.0,4000000.0,
Dallas Mavericks_2020,5,jokicni01_2020,2.8721,3.0479,-0.1758,klebima01,26573595.0,8000000.0,
Dallas Mavericks_2020,6,jamesle01_2020,2.6849,2.7713,-0.0864,curryse01,37436858.0,7461380.0,
Dallas Mavericks_2020,7,townska01_2020,2.5114,2.6871,-0.1758,klebima01,27285000.0,8000000.0,
Dallas Mavericks_2020,8,butleji01_2020,2.3251,2.4531,-0.128,hardati02,32742000.0,18150000.0,
Dallas Mavericks_2020,9,tatumja01_2020,2.0871,2.0973,-0.0102,finnedo01,7830000.0,4000000.0,
Dallas Mavericks_2020,10,goberru01_2020,1.747,1.7753,-0.0283,klebima01,25008427.0,8000000.0,
Denver Nuggets_2020,1,antetgi01_2020,5.5711,5.5506,0.0205,grantje01,25842697.0,9346153.0,
Denver Nuggets_2020,2,hardeja01_2020,4.8579,4.9607,-0.1029,harriga01,38199000.0,17839286.0,
Denver Nuggets_2020,3,leonaka01_2020,4.5105,4.6134,-0.1029,harriga01,32742000.0,17839286.0,
Denver Nuggets_2020,4,jamesle01_2020,4.3672,4.47,-0.1029,harriga01,37436858.0,17839286.0,
Denver Nuggets_2020,5,doncilu01_2020,3.9108,4.0137,-0.1029,harriga01,7683360.0,17839286.0,
Denver Nuggets_2020,6,davisan02_2020,3.4076,3.3871,0.0205,grantje01,27093019.0,9346153.0,
Denver Nuggets_2020,7,butleji01_2020,2.5924,2.7768,-0.1845,grantje01,32742000.0,9346153.0,
Denver Nuggets_2020,8,tatumja01_2020,2.58,2.5595,0.0205,grantje01,7830000.0,9346153.0,
Denver Nuggets_2020,9,lillada01_2020,2.5728,2.6335,-0.0607,morrimo01,29802321.0,1588231.0,
Denver Nuggets_2020,10,simmobe01_2020,2.3355,2.1694,0.1661,harriga01,8113930.0,17839286.0,
Golden State Warriors_2020,1,antetgi01_2020,6.3594,6.3594,0.0,pascher01,25842697.0,898310.0,
Golden State Warriors_2020,2,hardeja01_2020,4.9296,5.0344,-0.1048,poolejo01,38199000.0,1964760.0,
Golden State Warriors_2020,3,leonaka01_2020,4.6452,4.75,-0.1048,poolejo01,32742000.0,1964760.0,
Golden State Warriors_2020,4,jamesle01_2020,4.5278,4.6327,-0.1048,poolejo01,37436858.0,1964760.0,
Golden State Warriors_2020,5,davisan02_2020,4.2369,4.2369,0.0,pascher01,27093019.0,898310.0,
Golden State Warriors_2020,6,doncilu01_2020,4.1542,4.259,-0.1048,poolejo01,7683360.0,1964760.0,
Golden State Warriors_2020,7,lillada01_2020,3.9794,4.0842,-0.1048,poolejo01,29802321.0,1964760.0,
Golden State Warriors_2020,8,butleji01_2020,3.5037,3.6382,-0.1346,pascher01,32742000.0,898310.0,
Golden State Warriors_2020,9,tatumja01_2020,3.425,3.425,0.0,pascher01,7830000.0,898310.0,
Golden State Warriors_2020,10,paulch01_2020,3.2415,3.3464,-0.1048,poolejo01,38506482.0,1964760.0,
Houston Rockets_2020,1,antetgi01_2020,7.5877,7.8739,-0.2862,tuckepj01,25842697.0,8349039.0,
Houston Rockets_2020,2,jokicni01_2020,5.0421,5.3283,-0.2862,tuckepj01,26573595.0,8349039.0,
Houston Rockets_2020,3,davisan02_2020,4.7459,5.0321,-0.2862,tuckepj01,27093019.0,8349039.0,
Houston Rockets_2020,4,townska01_2020,4.5557,4.8419,-0.2862,tuckepj01,27285000.0,8349039.0,
Houston Rockets_2020,5,leonaka01_2020,4.1207,4.3395,-0.2189,houseda01,32742000.0,3540000.0,
Houston Rockets_2020,6,butleji01_2020,3.932,4.2304,-0.2984,tuckepj01,32742000.0,8349039.0,
Houston Rockets_2020,7,jamesle01_2020,3.8467,3.904,-0.0573,riverau01,37436858.0,2174318.0,
Houston Rockets_2020,8,tatumja01_2020,3.6587,3.9449,-0.2862,tuckepj01,7830000.0,8349039.0,
Houston Rockets_2020,9,goberru01_2020,3.6474,3.6126,0.0349,tuckepj01,25008427.0,8349039.0,
Houston Rockets_2020,10,embiijo01_2020,3.4446,3.7308,-0.2862,tuckepj01,27504630.0,8349039.0,
Los Angeles Clippers_2020,1,hardeja01_2020,4.2637,4.2637,0.0,willilo02,38199000.0,8000000.0,
Los Angeles Clippers_2020,2,jamesle01_2020,3.7272,3.7272,0.0,willilo02,37436858.0,8000000.0,
Los Angeles Clippers_2020,3,antetgi01_2020,3.4463,3.5981,-0.1518,greenja01,25842697.0,4767000.0,
Los Angeles Clippers_2020,4,doncilu01_2020,3.2282,3.2282,0.0,willilo02,7683360.0,8000000.0,
Los Angeles Clippers_2020,5,lillada01_2020,2.9948,2.9948,0.0,willilo02,29802321.0,8000000.0,
Los Angeles Clippers_2020,6,paulch01_2020,2.1439,2.2984,-0.1545,shamela01,38506482.0,1995120.0,
Los Angeles Clippers_2020,7,jokicni01_2020,2.0724,2.2242,-0.1518,greenja01,26573595.0,4767000.0,
Los Angeles Clippers_2020,8,davisan02_2020,1.938,2.0509,-0.1129,harklma01,27093019.0,11511234.0,
Los Angeles Clippers_2020,9,walkeke02_2020,1.8393,1.9937,-0.1545,shamela01,32742000.0,1995120.0,
Los Angeles Clippers_2020,10,townska01_2020,1.8098,1.9617,-0.1518,greenja01,27285000.0,4767000.0,
Los Angeles Lakers_2020,1,antetgi01_2020,4.8245,4.8735,-0.049,kuzmaky01,25842697.0,1974600.0,
Los Angeles Lakers_2020,2,hardeja01_2020,4.3258,4.5379,-0.2121,caldwke01,38199000.0,8089282.0,
Los Angeles Lakers_2020,3,leonaka01_2020,3.9654,4.1775,-0.2121,caldwke01,32742000.0,8089282.0,
Los Angeles Lakers_2020,4,doncilu01_2020,2.6274,2.7173,-0.0899,bradlav01,7683360.0,4767000.0,
Los Angeles Lakers_2020,5,butleji01_2020,2.4553,2.536,-0.0807,kuzmaky01,32742000.0,1974600.0,
Los Angeles Lakers_2020,6,tatumja01_2020,2.3038,2.3528,-0.049,kuzmaky01,7830000.0,1974600.0,
Los Angeles Lakers_2020,7,georgpa01_2020,1.9852,2.0659,-0.0807,kuzmaky01,33005556.0,1974600.0,
Los Angeles Lakers_2020,8,middlkh01_2020,1.9487,2.0294,-0.0807,kuzmaky01,30603448.0,1974600.0,
Los Angeles Lakers_2020,9,woodch01_2020,1.8862,1.9453,-0.0591,kuzmaky01,1645357.0,1974600.0,
Los Angeles Lakers_2020,10,adebaba01_2020,1.8848,1.944,-0.0591,kuzmaky01,3454080.0,1974600.0,
Miami Heat_2020,1,hardeja01_2020,5.5879,5.5924,-0.0045,nunnke01,38199000.0,1416852.0,
Miami Heat_2020,2,jamesle01_2020,5.0443,5.0488,-0.0045,nunnke01,37436858.0,1416852.0,
Miami Heat_2020,3,doncilu01_2020,4.5387,4.5432,-0.0045,nunnke01,7683360.0,1416852.0,
Miami Heat_2020,4,lillada01_2020,4.3022,4.3067,-0.0045,nunnke01,29802321.0,1416852.0,
Miami Heat_2020,5,antetgi01_2020,4.1754,4.3759,-0.2006,adebaba01,25842697.0,3454080.0,
Miami Heat_2020,6,leonaka01_2020,3.8432,3.8511,-0.0079,herroty01,32742000.0,3640200.0,
Miami Heat_2020,7,paulch01_2020,3.3037,3.3082,-0.0045,nunnke01,38506482.0,1416852.0,
Miami Heat_2020,8,walkeke02_2020,2.9007,2.9052,-0.0045,nunnke01,32742000.0,1416852.0,
Miami Heat_2020,9,youngtr01_2020,2.8207,2.8252,-0.0045,nunnke01,6273000.0,1416852.0,
Miami Heat_2020,10,simmobe01_2020,2.634,2.4999,0.1341,nunnke01,8113930.0,1416852.0,
Milwaukee Bucks_2020,1,hardeja01_2020,3.8729,4.1488,-0.276,matthwe02,38199000.0,2564753.0,
Milwaukee Bucks_2020,2,leonaka01_2020,3.5453,3.8213,-0.276,matthwe02,32742000.0,2564753.0,
Milwaukee Bucks_2020,3,jamesle01_2020,3.4102,3.6862,-0.276,matthwe02,37436858.0,2564753.0,
Milwaukee Bucks_2020,4,doncilu01_2020,2.9799,3.2559,-0.276,matthwe02,7683360.0,2564753.0,
Milwaukee Bucks_2020,5,lillada01_2020,2.0261,2.0261,0.0,bledser01,29802321.0,15625000.0,
Milwaukee Bucks_2020,6,jokicni01_2020,1.9822,2.0559,-0.0737,lopezro01,26573595.0,4767000.0,
Milwaukee Bucks_2020,7,davisan02_2020,1.8689,1.9426,-0.0737,lopezro01,27093019.0,4767000.0,
Milwaukee Bucks_2020,8,townska01_2020,1.7961,1.8699,-0.0737,lopezro01,27285000.0,4767000.0,
Milwaukee Bucks_2020,9,georgpa01_2020,1.68,1.956,-0.276,matthwe02,33005556.0,2564753.0,
Milwaukee Bucks_2020,10,tatumja01_2020,1.453,1.5268,-0.0737,lopezro01,7830000.0,4767000.0,
Minnesota Timberwolves_2020,1,hardeja01_2020,4.7961,5.0944,-0.2983,culveja01,38199000.0,5813640.0,
Minnesota Timberwolves_2020,2,leonaka01_2020,4.4585,4.7568,-0.2983,culveja01,32742000.0,5813640.0,
Minnesota Timberwolves_2020,3,jamesle01_2020,4.3192,4.6175,-0.2983,culveja01,37436858.0,5813640.0,
Minnesota Timberwolves_2020,4,antetgi01_2020,3.9388,4.0631,-0.1242,covinro01,25842697.0,11301219.0,
Minnesota Timberwolves_2020,5,doncilu01_2020,3.8757,4.174,-0.2983,culveja01,7683360.0,5813640.0,
Minnesota Timberwolves_2020,6,georgpa01_2020,2.536,2.8343,-0.2983,culveja01,33005556.0,5813640.0,
Minnesota Timberwolves_2020,7,jokicni01_2020,2.3139,2.4381,-0.1242,covinro01,26573595.0,11301219.0,
Minnesota Timberwolves_2020,8,butleji01_2020,2.2019,2.2737,-0.0718,wiggian01,32742000.0,27504630.0,
Minnesota Timberwolves_2020,9,haywago01_2020,2.1583,2.3911,-0.2329,culveja01,32700690.0,5813640.0,
Minnesota Timberwolves_2020,10,lillada01_2020,2.1327,2.1327,0.0,teaguje01,29802321.0,19000000.0,
Brooklyn Nets_2020,1,antetgi01_2020,5.8902,6.0839,-0.1937,princta02,25842697.0,3481986.0,
Brooklyn Nets_2020,2,hardeja01_2020,4.6726,4.8552,-0.1827,harrijo01,38199000.0,7666667.0,
Brooklyn Nets_2020,3,leonaka01_2020,4.2498,4.4325,-0.1827,harrijo01,32742000.0,7666667.0,
Brooklyn Nets_2020,4,jamesle01_2020,3.81,3.9149,-0.1049,templga01,37436858.0,4767000.0,
Brooklyn Nets_2020,5,davisan02_2020,3.7488,3.9425,-0.1937,princta02,27093019.0,3481986.0,
Brooklyn Nets_2020,6,doncilu01_2020,3.3568,3.4617,-0.1049,templga01,7683360.0,4767000.0,
Brooklyn Nets_2020,7,butleji01_2020,3.1736,3.3384,-0.1648,princta02,32742000.0,3481986.0,
Brooklyn Nets_2020,8,lillada01_2020,3.1447,3.2496,-0.1049,templga01,29802321.0,4767000.0,
Brooklyn Nets_2020,9,tatumja01_2020,2.9296,3.1233,-0.1937,princta02,7830000.0,3481986.0,
Brooklyn Nets_2020,10,georgpa01_2020,2.6214,2.7863,-0.1648,princta02,33005556.0,3481986.0,
New York Knicks_2020,1,antetgi01_2020,6.4643,6.4643,-0.0,randlju01,25842697.0,18000000.0,
New York Knicks_2020,2,hardeja01_2020,6.1871,6.3523,-0.1652,barrerj01,38199000.0,7839960.0,
New York Knicks_2020,3,leonaka01_2020,5.8119,5.9771,-0.1652,barrerj01,32742000.0,7839960.0,
New York Knicks_2020,4,jamesle01_2020,5.6571,5.8223,-0.1652,barrerj01,37436858.0,7839960.0,
New York Knicks_2020,5,doncilu01_2020,5.1642,5.3294,-0.1652,barrerj01,7683360.0,7839960.0,
New York Knicks_2020,6,jokicni01_2020,4.1084,4.1084,-0.0,randlju01,26573595.0,18000000.0,
New York Knicks_2020,7,davisan02_2020,3.8343,3.8343,-0.0,randlju01,27093019.0,18000000.0,
New York Knicks_2020,8,georgpa01_2020,3.6751,3.8403,-0.1652,barrerj01,33005556.0,7839960.0,
New York Knicks_2020,9,townska01_2020,3.6583,3.6583,-0.0,randlju01,27285000.0,18000000.0,
New York Knicks_2020,10,middlkh01_2020,3.6316,3.7968,-0.1652,barrerj01,30603448.0,7839960.0,
Orlando Magic_2020,1,antetgi01_2020,5.6816,5.6816,0.0,gordoaa01,25842697.0,19863636.0,
Orlando Magic_2020,2,hardeja01_2020,5.5378,5.5378,0.0,fultzma01,38199000.0,9745200.0,
Orlando Magic_2020,3,jamesle01_2020,4.9739,4.9739,0.0,fultzma01,37436858.0,9745200.0,
Orlando Magic_2020,4,doncilu01_2020,4.4495,4.4495,0.0,fultzma01,7683360.0,9745200.0,
Orlando Magic_2020,5,lillada01_2020,4.2042,4.2042,0.0,fultzma01,29802321.0,9745200.0,
Orlando Magic_2020,6,leonaka01_2020,4.0791,4.2195,-0.1403,rosste01,32742000.0,12500000.0,
Orlando Magic_2020,7,davisan02_2020,3.3682,3.3682,0.0,gordoaa01,27093019.0,19863636.0,
Orlando Magic_2020,8,paulch01_2020,3.1686,3.1686,0.0,fultzma01,38506482.0,9745200.0,
Orlando Magic_2020,9,walkeke02_2020,2.7506,2.7506,0.0,fultzma01,32742000.0,9745200.0,
Orlando Magic_2020,10,youngtr01_2020,2.6677,2.6677,0.0,fultzma01,6273000.0,9745200.0,
Indiana Pacers_2020,1,antetgi01_2020,5.1318,5.2136,-0.0818,warretj01,25842697.0,10810000.0,
Indiana Pacers_2020,2,hardeja01_2020,3.779,4.014,-0.235,holidaa01,38199000.0,2239200.0,
Indiana Pacers_2020,3,leonaka01_2020,3.574,3.8135,-0.2395,warretj01,32742000.0,10810000.0,
Indiana Pacers_2020,4,jamesle01_2020,3.3275,3.5625,-0.235,holidaa01,37436858.0,2239200.0,
Indiana Pacers_2020,5,jokicni01_2020,3.1921,3.1921,0.0,turnemy01,26573595.0,17500000.0,
Indiana Pacers_2020,6,davisan02_2020,2.9771,2.9771,0.0,turnemy01,27093019.0,17500000.0,
Indiana Pacers_2020,7,doncilu01_2020,2.9077,3.1427,-0.235,holidaa01,7683360.0,2239200.0,
Indiana Pacers_2020,8,townska01_2020,2.839,2.839,0.0,turnemy01,27285000.0,17500000.0,
Indiana Pacers_2020,9,lillada01_2020,2.7112,2.9463,-0.235,holidaa01,29802321.0,2239200.0,
Indiana Pacers_2020,10,tatumja01_2020,2.1878,2.1878,0.0,turnemy01,7830000.0,17500000.0,
Philadelphia 76ers_2020,1,antetgi01_2020,6.2437,6.2437,0.0,harrito02,25842697.0,32742000.0,
Philadelphia 76ers_2020,2,hardeja01_2020,4.2179,4.4188,-0.2009,richajo01,38199000.0,10116576.0,
Philadelphia 76ers_2020,3,leonaka01_2020,3.8848,4.0858,-0.2009,richajo01,32742000.0,10116576.0,
Philadelphia 76ers_2020,4,jamesle01_2020,3.7474,3.9484,-0.2009,richajo01,37436858.0,10116576.0,
Philadelphia 76ers_2020,5,davisan02_2020,3.426,3.426,0.0,harrito02,27093019.0,32742000.0,
Philadelphia 76ers_2020,6,doncilu01_2020,3.3099,3.5108,-0.2009,richajo01,7683360.0,10116576.0,
Philadelphia 76ers_2020,7,lillada01_2020,3.1052,3.3061,-0.2009,richajo01,29802321.0,10116576.0,
Philadelphia 76ers_2020,8,butleji01_2020,2.4626,2.6311,-0.1685,harrito02,32742000.0,32742000.0,
Philadelphia 76ers_2020,9,jokicni01_2020,2.4219,2.4219,0.0,horfoal01,26573595.0,28000000.0,
Philadelphia 76ers_2020,10,tatumja01_2020,2.348,2.348,0.0,harrito02,7830000.0,32742000.0,
Phoenix Suns_2020,1,antetgi01_2020,5.2238,5.5104,-0.2867,oubreke01,25842697.0,15625000.0,
Phoenix Suns_2020,2,hardeja01_2020,4.4173,4.4173,-0.0,bookede01,38199000.0,27285000.0,
Phoenix Suns_2020,3,leonaka01_2020,3.9183,3.9183,-0.0,bookede01,32742000.0,27285000.0,
Phoenix Suns_2020,4,jamesle01_2020,3.7125,3.7125,-0.0,bookede01,37436858.0,27285000.0,
Phoenix Suns_2020,5,doncilu01_2020,3.0569,3.0569,-0.0,bookede01,7683360.0,27285000.0,
Phoenix Suns_2020,6,jokicni01_2020,2.7628,3.004,-0.2412,saricda01,26573595.0,3481986.0,
Phoenix Suns_2020,7,lillada01_2020,2.6629,2.6629,0.0,rubiori01,29802321.0,16200000.0,
Phoenix Suns_2020,8,davisan02_2020,2.5676,2.8089,-0.2412,saricda01,27093019.0,3481986.0,
Phoenix Suns_2020,9,townska01_2020,2.4423,2.6835,-0.2412,saricda01,27285000.0,3481986.0,
Phoenix Suns_2020,10,butleji01_2020,2.2888,2.6579,-0.3691,oubreke01,32742000.0,15625000.0,
Portland Trail Blazers_2020,1,antetgi01_2020,6.5508,6.4833,0.0675,anthoca01,25842697.0,2159029.0,
Portland Trail Blazers_2020,2,hardeja01_2020,5.4789,5.5108,-0.0318,mccolcj01,38199000.0,27556959.0,
Portland Trail Blazers_2020,3,leonaka01_2020,4.9815,5.0133,-0.0318,mccolcj01,32742000.0,27556959.0,
Portland Trail Blazers_2020,4,jamesle01_2020,4.7762,4.808,-0.0318,mccolcj01,37436858.0,27556959.0,
Portland Trail Blazers_2020,5,davisan02_2020,4.4276,4.36,0.0675,anthoca01,27093019.0,2159029.0,
Portland Trail Blazers_2020,6,doncilu01_2020,4.1276,4.1206,0.007,simonan01,7683360.0,2149560.0,
Portland Trail Blazers_2020,7,butleji01_2020,3.7334,3.7611,-0.0277,anthoca01,32742000.0,2159029.0,
Portland Trail Blazers_2020,8,tatumja01_2020,3.6153,3.5477,0.0675,anthoca01,7830000.0,2159029.0,
Portland Trail Blazers_2020,9,paulch01_2020,3.2161,3.2091,0.007,simonan01,38506482.0,2149560.0,
Portland Trail Blazers_2020,10,woodch01_2020,3.2037,3.0732,0.1305,anthoca01,1645357.0,2159029.0,
Sacramento Kings_2020,1,antetgi01_2020,7.4423,7.6536,-0.2113,barneha02,25842697.0,24147727.0,
Sacramento Kings_2020,2,leonaka01_2020,5.7786,6.0406,-0.262,barneha02,32742000.0,24147727.0,
Sacramento Kings_2020,3,hardeja01_2020,4.896,4.8885,0.0074,hieldbu01,38199000.0,4861208.0,
Sacramento Kings_2020,4,davisan02_2020,4.5526,4.7639,-0.2113,barneha02,27093019.0,24147727.0,
Sacramento Kings_2020,5,jamesle01_2020,4.2669,4.2594,0.0074,hieldbu01,37436858.0,4861208.0,
Sacramento Kings_2020,6,butleji01_2020,3.6868,3.9488,-0.262,barneha02,32742000.0,24147727.0,
Sacramento Kings_2020,7,doncilu01_2020,3.6818,3.6744,0.0074,hieldbu01,7683360.0,4861208.0,
Sacramento Kings_2020,8,tatumja01_2020,3.4471,3.6585,-0.2113,barneha02,7830000.0,24147727.0,
Sacramento Kings_2020,9,lillada01_2020,3.1465,3.2967,-0.1502,josepco01,29802321.0,12000000.0,
Sacramento Kings_2020,10,woodch01_2020,2.9627,3.0126,-0.0499,barneha02,1645357.0,24147727.0,
San Antonio Spurs_2020,1,antetgi01_2020,5.9077,5.7283,0.1793,derozde01,25842697.0,27739975.0,
San Antonio Spurs_2020,2,hardeja01_2020,4.5865,4.9049,-0.3183,forbebr01,38199000.0,2875000.0,
San Antonio Spurs_2020,3,leonaka01_2020,4.2723,4.5906,-0.3183,forbebr01,32742000.0,2875000.0,
San Antonio Spurs_2020,4,jamesle01_2020,4.1426,4.4609,-0.3183,forbebr01,37436858.0,2875000.0,
San Antonio Spurs_2020,5,doncilu01_2020,3.7297,4.048,-0.3183,forbebr01,7683360.0,2875000.0,
San Antonio Spurs_2020,6,lillada01_2020,3.5365,3.8549,-0.3183,forbebr01,29802321.0,2875000.0,
San Antonio Spurs_2020,7,jokicni01_2020,2.8847,2.8847,0.0,gayru01,26573595.0,14000000.0,
San Antonio Spurs_2020,8,paulch01_2020,2.7211,3.0394,-0.3183,forbebr01,38506482.0,2875000.0,
San Antonio Spurs_2020,9,davisan02_2020,2.7034,2.7034,0.0,gayru01,27093019.0,14000000.0,
San Antonio Spurs_2020,10,townska01_2020,2.587,2.587,0.0,gayru01,27285000.0,14000000.0,
Oklahoma City Thunder_2020,1,hardeja01_2020,4.8749,4.8749,-0.0,gilgesh01,38199000.0,3952920.0,
Oklahoma City Thunder_2020,2,leonaka01_2020,4.391,4.391,-0.0,gilgesh01,32742000.0,3952920.0,
Oklahoma City Thunder_2020,3,jamesle01_2020,4.1913,4.1913,-0.0,gilgesh01,37436858.0,3952920.0,
Oklahoma City Thunder_2020,4,antetgi01_2020,3.6792,3.7686,-0.0894,gallida01,25842697.0,22615559.0,
Oklahoma City Thunder_2020,5,doncilu01_2020,3.5555,3.5555,-0.0,gilgesh01,7683360.0,3952920.0,
Oklahoma City Thunder_2020,6,lillada01_2020,2.8806,2.8806,-0.0,schrode01,29802321.0,15500000.0,
Oklahoma City Thunder_2020,7,butleji01_2020,2.7854,2.9845,-0.1991,fergute01,32742000.0,2475840.0,
Oklahoma City Thunder_2020,8,georgpa01_2020,2.4162,2.6153,-0.1991,fergute01,33005556.0,2475840.0,
Oklahoma City Thunder_2020,9,middlkh01_2020,2.3876,2.5867,-0.1991,fergute01,30603448.0,2475840.0,
Oklahoma City Thunder_2020,10,haywago01_2020,2.1275,2.2913,-0.1639,fergute01,32700690.0,2475840.0,
Toronto Raptors_2020,1,antetgi01_2020,4.6566,4.6566,0.0,siakapa01,25842697.0,2351839.0,
Toronto Raptors_2020,2,hardeja01_2020,3.3625,3.3625,0.0,lowryky01,38199000.0,33296296.0,
Toronto Raptors_2020,3,leonaka01_2020,3.3486,3.5664,-0.2177,anunoog01,32742000.0,2281800.0,
Toronto Raptors_2020,4,jamesle01_2020,2.7651,2.7651,0.0,lowryky01,37436858.0,33296296.0,
Toronto Raptors_2020,5,jokicni01_2020,2.6285,2.6285,0.0,ibakase01,26573595.0,23271604.0,
Toronto Raptors_2020,6,davisan02_2020,2.4486,2.4486,0.0,ibakase01,27093019.0,23271604.0,
Toronto Raptors_2020,7,townska01_2020,2.3332,2.3332,0.0,ibakase01,27285000.0,23271604.0,
Toronto Raptors_2020,8,doncilu01_2020,2.2095,2.2095,0.0,lowryky01,7683360.0,33296296.0,
Toronto Raptors_2020,9,lillada01_2020,1.9496,1.9496,0.0,lowryky01,29802321.0,33296296.0,
Toronto Raptors_2020,10,tatumja01_2020,1.7885,1.7885,0.0,ibakase01,7830000.0,23271604.0,
Utah Jazz_2020,1,antetgi01_2020,5.4443,5.5385,-0.0942,bogdabo02,25842697.0,17000000.0,
Utah Jazz_2020,2,hardeja01_2020,4.9101,4.9101,0.0,mitchdo01,38199000.0,3635760.0,
Utah Jazz_2020,3,jamesle01_2020,4.2388,4.2388,0.0,mitchdo01,37436858.0,3635760.0,
Utah Jazz_2020,4,leonaka01_2020,4.0789,4.186,-0.1071,bogdabo02,32742000.0,17000000.0,
Utah Jazz_2020,5,doncilu01_2020,3.6143,3.6143,0.0,mitchdo01,7683360.0,3635760.0,
Utah Jazz_2020,6,lillada01_2020,3.3222,3.3222,0.0,mitchdo01,29802321.0,3635760.0,
Utah Jazz_2020,7,davisan02_2020,2.4713,2.6535,-0.1822,inglejo01,27093019.0,11207387.0,
Utah Jazz_2020,8,butleji01_2020,2.325,2.432,-0.1071,bogdabo02,32742000.0,17000000.0,
Utah Jazz_2020,9,tatumja01_2020,2.0945,2.1886,-0.0942,bogdabo02,7830000.0,17000000.0,
Utah Jazz_2020,10,paulch01_2020,2.0891,2.0891,0.0,mitchdo01,38506482.0,3635760.0,
Memphis Grizzlies_2020,1,hardeja01_2020,6.5565,6.6168,-0.0603,brookdi01,38199000.0,1618520.0,
Memphis Grizzlies_2020,2,leonaka01_2020,6.1397,6.2,-0.0603,brookdi01,32742000.0,1618520.0,
Memphis Grizzlies_2020,3,jamesle01_2020,5.9678,6.0281,-0.0603,brookdi01,37436858.0,1618520.0,
Memphis Grizzlies_2020,4,doncilu01_2020,5.4203,5.4806,-0.0603,brookdi01,7683360.0,1618520.0,
Memphis Grizzlies_2020,5,antetgi01_2020,4.2378,4.3538,-0.1159,jacksja02,25842697.0,6927480.0,
Memphis Grizzlies_2020,6,georgpa01_2020,3.7664,3.8267,-0.0603,brookdi01,33005556.0,1618520.0,
Memphis Grizzlies_2020,7,middlkh01_2020,3.718,3.7783,-0.0603,brookdi01,30603448.0,1618520.0,
Memphis Grizzlies_2020,8,haywago01_2020,3.2797,3.2797,0.0,brookdi01,32700690.0,1618520.0,
Memphis Grizzlies_2020,9,lillada01_2020,3.1678,3.1678,0.0,moranja01,29802321.0,8730240.0,
Memphis Grizzlies_2020,10,vanvlfr01_2020,3.1022,3.0022,0.1,brookdi01,9346153.0,1618520.0,
Washington Wizards_2020,1,antetgi01_2020,5.2265,5.2265,0.0,hachiru01,25842697.0,4469160.0,
Washington Wizards_2020,2,hardeja01_2020,4.7094,4.7094,0.0,smithis01,38199000.0,6000000.0,
Washington Wizards_2020,3,leonaka01_2020,4.2566,4.3695,-0.1128,browntr01,32742000.0,3219480.0,
Washington Wizards_2020,4,jamesle01_2020,4.201,4.201,0.0,smithis01,37436858.0,6000000.0,
Washington Wizards_2020,5,doncilu01_2020,3.7283,3.7283,0.0,smithis01,7683360.0,6000000.0,
Washington Wizards_2020,6,davisan02_2020,3.5523,3.5523,0.0,hachiru01,27093019.0,4469160.0,
Washington Wizards_2020,7,lillada01_2020,3.5071,3.5071,0.0,smithis01,29802321.0,6000000.0,
Washington Wizards_2020,8,butleji01_2020,3.0231,3.08,-0.057,hachiru01,32742000.0,4469160.0,
Washington Wizards_2020,9,tatumja01_2020,2.9118,2.9118,0.0,hachiru01,7830000.0,4469160.0,
Washington Wizards_2020,10,woodch01_2020,2.6597,2.5376,0.1221,hachiru01,1645357.0,4469160.0,
Detroit Pistons_2020,1,hardeja01_2020,4.9471,4.956,-0.0089,snellto01,38199000.0,11392857.0,
Detroit Pistons_2020,2,antetgi01_2020,4.6644,4.7401,-0.0757,drumman01,25842697.0,27093019.0,
Detroit Pistons_2020,3,leonaka01_2020,4.5907,4.5995,-0.0089,snellto01,32742000.0,11392857.0,
Detroit Pistons_2020,4,jamesle01_2020,4.2478,4.2626,-0.0148,gallola01,37436858.0,7333333.0,
Detroit Pistons_2020,5,doncilu01_2020,3.7545,3.7693,-0.0148,gallola01,7683360.0,7333333.0,
Detroit Pistons_2020,6,lillada01_2020,3.1836,3.2545,-0.0709,brownbr01,29802321.0,1416852.0,
Detroit Pistons_2020,7,butleji01_2020,3.094,3.1029,-0.0089,snellto01,32742000.0,11392857.0,
Detroit Pistons_2020,8,jokicni01_2020,2.7845,2.8601,-0.0757,drumman01,26573595.0,27093019.0,
Detroit Pistons_2020,9,davisan02_2020,2.5657,2.6414,-0.0757,drumman01,27093019.0,27093019.0,
Detroit Pistons_2020,10,georgpa01_2020,2.5609,2.5697,-0.0089,snellto01,33005556.0,11392857.0,
Charlotte Hornets_2020,1,hardeja01_2020,6.3433,6.3433,0.0,roziete01,38199000.0,19894737.0,
Charlotte Hornets_2020,2,leonaka01_2020,5.8107,6.138,-0.3273,bridgmi02,32742000.0,3755400.0,
Charlotte Hornets_2020,3,antetgi01_2020,5.6795,5.9701,-0.2906,washipj01,25842697.0,3831840.0,
Charlotte Hornets_2020,4,jamesle01_2020,5.668,5.668,0.0,roziete01,37436858.0,19894737.0,
Charlotte Hornets_2020,5,doncilu01_2020,5.04,5.04,0.0,roziete01,7683360.0,19894737.0,
Charlotte Hornets_2020,6,lillada01_2020,4.7462,4.7462,0.0,roziete01,29802321.0,19894737.0,
Charlotte Hornets_2020,7,butleji01_2020,3.9585,4.2858,-0.3273,bridgmi02,32742000.0,3755400.0,
Charlotte Hornets_2020,8,tatumja01_2020,3.7053,4.0287,-0.3234,bridgmi02,7830000.0,3755400.0,
Charlotte Hornets_2020,9,jokicni01_2020,3.6566,3.9472,-0.2906,washipj01,26573595.0,3831840.0,
Charlotte Hornets_2020,10,paulch01_2020,3.5059,3.5059,0.0,roziete01,38506482.0,19894737.0,
Atlanta Hawks_2021,1,jamesle01_2021,4.1459,4.267,-0.1211,huertke01,39219566.0,2761920.0,
Atlanta Hawks_2021,2,jokicni01_2021,4.0531,4.0531,0.0,collijo01,29542010.0,4137302.0,
Atlanta Hawks_2021,3,leonaka01_2021,3.9573,4.0784,-0.1211,huertke01,34379100.0,2761920.0,
Atlanta Hawks_2021,4,antetgi01_2021,3.6092,3.7334,-0.1242,hillso01,27528088.0,1620564.0,
Atlanta Hawks_2021,5,doncilu01_2021,3.3236,3.4447,-0.1211,huertke01,8049360.0,2761920.0,
Atlanta Hawks_2021,6,hardeja01_2021,3.1533,3.2744,-0.1211,huertke01,41254920.0,2761920.0,
Atlanta Hawks_2021,7,butleji01_2021,3.0552,3.2933,-0.2381,hillso01,34379100.0,1620564.0,
Atlanta Hawks_2021,8,duranke01_2021,2.8531,3.0911,-0.2381,hillso01,39058950.0,1620564.0,
Atlanta Hawks_2021,9,willizi01_2021,2.5445,2.6771,-0.1325,hillso01,10245480.0,1620564.0,
Atlanta Hawks_2021,10,georgpa01_2021,2.5136,2.6347,-0.1211,huertke01,35450412.0,2761920.0,
Boston Celtics_2021,1,jokicni01_2021,3.9153,4.0895,-0.1742,thomptr01,29542010.0,9258000.0,
Boston Celtics_2021,2,antetgi01_2021,3.0361,3.2103,-0.1742,thomptr01,27528088.0,9258000.0,
Boston Celtics_2021,3,curryst01_2021,2.9895,3.1937,-0.2042,smartma01,43006362.0,13446428.0,
Boston Celtics_2021,4,jamesle01_2021,2.8116,3.0158,-0.2042,smartma01,39219566.0,13446428.0,
Boston Celtics_2021,5,leonaka01_2021,2.6776,2.6776,-0.0,brownja02,34379100.0,23437500.0,
Boston Celtics_2021,6,embiijo01_2021,2.6545,2.8287,-0.1742,thomptr01,29542010.0,9258000.0,
Boston Celtics_2021,7,goberru01_2021,2.6197,2.6214,-0.0017,thomptr01,27525281.0,9258000.0,
Boston Celtics_2021,8,butleji01_2021,2.6144,2.7188,-0.1044,willigr01,34379100.0,2498760.0,
Boston Celtics_2021,9,duranke01_2021,2.4631,2.5675,-0.1044,willigr01,39058950.0,2498760.0,
Boston Celtics_2021,10,willizi01_2021,2.2926,2.2926,0.0,thomptr01,10245480.0,9258000.0,
Cleveland Cavaliers_2021,1,leonaka01_2021,6.0357,6.2844,-0.2487,okorois01,34379100.0,6400920.0,
Cleveland Cavaliers_2021,2,butleji01_2021,5.9322,6.181,-0.2487,okorois01,34379100.0,6400920.0,
Cleveland Cavaliers_2021,3,doncilu01_2021,5.3887,5.6375,-0.2487,okorois01,8049360.0,6400920.0,
Cleveland Cavaliers_2021,4,hardeja01_2021,5.2148,5.4636,-0.2487,okorois01,41254920.0,6400920.0,
Cleveland Cavaliers_2021,5,curryst01_2021,4.6526,4.6526,0.0,sextoco01,43006362.0,4991880.0,
Cleveland Cavaliers_2021,6,georgpa01_2021,4.5617,4.8104,-0.2487,okorois01,35450412.0,6400920.0,
Cleveland Cavaliers_2021,7,jamesle01_2021,4.4206,4.4206,0.0,sextoco01,39219566.0,4991880.0,
Cleveland Cavaliers_2021,8,tatumja01_2021,4.3117,4.5605,-0.2487,okorois01,9897120.0,6400920.0,
Cleveland Cavaliers_2021,9,bridgmi01_2021,4.203,4.2305,-0.0275,okorois01,4359000.0,6400920.0,
Cleveland Cavaliers_2021,10,lavinza01_2021,4.0755,4.3242,-0.2487,okorois01,19500000.0,6400920.0,
New Orleans Pelicans_2021,1,curryst01_2021,5.4761,5.4916,-0.0155,bledser01,43006362.0,16875000.0,
New Orleans Pelicans_2021,2,jamesle01_2021,5.2461,5.2616,-0.0155,bledser01,39219566.0,16875000.0,
New Orleans Pelicans_2021,3,leonaka01_2021,5.0586,5.0741,-0.0155,bledser01,34379100.0,16875000.0,
New Orleans Pelicans_2021,4,doncilu01_2021,4.4287,4.4442,-0.0155,bledser01,8049360.0,16875000.0,
New Orleans Pelicans_2021,5,hardeja01_2021,4.2594,4.2749,-0.0155,bledser01,41254920.0,16875000.0,
New Orleans Pelicans_2021,6,lillada01_2021,4.2151,4.2306,-0.0155,bledser01,31626953.0,16875000.0,
New Orleans Pelicans_2021,7,jokicni01_2021,4.1885,4.3244,-0.136,adamsst01,29542010.0,29592695.0,
New Orleans Pelicans_2021,8,conlemi01_2021,3.9924,4.0078,-0.0155,bledser01,34504132.0,16875000.0,
New Orleans Pelicans_2021,9,irvinky01_2021,3.7144,3.7299,-0.0155,bledser01,33460350.0,16875000.0,
New Orleans Pelicans_2021,10,paulch01_2021,3.5032,3.5187,-0.0155,bledser01,41358814.0,16875000.0,
Chicago Bulls_2021,1,antetgi01_2021,5.565,5.7049,-0.1399,willipa01,27528088.0,7068360.0,
Chicago Bulls_2021,2,curryst01_2021,5.4875,5.5225,-0.035,whiteco01,43006362.0,5572680.0,
Chicago Bulls_2021,3,jamesle01_2021,5.2492,5.2842,-0.035,whiteco01,39219566.0,5572680.0,
Chicago Bulls_2021,4,leonaka01_2021,5.0604,5.2178,-0.1574,willipa01,34379100.0,7068360.0,
Chicago Bulls_2021,5,butleji01_2021,4.9656,5.123,-0.1574,willipa01,34379100.0,7068360.0,
Chicago Bulls_2021,6,doncilu01_2021,4.4022,4.4373,-0.035,whiteco01,8049360.0,5572680.0,
Chicago Bulls_2021,7,hardeja01_2021,4.2268,4.2618,-0.035,whiteco01,41254920.0,5572680.0,
Chicago Bulls_2021,8,willizi01_2021,4.2145,4.3084,-0.0939,willipa01,10245480.0,7068360.0,
Chicago Bulls_2021,9,lillada01_2021,4.1809,4.2159,-0.035,whiteco01,31626953.0,5572680.0,
Chicago Bulls_2021,10,conlemi01_2021,3.9502,3.9852,-0.035,whiteco01,34504132.0,5572680.0,
Dallas Mavericks_2021,1,jamesle01_2021,4.1899,4.2993,-0.1094,richajo01,39219566.0,10865952.0,
Dallas Mavericks_2021,2,leonaka01_2021,4.0314,4.1408,-0.1094,richajo01,34379100.0,10865952.0,
Dallas Mavericks_2021,3,jokicni01_2021,3.4278,3.5645,-0.1367,klebima01,29542010.0,8325000.0,
Dallas Mavericks_2021,4,antetgi01_2021,3.3632,3.5579,-0.1947,finnedo01,27528088.0,4000000.0,
Dallas Mavericks_2021,5,hardeja01_2021,3.3557,3.4651,-0.1094,richajo01,41254920.0,10865952.0,
Dallas Mavericks_2021,6,butleji01_2021,3.344,3.4488,-0.1048,hardati02,34379100.0,18975000.0,
Dallas Mavericks_2021,7,curryst01_2021,2.8213,2.8213,0.0,brunsja01,43006362.0,1663861.0,
Dallas Mavericks_2021,8,georgpa01_2021,2.818,2.9274,-0.1094,richajo01,35450412.0,10865952.0,
Dallas Mavericks_2021,9,bridgmi01_2021,2.5467,2.4501,0.0966,richajo01,4359000.0,10865952.0,
Dallas Mavericks_2021,10,lavinza01_2021,2.4179,2.5273,-0.1094,richajo01,19500000.0,10865952.0,
Denver Nuggets_2021,1,leonaka01_2021,3.6888,3.8049,-0.1161,bartowi01,34379100.0,13723214.0,
Denver Nuggets_2021,2,butleji01_2021,3.6072,3.7234,-0.1161,bartowi01,34379100.0,13723214.0,
Denver Nuggets_2021,3,hardeja01_2021,3.0418,3.1579,-0.1161,bartowi01,41254920.0,13723214.0,
Denver Nuggets_2021,4,curryst01_2021,2.799,2.9495,-0.1505,campafa01,43006362.0,3100000.0,
Denver Nuggets_2021,5,jamesle01_2021,2.6445,2.7951,-0.1505,campafa01,39219566.0,3100000.0,
Denver Nuggets_2021,6,inglejo01_2021,2.5274,2.3447,0.1827,bartowi01,10863637.0,13723214.0,
Denver Nuggets_2021,7,georgpa01_2021,2.527,2.6431,-0.1161,bartowi01,35450412.0,13723214.0,
Denver Nuggets_2021,8,antetgi01_2021,2.3738,2.4116,-0.0379,portemi01,27528088.0,3550800.0,
Denver Nuggets_2021,9,bridgmi01_2021,2.3687,2.186,0.1827,bartowi01,4359000.0,13723214.0,
Denver Nuggets_2021,10,tatumja01_2021,2.33,2.4461,-0.1161,bartowi01,9897120.0,13723214.0,
Golden State Warriors_2021,1,antetgi01_2021,5.2916,5.357,-0.0653,wiggian01,27528088.0,29542010.0,
Golden State Warriors_2021,2,butleji01_2021,4.6058,4.6651,-0.0593,wiggian01,34379100.0,29542010.0,
Golden State Warriors_2021,3,duranke01_2021,4.2881,4.3474,-0.0593,wiggian01,39058950.0,29542010.0,
Golden State Warriors_2021,4,jokicni01_2021,4.242,4.4173,-0.1753,greendr01,29542010.0,22246956.0,
Golden State Warriors_2021,5,leonaka01_2021,4.1093,4.2595,-0.1502,oubreke01,34379100.0,14375000.0,
Golden State Warriors_2021,6,willizi01_2021,3.8676,3.6965,0.1711,wiggian01,10245480.0,29542010.0,
Golden State Warriors_2021,7,hardeja01_2021,3.4627,3.6129,-0.1502,oubreke01,41254920.0,14375000.0,
Golden State Warriors_2021,8,georgpa01_2021,3.113,3.1723,-0.0593,wiggian01,35450412.0,29542010.0,
Golden State Warriors_2021,9,youngth01_2021,2.9627,2.7916,0.1711,wiggian01,13545000.0,29542010.0,
Golden State Warriors_2021,10,inglejo01_2021,2.9109,2.76,0.1509,wiggian01,10863637.0,29542010.0,
Houston Rockets_2021,1,antetgi01_2021,4.1813,4.4209,-0.2396,tateja01,27528088.0,1445967.0,
Houston Rockets_2021,2,leonaka01_2021,3.6541,3.9122,-0.2581,tateja01,34379100.0,1445967.0,
Houston Rockets_2021,3,butleji01_2021,3.5551,3.8133,-0.2581,tateja01,34379100.0,1445967.0,
Houston Rockets_2021,4,jokicni01_2021,3.4224,3.5245,-0.1021,tuckepj01,29542010.0,7969537.0,
Houston Rockets_2021,5,willizi01_2021,2.8448,2.9626,-0.1178,tateja01,10245480.0,1445967.0,
Houston Rockets_2021,6,curryst01_2021,2.7727,2.7727,0.0,walljo01,43006362.0,41254920.0,
Houston Rockets_2021,7,jamesle01_2021,2.6326,2.6326,0.0,walljo01,39219566.0,41254920.0,
Houston Rockets_2021,8,embiijo01_2021,2.4992,2.6013,-0.1021,tuckepj01,29542010.0,7969537.0,
Houston Rockets_2021,9,goberru01_2021,2.4715,2.4495,0.022,tuckepj01,27525281.0,7969537.0,
Houston Rockets_2021,10,duranke01_2021,2.3418,2.4721,-0.1303,tuckepj01,39058950.0,7969537.0,
Los Angeles Clippers_2021,1,jokicni01_2021,4.1038,4.1133,-0.0095,morrima03,29542010.0,14883721.0,
Los Angeles Clippers_2021,2,antetgi01_2021,3.0854,3.0949,-0.0095,morrima03,27528088.0,14883721.0,
Los Angeles Clippers_2021,3,curryst01_2021,2.692,2.7647,-0.0726,jacksre01,43006362.0,1620564.0,
Los Angeles Clippers_2021,4,embiijo01_2021,2.6434,2.6529,-0.0095,morrima03,29542010.0,14883721.0,
Los Angeles Clippers_2021,5,butleji01_2021,2.5828,2.6519,-0.0691,morrima03,34379100.0,14883721.0,
Los Angeles Clippers_2021,6,goberru01_2021,2.5631,2.4127,0.1503,morrima03,27525281.0,14883721.0,
Los Angeles Clippers_2021,7,jamesle01_2021,2.5218,2.5944,-0.0726,jacksre01,39219566.0,1620564.0,
Los Angeles Clippers_2021,8,duranke01_2021,2.3794,2.4485,-0.0691,morrima03,39058950.0,14883721.0,
Los Angeles Clippers_2021,9,willizi01_2021,2.1317,2.0317,0.0999,morrima03,10245480.0,14883721.0,
Los Angeles Clippers_2021,10,doncilu01_2021,1.9885,2.0349,-0.0464,kennalu01,8049360.0,5273826.0,
Los Angeles Lakers_2021,1,curryst01_2021,4.337,4.337,-0.0,schrode01,43006362.0,16000000.0,
Los Angeles Lakers_2021,2,antetgi01_2021,4.0833,4.309,-0.2257,kuzmaky01,27528088.0,3562178.0,
Los Angeles Lakers_2021,3,leonaka01_2021,3.9518,3.9518,-0.0,schrode01,34379100.0,16000000.0,
Los Angeles Lakers_2021,4,jokicni01_2021,3.674,3.7876,-0.1136,morrima02,29542010.0,1620564.0,
Los Angeles Lakers_2021,5,butleji01_2021,3.5698,3.74,-0.1702,kuzmaky01,34379100.0,3562178.0,
Los Angeles Lakers_2021,6,doncilu01_2021,3.3706,3.3706,-0.0,schrode01,8049360.0,16000000.0,
Los Angeles Lakers_2021,7,duranke01_2021,3.3086,3.4788,-0.1702,kuzmaky01,39058950.0,3562178.0,
Los Angeles Lakers_2021,8,hardeja01_2021,3.2144,3.2144,-0.0,schrode01,41254920.0,16000000.0,
Los Angeles Lakers_2021,9,lillada01_2021,3.1735,3.1735,-0.0,schrode01,31626953.0,16000000.0,
Los Angeles Lakers_2021,10,conlemi01_2021,2.968,2.968,-0.0,schrode01,34504132.0,16000000.0,
Miami Heat_2021,1,leonaka01_2021,4.1169,4.415,-0.2981,robindu01,34379100.0,1663861.0,
Miami Heat_2021,2,curryst01_2021,3.8499,3.9524,-0.1025,herroty01,43006362.0,3822240.0,
Miami Heat_2021,3,jokicni01_2021,3.7159,3.7159,0.0,adebaba01,29542010.0,5115492.0,
Miami Heat_2021,4,jamesle01_2021,3.6709,3.7734,-0.1025,herroty01,39219566.0,3822240.0,
Miami Heat_2021,5,hardeja01_2021,3.2657,3.5639,-0.2981,robindu01,41254920.0,1663861.0,
Miami Heat_2021,6,doncilu01_2021,3.0344,3.1369,-0.1025,herroty01,8049360.0,3822240.0,
Miami Heat_2021,7,lillada01_2021,2.8681,2.9706,-0.1025,herroty01,31626953.0,3822240.0,
Miami Heat_2021,8,conlemi01_2021,2.6947,2.7972,-0.1025,herroty01,34504132.0,3822240.0,
Miami Heat_2021,9,georgpa01_2021,2.5884,2.8866,-0.2981,robindu01,35450412.0,1663861.0,
Miami Heat_2021,10,inglejo01_2021,2.494,2.494,-0.0,robindu01,10863637.0,1663861.0,
Milwaukee Bucks_2021,1,jokicni01_2021,4.8926,4.9255,-0.033,lopezbr01,29542010.0,12697675.0,
Milwaukee Bucks_2021,2,leonaka01_2021,3.58,3.58,0.0,middlkh01,34379100.0,33051724.0,
Milwaukee Bucks_2021,3,butleji01_2021,3.4716,3.4716,0.0,middlkh01,34379100.0,33051724.0,
Milwaukee Bucks_2021,4,embiijo01_2021,3.0525,3.0855,-0.033,lopezbr01,29542010.0,12697675.0,
Milwaukee Bucks_2021,5,curryst01_2021,2.9838,3.0925,-0.1087,forbebr01,43006362.0,2337145.0,
Milwaukee Bucks_2021,6,jamesle01_2021,2.9609,3.2315,-0.2706,divindo01,39219566.0,3044160.0,
Milwaukee Bucks_2021,7,goberru01_2021,2.9107,2.7829,0.1278,lopezbr01,27525281.0,12697675.0,
Milwaukee Bucks_2021,8,duranke01_2021,2.7145,2.828,-0.1135,lopezbr01,39058950.0,12697675.0,
Milwaukee Bucks_2021,9,willizi01_2021,2.5896,2.5398,0.0498,middlkh01,10245480.0,33051724.0,
Milwaukee Bucks_2021,10,doncilu01_2021,2.3118,2.4204,-0.1087,forbebr01,8049360.0,2337145.0,
Minnesota Timberwolves_2021,1,leonaka01_2021,5.2697,5.3536,-0.0839,edwaran01,34379100.0,9757440.0,
Minnesota Timberwolves_2021,2,butleji01_2021,5.1592,5.2431,-0.0839,edwaran01,34379100.0,9757440.0,
Minnesota Timberwolves_2021,3,hardeja01_2021,4.393,4.4769,-0.0839,edwaran01,41254920.0,9757440.0,
Minnesota Timberwolves_2021,4,curryst01_2021,4.1714,4.3877,-0.2163,rubiori01,43006362.0,17000000.0,
Minnesota Timberwolves_2021,5,jamesle01_2021,3.9778,4.1942,-0.2163,rubiori01,39219566.0,17000000.0,
Minnesota Timberwolves_2021,6,jokicni01_2021,3.8783,3.968,-0.0897,reidna01,29542010.0,1517981.0,
Minnesota Timberwolves_2021,7,antetgi01_2021,3.8471,3.8861,-0.039,mcdanja02,27528088.0,1964760.0,
Minnesota Timberwolves_2021,8,georgpa01_2021,3.6953,3.7792,-0.0839,edwaran01,35450412.0,9757440.0,
Minnesota Timberwolves_2021,9,inglejo01_2021,3.5621,3.3749,0.1872,edwaran01,10863637.0,9757440.0,
Minnesota Timberwolves_2021,10,tatumja01_2021,3.4284,3.5123,-0.0839,edwaran01,9897120.0,9757440.0,
Brooklyn Nets_2021,1,antetgi01_2021,3.8452,4.034,-0.1888,greenje02,27528088.0,2564753.0,
Brooklyn Nets_2021,2,butleji01_2021,3.3314,3.4935,-0.1621,greenje02,34379100.0,2564753.0,
Brooklyn Nets_2021,3,jokicni01_2021,3.1508,3.3513,-0.2005,jordade01,29542010.0,10375678.0,
Brooklyn Nets_2021,4,leonaka01_2021,3.1147,3.3551,-0.2404,harrijo01,34379100.0,16071429.0,
Brooklyn Nets_2021,5,willizi01_2021,2.6819,2.7368,-0.055,greenje02,10245480.0,2564753.0,
Brooklyn Nets_2021,6,curryst01_2021,2.5907,2.7139,-0.1232,brownbr01,43006362.0,1663861.0,
Brooklyn Nets_2021,7,doncilu01_2021,2.5529,2.6475,-0.0945,shamela01,8049360.0,2090040.0,
Brooklyn Nets_2021,8,jamesle01_2021,2.4346,2.5578,-0.1232,brownbr01,39219566.0,1663861.0,
Brooklyn Nets_2021,9,williro04_2021,2.3995,2.3356,0.0638,greenje02,2029920.0,2564753.0,
Brooklyn Nets_2021,10,georgpa01_2021,2.1652,2.3273,-0.1621,greenje02,35450412.0,2564753.0,
New York Knicks_2021,1,jamesle01_2021,5.0683,5.1895,-0.1212,barrerj01,39219566.0,8231760.0,
New York Knicks_2021,2,leonaka01_2021,4.8445,4.9657,-0.1212,barrerj01,34379100.0,8231760.0,
New York Knicks_2021,3,jokicni01_2021,4.8405,4.7715,0.069,randlju01,29542010.0,18900000.0,
New York Knicks_2021,4,doncilu01_2021,4.0926,4.2138,-0.1212,barrerj01,8049360.0,8231760.0,
New York Knicks_2021,5,curryst01_2021,3.8951,4.0577,-0.1626,paytoel01,43006362.0,5767000.0,
New York Knicks_2021,6,hardeja01_2021,3.8905,4.0117,-0.1212,barrerj01,41254920.0,8231760.0,
New York Knicks_2021,7,georgpa01_2021,3.1314,3.2525,-0.1212,barrerj01,35450412.0,8231760.0,
New York Knicks_2021,8,antetgi01_2021,3.0394,2.9704,0.069,randlju01,27528088.0,18900000.0,
New York Knicks_2021,9,butleji01_2021,3.0142,3.3309,-0.3167,bullore01,34379100.0,4200000.0,
New York Knicks_2021,10,lillada01_2021,3.0078,3.1704,-0.1626,paytoel01,31626953.0,5767000.0,
Orlando Magic_2021,1,leonaka01_2021,5.5704,5.6455,-0.0751,bacondw01,34379100.0,1678854.0,
Orlando Magic_2021,2,butleji01_2021,5.4819,5.557,-0.0751,bacondw01,34379100.0,1678854.0,
Orlando Magic_2021,3,hardeja01_2021,4.8683,4.9434,-0.0751,bacondw01,41254920.0,1678854.0,
Orlando Magic_2021,4,georgpa01_2021,4.3097,4.3847,-0.0751,bacondw01,35450412.0,1678854.0,
Orlando Magic_2021,5,inglejo01_2021,4.1245,4.0609,0.0635,bacondw01,10863637.0,1678854.0,
Orlando Magic_2021,6,tatumja01_2021,4.0959,4.171,-0.0751,bacondw01,9897120.0,1678854.0,
Orlando Magic_2021,7,bridgmi01_2021,3.9523,3.8887,0.0635,bacondw01,4359000.0,1678854.0,
Orlando Magic_2021,8,lavinza01_2021,3.8939,3.9689,-0.0751,bacondw01,19500000.0,1678854.0,
Orlando Magic_2021,9,portemi01_2021,3.8481,3.7434,0.1047,bacondw01,3550800.0,1678854.0,
Orlando Magic_2021,10,mccolcj01_2021,3.7883,3.8634,-0.0751,bacondw01,29354152.0,1678854.0,
Indiana Pacers_2021,1,jokicni01_2021,4.6465,4.6465,0.0,sabondo01,29542010.0,19800000.0,
Indiana Pacers_2021,2,leonaka01_2021,4.2546,4.5502,-0.2956,holidju01,34379100.0,5720400.0,
Indiana Pacers_2021,3,butleji01_2021,4.1505,4.4461,-0.2956,holidju01,34379100.0,5720400.0,
Indiana Pacers_2021,4,antetgi01_2021,3.5348,3.6634,-0.1286,mcderdo01,27528088.0,7333333.0,
Indiana Pacers_2021,5,hardeja01_2021,3.4287,3.7243,-0.2956,holidju01,41254920.0,5720400.0,
Indiana Pacers_2021,6,curryst01_2021,3.1503,3.1503,0.0,brogdma01,43006362.0,20700000.0,
Indiana Pacers_2021,7,jamesle01_2021,2.9952,3.0766,-0.0814,holidaa01,39219566.0,2345640.0,
Indiana Pacers_2021,8,duranke01_2021,2.8012,2.9715,-0.1703,mcderdo01,39058950.0,7333333.0,
Indiana Pacers_2021,9,georgpa01_2021,2.7714,3.067,-0.2956,holidju01,35450412.0,5720400.0,
Indiana Pacers_2021,10,inglejo01_2021,2.6861,2.6861,0.0,holidju01,10863637.0,5720400.0,
Philadelphia 76ers_2021,1,jokicni01_2021,3.8869,3.8869,0.0,harrito02,29542010.0,34358850.0,
Philadelphia 76ers_2021,2,curryst01_2021,3.1478,3.3258,-0.178,curryse01,43006362.0,7834449.0,
Philadelphia 76ers_2021,3,antetgi01_2021,3.0997,3.169,-0.0693,greenda02,27528088.0,15365853.0,
Philadelphia 76ers_2021,4,leonaka01_2021,2.992,2.992,0.0,miltosh01,34379100.0,1701593.0,
Philadelphia 76ers_2021,5,jamesle01_2021,2.9703,3.1483,-0.178,curryse01,39219566.0,7834449.0,
Philadelphia 76ers_2021,6,butleji01_2021,2.9227,2.9227,0.0,miltosh01,34379100.0,1701593.0,
Philadelphia 76ers_2021,7,hardeja01_2021,2.4423,2.4423,0.0,miltosh01,41254920.0,1701593.0,
Philadelphia 76ers_2021,8,doncilu01_2021,2.3395,2.5174,-0.178,curryse01,8049360.0,7834449.0,
Philadelphia 76ers_2021,9,goberru01_2021,2.1963,2.1963,0.0,howardw01,27525281.0,1620564.0,
Philadelphia 76ers_2021,10,lillada01_2021,2.1746,2.3526,-0.178,curryse01,31626953.0,7834449.0,
Phoenix Suns_2021,1,jokicni01_2021,5.0508,5.192,-0.1412,aytonde01,29542010.0,10018200.0,
Phoenix Suns_2021,2,jamesle01_2021,4.0508,4.0508,0.0,bookede01,39219566.0,29467800.0,
Phoenix Suns_2021,3,leonaka01_2021,3.8503,3.8503,0.0,bookede01,34379100.0,29467800.0,
Phoenix Suns_2021,4,antetgi01_2021,3.645,3.7862,-0.1412,aytonde01,27528088.0,10018200.0,
Phoenix Suns_2021,5,doncilu01_2021,3.1765,3.1765,0.0,bookede01,8049360.0,29467800.0,
Phoenix Suns_2021,6,embiijo01_2021,3.0347,3.176,-0.1412,aytonde01,29542010.0,10018200.0,
Phoenix Suns_2021,7,goberru01_2021,3.0266,2.8444,0.1822,aytonde01,27525281.0,10018200.0,
Phoenix Suns_2021,8,hardeja01_2021,2.9954,2.9954,0.0,bookede01,41254920.0,29467800.0,
Phoenix Suns_2021,9,duranke01_2021,2.7901,2.8938,-0.1038,aytonde01,39058950.0,10018200.0,
Phoenix Suns_2021,10,willizi01_2021,2.3185,2.3185,0.0,aytonde01,10245480.0,10018200.0,
Portland Trail Blazers_2021,1,jokicni01_2021,5.0936,5.0845,0.0091,anthoca01,29542010.0,1620564.0,
Portland Trail Blazers_2021,2,antetgi01_2021,4.107,4.377,-0.27,covinro01,27528088.0,12138345.0,
Portland Trail Blazers_2021,3,embiijo01_2021,3.4751,3.466,0.0091,anthoca01,29542010.0,1620564.0,
Portland Trail Blazers_2021,4,butleji01_2021,3.4467,3.465,-0.0182,anthoca01,34379100.0,1620564.0,
Portland Trail Blazers_2021,5,goberru01_2021,3.3851,3.1999,0.1853,anthoca01,27525281.0,1620564.0,
Portland Trail Blazers_2021,6,duranke01_2021,3.2213,3.2395,-0.0182,anthoca01,39058950.0,1620564.0,
Portland Trail Blazers_2021,7,jamesle01_2021,3.065,3.0691,-0.0041,trentga02,39219566.0,1663861.0,
Portland Trail Blazers_2021,8,leonaka01_2021,2.9526,2.9567,-0.0041,trentga02,34379100.0,1663861.0,
Portland Trail Blazers_2021,9,willizi01_2021,2.8679,2.7777,0.0902,anthoca01,10245480.0,1620564.0,
Portland Trail Blazers_2021,10,williro04_2021,2.5985,2.4133,0.1853,anthoca01,2029920.0,1620564.0,
Sacramento Kings_2021,1,leonaka01_2021,4.5974,4.611,-0.0136,hieldbu01,34379100.0,24701834.0,
Sacramento Kings_2021,2,butleji01_2021,4.4808,4.4944,-0.0136,hieldbu01,34379100.0,24701834.0,
Sacramento Kings_2021,3,jokicni01_2021,4.201,4.351,-0.15,holmeri01,29542010.0,5005350.0,
Sacramento Kings_2021,4,antetgi01_2021,3.8316,4.0122,-0.1806,barneha02,27528088.0,22215909.0,
Sacramento Kings_2021,5,curryst01_2021,3.7992,3.7992,0.0,foxde01,43006362.0,8099627.0,
Sacramento Kings_2021,6,hardeja01_2021,3.6721,3.6857,-0.0136,hieldbu01,41254920.0,24701834.0,
Sacramento Kings_2021,7,jamesle01_2021,3.5754,3.5754,0.0,foxde01,39219566.0,8099627.0,
Sacramento Kings_2021,8,duranke01_2021,2.945,3.111,-0.166,barneha02,39058950.0,22215909.0,
Sacramento Kings_2021,9,georgpa01_2021,2.9359,2.9495,-0.0136,hieldbu01,35450412.0,24701834.0,
Sacramento Kings_2021,10,doncilu01_2021,2.7798,2.7798,0.0,foxde01,8049360.0,8099627.0,
San Antonio Spurs_2021,1,leonaka01_2021,4.3108,4.4951,-0.1843,johnske04,34379100.0,2048040.0,
San Antonio Spurs_2021,2,jamesle01_2021,4.2729,4.3439,-0.071,walkelo01,39219566.0,2892000.0,
San Antonio Spurs_2021,3,butleji01_2021,4.2174,4.4017,-0.1843,johnske04,34379100.0,2048040.0,
San Antonio Spurs_2021,4,jokicni01_2021,4.0936,4.2224,-0.1288,poeltja01,29542010.0,8101852.0,
San Antonio Spurs_2021,5,doncilu01_2021,3.6892,3.7603,-0.071,walkelo01,8049360.0,2892000.0,
San Antonio Spurs_2021,6,willizi01_2021,3.6375,3.5991,0.0384,johnske04,10245480.0,2048040.0,
San Antonio Spurs_2021,7,hardeja01_2021,3.5683,3.6394,-0.071,walkelo01,41254920.0,2892000.0,
San Antonio Spurs_2021,8,curryst01_2021,3.5253,3.5253,0.0,murrade01,43006362.0,14286000.0,
San Antonio Spurs_2021,9,antetgi01_2021,3.2578,3.1393,0.1185,derozde01,27528088.0,27739975.0,
San Antonio Spurs_2021,10,georgpa01_2021,3.1143,3.1853,-0.071,walkelo01,35450412.0,2892000.0,
Oklahoma City Thunder_2021,1,curryst01_2021,5.8675,6.0315,-0.164,maledth01,43006362.0,2000000.0,
Oklahoma City Thunder_2021,2,jamesle01_2021,5.6716,5.8356,-0.164,maledth01,39219566.0,2000000.0,
Oklahoma City Thunder_2021,3,antetgi01_2021,5.3277,5.3803,-0.0526,bazleda01,27528088.0,2399160.0,
Oklahoma City Thunder_2021,4,doncilu01_2021,4.9751,5.1391,-0.164,maledth01,8049360.0,2000000.0,
Oklahoma City Thunder_2021,5,jokicni01_2021,4.9603,5.0159,-0.0556,robyis01,29542010.0,1517981.0,
Oklahoma City Thunder_2021,6,lillada01_2021,4.7931,4.9571,-0.164,maledth01,31626953.0,2000000.0,
Oklahoma City Thunder_2021,7,butleji01_2021,4.7384,4.8747,-0.1363,bazleda01,34379100.0,2399160.0,
Oklahoma City Thunder_2021,8,conlemi01_2021,4.6033,4.7673,-0.164,maledth01,34504132.0,2000000.0,
Oklahoma City Thunder_2021,9,duranke01_2021,4.5062,4.6425,-0.1363,bazleda01,39058950.0,2399160.0,
Oklahoma City Thunder_2021,10,irvinky01_2021,4.3665,4.5305,-0.164,maledth01,33460350.0,2000000.0,
Toronto Raptors_2021,1,jokicni01_2021,4.8661,4.8661,0.0,siakapa01,29542010.0,30559200.0,
Toronto Raptors_2021,2,antetgi01_2021,3.5031,3.5031,0.0,siakapa01,27528088.0,30559200.0,
Toronto Raptors_2021,3,embiijo01_2021,2.9115,2.9115,0.0,siakapa01,29542010.0,30559200.0,
Toronto Raptors_2021,4,butleji01_2021,2.8736,2.9102,-0.0366,siakapa01,34379100.0,30559200.0,
Toronto Raptors_2021,5,goberru01_2021,2.8293,2.5901,0.2392,siakapa01,27525281.0,30559200.0,
Toronto Raptors_2021,6,curryst01_2021,2.8257,2.8257,-0.0,lowryky01,43006362.0,30500000.0,
Toronto Raptors_2021,7,jamesle01_2021,2.6479,2.6479,-0.0,lowryky01,39219566.0,30500000.0,
Toronto Raptors_2021,8,duranke01_2021,2.6013,2.638,-0.0366,siakapa01,39058950.0,30559200.0,
Toronto Raptors_2021,9,willizi01_2021,2.3273,2.0802,0.2471,siakapa01,10245480.0,30559200.0,
Toronto Raptors_2021,10,leonaka01_2021,2.3017,2.3802,-0.0785,powelno01,34379100.0,10865952.0,
Utah Jazz_2021,1,antetgi01_2021,4.5677,4.7326,-0.1649,bogdabo02,27528088.0,17661000.0,
Utah Jazz_2021,2,butleji01_2021,3.9901,4.0839,-0.0938,bogdabo02,34379100.0,17661000.0,
Utah Jazz_2021,3,curryst01_2021,3.1679,3.1679,-0.0,clarkjo01,43006362.0,11500000.0,
Utah Jazz_2021,4,willizi01_2021,3.1537,3.1757,-0.022,bogdabo02,10245480.0,17661000.0,
Utah Jazz_2021,5,jamesle01_2021,2.9685,2.9685,-0.0,clarkjo01,39219566.0,11500000.0,
Utah Jazz_2021,6,leonaka01_2021,2.9434,3.2529,-0.3094,onealro01,34379100.0,8500000.0,
Utah Jazz_2021,7,georgpa01_2021,2.5904,2.6842,-0.0938,bogdabo02,35450412.0,17661000.0,
Utah Jazz_2021,8,jokicni01_2021,2.3631,2.4057,-0.0425,favorde01,29542010.0,9258000.0,
Utah Jazz_2021,9,tatumja01_2021,2.3352,2.429,-0.0938,bogdabo02,9897120.0,17661000.0,
Utah Jazz_2021,10,youngth01_2021,2.3053,2.3273,-0.022,bogdabo02,13545000.0,17661000.0,
Memphis Grizzlies_2021,1,leonaka01_2021,4.7181,4.8245,-0.1064,brookdi01,34379100.0,11400000.0,
Memphis Grizzlies_2021,2,butleji01_2021,4.6224,4.7289,-0.1064,brookdi01,34379100.0,11400000.0,
Memphis Grizzlies_2021,3,curryst01_2021,4.093,4.093,-0.0,moranja01,43006362.0,9166800.0,
Memphis Grizzlies_2021,4,hardeja01_2021,3.9592,4.0656,-0.1064,brookdi01,41254920.0,11400000.0,
Memphis Grizzlies_2021,5,jamesle01_2021,3.8679,3.8679,-0.0,moranja01,39219566.0,9166800.0,
Memphis Grizzlies_2021,6,jokicni01_2021,3.804,3.804,0.0,anderky01,29542010.0,9505100.0,
Memphis Grizzlies_2021,7,georgpa01_2021,3.3552,3.4617,-0.1064,brookdi01,35450412.0,11400000.0,
Memphis Grizzlies_2021,8,inglejo01_2021,3.1602,3.1117,0.0486,brookdi01,10863637.0,11400000.0,
Memphis Grizzlies_2021,9,tatumja01_2021,3.1242,3.2306,-0.1064,brookdi01,9897120.0,11400000.0,
Memphis Grizzlies_2021,10,doncilu01_2021,3.068,3.068,-0.0,moranja01,8049360.0,9166800.0,
Washington Wizards_2021,1,antetgi01_2021,5.141,5.141,0.0,hachiru01,27528088.0,4692840.0,
Washington Wizards_2021,2,butleji01_2021,4.6266,4.6115,0.015,hachiru01,34379100.0,4692840.0,
Washington Wizards_2021,3,duranke01_2021,4.3834,4.3684,0.015,hachiru01,39058950.0,4692840.0,
Washington Wizards_2021,4,willizi01_2021,4.1009,3.8703,0.2306,hachiru01,10245480.0,4692840.0,
Washington Wizards_2021,5,jokicni01_2021,3.8026,3.9795,-0.1769,bertada01,29542010.0,15000000.0,
Washington Wizards_2021,6,georgpa01_2021,3.4842,3.4691,0.015,hachiru01,35450412.0,4692840.0,
Washington Wizards_2021,7,youngth01_2021,3.4084,3.1778,0.2306,hachiru01,13545000.0,4692840.0,
Washington Wizards_2021,8,inglejo01_2021,3.378,3.1536,0.2244,hachiru01,10863637.0,4692840.0,
Washington Wizards_2021,9,tatumja01_2021,3.2759,3.2608,0.015,hachiru01,9897120.0,4692840.0,
Washington Wizards_2021,10,bridgmi01_2021,3.2102,2.9858,0.2244,hachiru01,4359000.0,4692840.0,
Detroit Pistons_2021,1,antetgi01_2021,4.1343,4.2107,-0.0765,beysa01,27528088.0,2689920.0,
Detroit Pistons_2021,2,jokicni01_2021,3.9086,3.8943,0.0143,stewais01,29542010.0,3121080.0,
Detroit Pistons_2021,3,leonaka01_2021,3.6436,3.741,-0.0974,beysa01,34379100.0,2689920.0,
Detroit Pistons_2021,4,butleji01_2021,3.5522,3.6496,-0.0974,beysa01,34379100.0,2689920.0,
Detroit Pistons_2021,5,doncilu01_2021,3.1118,3.1617,-0.0499,jacksjo02,8049360.0,4767000.0,
Detroit Pistons_2021,6,hardeja01_2021,2.9852,3.0351,-0.0499,jacksjo02,41254920.0,4767000.0,
Detroit Pistons_2021,7,duranke01_2021,2.7881,2.7461,0.042,grantje01,39058950.0,19050000.0,
Detroit Pistons_2021,8,willizi01_2021,2.7835,2.8642,-0.0806,beysa01,10245480.0,2689920.0,
Detroit Pistons_2021,9,georgpa01_2021,2.5097,2.5596,-0.0499,jacksjo02,35450412.0,4767000.0,
Detroit Pistons_2021,10,embiijo01_2021,2.5067,2.4925,0.0143,stewais01,29542010.0,3121080.0,
Charlotte Hornets_2021,1,jokicni01_2021,5.3849,5.432,-0.0471,washipj01,29542010.0,4023600.0,
Charlotte Hornets_2021,2,antetgi01_2021,4.0682,4.1153,-0.0471,washipj01,27528088.0,4023600.0,
Charlotte Hornets_2021,3,curryst01_2021,4.0451,4.0187,0.0265,roziete01,43006362.0,18900000.0,
Charlotte Hornets_2021,4,jamesle01_2021,3.7848,3.7583,0.0265,roziete01,39219566.0,18900000.0,
Charlotte Hornets_2021,5,leonaka01_2021,3.5725,3.5461,0.0265,roziete01,34379100.0,18900000.0,
Charlotte Hornets_2021,6,embiijo01_2021,3.4967,3.5438,-0.0471,washipj01,29542010.0,4023600.0,
Charlotte Hornets_2021,7,goberru01_2021,3.2525,3.2333,0.0192,washipj01,27525281.0,4023600.0,
Charlotte Hornets_2021,8,duranke01_2021,3.0877,3.2796,-0.1919,washipj01,39058950.0,4023600.0,
Charlotte Hornets_2021,9,doncilu01_2021,2.8595,2.833,0.0265,roziete01,8049360.0,18900000.0,
Charlotte Hornets_2021,10,willizi01_2021,2.8538,2.8556,-0.0018,biyombi01,10245480.0,3500000.0,
Atlanta Hawks_2022,1,antetgi01_2022,4.9476,4.8983,0.0493,huntede01,39344970.0,7775400.0,
Atlanta Hawks_2022,2,jokicni01_2022,4.8823,4.9813,-0.099,capelca01,30510423.0,17103448.0,
Atlanta Hawks_2022,3,duranke01_2022,3.6308,3.7007,-0.0699,huntede01,40918900.0,7775400.0,
Atlanta Hawks_2022,4,embiijo01_2022,3.2294,3.1843,0.0451,gallida01,31579390.0,20475000.0,
Atlanta Hawks_2022,5,tatumja01_2022,3.2228,3.2927,-0.0699,huntede01,28103550.0,7775400.0,
Atlanta Hawks_2022,6,butleji01_2022,3.1268,3.1966,-0.0699,huntede01,36016200.0,7775400.0,
Atlanta Hawks_2022,7,clarkbr01_2022,2.6751,2.6183,0.0569,huntede01,2726880.0,7775400.0,
Atlanta Hawks_2022,8,johnsca02_2022,2.371,2.1859,0.1851,huntede01,4437000.0,7775400.0,
Atlanta Hawks_2022,9,georgpa01_2022,2.3678,2.4377,-0.0699,huntede01,39344970.0,7775400.0,
Atlanta Hawks_2022,10,greendr01_2022,2.3246,2.2677,0.0569,huntede01,24026712.0,7775400.0,
Boston Celtics_2022,1,jokicni01_2022,5.3954,5.6074,-0.212,willigr01,30510423.0,2617800.0,
Boston Celtics_2022,2,antetgi01_2022,4.1674,4.3794,-0.212,willigr01,39344970.0,2617800.0,
Boston Celtics_2022,3,embiijo01_2022,3.5623,3.7742,-0.212,willigr01,31579390.0,2617800.0,
Boston Celtics_2022,4,doncilu01_2022,2.8564,2.8564,0.0,schrode01,10174391.0,5890000.0,
Boston Celtics_2022,5,curryst01_2022,2.7349,2.7349,0.0,schrode01,45780966.0,5890000.0,
Boston Celtics_2022,6,duranke01_2022,2.6943,2.9797,-0.2854,willigr01,40918900.0,2617800.0,
Boston Celtics_2022,7,jamesle01_2022,2.5393,2.8247,-0.2854,willigr01,41180544.0,2617800.0,
Boston Celtics_2022,8,murrade01_2022,2.3227,2.3227,0.0,schrode01,15428880.0,5890000.0,
Boston Celtics_2022,9,paulch01_2022,2.3185,2.3185,0.0,schrode01,30800000.0,5890000.0,
Boston Celtics_2022,10,moranja01_2022,2.2436,2.2436,0.0,schrode01,9603360.0,5890000.0,
Cleveland Cavaliers_2022,1,jokicni01_2022,6.6853,6.6853,0.0,mobleev01,30510423.0,8075160.0,
Cleveland Cavaliers_2022,2,antetgi01_2022,5.1366,5.1366,0.0,mobleev01,39344970.0,8075160.0,
Cleveland Cavaliers_2022,3,embiijo01_2022,4.3736,4.3736,0.0,mobleev01,31579390.0,8075160.0,
Cleveland Cavaliers_2022,4,duranke01_2022,3.3638,3.3716,-0.0078,mobleev01,40918900.0,8075160.0,
Cleveland Cavaliers_2022,5,jamesle01_2022,3.1683,3.1761,-0.0078,mobleev01,41180544.0,8075160.0,
Cleveland Cavaliers_2022,6,tatumja01_2022,2.8191,2.9813,-0.1621,okorois01,28103550.0,6720720.0,
Cleveland Cavaliers_2022,7,goberru01_2022,2.7398,2.4946,0.2453,mobleev01,35344828.0,8075160.0,
Cleveland Cavaliers_2022,8,williro04_2022,2.7156,2.4703,0.2453,mobleev01,3661976.0,8075160.0,
Cleveland Cavaliers_2022,9,butleji01_2022,2.6208,2.6286,-0.0078,mobleev01,36016200.0,8075160.0,
Cleveland Cavaliers_2022,10,townska01_2022,2.3544,2.3544,0.0,mobleev01,31650600.0,8075160.0,
New Orleans Pelicans_2022,1,jokicni01_2022,5.313,5.4825,-0.1694,valanjo01,30510423.0,14000000.0,
New Orleans Pelicans_2022,2,antetgi01_2022,4.9612,5.1779,-0.2167,joneshe01,39344970.0,1700000.0,
New Orleans Pelicans_2022,3,doncilu01_2022,3.3863,3.3674,0.0188,grahade01,10174391.0,11000000.0,
New Orleans Pelicans_2022,4,curryst01_2022,3.1986,3.1797,0.0188,grahade01,45780966.0,11000000.0,
New Orleans Pelicans_2022,5,duranke01_2022,3.1945,3.4073,-0.2128,joneshe01,40918900.0,1700000.0,
New Orleans Pelicans_2022,6,embiijo01_2022,3.114,3.2834,-0.1694,valanjo01,31579390.0,14000000.0,
New Orleans Pelicans_2022,7,jamesle01_2022,2.9983,3.2111,-0.2128,joneshe01,41180544.0,1700000.0,
New Orleans Pelicans_2022,8,tatumja01_2022,2.5912,2.804,-0.2128,joneshe01,28103550.0,1700000.0,
New Orleans Pelicans_2022,9,murrade01_2022,2.5613,2.5425,0.0188,grahade01,15428880.0,11000000.0,
New Orleans Pelicans_2022,10,paulch01_2022,2.5547,2.5359,0.0188,grahade01,30800000.0,11000000.0,
Chicago Bulls_2022,1,jokicni01_2022,7.0705,7.0705,-0.0,vucevni01,30510423.0,24000000.0,
Chicago Bulls_2022,2,antetgi01_2022,5.4724,5.4724,-0.0,vucevni01,39344970.0,24000000.0,
Chicago Bulls_2022,3,embiijo01_2022,4.685,4.685,-0.0,vucevni01,31579390.0,24000000.0,
Chicago Bulls_2022,4,doncilu01_2022,4.1183,4.3502,-0.2319,dosunay01,10174391.0,925258.0,
Chicago Bulls_2022,5,curryst01_2022,3.9343,4.1662,-0.2319,dosunay01,45780966.0,925258.0,
Chicago Bulls_2022,6,jamesle01_2022,3.3907,3.4493,-0.0586,vucevni01,41180544.0,24000000.0,
Chicago Bulls_2022,7,murrade01_2022,3.3096,3.5415,-0.2319,dosunay01,15428880.0,925258.0,
Chicago Bulls_2022,8,paulch01_2022,3.3031,3.535,-0.2319,dosunay01,30800000.0,925258.0,
Chicago Bulls_2022,9,moranja01_2022,3.1896,3.4215,-0.2319,dosunay01,9603360.0,925258.0,
Chicago Bulls_2022,10,youngtr01_2022,3.1229,3.3548,-0.2319,dosunay01,8326471.0,925258.0,
Dallas Mavericks_2022,1,antetgi01_2022,5.1942,5.4663,-0.2721,finnedo01,39344970.0,4000000.0,
Dallas Mavericks_2022,2,jokicni01_2022,4.7451,4.9734,-0.2283,poweldw01,30510423.0,11080125.0,
Dallas Mavericks_2022,3,duranke01_2022,3.1697,3.4877,-0.318,finnedo01,40918900.0,4000000.0,
Dallas Mavericks_2022,4,embiijo01_2022,2.9902,3.2185,-0.2283,poweldw01,31579390.0,11080125.0,
Dallas Mavericks_2022,5,jamesle01_2022,2.9505,3.2685,-0.318,finnedo01,41180544.0,4000000.0,
Dallas Mavericks_2022,6,curryst01_2022,2.8551,2.8551,0.0,brunsja01,45780966.0,1802057.0,
Dallas Mavericks_2022,7,tatumja01_2022,2.4956,2.8136,-0.318,finnedo01,28103550.0,4000000.0,
Dallas Mavericks_2022,8,williro04_2022,2.4902,2.4773,0.0129,finnedo01,3661976.0,4000000.0,
Dallas Mavericks_2022,9,butleji01_2022,2.3369,2.6549,-0.318,finnedo01,36016200.0,4000000.0,
Dallas Mavericks_2022,10,murrade01_2022,2.1174,2.1174,0.0,brunsja01,15428880.0,1802057.0,
Denver Nuggets_2022,1,antetgi01_2022,5.5001,5.5027,-0.0026,gordoaa01,39344970.0,16409091.0,
Denver Nuggets_2022,2,embiijo01_2022,4.7262,4.7288,-0.0026,gordoaa01,31579390.0,16409091.0,
Denver Nuggets_2022,3,duranke01_2022,3.5162,3.6956,-0.1794,greenje02,40918900.0,4500000.0,
Denver Nuggets_2022,4,tatumja01_2022,3.5059,3.5835,-0.0776,bartowi01,28103550.0,15625000.0,
Denver Nuggets_2022,5,butleji01_2022,3.3682,3.4457,-0.0776,bartowi01,36016200.0,15625000.0,
Denver Nuggets_2022,6,jamesle01_2022,3.302,3.5144,-0.2124,gordoaa01,41180544.0,16409091.0,
Denver Nuggets_2022,7,doncilu01_2022,3.1426,3.2203,-0.0778,morrimo01,10174391.0,8849071.0,
Denver Nuggets_2022,8,curryst01_2022,2.95,3.0278,-0.0778,morrimo01,45780966.0,8849071.0,
Denver Nuggets_2022,9,goberru01_2022,2.9047,2.8232,0.0815,gordoaa01,35344828.0,16409091.0,
Denver Nuggets_2022,10,williro04_2022,2.8801,2.7986,0.0815,gordoaa01,3661976.0,16409091.0,
Golden State Warriors_2022,1,antetgi01_2022,5.2161,5.1895,0.0266,wiggian01,39344970.0,31579390.0,
Golden State Warriors_2022,2,jokicni01_2022,4.736,4.8151,-0.0791,looneke01,30510423.0,5178572.0,
Golden State Warriors_2022,3,duranke01_2022,3.4456,3.4097,0.036,wiggian01,40918900.0,31579390.0,
Golden State Warriors_2022,4,embiijo01_2022,3.0145,3.0936,-0.0791,looneke01,31579390.0,5178572.0,
Golden State Warriors_2022,5,tatumja01_2022,2.8392,2.8033,0.036,wiggian01,28103550.0,31579390.0,
Golden State Warriors_2022,6,butleji01_2022,2.6964,2.6605,0.036,wiggian01,36016200.0,31579390.0,
Golden State Warriors_2022,7,doncilu01_2022,2.6471,2.6075,0.0396,poolejo01,10174391.0,2161440.0,
Golden State Warriors_2022,8,clarkbr01_2022,2.0387,1.8009,0.2378,wiggian01,2726880.0,31579390.0,
Golden State Warriors_2022,9,jamesle01_2022,2.0343,2.2019,-0.1676,looneke01,41180544.0,5178572.0,
Golden State Warriors_2022,10,murrade01_2022,1.7708,1.7312,0.0396,poolejo01,15428880.0,2161440.0,
Houston Rockets_2022,1,jokicni01_2022,5.7995,5.7995,-0.0,woodch01,30510423.0,13666667.0,
Houston Rockets_2022,2,antetgi01_2022,5.4119,5.4222,-0.0104,tateja01,39344970.0,1517981.0,
Houston Rockets_2022,3,doncilu01_2022,4.9002,4.9853,-0.0851,greenja05,10174391.0,8992200.0,
Houston Rockets_2022,4,curryst01_2022,4.7133,4.7984,-0.0851,greenja05,45780966.0,8992200.0,
Houston Rockets_2022,5,murrade01_2022,4.0788,4.1639,-0.0851,greenja05,15428880.0,8992200.0,
Houston Rockets_2022,6,paulch01_2022,4.0723,4.1573,-0.0851,greenja05,30800000.0,8992200.0,
Houston Rockets_2022,7,moranja01_2022,3.9569,4.042,-0.0851,greenja05,9603360.0,8992200.0,
Houston Rockets_2022,8,youngtr01_2022,3.8892,3.9742,-0.0851,greenja05,8326471.0,8992200.0,
Houston Rockets_2022,9,paytoga02_2022,3.7771,3.6059,0.1712,greenja05,1939350.0,8992200.0,
Houston Rockets_2022,10,duranke01_2022,3.7605,3.8782,-0.1177,tateja01,40918900.0,1517981.0,
Los Angeles Clippers_2022,1,jokicni01_2022,5.0995,5.2225,-0.123,zubaciv01,30510423.0,7518518.0,
Los Angeles Clippers_2022,2,doncilu01_2022,4.8759,4.8759,0.0,jacksre01,10174391.0,10384500.0,
Los Angeles Clippers_2022,3,curryst01_2022,4.675,4.675,0.0,jacksre01,45780966.0,10384500.0,
Los Angeles Clippers_2022,4,antetgi01_2022,4.0451,4.0281,0.017,morrima03,39344970.0,15627907.0,
Los Angeles Clippers_2022,5,murrade01_2022,3.9929,3.9929,0.0,jacksre01,15428880.0,10384500.0,
Los Angeles Clippers_2022,6,paulch01_2022,3.9858,3.9858,0.0,jacksre01,30800000.0,10384500.0,
Los Angeles Clippers_2022,7,moranja01_2022,3.8618,3.8618,0.0,jacksre01,9603360.0,10384500.0,
Los Angeles Clippers_2022,8,youngtr01_2022,3.789,3.789,0.0,jacksre01,8326471.0,10384500.0,
Los Angeles Clippers_2022,9,paytoga02_2022,3.48,3.393,0.087,jacksre01,1939350.0,10384500.0,
Los Angeles Clippers_2022,10,bookede01_2022,3.4664,3.4664,0.0,jacksre01,31650600.0,10384500.0,
Los Angeles Lakers_2022,1,doncilu01_2022,5.3023,5.3023,0.0,westbru01,10174391.0,44211146.0,
Los Angeles Lakers_2022,2,curryst01_2022,5.0671,5.0671,0.0,westbru01,45780966.0,44211146.0,
Los Angeles Lakers_2022,3,murrade01_2022,4.2684,4.2684,0.0,westbru01,15428880.0,44211146.0,
Los Angeles Lakers_2022,4,paulch01_2022,4.2602,4.2602,0.0,westbru01,30800000.0,44211146.0,
Los Angeles Lakers_2022,5,moranja01_2022,4.115,4.115,0.0,westbru01,9603360.0,44211146.0,
Los Angeles Lakers_2022,6,antetgi01_2022,4.1031,4.1651,-0.062,anthoca01,39344970.0,2641691.0,
Los Angeles Lakers_2022,7,youngtr01_2022,4.0297,4.0297,0.0,westbru01,8326471.0,44211146.0,
Los Angeles Lakers_2022,8,paytoga02_2022,3.7187,3.5661,0.1526,westbru01,1939350.0,44211146.0,
Los Angeles Lakers_2022,9,bookede01_2022,3.6521,3.6521,0.0,westbru01,31650600.0,44211146.0,
Los Angeles Lakers_2022,10,holidjr01_2022,3.5771,3.5771,0.0,westbru01,30133333.0,44211146.0,
Miami Heat_2022,1,jokicni01_2022,5.1733,5.297,-0.1237,tuckepj01,30510423.0,7000000.0,
Miami Heat_2022,2,antetgi01_2022,3.8815,4.0051,-0.1237,tuckepj01,39344970.0,7000000.0,
Miami Heat_2022,3,embiijo01_2022,3.2449,3.3686,-0.1237,tuckepj01,31579390.0,7000000.0,
Miami Heat_2022,4,tatumja01_2022,2.8351,3.0293,-0.1943,robindu01,28103550.0,15560000.0,
Miami Heat_2022,5,doncilu01_2022,2.6595,2.6595,0.0,herroty01,10174391.0,4004280.0,
Miami Heat_2022,6,curryst01_2022,2.4732,2.4732,0.0,herroty01,45780966.0,4004280.0,
Miami Heat_2022,7,duranke01_2022,2.3999,2.5328,-0.1329,tuckepj01,40918900.0,7000000.0,
Miami Heat_2022,8,jamesle01_2022,2.2368,2.3697,-0.1329,tuckepj01,41180544.0,7000000.0,
Miami Heat_2022,9,paytoga02_2022,2.2008,2.1439,0.0569,robindu01,1939350.0,15560000.0,
Miami Heat_2022,10,bookede01_2022,2.0134,2.2077,-0.1943,robindu01,31650600.0,15560000.0,
Milwaukee Bucks_2022,1,jokicni01_2022,5.9162,5.9162,0.0,portibo01,30510423.0,4347600.0,
Milwaukee Bucks_2022,2,embiijo01_2022,3.8506,3.8506,0.0,portibo01,31579390.0,4347600.0,
Milwaukee Bucks_2022,3,duranke01_2022,2.8915,2.9553,-0.0638,portibo01,40918900.0,4347600.0,
Milwaukee Bucks_2022,4,jamesle01_2022,2.7168,2.7806,-0.0638,portibo01,41180544.0,4347600.0,
Milwaukee Bucks_2022,5,goberru01_2022,2.3915,2.1717,0.2198,portibo01,35344828.0,4347600.0,
Milwaukee Bucks_2022,6,williro04_2022,2.3698,2.15,0.2198,portibo01,3661976.0,4347600.0,
Milwaukee Bucks_2022,7,tatumja01_2022,2.2052,2.2822,-0.0769,nworajo01,28103550.0,1517981.0,
Milwaukee Bucks_2022,8,doncilu01_2022,2.1995,2.4524,-0.253,allengr01,10174391.0,4054695.0,
Milwaukee Bucks_2022,9,butleji01_2022,2.1367,2.2136,-0.0769,nworajo01,36016200.0,1517981.0,
Milwaukee Bucks_2022,10,townska01_2022,2.0465,2.0465,0.0,portibo01,31650600.0,4347600.0,
Minnesota Timberwolves_2022,1,antetgi01_2022,5.0591,5.1161,-0.0571,mcdanja02,39344970.0,2063280.0,
Minnesota Timberwolves_2022,2,jokicni01_2022,5.0142,5.1329,-0.1187,vandeja01,30510423.0,4000000.0,
Minnesota Timberwolves_2022,3,duranke01_2022,3.6416,3.7566,-0.115,mcdanja02,40918900.0,2063280.0,
Minnesota Timberwolves_2022,4,jamesle01_2022,3.491,3.606,-0.115,mcdanja02,41180544.0,2063280.0,
Minnesota Timberwolves_2022,5,embiijo01_2022,3.1857,3.3044,-0.1187,vandeja01,31579390.0,4000000.0,
Minnesota Timberwolves_2022,6,tatumja01_2022,3.1784,3.2934,-0.115,mcdanja02,28103550.0,2063280.0,
Minnesota Timberwolves_2022,7,williro04_2022,3.1161,3.0624,0.0537,mcdanja02,3661976.0,2063280.0,
Minnesota Timberwolves_2022,8,butleji01_2022,3.0693,3.1844,-0.115,mcdanja02,36016200.0,2063280.0,
Minnesota Timberwolves_2022,9,doncilu01_2022,2.9475,3.1409,-0.1934,beaslma01,10174391.0,14391964.0,
Minnesota Timberwolves_2022,10,curryst01_2022,2.7758,2.9692,-0.1934,beaslma01,45780966.0,14391964.0,
Brooklyn Nets_2022,1,doncilu01_2022,3.6126,3.9406,-0.328,millspa02,10174391.0,5890000.0,
Brooklyn Nets_2022,2,curryst01_2022,3.408,3.736,-0.328,millspa02,45780966.0,5890000.0,
Brooklyn Nets_2022,3,jokicni01_2022,2.9513,2.9513,0.0,aldrila01,30510423.0,2641691.0,
Brooklyn Nets_2022,4,antetgi01_2022,2.8439,2.9365,-0.0926,johnsja01,39344970.0,2641691.0,
Brooklyn Nets_2022,5,murrade01_2022,2.7135,3.0415,-0.328,millspa02,15428880.0,5890000.0,
Brooklyn Nets_2022,6,paulch01_2022,2.7063,3.0343,-0.328,millspa02,30800000.0,5890000.0,
Brooklyn Nets_2022,7,moranja01_2022,2.5801,2.9081,-0.328,millspa02,9603360.0,5890000.0,
Brooklyn Nets_2022,8,youngtr01_2022,2.5059,2.8339,-0.328,millspa02,8326471.0,5890000.0,
Brooklyn Nets_2022,9,paytoga02_2022,2.456,2.4307,0.0253,millspa02,1939350.0,5890000.0,
Brooklyn Nets_2022,10,tatumja01_2022,2.2135,2.2434,-0.0298,thomaca02,28103550.0,2036280.0,
New York Knicks_2022,1,jokicni01_2022,7.7142,7.7142,0.0,randlju01,30510423.0,19800000.0,
New York Knicks_2022,2,antetgi01_2022,6.0184,6.0184,0.0,randlju01,39344970.0,19800000.0,
New York Knicks_2022,3,embiijo01_2022,5.1828,5.1828,0.0,randlju01,31579390.0,19800000.0,
New York Knicks_2022,4,duranke01_2022,4.7083,4.7933,-0.085,barrerj01,40918900.0,8623920.0,
New York Knicks_2022,5,tatumja01_2022,4.084,4.169,-0.085,barrerj01,28103550.0,8623920.0,
New York Knicks_2022,6,butleji01_2022,3.937,4.022,-0.085,barrerj01,36016200.0,8623920.0,
New York Knicks_2022,7,jamesle01_2022,3.6942,3.8716,-0.1774,randlju01,41180544.0,19800000.0,
New York Knicks_2022,8,goberru01_2022,3.1977,3.1253,0.0723,randlju01,35344828.0,19800000.0,
New York Knicks_2022,9,clarkbr01_2022,3.1832,3.1371,0.0461,barrerj01,2726880.0,8623920.0,
New York Knicks_2022,10,williro04_2022,3.1711,3.0987,0.0723,randlju01,3661976.0,19800000.0,
Orlando Magic_2022,1,jokicni01_2022,5.2302,5.3377,-0.1074,bambamo01,30510423.0,7568742.0,
Orlando Magic_2022,2,antetgi01_2022,4.0707,4.1747,-0.1041,okekech01,39344970.0,3277080.0,
Orlando Magic_2022,3,duranke01_2022,3.5485,3.7861,-0.2377,wagnefr01,40918900.0,5007840.0,
Orlando Magic_2022,4,doncilu01_2022,3.5366,3.5366,0.0,anthoco01,10174391.0,3449400.0,
Orlando Magic_2022,5,embiijo01_2022,3.4342,3.5416,-0.1074,bambamo01,31579390.0,7568742.0,
Orlando Magic_2022,6,curryst01_2022,3.3594,3.3594,0.0,anthoco01,45780966.0,3449400.0,
Orlando Magic_2022,7,tatumja01_2022,3.0062,3.059,-0.0528,rosste01,28103550.0,12500000.0,
Orlando Magic_2022,8,butleji01_2022,2.9185,2.9712,-0.0528,rosste01,36016200.0,12500000.0,
Orlando Magic_2022,9,murrade01_2022,2.7863,2.9,-0.1138,hamptrj01,15428880.0,2303040.0,
Orlando Magic_2022,10,paulch01_2022,2.782,2.8958,-0.1138,hamptrj01,30800000.0,2303040.0,
Indiana Pacers_2022,1,antetgi01_2022,3.9914,4.0972,-0.1057,brissos01,39344970.0,1701593.0,
Indiana Pacers_2022,2,jokicni01_2022,3.1856,3.3029,-0.1174,sabondo01,30510423.0,18500000.0,
Indiana Pacers_2022,3,doncilu01_2022,2.8742,2.8804,-0.0062,duartch01,10174391.0,3749520.0,
Indiana Pacers_2022,4,duranke01_2022,2.8043,2.9312,-0.1269,brissos01,40918900.0,1701593.0,
Indiana Pacers_2022,5,curryst01_2022,2.7402,2.7464,-0.0062,duartch01,45780966.0,3749520.0,
Indiana Pacers_2022,6,jamesle01_2022,2.6752,2.8021,-0.1269,brissos01,41180544.0,1701593.0,
Indiana Pacers_2022,7,tatumja01_2022,2.4071,2.534,-0.1269,brissos01,28103550.0,1701593.0,
Indiana Pacers_2022,8,williro04_2022,2.3662,2.3359,0.0303,brissos01,3661976.0,1701593.0,
Indiana Pacers_2022,9,butleji01_2022,2.3136,2.4405,-0.1269,brissos01,36016200.0,1701593.0,
Indiana Pacers_2022,10,murrade01_2022,2.2852,2.2914,-0.0062,duartch01,15428880.0,3749520.0,
Philadelphia 76ers_2022,1,jokicni01_2022,7.6947,7.6947,0.0,harrito02,30510423.0,35995950.0,
Philadelphia 76ers_2022,2,antetgi01_2022,6.028,6.028,0.0,harrito02,39344970.0,35995950.0,
Philadelphia 76ers_2022,3,duranke01_2022,3.9411,4.1284,-0.1873,harrito02,40918900.0,35995950.0,
Philadelphia 76ers_2022,4,jamesle01_2022,3.7307,3.918,-0.1873,harrito02,41180544.0,35995950.0,
Philadelphia 76ers_2022,5,doncilu01_2022,3.4807,3.6699,-0.1892,maxeyty01,10174391.0,2602920.0,
Philadelphia 76ers_2022,6,goberru01_2022,3.3019,3.1846,0.1173,harrito02,35344828.0,35995950.0,
Philadelphia 76ers_2022,7,tatumja01_2022,3.2939,3.4813,-0.1873,harrito02,28103550.0,35995950.0,
Philadelphia 76ers_2022,8,williro04_2022,3.2758,3.1584,0.1173,harrito02,3661976.0,35995950.0,
Philadelphia 76ers_2022,9,curryst01_2022,3.2526,3.4418,-0.1892,maxeyty01,45780966.0,2602920.0,
Philadelphia 76ers_2022,10,butleji01_2022,3.1415,3.3289,-0.1873,harrito02,36016200.0,35995950.0,
Phoenix Suns_2022,1,jokicni01_2022,4.1307,4.1307,0.0,aytonde01,30510423.0,12632950.0,
Phoenix Suns_2022,2,antetgi01_2022,3.5775,3.7607,-0.1832,crowdja01,39344970.0,9720900.0,
Phoenix Suns_2022,3,embiijo01_2022,2.4415,2.4415,0.0,aytonde01,31579390.0,12632950.0,
Phoenix Suns_2022,4,doncilu01_2022,2.2086,2.3124,-0.1038,shamela01,10174391.0,3768342.0,
Phoenix Suns_2022,5,tatumja01_2022,2.0459,2.2401,-0.1943,bridgmi01,28103550.0,5557725.0,
Phoenix Suns_2022,6,duranke01_2022,2.0426,2.3384,-0.2958,crowdja01,40918900.0,9720900.0,
Phoenix Suns_2022,7,jamesle01_2022,1.8851,2.1809,-0.2958,crowdja01,41180544.0,9720900.0,
Phoenix Suns_2022,8,butleji01_2022,1.8738,2.0681,-0.1943,bridgmi01,36016200.0,5557725.0,
Phoenix Suns_2022,9,curryst01_2022,1.6827,1.6827,0.0,payneca01,45780966.0,6500000.0,
Phoenix Suns_2022,10,williro04_2022,1.6128,1.6122,0.0006,crowdja01,3661976.0,9720900.0,
Portland Trail Blazers_2022,1,jokicni01_2022,4.3589,4.4333,-0.0744,nurkiju01,30510423.0,12000000.0,
Portland Trail Blazers_2022,2,antetgi01_2022,3.3126,3.3871,-0.0744,nurkiju01,39344970.0,12000000.0,
Portland Trail Blazers_2022,3,embiijo01_2022,2.7971,2.8715,-0.0744,nurkiju01,31579390.0,12000000.0,
Portland Trail Blazers_2022,4,duranke01_2022,2.7965,2.9236,-0.1272,ellebcj01,40918900.0,1517981.0,
Portland Trail Blazers_2022,5,doncilu01_2022,2.7655,2.8028,-0.0373,mclembe01,10174391.0,2389641.0,
Portland Trail Blazers_2022,6,tatumja01_2022,2.4932,2.6204,-0.1272,ellebcj01,28103550.0,1517981.0,
Portland Trail Blazers_2022,7,butleji01_2022,2.4218,2.549,-0.1272,ellebcj01,36016200.0,1517981.0,
Portland Trail Blazers_2022,8,curryst01_2022,2.3816,2.3793,0.0023,simonan01,45780966.0,3938818.0,
Portland Trail Blazers_2022,9,murrade01_2022,2.2766,2.3138,-0.0373,mclembe01,15428880.0,2389641.0,
Portland Trail Blazers_2022,10,moranja01_2022,2.204,2.2413,-0.0373,mclembe01,9603360.0,2389641.0,
Sacramento Kings_2022,1,antetgi01_2022,5.9475,6.2015,-0.254,barneha02,39344970.0,20284091.0,
Sacramento Kings_2022,2,doncilu01_2022,4.5568,4.5626,-0.0057,mitchda01,10174391.0,4603200.0,
Sacramento Kings_2022,3,curryst01_2022,4.3784,4.3841,-0.0057,mitchda01,45780966.0,4603200.0,
Sacramento Kings_2022,4,duranke01_2022,3.9687,4.2462,-0.2775,barneha02,40918900.0,20284091.0,
Sacramento Kings_2022,5,jokicni01_2022,3.9264,4.0453,-0.1189,metuch01,30510423.0,1762796.0,
Sacramento Kings_2022,6,murrade01_2022,3.7728,3.7785,-0.0057,mitchda01,15428880.0,4603200.0,
Sacramento Kings_2022,7,paulch01_2022,3.7665,3.7722,-0.0057,mitchda01,30800000.0,4603200.0,
Sacramento Kings_2022,8,jamesle01_2022,3.7521,4.0297,-0.2775,barneha02,41180544.0,20284091.0,
Sacramento Kings_2022,9,moranja01_2022,3.6565,3.6622,-0.0057,mitchda01,9603360.0,4603200.0,
Sacramento Kings_2022,10,youngtr01_2022,3.5918,3.5975,-0.0057,mitchda01,8326471.0,4603200.0,
San Antonio Spurs_2022,1,antetgi01_2022,5.3479,5.4953,-0.1475,johnske04,39344970.0,2145720.0,
San Antonio Spurs_2022,2,jokicni01_2022,4.9396,5.0625,-0.123,poeltja01,30510423.0,8750000.0,
San Antonio Spurs_2022,3,duranke01_2022,3.4893,3.6718,-0.1826,johnske04,40918900.0,2145720.0,
San Antonio Spurs_2022,4,jamesle01_2022,3.2873,3.4699,-0.1826,johnske04,41180544.0,2145720.0,
San Antonio Spurs_2022,5,embiijo01_2022,2.9789,3.1018,-0.123,poeltja01,31579390.0,8750000.0,
San Antonio Spurs_2022,6,tatumja01_2022,2.868,3.0506,-0.1826,johnske04,28103550.0,2145720.0,
San Antonio Spurs_2022,7,butleji01_2022,2.7217,2.9043,-0.1826,johnske04,36016200.0,2145720.0,
San Antonio Spurs_2022,8,paytoga02_2022,2.2806,2.0686,0.212,walkelo01,1939350.0,4447896.0,
San Antonio Spurs_2022,9,sabondo01_2022,2.1516,2.2054,-0.0539,johnske04,18500000.0,2145720.0,
San Antonio Spurs_2022,10,bookede01_2022,2.1308,2.1194,0.0114,walkelo01,31650600.0,4447896.0,
Oklahoma City Thunder_2022,1,antetgi01_2022,5.345,5.465,-0.12,bazleda01,39344970.0,2513040.0,
Oklahoma City Thunder_2022,2,duranke01_2022,3.7964,3.9912,-0.1948,bazleda01,40918900.0,2513040.0,
Oklahoma City Thunder_2022,3,jokicni01_2022,3.6726,3.801,-0.1283,pokusal01,30510423.0,3113160.0,
Oklahoma City Thunder_2022,4,jamesle01_2022,3.6332,3.828,-0.1948,bazleda01,41180544.0,2513040.0,
Oklahoma City Thunder_2022,5,tatumja01_2022,3.2943,3.4891,-0.1948,bazleda01,28103550.0,2513040.0,
Oklahoma City Thunder_2022,6,doncilu01_2022,3.2584,3.3151,-0.0567,dortlu01,10174391.0,1782621.0,
Oklahoma City Thunder_2022,7,williro04_2022,3.2547,3.2387,0.0161,bazleda01,3661976.0,2513040.0,
Oklahoma City Thunder_2022,8,butleji01_2022,3.1761,3.3709,-0.1948,bazleda01,36016200.0,2513040.0,
Oklahoma City Thunder_2022,9,curryst01_2022,3.1119,3.1686,-0.0567,dortlu01,45780966.0,1782621.0,
Oklahoma City Thunder_2022,10,sabondo01_2022,2.8009,2.806,-0.0051,bazleda01,18500000.0,2513040.0,
Toronto Raptors_2022,1,jokicni01_2022,5.7108,5.7171,-0.0063,achiupr01,30510423.0,2711280.0,
Toronto Raptors_2022,2,antetgi01_2022,5.6325,5.6325,-0.0,barnesc01,39344970.0,7280400.0,
Toronto Raptors_2022,3,embiijo01_2022,4.0358,4.0421,-0.0063,achiupr01,31579390.0,2711280.0,
Toronto Raptors_2022,4,duranke01_2022,3.5758,3.6829,-0.1071,barnesc01,40918900.0,7280400.0,
Toronto Raptors_2022,5,jamesle01_2022,3.3599,3.4669,-0.1071,barnesc01,41180544.0,7280400.0,
Toronto Raptors_2022,6,doncilu01_2022,3.2476,3.4041,-0.1565,trentga02,10174391.0,16000000.0,
Toronto Raptors_2022,7,curryst01_2022,3.0356,3.1921,-0.1565,trentga02,45780966.0,16000000.0,
Toronto Raptors_2022,8,tatumja01_2022,2.9116,3.0187,-0.1071,barnesc01,28103550.0,7280400.0,
Toronto Raptors_2022,9,williro04_2022,2.8819,2.6873,0.1946,barnesc01,3661976.0,7280400.0,
Toronto Raptors_2022,10,goberru01_2022,2.7795,2.6806,0.0989,achiupr01,35344828.0,2711280.0,
Utah Jazz_2022,1,antetgi01_2022,4.9536,5.0395,-0.0858,bogdabo02,39344970.0,18502000.0,
Utah Jazz_2022,2,jokicni01_2022,3.6466,3.7861,-0.1395,goberru01,30510423.0,35344828.0,
Utah Jazz_2022,3,duranke01_2022,3.3385,3.4233,-0.0848,bogdabo02,40918900.0,18502000.0,
Utah Jazz_2022,4,jamesle01_2022,3.1595,3.2443,-0.0848,bogdabo02,41180544.0,18502000.0,
Utah Jazz_2022,5,tatumja01_2022,2.7878,2.8726,-0.0848,bogdabo02,28103550.0,18502000.0,
Utah Jazz_2022,6,doncilu01_2022,2.7803,2.8333,-0.053,clarkjo01,10174391.0,12420000.0,
Utah Jazz_2022,7,williro04_2022,2.6705,2.598,0.0725,bogdabo02,3661976.0,18502000.0,
Utah Jazz_2022,8,butleji01_2022,2.6582,2.743,-0.0848,bogdabo02,36016200.0,18502000.0,
Utah Jazz_2022,9,sabondo01_2022,2.0845,2.1236,-0.0391,bogdabo02,18500000.0,18502000.0,
Utah Jazz_2022,10,embiijo01_2022,1.9598,1.9605,-0.0007,gayru01,31579390.0,5890000.0,
Memphis Grizzlies_2022,1,jokicni01_2022,5.8451,5.9956,-0.1505,jacksja02,30510423.0,9180560.0,
Memphis Grizzlies_2022,2,antetgi01_2022,4.4444,4.5949,-0.1505,jacksja02,39344970.0,9180560.0,
Memphis Grizzlies_2022,3,embiijo01_2022,3.7542,3.9048,-0.1505,jacksja02,31579390.0,9180560.0,
Memphis Grizzlies_2022,4,duranke01_2022,2.8017,2.9985,-0.1968,jacksja02,40918900.0,9180560.0,
Memphis Grizzlies_2022,5,jamesle01_2022,2.6249,2.8217,-0.1968,jacksja02,41180544.0,9180560.0,
Memphis Grizzlies_2022,6,tatumja01_2022,2.2715,2.3972,-0.1257,willizi02,28103550.0,4373160.0,
Memphis Grizzlies_2022,7,goberru01_2022,2.244,2.2053,0.0387,jacksja02,35344828.0,9180560.0,
Memphis Grizzlies_2022,8,williro04_2022,2.222,2.1833,0.0387,jacksja02,3661976.0,9180560.0,
Memphis Grizzlies_2022,9,butleji01_2022,2.189,2.3147,-0.1257,willizi02,36016200.0,4373160.0,
Memphis Grizzlies_2022,10,harteis01_2022,1.9296,1.9296,0.0,jacksja02,1729217.0,9180560.0,
Washington Wizards_2022,1,jokicni01_2022,6.9755,6.9755,-0.0,kuzmaky01,30510423.0,13000000.0,
Washington Wizards_2022,2,antetgi01_2022,5.519,5.519,-0.0,kuzmaky01,39344970.0,13000000.0,
Washington Wizards_2022,3,embiijo01_2022,4.8013,4.8013,-0.0,kuzmaky01,31579390.0,13000000.0,
Washington Wizards_2022,4,duranke01_2022,3.8005,3.859,-0.0585,kuzmaky01,40918900.0,13000000.0,
Washington Wizards_2022,5,tatumja01_2022,3.7412,3.9065,-0.1653,caldwke01,28103550.0,13038862.0,
Washington Wizards_2022,6,jamesle01_2022,3.6167,3.6751,-0.0585,kuzmaky01,41180544.0,13000000.0,
Washington Wizards_2022,7,butleji01_2022,3.5998,3.7651,-0.1653,caldwke01,36016200.0,13038862.0,
Washington Wizards_2022,8,goberru01_2022,3.1958,3.0342,0.1616,kuzmaky01,35344828.0,13000000.0,
Washington Wizards_2022,9,williro04_2022,3.1729,3.0113,0.1616,kuzmaky01,3661976.0,13000000.0,
Washington Wizards_2022,10,paytoga02_2022,2.9295,2.8796,0.0499,caldwke01,1939350.0,13038862.0,
Detroit Pistons_2022,1,jokicni01_2022,6.548,6.6031,-0.0551,stewais01,30510423.0,3277080.0,
Detroit Pistons_2022,2,antetgi01_2022,5.3543,5.4094,-0.0551,stewais01,39344970.0,3277080.0,
Detroit Pistons_2022,3,duranke01_2022,4.7773,4.8502,-0.073,beysa01,40918900.0,2824320.0,
Detroit Pistons_2022,4,embiijo01_2022,4.7662,4.8213,-0.0551,stewais01,31579390.0,3277080.0,
Detroit Pistons_2022,5,tatumja01_2022,4.0795,4.1524,-0.073,beysa01,28103550.0,2824320.0,
Detroit Pistons_2022,6,butleji01_2022,3.9152,3.9881,-0.073,beysa01,36016200.0,2824320.0,
Detroit Pistons_2022,7,jamesle01_2022,3.7542,3.8983,-0.1441,stewais01,41180544.0,3277080.0,
Detroit Pistons_2022,8,doncilu01_2022,3.4892,3.6426,-0.1534,hayeski01,10174391.0,5572680.0,
Detroit Pistons_2022,9,goberru01_2022,3.4106,3.373,0.0376,stewais01,35344828.0,3277080.0,
Detroit Pistons_2022,10,williro04_2022,3.3919,3.3543,0.0376,stewais01,3661976.0,3277080.0,
Charlotte Hornets_2022,1,jokicni01_2022,5.0578,5.2206,-0.1628,plumlma01,30510423.0,8137500.0,
Charlotte Hornets_2022,2,antetgi01_2022,5.0542,5.2475,-0.1933,bridgmi02,39344970.0,5421493.0,
Charlotte Hornets_2022,3,embiijo01_2022,3.3066,3.4694,-0.1628,plumlma01,31579390.0,8137500.0,
Charlotte Hornets_2022,4,doncilu01_2022,2.8197,2.8208,-0.0011,roziete01,10174391.0,17905263.0,
Charlotte Hornets_2022,5,duranke01_2022,2.8127,3.129,-0.3162,bridgmi02,40918900.0,5421493.0,
Charlotte Hornets_2022,6,tatumja01_2022,2.7411,3.0351,-0.294,oubreke01,28103550.0,12000000.0,
Charlotte Hornets_2022,7,butleji01_2022,2.6204,2.9144,-0.294,oubreke01,36016200.0,12000000.0,
Charlotte Hornets_2022,8,curryst01_2022,2.6091,2.6103,-0.0011,roziete01,45780966.0,17905263.0,
Charlotte Hornets_2022,9,jamesle01_2022,2.5781,2.8943,-0.3162,bridgmi02,41180544.0,5421493.0,
Charlotte Hornets_2022,10,williro04_2022,2.0647,2.0471,0.0176,bridgmi02,3661976.0,5421493.0,
Atlanta Hawks_2023,1,jokicni01_2023,6.4057,6.4282,-0.0225,collijo01,33047803.0,23500000.0,
Atlanta Hawks_2023,2,butleji01_2023,4.6978,4.7597,-0.0619,huntede01,37653300.0,9835881.0,
Atlanta Hawks_2023,3,embiijo01_2023,4.5372,4.5597,-0.0225,collijo01,33616770.0,23500000.0,
Atlanta Hawks_2023,4,doncilu01_2023,4.5152,4.5152,0.0,murrade01,37096500.0,16571120.0,
Atlanta Hawks_2023,5,jamesle01_2023,4.1055,4.1674,-0.0619,huntede01,44474988.0,9835881.0,
Atlanta Hawks_2023,6,leonaka01_2023,4.0807,4.1426,-0.0619,huntede01,42492492.0,9835881.0,
Atlanta Hawks_2023,7,antetgi01_2023,3.9619,3.9844,-0.0225,collijo01,42492492.0,23500000.0,
Atlanta Hawks_2023,8,willizi01_2023,3.9293,3.6839,0.2454,huntede01,13534817.0,9835881.0,
Atlanta Hawks_2023,9,tatumja01_2023,3.8422,3.9041,-0.0619,huntede01,30351780.0,9835881.0,
Atlanta Hawks_2023,10,curryst01_2023,3.7036,3.7036,0.0,murrade01,48070014.0,16571120.0,
Boston Celtics_2023,1,jokicni01_2023,5.8252,6.0481,-0.2229,willigr01,33047803.0,4306281.0,
Boston Celtics_2023,2,embiijo01_2023,4.0586,4.2814,-0.2229,willigr01,33616770.0,4306281.0,
Boston Celtics_2023,3,doncilu01_2023,3.6472,3.8825,-0.2354,smartma01,37096500.0,17457142.0,
Boston Celtics_2023,4,antetgi01_2023,3.5146,3.7375,-0.2229,willigr01,42492492.0,4306281.0,
Boston Celtics_2023,5,butleji01_2023,3.3144,3.5838,-0.2694,willigr01,37653300.0,4306281.0,
Boston Celtics_2023,6,curryst01_2023,3.0551,3.2904,-0.2354,smartma01,48070014.0,17457142.0,
Boston Celtics_2023,7,duranke01_2023,3.0206,3.29,-0.2694,willigr01,44119845.0,4306281.0,
Boston Celtics_2023,8,gilgesh01_2023,2.9974,3.2327,-0.2354,smartma01,30913750.0,17457142.0,
Boston Celtics_2023,9,lillada01_2023,2.9185,3.1538,-0.2354,smartma01,42492492.0,17457142.0,
Boston Celtics_2023,10,leonaka01_2023,2.8205,2.8205,0.0,brownja02,42492492.0,28741071.0,
Cleveland Cavaliers_2023,1,jokicni01_2023,6.2926,6.5409,-0.2483,mobleev01,33047803.0,8478720.0,
Cleveland Cavaliers_2023,2,embiijo01_2023,3.9235,4.1717,-0.2483,mobleev01,33616770.0,8478720.0,
Cleveland Cavaliers_2023,3,antetgi01_2023,3.194,3.4422,-0.2483,mobleev01,42492492.0,8478720.0,
Cleveland Cavaliers_2023,4,butleji01_2023,2.9679,3.2362,-0.2683,mobleev01,37653300.0,8478720.0,
Cleveland Cavaliers_2023,5,leonaka01_2023,2.8494,2.9602,-0.1109,leverca01,42492492.0,18796296.0,
Cleveland Cavaliers_2023,6,doncilu01_2023,2.8261,2.8261,0.0,garlada01,37096500.0,8920795.0,
Cleveland Cavaliers_2023,7,tatumja01_2023,2.5994,2.7103,-0.1109,leverca01,30351780.0,18796296.0,
Cleveland Cavaliers_2023,8,duranke01_2023,2.5739,2.8421,-0.2683,mobleev01,44119845.0,8478720.0,
Cleveland Cavaliers_2023,9,sabondo01_2023,2.2416,2.2416,0.0,mobleev01,18500000.0,8478720.0,
Cleveland Cavaliers_2023,10,jamesle01_2023,2.218,2.4863,-0.2683,mobleev01,44474988.0,8478720.0,
New Orleans Pelicans_2023,1,jokicni01_2023,5.5435,5.7337,-0.1902,valanjo01,33047803.0,14700000.0,
New Orleans Pelicans_2023,2,doncilu01_2023,4.4906,4.4906,-0.0,mccolcj01,37096500.0,33333333.0,
New Orleans Pelicans_2023,3,embiijo01_2023,3.8301,4.0203,-0.1902,valanjo01,33616770.0,14700000.0,
New Orleans Pelicans_2023,4,curryst01_2023,3.6939,3.6939,-0.0,mccolcj01,48070014.0,33333333.0,
New Orleans Pelicans_2023,5,gilgesh01_2023,3.6162,3.6162,-0.0,mccolcj01,30913750.0,33333333.0,
New Orleans Pelicans_2023,6,lillada01_2023,3.5101,3.5101,-0.0,mccolcj01,42492492.0,33333333.0,
New Orleans Pelicans_2023,7,antetgi01_2023,3.3026,3.4928,-0.1902,valanjo01,42492492.0,14700000.0,
New Orleans Pelicans_2023,8,halibty01_2023,3.2036,3.2036,-0.0,mccolcj01,4215120.0,33333333.0,
New Orleans Pelicans_2023,9,butleji01_2023,3.1373,3.2759,-0.1386,marshna01,37653300.0,1782621.0,
New Orleans Pelicans_2023,10,moranja01_2023,2.9376,2.9376,-0.0,mccolcj01,12119440.0,33333333.0,
Chicago Bulls_2023,1,jokicni01_2023,7.405,7.4106,-0.0056,willipa01,33047803.0,7775400.0,
Chicago Bulls_2023,2,embiijo01_2023,5.3772,5.3828,-0.0056,willipa01,33616770.0,7775400.0,
Chicago Bulls_2023,3,antetgi01_2023,4.7528,4.7584,-0.0056,willipa01,42492492.0,7775400.0,
Chicago Bulls_2023,4,butleji01_2023,4.4306,4.5821,-0.1515,willipa01,37653300.0,7775400.0,
Chicago Bulls_2023,5,duranke01_2023,4.0933,4.2448,-0.1515,willipa01,44119845.0,7775400.0,
Chicago Bulls_2023,6,sabondo01_2023,3.9089,3.7308,0.1781,willipa01,18500000.0,7775400.0,
Chicago Bulls_2023,7,davisan02_2023,3.8338,3.8393,-0.0056,willipa01,37980720.0,7775400.0,
Chicago Bulls_2023,8,jamesle01_2023,3.7887,3.9402,-0.1515,willipa01,44474988.0,7775400.0,
Chicago Bulls_2023,9,willizi01_2023,3.5944,3.4163,0.1781,willipa01,13534817.0,7775400.0,
Chicago Bulls_2023,10,leonaka01_2023,3.5419,3.7391,-0.1973,dosunay01,42492492.0,1563518.0,
Dallas Mavericks_2023,1,antetgi01_2023,5.1404,5.3455,-0.2051,bullore01,42492492.0,10012800.0,
Dallas Mavericks_2023,2,butleji01_2023,4.9349,5.1663,-0.2314,bullore01,37653300.0,10012800.0,
Dallas Mavericks_2023,3,duranke01_2023,4.5923,4.8237,-0.2314,bullore01,44119845.0,10012800.0,
Dallas Mavericks_2023,4,jokicni01_2023,4.3602,4.3602,0.0,woodch01,33047803.0,14317459.0,
Dallas Mavericks_2023,5,jamesle01_2023,4.2829,4.5143,-0.2314,bullore01,44474988.0,10012800.0,
Dallas Mavericks_2023,6,leonaka01_2023,4.2556,4.487,-0.2314,bullore01,42492492.0,10012800.0,
Dallas Mavericks_2023,7,tatumja01_2023,3.993,4.2244,-0.2314,bullore01,30351780.0,10012800.0,
Dallas Mavericks_2023,8,willizi01_2023,3.894,3.9821,-0.0881,bullore01,13534817.0,10012800.0,
Dallas Mavericks_2023,9,markkla01_2023,3.4717,3.6768,-0.2051,bullore01,16475454.0,10012800.0,
Dallas Mavericks_2023,10,bookede01_2023,3.3391,3.5706,-0.2314,bullore01,33833400.0,10012800.0,
Denver Nuggets_2023,1,doncilu01_2023,4.4387,4.5516,-0.1129,caldwke01,37096500.0,14004703.0,
Denver Nuggets_2023,2,curryst01_2023,3.708,3.8209,-0.1129,caldwke01,48070014.0,14004703.0,
Denver Nuggets_2023,3,gilgesh01_2023,3.6368,3.7497,-0.1129,caldwke01,30913750.0,14004703.0,
Denver Nuggets_2023,4,lillada01_2023,3.5395,3.6524,-0.1129,caldwke01,42492492.0,14004703.0,
Denver Nuggets_2023,5,halibty01_2023,3.2584,3.3713,-0.1129,caldwke01,4215120.0,14004703.0,
Denver Nuggets_2023,6,leonaka01_2023,3.2243,3.3372,-0.1129,caldwke01,42492492.0,14004703.0,
Denver Nuggets_2023,7,moranja01_2023,3.0144,3.1273,-0.1129,caldwke01,12119440.0,14004703.0,
Denver Nuggets_2023,8,mitchdo01_2023,2.9323,3.0452,-0.1129,caldwke01,30913750.0,14004703.0,
Denver Nuggets_2023,9,tatumja01_2023,2.7711,3.0756,-0.3044,brownbr01,30351780.0,6479000.0,
Denver Nuggets_2023,10,embiijo01_2023,2.6022,2.7115,-0.1093,gordoaa01,33616770.0,19690909.0,
Golden State Warriors_2023,1,doncilu01_2023,5.677,5.677,0.0,poolejo01,37096500.0,3901399.0,
Golden State Warriors_2023,2,jokicni01_2023,5.3237,5.5133,-0.1896,greendr01,33047803.0,25806468.0,
Golden State Warriors_2023,3,gilgesh01_2023,4.8571,4.8571,0.0,poolejo01,30913750.0,3901399.0,
Golden State Warriors_2023,4,lillada01_2023,4.7576,4.7576,0.0,poolejo01,42492492.0,3901399.0,
Golden State Warriors_2023,5,halibty01_2023,4.4702,4.4702,0.0,poolejo01,4215120.0,3901399.0,
Golden State Warriors_2023,6,moranja01_2023,4.2207,4.2207,0.0,poolejo01,12119440.0,3901399.0,
Golden State Warriors_2023,7,mitchdo01_2023,4.1367,4.1367,0.0,poolejo01,30913750.0,3901399.0,
Golden State Warriors_2023,8,hardeja01_2023,3.7778,3.7778,0.0,poolejo01,33000000.0,3901399.0,
Golden State Warriors_2023,9,irvinky01_2023,3.3361,3.3361,0.0,poolejo01,38917057.0,3901399.0,
Golden State Warriors_2023,10,banede01_2023,3.3238,3.3553,-0.0315,poolejo01,2130240.0,3901399.0,
Houston Rockets_2023,1,jokicni01_2023,9.2998,9.2998,0.0,smithja05,33047803.0,8882640.0,
Houston Rockets_2023,2,embiijo01_2023,7.1477,7.1477,0.0,smithja05,33616770.0,8882640.0,
Houston Rockets_2023,3,antetgi01_2023,6.485,6.485,0.0,smithja05,42492492.0,8882640.0,
Houston Rockets_2023,4,butleji01_2023,6.3215,6.2978,0.0236,smithja05,37653300.0,8882640.0,
Houston Rockets_2023,5,doncilu01_2023,6.1878,6.1878,-0.0,greenja05,37096500.0,9441840.0,
Houston Rockets_2023,6,duranke01_2023,5.9635,5.9399,0.0236,smithja05,44119845.0,8882640.0,
Houston Rockets_2023,7,sabondo01_2023,5.6658,5.3944,0.2715,smithja05,18500000.0,8882640.0,
Houston Rockets_2023,8,jamesle01_2023,5.6402,5.6166,0.0236,smithja05,44474988.0,8882640.0,
Houston Rockets_2023,9,davisan02_2023,5.5095,5.5095,0.0,smithja05,37980720.0,8882640.0,
Houston Rockets_2023,10,curryst01_2023,5.394,5.394,-0.0,greenja05,48070014.0,9441840.0,
Los Angeles Clippers_2023,1,jokicni01_2023,6.2084,6.3988,-0.1905,zubaciv01,33047803.0,10123457.0,
Los Angeles Clippers_2023,2,embiijo01_2023,4.3212,4.5116,-0.1905,zubaciv01,33616770.0,10123457.0,
Los Angeles Clippers_2023,3,antetgi01_2023,3.8133,3.8016,0.0117,morrima03,42492492.0,16372093.0,
Los Angeles Clippers_2023,4,butleji01_2023,3.6063,3.6642,-0.0579,morrima03,37653300.0,16372093.0,
Los Angeles Clippers_2023,5,doncilu01_2023,3.3452,3.3737,-0.0284,jacksre01,37096500.0,10876844.0,
Los Angeles Clippers_2023,6,duranke01_2023,3.3436,3.4014,-0.0579,morrima03,44119845.0,16372093.0,
Los Angeles Clippers_2023,7,jamesle01_2023,3.1063,3.1641,-0.0579,morrima03,44474988.0,16372093.0,
Los Angeles Clippers_2023,8,curryst01_2023,2.9435,2.9719,-0.0284,jacksre01,48070014.0,10876844.0,
Los Angeles Clippers_2023,9,sabondo01_2023,2.9056,2.9742,-0.0685,zubaciv01,18500000.0,10123457.0,
Los Angeles Clippers_2023,10,gilgesh01_2023,2.9044,2.9328,-0.0284,jacksre01,30913750.0,10876844.0,
Los Angeles Lakers_2023,1,doncilu01_2023,4.4107,4.4107,0.0,schrode01,37096500.0,1836090.0,
Los Angeles Lakers_2023,2,curryst01_2023,3.8139,3.8139,0.0,schrode01,48070014.0,1836090.0,
Los Angeles Lakers_2023,3,gilgesh01_2023,3.7558,3.7558,0.0,schrode01,30913750.0,1836090.0,
Los Angeles Lakers_2023,4,lillada01_2023,3.6763,3.6763,0.0,schrode01,42492492.0,1836090.0,
Los Angeles Lakers_2023,5,halibty01_2023,3.4467,3.4467,0.0,schrode01,4215120.0,1836090.0,
Los Angeles Lakers_2023,6,moranja01_2023,3.2475,3.2475,0.0,schrode01,12119440.0,1836090.0,
Los Angeles Lakers_2023,7,mitchdo01_2023,3.1804,3.1804,0.0,schrode01,30913750.0,1836090.0,
Los Angeles Lakers_2023,8,butleji01_2023,3.0936,3.3101,-0.2165,browntr01,37653300.0,1836090.0,
Los Angeles Lakers_2023,9,jokicni01_2023,3.0468,3.0742,-0.0274,gabriwe01,33047803.0,1878720.0,
Los Angeles Lakers_2023,10,hardeja01_2023,2.8937,2.8937,0.0,schrode01,33000000.0,1836090.0,
Miami Heat_2023,1,jokicni01_2023,6.3233,6.3233,-0.0,adebaba01,33047803.0,30351780.0,
Miami Heat_2023,2,doncilu01_2023,4.172,4.2899,-0.1179,vincega01,37096500.0,1815677.0,
Miami Heat_2023,3,embiijo01_2023,4.0552,4.0552,-0.0,adebaba01,33616770.0,30351780.0,
Miami Heat_2023,4,jamesle01_2023,3.8607,4.1031,-0.2424,strusma01,44474988.0,1815677.0,
Miami Heat_2023,5,leonaka01_2023,3.8343,4.0767,-0.2424,strusma01,42492492.0,1815677.0,
Miami Heat_2023,6,curryst01_2023,3.6374,3.7553,-0.1179,vincega01,48070014.0,1815677.0,
Miami Heat_2023,7,willizi01_2023,3.5896,3.5882,0.0015,strusma01,13534817.0,1815677.0,
Miami Heat_2023,8,gilgesh01_2023,3.5853,3.7033,-0.1179,vincega01,30913750.0,1815677.0,
Miami Heat_2023,9,tatumja01_2023,3.5802,3.8226,-0.2424,strusma01,30351780.0,1815677.0,
Miami Heat_2023,10,lillada01_2023,3.5141,3.632,-0.1179,vincega01,42492492.0,1815677.0,
Milwaukee Bucks_2023,1,jokicni01_2023,5.346,5.346,-0.0,lopezbr01,33047803.0,13906976.0,
Milwaukee Bucks_2023,2,embiijo01_2023,3.4609,3.4609,0.0,portibo01,33616770.0,10843350.0,
Milwaukee Bucks_2023,3,doncilu01_2023,3.1545,3.3381,-0.1836,carteje01,37096500.0,3925000.0,
Milwaukee Bucks_2023,4,butleji01_2023,2.7702,2.8312,-0.061,portibo01,37653300.0,10843350.0,
Milwaukee Bucks_2023,5,gilgesh01_2023,2.7615,3.0093,-0.2478,allengr01,30913750.0,8500000.0,
Milwaukee Bucks_2023,6,curryst01_2023,2.6145,2.798,-0.1836,carteje01,48070014.0,3925000.0,
Milwaukee Bucks_2023,7,duranke01_2023,2.505,2.566,-0.061,portibo01,44119845.0,10843350.0,
Milwaukee Bucks_2023,8,lillada01_2023,2.4899,2.6735,-0.1836,carteje01,42492492.0,3925000.0,
Milwaukee Bucks_2023,9,leonaka01_2023,2.4126,2.6604,-0.2478,allengr01,42492492.0,8500000.0,
Milwaukee Bucks_2023,10,halibty01_2023,2.2821,2.4657,-0.1836,carteje01,4215120.0,3925000.0,
Minnesota Timberwolves_2023,1,jokicni01_2023,5.4857,5.6897,-0.2041,goberru01,33047803.0,38172414.0,
Minnesota Timberwolves_2023,2,butleji01_2023,3.8379,3.9868,-0.149,mcdanja02,37653300.0,2161440.0,
Minnesota Timberwolves_2023,3,embiijo01_2023,3.6317,3.8358,-0.2041,goberru01,33616770.0,38172414.0,
Minnesota Timberwolves_2023,4,jamesle01_2023,3.1713,3.3202,-0.149,mcdanja02,44474988.0,2161440.0,
Minnesota Timberwolves_2023,5,leonaka01_2023,3.1434,3.2923,-0.149,mcdanja02,42492492.0,2161440.0,
Minnesota Timberwolves_2023,6,antetgi01_2023,3.0608,3.2649,-0.2041,goberru01,42492492.0,38172414.0,
Minnesota Timberwolves_2023,7,tatumja01_2023,2.8749,3.0239,-0.149,mcdanja02,30351780.0,2161440.0,
Minnesota Timberwolves_2023,8,willizi01_2023,2.785,2.7762,0.0088,mcdanja02,13534817.0,2161440.0,
Minnesota Timberwolves_2023,9,doncilu01_2023,2.7606,2.7606,-0.0,russeda01,37096500.0,31377750.0,
Minnesota Timberwolves_2023,10,mitchdo01_2023,2.6448,2.6448,0.0,edwaran01,30913750.0,10733400.0,
Brooklyn Nets_2023,1,jokicni01_2023,4.3691,4.6083,-0.2393,claxtni01,33047803.0,8500000.0,
Brooklyn Nets_2023,2,butleji01_2023,4.0522,4.3018,-0.2496,onealro01,37653300.0,9200000.0,
Brooklyn Nets_2023,3,leonaka01_2023,3.3491,3.5987,-0.2496,onealro01,42492492.0,9200000.0,
Brooklyn Nets_2023,4,tatumja01_2023,3.0773,3.3269,-0.2496,onealro01,30351780.0,9200000.0,
Brooklyn Nets_2023,5,antetgi01_2023,2.8839,3.0132,-0.1293,harrijo01,42492492.0,18642857.0,
Brooklyn Nets_2023,6,doncilu01_2023,2.6711,2.7177,-0.0465,curryse01,37096500.0,8496653.0,
Brooklyn Nets_2023,7,bookede01_2023,2.4005,2.6501,-0.2496,onealro01,33833400.0,9200000.0,
Brooklyn Nets_2023,8,banede01_2023,2.3608,2.5334,-0.1727,onealro01,2130240.0,9200000.0,
Brooklyn Nets_2023,9,embiijo01_2023,2.3584,2.5977,-0.2393,claxtni01,33616770.0,8500000.0,
Brooklyn Nets_2023,10,jamesle01_2023,2.3317,2.4689,-0.1372,harrijo01,44474988.0,18642857.0,
New York Knicks_2023,1,jokicni01_2023,5.7562,5.7562,0.0,randlju01,33047803.0,23760000.0,
New York Knicks_2023,2,leonaka01_2023,5.1333,5.2477,-0.1144,barrerj01,42492492.0,10900635.0,
New York Knicks_2023,3,tatumja01_2023,4.8578,4.9722,-0.1144,barrerj01,30351780.0,10900635.0,
New York Knicks_2023,4,bookede01_2023,4.172,4.2863,-0.1144,barrerj01,33833400.0,10900635.0,
New York Knicks_2023,5,banede01_2023,4.1681,4.1681,0.0,barrerj01,2130240.0,10900635.0,
New York Knicks_2023,6,whitede01_2023,3.831,3.831,0.0,barrerj01,16892857.0,10900635.0,
New York Knicks_2023,7,georgpa01_2023,3.5613,3.6757,-0.1144,barrerj01,42492492.0,10900635.0,
New York Knicks_2023,8,embiijo01_2023,3.3809,3.3809,0.0,randlju01,33616770.0,23760000.0,
New York Knicks_2023,9,burksal01_2023,3.0382,3.0382,0.0,barrerj01,10012800.0,10900635.0,
New York Knicks_2023,10,kennalu01_2023,2.9745,2.9119,0.0626,barrerj01,14415545.0,10900635.0,
Orlando Magic_2023,1,antetgi01_2023,5.1602,5.1602,0.0,banchpa01,42492492.0,11055120.0,
Orlando Magic_2023,2,butleji01_2023,4.823,4.9729,-0.1499,banchpa01,37653300.0,11055120.0,
Orlando Magic_2023,3,jokicni01_2023,4.5905,4.5905,0.0,bolbo01,33047803.0,2200000.0,
Orlando Magic_2023,4,duranke01_2023,4.4648,4.6147,-0.1499,banchpa01,44119845.0,11055120.0,
Orlando Magic_2023,5,jamesle01_2023,4.1413,4.2912,-0.1499,banchpa01,44474988.0,11055120.0,
Orlando Magic_2023,6,tatumja01_2023,3.8383,3.9882,-0.1499,banchpa01,30351780.0,11055120.0,
Orlando Magic_2023,7,willizi01_2023,3.7844,3.7349,0.0495,banchpa01,13534817.0,11055120.0,
Orlando Magic_2023,8,markkla01_2023,3.4157,3.4157,0.0,banchpa01,16475454.0,11055120.0,
Orlando Magic_2023,9,embiijo01_2023,3.265,3.265,0.0,bolbo01,33616770.0,2200000.0,
Orlando Magic_2023,10,doncilu01_2023,3.2494,3.2494,0.0,fultzma01,37096500.0,16500000.0,
Indiana Pacers_2023,1,doncilu01_2023,5.2213,5.3495,-0.1283,nembhan01,37096500.0,2244111.0,
Indiana Pacers_2023,2,curryst01_2023,4.5898,4.7181,-0.1283,nembhan01,48070014.0,2244111.0,
Indiana Pacers_2023,3,gilgesh01_2023,4.5283,4.6566,-0.1283,nembhan01,30913750.0,2244111.0,
Indiana Pacers_2023,4,leonaka01_2023,4.5016,4.5257,-0.0241,mathube01,42492492.0,6586800.0,
Indiana Pacers_2023,5,lillada01_2023,4.4442,4.5725,-0.1283,nembhan01,42492492.0,2244111.0,
Indiana Pacers_2023,6,jokicni01_2023,4.3165,4.4028,-0.0863,turnemy01,33047803.0,35069500.0,
Indiana Pacers_2023,7,tatumja01_2023,4.2514,4.2755,-0.0241,mathube01,30351780.0,6586800.0,
Indiana Pacers_2023,8,mitchdo01_2023,4.2305,4.2546,-0.0241,mathube01,30913750.0,6586800.0,
Indiana Pacers_2023,9,antetgi01_2023,4.0718,4.1953,-0.1234,nesmiaa01,42492492.0,3804360.0,
Indiana Pacers_2023,10,moranja01_2023,3.9905,4.1187,-0.1283,nembhan01,12119440.0,2244111.0,
Philadelphia 76ers_2023,1,jokicni01_2023,6.3849,6.5065,-0.1216,tuckepj01,33047803.0,10490000.0,
Philadelphia 76ers_2023,2,antetgi01_2023,4.2236,4.3452,-0.1216,tuckepj01,42492492.0,10490000.0,
Philadelphia 76ers_2023,3,butleji01_2023,3.934,4.2015,-0.2675,tuckepj01,37653300.0,10490000.0,
Philadelphia 76ers_2023,4,duranke01_2023,3.6591,3.9266,-0.2675,tuckepj01,44119845.0,10490000.0,
Philadelphia 76ers_2023,5,doncilu01_2023,3.501,3.7366,-0.2356,meltode01,37096500.0,8250000.0,
Philadelphia 76ers_2023,6,davisan02_2023,3.4746,3.5962,-0.1216,tuckepj01,37980720.0,10490000.0,
Philadelphia 76ers_2023,7,jamesle01_2023,3.4109,3.6784,-0.2675,tuckepj01,44474988.0,10490000.0,
Philadelphia 76ers_2023,8,sabondo01_2023,3.3672,3.5078,-0.1406,tuckepj01,18500000.0,10490000.0,
Philadelphia 76ers_2023,9,tatumja01_2023,3.1784,3.4459,-0.2675,tuckepj01,30351780.0,10490000.0,
Philadelphia 76ers_2023,10,willizi01_2023,3.1109,3.2515,-0.1406,tuckepj01,13534817.0,10490000.0,
Phoenix Suns_2023,1,jokicni01_2023,5.8423,5.8423,0.0,aytonde01,33047803.0,30913750.0,
Phoenix Suns_2023,2,embiijo01_2023,4.0497,4.0497,0.0,aytonde01,33616770.0,30913750.0,
Phoenix Suns_2023,3,antetgi01_2023,3.7714,3.8197,-0.0483,craigto01,42492492.0,5121951.0,
Phoenix Suns_2023,4,butleji01_2023,3.4791,3.6711,-0.192,craigto01,37653300.0,5121951.0,
Phoenix Suns_2023,5,jamesle01_2023,2.9384,3.1304,-0.192,craigto01,44474988.0,5121951.0,
Phoenix Suns_2023,6,sabondo01_2023,2.8088,2.5892,0.2196,aytonde01,18500000.0,30913750.0,
Phoenix Suns_2023,7,willizi01_2023,2.7322,2.689,0.0431,craigto01,13534817.0,5121951.0,
Phoenix Suns_2023,8,tatumja01_2023,2.698,2.89,-0.192,craigto01,30351780.0,5121951.0,
Phoenix Suns_2023,9,davisan02_2023,2.6852,2.6852,0.0,aytonde01,37980720.0,30913750.0,
Phoenix Suns_2023,10,markkla01_2023,2.3876,2.4359,-0.0483,craigto01,16475454.0,5121951.0,
Portland Trail Blazers_2023,1,doncilu01_2023,4.567,4.5542,0.0128,simonan01,37096500.0,22321429.0,
Portland Trail Blazers_2023,2,jokicni01_2023,4.3357,4.4505,-0.1148,eubandr01,33047803.0,1836090.0,
Portland Trail Blazers_2023,3,antetgi01_2023,4.0455,3.9876,0.0579,grantje01,42492492.0,20955000.0,
Portland Trail Blazers_2023,4,curryst01_2023,3.914,3.9012,0.0128,simonan01,48070014.0,22321429.0,
Portland Trail Blazers_2023,5,gilgesh01_2023,3.8504,3.8376,0.0128,simonan01,30913750.0,22321429.0,
Portland Trail Blazers_2023,6,butleji01_2023,3.821,3.817,0.004,grantje01,37653300.0,20955000.0,
Portland Trail Blazers_2023,7,leonaka01_2023,3.6609,3.6687,-0.0078,sharpsh01,42492492.0,6012960.0,
Portland Trail Blazers_2023,8,halibty01_2023,3.5122,3.4994,0.0128,simonan01,4215120.0,22321429.0,
Portland Trail Blazers_2023,9,duranke01_2023,3.4948,3.4908,0.004,grantje01,44119845.0,20955000.0,
Portland Trail Blazers_2023,10,tatumja01_2023,3.4602,3.468,-0.0078,sharpsh01,30351780.0,6012960.0,
Sacramento Kings_2023,1,antetgi01_2023,4.2692,4.6084,-0.3392,barneha02,42492492.0,18352273.0,
Sacramento Kings_2023,2,butleji01_2023,4.1889,4.4059,-0.217,barneha02,37653300.0,18352273.0,
Sacramento Kings_2023,3,jokicni01_2023,4.1483,4.3092,-0.1609,sabondo01,33047803.0,18500000.0,
Sacramento Kings_2023,4,duranke01_2023,3.8016,4.0186,-0.217,barneha02,44119845.0,18352273.0,
Sacramento Kings_2023,5,jamesle01_2023,3.4518,3.6688,-0.217,barneha02,44474988.0,18352273.0,
Sacramento Kings_2023,6,leonaka01_2023,3.3864,3.5151,-0.1287,murrake02,42492492.0,8008440.0,
Sacramento Kings_2023,7,doncilu01_2023,3.3806,3.3806,0.0,foxde01,37096500.0,30351780.0,
Sacramento Kings_2023,8,tatumja01_2023,3.1241,3.3411,-0.217,barneha02,30351780.0,18352273.0,
Sacramento Kings_2023,9,willizi01_2023,3.0294,3.0067,0.0227,murrake02,13534817.0,8008440.0,
Sacramento Kings_2023,10,curryst01_2023,2.7005,2.6967,0.0038,mitchda01,48070014.0,4833600.0,
San Antonio Spurs_2023,1,doncilu01_2023,4.2711,4.262,0.0091,branhma01,37096500.0,2925600.0,
San Antonio Spurs_2023,2,jokicni01_2023,4.1965,4.2525,-0.0561,colliza01,33047803.0,7350000.0,
San Antonio Spurs_2023,3,leonaka01_2023,3.9406,3.9211,0.0195,johnske04,42492492.0,3873025.0,
San Antonio Spurs_2023,4,curryst01_2023,3.8007,3.7916,0.0091,branhma01,48070014.0,2925600.0,
San Antonio Spurs_2023,5,gilgesh01_2023,3.7549,3.7457,0.0091,branhma01,30913750.0,2925600.0,
San Antonio Spurs_2023,6,tatumja01_2023,3.7037,3.6842,0.0195,johnske04,30351780.0,3873025.0,
San Antonio Spurs_2023,7,lillada01_2023,3.6922,3.6831,0.0091,branhma01,42492492.0,2925600.0,
San Antonio Spurs_2023,8,halibty01_2023,3.5112,3.5021,0.0091,branhma01,4215120.0,2925600.0,
San Antonio Spurs_2023,9,moranja01_2023,3.3542,3.345,0.0091,branhma01,12119440.0,2925600.0,
San Antonio Spurs_2023,10,antetgi01_2023,3.3374,3.4391,-0.1018,sochaje01,42492492.0,5063520.0,
Oklahoma City Thunder_2023,1,butleji01_2023,4.5749,4.9018,-0.3269,dortlu01,37653300.0,15277778.0,
Oklahoma City Thunder_2023,2,jamesle01_2023,3.9276,4.2545,-0.3269,dortlu01,44474988.0,15277778.0,
Oklahoma City Thunder_2023,3,leonaka01_2023,3.9005,4.2274,-0.3269,dortlu01,42492492.0,15277778.0,
Oklahoma City Thunder_2023,4,antetgi01_2023,3.8356,3.8356,0.0,giddejo01,42492492.0,6287400.0,
Oklahoma City Thunder_2023,5,willizi01_2023,3.6585,3.7262,-0.0677,dortlu01,13534817.0,15277778.0,
Oklahoma City Thunder_2023,6,tatumja01_2023,3.6398,3.9668,-0.3269,dortlu01,30351780.0,15277778.0,
Oklahoma City Thunder_2023,7,duranke01_2023,3.2445,3.2942,-0.0497,giddejo01,44119845.0,6287400.0,
Oklahoma City Thunder_2023,8,markkla01_2023,3.1906,3.4231,-0.2326,dortlu01,16475454.0,15277778.0,
Oklahoma City Thunder_2023,9,banede01_2023,3.0122,3.2058,-0.1936,dortlu01,2130240.0,15277778.0,
Oklahoma City Thunder_2023,10,bookede01_2023,2.9908,3.3177,-0.3269,dortlu01,33833400.0,15277778.0,
Toronto Raptors_2023,1,jokicni01_2023,5.8773,5.8773,0.0,siakapa01,33047803.0,35448672.0,
Toronto Raptors_2023,2,doncilu01_2023,3.9885,4.1143,-0.1258,trentga02,37096500.0,17505000.0,
Toronto Raptors_2023,3,embiijo01_2023,3.548,3.548,0.0,siakapa01,33616770.0,35448672.0,
Toronto Raptors_2023,4,curryst01_2023,3.339,3.4648,-0.1258,trentga02,48070014.0,17505000.0,
Toronto Raptors_2023,5,gilgesh01_2023,3.2757,3.4016,-0.1258,trentga02,30913750.0,17505000.0,
Toronto Raptors_2023,6,lillada01_2023,3.1892,3.315,-0.1258,trentga02,42492492.0,17505000.0,
Toronto Raptors_2023,7,butleji01_2023,3.0647,3.3606,-0.2959,anunoog01,37653300.0,17357143.0,
Toronto Raptors_2023,8,halibty01_2023,2.9394,3.0652,-0.1258,trentga02,4215120.0,17505000.0,
Toronto Raptors_2023,9,leonaka01_2023,2.9091,3.0349,-0.1258,trentga02,42492492.0,17505000.0,
Toronto Raptors_2023,10,antetgi01_2023,2.8307,2.8307,0.0,siakapa01,42492492.0,35448672.0,
Utah Jazz_2023,1,jokicni01_2023,5.0032,5.1151,-0.112,olynyke01,33047803.0,12804878.0,
Utah Jazz_2023,2,doncilu01_2023,4.098,4.098,0.0,clarkjo01,37096500.0,13340000.0,
Utah Jazz_2023,3,curryst01_2023,3.5011,3.5011,0.0,clarkjo01,48070014.0,13340000.0,
Utah Jazz_2023,4,gilgesh01_2023,3.443,3.443,0.0,clarkjo01,30913750.0,13340000.0,
Utah Jazz_2023,5,lillada01_2023,3.3635,3.3635,0.0,clarkjo01,42492492.0,13340000.0,
Utah Jazz_2023,6,embiijo01_2023,3.312,3.4239,-0.112,olynyke01,33616770.0,12804878.0,
Utah Jazz_2023,7,halibty01_2023,3.1339,3.1339,0.0,clarkjo01,4215120.0,13340000.0,
Utah Jazz_2023,8,leonaka01_2023,3.1061,3.1061,0.0,clarkjo01,42492492.0,13340000.0,
Utah Jazz_2023,9,moranja01_2023,2.9346,2.9346,0.0,clarkjo01,12119440.0,13340000.0,
Utah Jazz_2023,10,mitchdo01_2023,2.8675,2.8675,0.0,clarkjo01,30913750.0,13340000.0,
Memphis Grizzlies_2023,1,leonaka01_2023,4.4609,4.4581,0.0028,brookdi01,42492492.0,11400000.0,
Memphis Grizzlies_2023,2,jokicni01_2023,4.414,4.5491,-0.1351,aldamsa01,33047803.0,2094120.0,
Memphis Grizzlies_2023,3,tatumja01_2023,4.2135,4.2107,0.0028,brookdi01,30351780.0,11400000.0,
Memphis Grizzlies_2023,4,bookede01_2023,3.5976,3.5947,0.0028,brookdi01,33833400.0,11400000.0,
Memphis Grizzlies_2023,5,whitede01_2023,3.1859,3.1859,0.0,brookdi01,16892857.0,11400000.0,
Memphis Grizzlies_2023,6,doncilu01_2023,3.0641,3.0641,0.0,jonesty01,37096500.0,15000000.0,
Memphis Grizzlies_2023,7,georgpa01_2023,3.0492,3.0464,0.0028,brookdi01,42492492.0,11400000.0,
Memphis Grizzlies_2023,8,hartjo01_2023,2.9813,2.7331,0.2482,brookdi01,12960000.0,11400000.0,
Memphis Grizzlies_2023,9,embiijo01_2023,2.9348,3.0699,-0.1351,aldamsa01,33616770.0,2094120.0,
Memphis Grizzlies_2023,10,butleji01_2023,2.752,2.868,-0.116,roddyda01,37653300.0,2588640.0,
Washington Wizards_2023,1,antetgi01_2023,4.4092,4.4092,0.0,kuzmaky01,42492492.0,13000000.0,
Washington Wizards_2023,2,butleji01_2023,4.1288,4.2374,-0.1085,kuzmaky01,37653300.0,13000000.0,
Washington Wizards_2023,3,jokicni01_2023,4.1051,4.1909,-0.0858,gaffoda01,33047803.0,1930681.0,
Washington Wizards_2023,4,duranke01_2023,3.8002,3.9087,-0.1085,kuzmaky01,44119845.0,13000000.0,
Washington Wizards_2023,5,jamesle01_2023,3.5033,3.6119,-0.1085,kuzmaky01,44474988.0,13000000.0,
Washington Wizards_2023,6,leonaka01_2023,3.3104,3.5437,-0.2333,kispeco01,42492492.0,3552840.0,
Washington Wizards_2023,7,tatumja01_2023,3.2253,3.3338,-0.1085,kuzmaky01,30351780.0,13000000.0,
Washington Wizards_2023,8,willizi01_2023,3.109,3.1013,0.0077,kuzmaky01,13534817.0,13000000.0,
Washington Wizards_2023,9,mitchdo01_2023,3.0554,3.2886,-0.2333,kispeco01,30913750.0,3552840.0,
Washington Wizards_2023,10,markkla01_2023,2.8085,2.8085,0.0,kuzmaky01,16475454.0,13000000.0,
Detroit Pistons_2023,1,doncilu01_2023,6.4843,6.4843,0.0,iveyja01,37096500.0,7252200.0,
Detroit Pistons_2023,2,curryst01_2023,5.7824,5.7824,0.0,iveyja01,48070014.0,7252200.0,
Detroit Pistons_2023,3,gilgesh01_2023,5.714,5.714,0.0,iveyja01,30913750.0,7252200.0,
Detroit Pistons_2023,4,lillada01_2023,5.6204,5.6204,0.0,iveyja01,42492492.0,7252200.0,
Detroit Pistons_2023,5,halibty01_2023,5.3504,5.3504,0.0,iveyja01,4215120.0,7252200.0,
Detroit Pistons_2023,6,leonaka01_2023,5.3177,5.3177,0.0,iveyja01,42492492.0,7252200.0,
Detroit Pistons_2023,7,moranja01_2023,5.116,5.116,0.0,iveyja01,12119440.0,7252200.0,
Detroit Pistons_2023,8,mitchdo01_2023,5.0371,5.0371,0.0,iveyja01,30913750.0,7252200.0,
Detroit Pistons_2023,9,jokicni01_2023,4.7437,4.8896,-0.1459,durenja01,33047803.0,4124280.0,
Detroit Pistons_2023,10,hardeja01_2023,4.6999,4.6999,0.0,iveyja01,33000000.0,7252200.0,
Charlotte Hornets_2023,1,jokicni01_2023,7.6205,7.7109,-0.0905,washipj01,33047803.0,5808435.0,
Charlotte Hornets_2023,2,embiijo01_2023,5.5219,5.6123,-0.0905,washipj01,33616770.0,5808435.0,
Charlotte Hornets_2023,3,antetgi01_2023,4.8757,4.9661,-0.0905,washipj01,42492492.0,5808435.0,
Charlotte Hornets_2023,4,butleji01_2023,4.5781,4.7836,-0.2055,washipj01,37653300.0,5808435.0,
Charlotte Hornets_2023,5,doncilu01_2023,4.4673,4.4673,0.0,roziete01,37096500.0,21486316.0,
Charlotte Hornets_2023,6,duranke01_2023,4.229,4.4346,-0.2055,washipj01,44119845.0,5808435.0,
Charlotte Hornets_2023,7,sabondo01_2023,3.9545,3.9026,0.0518,washipj01,18500000.0,5808435.0,
Charlotte Hornets_2023,8,davisan02_2023,3.9245,4.015,-0.0905,washipj01,37980720.0,5808435.0,
Charlotte Hornets_2023,9,jamesle01_2023,3.9138,4.1193,-0.2055,washipj01,44474988.0,5808435.0,
Charlotte Hornets_2023,10,curryst01_2023,3.7966,3.7966,0.0,roziete01,48070014.0,21486316.0,
Atlanta Hawks_2024,1,doncilu01_2024,5.2676,5.2676,0.0,murrade01,40064220.0,18214000.0,
Atlanta Hawks_2024,2,jokicni01_2024,5.133,5.3367,-0.2037,capelca01,47607350.0,20616000.0,
Atlanta Hawks_2024,3,gilgesh01_2024,4.9424,4.9424,0.0,murrade01,33386850.0,18214000.0,
Atlanta Hawks_2024,4,antetgi01_2024,3.8061,3.8362,-0.0301,huntede01,45640084.0,20089286.0,
Atlanta Hawks_2024,5,embiijo01_2024,3.7295,3.9332,-0.2037,capelca01,47607350.0,20616000.0,
Atlanta Hawks_2024,6,halibty01_2024,3.4984,3.4984,0.0,murrade01,5808435.0,18214000.0,
Atlanta Hawks_2024,7,jamesle01_2024,3.1881,3.4619,-0.2737,beysa01,47607350.0,4556983.0,
Atlanta Hawks_2024,8,brunsja01_2024,3.1655,3.1655,0.0,murrade01,26346666.0,18214000.0,
Atlanta Hawks_2024,9,leonaka01_2024,2.88,3.1537,-0.2737,beysa01,45640084.0,4556983.0,
Atlanta Hawks_2024,10,mitchdo01_2024,2.8676,2.8676,0.0,murrade01,33162030.0,18214000.0,
Boston Celtics_2024,1,doncilu01_2024,3.5658,3.8866,-0.3208,holidjr01,40064220.0,36861707.0,
Boston Celtics_2024,2,jokicni01_2024,3.52,3.6896,-0.1696,horfoal01,47607350.0,10000000.0,
Boston Celtics_2024,3,gilgesh01_2024,3.3006,3.6214,-0.3208,holidjr01,33386850.0,36861707.0,
Boston Celtics_2024,4,leonaka01_2024,2.8685,2.8685,0.0,brownja02,45640084.0,31830357.0,
Boston Celtics_2024,5,irvinky01_2024,2.6602,2.6602,0.0,brownja02,37037037.0,31830357.0,
Boston Celtics_2024,6,antetgi01_2024,2.4201,2.2979,0.1222,tatumja01,45640084.0,32600060.0,
Boston Celtics_2024,7,embiijo01_2024,2.2265,2.3962,-0.1696,horfoal01,47607350.0,10000000.0,
Boston Celtics_2024,8,halibty01_2024,2.123,2.4438,-0.3208,holidjr01,5808435.0,36861707.0,
Boston Celtics_2024,9,edwaran01_2024,1.8581,1.8581,0.0,brownja02,13534817.0,31830357.0,
Boston Celtics_2024,10,brunsja01_2024,1.8514,2.1722,-0.3208,holidjr01,26346666.0,36861707.0,
Cleveland Cavaliers_2024,1,jokicni01_2024,5.2636,5.4268,-0.1633,allenja01,47607350.0,20000000.0,
Cleveland Cavaliers_2024,2,doncilu01_2024,4.3874,4.3874,-0.0,garlada01,40064220.0,34005250.0,
Cleveland Cavaliers_2024,3,antetgi01_2024,4.2724,4.4171,-0.1447,niangge01,45640084.0,8800000.0,
Cleveland Cavaliers_2024,4,gilgesh01_2024,4.1667,4.1667,-0.0,garlada01,33386850.0,34005250.0,
Cleveland Cavaliers_2024,5,embiijo01_2024,3.4382,3.6014,-0.1633,allenja01,47607350.0,20000000.0,
Cleveland Cavaliers_2024,6,jamesle01_2024,3.3468,3.4307,-0.0839,niangge01,47607350.0,8800000.0,
Cleveland Cavaliers_2024,7,halibty01_2024,3.1868,3.1868,-0.0,garlada01,5808435.0,34005250.0,
Cleveland Cavaliers_2024,8,leonaka01_2024,3.0744,3.1584,-0.0839,niangge01,45640084.0,8800000.0,
Cleveland Cavaliers_2024,9,brunsja01_2024,2.9609,2.9609,-0.0,garlada01,26346666.0,34005250.0,
Cleveland Cavaliers_2024,10,butleji01_2024,2.7712,2.8552,-0.0839,niangge01,45183960.0,8800000.0,
New Orleans Pelicans_2024,1,jokicni01_2024,4.9411,5.0757,-0.1346,valanjo01,47607350.0,15435000.0,
New Orleans Pelicans_2024,2,antetgi01_2024,3.5869,3.861,-0.274,joneshe01,45640084.0,12015150.0,
New Orleans Pelicans_2024,3,embiijo01_2024,3.5078,3.6424,-0.1346,valanjo01,47607350.0,15435000.0,
New Orleans Pelicans_2024,4,doncilu01_2024,3.4595,3.4336,0.0259,mccolcj01,40064220.0,35802469.0,
New Orleans Pelicans_2024,5,gilgesh01_2024,3.2068,3.1809,0.0259,mccolcj01,33386850.0,35802469.0,
New Orleans Pelicans_2024,6,jamesle01_2024,2.4002,2.6061,-0.2059,joneshe01,47607350.0,12015150.0,
New Orleans Pelicans_2024,7,halibty01_2024,2.2855,2.3487,-0.0633,hawkijo01,5808435.0,4310160.0,
New Orleans Pelicans_2024,8,mitchdo01_2024,2.2421,2.2421,0.0,ingrabr01,33162030.0,33833400.0,
New Orleans Pelicans_2024,9,leonaka01_2024,2.0537,2.2596,-0.2059,joneshe01,45640084.0,12015150.0,
New Orleans Pelicans_2024,10,irvinky01_2024,1.9935,1.9935,0.0,ingrabr01,37037037.0,33833400.0,
Chicago Bulls_2024,1,jokicni01_2024,7.9752,7.9752,-0.0,vucevni01,47607350.0,18518519.0,
Chicago Bulls_2024,2,embiijo01_2024,6.0477,6.0477,-0.0,vucevni01,47607350.0,18518519.0,
Chicago Bulls_2024,3,doncilu01_2024,6.0074,6.1844,-0.177,whiteco01,40064220.0,11111111.0,
Chicago Bulls_2024,4,gilgesh01_2024,5.6739,5.8509,-0.177,whiteco01,33386850.0,11111111.0,
Chicago Bulls_2024,5,antetgi01_2024,5.3411,5.3411,-0.0,vucevni01,45640084.0,18518519.0,
Chicago Bulls_2024,6,halibty01_2024,4.1932,4.3703,-0.177,whiteco01,5808435.0,11111111.0,
Chicago Bulls_2024,7,brunsja01_2024,3.8518,4.0288,-0.177,whiteco01,26346666.0,11111111.0,
Chicago Bulls_2024,8,jamesle01_2024,3.7919,3.9448,-0.1529,vucevni01,47607350.0,18518519.0,
Chicago Bulls_2024,9,sabondo01_2024,3.7522,3.6916,0.0605,vucevni01,30600000.0,18518519.0,
Chicago Bulls_2024,10,mitchdo01_2024,3.5463,3.7234,-0.177,whiteco01,33162030.0,11111111.0,
Dallas Mavericks_2024,1,jokicni01_2024,4.2242,4.2902,-0.066,willigr01,47607350.0,12405000.0,
Dallas Mavericks_2024,2,antetgi01_2024,3.8705,3.9803,-0.1097,jonesde02,45640084.0,3360000.0,
Dallas Mavericks_2024,3,leonaka01_2024,3.8036,3.857,-0.0534,hardati02,45640084.0,17897728.0,
Dallas Mavericks_2024,4,isaacjo01_2024,3.4691,3.2757,0.1934,hardati02,17400000.0,17897728.0,
Dallas Mavericks_2024,5,butleji01_2024,3.4486,3.502,-0.0534,hardati02,45183960.0,17897728.0,
Dallas Mavericks_2024,6,tatumja01_2024,3.4216,3.475,-0.0534,hardati02,32600060.0,17897728.0,
Dallas Mavericks_2024,7,embiijo01_2024,3.2989,3.3649,-0.066,willigr01,47607350.0,12405000.0,
Dallas Mavericks_2024,8,duranke01_2024,3.1011,3.1545,-0.0534,hardati02,47649433.0,17897728.0,
Dallas Mavericks_2024,9,edwaran01_2024,2.8942,2.9476,-0.0534,hardati02,13534817.0,17897728.0,
Dallas Mavericks_2024,10,jamesle01_2024,2.8373,3.0079,-0.1706,jonesde02,47607350.0,3360000.0,
Denver Nuggets_2024,1,doncilu01_2024,5.0537,5.3128,-0.2591,caldwke01,40064220.0,14704938.0,
Denver Nuggets_2024,2,gilgesh01_2024,4.7706,5.0297,-0.2591,caldwke01,33386850.0,14704938.0,
Denver Nuggets_2024,3,embiijo01_2024,4.1834,4.3123,-0.1289,gordoaa01,47607350.0,22266182.0,
Denver Nuggets_2024,4,halibty01_2024,3.7204,3.7767,-0.0563,jacksre01,5808435.0,5000000.0,
Denver Nuggets_2024,5,antetgi01_2024,3.552,3.681,-0.1289,gordoaa01,45640084.0,22266182.0,
Denver Nuggets_2024,6,brunsja01_2024,3.5012,3.5575,-0.0563,jacksre01,26346666.0,5000000.0,
Denver Nuggets_2024,7,mitchdo01_2024,3.3051,3.3614,-0.0563,jacksre01,33162030.0,5000000.0,
Denver Nuggets_2024,8,jamesle01_2024,3.2182,3.4919,-0.2738,portemi01,47607350.0,33386850.0,
Denver Nuggets_2024,9,irvinky01_2024,3.0892,3.1455,-0.0563,jacksre01,37037037.0,5000000.0,
Denver Nuggets_2024,10,curryst01_2024,2.8908,2.9471,-0.0563,jacksre01,51915615.0,5000000.0,
Golden State Warriors_2024,1,jokicni01_2024,5.6852,5.6852,-0.0,kuminjo01,47607350.0,6012840.0,
Golden State Warriors_2024,2,embiijo01_2024,4.2194,4.2194,-0.0,kuminjo01,47607350.0,6012840.0,
Golden State Warriors_2024,3,antetgi01_2024,3.6822,3.6822,-0.0,kuminjo01,45640084.0,6012840.0,
Golden State Warriors_2024,4,jamesle01_2024,3.4585,3.7285,-0.27,wiggian01,47607350.0,24330357.0,
Golden State Warriors_2024,5,leonaka01_2024,3.3174,3.3591,-0.0417,thompkl01,45640084.0,43219440.0,
Golden State Warriors_2024,6,irvinky01_2024,3.1154,3.1571,-0.0417,thompkl01,37037037.0,43219440.0,
Golden State Warriors_2024,7,doncilu01_2024,3.1132,3.4014,-0.2882,podzibr01,40064220.0,3352440.0,
Golden State Warriors_2024,8,butleji01_2024,2.9349,2.9766,-0.0417,thompkl01,45183960.0,43219440.0,
Golden State Warriors_2024,9,isaacjo01_2024,2.921,2.921,0.0,wiggian01,17400000.0,24330357.0,
Golden State Warriors_2024,10,tatumja01_2024,2.9059,2.9476,-0.0417,thompkl01,32600060.0,43219440.0,
Houston Rockets_2024,1,jokicni01_2024,7.5925,7.5925,0.0,smithja05,47607350.0,9326520.0,
Houston Rockets_2024,2,embiijo01_2024,5.8046,5.8046,0.0,smithja05,47607350.0,9326520.0,
Houston Rockets_2024,3,doncilu01_2024,5.7738,5.838,-0.0642,greenja05,40064220.0,9891480.0,
Houston Rockets_2024,4,gilgesh01_2024,5.4709,5.5351,-0.0642,greenja05,33386850.0,9891480.0,
Houston Rockets_2024,5,antetgi01_2024,5.1492,5.1492,0.0,smithja05,45640084.0,9326520.0,
Houston Rockets_2024,6,halibty01_2024,4.1258,4.19,-0.0642,greenja05,5808435.0,9891480.0,
Houston Rockets_2024,7,leonaka01_2024,4.057,4.2714,-0.2144,brookdi01,45640084.0,22627671.0,
Houston Rockets_2024,8,jamesle01_2024,3.8781,3.8541,0.024,smithja05,47607350.0,9326520.0,
Houston Rockets_2024,9,brunsja01_2024,3.8157,3.8799,-0.0642,greenja05,26346666.0,9891480.0,
Houston Rockets_2024,10,sabondo01_2024,3.7731,3.6193,0.1538,smithja05,30600000.0,9326520.0,
Los Angeles Clippers_2024,1,jokicni01_2024,4.9654,5.0843,-0.1189,georgpa01,47607350.0,45640084.0,
Los Angeles Clippers_2024,2,doncilu01_2024,4.2214,4.281,-0.0596,powelno01,40064220.0,18000000.0,
Los Angeles Clippers_2024,3,embiijo01_2024,3.6168,3.6833,-0.0664,zubaciv01,47607350.0,10933333.0,
Los Angeles Clippers_2024,4,antetgi01_2024,3.1313,3.1977,-0.0664,zubaciv01,45640084.0,10933333.0,
Los Angeles Clippers_2024,5,mitchdo01_2024,2.8328,3.0404,-0.2076,mannte01,33162030.0,10576923.0,
Los Angeles Clippers_2024,6,gilgesh01_2024,2.8312,2.8312,-0.0,hardeja01,33386850.0,35680595.0,
Los Angeles Clippers_2024,7,jamesle01_2024,2.6668,2.7982,-0.1314,coffeam01,47607350.0,3666667.0,
Los Angeles Clippers_2024,8,irvinky01_2024,2.6134,2.821,-0.2076,mannte01,37037037.0,10576923.0,
Los Angeles Clippers_2024,9,whitede01_2024,2.2549,2.4151,-0.1602,mannte01,18357143.0,10576923.0,
Los Angeles Clippers_2024,10,butleji01_2024,2.1962,2.3276,-0.1314,coffeam01,45183960.0,3666667.0,
Los Angeles Lakers_2024,1,doncilu01_2024,5.9709,5.9709,0.0,reaveau01,40064220.0,12015150.0,
Los Angeles Lakers_2024,2,gilgesh01_2024,5.6649,5.6649,0.0,reaveau01,33386850.0,12015150.0,
Los Angeles Lakers_2024,3,jokicni01_2024,5.1121,5.1121,0.0,davisan02,47607350.0,40600080.0,
Los Angeles Lakers_2024,4,halibty01_2024,4.3066,4.3066,0.0,reaveau01,5808435.0,12015150.0,
Los Angeles Lakers_2024,5,brunsja01_2024,3.9933,3.9933,0.0,reaveau01,26346666.0,12015150.0,
Los Angeles Lakers_2024,6,leonaka01_2024,3.7194,4.0911,-0.3717,princta02,45640084.0,4516000.0,
Los Angeles Lakers_2024,7,mitchdo01_2024,3.7131,3.7131,0.0,reaveau01,33162030.0,12015150.0,
Los Angeles Lakers_2024,8,irvinky01_2024,3.5345,3.9063,-0.3717,princta02,37037037.0,4516000.0,
Los Angeles Lakers_2024,9,isaacjo01_2024,3.4488,3.5179,-0.0691,princta02,17400000.0,4516000.0,
Los Angeles Lakers_2024,10,butleji01_2024,3.3693,3.741,-0.3717,princta02,45183960.0,4516000.0,
Miami Heat_2024,1,jokicni01_2024,5.9598,5.9598,-0.0,adebaba01,47607350.0,32600060.0,
Miami Heat_2024,2,embiijo01_2024,4.1556,4.1556,-0.0,adebaba01,47607350.0,32600060.0,
Miami Heat_2024,3,doncilu01_2024,4.0092,4.0873,-0.0782,martica02,40064220.0,6802950.0,
Miami Heat_2024,4,antetgi01_2024,3.4943,3.4943,-0.0,adebaba01,45640084.0,32600060.0,
Miami Heat_2024,5,gilgesh01_2024,2.6715,2.6715,0.0,herroty01,33386850.0,27000000.0,
Miami Heat_2024,6,leonaka01_2024,2.6149,2.8525,-0.2376,jaqueja01,45640084.0,3510600.0,
Miami Heat_2024,7,mitchdo01_2024,2.51,2.5882,-0.0782,martica02,33162030.0,6802950.0,
Miami Heat_2024,8,irvinky01_2024,2.4283,2.6659,-0.2376,jaqueja01,37037037.0,3510600.0,
Miami Heat_2024,9,sabondo01_2024,2.2008,1.9504,0.2504,adebaba01,30600000.0,32600060.0,
Miami Heat_2024,10,curryst01_2024,2.1168,2.195,-0.0782,martica02,51915615.0,6802950.0,
Milwaukee Bucks_2024,1,jokicni01_2024,6.1709,6.1709,0.0,portibo01,47607350.0,11710818.0,
Milwaukee Bucks_2024,2,doncilu01_2024,5.1461,5.4728,-0.3267,beaslma01,40064220.0,2019706.0,
Milwaukee Bucks_2024,3,gilgesh01_2024,4.8698,5.1965,-0.3267,beaslma01,33386850.0,2019706.0,
Milwaukee Bucks_2024,4,embiijo01_2024,4.6901,4.6901,0.0,portibo01,47607350.0,11710818.0,
Milwaukee Bucks_2024,5,halibty01_2024,3.6432,3.9699,-0.3267,beaslma01,5808435.0,2019706.0,
Milwaukee Bucks_2024,6,brunsja01_2024,3.3604,3.6871,-0.3267,beaslma01,26346666.0,2019706.0,
Milwaukee Bucks_2024,7,mitchdo01_2024,3.1074,3.4341,-0.3267,beaslma01,33162030.0,2019706.0,
Milwaukee Bucks_2024,8,jamesle01_2024,3.0464,3.0746,-0.0282,portibo01,47607350.0,11710818.0,
Milwaukee Bucks_2024,9,sabondo01_2024,2.932,2.8801,0.0519,portibo01,30600000.0,11710818.0,
Milwaukee Bucks_2024,10,irvinky01_2024,2.8287,3.1554,-0.3267,beaslma01,37037037.0,2019706.0,
Minnesota Timberwolves_2024,1,jokicni01_2024,5.6046,5.807,-0.2023,goberru01,47607350.0,41000000.0,
Minnesota Timberwolves_2024,2,embiijo01_2024,3.7,3.9023,-0.2023,goberru01,47607350.0,41000000.0,
Minnesota Timberwolves_2024,3,doncilu01_2024,3.6587,3.6587,0.0,edwaran01,40064220.0,13534817.0,
Minnesota Timberwolves_2024,4,leonaka01_2024,3.434,3.591,-0.157,mcdanja02,45640084.0,3901399.0,
Minnesota Timberwolves_2024,5,gilgesh01_2024,3.1474,3.3687,-0.2213,alexani01,33386850.0,4687500.0,
Minnesota Timberwolves_2024,6,butleji01_2024,3.088,3.245,-0.157,mcdanja02,45183960.0,3901399.0,
Minnesota Timberwolves_2024,7,tatumja01_2024,3.0618,3.2188,-0.157,mcdanja02,32600060.0,3901399.0,
Minnesota Timberwolves_2024,8,isaacjo01_2024,3.0245,3.0245,0.0,mcdanja02,17400000.0,3901399.0,
Minnesota Timberwolves_2024,9,antetgi01_2024,3.0018,3.2041,-0.2023,goberru01,45640084.0,41000000.0,
Minnesota Timberwolves_2024,10,murphtr02_2024,2.4406,2.3728,0.0678,mcdanja02,3359280.0,3901399.0,
Brooklyn Nets_2024,1,jokicni01_2024,5.6888,5.857,-0.1681,claxtni01,47607350.0,9625000.0,
Brooklyn Nets_2024,2,doncilu01_2024,5.2479,5.2479,0.0,thomaca02,40064220.0,2240160.0,
Brooklyn Nets_2024,3,embiijo01_2024,4.1088,4.277,-0.1681,claxtni01,47607350.0,9625000.0,
Brooklyn Nets_2024,4,antetgi01_2024,4.0277,4.1636,-0.1359,finnedo01,45640084.0,13932008.0,
Brooklyn Nets_2024,5,leonaka01_2024,3.5532,3.6597,-0.1065,bridgmi01,45640084.0,21700000.0,
Brooklyn Nets_2024,6,mitchdo01_2024,3.4305,3.4305,0.0,thomaca02,33162030.0,2240160.0,
Brooklyn Nets_2024,7,irvinky01_2024,3.1821,3.1821,0.0,thomaca02,37037037.0,2240160.0,
Brooklyn Nets_2024,8,butleji01_2024,3.076,3.1825,-0.1065,bridgmi01,45183960.0,21700000.0,
Brooklyn Nets_2024,9,gilgesh01_2024,3.0431,3.1465,-0.1034,dinwisp01,33386850.0,20357143.0,
Brooklyn Nets_2024,10,tatumja01_2024,3.0398,3.1463,-0.1065,bridgmi01,32600060.0,21700000.0,
New York Knicks_2024,1,jokicni01_2024,4.372,4.372,0.0,randlju01,47607350.0,28226880.0,
New York Knicks_2024,2,doncilu01_2024,3.4926,3.7969,-0.3043,divindo01,40064220.0,10900000.0,
New York Knicks_2024,3,embiijo01_2024,3.118,3.118,0.0,randlju01,47607350.0,28226880.0,
New York Knicks_2024,4,jamesle01_2024,2.8293,3.0584,-0.2291,hartjo01,47607350.0,12960000.0,
New York Knicks_2024,5,antetgi01_2024,2.6584,2.6584,0.0,randlju01,45640084.0,28226880.0,
New York Knicks_2024,6,gilgesh01_2024,2.6199,2.6247,-0.0048,mcbrimi01,33386850.0,1836096.0,
New York Knicks_2024,7,leonaka01_2024,2.4272,2.6563,-0.2291,hartjo01,45640084.0,12960000.0,
New York Knicks_2024,8,butleji01_2024,1.9796,2.2087,-0.2291,hartjo01,45183960.0,12960000.0,
New York Knicks_2024,9,tatumja01_2024,1.9457,2.1748,-0.2291,hartjo01,32600060.0,12960000.0,
New York Knicks_2024,10,halibty01_2024,1.9399,1.9447,-0.0048,mcbrimi01,5808435.0,1836096.0,
Orlando Magic_2024,1,jokicni01_2024,7.8437,7.8512,-0.0075,banchpa01,47607350.0,11608080.0,
Orlando Magic_2024,2,embiijo01_2024,5.7386,5.746,-0.0075,banchpa01,47607350.0,11608080.0,
Orlando Magic_2024,3,antetgi01_2024,4.9669,4.9743,-0.0075,banchpa01,45640084.0,11608080.0,
Orlando Magic_2024,4,doncilu01_2024,3.7371,3.8717,-0.1345,suggsja01,40064220.0,7252080.0,
Orlando Magic_2024,5,gilgesh01_2024,3.4958,3.6303,-0.1345,suggsja01,33386850.0,7252080.0,
Orlando Magic_2024,6,jamesle01_2024,3.4494,3.4494,0.0,banchpa01,47607350.0,11608080.0,
Orlando Magic_2024,7,sabondo01_2024,3.3981,3.1729,0.2253,banchpa01,30600000.0,11608080.0,
Orlando Magic_2024,8,leonaka01_2024,3.0283,3.0283,0.0,banchpa01,45640084.0,11608080.0,
Orlando Magic_2024,9,wembavi01_2024,2.6448,2.6522,-0.0075,banchpa01,12160680.0,11608080.0,
Orlando Magic_2024,10,butleji01_2024,2.5596,2.5596,0.0,banchpa01,45183960.0,11608080.0,
Indiana Pacers_2024,1,jokicni01_2024,5.5362,5.5362,0.0,turnemy01,47607350.0,20975000.0,
Indiana Pacers_2024,2,embiijo01_2024,3.9844,3.9844,0.0,turnemy01,47607350.0,20975000.0,
Indiana Pacers_2024,3,doncilu01_2024,3.9289,4.1228,-0.194,nembhan01,40064220.0,2131905.0,
Indiana Pacers_2024,4,gilgesh01_2024,3.732,3.926,-0.194,nembhan01,33386850.0,2131905.0,
Indiana Pacers_2024,5,antetgi01_2024,3.4156,3.4156,0.0,turnemy01,45640084.0,20975000.0,
Indiana Pacers_2024,6,jamesle01_2024,3.2638,3.335,-0.0712,mathube01,47607350.0,6916080.0,
Indiana Pacers_2024,7,leonaka01_2024,3.0317,3.1029,-0.0712,mathube01,45640084.0,6916080.0,
Indiana Pacers_2024,8,isaacjo01_2024,2.8014,2.6798,0.1216,mathube01,17400000.0,6916080.0,
Indiana Pacers_2024,9,butleji01_2024,2.7733,2.8445,-0.0712,mathube01,45183960.0,6916080.0,
Indiana Pacers_2024,10,tatumja01_2024,2.7537,2.8249,-0.0712,mathube01,32600060.0,6916080.0,
Philadelphia 76ers_2024,1,jokicni01_2024,4.1463,4.2563,-0.1101,batumni01,47607350.0,11710818.0,
Philadelphia 76ers_2024,2,antetgi01_2024,3.8526,3.9277,-0.0751,harrito02,45640084.0,39270150.0,
Philadelphia 76ers_2024,3,doncilu01_2024,3.6389,3.6389,0.0,maxeyty01,40064220.0,4343920.0,
Philadelphia 76ers_2024,4,gilgesh01_2024,3.3295,3.3295,0.0,maxeyty01,33386850.0,4343920.0,
Philadelphia 76ers_2024,5,leonaka01_2024,3.2836,3.432,-0.1484,oubreke01,45640084.0,2019706.0,
Philadelphia 76ers_2024,6,butleji01_2024,2.9384,3.0868,-0.1484,oubreke01,45183960.0,2019706.0,
Philadelphia 76ers_2024,7,tatumja01_2024,2.9122,3.0606,-0.1484,oubreke01,32600060.0,2019706.0,
Philadelphia 76ers_2024,8,isaacjo01_2024,2.8668,2.8668,-0.0,oubreke01,17400000.0,2019706.0,
Philadelphia 76ers_2024,9,duranke01_2024,2.6006,2.7489,-0.1484,oubreke01,47649433.0,2019706.0,
Philadelphia 76ers_2024,10,jamesle01_2024,2.521,2.6261,-0.1052,harrito02,47607350.0,39270150.0,
Phoenix Suns_2024,1,jokicni01_2024,5.6397,5.7485,-0.1089,duranke01,47607350.0,47649433.0,
Phoenix Suns_2024,2,doncilu01_2024,4.3634,4.6281,-0.2647,allengr01,40064220.0,8925000.0,
Phoenix Suns_2024,3,gilgesh01_2024,4.068,4.3327,-0.2647,allengr01,33386850.0,8925000.0,
Phoenix Suns_2024,4,embiijo01_2024,3.5351,3.644,-0.1089,duranke01,47607350.0,47649433.0,
Phoenix Suns_2024,5,antetgi01_2024,2.7637,2.8726,-0.1089,duranke01,45640084.0,47649433.0,
Phoenix Suns_2024,6,halibty01_2024,2.7565,3.0212,-0.2647,allengr01,5808435.0,8925000.0,
Phoenix Suns_2024,7,mitchdo01_2024,2.5908,2.7665,-0.1757,gordoer01,33162030.0,3196448.0,
Phoenix Suns_2024,8,brunsja01_2024,2.4541,2.7188,-0.2647,allengr01,26346666.0,8925000.0,
Phoenix Suns_2024,9,irvinky01_2024,2.3668,2.5426,-0.1757,gordoer01,37037037.0,3196448.0,
Phoenix Suns_2024,10,curryst01_2024,2.1611,2.3368,-0.1757,gordoer01,51915615.0,3196448.0,
Portland Trail Blazers_2024,1,doncilu01_2024,6.0153,6.0153,0.0,hendesc01,40064220.0,9770880.0,
Portland Trail Blazers_2024,2,gilgesh01_2024,5.8068,5.8068,0.0,hendesc01,33386850.0,9770880.0,
Portland Trail Blazers_2024,3,jokicni01_2024,5.5856,5.7063,-0.1207,camarto01,47607350.0,1119563.0,
Portland Trail Blazers_2024,4,halibty01_2024,4.8807,4.8807,0.0,hendesc01,5808435.0,9770880.0,
Portland Trail Blazers_2024,5,brunsja01_2024,4.6672,4.6672,0.0,hendesc01,26346666.0,9770880.0,
Portland Trail Blazers_2024,6,mitchdo01_2024,4.4761,4.4761,0.0,hendesc01,33162030.0,9770880.0,
Portland Trail Blazers_2024,7,embiijo01_2024,4.2825,4.4032,-0.1207,camarto01,47607350.0,1119563.0,
Portland Trail Blazers_2024,8,irvinky01_2024,4.2657,4.2657,0.0,hendesc01,37037037.0,9770880.0,
Portland Trail Blazers_2024,9,curryst01_2024,4.0724,4.0724,0.0,hendesc01,51915615.0,9770880.0,
Portland Trail Blazers_2024,10,antetgi01_2024,4.0403,4.1849,-0.1446,walkeja01,45640084.0,1719864.0,
Sacramento Kings_2024,1,antetgi01_2024,5.8065,5.9728,-0.1663,barneha02,45640084.0,17000000.0,
Sacramento Kings_2024,2,jokicni01_2024,4.8366,4.8383,-0.0017,sabondo01,47607350.0,30600000.0,
Sacramento Kings_2024,3,jamesle01_2024,4.6431,4.682,-0.0389,barneha02,47607350.0,17000000.0,
Sacramento Kings_2024,4,leonaka01_2024,4.2867,4.3256,-0.0389,barneha02,45640084.0,17000000.0,
Sacramento Kings_2024,5,doncilu01_2024,4.0171,4.0171,0.0,monkma01,40064220.0,9945830.0,
Sacramento Kings_2024,6,butleji01_2024,3.89,3.9289,-0.0389,barneha02,45183960.0,17000000.0,
Sacramento Kings_2024,7,tatumja01_2024,3.8599,3.8988,-0.0389,barneha02,32600060.0,17000000.0,
Sacramento Kings_2024,8,isaacjo01_2024,3.8036,3.6761,0.1276,barneha02,17400000.0,17000000.0,
Sacramento Kings_2024,9,gilgesh01_2024,3.7963,3.7963,0.0,monkma01,33386850.0,9945830.0,
Sacramento Kings_2024,10,markkla01_2024,3.7573,3.6297,0.1276,barneha02,17259999.0,17000000.0,
San Antonio Spurs_2024,1,antetgi01_2024,5.6008,5.6872,-0.0864,sochaje01,45640084.0,5316960.0,
San Antonio Spurs_2024,2,jokicni01_2024,5.2294,5.2671,-0.0377,colliza01,47607350.0,7700000.0,
San Antonio Spurs_2024,3,doncilu01_2024,5.2005,5.24,-0.0395,branhma01,40064220.0,3071880.0,
San Antonio Spurs_2024,4,gilgesh01_2024,5.0126,5.0521,-0.0395,branhma01,33386850.0,3071880.0,
San Antonio Spurs_2024,5,jamesle01_2024,4.353,4.5098,-0.1568,sochaje01,47607350.0,5316960.0,
San Antonio Spurs_2024,6,halibty01_2024,4.178,4.2175,-0.0395,branhma01,5808435.0,3071880.0,
San Antonio Spurs_2024,7,embiijo01_2024,4.0965,4.1343,-0.0377,colliza01,47607350.0,7700000.0,
San Antonio Spurs_2024,8,leonaka01_2024,4.028,4.1847,-0.1568,sochaje01,45640084.0,5316960.0,
San Antonio Spurs_2024,9,brunsja01_2024,3.9856,4.0251,-0.0395,branhma01,26346666.0,3071880.0,
San Antonio Spurs_2024,10,mitchdo01_2024,3.8134,3.8529,-0.0395,branhma01,33162030.0,3071880.0,
Oklahoma City Thunder_2024,1,jokicni01_2024,5.4682,5.4682,0.0,holmgch01,47607350.0,10386000.0,
Oklahoma City Thunder_2024,2,embiijo01_2024,3.6463,3.6463,0.0,holmgch01,47607350.0,10386000.0,
Oklahoma City Thunder_2024,3,jamesle01_2024,3.4228,3.7292,-0.3064,dortlu01,47607350.0,15277778.0,
Oklahoma City Thunder_2024,4,doncilu01_2024,3.2962,3.4743,-0.1781,wallaca01,40064220.0,5291400.0,
Oklahoma City Thunder_2024,5,antetgi01_2024,3.2856,3.2363,0.0493,willija06,45640084.0,4558680.0,
Oklahoma City Thunder_2024,6,leonaka01_2024,3.0849,3.3913,-0.3064,dortlu01,45640084.0,15277778.0,
Oklahoma City Thunder_2024,7,butleji01_2024,2.7087,3.0151,-0.3064,dortlu01,45183960.0,15277778.0,
Oklahoma City Thunder_2024,8,isaacjo01_2024,2.7034,2.7753,-0.0719,dortlu01,17400000.0,15277778.0,
Oklahoma City Thunder_2024,9,tatumja01_2024,2.6801,2.9865,-0.3064,dortlu01,32600060.0,15277778.0,
Oklahoma City Thunder_2024,10,georgpa01_2024,2.5266,2.6496,-0.1229,dortlu01,45640084.0,15277778.0,
Toronto Raptors_2024,1,doncilu01_2024,5.0486,5.1432,-0.0946,trentga02,40064220.0,18560000.0,
Toronto Raptors_2024,2,gilgesh01_2024,3.7241,3.7241,0.0,schrode01,33386850.0,12405000.0,
Toronto Raptors_2024,3,jokicni01_2024,3.6184,3.672,-0.0537,poeltja01,47607350.0,19500000.0,
Toronto Raptors_2024,4,mitchdo01_2024,3.3276,3.4221,-0.0946,trentga02,33162030.0,18560000.0,
Toronto Raptors_2024,5,irvinky01_2024,3.0923,3.1869,-0.0946,trentga02,37037037.0,18560000.0,
Toronto Raptors_2024,6,halibty01_2024,2.9182,2.9182,0.0,schrode01,5808435.0,12405000.0,
Toronto Raptors_2024,7,curryst01_2024,2.8762,2.9708,-0.0946,trentga02,51915615.0,18560000.0,
Toronto Raptors_2024,8,whitede01_2024,2.7515,2.7515,0.0,trentga02,18357143.0,18560000.0,
Toronto Raptors_2024,9,brunsja01_2024,2.7324,2.7324,0.0,schrode01,26346666.0,12405000.0,
Toronto Raptors_2024,10,leonaka01_2024,2.726,2.8634,-0.1374,dickgr01,45640084.0,4536720.0,
Utah Jazz_2024,1,doncilu01_2024,6.2181,6.2181,0.0,georgke01,40064220.0,3889800.0,
Utah Jazz_2024,2,gilgesh01_2024,5.9812,5.9812,0.0,georgke01,33386850.0,3889800.0,
Utah Jazz_2024,3,halibty01_2024,4.9292,4.9292,0.0,georgke01,5808435.0,3889800.0,
Utah Jazz_2024,4,brunsja01_2024,4.6866,4.6866,0.0,georgke01,26346666.0,3889800.0,
Utah Jazz_2024,5,mitchdo01_2024,4.4695,4.4695,0.0,georgke01,33162030.0,3889800.0,
Utah Jazz_2024,6,irvinky01_2024,4.2305,4.2305,0.0,georgke01,37037037.0,3889800.0,
Utah Jazz_2024,7,curryst01_2024,4.011,4.011,0.0,georgke01,51915615.0,3889800.0,
Utah Jazz_2024,8,antetgi01_2024,3.9569,4.1938,-0.2369,collijo01,45640084.0,25340000.0,
Utah Jazz_2024,9,jokicni01_2024,3.8391,4.005,-0.1658,kesslwa01,47607350.0,2831160.0,
Utah Jazz_2024,10,whitede01_2024,3.8083,3.7882,0.0201,georgke01,18357143.0,3889800.0,
Memphis Grizzlies_2024,1,jokicni01_2024,6.6217,6.6217,-0.0,jacksja02,47607350.0,27102202.0,
Memphis Grizzlies_2024,2,embiijo01_2024,4.9754,4.9754,-0.0,jacksja02,47607350.0,27102202.0,
Memphis Grizzlies_2024,3,antetgi01_2024,4.372,4.372,-0.0,jacksja02,45640084.0,27102202.0,
Memphis Grizzlies_2024,4,sabondo01_2024,3.1902,2.9632,0.227,jacksja02,30600000.0,27102202.0,
Memphis Grizzlies_2024,5,jamesle01_2024,3.1352,3.1795,-0.0443,jacksja02,47607350.0,27102202.0,
Memphis Grizzlies_2024,6,doncilu01_2024,2.7981,2.9092,-0.1111,willivi01,40064220.0,2232308.0,
Memphis Grizzlies_2024,7,gilgesh01_2024,2.6286,2.7398,-0.1111,willivi01,33386850.0,2232308.0,
Memphis Grizzlies_2024,8,wembavi01_2024,2.5561,2.5561,-0.0,jacksja02,12160680.0,27102202.0,
Memphis Grizzlies_2024,9,markkla01_2024,2.4627,2.2073,0.2554,jacksja02,17259999.0,27102202.0,
Memphis Grizzlies_2024,10,davisan02_2024,2.4527,2.4527,-0.0,jacksja02,40600080.0,27102202.0,
Washington Wizards_2024,1,jokicni01_2024,7.7281,7.7281,0.0,kuzmaky01,47607350.0,25568182.0,
Washington Wizards_2024,2,doncilu01_2024,7.279,7.279,-0.0,poolejo01,40064220.0,27455357.0,
Washington Wizards_2024,3,gilgesh01_2024,7.0011,7.0011,-0.0,poolejo01,33386850.0,27455357.0,
Washington Wizards_2024,4,embiijo01_2024,6.0136,6.0136,0.0,kuzmaky01,47607350.0,25568182.0,
Washington Wizards_2024,5,halibty01_2024,5.7673,5.7673,-0.0,poolejo01,5808435.0,27455357.0,
Washington Wizards_2024,6,brunsja01_2024,5.4829,5.4829,-0.0,poolejo01,26346666.0,27455357.0,
Washington Wizards_2024,7,antetgi01_2024,5.3851,5.3851,0.0,kuzmaky01,45640084.0,25568182.0,
Washington Wizards_2024,8,mitchdo01_2024,5.2283,5.2283,-0.0,poolejo01,33162030.0,27455357.0,
Washington Wizards_2024,9,irvinky01_2024,4.9481,4.9481,-0.0,poolejo01,37037037.0,27455357.0,
Washington Wizards_2024,10,curryst01_2024,4.6905,4.6905,-0.0,poolejo01,51915615.0,27455357.0,
Detroit Pistons_2024,1,doncilu01_2024,5.6741,5.8428,-0.1687,iveyja01,40064220.0,7614480.0,
Detroit Pistons_2024,2,jokicni01_2024,5.1832,5.3226,-0.1394,durenja01,47607350.0,4330680.0,
Detroit Pistons_2024,3,halibty01_2024,4.2242,4.3929,-0.1687,iveyja01,5808435.0,7614480.0,
Detroit Pistons_2024,4,gilgesh01_2024,4.0405,4.0405,0.0,cunnica01,33386850.0,11055360.0,
Detroit Pistons_2024,5,embiijo01_2024,3.8204,3.9597,-0.1394,durenja01,47607350.0,4330680.0,
Detroit Pistons_2024,6,mitchdo01_2024,3.7072,3.8759,-0.1687,iveyja01,33162030.0,7614480.0,
Detroit Pistons_2024,7,irvinky01_2024,3.4384,3.607,-0.1687,iveyja01,37037037.0,7614480.0,
Detroit Pistons_2024,8,antetgi01_2024,3.3208,3.4602,-0.1394,durenja01,45640084.0,4330680.0,
Detroit Pistons_2024,9,curryst01_2024,3.1913,3.36,-0.1687,iveyja01,51915615.0,7614480.0,
Detroit Pistons_2024,10,whitede01_2024,2.9414,3.1094,-0.168,iveyja01,18357143.0,7614480.0,
Charlotte Hornets_2024,1,jokicni01_2024,5.8157,5.8852,-0.0695,richani01,47607350.0,5000000.0,
Charlotte Hornets_2024,2,jamesle01_2024,4.5922,4.6424,-0.0502,millebr02,47607350.0,10880400.0,
Charlotte Hornets_2024,3,embiijo01_2024,4.5137,4.5832,-0.0695,richani01,47607350.0,5000000.0,
Charlotte Hornets_2024,4,leonaka01_2024,4.235,4.2852,-0.0502,millebr02,45640084.0,10880400.0,
Charlotte Hornets_2024,5,antetgi01_2024,4.0364,4.1059,-0.0695,richani01,45640084.0,5000000.0,
Charlotte Hornets_2024,6,butleji01_2024,3.8374,3.8876,-0.0502,millebr02,45183960.0,10880400.0,
Charlotte Hornets_2024,7,tatumja01_2024,3.8072,3.8575,-0.0502,millebr02,32600060.0,10880400.0,
Charlotte Hornets_2024,8,isaacjo01_2024,3.8012,3.6342,0.167,millebr02,17400000.0,10880400.0,
Charlotte Hornets_2024,9,georgpa01_2024,3.5013,3.5013,0.0,millebr02,45640084.0,10880400.0,
Charlotte Hornets_2024,10,duranke01_2024,3.4482,3.4984,-0.0502,millebr02,47649433.0,10880400.0,
Atlanta Hawks_2025,1,gilgesh01_2025,6.5257,6.5257,0.0,youngtr01,35859950.0,43031940.0,
Atlanta Hawks_2025,2,jokicni01_2025,5.1078,5.2424,-0.1346,okongon01,51415938.0,14000000.0,
Atlanta Hawks_2025,3,doncilu01_2025,3.5553,3.5553,0.0,youngtr01,43031940.0,43031940.0,
Atlanta Hawks_2025,4,willizi01_2025,3.3673,3.4381,-0.0707,risacza01,36725670.0,12569040.0,
Atlanta Hawks_2025,5,antetgi01_2025,3.3129,3.4475,-0.1346,okongon01,48787676.0,14000000.0,
Atlanta Hawks_2025,6,curryst01_2025,3.1388,3.1388,0.0,youngtr01,55761216.0,43031940.0,
Atlanta Hawks_2025,7,tatumja01_2025,3.0331,3.2071,-0.174,risacza01,34848340.0,12569040.0,
Atlanta Hawks_2025,8,butleji01_2025,2.9566,3.1307,-0.174,risacza01,48798677.0,12569040.0,
Atlanta Hawks_2025,9,thompam01_2025,2.832,2.9028,-0.0707,risacza01,9249960.0,12569040.0,
Atlanta Hawks_2025,10,halibty01_2025,2.7678,2.7678,0.0,youngtr01,42176400.0,43031940.0,
Boston Celtics_2025,1,gilgesh01_2025,4.4449,4.5681,-0.1231,holidjr01,35859950.0,30000000.0,
Boston Celtics_2025,2,jokicni01_2025,3.9797,4.127,-0.1473,horfoal01,51415938.0,9500000.0,
Boston Celtics_2025,3,antetgi01_2025,2.666,2.603,0.063,tatumja01,48787676.0,34848340.0,
Boston Celtics_2025,4,willizi01_2025,2.5232,2.5084,0.0149,brownja02,36725670.0,49205800.0,
Boston Celtics_2025,5,doncilu01_2025,2.3705,2.4937,-0.1231,holidjr01,43031940.0,30000000.0,
Boston Celtics_2025,6,butleji01_2025,2.1447,2.1447,0.0,brownja02,48798677.0,49205800.0,
Boston Celtics_2025,7,curryst01_2025,2.0797,2.2028,-0.1231,holidjr01,55761216.0,30000000.0,
Boston Celtics_2025,8,carusal01_2025,1.9243,1.7111,0.2131,brownja02,9890000.0,49205800.0,
Boston Celtics_2025,9,thompam01_2025,1.89,1.8751,0.0149,brownja02,9249960.0,49205800.0,
Boston Celtics_2025,10,wagnefr01_2025,1.8446,1.8446,0.0,brownja02,7007092.0,49205800.0,
Cleveland Cavaliers_2025,1,gilgesh01_2025,4.4202,4.4202,0.0,garlada01,35859950.0,36725670.0,
Cleveland Cavaliers_2025,2,jokicni01_2025,4.0177,4.3433,-0.3255,allenja01,51415938.0,20000000.0,
Cleveland Cavaliers_2025,3,antetgi01_2025,2.379,2.4845,-0.1056,niangge01,48787676.0,8500000.0,
Cleveland Cavaliers_2025,4,doncilu01_2025,1.936,1.936,0.0,garlada01,43031940.0,36725670.0,
Cleveland Cavaliers_2025,5,wembavi01_2025,1.6311,1.7366,-0.1056,niangge01,12768960.0,8500000.0,
Cleveland Cavaliers_2025,6,curryst01_2025,1.5877,1.5877,0.0,garlada01,55761216.0,36725670.0,
Cleveland Cavaliers_2025,7,willizi01_2025,1.5773,1.5837,-0.0064,niangge01,36725670.0,8500000.0,
Cleveland Cavaliers_2025,8,sabondo01_2025,1.5197,1.5261,-0.0064,niangge01,40500000.0,8500000.0,
Cleveland Cavaliers_2025,9,tatumja01_2025,1.3738,1.4524,-0.0786,niangge01,34848340.0,8500000.0,
Cleveland Cavaliers_2025,10,butleji01_2025,1.3303,1.4089,-0.0786,niangge01,48798677.0,8500000.0,
New Orleans Pelicans_2025,1,jokicni01_2025,7.2856,7.392,-0.1064,missiyv01,51415938.0,3193200.0,
New Orleans Pelicans_2025,2,antetgi01_2025,5.5521,5.6585,-0.1064,missiyv01,48787676.0,3193200.0,
New Orleans Pelicans_2025,3,gilgesh01_2025,5.3892,5.376,0.0133,mccolcj01,35859950.0,33333333.0,
New Orleans Pelicans_2025,4,wembavi01_2025,4.1281,4.2345,-0.1064,missiyv01,12768960.0,3193200.0,
New Orleans Pelicans_2025,5,sabondo01_2025,3.8112,3.8337,-0.0225,missiyv01,40500000.0,3193200.0,
New Orleans Pelicans_2025,6,mobleev01_2025,3.6779,3.7004,-0.0225,missiyv01,11227657.0,3193200.0,
New Orleans Pelicans_2025,7,allenja01_2025,3.626,3.626,0.0,missiyv01,20000000.0,3193200.0,
New Orleans Pelicans_2025,8,sengual01_2025,3.5117,3.6182,-0.1064,missiyv01,5424654.0,3193200.0,
New Orleans Pelicans_2025,9,davisan02_2025,3.4194,3.5258,-0.1064,missiyv01,43219440.0,3193200.0,
New Orleans Pelicans_2025,10,kornelu01_2025,3.4003,3.4003,0.0,missiyv01,2087519.0,3193200.0,
Chicago Bulls_2025,1,gilgesh01_2025,6.5873,6.6717,-0.0844,whiteco01,35859950.0,12000000.0,
Chicago Bulls_2025,2,jokicni01_2025,5.6898,5.7723,-0.0825,willipa01,51415938.0,18000000.0,
Chicago Bulls_2025,3,antetgi01_2025,4.3048,4.3872,-0.0825,willipa01,48787676.0,18000000.0,
Chicago Bulls_2025,4,doncilu01_2025,3.913,3.9974,-0.0844,whiteco01,43031940.0,12000000.0,
Chicago Bulls_2025,5,curryst01_2025,3.5381,3.6225,-0.0844,whiteco01,55761216.0,12000000.0,
Chicago Bulls_2025,6,halibty01_2025,3.204,3.2884,-0.0844,whiteco01,42176400.0,12000000.0,
Chicago Bulls_2025,7,wembavi01_2025,3.167,3.2495,-0.0825,willipa01,12768960.0,18000000.0,
Chicago Bulls_2025,8,willizi01_2025,2.9562,3.0167,-0.0605,willipa01,36725670.0,18000000.0,
Chicago Bulls_2025,9,sabondo01_2025,2.8687,2.9292,-0.0605,willipa01,40500000.0,18000000.0,
Chicago Bulls_2025,10,mobleev01_2025,2.7622,2.8227,-0.0605,willipa01,11227657.0,18000000.0,
Dallas Mavericks_2025,1,gilgesh01_2025,6.0552,6.2028,-0.1476,dinwisp01,35859950.0,2087519.0,
Dallas Mavericks_2025,2,antetgi01_2025,4.1137,4.1548,-0.0411,marshna01,48787676.0,8571429.0,
Dallas Mavericks_2025,3,curryst01_2025,3.423,3.5706,-0.1476,dinwisp01,55761216.0,2087519.0,
Dallas Mavericks_2025,4,halibty01_2025,3.1346,3.2822,-0.1476,dinwisp01,42176400.0,2087519.0,
Dallas Mavericks_2025,5,willizi01_2025,2.8686,2.732,0.1366,thompkl01,36725670.0,15873016.0,
Dallas Mavericks_2025,6,jokicni01_2025,2.643,2.7252,-0.0822,gaffoda01,51415938.0,13394160.0,
Dallas Mavericks_2025,7,whitede01_2025,2.6317,2.5033,0.1284,dinwisp01,20071429.0,2087519.0,
Dallas Mavericks_2025,8,carusal01_2025,2.5051,2.5051,0.0,dinwisp01,9890000.0,2087519.0,
Dallas Mavericks_2025,9,hardeja01_2025,2.446,2.5936,-0.1476,dinwisp01,33653846.0,2087519.0,
Dallas Mavericks_2025,10,tatumja01_2025,2.4097,2.4837,-0.074,thompkl01,34848340.0,15873016.0,
Denver Nuggets_2025,1,gilgesh01_2025,6.0316,6.1879,-0.1563,westbru01,35859950.0,3303771.0,
Denver Nuggets_2025,2,antetgi01_2025,5.2482,5.4532,-0.205,portemi01,48787676.0,35859950.0,
Denver Nuggets_2025,3,doncilu01_2025,3.7575,3.9138,-0.1563,westbru01,43031940.0,3303771.0,
Denver Nuggets_2025,4,curryst01_2025,3.4387,3.5949,-0.1563,westbru01,55761216.0,3303771.0,
Denver Nuggets_2025,5,willizi01_2025,3.2528,3.2382,0.0147,portemi01,36725670.0,35859950.0,
Denver Nuggets_2025,6,halibty01_2025,3.1546,3.3109,-0.1563,westbru01,42176400.0,3303771.0,
Denver Nuggets_2025,7,mobleev01_2025,2.9393,2.9246,0.0147,portemi01,11227657.0,35859950.0,
Denver Nuggets_2025,8,tatumja01_2025,2.5973,2.9154,-0.318,portemi01,34848340.0,35859950.0,
Denver Nuggets_2025,9,whitede01_2025,2.5676,2.5435,0.0241,westbru01,20071429.0,3303771.0,
Denver Nuggets_2025,10,carusal01_2025,2.5453,2.5453,0.0,westbru01,9890000.0,3303771.0,
Golden State Warriors_2025,1,jokicni01_2025,5.1007,5.2068,-0.1061,greendr01,51415938.0,24107143.0,
Golden State Warriors_2025,2,gilgesh01_2025,4.8865,5.0873,-0.2008,hieldbu01,35859950.0,8780488.0,
Golden State Warriors_2025,3,antetgi01_2025,3.35,3.4561,-0.1061,greendr01,48787676.0,24107143.0,
Golden State Warriors_2025,4,doncilu01_2025,2.8584,3.0593,-0.2008,hieldbu01,43031940.0,8780488.0,
Golden State Warriors_2025,5,halibty01_2025,2.3208,2.5216,-0.2008,hieldbu01,42176400.0,8780488.0,
Golden State Warriors_2025,6,wembavi01_2025,1.9118,2.0179,-0.1061,greendr01,12768960.0,24107143.0,
Golden State Warriors_2025,7,whitede01_2025,1.8373,1.8373,0.0,hieldbu01,20071429.0,8780488.0,
Golden State Warriors_2025,8,carusal01_2025,1.8241,1.8389,-0.0148,hieldbu01,9890000.0,8780488.0,
Golden State Warriors_2025,9,jeromty01_2025,1.7263,1.9271,-0.2008,hieldbu01,2560975.0,8780488.0,
Golden State Warriors_2025,10,hardeja01_2025,1.7158,1.9166,-0.2008,hieldbu01,33653846.0,8780488.0,
Houston Rockets_2025,1,gilgesh01_2025,6.8366,6.887,-0.0504,greenja05,35859950.0,12483048.0,
Houston Rockets_2025,2,jokicni01_2025,4.794,4.8692,-0.0752,smithja05,51415938.0,9770880.0,
Houston Rockets_2025,3,doncilu01_2025,3.9437,3.9941,-0.0504,greenja05,43031940.0,12483048.0,
Houston Rockets_2025,4,curryst01_2025,3.5382,3.5885,-0.0504,greenja05,55761216.0,12483048.0,
Houston Rockets_2025,5,antetgi01_2025,3.3073,3.3826,-0.0752,smithja05,48787676.0,9770880.0,
Houston Rockets_2025,6,halibty01_2025,3.1768,3.2272,-0.0504,greenja05,42176400.0,12483048.0,
Houston Rockets_2025,7,tatumja01_2025,3.1045,3.1577,-0.0533,brookdi01,34848340.0,22255493.0,
Houston Rockets_2025,8,butleji01_2025,3.0064,3.0597,-0.0533,brookdi01,48798677.0,22255493.0,
Houston Rockets_2025,9,carusal01_2025,2.7869,2.5899,0.1969,brookdi01,9890000.0,22255493.0,
Houston Rockets_2025,10,whitede01_2025,2.7499,2.5879,0.162,brookdi01,20071429.0,22255493.0,
Los Angeles Clippers_2025,1,jokicni01_2025,5.0654,5.2642,-0.1988,zubaciv01,51415938.0,11743210.0,
Los Angeles Clippers_2025,2,gilgesh01_2025,4.6897,4.6897,0.0,hardeja01,35859950.0,33653846.0,
Los Angeles Clippers_2025,3,antetgi01_2025,3.5497,3.6647,-0.115,jonesde02,48787676.0,9523810.0,
Los Angeles Clippers_2025,4,willizi01_2025,3.0677,2.9378,0.1298,coffeam01,36725670.0,3938271.0,
Los Angeles Clippers_2025,5,tatumja01_2025,2.6937,2.7197,-0.026,coffeam01,34848340.0,3938271.0,
Los Angeles Clippers_2025,6,butleji01_2025,2.6215,2.6474,-0.026,coffeam01,48798677.0,3938271.0,
Los Angeles Clippers_2025,7,thompam01_2025,2.5619,2.4321,0.1298,coffeam01,9249960.0,3938271.0,
Los Angeles Clippers_2025,8,wagnefr01_2025,2.3818,2.4078,-0.026,coffeam01,7007092.0,3938271.0,
Los Angeles Clippers_2025,9,jeromty01_2025,2.3567,2.3827,-0.026,coffeam01,2560975.0,3938271.0,
Los Angeles Clippers_2025,10,easonta01_2025,2.3413,2.1703,0.171,coffeam01,3695160.0,3938271.0,
Los Angeles Lakers_2025,1,gilgesh01_2025,5.5235,5.5235,-0.0,reaveau01,35859950.0,12976362.0,
Los Angeles Lakers_2025,2,jokicni01_2025,5.3172,5.4251,-0.1079,hachiru01,51415938.0,17000000.0,
Los Angeles Lakers_2025,3,antetgi01_2025,3.6779,3.7858,-0.1079,hachiru01,48787676.0,17000000.0,
Los Angeles Lakers_2025,4,curryst01_2025,2.7742,2.9675,-0.1933,vincega01,55761216.0,11000000.0,
Los Angeles Lakers_2025,5,halibty01_2025,2.5685,2.7618,-0.1933,vincega01,42176400.0,11000000.0,
Los Angeles Lakers_2025,6,wembavi01_2025,2.3312,2.4391,-0.1079,hachiru01,12768960.0,17000000.0,
Los Angeles Lakers_2025,7,whitede01_2025,2.2061,2.2061,0.0,vincega01,20071429.0,11000000.0,
Los Angeles Lakers_2025,8,willizi01_2025,2.1971,2.2376,-0.0405,knechda01,36725670.0,3819120.0,
Los Angeles Lakers_2025,9,carusal01_2025,2.1629,2.2075,-0.0446,vincega01,9890000.0,11000000.0,
Los Angeles Lakers_2025,10,hardeja01_2025,2.0773,2.2706,-0.1933,vincega01,33653846.0,11000000.0,
Miami Heat_2025,1,jokicni01_2025,6.55,6.55,0.0,adebaba01,51415938.0,34848340.0,
Miami Heat_2025,2,gilgesh01_2025,5.4282,5.5444,-0.1162,roziete01,35859950.0,24924126.0,
Miami Heat_2025,3,antetgi01_2025,4.2649,4.2649,0.0,adebaba01,48787676.0,34848340.0,
Miami Heat_2025,4,doncilu01_2025,3.6405,3.7567,-0.1162,roziete01,43031940.0,24924126.0,
Miami Heat_2025,5,curryst01_2025,3.3899,3.5061,-0.1162,roziete01,55761216.0,24924126.0,
Miami Heat_2025,6,halibty01_2025,3.1666,3.2828,-0.1162,roziete01,42176400.0,24924126.0,
Miami Heat_2025,7,carusal01_2025,2.6902,2.681,0.0092,roziete01,9890000.0,24924126.0,
Miami Heat_2025,8,pritcpa01_2025,2.6506,2.6506,0.0,roziete01,6696429.0,24924126.0,
Miami Heat_2025,9,whitede01_2025,2.6491,2.6795,-0.0304,roziete01,20071429.0,24924126.0,
Miami Heat_2025,10,hardeja01_2025,2.6334,2.7495,-0.1162,roziete01,33653846.0,24924126.0,
Milwaukee Bucks_2025,1,jokicni01_2025,6.6631,6.8189,-0.1558,lopezbr01,51415938.0,23000000.0,
Milwaukee Bucks_2025,2,gilgesh01_2025,4.1255,4.3576,-0.2321,greenaj01,35859950.0,2120693.0,
Milwaukee Bucks_2025,3,willizi01_2025,3.6248,3.6522,-0.0274,princta02,36725670.0,2087519.0,
Milwaukee Bucks_2025,4,doncilu01_2025,3.0787,3.2005,-0.1218,trentga02,43031940.0,2087519.0,
Milwaukee Bucks_2025,5,tatumja01_2025,3.0662,3.3807,-0.3145,princta02,34848340.0,2087519.0,
Milwaukee Bucks_2025,6,thompam01_2025,2.9955,3.0229,-0.0274,princta02,9249960.0,2087519.0,
Milwaukee Bucks_2025,7,butleji01_2025,2.9763,3.2908,-0.3145,princta02,48798677.0,2087519.0,
Milwaukee Bucks_2025,8,carusal01_2025,2.7772,2.86,-0.0828,princta02,9890000.0,2087519.0,
Milwaukee Bucks_2025,9,easonta01_2025,2.7243,2.6972,0.0271,princta02,3695160.0,2087519.0,
Milwaukee Bucks_2025,10,wagnefr01_2025,2.6781,2.9926,-0.3145,princta02,7007092.0,2087519.0,
Minnesota Timberwolves_2025,1,jokicni01_2025,6.0741,6.0741,0.0,randlju01,51415938.0,33073920.0,
Minnesota Timberwolves_2025,2,gilgesh01_2025,4.7628,4.9854,-0.2226,alexani01,35859950.0,4312500.0,
Minnesota Timberwolves_2025,3,antetgi01_2025,4.1622,4.1622,0.0,randlju01,48787676.0,33073920.0,
Minnesota Timberwolves_2025,4,willizi01_2025,2.996,3.0817,-0.0857,mcdanja02,36725670.0,23017242.0,
Minnesota Timberwolves_2025,5,wembavi01_2025,2.5917,2.5917,0.0,randlju01,12768960.0,33073920.0,
Minnesota Timberwolves_2025,6,doncilu01_2025,2.5367,2.7593,-0.2226,alexani01,43031940.0,4312500.0,
Minnesota Timberwolves_2025,7,tatumja01_2025,2.501,2.7578,-0.2568,mcdanja02,34848340.0,23017242.0,
Minnesota Timberwolves_2025,8,butleji01_2025,2.3938,2.6506,-0.2568,mcdanja02,48798677.0,23017242.0,
Minnesota Timberwolves_2025,9,sabondo01_2025,2.3393,2.1496,0.1897,randlju01,40500000.0,33073920.0,
Minnesota Timberwolves_2025,10,thompam01_2025,2.2452,2.3309,-0.0857,mcdanja02,9249960.0,23017242.0,
Brooklyn Nets_2025,1,gilgesh01_2025,6.1918,6.2682,-0.0764,johnske07,35859950.0,2162606.0,
Brooklyn Nets_2025,2,jokicni01_2025,5.799,5.8678,-0.0688,claxtni01,51415938.0,27556817.0,
Brooklyn Nets_2025,3,antetgi01_2025,5.3151,5.4252,-0.1102,wilsoja03,48787676.0,1891857.0,
Brooklyn Nets_2025,4,doncilu01_2025,4.1032,4.1796,-0.0764,johnske07,43031940.0,2162606.0,
Brooklyn Nets_2025,5,curryst01_2025,3.8104,3.8868,-0.0764,johnske07,55761216.0,2162606.0,
Brooklyn Nets_2025,6,willizi01_2025,3.6703,3.6831,-0.0128,wilsoja03,36725670.0,1891857.0,
Brooklyn Nets_2025,7,halibty01_2025,3.5495,3.6259,-0.0764,johnske07,42176400.0,2162606.0,
Brooklyn Nets_2025,8,mobleev01_2025,3.4237,3.4364,-0.0128,wilsoja03,11227657.0,1891857.0,
Brooklyn Nets_2025,9,tatumja01_2025,3.3683,3.4292,-0.0609,wilsoja03,34848340.0,1891857.0,
Brooklyn Nets_2025,10,butleji01_2025,3.2842,3.3451,-0.0609,wilsoja03,48798677.0,1891857.0,
New York Knicks_2025,1,jokicni01_2025,5.2697,5.2697,0.0,townska01,51415938.0,49205800.0,
New York Knicks_2025,2,gilgesh01_2025,4.6023,4.6023,0.0,brunsja01,35859950.0,24960001.0,
New York Knicks_2025,3,antetgi01_2025,4.5984,4.7136,-0.1152,anunoog01,48787676.0,36637932.0,
New York Knicks_2025,4,willizi01_2025,3.749,3.4637,0.2854,bridgmi01,36725670.0,23300000.0,
New York Knicks_2025,5,tatumja01_2025,2.9751,3.0859,-0.1109,bridgmi01,34848340.0,23300000.0,
New York Knicks_2025,6,thompam01_2025,2.8733,2.5879,0.2854,bridgmi01,9249960.0,23300000.0,
New York Knicks_2025,7,butleji01_2025,2.8499,2.9608,-0.1109,bridgmi01,48798677.0,23300000.0,
New York Knicks_2025,8,easonta01_2025,2.5173,2.1346,0.3827,bridgmi01,3695160.0,23300000.0,
New York Knicks_2025,9,wagnefr01_2025,2.4349,2.5458,-0.1109,bridgmi01,7007092.0,23300000.0,
New York Knicks_2025,10,jeromty01_2025,2.3915,2.5023,-0.1109,bridgmi01,2560975.0,23300000.0,
Orlando Magic_2025,1,jokicni01_2025,5.2881,5.3991,-0.111,cartewe01,51415938.0,11950000.0,
Orlando Magic_2025,2,gilgesh01_2025,5.2761,5.3826,-0.1065,blackan01,35859950.0,7607760.0,
Orlando Magic_2025,3,antetgi01_2025,3.7556,3.8666,-0.111,cartewe01,48787676.0,11950000.0,
Orlando Magic_2025,4,doncilu01_2025,3.6626,3.8636,-0.201,caldwke01,43031940.0,22757000.0,
Orlando Magic_2025,5,halibty01_2025,3.0123,3.2133,-0.201,caldwke01,42176400.0,22757000.0,
Orlando Magic_2025,6,curryst01_2025,2.9502,3.0567,-0.1065,blackan01,55761216.0,7607760.0,
Orlando Magic_2025,7,willizi01_2025,2.7016,2.7484,-0.0467,dasiltr01,36725670.0,3628440.0,
Orlando Magic_2025,8,thompam01_2025,2.5229,2.559,-0.0361,caldwke01,9249960.0,22757000.0,
Orlando Magic_2025,9,wembavi01_2025,2.4966,2.6076,-0.111,cartewe01,12768960.0,11950000.0,
Orlando Magic_2025,10,tatumja01_2025,2.4487,2.5457,-0.097,dasiltr01,34848340.0,3628440.0,
Indiana Pacers_2025,1,jokicni01_2025,5.8244,5.8244,0.0,turnemy01,51415938.0,19928500.0,
Indiana Pacers_2025,2,gilgesh01_2025,4.9377,5.1938,-0.2561,nembhan01,35859950.0,2019699.0,
Indiana Pacers_2025,3,antetgi01_2025,3.9728,3.9728,0.0,turnemy01,48787676.0,19928500.0,
Indiana Pacers_2025,4,willizi01_2025,3.5463,3.5031,0.0432,mathube01,36725670.0,7245720.0,
Indiana Pacers_2025,5,tatumja01_2025,3.0472,3.2362,-0.189,mathube01,34848340.0,7245720.0,
Indiana Pacers_2025,6,butleji01_2025,2.9587,3.1478,-0.189,mathube01,48798677.0,7245720.0,
Indiana Pacers_2025,7,doncilu01_2025,2.9346,3.1906,-0.2561,nembhan01,43031940.0,2019699.0,
Indiana Pacers_2025,8,thompam01_2025,2.9275,2.8843,0.0432,mathube01,9249960.0,7245720.0,
Indiana Pacers_2025,9,whitede01_2025,2.8068,2.7222,0.0846,mathube01,20071429.0,7245720.0,
Indiana Pacers_2025,10,carusal01_2025,2.7646,2.7241,0.0405,mathube01,9890000.0,7245720.0,
Philadelphia 76ers_2025,1,jokicni01_2025,5.3512,5.4827,-0.1315,yabusgu01,51415938.0,2087519.0,
Philadelphia 76ers_2025,2,gilgesh01_2025,4.2806,4.2806,0.0,maxeyty01,35859950.0,35147000.0,
Philadelphia 76ers_2025,3,antetgi01_2025,3.712,3.8436,-0.1315,yabusgu01,48787676.0,2087519.0,
Philadelphia 76ers_2025,4,willizi01_2025,3.2342,3.2474,-0.0132,oubreke01,36725670.0,7983000.0,
Philadelphia 76ers_2025,5,tatumja01_2025,2.7606,2.9807,-0.2201,oubreke01,34848340.0,7983000.0,
Philadelphia 76ers_2025,6,butleji01_2025,2.6723,2.8924,-0.2201,oubreke01,48798677.0,7983000.0,
Philadelphia 76ers_2025,7,thompam01_2025,2.6161,2.6293,-0.0132,oubreke01,9249960.0,7983000.0,
Philadelphia 76ers_2025,8,wagnefr01_2025,2.3794,2.5995,-0.2201,oubreke01,7007092.0,7983000.0,
Philadelphia 76ers_2025,9,wembavi01_2025,2.3655,2.497,-0.1315,yabusgu01,12768960.0,2087519.0,
Philadelphia 76ers_2025,10,jeromty01_2025,2.3488,2.5688,-0.2201,oubreke01,2560975.0,7983000.0,
Phoenix Suns_2025,1,gilgesh01_2025,5.4412,5.498,-0.0568,jonesty01,35859950.0,2087519.0,
Phoenix Suns_2025,2,jokicni01_2025,5.1685,5.119,0.0495,duranke01,51415938.0,51179021.0,
Phoenix Suns_2025,3,antetgi01_2025,3.6252,3.6929,-0.0677,dunnry01,48787676.0,2530800.0,
Phoenix Suns_2025,4,doncilu01_2025,3.1919,3.239,-0.0471,bealbr01,43031940.0,50203930.0,
Phoenix Suns_2025,5,tatumja01_2025,3.0011,3.0011,0.0,bookede01,34848340.0,49205800.0,
Phoenix Suns_2025,6,curryst01_2025,2.9346,2.9818,-0.0471,bealbr01,55761216.0,50203930.0,
Phoenix Suns_2025,7,butleji01_2025,2.8858,2.8858,0.0,bookede01,48798677.0,49205800.0,
Phoenix Suns_2025,8,halibty01_2025,2.7054,2.7525,-0.0471,bealbr01,42176400.0,50203930.0,
Phoenix Suns_2025,9,thompam01_2025,2.6505,2.5422,0.1082,bookede01,9249960.0,49205800.0,
Phoenix Suns_2025,10,whitede01_2025,2.5759,2.3309,0.245,bookede01,20071429.0,49205800.0,
Portland Trail Blazers_2025,1,jokicni01_2025,7.0243,7.1184,-0.0942,camarto01,51415938.0,1891857.0,
Portland Trail Blazers_2025,2,gilgesh01_2025,6.0723,6.0723,0.0,simonan01,35859950.0,25892857.0,
Portland Trail Blazers_2025,3,antetgi01_2025,4.8296,4.9237,-0.0942,camarto01,48787676.0,1891857.0,
Portland Trail Blazers_2025,4,doncilu01_2025,3.8143,3.8762,-0.0619,sharpsh01,43031940.0,6614160.0,
Portland Trail Blazers_2025,5,curryst01_2025,3.2988,3.2988,0.0,simonan01,55761216.0,25892857.0,
Portland Trail Blazers_2025,6,wembavi01_2025,3.0267,3.1208,-0.0942,camarto01,12768960.0,1891857.0,
Portland Trail Blazers_2025,7,halibty01_2025,2.995,2.995,0.0,simonan01,42176400.0,25892857.0,
Portland Trail Blazers_2025,8,thompam01_2025,2.8218,2.5956,0.2262,sharpsh01,9249960.0,6614160.0,
Portland Trail Blazers_2025,9,willizi01_2025,2.7643,2.7521,0.0122,camarto01,36725670.0,1891857.0,
Portland Trail Blazers_2025,10,whitede01_2025,2.6364,2.4253,0.211,sharpsh01,20071429.0,6614160.0,
Sacramento Kings_2025,1,antetgi01_2025,5.7143,6.007,-0.2927,murrake02,48787676.0,8809560.0,
Sacramento Kings_2025,2,gilgesh01_2025,5.4516,5.4516,-0.0,monkma01,35859950.0,17405203.0,
Sacramento Kings_2025,3,jokicni01_2025,4.1341,4.3211,-0.187,sabondo01,51415938.0,40500000.0,
Sacramento Kings_2025,4,willizi01_2025,3.758,3.7722,-0.0142,murrake02,36725670.0,8809560.0,
Sacramento Kings_2025,5,mobleev01_2025,3.4417,3.4558,-0.0142,murrake02,11227657.0,8809560.0,
Sacramento Kings_2025,6,doncilu01_2025,3.2202,3.2202,-0.0,monkma01,43031940.0,17405203.0,
Sacramento Kings_2025,7,tatumja01_2025,3.2016,3.4465,-0.2449,murrake02,34848340.0,8809560.0,
Sacramento Kings_2025,8,butleji01_2025,3.0937,3.3386,-0.2449,murrake02,48798677.0,8809560.0,
Sacramento Kings_2025,9,willija07_2025,3.0181,2.994,0.0241,murrake02,2019699.0,8809560.0,
Sacramento Kings_2025,10,thompam01_2025,3.003,3.0172,-0.0142,murrake02,9249960.0,8809560.0,
San Antonio Spurs_2025,1,gilgesh01_2025,6.8226,6.9199,-0.0973,castlst01,35859950.0,9105120.0,
San Antonio Spurs_2025,2,doncilu01_2025,4.4843,4.5815,-0.0973,castlst01,43031940.0,9105120.0,
San Antonio Spurs_2025,3,antetgi01_2025,4.2837,4.3821,-0.0983,barneha02,48787676.0,18000000.0,
San Antonio Spurs_2025,4,jokicni01_2025,4.2181,4.2157,0.0024,sochaje01,51415938.0,5570040.0,
San Antonio Spurs_2025,5,curryst01_2025,4.1564,4.2537,-0.0973,castlst01,55761216.0,9105120.0,
San Antonio Spurs_2025,6,halibty01_2025,3.8644,3.9616,-0.0973,castlst01,42176400.0,9105120.0,
San Antonio Spurs_2025,7,jeromty01_2025,3.179,3.2762,-0.0973,castlst01,2560975.0,9105120.0,
San Antonio Spurs_2025,8,carusal01_2025,3.1745,3.1745,-0.0,castlst01,9890000.0,9105120.0,
San Antonio Spurs_2025,9,whitede01_2025,3.1703,3.1726,-0.0023,castlst01,20071429.0,9105120.0,
San Antonio Spurs_2025,10,hardeja01_2025,3.1669,3.2641,-0.0973,castlst01,33653846.0,9105120.0,
Oklahoma City Thunder_2025,1,antetgi01_2025,3.9834,4.2007,-0.2173,dortlu01,48787676.0,16500000.0,
Oklahoma City Thunder_2025,2,jokicni01_2025,3.5532,3.6446,-0.0915,harteis01,51415938.0,30000000.0,
Oklahoma City Thunder_2025,3,willizi01_2025,2.3649,2.3926,-0.0278,dortlu01,36725670.0,16500000.0,
Oklahoma City Thunder_2025,4,doncilu01_2025,2.3216,2.464,-0.1424,wallaca01,43031940.0,5555880.0,
Oklahoma City Thunder_2025,5,mobleev01_2025,2.1089,2.1367,-0.0278,dortlu01,11227657.0,16500000.0,
Oklahoma City Thunder_2025,6,tatumja01_2025,1.9134,2.1291,-0.2158,dortlu01,34848340.0,16500000.0,
Oklahoma City Thunder_2025,7,butleji01_2025,1.8261,2.0419,-0.2158,dortlu01,48798677.0,16500000.0,
Oklahoma City Thunder_2025,8,halibty01_2025,1.783,1.9254,-0.1424,wallaca01,42176400.0,5555880.0,
Oklahoma City Thunder_2025,9,thompam01_2025,1.754,1.7818,-0.0278,dortlu01,9249960.0,16500000.0,
Oklahoma City Thunder_2025,10,davisan02_2025,1.7353,1.9526,-0.2173,dortlu01,43219440.0,16500000.0,
Toronto Raptors_2025,1,gilgesh01_2025,4.6692,4.7581,-0.0888,sheadja01,35859950.0,1862265.0,
Toronto Raptors_2025,2,jokicni01_2025,4.0771,4.2027,-0.1257,poeltja01,51415938.0,19500000.0,
Toronto Raptors_2025,3,antetgi01_2025,3.3255,3.3794,-0.0539,barnesc01,48787676.0,10130980.0,
Toronto Raptors_2025,4,doncilu01_2025,3.1306,3.2195,-0.0888,sheadja01,43031940.0,1862265.0,
Toronto Raptors_2025,5,curryst01_2025,2.9149,3.0037,-0.0888,sheadja01,55761216.0,1862265.0,
Toronto Raptors_2025,6,tatumja01_2025,2.7899,2.831,-0.0411,dickgr01,34848340.0,4763760.0,
Toronto Raptors_2025,7,halibty01_2025,2.7227,2.8115,-0.0888,sheadja01,42176400.0,1862265.0,
Toronto Raptors_2025,8,butleji01_2025,2.7214,2.7625,-0.0411,dickgr01,48798677.0,4763760.0,
Toronto Raptors_2025,9,thompam01_2025,2.6199,2.5583,0.0615,dickgr01,9249960.0,4763760.0,
Toronto Raptors_2025,10,wagnefr01_2025,2.4942,2.5353,-0.0411,dickgr01,7007092.0,4763760.0,
Utah Jazz_2025,1,gilgesh01_2025,6.9806,6.9806,-0.0,georgke01,35859950.0,4084200.0,
Utah Jazz_2025,2,doncilu01_2025,4.6849,4.6849,-0.0,georgke01,43031940.0,4084200.0,
Utah Jazz_2025,3,jokicni01_2025,4.5815,4.6421,-0.0606,filipky01,51415938.0,3000000.0,
Utah Jazz_2025,4,curryst01_2025,4.363,4.363,-0.0,georgke01,55761216.0,4084200.0,
Utah Jazz_2025,5,halibty01_2025,4.0763,4.0763,-0.0,georgke01,42176400.0,4084200.0,
Utah Jazz_2025,6,whitede01_2025,3.4634,3.3016,0.1618,georgke01,20071429.0,4084200.0,
Utah Jazz_2025,7,carusal01_2025,3.4596,3.4596,0.0,colliis01,9890000.0,2512680.0,
Utah Jazz_2025,8,hardeja01_2025,3.3915,3.3915,-0.0,georgke01,33653846.0,4084200.0,
Utah Jazz_2025,9,edwaran01_2025,3.3551,3.5157,-0.1606,colliis01,42176400.0,2512680.0,
Utah Jazz_2025,10,pritcpa01_2025,3.3542,3.2645,0.0897,georgke01,6696429.0,4084200.0,
Memphis Grizzlies_2025,1,jokicni01_2025,5.1864,5.1864,0.0,jacksja02,51415938.0,25257798.0,
Memphis Grizzlies_2025,2,gilgesh01_2025,3.6282,3.7623,-0.1341,pippesc02,35859950.0,2087519.0,
Memphis Grizzlies_2025,3,antetgi01_2025,3.1996,3.1996,0.0,jacksja02,48787676.0,25257798.0,
Memphis Grizzlies_2025,4,willizi01_2025,3.0165,3.0232,-0.0066,wellsja01,36725670.0,1157153.0,
Memphis Grizzlies_2025,5,tatumja01_2025,2.5551,2.7626,-0.2076,wellsja01,34848340.0,1157153.0,
Memphis Grizzlies_2025,6,butleji01_2025,2.4688,2.6763,-0.2076,wellsja01,48798677.0,1157153.0,
Memphis Grizzlies_2025,7,thompam01_2025,2.4125,2.4191,-0.0066,wellsja01,9249960.0,1157153.0,
Memphis Grizzlies_2025,8,whitede01_2025,2.261,2.261,0.0,wellsja01,20071429.0,1157153.0,
Memphis Grizzlies_2025,9,carusal01_2025,2.2484,2.2628,-0.0143,wellsja01,9890000.0,1157153.0,
Memphis Grizzlies_2025,10,wagnefr01_2025,2.1825,2.3901,-0.2076,wellsja01,7007092.0,1157153.0,
Washington Wizards_2025,1,gilgesh01_2025,8.9863,9.0846,-0.0984,carrica01,35859950.0,4454880.0,
Washington Wizards_2025,2,jokicni01_2025,6.603,6.603,0.0,sarral01,51415938.0,11245680.0,
Washington Wizards_2025,3,doncilu01_2025,6.3426,6.441,-0.0984,carrica01,43031940.0,4454880.0,
Washington Wizards_2025,4,curryst01_2025,5.972,6.0703,-0.0984,carrica01,55761216.0,4454880.0,
Washington Wizards_2025,5,halibty01_2025,5.6418,5.7401,-0.0984,carrica01,42176400.0,4454880.0,
Washington Wizards_2025,6,antetgi01_2025,4.9985,4.9985,0.0,sarral01,48787676.0,11245680.0,
Washington Wizards_2025,7,whitede01_2025,4.9704,4.8481,0.1223,carrica01,20071429.0,4454880.0,
Washington Wizards_2025,8,carusal01_2025,4.9363,4.8502,0.0861,carrica01,9890000.0,4454880.0,
Washington Wizards_2025,9,hardeja01_2025,4.8532,4.9516,-0.0984,carrica01,33653846.0,4454880.0,
Washington Wizards_2025,10,pritcpa01_2025,4.8053,4.8053,0.0,carrica01,6696429.0,4454880.0,
Detroit Pistons_2025,1,jokicni01_2025,6.4276,6.4276,0.0,harrito02,51415938.0,25365854.0,
Detroit Pistons_2025,2,gilgesh01_2025,4.9708,5.0804,-0.1096,beaslma01,35859950.0,6000000.0,
Detroit Pistons_2025,3,antetgi01_2025,4.4296,4.4296,0.0,harrito02,48787676.0,25365854.0,
Detroit Pistons_2025,4,tatumja01_2025,3.2021,3.3437,-0.1416,hardati02,34848340.0,16193183.0,
Detroit Pistons_2025,5,butleji01_2025,3.1135,3.2551,-0.1416,hardati02,48798677.0,16193183.0,
Detroit Pistons_2025,6,thompam01_2025,2.9255,2.9911,-0.0655,hardati02,9249960.0,16193183.0,
Detroit Pistons_2025,7,carusal01_2025,2.8291,2.8305,-0.0014,hardati02,9890000.0,16193183.0,
Detroit Pistons_2025,8,whitede01_2025,2.8287,2.8287,-0.0,hardati02,20071429.0,16193183.0,
Detroit Pistons_2025,9,wagnefr01_2025,2.8196,2.9612,-0.1416,hardati02,7007092.0,16193183.0,
Detroit Pistons_2025,10,jeromty01_2025,2.7888,2.9304,-0.1416,hardati02,2560975.0,16193183.0,
Charlotte Hornets_2025,1,gilgesh01_2025,5.0405,5.0866,-0.046,smithni01,35859950.0,2587200.0,
Charlotte Hornets_2025,2,jokicni01_2025,4.2116,4.2941,-0.0825,salauti01,51415938.0,7488720.0,
Charlotte Hornets_2025,3,tatumja01_2025,3.6223,3.7749,-0.1527,greenjo02,34848340.0,12654321.0,
Charlotte Hornets_2025,4,doncilu01_2025,3.5426,3.5886,-0.046,smithni01,43031940.0,2587200.0,
Charlotte Hornets_2025,5,thompam01_2025,3.4152,3.4486,-0.0334,greenjo02,9249960.0,12654321.0,
Charlotte Hornets_2025,6,curryst01_2025,3.3326,3.3786,-0.046,smithni01,55761216.0,2587200.0,
Charlotte Hornets_2025,7,carusal01_2025,3.3244,3.3,0.0245,greenjo02,9890000.0,12654321.0,
Charlotte Hornets_2025,8,antetgi01_2025,3.3179,3.3179,0.0,bridgmi02,48787676.0,27173913.0,
Charlotte Hornets_2025,9,whitede01_2025,3.2983,3.2983,-0.0,greenjo02,20071429.0,12654321.0,
Charlotte Hornets_2025,10,wagnefr01_2025,3.2683,3.421,-0.1527,greenjo02,7007092.0,12654321.0,
