player_id,season,salary,source,cap_pct
abdulta01,1999,1411000,bbref,0.04703333333333334
abdursh01,1999,2842000,bbref,0.09473333333333334
allenra02,1999,2320000,bbref,0.07733333333333334
anderde01,1999,1273000,bbref,0.04243333333333334
anderke01,1999,5845000,bbref,0.19483333333333333
anderni01,1999,3200000,bbref,0.10666666666666667
andersh01,1999,1300000,bbref,0.043333333333333335
anstech01,1999,985200,bbref,0.03284
anthogr01,1999,1000000,bbref,0.03333333333333333
armstbj01,1999,2800000,bbref,0.09333333333333334
armstda01,1999,2900000,bbref,0.09666666666666666
askinke01,1999,725000,bbref,0.024166666666666666
augmost01,1999,3200000,bbref,0.10666666666666667
austiis01,1999,5000000,bbref,0.16666666666666666
baileth01,1999,850000,bbref,0.028333333333333332
baileto01,1999,287500,bbref,0.009583333333333333
bakervi01,1999,4264000,bbref,0.14213333333333333
barklch01,1999,1000000,bbref,0.03333333333333333
barroda01,1999,3500000,bbref,0.11666666666666667
barrybr01,1999,3600000,bbref,0.12
barrydr01,1999,350000,bbref,0.011666666666666667
barryjo01,1999,600000,bbref,0.02
battito01,1999,2238000,bbref,0.0746
beckco01,1999,425000,bbref,0.014166666666666666
benjaco01,1999,540000,bbref,0.018
besttr01,1999,2750000,bbref,0.09166666666666666
bibbymi01,1999,2400000,bbref,0.08
billuch01,1999,2742000,bbref,0.0914
blaylmo01,1999,3600000,bbref,0.12
blounco01,1999,1625000,bbref,0.05416666666666667
boguemu01,1999,2800000,bbref,0.09333333333333334
boothke01,1999,687240,bbref,0.022908
bowenbr01,1999,507000,bbref,0.0169
boykiea01,1999,287500,bbref,0.009583333333333333
bradlsh01,1999,6750000,bbref,0.225
brandte01,1999,6300000,bbref,0.21
brownch01,1999,850000,bbref,0.028333333333333332
brownde01,1999,3750000,bbref,0.125
brownge02,1999,287500,bbref,0.009583333333333333
brownma01,1999,500000,bbref,0.016666666666666666
brownpj01,1999,4480000,bbref,0.14933333333333335
brownra02,1999,1320000,bbref,0.044
brunsri01,1999,350000,bbref,0.011666666666666667
bryanko01,1999,1319000,bbref,0.04396666666666667
bryanma01,1999,2050000,bbref,0.06833333333333333
buechju01,1999,850000,bbref,0.028333333333333332
burresc01,1999,1000000,bbref,0.03333333333333333
butlemi02,1999,537500,bbref,0.017916666666666668
caffeja01,1999,3675000,bbref,0.1225
cagemi01,1999,2350000,bbref,0.07833333333333334
cambyma01,1999,3164000,bbref,0.10546666666666667
campbel01,1999,7000000,bbref,0.23333333333333334
carrch01,1999,1000000,bbref,0.03333333333333333
carrco01,1999,287500,bbref,0.009583333333333333
cartevi01,1999,1760000,bbref,0.058666666666666666
cassesa01,1999,3000000,bbref,0.1
catoke01,1999,1149000,bbref,0.0383
causwdu01,1999,1454000,bbref,0.048466666666666665
cebalce01,1999,750000,bbref,0.025
chapmre01,1999,2800000,bbref,0.09333333333333334
cheanca01,1999,4000000,bbref,0.13333333333333333
chilcpe01,1999,700000,bbref,0.023333333333333334
childch01,1999,3640000,bbref,0.12133333333333333
childra01,1999,866320,bbref,0.028877333333333335
chrisdo01,1999,2353000,bbref,0.07843333333333333
clarkke01,1999,1000000,bbref,0.03333333333333333
closske01,1999,1440000,bbref,0.048
cokerjo01,1999,350000,bbref,0.011666666666666667
colemde01,1999,6667000,bbref,0.22223333333333334
colesbi01,1999,2000000,bbref,0.06666666666666667
conloma01,1999,662500,bbref,0.022083333333333333
corbity01,1999,2400000,bbref,0.08
crawfch01,1999,350000,bbref,0.011666666666666667
croshau01,1999,1340000,bbref,0.04466666666666667
crottjo01,1999,600000,bbref,0.02
cummite01,1999,1150000,bbref,0.03833333333333333
cunniwi01,1999,350000,bbref,0.011666666666666667
curlebi01,1999,1544000,bbref,0.05146666666666667
curryde01,1999,1000000,bbref,0.03333333333333333
currymi01,1999,550000,bbref,0.018333333333333333
dampier01,1999,1538000,bbref,0.05126666666666667
daniean01,1999,2472000,bbref,0.0824
dareyi01,1999,1657000,bbref,0.055233333333333336
davidko01,1999,287500,bbref,0.009583333333333333
davisan01,1999,3500000,bbref,0.11666666666666667
davisbe01,1999,425000,bbref,0.014166666666666666
davisda01,1999,4038000,bbref,0.1346
davishu01,1999,645000,bbref,0.0215
davisri01,1999,680000,bbref,0.02266666666666667
daviste01,1999,1750000,bbref,0.058333333333333334
declean01,1999,1440000,bbref,0.048
deherte01,1999,575000,bbref,0.019166666666666665
delebi01,1999,4860000,bbref,0.162
delkto01,1999,1131000,bbref,0.0377
delnevi01,1999,1750000,bbref,0.058333333333333334
dickemi01,1999,949600,bbref,0.03165333333333333
divacvl01,1999,8300000,bbref,0.27666666666666667
doleami01,1999,1050000,bbref,0.035
douglsh01,1999,2200000,bbref,0.07333333333333333
drewbr01,1999,857000,bbref,0.028566666666666667
dumarjo01,1999,1000000,bbref,0.03333333333333333
duncati01,1999,3413000,bbref,0.11376666666666667
edwarbl01,1999,850000,bbref,0.028333333333333332
edwardo01,1999,1625000,bbref,0.05416666666666667
ehlocr01,1999,504082,bbref,0.016802733333333333
eisleho01,1999,1400000,bbref,0.04666666666666667
eliema01,1999,1750000,bbref,0.058333333333333334
elliose01,1999,5333000,bbref,0.17776666666666666
ellisda01,1999,1750000,bbref,0.058333333333333334
ellisla01,1999,1750000,bbref,0.058333333333333334
ellispe01,1999,2420000,bbref,0.08066666666666666
evansbr01,1999,686780,bbref,0.022892666666666665
ewingpa01,1999,18500000,bbref,0.6166666666666667
feickja01,1999,425000,bbref,0.014166666666666666
ferredu01,1999,1430000,bbref,0.04766666666666667
ferryda01,1999,4000000,bbref,0.13333333333333333
finlemi01,1999,6000000,bbref,0.2
fishede01,1999,795000,bbref,0.0265
fortsda01,1999,1485000,bbref,0.0495
fostegr01,1999,588000,bbref,0.0196
foxri01,1999,1750000,bbref,0.058333333333333334
foylead01,1999,1701000,bbref,0.0567
fulleto02,1999,1461000,bbref,0.0487
fundela01,1999,575000,github,0.019166666666666665
gamblke01,1999,1645000,bbref,0.05483333333333333
garneke01,1999,14000000,bbref,0.4666666666666667
garnema01,1999,287500,bbref,0.009583333333333333
garrede01,1999,2160000,bbref,0.072
garripa01,1999,740000,bbref,0.024666666666666667
gatlich01,1999,4266000,bbref,0.1422
gazean01,1999,350000,bbref,0.011666666666666667
geigema01,1999,6800000,bbref,0.22666666666666666
gilliar01,1999,3244000,bbref,0.10813333333333333
gillke01,1999,5000000,bbref,0.16666666666666666
grantbr01,1999,6000000,bbref,0.2
grantga01,1999,1000000,bbref,0.03333333333333333
grantha01,1999,1000000,bbref,0.03333333333333333
grantho01,1999,7843000,bbref,0.26143333333333335
grantpa01,1999,903240,bbref,0.030108
grayed01,1999,832440,bbref,0.027748
greenac01,1999,5125088,bbref,0.17083626666666665
guglito01,1999,7800000,bbref,0.26
hardaan01,1999,8505000,bbref,0.2835
hardati01,1999,5600000,bbref,0.18666666666666668
harpede01,1999,1000000,bbref,0.03333333333333333
harpero01,1999,5280000,bbref,0.176
harprma01,1999,900000,bbref,0.03
harrial01,1999,543000,bbref,0.0181
harrilu01,1999,1680000,bbref,0.056
hawkihe01,1999,3644000,bbref,0.12146666666666667
hawkimi01,1999,350000,bbref,0.011666666666666667
hendeal01,1999,4725000,bbref,0.1575
hendece02,1999,250000,bbref,0.008333333333333333
hendejr01,1999,287500,bbref,0.009583333333333333
hendrma01,1999,425000,bbref,0.014166666666666666
herreca01,1999,2080000,bbref,0.06933333333333333
hillgr01,1999,6675000,bbref,0.2225
hillty01,1999,5352000,bbref,0.1784
hoibefr01,1999,600000,bbref,0.02
honeyje01,1999,300000,bbref,0.01
hornaje01,1999,3455000,bbref,0.11516666666666667
horryro01,1999,5000000,bbref,0.16666666666666666
houstal01,1999,7000000,bbref,0.23333333333333334
howarju01,1999,13125000,bbref,0.4375
hudsotr01,1999,287500,bbref,0.009583333333333333
hughela01,1999,1330000,bbref,0.044333333333333336
hunteli01,1999,2050000,bbref,0.06833333333333333
hurlebo01,1999,4030000,bbref,0.13433333333333333
ilgauzy01,1999,936000,github,0.0312
iversal01,1999,3537000,bbref,0.1179
jacksbo01,1999,799200,bbref,0.02664
jacksji01,1999,1750000,bbref,0.058333333333333334
jacksma01,1999,3600000,bbref,0.12
jacksra02,1999,287500,bbref,0.009583333333333333
jacobsa01,1999,559000,bbref,0.01863333333333333
jamesje01,1999,287500,bbref,0.009583333333333333
jamisan01,1999,1940000,bbref,0.06466666666666666
johnsan02,1999,1000000,bbref,0.03333333333333333
johnsav01,1999,3000000,bbref,0.1
johnser02,1999,2594000,bbref,0.08646666666666666
johnsla02,1999,10186000,bbref,0.33953333333333335
johnsma02,1999,1000000,bbref,0.03333333333333333
jonesch03,1999,287500,bbref,0.009583333333333333
jonesda01,1999,287500,bbref,0.009583333333333333
jonesdo01,1999,953856,bbref,0.0317952
jonesed02,1999,2200000,bbref,0.07333333333333333
jonespo01,1999,2381000,bbref,0.07936666666666667
jordaad01,1999,350000,bbref,0.011666666666666667
keefead01,1999,2650000,bbref,0.08833333333333333
kempsh01,1999,9740000,bbref,0.32466666666666666
kernejo01,1999,287500,bbref,0.009583333333333333
kerrst01,1999,1774000,bbref,0.059133333333333336
kerseje01,1999,1000000,bbref,0.03333333333333333
kiddja01,1999,6041000,bbref,0.20136666666666667
kingge02,1999,287500,bbref,0.009583333333333333
kittlke01,1999,1762000,bbref,0.05873333333333333
kleinjo01,1999,1000000,bbref,0.03333333333333333
knighbr01,1999,1092000,bbref,0.0364
knighne01,1999,537500,bbref,0.017916666666666668
knightr01,1999,2400000,bbref,0.08
kukocto01,1999,4610000,bbref,0.15366666666666667
laettch01,1999,5360000,bbref,0.17866666666666667
lafrera01,1999,2150000,bbref,0.07166666666666667
langan01,1999,3068000,bbref,0.10226666666666667
larueru01,1999,350000,bbref,0.011666666666666667
laudepr01,1999,712200,bbref,0.02374
legleti01,1999,1320000,bbref,0.044
lenarvo01,1999,2837000,bbref,0.09456666666666666
lewisra02,1999,287500,bbref,0.009583333333333333
livinra01,1999,287500,bbref,0.009583333333333333
llamaho01,1999,425000,bbref,0.014166666666666666
longgr01,1999,2977000,bbref,0.09923333333333334
longllu01,1999,4000000,bbref,0.13333333333333333
lopezfe01,1999,600000,bbref,0.02
luety01,1999,287500,bbref,0.009583333333333333
lynchge01,1999,1000000,bbref,0.03333333333333333
macksa01,1999,545000,bbref,0.018166666666666668
macledo01,1999,2460000,bbref,0.082
mahorri01,1999,1000000,bbref,0.03333333333333333
majerda01,1999,3290000,bbref,0.10966666666666666
malonka01,1999,6142000,bbref,0.20473333333333332
mannida01,1999,6833000,bbref,0.22776666666666667
marbust01,1999,2562000,bbref,0.0854
marksse01,1999,287500,bbref,0.009583333333333333
marshdo01,1999,4370000,bbref,0.14566666666666667
mashbja01,1999,5033000,bbref,0.16776666666666668
masonan01,1999,4165000,bbref,0.13883333333333334
masseto01,1999,900000,bbref,0.03
maxweve01,1999,1000000,bbref,0.03333333333333333
maybele01,1999,1540000,bbref,0.051333333333333335
mccarke01,1999,287500,bbref,0.009583333333333333
mccarwa01,1999,975000,bbref,0.0325
mccloge01,1999,750000,bbref,0.025
mccoyje01,1999,287500,bbref,0.009583333333333333
mcdyean01,1999,9000000,bbref,0.3
mcgratr01,1999,1563000,bbref,0.0521
mcilvji01,1999,4200000,bbref,0.14
mcinnje01,1999,350000,bbref,0.011666666666666667
mckeyde01,1999,4200000,bbref,0.14
mckieaa01,1999,1430000,bbref,0.04766666666666667
mcleoro01,1999,740000,bbref,0.024666666666666667
mercero01,1999,2033000,bbref,0.06776666666666667
meyerlo01,1999,450000,bbref,0.015
milicma01,1999,350000,bbref,0.011666666666666667
millean01,1999,475000,bbref,0.015833333333333335
millebr01,1999,287500,bbref,0.009583333333333333
milleol01,1999,600000,bbref,0.02
millere01,1999,6781000,bbref,0.22603333333333334
millsch01,1999,3600000,bbref,0.12
millste01,1999,1145000,bbref,0.03816666666666667
minorgr01,1999,2520000,bbref,0.084
moblecu01,1999,287500,bbref,0.009583333333333333
mohamna01,1999,535000,bbref,0.017833333333333333
montrer01,1999,1760000,bbref,0.058666666666666666
morrich01,1999,1000000,bbref,0.03333333333333333
mournal01,1999,13130000,bbref,0.43766666666666665
mullich01,1999,3510000,bbref,0.117
murdoer01,1999,1750000,bbref,0.058333333333333334
muresgh01,1999,475000,bbref,0.015833333333333335
murrala01,1999,3500000,bbref,0.11666666666666667
murratr01,1999,2380000,bbref,0.07933333333333334
mutomdi01,1999,11218000,bbref,0.37393333333333334
muursma01,1999,763200,bbref,0.02544
nashst01,1999,1190760,bbref,0.039692
ndiayma01,1999,287500,bbref,0.009583333333333333
nesbyty01,1999,287500,bbref,0.009583333333333333
newmajo01,1999,1000000,bbref,0.03333333333333333
normake01,1999,3775000,bbref,0.12583333333333332
norrimo01,1999,350000,bbref,0.011666666666666667
nowitdi01,1999,1472640,bbref,0.049088
oaklech01,1999,10186000,bbref,0.33953333333333335
obannch01,1999,320000,bbref,0.010666666666666666
olajuha01,1999,12943000,bbref,0.43143333333333334
olowomi01,1999,2700000,bbref,0.09
onealje01,1999,1075000,bbref,0.035833333333333335
onealsh01,1999,15000000,bbref,0.5
ostergr01,1999,4333000,bbref,0.14443333333333333
outlabo01,1999,1150000,bbref,0.03833333333333333
overtdo01,1999,600000,bbref,0.02
owensbi01,1999,1750000,bbref,0.058333333333333334
packro01,1999,3780000,bbref,0.126
parkean01,1999,867120,bbref,0.028904
parksch02,1999,2000000,bbref,0.06666666666666667
pattean01,1999,287500,bbref,0.009583333333333333
patteru01,1999,628500,bbref,0.02095
paytoga01,1999,8715000,bbref,0.2905
peelean01,1999,2254000,bbref,0.07513333333333333
perduwi01,1999,4373000,bbref,0.14576666666666666
perkisa01,1999,1785000,bbref,0.0595
perryel01,1999,2000000,bbref,0.06666666666666667
persoch01,1999,2860000,bbref,0.09533333333333334
persowe01,1999,4200000,bbref,0.14
phillbo01,1999,3480000,bbref,0.116
piatker01,1999,1650000,bbref,0.055
piercpa01,1999,1165000,bbref,0.03883333333333333
pippesc01,1999,11000000,bbref,0.36666666666666664
pollasc01,1999,940920,bbref,0.031364
polynol01,1999,1000000,bbref,0.03333333333333333
popema01,1999,382000,bbref,0.012733333333333333
portete01,1999,1000000,bbref,0.03333333333333333
potapvi01,1999,1339000,bbref,0.04463333333333333
pricebr01,1999,2240000,bbref,0.07466666666666667
pricema01,1999,5488000,bbref,0.18293333333333334
radjadi01,1999,2500000,bbref,0.08333333333333333
ratlith01,1999,6000000,bbref,0.2
reevebr01,1999,7222000,bbref,0.24073333333333333
reevekh01,1999,2002000,bbref,0.06673333333333334
reiddo01,1999,800000,bbref,0.02666666666666667
reidjr01,1999,780000,bbref,0.026
rhodero01,1999,639300,bbref,0.02131
ricegl01,1999,5248000,bbref,0.17493333333333333
richapo01,1999,3030000,bbref,0.101
richmmi01,1999,2500000,bbref,0.08333333333333333
rideris01,1999,4810000,bbref,0.16033333333333333
rileyer01,1999,537500,bbref,0.017916666666666668
robinch01,1999,375000,bbref,0.0125
robincl02,1999,3500000,bbref,0.11666666666666667
robinda01,1999,14841000,bbref,0.4947
robingl01,1999,6380000,bbref,0.21266666666666667
robinja02,1999,1800000,bbref,0.06
rodmade01,1999,1000000,bbref,0.03333333333333333
rogerca01,1999,2000000,bbref,0.06666666666666667
rogerro01,1999,3000000,bbref,0.1
rogerro02,1999,862560,bbref,0.028752
rooksse01,1999,1680000,bbref,0.056
roseja01,1999,2145000,bbref,0.0715
rosema01,1999,425000,bbref,0.014166666666666666
russebr01,1999,3428000,bbref,0.11426666666666667
sabonar01,1999,9000000,bbref,0.3
sandeje01,1999,475000,bbref,0.015833333333333335
schayda01,1999,1000000,bbref,0.03333333333333333
schindw01,1999,662500,bbref,0.022083333333333333
schrede01,1999,3333000,bbref,0.1111
scottde01,1999,1000000,bbref,0.03333333333333333
sealyma01,1999,1000000,bbref,0.03333333333333333
seikaro01,1999,4252000,bbref,0.14173333333333332
sesayan01,1999,287500,bbref,0.009583333333333333
shackch01,1999,537500,github,0.017916666666666668
shawbr01,1999,3400000,bbref,0.11333333333333333
shawca01,1999,287500,bbref,0.009583333333333333
sheppje01,1999,287500,bbref,0.009583333333333333
simmoli01,1999,4238500,bbref,0.14128333333333334
simonmi01,1999,287500,bbref,0.009583333333333333
skinnbr01,1999,653500,bbref,0.02178333333333333
slatere01,1999,400000,bbref,0.013333333333333334
smithch01,1999,4375143,bbref,0.1458381
smithch04,1999,677080,bbref,0.022569333333333334
smithjo02,1999,1750000,bbref,0.058333333333333334
smithmi02,1999,2180000,bbref,0.07266666666666667
smithst01,1999,6300000,bbref,0.21
smitsri01,1999,8500000,bbref,0.2833333333333333
snower01,1999,846300,bbref,0.02821
spencfe01,1999,1650000,bbref,0.055
sprewla01,1999,8300000,bbref,0.27666666666666667
stackje01,1999,3887000,bbref,0.12956666666666666
stackry01,1999,287500,bbref,0.009583333333333333
starkjo01,1999,4000000,bbref,0.13333333333333333
stepavl01,1999,543000,bbref,0.0181
stewami01,1999,1000000,bbref,0.03333333333333333
stithbr01,1999,4666000,bbref,0.15553333333333333
stockjo01,1999,4000000,bbref,0.13333333333333333
stoudda01,1999,9000000,bbref,0.3
stricer01,1999,1920000,bbref,0.064
stricma01,1999,2100000,bbref,0.07
stronde01,1999,3000000,bbref,0.1
sundobr01,1999,287500,bbref,0.009583333333333333
surabo01,1999,3133000,bbref,0.10443333333333334
taylojo01,1999,1037000,bbref,0.03456666666666667
tayloma01,1999,1209000,bbref,0.0403
thomajo02,1999,737000,bbref,0.024566666666666667
thomaku01,1999,1750000,bbref,0.058333333333333334
thomati01,1999,1856000,bbref,0.06186666666666667
thorpot01,1999,4400000,bbref,0.14666666666666667
traylro01,1999,1590000,bbref,0.053
trentga01,1999,1000000,bbref,0.03333333333333333
turkcmi01,1999,739400,bbref,0.024646666666666667
tylerbj01,1999,1411000,bbref,0.04703333333333334
vanexni01,1999,1900000,bbref,0.06333333333333334
vanhoke01,1999,3054000,bbref,0.1018
vaughda02,1999,450000,bbref,0.015
vaughja01,1999,691560,bbref,0.023052
vaughlo01,1999,3830000,bbref,0.12766666666666668
vrankst01,1999,4060000,bbref,0.13533333333333333
walkean02,1999,2107000,bbref,0.07023333333333333
walkesa01,1999,1619880,bbref,0.053996
wallabe01,1999,800000,bbref,0.02666666666666667
wallajo01,1999,1021000,bbref,0.03403333333333333
wallara01,1999,9000000,bbref,0.3
waltere01,1999,1625000,bbref,0.05416666666666667
wardch01,1999,1221000,bbref,0.0407
washier01,1999,520000,bbref,0.017333333333333333
weathcl01,1999,1750000,github,0.058333333333333334
webbech01,1999,10000000,bbref,0.3333333333333333
wellsbo01,1999,1100000,bbref,0.03666666666666667
wellsbu01,1999,312000,bbref,0.0104
wennibi01,1999,1000000,bbref,0.03333333333333333
wesleda01,1999,2160000,bbref,0.072
westdo01,1999,2915000,bbref,0.09716666666666667
westma01,1999,1000000,bbref,0.03333333333333333
wheatde01,1999,350000,bbref,0.011666666666666667
whitnch01,1999,1440000,bbref,0.048
wilkido01,1999,1000000,bbref,0.03333333333333333
wilkige01,1999,2000000,bbref,0.06666666666666667
williaa01,1999,575000,bbref,0.019166666666666665
willibr01,1999,287500,bbref,0.009583333333333333
willibu01,1999,1670000,bbref,0.05566666666666667
willico02,1999,500000,bbref,0.016666666666666666
willier01,1999,2780000,bbref,0.09266666666666666
willihe01,1999,1000000,bbref,0.03333333333333333
williho01,1999,1750000,bbref,0.058333333333333334
willija01,1999,11000000,bbref,0.36666666666666664
willija02,1999,1460000,bbref,0.048666666666666664
willije01,1999,737880,bbref,0.024596
willike02,1999,2100000,bbref,0.07
willilo01,1999,1316000,bbref,0.043866666666666665
willimi02,1999,2975000,bbref,0.09916666666666667
willisc01,1999,3300000,bbref,0.11
williwa02,1999,3000000,bbref,0.1
wingada01,1999,1000000,bbref,0.03333333333333333
wintetr01,1999,287500,bbref,0.009583333333333333
wolfjo01,1999,1000000,bbref,0.03333333333333333
workmha01,1999,1440000,bbref,0.048
wrighlo02,1999,1923000,bbref,0.0641
wrighsh01,1999,4000000,bbref,0.13333333333333333
youngko01,1999,287500,bbref,0.009583333333333333
abdulta01,2000,1594920,bbref,0.04690941176470588
abdursh01,2000,9000000,bbref,0.2647058823529412
alexaco01,2000,1980000,bbref,0.05823529411764706
allenje01,2000,510000,bbref,0.015
allenra02,2000,9000000,bbref,0.2647058823529412
alstora01,2000,301875,bbref,0.008878676470588235
amaecjo01,2000,385000,bbref,0.011323529411764706
anderde01,2000,1439400,bbref,0.04233529411764706
anderke01,2000,6680000,bbref,0.19647058823529412
anderni01,2000,5051906,bbref,0.1485854705882353
andersh01,2000,2000000,bbref,0.058823529411764705
anderwi01,2000,510000,bbref,0.015
anstech01,2000,1113720,bbref,0.0327564705882353
anthogr01,2000,1100000,bbref,0.03235294117647059
armstbj01,2000,510000,bbref,0.015
armstda01,2000,4125000,bbref,0.1213235294117647
artesro01,2000,1079760,bbref,0.03175764705882353
askinke01,2000,1752400,bbref,0.051541176470588236
atkinch01,2000,385000,bbref,0.011323529411764706
augmost01,2000,3450000,bbref,0.10147058823529412
austiis01,2000,4819451,bbref,0.1417485588235294
aventan01,2000,510000,bbref,0.015
averywi01,2000,1196520,bbref,0.03519176470588235
baileth01,2000,510000,bbref,0.015
baileto01,2000,535000,bbref,0.01573529411764706
bakervi01,2000,9000000,bbref,0.2647058823529412
barklch01,2000,9000000,bbref,0.2647058823529412
barroda01,2000,3500000,bbref,0.10294117647058823
barrybr01,2000,3960000,bbref,0.11647058823529412
barrydr01,2000,62765,bbref,0.0018460294117647058
barryjo01,2000,800000,bbref,0.023529411764705882
bastoma01,2000,20000,bbref,0.000588235294117647
battito01,2000,2530920,bbref,0.07443882352941177
bendejo01,2000,2214600,bbref,0.06513529411764706
benjabe01,2000,123529,bbref,0.003633205882352941
benjaco01,2000,696000,bbref,0.02047058823529412
besttr01,2000,3250000,bbref,0.09558823529411764
bibbymi01,2000,3092400,bbref,0.09095294117647058
billuch01,2000,3100080,bbref,0.09117882352941177
blaylmo01,2000,4200000,bbref,0.12352941176470589
blounco01,2000,1100000,bbref,0.03235294117647059
boguemu01,2000,510000,bbref,0.015
boothca01,2000,301875,bbref,0.008878676470588235
boothke01,2000,776880,bbref,0.022849411764705882
borrela01,2000,301875,bbref,0.008878676470588235
bowdlca01,2000,1025880,bbref,0.03017294117647059
bowenbr01,2000,510000,bbref,0.015
bowenry01,2000,301875,bbref,0.008878676470588235
bowmair01,2000,4529,bbref,0.00013320588235294118
boykiea01,2000,88324,bbref,0.002597764705882353
bradlsh01,2000,7560000,bbref,0.2223529411764706
bramlaj01,2000,118974,bbref,0.003499235294117647
brandel01,2000,3375960,bbref,0.09929294117647058
brandte01,2000,7400000,bbref,0.21764705882352942
brownch01,2000,510000,bbref,0.015
brownde01,2000,4000000,bbref,0.11764705882352941
brownge02,2000,385000,bbref,0.011323529411764706
brownma01,2000,43294,bbref,0.0012733529411764707
brownmi01,2000,25000,bbref,0.0007352941176470588
brownpj01,2000,5124800,bbref,0.1507294117647059
brownra02,2000,1200000,bbref,0.03529411764705882
brunsri01,2000,485000,bbref,0.014264705882352941
bryanko01,2000,9000000,bbref,0.2647058823529412
bryanma01,2000,2000000,bbref,0.058823529411764705
buckngr01,2000,47647,bbref,0.0014013823529411766
buechju01,2000,1100000,bbref,0.03235294117647059
buforro01,2000,301875,bbref,0.008878676470588235
bullama01,2000,1333333,bbref,0.03921567647058823
burresc01,2000,1000000,bbref,0.029411764705882353
butlemi02,2000,150000,bbref,0.004411764705882353
caffeja01,2000,3937500,bbref,0.11580882352941177
cagemi01,2000,510000,bbref,0.015
caldwad01,2000,50000,bbref,0.0014705882352941176
cambyma01,2000,5250000,bbref,0.15441176470588236
campbel01,2000,7975000,bbref,0.23455882352941176
carran01,2000,1000000,bbref,0.029411764705882353
carrch01,2000,60000,bbref,0.0017647058823529412
cartean01,2000,385000,bbref,0.011323529411764706
cartevi01,2000,2267280,bbref,0.06668470588235294
cassesa01,2000,3500000,bbref,0.10294117647058823
catoke01,2000,1299000,bbref,0.03820588235294118
causwdu01,2000,1696387,bbref,0.04989373529411765
cebalce01,2000,3500000,bbref,0.10294117647058823
celesjo01,2000,301875,bbref,0.008878676470588235
chapmre01,2000,3150000,bbref,0.09264705882352942
cheanca01,2000,2000000,bbref,0.058823529411764705
chilcpe01,2000,510000,bbref,0.015
childch01,2000,4160000,bbref,0.1223529411764706
chrisdo01,2000,2742600,bbref,0.08066470588235294
clarkke01,2000,1289400,bbref,0.0379235294117647
closske01,2000,1680000,bbref,0.04941176470588235
cokerjo01,2000,510000,bbref,0.015
colemde01,2000,7370000,bbref,0.21676470588235294
colesbi01,2000,2300000,bbref,0.06764705882352941
conloma01,2000,229059,bbref,0.006737029411764706
corbity01,2000,510000,bbref,0.015
cottoja02,2000,460000,bbref,0.013529411764705882
crawfch01,2000,2000000,bbref,0.058823529411764705
croshau01,2000,1515120,bbref,0.04456235294117647
crottjo01,2000,760000,bbref,0.02235294117647059
cummite01,2000,2600000,bbref,0.07647058823529412
cummivo01,2000,704400,bbref,0.020717647058823528
curlebi01,2000,117867,bbref,0.003466676470588235
curryde01,2000,2100000,bbref,0.061764705882352944
currymi01,2000,2000000,bbref,0.058823529411764705
dampier01,2000,4988000,bbref,0.14670588235294119
daniean01,2000,2794920,bbref,0.0822035294117647
dareyi01,2000,1893500,bbref,0.05569117647058824
davidko01,2000,175882,bbref,0.005173
davisan01,2000,4200000,bbref,0.12352941176470589
davisba01,2000,2712480,bbref,0.07977882352941176
davisbe01,2000,45847,bbref,0.0013484411764705883
davisda01,2000,4490000,bbref,0.13205882352941176
davisem01,2000,510000,bbref,0.015
davishu01,2000,752500,bbref,0.02213235294117647
davisma02,2000,100000,bbref,0.0029411764705882353
davisri01,2000,878160,bbref,0.02582823529411765
daviste01,2000,1925000,bbref,0.05661764705882353
dayto01,2000,510000,bbref,0.015
declean01,2000,1680000,bbref,0.04941176470588235
deherte01,2000,50000,bbref,0.0014705882352941176
delebi01,2000,5770000,bbref,0.16970588235294118
delkto01,2000,485000,bbref,0.014264705882352941
delnevi01,2000,1925000,bbref,0.05661764705882353
dialde01,2000,301875,bbref,0.008878676470588235
dickemi01,2000,1224960,bbref,0.036028235294117646
divacvl01,2000,8837774,bbref,0.2599345294117647
doleami01,2000,1357320,bbref,0.03992117647058824
douglsh01,2000,1000000,bbref,0.029411764705882353
drewbr01,2000,1105560,bbref,0.03251647058823529
dudlech02,2000,7100000,bbref,0.2088235294117647
dumarjo01,2000,510000,bbref,0.015
duncati01,2000,3858240,bbref,0.11347764705882353
edwarbl01,2000,510000,bbref,0.015
eisleho01,2000,1560000,bbref,0.04588235294117647
ekeziob01,2000,301875,bbref,0.008878676470588235
eliema01,2000,1925000,bbref,0.05661764705882353
elliose01,2000,5433333,bbref,0.15980391176470587
ellisda01,2000,2095250,bbref,0.061625
ellisla01,2000,1925000,bbref,0.05661764705882353
ellispe01,2000,2750000,bbref,0.08088235294117647
eschmev01,2000,301875,bbref,0.008878676470588235
ewingpa01,2000,15000000,bbref,0.4411764705882353
farmeto01,2000,510000,bbref,0.015
feickja01,2000,2000000,bbref,0.058823529411764705
ferredu01,2000,1625000,bbref,0.04779411764705882
ferryda01,2000,4000000,bbref,0.11764705882352941
finlemi01,2000,7200000,bbref,0.21176470588235294
fishede01,2000,3000000,bbref,0.08823529411764706
fortsda01,2000,1678800,bbref,0.04937647058823529
fostegr01,2000,1603861,bbref,0.047172382352941175
fosteje01,2000,857760,bbref,0.02522823529411765
foxri01,2000,3033000,bbref,0.08920588235294118
foylead01,2000,1922520,bbref,0.05654470588235294
francst01,2000,3020520,bbref,0.08883882352941176
fulleto02,2000,485000,bbref,0.014264705882352941
fundela01,2000,2400000,bbref,0.07058823529411765
gamblke01,2000,1868750,bbref,0.054963235294117646
garneke01,2000,16806300,bbref,0.4943029411764706
garrede01,2000,2520000,bbref,0.07411764705882352
garriki01,2000,61147,bbref,0.0017984411764705882
garripa01,2000,952800,bbref,0.028023529411764708
gatlich01,2000,4875200,bbref,0.14338823529411765
gazean01,2000,460000,bbref,0.013529411764705882
geigema01,2000,6889520,bbref,0.2026329411764706
georgde01,2000,790440,bbref,0.023248235294117646
gilliar01,2000,3707200,bbref,0.10903529411764706
gillke01,2000,5600000,bbref,0.16470588235294117
glovedi01,2000,893400,bbref,0.026276470588235293
goodrst01,2000,4529,bbref,0.00013320588235294118
grantbr01,2000,7680862,bbref,0.22590770588235295
grantga01,2000,1200000,bbref,0.03529411764705882
grantha01,2000,1200000,bbref,0.03529411764705882
grantho01,2000,5952381,bbref,0.1750700294117647
grantpa01,2000,1021080,bbref,0.03003176470588235
grayde01,2000,88223,bbref,0.002594794117647059
grayed01,2000,941040,bbref,0.02767764705882353
greenac01,2000,1700000,bbref,0.05
griffad01,2000,385000,bbref,0.011323529411764706
guglito01,2000,8558535,bbref,0.2517216176470588
haleyja01,2000,510000,bbref,0.015
hamda01,2000,460000,bbref,0.013529411764705882
hamilri01,2000,1836240,bbref,0.054007058823529415
hamilth01,2000,510000,bbref,0.015
hammoto01,2000,1800000,bbref,0.052941176470588235
hardaan01,2000,9000000,bbref,0.2647058823529412
hardati01,2000,4800000,bbref,0.1411764705882353
harpede01,2000,1100000,bbref,0.03235294117647059
harpero01,2000,2000000,bbref,0.058823529411764705
harprma01,2000,1163760,bbref,0.03422823529411765
harrial01,2000,745800,bbref,0.02193529411764706
harrilu01,2000,1920000,bbref,0.05647058823529412
harriot01,2000,2025000,bbref,0.05955882352941176
harvean01,2000,510000,bbref,0.015
hawkihe01,2000,4164100,bbref,0.1224735294117647
hawkimi01,2000,465029,bbref,0.013677323529411764
hendeal01,2000,5318437,bbref,0.1564246176470588
hendece02,2000,2400000,bbref,0.07058823529411765
hendrma01,2000,62764,bbref,0.001846
herrech01,2000,301875,bbref,0.008878676470588235
hillgr01,2000,6939000,bbref,0.20408823529411765
hillty01,2000,6422400,bbref,0.18889411764705882
hoibefr01,2000,800000,bbref,0.023529411764705882
honeyje01,2000,460000,bbref,0.013529411764705882
hoodde01,2000,49721,bbref,0.0014623823529411764
hornaje01,2000,5200000,bbref,0.15294117647058825
horryro01,2000,4800000,bbref,0.1411764705882353
houstal01,2000,8000000,bbref,0.23529411764705882
howarju01,2000,15000000,bbref,0.4411764705882353
hudsotr01,2000,460000,bbref,0.013529411764705882
hughela01,2000,1722240,bbref,0.05065411764705882
hugheri02,2000,115423,bbref,0.003394794117647059
hunteli01,2000,2350000,bbref,0.06911764705882353
ilgauzy01,2000,9000000,bbref,0.2647058823529412
iversal01,2000,9000000,bbref,0.2647058823529412
jacksbo01,2000,903360,bbref,0.026569411764705883
jacksja01,2000,2483333,bbref,0.07303920588235294
jacksje01,2000,302875,bbref,0.008908088235294117
jacksji01,2000,1925000,bbref,0.05661764705882353
jacksma01,2000,4000000,bbref,0.11764705882352941
jacksra02,2000,115500,bbref,0.003397058823529412
jacobsa01,2000,721080,bbref,0.021208235294117646
jamesti01,2000,728520,bbref,0.02142705882352941
jamisan01,2000,2503800,bbref,0.07364117647058824
jamisha01,2000,301875,bbref,0.008878676470588235
johnsan02,2000,1100000,bbref,0.03235294117647059
johnsav01,2000,3200000,bbref,0.09411764705882353
johnsde02,2000,111871,bbref,0.003290323529411765
johnsed03,2000,1000000,bbref,0.029411764705882353
johnser02,2000,2951029,bbref,0.08679497058823529
johnsla02,2000,11910714,bbref,0.3503151176470588
johnsma02,2000,1000000,bbref,0.029411764705882353
jonesch03,2000,385000,bbref,0.011323529411764706
jonesda01,2000,106441,bbref,0.0031306176470588237
jonesed02,2000,2500000,bbref,0.07352941176470588
jonesju01,2000,684000,bbref,0.02011764705882353
jonespo01,2000,2531250,bbref,0.0744485294117647
jordare01,2000,510000,bbref,0.015
keefead01,2000,3000000,bbref,0.08823529411764706
kempsh01,2000,10780000,bbref,0.3170588235294118
kernejo01,2000,5000,bbref,0.00014705882352941175
kerrst01,2000,1968750,bbref,0.057904411764705885
kerseje01,2000,1000000,bbref,0.029411764705882353
ketnela01,2000,92338,bbref,0.002715823529411765
kiddja01,2000,6858335,bbref,0.20171573529411765
kingge02,2000,460000,bbref,0.013529411764705882
kirilan01,2000,632400,bbref,0.0186
kittlke01,2000,7166666,bbref,0.21078429411764707
kleinjo01,2000,510000,bbref,0.015
knighbr01,2000,1234080,bbref,0.03629647058823529
knightr01,2000,2800000,bbref,0.08235294117647059
kukocto01,2000,4500000,bbref,0.1323529411764706
laettch01,2000,6062500,bbref,0.17830882352941177
lafrera01,2000,2777160,bbref,0.08168117647058823
langan01,2000,510000,bbref,0.015
langdtr01,2000,1394280,bbref,0.041008235294117644
larueru01,2000,40588,bbref,0.001193764705882353
lawsoja01,2000,25000,bbref,0.0007352941176470588
legleti01,2000,1119000,bbref,0.032911764705882356
lenarvo01,2000,3308516,bbref,0.09730929411764706
lewisqu01,2000,930720,bbref,0.027374117647058823
lewisra02,2000,385000,bbref,0.011323529411764706
livinra01,2000,485000,bbref,0.014264705882352941
longar01,2000,25000,bbref,0.0007352941176470588
longgr01,2000,2000000,bbref,0.058823529411764705
longllu01,2000,5175000,bbref,0.15220588235294116
luety01,2000,809280,bbref,0.02380235294117647
lynchge01,2000,2000000,bbref,0.058823529411764705
maccuto01,2000,301875,bbref,0.008878676470588235
macksa01,2000,315000,bbref,0.00926470588235294
macledo01,2000,2800000,bbref,0.08235294117647059
maggeco01,2000,1259400,bbref,0.03704117647058824
mahorri01,2000,510000,bbref,0.015
majerda01,2000,3600000,bbref,0.10588235294117647
malonka01,2000,14000000,bbref,0.4117647058823529
malonma01,2000,2081250,bbref,0.061213235294117645
mannida01,2000,6833333,bbref,0.2009803823529412
marbust01,2000,9000000,bbref,0.2647058823529412
mariosh01,2000,1546320,bbref,0.04548
marksse01,2000,385000,bbref,0.011323529411764706
marshdo01,2000,5250000,bbref,0.15441176470588236
martida01,2000,572500,bbref,0.016838235294117647
mashbja01,2000,5600000,bbref,0.16470588235294117
masonan01,2000,4860100,bbref,0.14294411764705883
masseto01,2000,1150000,bbref,0.033823529411764704
maxweve01,2000,1430000,bbref,0.04205882352941177
mccarwa01,2000,2500000,bbref,0.07352941176470588
mccasam01,2000,485000,bbref,0.014264705882352941
mccloge01,2000,2000000,bbref,0.058823529411764705
mccoyje01,2000,1000000,bbref,0.029411764705882353
mcdyean01,2000,9900000,bbref,0.2911764705882353
mcgratr01,2000,1767120,bbref,0.05197411764705882
mcilvji01,2000,4800000,bbref,0.1411764705882353
mcinnje01,2000,460000,bbref,0.013529411764705882
mckeyde01,2000,4800000,bbref,0.1411764705882353
mckieaa01,2000,1624000,bbref,0.04776470588235294
mcleoro01,2000,914760,bbref,0.02690470588235294
mercero01,2000,2298840,bbref,0.06761294117647058
millean01,2000,30000,bbref,0.0008823529411764706
millean02,2000,1682280,bbref,0.04947882352941176
millebr01,2000,385000,bbref,0.011323529411764706
milleol01,2000,510000,bbref,0.015
millere01,2000,9031850,bbref,0.2656426470588235
millsch01,2000,4200000,bbref,0.12352941176470589
millste01,2000,510000,bbref,0.015
minorgr01,2000,2880000,bbref,0.08470588235294117
miskija01,2000,15982,bbref,0.00047005882352941174
mitchsa01,2000,2000000,bbref,0.058823529411764705
moblecu01,2000,385000,bbref,0.011323529411764706
mohamna01,2000,690960,bbref,0.020322352941176472
montrer01,2000,2000000,bbref,0.058823529411764705
mooremi01,2000,460000,bbref,0.013529411764705882
mortojo01,2000,6735,bbref,0.00019808823529411765
mournal01,2000,15004800,bbref,0.44131764705882354
mullich01,2000,4079100,bbref,0.1199735294117647
murdoer01,2000,1925000,bbref,0.05661764705882353
muresgh01,2000,510000,bbref,0.015
murrala01,2000,3000000,bbref,0.08823529411764706
murratr01,2000,2720000,bbref,0.08
mutomdi01,2000,12820249,bbref,0.3770661470588235
nashst01,2000,5500000,bbref,0.16176470588235295
ndiayma01,2000,385000,bbref,0.011323529411764706
nesbyty01,2000,2716667,bbref,0.0799019705882353
nestera01,2000,1050240,bbref,0.030889411764705884
newmajo01,2000,1100000,bbref,0.03235294117647059
nowitdi01,2000,1583040,bbref,0.04656
oaklech01,2000,5236000,bbref,0.154
odomla01,2000,2445480,bbref,0.07192588235294117
olajuha01,2000,14302001,bbref,0.4206470882352941
oliveji01,2000,7471,bbref,0.00021973529411764705
ollieke01,2000,422235,bbref,0.012418676470588235
olowomi01,2000,3456240,bbref,0.10165411764705883
onealje01,2000,5075000,bbref,0.14926470588235294
onealsh01,2000,17142858,bbref,0.5042017058823529
ostergr01,2000,5200000,bbref,0.15294117647058825
outlabo01,2000,2000000,bbref,0.058823529411764705
overtdo01,2000,492000,bbref,0.014470588235294117
owensbi01,2000,2090000,bbref,0.06147058823529412
packro01,2000,4050000,bbref,0.11911764705882352
padgesc01,2000,679800,bbref,0.019994117647058822
palacmi01,2000,301875,bbref,0.008878676470588235
pankoan01,2000,5000,bbref,0.00014705882352941175
parkean01,2000,980280,bbref,0.028831764705882352
parksch02,2000,1925000,bbref,0.05661764705882353
pattean01,2000,385000,bbref,0.011323529411764706
patteru01,2000,900000,bbref,0.026470588235294117
paytoga01,2000,11020473,bbref,0.3241315588235294
peelean01,2000,2495500,bbref,0.07339705882352941
perduwi01,2000,5300000,bbref,0.15588235294117647
perkisa01,2000,1925000,bbref,0.05661764705882353
perryel01,2000,2000000,bbref,0.058823529411764705
persoch01,2000,510000,bbref,0.015
persowe01,2000,4900000,bbref,0.14411764705882352
phillbo01,2000,4060000,bbref,0.11941176470588236
piatker01,2000,2000000,bbref,0.058823529411764705
piercpa01,2000,1503960,bbref,0.04423411764705883
piercri01,2000,510000,bbref,0.015
pincked01,2000,510000,bbref,0.015
pippesc01,2000,14795642,bbref,0.43516594117647056
pollasc01,2000,1063680,bbref,0.031284705882352944
polynol01,2000,2000000,bbref,0.058823529411764705
popema01,2000,460000,bbref,0.013529411764705882
portete01,2000,2000000,bbref,0.058823529411764705
poseyja01,2000,974520,bbref,0.028662352941176472
potapvi01,2000,3810000,bbref,0.11205882352941177
pricebr01,2000,2944000,bbref,0.08658823529411765
profila01,2000,301875,bbref,0.008878676470588235
radjadi01,2000,2270500,bbref,0.06677941176470588
radojal01,2000,1325760,bbref,0.03899294117647059
ratlith01,2000,7031250,bbref,0.20680147058823528
recasel01,2000,1100000,bbref,0.03235294117647059
reevebr01,2000,8666666,bbref,0.2549019411764706
reevekh01,2000,30309,bbref,0.0008914411764705882
reiddo01,2000,1000000,bbref,0.029411764705882353
reidjr01,2000,2000000,bbref,0.058823529411764705
rentzef01,2000,658700,bbref,0.019373529411764706
rhodero01,2000,600000,bbref,0.01764705882352941
ricegl01,2000,7000000,bbref,0.20588235294117646
richapo01,2000,500000,bbref,0.014705882352941176
richmmi01,2000,10000000,bbref,0.29411764705882354
rideris01,2000,5410000,bbref,0.15911764705882353
rileyer01,2000,50206,bbref,0.0014766470588235294
roberry01,2000,301875,bbref,0.008878676470588235
roberst01,2000,102824,bbref,0.003024235294117647
robincl02,2000,6125000,bbref,0.1801470588235294
robinda01,2000,11592683,bbref,0.34096126470588234
robined01,2000,600000,bbref,0.01764705882352941
robingl01,2000,7250000,bbref,0.21323529411764705
robinja02,2000,1866667,bbref,0.054901970588235295
roelo01,2000,97412,bbref,0.002865058823529412
rogerca01,2000,2100000,bbref,0.061764705882352944
rogerro01,2000,2000000,bbref,0.058823529411764705
rogerro02,2000,485000,bbref,0.014264705882352941
rooksse01,2000,1920000,bbref,0.05647058823529412
roseja01,2000,2437500,bbref,0.07169117647058823
rosema01,2000,2285000,bbref,0.06720588235294117
ruffimi01,2000,401875,bbref,0.01181985294117647
russebr01,2000,4000000,bbref,0.11764705882352941
sabonar01,2000,9818481,bbref,0.28877885294117644
sallejo01,2000,510000,bbref,0.015
sasseja01,2000,2706,bbref,7.958823529411764e-05
schayda01,2000,211765,bbref,0.0062283823529411765
schindw01,2000,550000,bbref,0.016176470588235296
schrede01,2000,2000000,bbref,0.058823529411764705
scottbr01,2000,385000,bbref,0.011323529411764706
scottde01,2000,1100000,bbref,0.03235294117647059
sealssh01,2000,385000,bbref,0.011323529411764706
sealyma01,2000,1100000,bbref,0.03235294117647059
sesayan01,2000,535000,bbref,0.01573529411764706
shawbr01,2000,1100000,bbref,0.03235294117647059
shawca01,2000,25000,bbref,0.0007352941176470588
sheppje01,2000,385000,bbref,0.011323529411764706
simonmi01,2000,385000,bbref,0.011323529411764706
simpkdi01,2000,1500000,bbref,0.04411764705882353
skinnbr01,2000,843000,bbref,0.024794117647058824
smithch04,2000,779960,bbref,0.02294
smithjo02,2000,2100000,bbref,0.061764705882352944
smithle01,2000,449920,bbref,0.013232941176470588
smithmi02,2000,2000000,bbref,0.058823529411764705
smithst01,2000,7200000,bbref,0.21176470588235294
smitsri01,2000,12250000,bbref,0.3602941176470588
snower01,2000,3000000,bbref,0.08823529411764706
spencfe01,2000,510000,bbref,0.015
sprewla01,2000,9000000,bbref,0.2647058823529412
stackje01,2000,4781250,bbref,0.140625
stackry01,2000,385000,bbref,0.011323529411764706
starkjo01,2000,4000000,bbref,0.11764705882352941
stepavl01,2000,700320,bbref,0.02059764705882353
stephjo01,2000,88441,bbref,0.0026012058823529412
stewake01,2000,18941,bbref,0.0005570882352941176
stewami01,2000,3200000,bbref,0.09411764705882353
stithbr01,2000,5290000,bbref,0.15558823529411764
stockjo01,2000,11000000,bbref,0.3235294117647059
stojape01,2000,1310400,bbref,0.03854117647058824
stoudda01,2000,10125000,bbref,0.2977941176470588
stricer01,2000,2240000,bbref,0.06588235294117648
stricma01,2000,2302400,bbref,0.06771764705882354
stricro02,2000,10000000,bbref,0.29411764705882354
stronde01,2000,3159000,bbref,0.09291176470588235
sundobr01,2000,385000,bbref,0.011323529411764706
surabo01,2000,3760000,bbref,0.11058823529411765
szczewa02,2000,2011440,bbref,0.05916
tabakza01,2000,1100000,bbref,0.03235294117647059
taylojo01,2000,1172400,bbref,0.03448235294117647
tayloma01,2000,1367400,bbref,0.04021764705882353
terryja01,2000,1468920,bbref,0.0432035294117647
thomaja01,2000,31963,bbref,0.0009400882352941177
thomajo02,2000,832560,bbref,0.02448705882352941
thomake01,2000,823440,bbref,0.024218823529411765
thomaku01,2000,1925000,bbref,0.05661764705882353
thomati01,2000,2098560,bbref,0.06172235294117647
thompla01,2000,510000,bbref,0.015
thorpot01,2000,2000000,bbref,0.058823529411764705
traylro01,2000,2059320,bbref,0.060568235294117645
trentga01,2000,2000000,bbref,0.058823529411764705
turkcmi01,2000,830745,bbref,0.024433676470588236
turnewa01,2000,30000,bbref,0.0008823529411764706
tylerbj01,2000,1614000,bbref,0.04747058823529412
vanexni01,2000,8354614,bbref,0.2457239411764706
vanhoke01,2000,3451920,bbref,0.10152705882352941
vaughja01,2000,781800,bbref,0.022994117647058825
vaughlo01,2000,4180000,bbref,0.12294117647058823
vinsofr01,2000,485000,bbref,0.014264705882352941
walkean02,2000,9000000,bbref,0.2647058823529412
walkesa01,2000,2716667,bbref,0.0799019705882353
wallabe01,2000,893750,bbref,0.026286764705882353
wallajo01,2000,2000000,bbref,0.058823529411764705
wallara01,2000,10800000,bbref,0.3176470588235294
waltere01,2000,1100000,bbref,0.03235294117647059
wardch01,2000,4540000,bbref,0.13352941176470587
washier01,2000,550000,bbref,0.016176470588235296
watsoja01,2000,250000,bbref,0.007352941176470588
weathcl01,2000,1925000,bbref,0.05661764705882353
webbech01,2000,11000000,bbref,0.3235294117647059
wellsbo01,2000,1428720,bbref,0.042021176470588235
wennibi01,2000,510000,bbref,0.015
werdaro01,2000,7471,bbref,0.00021973529411764705
wesleda01,2000,2520000,bbref,0.07411764705882352
westdo01,2000,3295000,bbref,0.09691176470588235
westma01,2000,510000,bbref,0.015
wheatde01,2000,460000,bbref,0.013529411764705882
whiteja01,2000,385000,bbref,0.011323529411764706
whitnch01,2000,1680000,bbref,0.04941176470588235
wilkido01,2000,250000,bbref,0.007352941176470588
wilkige01,2000,3000000,bbref,0.08823529411764706
williaa01,2000,1100000,bbref,0.03235294117647059
willial02,2000,1925000,bbref,0.05661764705882353
willibr01,2000,35176,bbref,0.0010345882352941177
willico02,2000,3560000,bbref,0.10470588235294118
willier01,2000,3336000,bbref,0.09811764705882353
williho01,2000,1925000,bbref,0.05661764705882353
willija01,2000,12375000,bbref,0.3639705882352941
willija02,2000,1879920,bbref,0.05529176470588235
willije01,2000,2550000,bbref,0.075
willike02,2000,2625000,bbref,0.07720588235294118
willilo01,2000,1540000,bbref,0.045294117647058825
willimo01,2000,510000,bbref,0.015
willisc01,2000,3750000,bbref,0.11029411764705882
willish01,2000,500000,bbref,0.014705882352941176
williwa02,2000,3750000,bbref,0.11029411764705882
willode01,2000,134956,bbref,0.003969294117647059
wingada01,2000,510000,bbref,0.015
wintetr01,2000,4529,bbref,0.00013320588235294118
workmha01,2000,510000,bbref,0.015
wrighlo02,2000,4400000,bbref,0.12941176470588237
youngti01,2000,301875,bbref,0.008878676470588235
abdulma02,2001,798500,bbref,0.022492957746478873
abdulta01,2001,4500000,bbref,0.1267605633802817
abdursh01,2001,10130000,bbref,0.2853521126760563
alexaco01,2001,2160000,bbref,0.06084507042253521
alexaco02,2001,1319400,bbref,0.03716619718309859
allenra02,2001,10130000,bbref,0.2853521126760563
alstora01,2001,423500,bbref,0.011929577464788732
amaecjo01,2001,600000,bbref,0.016901408450704224
anderde01,2001,2250000,bbref,0.06338028169014084
anderke01,2001,7520000,bbref,0.21183098591549296
anderni01,2001,3750000,bbref,0.1056338028169014
andersh01,2001,2200000,bbref,0.061971830985915494
anthogr01,2001,3500000,bbref,0.09859154929577464
armstda01,2001,3100000,bbref,0.08732394366197183
artesro01,2001,1160760,bbref,0.032697464788732394
atkinch01,2001,3000000,bbref,0.08450704225352113
augmost01,2001,923500,bbref,0.026014084507042255
austiis01,2001,5500000,bbref,0.15492957746478872
averywi01,2001,1286160,bbref,0.03622985915492958
bagarda01,2001,795000,bbref,0.0223943661971831
bakervi01,2001,10130000,bbref,0.2853521126760563
barkler01,2001,712200,bbref,0.020061971830985917
barroda01,2001,3700000,bbref,0.10422535211267606
barrybr01,2001,4320000,bbref,0.12169014084507042
barryjo01,2001,2730000,bbref,0.07690140845070423
bastoma01,2001,423500,bbref,0.011929577464788732
battito01,2001,3200000,bbref,0.09014084507042254
bendejo01,2001,2380680,bbref,0.06706140845070423
benjaco01,2001,749160,bbref,0.021103098591549296
benoida01,2001,736000,bbref,0.02073239436619718
besttr01,2001,3500000,bbref,0.09859154929577464
bibbymi01,2001,3308160,bbref,0.09318760563380282
billuch01,2001,2250000,bbref,0.06338028169014084
blaylmo01,2001,4800000,bbref,0.1352112676056338
blounco01,2001,1320000,bbref,0.03718309859154929
blounma01,2001,316969,bbref,0.008928704225352113
boguemu01,2001,1740000,bbref,0.049014084507042255
bohanet01,2001,523500,bbref,0.014746478873239436
boothca01,2001,423500,bbref,0.011929577464788732
bowdlca01,2001,1102800,bbref,0.031064788732394367
bowenbr01,2001,733000,bbref,0.02064788732394366
bowenry01,2001,510000,bbref,0.01436619718309859
boykiea01,2001,498500,bbref,0.014042253521126761
bradlsh01,2001,8370000,bbref,0.23577464788732394
braggto01,2001,316969,bbref,0.008928704225352113
brandel01,2001,3629160,bbref,0.10222985915492958
brandte01,2001,8330000,bbref,0.23464788732394365
brownde01,2001,1000000,bbref,0.028169014084507043
brownpj01,2001,5740000,bbref,0.1616901408450704
brownra02,2001,2250000,bbref,0.06338028169014084
brunsri01,2001,523500,bbref,0.014746478873239436
bryanko01,2001,10130000,bbref,0.2853521126760563
bryanma01,2001,2200000,bbref,0.061971830985915494
buckngr01,2001,1100000,bbref,0.030985915492957747
buechju01,2001,3260000,bbref,0.09183098591549296
buforro01,2001,423500,bbref,0.011929577464788732
bullama01,2001,2100000,bbref,0.059154929577464786
caffeja01,2001,4380000,bbref,0.12338028169014084
cambyma01,2001,5750000,bbref,0.1619718309859155
campbel01,2001,8050000,bbref,0.2267605633802817
cardibr01,2001,316969,bbref,0.008928704225352113
carrch01,2001,1200000,bbref,0.03380281690140845
cartean01,2001,1200000,bbref,0.03380281690140845
cartevi01,2001,2425440,bbref,0.06832225352112677
cassesa01,2001,4000000,bbref,0.11267605633802817
catoke01,2001,5330000,bbref,0.15014084507042252
causwdu01,2001,4000000,bbref,0.11267605633802817
cebalce01,2001,3937500,bbref,0.11091549295774648
chapmre01,2001,3500000,bbref,0.09859154929577464
cheanca01,2001,2200000,bbref,0.061971830985915494
childch01,2001,4680000,bbref,0.13183098591549297
chrisdo01,2001,3140000,bbref,0.08845070422535212
clarkke01,2001,1379400,bbref,0.03885633802816901
claxtsp01,2001,936000,bbref,0.026366197183098593
cleavma01,2001,1253400,bbref,0.035307042253521125
closske01,2001,1920000,bbref,0.054084507042253524
colemde01,2001,8000000,bbref,0.22535211267605634
colesbi01,2001,2250000,bbref,0.06338028169014084
collija02,2001,1190760,bbref,0.033542535211267606
corbity01,2001,1000000,bbref,0.028169014084507043
crawfch01,2001,2200000,bbref,0.061971830985915494
crawfja01,2001,1762320,bbref,0.049642816901408454
croshau01,2001,5300000,bbref,0.14929577464788732
crottjo01,2001,800000,bbref,0.022535211267605635
cummite01,2001,2200000,bbref,0.061971830985915494
cummivo01,2001,757200,bbref,0.02132957746478873
cunniwi01,2001,498500,bbref,0.014042253521126761
curlebi01,2001,611000,bbref,0.017211267605633802
curryde01,2001,2000000,bbref,0.056338028169014086
currymi01,2001,2200000,bbref,0.061971830985915494
dampier01,2001,5610000,bbref,0.1580281690140845
daniean01,2001,2820000,bbref,0.07943661971830986
davidko01,2001,498500,bbref,0.014042253521126761
davisan01,2001,5500000,bbref,0.15492957746478872
davisba01,2001,2916000,bbref,0.08214084507042253
davisda01,2001,6000000,bbref,0.16901408450704225
davisem01,2001,610000,bbref,0.017183098591549296
davishu01,2001,2100000,bbref,0.059154929577464786
davisri01,2001,939360,bbref,0.026460845070422536
daviste01,2001,923500,bbref,0.026014084507042255
dayto01,2001,736000,bbref,0.02073239436619718
declean01,2001,1920000,bbref,0.054084507042253524
delkto01,2001,2250000,bbref,0.06338028169014084
delnevi01,2001,2100000,bbref,0.059154929577464786
dialde01,2001,423500,bbref,0.011929577464788732
dickemi01,2001,1310400,bbref,0.03691267605633803
divacvl01,2001,9640000,bbref,0.27154929577464787
doleami01,2001,1452000,bbref,0.040901408450704224
doolike01,2001,1538880,bbref,0.0433487323943662
douglsh01,2001,1100000,bbref,0.030985915492957747
drewbr01,2001,1182600,bbref,0.03331267605633803
dudlech02,2001,6200000,bbref,0.17464788732394365
duncati01,2001,9660000,bbref,0.27211267605633804
edneyty01,2001,523500,bbref,0.014746478873239436
edwarke01,2001,1000000,bbref,0.028169014084507043
eisleho01,2001,4250000,bbref,0.11971830985915492
ekeziob01,2001,423500,bbref,0.011929577464788732
elamikh01,2001,316969,bbref,0.008928704225352113
eliema01,2001,1000000,bbref,0.028169014084507043
elliose01,2001,5300000,bbref,0.14929577464788732
ellisda01,2001,2290000,bbref,0.06450704225352112
ellisla01,2001,1200000,bbref,0.03380281690140845
ellispe01,2001,1000000,bbref,0.028169014084507043
eschmev01,2001,423500,bbref,0.011929577464788732
ewingpa01,2001,14000000,bbref,0.39436619718309857
feickja01,2001,2200000,bbref,0.061971830985915494
ferryda01,2001,1200000,bbref,0.03380281690140845
finlemi01,2001,8400000,bbref,0.23661971830985915
fishede01,2001,3380000,bbref,0.09521126760563381
fizerma01,2001,2562000,bbref,0.07216901408450704
fortsda01,2001,3950000,bbref,0.11126760563380282
fostegr01,2001,1760000,bbref,0.049577464788732394
fosteje01,2001,922080,bbref,0.025974084507042253
foxri01,2001,3400000,bbref,0.09577464788732394
foylead01,2001,3580000,bbref,0.10084507042253521
francst01,2001,3246960,bbref,0.09146366197183099
fulleto02,2001,611000,bbref,0.017211267605633802
fundela01,2001,2700000,bbref,0.07605633802816901
garceru01,2001,316969,bbref,0.008928704225352113
garneke01,2001,19610000,bbref,0.5523943661971831
garrede01,2001,2880000,bbref,0.08112676056338028
garripa01,2001,1019280,bbref,0.028712112676056337
gatlich01,2001,5550000,bbref,0.1563380281690141
geigema01,2001,7515840,bbref,0.21171380281690141
georgde01,2001,849720,bbref,0.023935774647887324
gillke01,2001,7000000,bbref,0.19718309859154928
glovedi01,2001,960480,bbref,0.027055774647887325
grantbr01,2001,8900000,bbref,0.2507042253521127
grantga01,2001,1000000,bbref,0.028169014084507043
grantho01,2001,6500000,bbref,0.18309859154929578
greenac01,2001,2250000,bbref,0.06338028169014084
griffad01,2001,498500,bbref,0.014042253521126761
guglito01,2001,9360000,bbref,0.26366197183098594
guytoaj01,2001,316969,bbref,0.008928704225352113
hamda01,2001,1700000,bbref,0.04788732394366197
hamilri01,2001,1973880,bbref,0.05560225352112676
hamilze01,2001,316969,bbref,0.008928704225352113
hammoto01,2001,1130000,bbref,0.03183098591549296
hardaan01,2001,10130000,bbref,0.2853521126760563
hardati01,2001,12000000,bbref,0.3380281690140845
harpero01,2001,2200000,bbref,0.061971830985915494
harprma01,2001,1244880,bbref,0.03506704225352113
harrial01,2001,797880,bbref,0.02247549295774648
harrilu01,2001,2160000,bbref,0.06084507042253521
harriot01,2001,2250000,bbref,0.06338028169014084
hartja01,2001,316969,bbref,0.008928704225352113
harvean01,2001,611000,bbref,0.017211267605633802
harvedo01,2001,862560,bbref,0.024297464788732393
hawkihe01,2001,3560000,bbref,0.10028169014084506
hawkimi01,2001,423500,bbref,0.011929577464788732
hendeal01,2001,5910000,bbref,0.1664788732394366
hendece02,2001,2700000,bbref,0.07605633802816901
herrech01,2001,316969,bbref,0.008928704225352113
hillgr01,2001,9660000,bbref,0.27211267605633804
hillty01,2001,7300000,bbref,0.2056338028169014
hoibefr01,2001,880000,bbref,0.024788732394366197
horryro01,2001,4800000,bbref,0.1352112676056338
houseed01,2001,316969,bbref,0.008928704225352113
houstal01,2001,9000000,bbref,0.2535211267605634
howarju01,2001,16875000,bbref,0.4753521126760563
hudsotr01,2001,523500,bbref,0.014746478873239436
hughela01,2001,1842480,bbref,0.05190084507042254
hunteli01,2001,2650000,bbref,0.07464788732394366
ilgauzy01,2001,10130000,bbref,0.2853521126760563
iversal01,2001,10130000,bbref,0.2853521126760563
jacksbo01,2001,2250000,bbref,0.06338028169014084
jacksja01,2001,1750000,bbref,0.04929577464788732
jacksje01,2001,423500,bbref,0.011929577464788732
jacksji01,2001,2330000,bbref,0.06563380281690141
jacksma01,2001,3570000,bbref,0.10056338028169014
jacksma02,2001,316969,bbref,0.008928704225352113
jacksst02,2001,316969,bbref,0.008928704225352113
jacobsa01,2001,498500,bbref,0.014042253521126761
jamesti01,2001,783120,bbref,0.022059718309859155
jamisan01,2001,2678400,bbref,0.07544788732394367
johnsan02,2001,1200000,bbref,0.03380281690140845
johnsav01,2001,8000000,bbref,0.22535211267605634
johnsde03,2001,2107200,bbref,0.05935774647887324
johnser02,2001,2700000,bbref,0.07605633802816901
johnsla02,2001,11000000,bbref,0.30985915492957744
johnsma02,2001,1000000,bbref,0.028169014084507043
jonesda01,2001,710000,bbref,0.02
jonesed02,2001,8960000,bbref,0.2523943661971831
jonesju01,2001,735600,bbref,0.02072112676056338
jonespo01,2001,2812500,bbref,0.07922535211267606
josepga01,2001,316969,bbref,0.008928704225352113
keefead01,2001,3390000,bbref,0.09549295774647887
kempsh01,2001,11720000,bbref,0.3301408450704225
kernejo01,2001,423500,bbref,0.011929577464788732
kerrst01,2001,2200000,bbref,0.061971830985915494
kerseje01,2001,1000000,bbref,0.028169014084507043
ketnela01,2001,423500,bbref,0.011929577464788732
kiddja01,2001,7680000,bbref,0.2163380281690141
kingge02,2001,489500,bbref,0.013788732394366197
kittlke01,2001,7770000,bbref,0.2188732394366197
kleinjo01,2001,1200000,bbref,0.03380281690140845
knighbr01,2001,4250000,bbref,0.11971830985915492
knightr01,2001,3200000,bbref,0.09014084507042254
kukocto01,2001,6000000,bbref,0.16901408450704225
laettch01,2001,6625000,bbref,0.18661971830985916
lafrera01,2001,2970840,bbref,0.0836856338028169
langdtr01,2001,1500120,bbref,0.0422569014084507
langhda01,2001,316969,bbref,0.008928704225352113
lenarvo01,2001,3780000,bbref,0.10647887323943662
lewisqu01,2001,1000440,bbref,0.028181408450704225
lewisra02,2001,3920000,bbref,0.1104225352112676
livinra01,2001,20000,bbref,0.0005633802816901409
longgr01,2001,2200000,bbref,0.061971830985915494
longllu01,2001,5750000,bbref,0.1619718309859155
lopezfe01,2001,831120,bbref,0.023411830985915493
luety01,2001,865800,bbref,0.024388732394366196
lynchge01,2001,2200000,bbref,0.061971830985915494
maccuto01,2001,423500,bbref,0.011929577464788732
macledo01,2001,2380000,bbref,0.06704225352112676
madsema01,2001,707040,bbref,0.01991661971830986
maggeco01,2001,1353960,bbref,0.038139718309859155
magloja01,2001,975000,bbref,0.027464788732394368
majerda01,2001,4050000,bbref,0.11408450704225352
malonka01,2001,15750000,bbref,0.44366197183098594
malonma01,2001,1790000,bbref,0.050422535211267605
mannida01,2001,6830000,bbref,0.1923943661971831
marbust01,2001,10130000,bbref,0.2853521126760563
mariosh01,2001,1662240,bbref,0.046823661971830986
marshdo01,2001,5630000,bbref,0.15859154929577465
martida01,2001,673500,bbref,0.018971830985915494
martike01,2001,3536640,bbref,0.09962366197183098
mashbja01,2001,6200000,bbref,0.17464788732394365
masonan01,2001,5550000,bbref,0.1563380281690141
masonde01,2001,1074720,bbref,0.03027380281690141
masseto01,2001,1360000,bbref,0.03830985915492958
maxweve01,2001,1570000,bbref,0.04422535211267606
mccarwa01,2001,2670000,bbref,0.0752112676056338
mccloge01,2001,2200000,bbref,0.061971830985915494
mccoyje01,2001,1110000,bbref,0.03126760563380282
mcdyean01,2001,10800000,bbref,0.30422535211267604
mcgratr01,2001,9660000,bbref,0.27211267605633804
mcilvji01,2001,5400000,bbref,0.15211267605633802
mcinnje01,2001,523500,bbref,0.014746478873239436
mckeyde01,2001,5400000,bbref,0.15211267605633802
mckieaa01,2001,1818000,bbref,0.051211267605633805
mcleoro01,2001,978600,bbref,0.027566197183098592
mcphepa01,2001,316969,bbref,0.008928704225352113
medvest01,2001,316969,bbref,0.008928704225352113
mercero01,2001,5520000,bbref,0.15549295774647887
mihmch01,2001,1923600,bbref,0.054185915492957745
milesda01,2001,2841720,bbref,0.08004845070422535
millean01,2001,40000,bbref,0.0011267605633802818
millean02,2001,1808400,bbref,0.050940845070422534
millebr01,2001,4000000,bbref,0.11267605633802817
millemi01,2001,2320080,bbref,0.0653543661971831
millere01,2001,10670000,bbref,0.30056338028169016
millsch01,2001,4800000,bbref,0.1352112676056338
millste01,2001,1400000,bbref,0.03943661971830986
minorgr01,2001,3240000,bbref,0.09126760563380282
mitchsa01,2001,2370000,bbref,0.06676056338028169
moblecu01,2001,3920000,bbref,0.1104225352112676
mohamna01,2001,739080,bbref,0.020819154929577467
moisoje01,2001,1461960,bbref,0.04118197183098592
montrer01,2001,2240000,bbref,0.06309859154929577
mooremi01,2001,2850000,bbref,0.08028169014084507
mottoha01,2001,316969,bbref,0.008928704225352113
mournal01,2001,16880000,bbref,0.4754929577464789
mullich01,2001,3650000,bbref,0.1028169014084507
murdoer01,2001,2100000,bbref,0.059154929577464786
murrala01,2001,3380000,bbref,0.09521126760563381
murratr01,2001,3060000,bbref,0.08619718309859155
mutomdi01,2001,14400000,bbref,0.4056338028169014
nailole01,2001,316969,bbref,0.008928704225352113
najered01,2001,316969,bbref,0.008928704225352113
nashst01,2001,5500000,bbref,0.15492957746478872
ndiayma02,2001,737880,bbref,0.020785352112676056
nesbyty01,2001,2990000,bbref,0.08422535211267605
nestera01,2001,1123560,bbref,0.03164957746478873
newblir01,2001,316969,bbref,0.008928704225352113
newmajo01,2001,2000000,bbref,0.056338028169014086
norrimo01,2001,523500,bbref,0.014746478873239436
nowitdi01,2001,1693560,bbref,0.047705915492957746
oaklech01,2001,5760000,bbref,0.16225352112676056
odomla01,2001,2628960,bbref,0.07405521126760563
olajuha01,2001,16700000,bbref,0.4704225352112676
ollieke01,2001,523500,bbref,0.014746478873239436
olowomi01,2001,3697440,bbref,0.10415323943661972
onealje01,2001,5710000,bbref,0.1608450704225352
onealsh01,2001,19285715,bbref,0.5432595774647887
ostergr01,2001,5200000,bbref,0.14647887323943662
outlabo01,2001,4500000,bbref,0.1267605633802817
overtdo01,2001,548500,bbref,0.015450704225352113
owensbi01,2001,2100000,bbref,0.059154929577464786
oyedeol01,2001,316969,bbref,0.008928704225352113
packro01,2001,4320000,bbref,0.12169014084507042
padgesc01,2001,730800,bbref,0.020585915492957747
palacmi01,2001,316969,bbref,0.008928704225352113
parksch02,2001,2100000,bbref,0.059154929577464786
pattean01,2001,498500,bbref,0.014042253521126761
patteru01,2001,990000,bbref,0.027887323943661974
paytoga01,2001,12200000,bbref,0.3436619718309859
peelean01,2001,2740000,bbref,0.0771830985915493
penbemi01,2001,316969,bbref,0.008928704225352113
perduwi01,2001,2250000,bbref,0.06338028169014084
perkisa01,2001,2250000,bbref,0.06338028169014084
perryel01,2001,1050000,bbref,0.029577464788732393
persoch01,2001,1200000,bbref,0.03380281690140845
persowe01,2001,5600000,bbref,0.15774647887323945
petermo01,2001,898560,bbref,0.025311549295774647
phillbo01,2001,4640000,bbref,0.13070422535211268
piatker01,2001,2200000,bbref,0.061971830985915494
piercpa01,2001,1608840,bbref,0.04531943661971831
pippesc01,2001,13750000,bbref,0.3873239436619718
pollasc01,2001,3920000,bbref,0.1104225352112676
polynol01,2001,2200000,bbref,0.061971830985915494
popema01,2001,498500,bbref,0.014042253521126761
portech01,2001,316969,bbref,0.008928704225352113
portete01,2001,2200000,bbref,0.061971830985915494
poseyja01,2001,1047600,bbref,0.02950985915492958
postela01,2001,316969,bbref,0.008928704225352113
potapvi01,2001,4290000,bbref,0.12084507042253521
pricebr01,2001,2880000,bbref,0.08112676056338028
profila01,2001,508000,bbref,0.014309859154929577
przybjo01,2001,1619880,bbref,0.04563042253521127
radojal01,2001,1425120,bbref,0.04014422535211268
ratlith01,2001,7800000,bbref,0.21971830985915494
recasel01,2001,1200000,bbref,0.03380281690140845
reddmi01,2001,316969,bbref,0.008928704225352113
reevebr01,2001,10110000,bbref,0.2847887323943662
reiddo01,2001,611000,bbref,0.017211267605633802
reidjr01,2001,2200000,bbref,0.061971830985915494
ricegl01,2001,7578900,bbref,0.21349014084507043
richaqu01,2001,1020960,bbref,0.02875943661971831
richmmi01,2001,10000000,bbref,0.28169014084507044
rideris01,2001,736000,bbref,0.02073239436619718
roberte01,2001,316969,bbref,0.008928704225352113
robincl02,2001,6890000,bbref,0.19408450704225352
robinda01,2001,14700000,bbref,0.4140845070422535
robined01,2001,600000,bbref,0.016901408450704224
robingl01,2001,8120000,bbref,0.2287323943661972
robinja02,2001,1870000,bbref,0.05267605633802817
robinja03,2001,40000,bbref,0.0011267605633802818
robinla01,2001,611000,bbref,0.017211267605633802
rogerca01,2001,2200000,bbref,0.061971830985915494
rogerro01,2001,2200000,bbref,0.061971830985915494
rogerro02,2001,523500,bbref,0.014746478873239436
rooksse01,2001,2160000,bbref,0.06084507042253521
roseja01,2001,9660000,bbref,0.27211267605633804
rosema01,2001,2570000,bbref,0.0723943661971831
ruffimi01,2001,440000,bbref,0.012394366197183098
russebr01,2001,4570000,bbref,0.12873239436619718
sabonar01,2001,11250000,bbref,0.31690140845070425
samakso01,2001,316969,bbref,0.008928704225352113
sanchpe01,2001,316969,bbref,0.008928704225352113
santida01,2001,316969,bbref,0.008928704225352113
schrede01,2001,2200000,bbref,0.061971830985915494
scottde01,2001,1200000,bbref,0.03380281690140845
scottsh01,2001,548500,bbref,0.015450704225352113
sesayan01,2001,508000,bbref,0.014309859154929577
shawbr01,2001,2250000,bbref,0.06338028169014084
skinnbr01,2001,901800,bbref,0.02540281690140845
slatere01,2001,673500,bbref,0.018971830985915494
smithja01,2001,316969,bbref,0.008928704225352113
smithjo02,2001,2250000,bbref,0.06338028169014084
smithle01,2001,483680,bbref,0.013624788732394366
smithmi02,2001,2200000,bbref,0.061971830985915494
smithmi03,2001,316969,bbref,0.008928704225352113
smithst01,2001,8100000,bbref,0.22816901408450704
snower01,2001,3380000,bbref,0.09521126760563381
spencfe01,2001,1000000,bbref,0.028169014084507043
sprewla01,2001,10125000,bbref,0.2852112676056338
stackje01,2001,5310000,bbref,0.1495774647887324
starkjo01,2001,2250000,bbref,0.06338028169014084
stepavl01,2001,749160,bbref,0.021103098591549296
stevede01,2001,828120,bbref,0.023327323943661972
stewami01,2001,3520000,bbref,0.09915492957746479
stithbr01,2001,5920000,bbref,0.1667605633802817
stockjo01,2001,11000000,bbref,0.30985915492957744
stojape01,2001,1480000,bbref,0.041690140845070424
stoudda01,2001,11250000,bbref,0.31690140845070425
stricer01,2001,2560000,bbref,0.07211267605633803
stricma01,2001,2400000,bbref,0.0676056338028169
stricro02,2001,10000000,bbref,0.28169014084507044
stronde01,2001,3510000,bbref,0.09887323943661971
sundobr01,2001,498500,bbref,0.014042253521126761
surabo01,2001,4390000,bbref,0.12366197183098591
swiftst01,2001,3164280,bbref,0.08913464788732395
szczewa02,2001,2162280,bbref,0.06090929577464789
tabakza01,2001,1200000,bbref,0.03380281690140845
tarladr01,2001,2500000,bbref,0.07042253521126761
tayloma01,2001,2250000,bbref,0.06338028169014084
terryja01,2001,1579080,bbref,0.04448112676056338
thomaet01,2001,1388880,bbref,0.03912338028169014
thomake01,2001,885120,bbref,0.024932957746478874
thomaku01,2001,3680000,bbref,0.10366197183098591
thomati01,2001,8510000,bbref,0.23971830985915493
thorpot01,2001,2200000,bbref,0.061971830985915494
traylro01,2001,2203080,bbref,0.06205859154929577
trentga01,2001,2400000,bbref,0.0676056338028169
tsakaja01,2001,763200,bbref,0.021498591549295773
turkcmi01,2001,1069400,bbref,0.030123943661971832
turkohe01,2001,1131240,bbref,0.031865915492957746
vanexni01,2001,9200000,bbref,0.2591549295774648
vanhoke01,2001,9000000,bbref,0.2535211267605634
vaughja01,2001,1500000,bbref,0.04225352112676056
vaughlo01,2001,4812025,bbref,0.13555
voskuja01,2001,316969,bbref,0.008928704225352113
walkean02,2001,10130000,bbref,0.2853521126760563
walkesa01,2001,2960000,bbref,0.08338028169014085
wallabe01,2001,4000000,bbref,0.11267605633802817
wallajo01,2001,2200000,bbref,0.061971830985915494
wallara01,2001,12600000,bbref,0.35492957746478876
wardch01,2001,5040000,bbref,0.14197183098591548
weathcl01,2001,2100000,bbref,0.059154929577464786
webbech01,2001,12000000,bbref,0.3380281690140845
wellsbo01,2001,1528440,bbref,0.043054647887323945
wesleda01,2001,2880000,bbref,0.08112676056338028
westdo01,2001,3680000,bbref,0.10366197183098591
whiteja01,2001,3922000,bbref,0.11047887323943661
whitnch01,2001,2370000,bbref,0.06676056338028169
williaa01,2001,2250000,bbref,0.06338028169014084
willial02,2001,2100000,bbref,0.059154929577464786
willico02,2001,3940000,bbref,0.11098591549295775
willier01,2001,3890000,bbref,0.1095774647887324
williho01,2001,2100000,bbref,0.059154929577464786
willija01,2001,13800000,bbref,0.38873239436619716
willija02,2001,2011080,bbref,0.056650140845070425
willije01,2001,2870000,bbref,0.0808450704225352
willike02,2001,2870000,bbref,0.0808450704225352
willilo01,2001,1750000,bbref,0.04929577464788732
willimo01,2001,1000000,bbref,0.028169014084507043
willisc01,2001,4200000,bbref,0.11830985915492957
willish01,2001,550000,bbref,0.015492957746478873
williwa02,2001,4250000,bbref,0.11971830985915492
wingada01,2001,1000000,bbref,0.028169014084507043
wolkoru01,2001,316969,bbref,0.008928704225352113
wrighlo02,2001,4950000,bbref,0.13943661971830987
abdulta01,2002,5062500,bbref,0.11911764705882352
abdursh01,2002,11250000,bbref,0.2647058823529412
alexaco01,2002,1995741,bbref,0.04695861176470588
alexaco02,2002,1418400,bbref,0.033374117647058825
alexavi01,2002,653350,bbref,0.015372941176470587
allenma01,2002,332817,bbref,0.007830988235294118
allenra02,2002,11250000,bbref,0.2647058823529412
alstora01,2002,625000,bbref,0.014705882352941176
amaecjo01,2002,2175000,bbref,0.051176470588235295
anderch01,2002,288171,bbref,0.0067804941176470585
anderde01,2002,6495000,bbref,0.15282352941176472
anderke01,2002,8350000,bbref,0.19647058823529412
anderni01,2002,5401906,bbref,0.1271036705882353
andersh01,2002,5500000,bbref,0.12941176470588237
anthogr01,2002,3000000,bbref,0.07058823529411765
arenagi01,2002,332817,bbref,0.007830988235294118
armstbr01,2002,865800,bbref,0.020371764705882353
armstda01,2002,4005000,bbref,0.09423529411764706
arroyca01,2002,332817,bbref,0.007830988235294118
artesro01,2002,1241760,bbref,0.029217882352941177
atkinch01,2002,3300000,bbref,0.07764705882352942
augmost01,2002,2400000,bbref,0.05647058823529412
austiis01,2002,5695715,bbref,0.13401682352941177
averywi01,2002,1375920,bbref,0.03237458823529412
bagarda01,2002,854640,bbref,0.020109176470588234
bakervi01,2002,11250000,bbref,0.2647058823529412
barkler01,2002,638000,bbref,0.015011764705882353
barroda01,2002,1600000,bbref,0.03764705882352941
barrybr01,2002,4680000,bbref,0.11011764705882353
barryjo01,2002,3175000,bbref,0.07470588235294118
battish01,2002,2203080,bbref,0.051837176470588234
battito01,2002,3600000,bbref,0.08470588235294117
bellch01,2002,89292,bbref,0.0021009882352941178
bellra01,2002,540850,bbref,0.012725882352941177
bendejo01,2002,2546760,bbref,0.05992376470588235
besttr01,2002,3375000,bbref,0.07941176470588235
bibbymi01,2002,4174893,bbref,0.09823277647058823
billuch01,2002,2475000,bbref,0.05823529411764706
blaylmo01,2002,5400000,bbref,0.12705882352941175
blounco01,2002,1609235,bbref,0.037864352941176474
blounma01,2002,540850,bbref,0.012725882352941177
boguemu01,2002,1520860,bbref,0.03578494117647059
boothca01,2002,4539000,bbref,0.1068
boumtru01,2002,332817,bbref,0.007830988235294118
bowdlca01,2002,1179720,bbref,0.027758117647058822
bowenbr01,2002,715850,bbref,0.016843529411764705
bowenry01,2002,630850,bbref,0.014843529411764705
bowmair01,2002,19787,bbref,0.0004655764705882353
boykiea01,2002,650000,bbref,0.015294117647058824
bradlmi01,2002,1123560,bbref,0.026436705882352942
bradlsh01,2002,4500000,bbref,0.10588235294117647
brandel01,2002,3882360,bbref,0.09134964705882354
brandte01,2002,9300000,bbref,0.2188235294117647
breweja01,2002,332817,bbref,0.007830988235294118
brezepr01,2002,749160,bbref,0.01762729411764706
brownda02,2002,332817,bbref,0.007830988235294118
browner01,2002,332817,bbref,0.007830988235294118
brownke01,2002,1528440,bbref,0.03596329411764706
brownkw01,2002,3697440,bbref,0.08699858823529412
brownpj01,2002,6404800,bbref,0.15070117647058823
brownra02,2002,2475000,bbref,0.05823529411764706
brownti01,2002,332817,bbref,0.007830988235294118
brunsri01,2002,590850,bbref,0.01390235294117647
bryanko01,2002,11250000,bbref,0.2647058823529412
bryanma01,2002,1000000,bbref,0.023529411764705882
buckngr01,2002,1200000,bbref,0.02823529411764706
buechju01,2002,3600000,bbref,0.08470588235294117
buforro01,2002,481488,bbref,0.011329129411764706
bullama01,2002,1300000,bbref,0.03058823529411765
butlemi02,2002,715850,bbref,0.016843529411764705
caffeja01,2002,4812500,bbref,0.11323529411764706
cambyma01,2002,7300000,bbref,0.17176470588235293
campbel01,2002,7975000,bbref,0.18764705882352942
cardibr01,2002,465850,bbref,0.010961176470588235
cartean01,2002,3250000,bbref,0.07647058823529412
cartevi01,2002,3073032,bbref,0.07230663529411764
cassesa01,2002,4350000,bbref,0.10235294117647059
catoke01,2002,6048000,bbref,0.14230588235294117
chandty01,2002,3308160,bbref,0.07783905882352941
chapmre01,2002,3850000,bbref,0.09058823529411765
cheanca01,2002,2400000,bbref,0.05647058823529412
childch01,2002,5200000,bbref,0.1223529411764706
chrisdo01,2002,5200000,bbref,0.1223529411764706
clarkke01,2002,1971163,bbref,0.046380305882352944
claxtsp01,2002,1006200,bbref,0.02367529411764706
cleavma01,2002,1347480,bbref,0.031705411764705885
colemde01,2002,8710000,bbref,0.20494117647058824
colesbi01,2002,2200000,bbref,0.05176470588235294
collija02,2002,1280040,bbref,0.03011858823529412
collija03,2002,332817,bbref,0.007830988235294118
collija04,2002,1067400,bbref,0.02511529411764706
cookom01,2002,292230,bbref,0.006876
crawfch01,2002,2500000,bbref,0.058823529411764705
crawfja01,2002,1894560,bbref,0.044577882352941176
crispjo01,2002,48705,bbref,0.001146
croshau01,2002,6310000,bbref,0.1484705882352941
crottjo01,2002,1000000,bbref,0.023529411764705882
cummivo01,2002,810000,bbref,0.019058823529411763
curryde01,2002,2100000,bbref,0.04941176470588235
curryed01,2002,2678400,bbref,0.06302117647058823
currymi01,2002,2400000,bbref,0.05647058823529412
dalemsa01,2002,771480,bbref,0.018152470588235294
dampier01,2002,6235000,bbref,0.14670588235294119
daniean01,2002,3000000,bbref,0.07058823529411765
davisan01,2002,11000000,bbref,0.25882352941176473
davisba01,2002,3119400,bbref,0.07339764705882353
davisda01,2002,7010000,bbref,0.16494117647058823
davisem01,2002,715850,bbref,0.016843529411764705
davishu01,2002,2418750,bbref,0.056911764705882356
davisri01,2002,1496400,bbref,0.035209411764705885
declean01,2002,2900000,bbref,0.06823529411764706
delkto01,2002,2475000,bbref,0.05823529411764706
delnevi01,2002,2275000,bbref,0.05352941176470588
dialde01,2002,540850,bbref,0.012725882352941177
dickemi01,2002,1940702,bbref,0.04566357647058823
diopde01,2002,1842480,bbref,0.04335247058823529
divacvl01,2002,10444642,bbref,0.24575628235294117
doleami01,2002,2000856,bbref,0.047078964705882353
doolike01,2002,1654320,bbref,0.038925176470588234
drewbr01,2002,1300000,bbref,0.03058823529411765
drobnpr01,2002,478558,bbref,0.011260188235294118
dudlech02,2002,6200000,bbref,0.14588235294117646
duncati01,2002,10865250,bbref,0.2556529411764706
eisleho01,2002,4781250,bbref,0.1125
ekeziob01,2002,540850,bbref,0.012725882352941177
elamikh01,2002,465850,bbref,0.010961176470588235
ellisla01,2002,3000000,bbref,0.07058823529411765
eschmev01,2002,3038000,bbref,0.07148235294117647
evansma01,2002,332817,bbref,0.007830988235294118
ewingpa01,2002,2118420,bbref,0.04984517647058823
feickja01,2002,2400000,bbref,0.05647058823529412
ferryda01,2002,1000000,bbref,0.023529411764705882
finlemi01,2002,10625000,bbref,0.25
fishede01,2002,3000000,bbref,0.07058823529411765
fizerma01,2002,2754120,bbref,0.06480282352941176
fordal02,2002,332817,bbref,0.007830988235294118
fortejo01,2002,939360,bbref,0.022102588235294117
fortsda01,2002,4649534,bbref,0.1094008
fostegr01,2002,1764247,bbref,0.04151169411764706
fosteje01,2002,986400,bbref,0.02320941176470588
fotsian01,2002,332817,bbref,0.007830988235294118
foxri01,2002,3791250,bbref,0.08920588235294118
foylead01,2002,4400000,bbref,0.10352941176470588
francst01,2002,3473520,bbref,0.08172988235294118
fundela01,2002,3025000,bbref,0.0711764705882353
garneke01,2002,22400000,bbref,0.5270588235294118
garrede01,2002,3240000,bbref,0.07623529411764705
garripa01,2002,1569691,bbref,0.036933905882352944
gasolpa01,2002,2970840,bbref,0.06990211764705882
gatlich01,2002,2504227,bbref,0.05892298823529412
geigema01,2002,8142160,bbref,0.19158023529411763
georgde01,2002,834250,bbref,0.01962941176470588
gillke01,2002,1538000,bbref,0.036188235294117646
glovedi01,2002,1027440,bbref,0.02417505882352941
goodrst01,2002,465850,bbref,0.010961176470588235
grantbr01,2002,9925076,bbref,0.2335312
grantho01,2002,2419580,bbref,0.05693129411764706
griffad01,2002,565850,bbref,0.013314117647058824
griffed01,2002,2011080,bbref,0.047319529411764705
guglito01,2002,10114000,bbref,0.2379764705882353
guytoaj01,2002,465850,bbref,0.010961176470588235
hamda01,2002,1760000,bbref,0.041411764705882356
hamilri01,2002,2111640,bbref,0.04968564705882353
hamilta01,2002,60881,bbref,0.0014324941176470588
hamilze01,2002,465850,bbref,0.010961176470588235
hammoto01,2002,1800000,bbref,0.042352941176470586
hardaan01,2002,11250000,bbref,0.2647058823529412
hardati01,2002,3360390,bbref,0.079068
harprma01,2002,1908401,bbref,0.04490355294117647
harrial01,2002,1436982,bbref,0.03381134117647059
harrilu01,2002,2400000,bbref,0.05647058823529412
harriot01,2002,2475000,bbref,0.05823529411764706
hartja01,2002,465850,bbref,0.010961176470588235
harvean01,2002,715850,bbref,0.016843529411764705
harvedo01,2002,927360,bbref,0.021820235294117647
hassetr01,2002,332817,bbref,0.007830988235294118
hastoki01,2002,1182600,bbref,0.027825882352941176
haywobr01,2002,978600,bbref,0.023025882352941177
hendeal01,2002,6500312,bbref,0.15294851764705883
hendece02,2002,3000000,bbref,0.07058823529411765
hillgr01,2002,10865250,bbref,0.2556529411764706
hillty01,2002,6600000,bbref,0.15529411764705883
hoibefr01,2002,1600000,bbref,0.03764705882352941
horryro01,2002,5300000,bbref,0.12470588235294118
houseed01,2002,465850,bbref,0.010961176470588235
houstal01,2002,12750000,bbref,0.3
howarju01,2002,18750000,bbref,0.4411764705882353
hudsotr01,2002,590850,bbref,0.01390235294117647
hughela01,2002,2343635,bbref,0.05514435294117647
hunteli01,2002,3425760,bbref,0.08060611764705883
huntest01,2002,1244880,bbref,0.029291294117647058
ilgauzy01,2002,11250000,bbref,0.2647058823529412
iversal01,2002,11250000,bbref,0.2647058823529412
jacksbo01,2002,2475000,bbref,0.05823529411764706
jacksja01,2002,3020834,bbref,0.07107844705882353
jacksji01,2002,789170,bbref,0.018568705882352942
jacksma01,2002,3860000,bbref,0.0908235294117647
jacksma02,2002,3250000,bbref,0.07647058823529412
jacksst02,2002,590850,bbref,0.01390235294117647
jamesje01,2002,465850,bbref,0.010961176470588235
jamesti01,2002,837720,bbref,0.01971105882352941
jamisan01,2002,3388176,bbref,0.07972178823529412
jamisha01,2002,600000,bbref,0.01411764705882353
jefferi01,2002,1379400,bbref,0.032456470588235295
johnsav01,2002,4538000,bbref,0.10677647058823529
johnsde03,2002,2265240,bbref,0.05329976470588235
johnser02,2002,3670929,bbref,0.0863748
johnsjo02,2002,1608840,bbref,0.03785505882352941
johnsla02,2002,11335714,bbref,0.26672268235294117
johnsma02,2002,1000000,bbref,0.023529411764705882
jonesal01,2002,332817,bbref,0.007830988235294118
jonesda01,2002,565850,bbref,0.013314117647058824
jonesed02,2002,10091250,bbref,0.23744117647058824
jonesju01,2002,786600,bbref,0.018508235294117648
jonespo01,2002,1500000,bbref,0.03529411764705882
jordami01,2002,1000000,bbref,0.023529411764705882
kempsh01,2002,12660000,bbref,0.2978823529411765
kerrst01,2002,2406250,bbref,0.05661764705882353
kiddja01,2002,8447500,bbref,0.19876470588235295
kirilan01,2002,831120,bbref,0.019555764705882352
kittlke01,2002,8166667,bbref,0.1921568705882353
knighbr01,2002,4500000,bbref,0.10588235294117647
knightr01,2002,3600000,bbref,0.08470588235294117
kukocto01,2002,7906783,bbref,0.18604195294117648
laettch01,2002,4500000,bbref,0.10588235294117647
lafrera01,2002,3755142,bbref,0.08835628235294117
langdtr01,2002,1604880,bbref,0.03776188235294118
langhda01,2002,465850,bbref,0.010961176470588235
lenarvo01,2002,4252435,bbref,0.10005729411764706
lewisqu01,2002,1070280,bbref,0.025183058823529413
lewisra02,2002,4413375,bbref,0.10384411764705882
longar01,2002,465850,bbref,0.010961176470588235
longgr01,2002,2400000,bbref,0.05647058823529412
longllu01,2002,6325000,bbref,0.14882352941176472
lopezfe01,2002,565850,bbref,0.013314117647058824
luety01,2002,1700000,bbref,0.04
lynchge01,2002,2400000,bbref,0.05647058823529412
maccuto01,2002,4538000,bbref,0.10677647058823529
macksa01,2002,174598,bbref,0.004108188235294118
macledo01,2002,965850,bbref,0.022725882352941176
madsema01,2002,759960,bbref,0.017881411764705882
maggeco01,2002,1448400,bbref,0.03408
magloja01,2002,1048080,bbref,0.024660705882352942
majerda01,2002,1000000,bbref,0.023529411764705882
malonka01,2002,17500000,bbref,0.4117647058823529
malonma01,2002,2543750,bbref,0.05985294117647059
mannida01,2002,1500000,bbref,0.03529411764705882
marbust01,2002,11250000,bbref,0.2647058823529412
mariosh01,2002,1778160,bbref,0.04183905882352941
marksse01,2002,565850,bbref,0.013314117647058824
marshdo01,2002,6510000,bbref,0.1531764705882353
martida01,2002,778350,bbref,0.018314117647058824
martike01,2002,3801960,bbref,0.08945788235294118
mashbja01,2002,6975000,bbref,0.16411764705882353
masonan01,2002,4538000,bbref,0.10677647058823529
masonde01,2002,1155240,bbref,0.027182117647058822
masseto01,2002,1650000,bbref,0.03882352941176471
maxweve01,2002,473000,bbref,0.011129411764705882
mccarwa01,2002,3125000,bbref,0.07352941176470588
mccasam01,2002,465850,bbref,0.010961176470588235
mccloge01,2002,2400000,bbref,0.05647058823529412
mccoyje01,2002,565850,bbref,0.013314117647058824
mcdyean01,2002,11700000,bbref,0.2752941176470588
mcgratr01,2002,10865250,bbref,0.2556529411764706
mcilvji01,2002,6000000,bbref,0.1411764705882353
mcinnje01,2002,590850,bbref,0.01390235294117647
mckeyde01,2002,6000000,bbref,0.1411764705882353
mckieaa01,2002,4000000,bbref,0.09411764705882353
mcleoro01,2002,1509001,bbref,0.03550590588235294
medvest01,2002,465850,bbref,0.010961176470588235
mercero01,2002,6750000,bbref,0.1588235294117647
mihmch01,2002,2067960,bbref,0.048657882352941176
milesda01,2002,3054840,bbref,0.07187858823529411
millean02,2002,1934520,bbref,0.04551811764705883
millebr01,2002,4400000,bbref,0.10352941176470588
millemi01,2002,2494080,bbref,0.05868423529411765
millere01,2002,12045075,bbref,0.28341352941176473
millsch01,2002,5400000,bbref,0.12705882352941175
mitchsa01,2002,1000000,bbref,0.023529411764705882
moblecu01,2002,4413375,bbref,0.10384411764705882
mohamna01,2002,4500000,bbref,0.10588235294117647
moisoje01,2002,1571640,bbref,0.03697976470588235
montrer01,2002,2480000,bbref,0.05835294117647059
mooremi01,2002,2531250,bbref,0.05955882352941176
morrite01,2002,420000,bbref,0.00988235294117647
mottoha01,2002,465850,bbref,0.010961176470588235
mournal01,2002,18754800,bbref,0.4412894117647059
murphtr01,2002,1310400,bbref,0.030832941176470587
murrala01,2002,3750000,bbref,0.08823529411764706
murratr01,2002,3400000,bbref,0.08
mutomdi01,2002,14315790,bbref,0.33684211764705885
nailole01,2002,465850,bbref,0.010961176470588235
najered01,2002,465850,bbref,0.010961176470588235
nashst01,2002,5750000,bbref,0.13529411764705881
ndiayma02,2002,793200,bbref,0.018663529411764707
nesbyty01,2002,3260000,bbref,0.07670588235294118
nestera01,2002,1725788,bbref,0.04060677647058823
newmajo01,2002,1675000,bbref,0.039411764705882354
norrimo01,2002,3600000,bbref,0.08470588235294117
nowitdi01,2002,2157595,bbref,0.05076694117647059
oaklech01,2002,6545000,bbref,0.154
odomla01,2002,2812320,bbref,0.06617223529411764
olajuha01,2002,5061539,bbref,0.11909503529411765
olivede01,2002,332817,bbref,0.007830988235294118
ollieke01,2002,590850,bbref,0.01390235294117647
olowomi01,2002,4662472,bbref,0.10970522352941177
onealje01,2002,6325000,bbref,0.14882352941176472
onealsh01,2002,21428572,bbref,0.504201694117647
ostergr01,2002,6933328,bbref,0.1631371294117647
outlabo01,2002,6000000,bbref,0.1411764705882353
oyedeol01,2002,465850,bbref,0.010961176470588235
padgesc01,2002,781680,bbref,0.018392470588235295
palacmi01,2002,690000,bbref,0.01623529411764706
parketo01,2002,744480,bbref,0.017517176470588234
parksch02,2002,715850,bbref,0.016843529411764705
patteru01,2002,4538000,bbref,0.10677647058823529
paytoga01,2002,12926493,bbref,0.30415277647058825
peelean01,2002,2978500,bbref,0.07008235294117647
penbemi01,2002,28405,bbref,0.0006683529411764706
perduwi01,2002,1320000,bbref,0.031058823529411764
persowe01,2002,6300000,bbref,0.14823529411764705
petermo01,2002,966000,bbref,0.022729411764705883
phillbo01,2002,5220000,bbref,0.1228235294117647
piatker01,2002,3000000,bbref,0.07058823529411765
piercpa01,2002,2051271,bbref,0.0482652
pippesc01,2002,18083564,bbref,0.4254956235294118
pollasc01,2002,4344187,bbref,0.10221616470588235
popema01,2002,590850,bbref,0.01390235294117647
portech01,2002,465850,bbref,0.010961176470588235
portete01,2002,2400000,bbref,0.05647058823529412
poseyja01,2002,1120680,bbref,0.026368941176470588
postela01,2002,465850,bbref,0.010961176470588235
potapvi01,2002,4762500,bbref,0.11205882352941177
pricebr01,2002,3680000,bbref,0.08658823529411765
profila01,2002,630850,bbref,0.014843529411764705
przybjo01,2002,1741440,bbref,0.04097505882352941
radmavl01,2002,1452000,bbref,0.034164705882352944
radojal01,2002,1524600,bbref,0.03587294117647059
randoza01,2002,1019280,bbref,0.023983058823529413
ratlith01,2002,9667969,bbref,0.22748162352941176
rebraze01,2002,3500000,bbref,0.08235294117647059
recasel01,2002,1300000,bbref,0.03058823529411765
reddmi01,2002,465850,bbref,0.010961176470588235
reevebr01,2002,11555554,bbref,0.27189538823529413
reiddo01,2002,1000000,bbref,0.023529411764705882
ricegl01,2002,8800000,bbref,0.20705882352941177
richaja01,2002,2425440,bbref,0.057069176470588234
richano01,2002,332817,bbref,0.007830988235294118
richaqu01,2002,1097520,bbref,0.025824
richmmi01,2002,10000000,bbref,0.23529411764705882
rideris01,2002,112797,bbref,0.0026540470588235295
robincl02,2002,7656250,bbref,0.1801470588235294
robinda01,2002,9500000,bbref,0.2235294117647059
robined01,2002,5170000,bbref,0.12164705882352941
robingl01,2002,8990000,bbref,0.21152941176470588
robinla01,2002,715850,bbref,0.016843529411764705
rogerca01,2002,778350,bbref,0.018314117647058824
rogerro01,2002,2400000,bbref,0.05647058823529412
rooksse01,2002,2400000,bbref,0.05647058823529412
roseja01,2002,10865250,bbref,0.2556529411764706
rosema01,2002,2285000,bbref,0.053764705882352944
ruffimi01,2002,540850,bbref,0.012725882352941177
russebr01,2002,5142857,bbref,0.1210084
samakso01,2002,465850,bbref,0.010961176470588235
santida01,2002,465850,bbref,0.010961176470588235
sasseje01,2002,901800,bbref,0.021218823529411766
satteke01,2002,332817,bbref,0.007830988235294118
scalabr01,2002,332817,bbref,0.007830988235294118
scottsh01,2002,590850,bbref,0.01390235294117647
shawbr01,2002,963415,bbref,0.022668588235294117
simmobo01,2002,332817,bbref,0.007830988235294118
simpkdi01,2002,26190,bbref,0.000616235294117647
skinnbr01,2002,1483461,bbref,0.034904964705882356
slatere01,2002,523793,bbref,0.012324541176470588
smithch04,2002,540850,bbref,0.012725882352941177
smithja01,2002,465850,bbref,0.010961176470588235
smithjo02,2002,4538000,bbref,0.10677647058823529
smithle01,2002,517360,bbref,0.012173176470588236
smithmi02,2002,2400000,bbref,0.05647058823529412
smithst01,2002,9000000,bbref,0.21176470588235294
snower01,2002,3750000,bbref,0.08823529411764706
solomwi01,2002,332817,bbref,0.007830988235294118
spencfe01,2002,1000000,bbref,0.023529411764705882
sprewla01,2002,11250000,bbref,0.2647058823529412
stackje01,2002,5843750,bbref,0.1375
starkjo01,2002,2475000,bbref,0.05823529411764706
stepavl01,2002,565850,bbref,0.013314117647058824
stevede01,2002,890280,bbref,0.020947764705882353
stewami01,2002,3840000,bbref,0.0903529411764706
stithbr01,2002,2000000,bbref,0.047058823529411764
stockjo01,2002,7000000,bbref,0.16470588235294117
stojape01,2002,5000000,bbref,0.11764705882352941
stoudda01,2002,12375000,bbref,0.2911764705882353
stricer01,2002,637415,bbref,0.014998
stricma01,2002,715850,bbref,0.016843529411764705
stricro02,2002,3750000,bbref,0.08823529411764706
stronde01,2002,3861000,bbref,0.0908470588235294
sundobr01,2002,565850,bbref,0.013314117647058824
surabo01,2002,5213333,bbref,0.12266665882352941
swiftst01,2002,3401640,bbref,0.08003858823529411
szczewa02,2002,2313240,bbref,0.05442917647058824
tayloma01,2002,6500000,bbref,0.15294117647058825
terryja01,2002,1689360,bbref,0.03974964705882353
thomaet01,2002,1493040,bbref,0.035130352941176474
thomake01,2002,946920,bbref,0.022280470588235294
thomaku01,2002,4413375,bbref,0.10384411764705882
thomati01,2002,9675000,bbref,0.22764705882352942
tinslja01,2002,749160,bbref,0.01762729411764706
torreos01,2002,332817,bbref,0.007830988235294118
traylro01,2002,2793505,bbref,0.0657295294117647
trentga01,2002,715850,bbref,0.016843529411764705
trepaje01,2002,332817,bbref,0.007830988235294118
tsakaja01,2002,820400,bbref,0.019303529411764705
turkohe01,2002,1216080,bbref,0.02861364705882353
vanexni01,2002,10164642,bbref,0.23916804705882352
vanhoke01,2002,10865250,bbref,0.2556529411764706
vardara01,2002,332817,bbref,0.007830988235294118
vaughja01,2002,590850,bbref,0.01390235294117647
vaughlo01,2002,5222025,bbref,0.12287117647058823
voskuja01,2002,465850,bbref,0.010961176470588235
walkean02,2002,11250000,bbref,0.2647058823529412
walkesa01,2002,1400000,bbref,0.03294117647058824
wallabe01,2002,4700000,bbref,0.11058823529411765
wallage01,2002,797880,bbref,0.01877364705882353
wallajo01,2002,2630000,bbref,0.06188235294117647
wallara01,2002,14400000,bbref,0.3388235294117647
wardch01,2002,5110000,bbref,0.12023529411764707
watsoea01,2002,332817,bbref,0.007830988235294118
weathcl01,2002,4638000,bbref,0.10912941176470588
webbech01,2002,12750000,bbref,0.3
wellsbo01,2002,2028239,bbref,0.04772327058823529
wesleda01,2002,3240000,bbref,0.07623529411764705
whiteja01,2002,4413375,bbref,0.10384411764705882
whitero02,2002,1693560,bbref,0.03984847058823529
whitnch01,2002,2700000,bbref,0.06352941176470588
williaa01,2002,2475000,bbref,0.05823529411764706
willial02,2002,5350000,bbref,0.12588235294117647
willico02,2002,4000000,bbref,0.09411764705882353
willier01,2002,4448000,bbref,0.10465882352941176
willija01,2002,15125000,bbref,0.3558823529411765
willija02,2002,2554072,bbref,0.06009581176470588
willije01,2002,5000000,bbref,0.11764705882352941
willike02,2002,3000000,bbref,0.07058823529411765
willilo01,2002,1880000,bbref,0.04423529411764706
willimo01,2002,778350,bbref,0.018314117647058824
willisc01,2002,4650000,bbref,0.10941176470588235
willish01,2002,1750000,bbref,0.041176470588235294
williwa02,2002,5000000,bbref,0.11764705882352941
wolkoru01,2002,465850,bbref,0.010961176470588235
woodslo01,2002,332817,bbref,0.007830988235294118
wrighlo02,2002,5500000,bbref,0.12941176470588237
zhizhwa01,2002,465850,bbref,0.010961176470588235
abdulta01,2003,5625000,bbref,0.1396786769635718
abdursh01,2003,12375000,bbref,0.30729308931985794
alexaco01,2003,2149259,bbref,0.053369893968364335
alexaco02,2003,1517280,bbref,0.037676740085917905
allenma01,2003,512435,bbref,0.012724665391969408
allenra02,2003,12375000,bbref,0.30729308931985794
alstora01,2003,37344,bbref,0.0009273174244493556
amaecjo01,2003,2392500,bbref,0.05940999726850587
anderch01,2003,512435,bbref,0.012724665391969408
anderde01,2003,7144500,bbref,0.17741054356733132
anderke01,2003,9185000,bbref,0.2280797596285168
anderni01,2003,6101906,bbref,0.1515210945841921
andersh01,2003,6100000,bbref,0.15147376524049563
anthogr01,2003,1500000,bbref,0.03724764719028582
archiro01,2003,349458,bbref,0.008677658861215267
arenagi01,2003,512435,bbref,0.012724665391969408
armstbr01,2003,930720,bbref,0.023111420128628542
armstda01,2003,4010000,bbref,0.09957537682203074
arroyca01,2003,546000,bbref,0.013558143577264037
artesro01,2003,1904860,bbref,0.04730103548459189
atkinch01,2003,3600000,bbref,0.08939435325668595
augmost01,2003,2400000,bbref,0.0595962355044573
bagarda01,2003,830947,bbref,0.020633880459884284
bakervi01,2003,12375000,bbref,0.30729308931985794
barkler01,2003,682500,bbref,0.016947679471580046
barrybr01,2003,5040000,bbref,0.12515209455936033
barryjo01,2003,3175000,bbref,0.0788408532194383
bateeme01,2003,512453,bbref,0.012725112363735691
batismi01,2003,349458,bbref,0.008677658861215267
battish01,2003,2368200,bbref,0.058806585384023245
battito01,2003,4000000,bbref,0.0993270591740955
baxtelo01,2003,349458,bbref,0.008677658861215267
bellra01,2003,612435,bbref,0.015207841871321796
bendejo01,2003,3226745,bbref,0.0801257728886792
besttr01,2003,1400000,bbref,0.03476447071093343
bibbymi01,2003,8500000,bbref,0.21107000074495294
billuch01,2003,4546000,bbref,0.11288520275135953
blounco01,2003,1400000,bbref,0.03476447071093343
blounma01,2003,762435,bbref,0.018932606590350377
boguemu01,2003,1659120,bbref,0.04119887760423133
boothca01,2003,4992900,bbref,0.12398251843758536
boozeca01,2003,349458,bbref,0.008677658861215267
borchcu01,2003,1113720,bbref,0.02765563308584341
boumtru01,2003,512435,bbref,0.012724665391969408
bowenbr01,2003,3550000,bbref,0.08815276501700976
bowenry01,2003,1111111,bbref,0.027590847011497107
boykiea01,2003,715000,bbref,0.01775471182736957
bradlmi01,2003,1207800,bbref,0.029991805517618136
bradlsh01,2003,4000000,bbref,0.0993270591740955
brandel01,2003,4895656,bbref,0.12156777830200392
brandte01,2003,10175000,bbref,0.2526632067741054
bremejr01,2003,349458,bbref,0.008677658861215267
breweja01,2003,512435,bbref,0.012724665391969408
brezepr01,2003,805320,bbref,0.019997516823520647
brownde02,2003,34946,bbref,0.0008677708524744853
brownke01,2003,1643040,bbref,0.04079958282635147
brownkw01,2003,3974760,bbref,0.09870030543070696
brownpj01,2003,7044800,bbref,0.174934816617417
brownra02,2003,2700000,bbref,0.06704576494251446
brunsri01,2003,699935,bbref,0.017380621290755134
bryanko01,2003,12375000,bbref,0.30729308931985794
bryanma01,2003,1030000,bbref,0.025576717737329592
buckngr01,2003,2400000,bbref,0.0595962355044573
buechju01,2003,3450000,bbref,0.08566958853765737
bullama01,2003,1430000,bbref,0.03550942365473914
burkepa01,2003,349458,bbref,0.008677658861215267
butleca01,2003,1678800,bbref,0.04168756673536788
butlera01,2003,349458,bbref,0.008677658861215267
caffeja01,2003,5250000,bbref,0.13036676516600035
cambyma01,2003,6750000,bbref,0.16761441235628616
campbel01,2003,8050000,bbref,0.1998957065878672
cardibr01,2003,587435,bbref,0.014587047751483699
cartean01,2003,3656250,bbref,0.09079114002632167
cartevi01,2003,10067750,bbref,0.25
cassesa01,2003,4850000,bbref,0.1204340592485908
catoke01,2003,6696000,bbref,0.16627349705743588
chandty01,2003,3556200,bbref,0.0883067219587296
cheanca01,2003,1000000,bbref,0.024831764793523874
childch01,2003,1750000,bbref,0.04345558838866678
chrisdo01,2003,6250000,bbref,0.1551985299595242
clarkke01,2003,4546000,bbref,0.11288520275135953
claxtsp01,2003,1076400,bbref,0.0267289116237491
cleavma01,2003,1441440,bbref,0.03579349904397706
colemde01,2003,9380000,bbref,0.23292195376325395
colesbi01,2003,2400000,bbref,0.0595962355044573
collija02,2003,1369440,bbref,0.03400561197884334
collija03,2003,1150000,bbref,0.028556529512552456
collija04,2003,1147440,bbref,0.028492960194681036
crawfch01,2003,2750000,bbref,0.06828735318219066
crawfja01,2003,2026680,bbref,0.05032604107173897
croshau01,2003,6960000,bbref,0.17282908296292618
crottjo01,2003,138171,bbref,0.0034310297732859873
curryed01,2003,2879280,bbref,0.07149760373469742
currymi01,2003,2600000,bbref,0.06456258846316208
dalemsa01,2003,691100,bbref,0.01716123264880435
dampier01,2003,6858500,bbref,0.1703086588363835
daniean01,2003,3375000,bbref,0.08380720617814308
davisan01,2003,12000000,bbref,0.29798117752228653
davisba01,2003,3942922,bbref,0.09790971170321075
davisda01,2003,8055000,bbref,0.2000198654118348
davisem01,2003,824935,bbref,0.020484591889945617
davishu01,2003,2687500,bbref,0.06673536788259542
davisri01,2003,4546000,bbref,0.11288520275135953
declean01,2003,3262500,bbref,0.08101363263887164
delkto01,2003,2700000,bbref,0.06704576494251446
dickada01,2003,776880,bbref,0.01929130143279283
dickemi01,2003,5500000,bbref,0.13657470636438132
diopde01,2003,1980600,bbref,0.04918179335005339
divacvl01,2003,11248076,bbref,0.27930957761168085
dixonju01,2003,1172400,bbref,0.02911276104392739
doleami01,2003,1400000,bbref,0.03476447071093343
doolike01,2003,1769760,bbref,0.04394626406098681
drewbr01,2003,1300000,bbref,0.03228129423158104
drobnpr01,2003,526413,bbref,0.013071763800253284
dudlech02,2003,1030000,bbref,0.025576717737329592
duncati01,2003,12072500,bbref,0.299781480469817
dunlemi02,2003,3100080,bbref,0.0769804574011075
eisleho01,2003,5312500,bbref,0.1319187504655956
ellisla01,2003,3100000,bbref,0.07697847085992401
elyme01,2003,1490120,bbref,0.037002309354125795
eschmev01,2003,3103800,bbref,0.07707283156613941
evansre01,2003,349458,bbref,0.008677658861215267
ewingpa01,2003,1850000,bbref,0.04593876486801917
feickja01,2003,2600000,bbref,0.06456258846316208
ferryda01,2003,4546000,bbref,0.11288520275135953
finlemi01,2003,11953125,bbref,0.2968171885475901
fishede01,2003,3000000,bbref,0.07449529438057163
fizerma01,2003,2946240,bbref,0.07316033870527178
fordal02,2003,512435,bbref,0.012724665391969408
fortejo01,2003,1009920,bbref,0.025078095900275633
fortsda01,2003,5039068,bbref,0.12512895135457278
fostegr01,2003,401951,bbref,0.009981152690521715
fosteje01,2003,1571335,bbref,0.03901902113183184
fowlktr01,2003,512435,bbref,0.012724665391969408
foxri01,2003,4340231,bbref,0.10777559534156092
foylead01,2003,4400000,bbref,0.10925976509150505
francst01,2003,4383581,bbref,0.10885205234536019
fundela01,2003,3300000,bbref,0.08194482381862879
gadzuda01,2003,349458,bbref,0.008677658861215267
garneke01,2003,25200000,bbref,0.6257604727968017
garripa01,2003,2350000,bbref,0.05835464726478111
gasolpa01,2003,3193680,bbref,0.07930471058578133
geigema01,2003,8768480,bbref,0.21773683295671822
georgde01,2003,4546000,bbref,0.11288520275135953
gillke01,2003,1030000,bbref,0.025576717737329592
ginobma01,2003,1325000,bbref,0.03290208835141913
giricgo01,2003,1400000,bbref,0.03476447071093343
glovedi01,2003,1584312,bbref,0.0393412629435574
goldwan01,2003,139925,bbref,0.0034745846887338284
goodedr01,2003,2794920,bbref,0.06940279605671575
grantbr01,2003,11027862,bbref,0.2738412753594398
grantho01,2003,2661538,bbref,0.06609068560502596
griffad01,2003,637435,bbref,0.01582863599115989
griffed01,2003,2161920,bbref,0.053684288942415136
guglito01,2003,10892000,bbref,0.27046758213106203
guytoaj01,2003,18748,bbref,0.0004655459263489856
haislma01,2003,1439400,bbref,0.03574284224379827
hamda01,2003,699935,bbref,0.017380621290755134
hamilri01,2003,2681783,bbref,0.06659340468327084
hardaan01,2003,12375000,bbref,0.30729308931985794
hardati01,2003,1000000,bbref,0.024831764793523874
harprma01,2003,4000000,bbref,0.0993270591740955
harriad01,2003,140636,bbref,0.0034922400735020237
harrial01,2003,5060000,bbref,0.12564872985523082
harriju01,2003,349458,bbref,0.008677658861215267
harrilu01,2003,2640000,bbref,0.06555585905490303
harriot01,2003,2700000,bbref,0.06704576494251446
harvean01,2003,60361,bbref,0.0014988701547018948
harvedo01,2003,992040,bbref,0.024634103945767427
hassetr01,2003,512435,bbref,0.012724665391969408
hastoki01,2003,1271400,bbref,0.031571105758486255
hawkiju01,2003,587435,bbref,0.014587047751483699
haywobr01,2003,1051920,bbref,0.026121030021603635
hendeal01,2003,7091250,bbref,0.17608825209207618
hilarne01,2003,1945520,bbref,0.04831069504109657
hillgr01,2003,12072500,bbref,0.299781480469817
hillty01,2003,6600000,bbref,0.16388964763725758
hoibefr01,2003,1400000,bbref,0.03476447071093343
horryro01,2003,5300000,bbref,0.13160835340567653
houseed01,2003,637435,bbref,0.01582863599115989
houstal01,2003,14343750,bbref,0.3561806262571081
howarju01,2003,20625000,bbref,0.51215514886643
hudsotr01,2003,2000000,bbref,0.04966352958704775
huffmna01,2003,349458,bbref,0.008677658861215267
hughela01,2003,4546000,bbref,0.11288520275135953
humphry01,2003,1063680,bbref,0.026413051575575476
hunteli01,2003,3870912,bbref,0.09612157632042909
huntest01,2003,1338240,bbref,0.033230860917285394
ilgauzy01,2003,12375000,bbref,0.30729308931985794
iversal01,2003,12375000,bbref,0.30729308931985794
jacksbo01,2003,2700000,bbref,0.06704576494251446
jacksje01,2003,171932,bbref,0.004269374984480147
jacksji01,2003,791341,bbref,0.019650393583471978
jacksma01,2003,3500000,bbref,0.08691117677733357
jacksma02,2003,3575000,bbref,0.08877355913684785
jacksst02,2003,699935,bbref,0.017380621290755134
jacobca01,2003,941040,bbref,0.023367683941297707
jamesje01,2003,4546000,bbref,0.11288520275135953
jamesmi01,2003,512435,bbref,0.012724665391969408
jamisan01,2003,10067750,bbref,0.25
jaricma01,2003,1750000,bbref,0.04345558838866678
jeffech01,2003,781800,bbref,0.019413473715576966
jefferi01,2003,1482840,bbref,0.036821534106428945
jeffrja01,2003,1594920,bbref,0.0396046783044871
johnsan02,2003,699935,bbref,0.017380621290755134
johnsav01,2003,4991800,bbref,0.12395520349631248
johnsde03,2003,2423280,bbref,0.06017431898885054
johnser02,2003,3998679,bbref,0.09929425641280326
johnsjo02,2003,1729560,bbref,0.04294802711628715
johnske03,2003,349458,bbref,0.008677658861215267
johnsla02,2003,9610714,bbref,0.23865098954582703
johnsma02,2003,1000000,bbref,0.024831764793523874
jonesda01,2003,637435,bbref,0.01582863599115989
jonesed02,2003,11212500,bbref,0.27842616274738646
jonesfr01,2003,1367400,bbref,0.03395495517866455
jonesju01,2003,1419026,bbref,0.03523691986789501
jonespo01,2003,1030000,bbref,0.025576717737329592
jordami01,2003,1030000,bbref,0.025576717737329592
kempsh01,2003,12621028,bbref,0.313402398748479
kerrst01,2003,2625000,bbref,0.06518338258300017
kiddja01,2003,9265000,bbref,0.23006630081199872
kirilan01,2003,893400,bbref,0.02218469866653423
kittlke01,2003,8966667,bbref,0.22265816592585236
knighbr01,2003,5000000,bbref,0.12415882396761938
knightr01,2003,4000000,bbref,0.0993270591740955
kukocto01,2003,8050000,bbref,0.1998957065878672
laettch01,2003,5062500,bbref,0.12571080926721462
lafrera01,2003,7270000,bbref,0.18052693004891857
lamplse01,2003,349458,bbref,0.008677658861215267
langhda01,2003,587435,bbref,0.014587047751483699
lenarvo01,2003,824935,bbref,0.020484591889945617
lewisra02,2003,6233766,bbref,0.15479541108986616
longar01,2003,193424,bbref,0.0048030592734225625
longllu01,2003,6900000,bbref,0.17133917707531474
lopezfe01,2003,637435,bbref,0.01582863599115989
lopezra01,2003,578160,bbref,0.014356733133023764
luety01,2003,1870000,bbref,0.04643540016388965
lynchge01,2003,2600000,bbref,0.06456258846316208
maccuto01,2003,4991800,bbref,0.12395520349631248
maddoti01,2003,349458,bbref,0.008677658861215267
madsema01,2003,813000,bbref,0.02018822477713491
maggeco01,2003,2069764,bbref,0.05139589282610315
magloja01,2003,1121280,bbref,0.02784336122768245
malonka01,2003,19250000,bbref,0.4780114722753346
malonma01,2003,2775000,bbref,0.06890814730202875
mannida01,2003,900000,bbref,0.022348588314171487
marbust01,2003,12375000,bbref,0.30729308931985794
mariosh01,2003,2265375,bbref,0.05625325916912915
marksse01,2003,612435,bbref,0.015207841871321796
marshdo01,2003,4186542,bbref,0.10395922624220903
martike01,2003,4067160,bbref,0.10099476049762857
mashbja01,2003,7750000,bbref,0.19244617714981005
masonan01,2003,4370819,bbref,0.10853514936306523
masonde01,2003,1235880,bbref,0.030689081473020286
masonro01,2003,349458,bbref,0.008677658861215267
masseto01,2003,1800000,bbref,0.04469717662834297
mccarwa01,2003,762435,bbref,0.018932606590350377
mccasam01,2003,699935,bbref,0.017380621290755134
mccloge01,2003,2599900,bbref,0.06456010528668273
mccoyje01,2003,637435,bbref,0.01582863599115989
mcdyean01,2003,12600000,bbref,0.31288023639840085
mcgratr01,2003,12072500,bbref,0.299781480469817
mcilvji01,2003,4400000,bbref,0.10925976509150505
mcinnje01,2003,3000000,bbref,0.07449529438057163
mckieaa01,2003,4500000,bbref,0.11174294157085744
medvest01,2003,1400000,bbref,0.03476447071093343
mercero01,2003,6750000,bbref,0.16761441235628616
mihmch01,2003,2212200,bbref,0.054932830076233514
milesda01,2003,3267960,bbref,0.08114921407464429
millean02,2003,2460709,bbref,0.06110374711330734
millebr01,2003,4800000,bbref,0.1191924710089146
millemi01,2003,2668080,bbref,0.06625313501030518
millere01,2003,12046473,bbref,0.2991351841275359
millsch01,2003,6000000,bbref,0.14899058876114327
mingya01,2003,3858240,bbref,0.09580690819696557
moblecu01,2003,4903750,bbref,0.12176876660624271
mohamna01,2003,4750000,bbref,0.11795088276923842
moisoje01,2003,1681200,bbref,0.04174716297087234
montrer01,2003,2720000,bbref,0.06754240023838494
mooremi01,2003,2412500,bbref,0.05990663256437635
morrite01,2003,512435,bbref,0.012724665391969408
mournal01,2003,20629800,bbref,0.5122743413374389
murphtr01,2003,1408680,bbref,0.034980010429341214
murrala01,2003,4125000,bbref,0.10243102977328598
murraro01,2003,349458,bbref,0.008677658861215267
murratr01,2003,3740000,bbref,0.0928708003277793
mutomdi01,2003,16105264,bbref,0.3999221275856075
nachbbo01,2003,1224000,bbref,0.030394080107273225
nailole01,2003,587435,bbref,0.014587047751483699
najered01,2003,3047620,bbref,0.07567778302003923
nashst01,2003,5750000,bbref,0.1427826475627623
ndiayma02,2003,848520,bbref,0.02107024906260088
nestera01,2003,2436813,bbref,0.0605103672618013
newblir01,2003,587435,bbref,0.014587047751483699
norrimo01,2003,3150000,bbref,0.07822005909960021
nowitdi01,2003,10067750,bbref,0.25
oaklech01,2003,1030000,bbref,0.025576717737329592
odomla01,2003,3557585,bbref,0.08834111395296863
okurme01,2003,1000000,bbref,0.024831764793523874
olajuha01,2003,5694231,bbref,0.14139780487199224
olivede01,2003,118735,bbref,0.0029483995927590575
ollieke01,2003,1000000,bbref,0.024831764793523874
olowomi01,2003,6061213,bbref,0.15051061557944923
onealje01,2003,6900000,bbref,0.17133917707531474
onealsh01,2003,23571429,bbref,0.5853201807752477
ostergr01,2003,7799996,bbref,0.19368766606242704
outlabo01,2003,6585000,bbref,0.16351717116535472
owensch01,2003,349458,bbref,0.008677658861215267
oyedeol01,2003,587435,bbref,0.014587047751483699
padgesc01,2003,612435,bbref,0.015207841871321796
palacmi01,2003,750000,bbref,0.01862382359514291
pargoja01,2003,349458,bbref,0.008677658861215267
parkesm01,2003,349458,bbref,0.008677658861215267
parketo01,2003,800400,bbref,0.01987534454073651
parksch02,2003,824935,bbref,0.020484591889945617
patteru01,2003,4991800,bbref,0.12395520349631248
paytoga01,2003,12636117,bbref,0.3137770852474485
peelean01,2003,3350812,bbref,0.08320657545131732
persowe01,2003,7000000,bbref,0.17382235355466713
petermo01,2003,1033320,bbref,0.02565915919644409
piatker01,2003,3000000,bbref,0.07449529438057163
piercpa01,2003,10067750,bbref,0.25
pippesc01,2003,19727524,bbref,0.4898692359265973
pollasc01,2003,4826874,bbref,0.11985979985597577
popema01,2003,637435,bbref,0.01582863599115989
poseyja01,2003,1723606,bbref,0.04280017878870651
postela01,2003,587435,bbref,0.014587047751483699
potapvi01,2003,5238750,bbref,0.1300874078120732
pricebr01,2003,4048000,bbref,0.10051898388418465
princta01,2003,903360,bbref,0.022432023043877727
przybjo01,2003,1862880,bbref,0.046258597998559754
radmavl01,2003,1560840,bbref,0.038758411760323803
rakocig01,2003,349458,bbref,0.008677658861215267
randoza01,2003,1095720,bbref,0.02720866131955998
ratlith01,2003,9375000,bbref,0.23279779493928635
rebraze01,2003,3850000,bbref,0.09560229445506692
reddmi01,2003,3000000,bbref,0.07449529438057163
reevebr01,2003,12999998,bbref,0.3228128926522808
reiddo01,2003,1100000,bbref,0.027314941272876262
reidjr01,2003,800000,bbref,0.019865411834819102
rentzef01,2003,903360,bbref,0.022432023043877727
ricegl01,2003,9200000,bbref,0.22845223610041965
richaja01,2003,2607360,bbref,0.06474535025204241
richaqu01,2003,1174080,bbref,0.02915447840878051
robincl02,2003,8421875,bbref,0.2091300191204589
robinda01,2003,10500000,bbref,0.2607335303320007
robined01,2003,5687000,bbref,0.14121824638077027
robingl01,2003,9860000,bbref,0.2448412008641454
rogerro01,2003,2796000,bbref,0.06942961436269275
rooksse01,2003,2640000,bbref,0.06555585905490303
roseja01,2003,12072500,bbref,0.299781480469817
rosema01,2003,4370000,bbref,0.10851481214769934
ruckegu01,2003,34946,bbref,0.0008677708524744853
rushka01,2003,1021080,bbref,0.02535521839537136
russebr01,2003,1400000,bbref,0.03476447071093343
sabonar01,2003,6850000,bbref,0.17009758883563855
salmojo01,2003,670800,bbref,0.016657147823495817
samakso01,2003,124984,bbref,0.003103573290953788
sampsja01,2003,349458,bbref,0.008677658861215267
sanchpe01,2003,587435,bbref,0.014587047751483699
sasseje01,2003,969480,bbref,0.024073899332025528
satteke01,2003,512435,bbref,0.012724665391969408
savovpr01,2003,349458,bbref,0.008677658861215267
scalabr01,2003,512435,bbref,0.012724665391969408
sesayan01,2003,612435,bbref,0.015207841871321796
shawbr01,2003,1030000,bbref,0.025576717737329592
shirlpa01,2003,29832,bbref,0.0007407812073204043
simmobo01,2003,512435,bbref,0.012724665391969408
skinnbr01,2003,637435,bbref,0.01582863599115989
slatere01,2003,321926,bbref,0.007993990712919967
slayta01,2003,349458,bbref,0.008677658861215267
smithch04,2003,637435,bbref,0.01582863599115989
smithjo02,2003,4991800,bbref,0.12395520349631248
smithst01,2003,9900000,bbref,0.24583447145588638
snower01,2003,4125000,bbref,0.10243102977328598
sprewla01,2003,12375000,bbref,0.30729308931985794
stackje01,2003,6375000,bbref,0.1583025005587147
stepavl01,2003,1350000,bbref,0.03352288247125723
stevede01,2003,952320,bbref,0.023647786248168656
stewami01,2003,4160000,bbref,0.10330014154105932
stithbr01,2003,2000000,bbref,0.04966352958704775
stockjo01,2003,7875000,bbref,0.1955501477490005
stojape01,2003,5625000,bbref,0.1396786769635718
stoudam01,2003,1767120,bbref,0.04388070820193191
stoudda01,2003,12375000,bbref,0.30729308931985794
stricer01,2003,762435,bbref,0.018932606590350377
stricma01,2003,60361,bbref,0.0014988701547018948
stricro02,2003,1030000,bbref,0.025576717737329592
stronde01,2003,4212000,bbref,0.10459139331032256
sundobr01,2003,637435,bbref,0.01582863599115989
surabo01,2003,5639999,bbref,0.14005112860370986
swiftst01,2003,3639000,bbref,0.09036279208363339
szczewa02,2003,2933187,bbref,0.07283620967942192
tayloma01,2003,7150000,bbref,0.1775471182736957
terryja01,2003,2153934,bbref,0.053485982468774056
thomaet01,2003,1597200,bbref,0.039661294728216334
thomake01,2003,1557684,bbref,0.038680042710635444
thomaku01,2003,4903750,bbref,0.12176876660624271
thomati01,2003,10750000,bbref,0.26694147153038167
tinslja01,2003,805320,bbref,0.019997516823520647
torreos01,2003,168729,bbref,0.00418983884184649
traylro01,2003,750000,bbref,0.01862382359514291
trentga01,2003,824935,bbref,0.020484591889945617
trybace01,2003,1500000,bbref,0.03724764719028582
tsakaja01,2003,877680,bbref,0.021794343323980035
tskitni01,2003,2530920,bbref,0.06284721015122545
turkohe01,2003,1300920,bbref,0.03230413945519108
vanexni01,2003,11061234,bbref,0.27466996101412927
vanhoke01,2003,12072500,bbref,0.299781480469817
vardara01,2003,124984,bbref,0.003103573290953788
vaughja01,2003,699935,bbref,0.017380621290755134
vaughlo01,2003,5364964,bbref,0.13322152417372302
voskuja01,2003,587435,bbref,0.014587047751483699
wagneda02,2003,2298840,bbref,0.057084254177944424
walkean02,2003,12375000,bbref,0.30729308931985794
walkesa01,2003,1540000,bbref,0.03824091778202677
wallabe01,2003,5200000,bbref,0.12912517692632416
wallage01,2003,857760,bbref,0.02129969456929304
wallara01,2003,16200000,bbref,0.4022745896550868
wardch01,2003,5570000,bbref,0.138312929899928
watsoea01,2003,1215000,bbref,0.03017059422413151
weathcl01,2003,4991800,bbref,0.12395520349631248
webbech01,2003,14343750,bbref,0.3561806262571081
wellsbo01,2003,6300000,bbref,0.15644011819920042
welscji01,2003,1234080,bbref,0.030644384296391946
wesleda01,2003,3600000,bbref,0.08939435325668595
whiteja01,2003,4903750,bbref,0.12176876660624271
whitero02,2003,1820520,bbref,0.045206724441906085
whitnch01,2003,3000000,bbref,0.07449529438057163
wilcoch01,2003,1922520,bbref,0.04773956445084552
wilksmi01,2003,55402,bbref,0.0013757294330908098
williaa01,2003,2700000,bbref,0.06704576494251446
willial02,2003,5350000,bbref,0.13284994164535274
willico02,2003,4500000,bbref,0.11174294157085744
willier01,2003,5004000,bbref,0.12425815102679347
willifr02,2003,832560,bbref,0.02067393409649624
willija02,2003,5500000,bbref,0.13657470636438132
willija03,2003,3451920,bbref,0.08571726552606093
willije01,2003,5250000,bbref,0.13036676516600035
willike02,2003,1030000,bbref,0.025576717737329592
willilo01,2003,2068000,bbref,0.051352089593007376
willimo01,2003,887435,bbref,0.02203657718954086
willisc01,2003,1030000,bbref,0.025576717737329592
willish01,2003,2000000,bbref,0.04966352958704775
williwa02,2003,1030000,bbref,0.025576717737329592
wolkoru01,2003,587435,bbref,0.014587047751483699
woodslo01,2003,662435,bbref,0.01644943011099799
woodsqy01,2003,980280,bbref,0.024342082391795587
wrighlo02,2003,6050000,bbref,0.15023217700081945
yarbrvi01,2003,349458,bbref,0.008677658861215267
zhizhwa01,2003,1900000,bbref,0.04718035310769536
abdulta01,2004,6187500,bbref,0.1411382299270073
abdursh01,2004,13500000,bbref,0.3079379562043796
alexaco01,2004,2302778,bbref,0.0525268704379562
alexaco02,2004,2168193,bbref,0.04945695711678832
allenma01,2004,1510000,bbref,0.03444343065693431
allenra02,2004,13500000,bbref,0.3079379562043796
alstora01,2004,688679,bbref,0.015708918795620436
amaecjo01,2004,2610000,bbref,0.059534671532846715
anderch01,2004,638679,bbref,0.014568407846715328
anderde01,2004,7794000,bbref,0.17778284671532846
anderke01,2004,1070000,bbref,0.024406934306569344
andersh01,2004,6700000,bbref,0.15282846715328466
anthoca01,2004,3229200,bbref,0.07365875912408759
archiro01,2004,563679,bbref,0.012857641423357664
arenagi01,2004,8536000,bbref,0.1947080291970803
armstbr01,2004,995650,bbref,0.022710994525547444
armstda01,2004,2475000,bbref,0.05645529197080292
arroyca01,2004,800000,bbref,0.01824817518248175
artesro01,2004,5473684,bbref,0.1248559306569343
atkinch01,2004,3900000,bbref,0.08895985401459854
augmost01,2004,2400000,bbref,0.05474452554744526
bagarda01,2004,1599076,bbref,0.03647527372262774
bakervi01,2004,13500000,bbref,0.3079379562043796
banksma01,2004,1499400,bbref,0.034201642335766426
barbole01,2004,809280,bbref,0.01845985401459854
barrybr01,2004,5400000,bbref,0.12317518248175183
barryjo01,2004,3000000,bbref,0.06843065693430657
bateeme01,2004,636679,bbref,0.014522787408759124
battish01,2004,2533440,bbref,0.05778832116788321
battito01,2004,4400000,bbref,0.10036496350364964
baxtelo01,2004,636679,bbref,0.014522787408759124
beaslje01,2004,366931,bbref,0.008369776459854015
bellra01,2004,688679,bbref,0.015708918795620436
belltr01,2004,1285440,bbref,0.02932116788321168
bendejo01,2004,5800000,bbref,0.1322992700729927
besttr01,2004,938679,bbref,0.021411473540145984
bibbymi01,2004,9500000,bbref,0.2166970802919708
billuch01,2004,5000600,bbref,0.11406478102189781
blakest01,2004,366931,bbref,0.008369776459854015
blounco01,2004,1680000,bbref,0.03832116788321168
blounma01,2004,944922,bbref,0.02155387773722628
boganke01,2004,366931,bbref,0.008369776459854015
boguemu01,2004,437420,bbref,0.00997764598540146
boothca01,2004,5446800,bbref,0.124242700729927
boozeca01,2004,563679,bbref,0.012857641423357664
borchcu01,2004,1187240,bbref,0.027081204379562043
boshch01,2004,2911320,bbref,0.06640784671532847
boumtru01,2004,663679,bbref,0.015138663321167884
bowenbr01,2004,3650000,bbref,0.083257299270073
bowenry01,2004,1250000,bbref,0.028512773722627737
boykiea01,2004,2500000,bbref,0.057025547445255474
bradlmi01,2004,1292040,bbref,0.029471715328467152
bradlsh01,2004,3500000,bbref,0.07983576642335767
braggto01,2004,53697,bbref,0.0012248403284671533
brandel01,2004,10960000,bbref,0.25
brandte01,2004,11100000,bbref,0.2531934306569343
bremejr01,2004,563679,bbref,0.012857641423357664
breweja01,2004,638679,bbref,0.014568407846715328
brezepr01,2004,861600,bbref,0.019653284671532847
brownda02,2004,202508,bbref,0.0046192518248175185
brownde02,2004,563679,bbref,0.012857641423357664
brownke01,2004,1757640,bbref,0.040092153284671535
brownkw01,2004,4252080,bbref,0.09699087591240876
brownpj01,2004,8000000,bbref,0.18248175182481752
brunsri01,2004,813679,bbref,0.018560196167883212
bryanko01,2004,13500000,bbref,0.3079379562043796
buckngr01,2004,2640000,bbref,0.060218978102189784
buforro01,2004,145686,bbref,0.003323129562043796
butleca01,2004,1804680,bbref,0.04116514598540146
butlemi02,2004,876179,bbref,0.0199858348540146
butlera01,2004,563679,bbref,0.012857641423357664
cabarza01,2004,1221240,bbref,0.02785675182481752
caffeja01,2004,5687500,bbref,0.1297331204379562
cambyma01,2004,7250000,bbref,0.16537408759124086
campbel01,2004,4000000,bbref,0.09124087591240876
cardibr01,2004,663679,bbref,0.015138663321167884
carroma01,2004,349032,bbref,0.007961496350364963
cartean01,2004,751179,bbref,0.017134557481751824
cartevi01,2004,11326219,bbref,0.2583535355839416
cassesa01,2004,5062500,bbref,0.11547673357664233
catoke01,2004,7344000,bbref,0.1675182481751825
chandty01,2004,3804360,bbref,0.08677828467153284
cheanca01,2004,1070000,bbref,0.024406934306569344
childch01,2004,1166667,bbref,0.02661192974452555
chrisdo01,2004,6900000,bbref,0.1573905109489051
clarkke01,2004,5000600,bbref,0.11406478102189781
claxtsp01,2004,3000000,bbref,0.06843065693430657
colemde01,2004,4000000,bbref,0.09124087591240876
colesbi01,2004,1070000,bbref,0.024406934306569344
collija03,2004,1250000,bbref,0.028512773722627737
collija04,2004,1227480,bbref,0.027999087591240875
collini01,2004,1578240,bbref,0.036
cookbr01,2004,903360,bbref,0.020605839416058393
crawfch01,2004,3000000,bbref,0.06843065693430657
crawfja01,2004,2577937,bbref,0.058803307481751825
croshau01,2004,7610000,bbref,0.17358576642335766
curryed01,2004,3080160,bbref,0.07025912408759125
currymi01,2004,2800000,bbref,0.06386861313868614
dalemsa01,2004,887160,bbref,0.02023631386861314
dampier01,2004,7842000,bbref,0.17887773722627737
daniean01,2004,2200000,bbref,0.05018248175182482
daniema01,2004,366931,bbref,0.008369776459854015
davisan01,2004,12925000,bbref,0.2948220802919708
davisba01,2004,10960000,bbref,0.25
davisbe01,2004,176369,bbref,0.004023015510948905
davisda01,2004,9061875,bbref,0.2067033531021898
davishu01,2004,2956250,bbref,0.0674327098540146
davisri01,2004,5000600,bbref,0.11406478102189781
declean01,2004,2500000,bbref,0.057025547445255474
delkto01,2004,2925000,bbref,0.0667198905109489
dialde01,2004,32375,bbref,0.0007384808394160584
diawbo01,2004,1021080,bbref,0.023291058394160583
dickada01,2004,835200,bbref,0.019051094890510947
dickeka01,2004,264011,bbref,0.006022148722627737
dickemi01,2004,6187500,bbref,0.1411382299270073
diopde01,2004,2118840,bbref,0.048331204379562044
divacvl01,2004,12051510,bbref,0.27489758211678833
dixonju01,2004,1260360,bbref,0.028749087591240875
doleami01,2004,1540000,bbref,0.03512773722627737
doolike01,2004,2256444,bbref,0.051469981751824816
drewbr01,2004,1300000,bbref,0.029653284671532845
drobnpr01,2004,2500000,bbref,0.057025547445255474
duncati01,2004,12676125,bbref,0.2891451870437956
dunlemi02,2004,3332520,bbref,0.07601551094890512
ebind01,2004,838560,bbref,0.01912773722627737
eisleho01,2004,5843750,bbref,0.13329721715328466
ekeziob01,2004,688679,bbref,0.015708918795620436
elsonfr01,2004,366931,bbref,0.008369776459854015
elyme01,2004,1628760,bbref,0.03715237226277372
eschmev01,2004,3017266,bbref,0.06882449817518248
evansre01,2004,700000,bbref,0.015967153284671534
finlemi01,2004,13281250,bbref,0.3029482208029197
fishede01,2004,3000000,bbref,0.06843065693430657
fizerma01,2004,3726994,bbref,0.085013549270073
fordal02,2004,586082,bbref,0.013368658759124087
fordtj01,2004,2002680,bbref,0.04568156934306569
fortejo01,2004,1080360,bbref,0.024643248175182483
fortsda01,2004,5428602,bbref,0.1238276003649635
fosteje01,2004,4000000,bbref,0.09124087591240876
fowlktr01,2004,638679,bbref,0.014568407846715328
foxri01,2004,4734797,bbref,0.10800175638686131
foylead01,2004,4400000,bbref,0.10036496350364964
frahmri01,2004,366931,bbref,0.008369776459854015
francst01,2004,10960000,bbref,0.25
fundela01,2004,3600000,bbref,0.08211678832116788
gadzuda01,2004,563679,bbref,0.012857641423357664
gainere01,2004,1353120,bbref,0.030864963503649635
garcial01,2004,366931,bbref,0.008369776459854015
garneke01,2004,28000000,bbref,0.6386861313868614
garripa01,2004,2643750,bbref,0.060304516423357664
gasolpa01,2004,3417000,bbref,0.07794251824817518
georgde01,2004,4546000,bbref,0.10369525547445256
gillke01,2004,1070000,bbref,0.024406934306569344
ginobma01,2004,1457500,bbref,0.03324589416058394
giricgo01,2004,1540000,bbref,0.03512773722627737
glovedi01,2004,1000000,bbref,0.02281021897810219
goodedr01,2004,3004560,bbref,0.06853467153284672
grantbr01,2004,12130648,bbref,0.27670273722627736
grantho01,2004,1070000,bbref,0.024406934306569344
grantpa01,2004,350581,bbref,0.007996829379562044
greenwi01,2004,366931,bbref,0.008369776459854015
griffad01,2004,751179,bbref,0.017134557481751824
griffed01,2004,2312760,bbref,0.05275456204379562
guglito01,2004,11670000,bbref,0.26619525547445255
haislma01,2004,1547280,bbref,0.035293795620437954
hamda01,2004,813679,bbref,0.018560196167883212
hamilri01,2004,6500000,bbref,0.14826642335766424
hamilze01,2004,485619,bbref,0.011077075729927006
handlbe01,2004,366931,bbref,0.008369776459854015
hansetr01,2004,366931,bbref,0.008369776459854015
hardaan01,2004,13500000,bbref,0.3079379562043796
harprma01,2004,4290000,bbref,0.0978558394160584
harrial01,2004,5692500,bbref,0.12984717153284672
harrilu01,2004,2500000,bbref,0.057025547445255474
harriot01,2004,2925000,bbref,0.0667198905109489
hartja01,2004,638679,bbref,0.014568407846715328
harvedo01,2004,663679,bbref,0.015138663321167884
hasleud01,2004,366931,bbref,0.008369776459854015
hassetr01,2004,638679,bbref,0.014568407846715328
hastoki01,2004,1360080,bbref,0.031023722627737227
hayesja01,2004,1748760,bbref,0.03988959854014599
haywobr01,2004,1125360,bbref,0.02566970802919708
healsh01,2004,75615,bbref,0.001724794708029197
hendeal01,2004,7682188,bbref,0.1752323905109489
hilarne01,2004,2102840,bbref,0.047966240875912405
hillgr01,2004,13279750,bbref,0.3029140054744526
hillty01,2004,221829,bbref,0.0050599680656934305
hinriki01,2004,2185920,bbref,0.04986131386861314
hoibefr01,2004,938679,bbref,0.021411473540145984
horryro01,2004,4500000,bbref,0.10264598540145986
houseed01,2004,750000,bbref,0.017107664233576642
houstal01,2004,15937500,bbref,0.36353786496350365
howarjo01,2004,773400,bbref,0.017641423357664235
howarju01,2004,4917000,bbref,0.11215784671532847
hudsotr01,2004,2100000,bbref,0.047901459854014596
huffmna01,2004,1760000,bbref,0.040145985401459854
hughela01,2004,5000600,bbref,0.11406478102189781
humphry01,2004,1143360,bbref,0.02608029197080292
huntebr01,2004,366931,bbref,0.008369776459854015
hunteli01,2004,3000000,bbref,0.06843065693430657
huntest01,2004,1431600,bbref,0.03265510948905109
ilgauzy01,2004,13500000,bbref,0.3079379562043796
iversal01,2004,13500000,bbref,0.3079379562043796
jacksbo01,2004,2925000,bbref,0.0667198905109489
jacksji01,2004,2200000,bbref,0.05018248175182482
jacksma01,2004,1500000,bbref,0.034215328467153285
jacksma02,2004,3900000,bbref,0.08895985401459854
jacksst02,2004,1000000,bbref,0.02281021897810219
jacobca01,2004,1011600,bbref,0.023074817518248174
jamesje01,2004,5000600,bbref,0.11406478102189781
jamesle01,2004,4018920,bbref,0.09167244525547445
jamesmi01,2004,638679,bbref,0.014568407846715328
jamisan01,2004,11326219,bbref,0.2583535355839416
jaricma01,2004,1925000,bbref,0.043909671532846715
jeffech01,2004,840360,bbref,0.019168795620437957
jefferi01,2004,1586280,bbref,0.03618339416058394
jeffrja01,2004,1714440,bbref,0.039106751824817515
johnsan02,2004,813679,bbref,0.018560196167883212
johnsav01,2004,5445600,bbref,0.12421532846715329
johnsbr01,2004,44748,bbref,0.0010207116788321167
johnser02,2004,4418156,bbref,0.10077910583941606
johnsjo02,2004,1850160,bbref,0.04220255474452555
johnsli01,2004,366931,bbref,0.008369776459854015
johnsma02,2004,1000000,bbref,0.02281021897810219
jonesda01,2004,751179,bbref,0.017134557481751824
jonesda02,2004,1063680,bbref,0.024262773722627737
jonesed02,2004,12333750,bbref,0.28133553832116787
jonesfr01,2004,1506000,bbref,0.0343521897810219
jonesja02,2004,366931,bbref,0.008369776459854015
jonesju01,2004,1500000,bbref,0.034215328467153285
jonespo01,2004,1070000,bbref,0.024406934306569344
kamanch01,2004,2394600,bbref,0.0546213503649635
kaponja01,2004,366931,bbref,0.008369776459854015
kempsh01,2004,14941935,bbref,0.34082880930656934
kiddja01,2004,13152000,bbref,0.3
kirilan01,2004,955800,bbref,0.021802007299270072
kittlke01,2004,9266666,bbref,0.2113746806569343
knighbr01,2004,5000000,bbref,0.11405109489051095
knightr01,2004,4402500,bbref,0.1004219890510949
korveky01,2004,366931,bbref,0.008369776459854015
kukocto01,2004,9056250,bbref,0.20657504562043796
laettch01,2004,5625000,bbref,0.12830748175182483
lafrera01,2004,8178750,bbref,0.18655907846715328
lampema01,2004,829000,bbref,0.018909671532846714
lamplse01,2004,89364,bbref,0.002038412408759124
langhda01,2004,530943,bbref,0.012110926094890511
lenarvo01,2004,1200000,bbref,0.02737226277372263
lewisqu01,2004,202341,bbref,0.004615442518248175
lewisra02,2004,7012987,bbref,0.15996776916058394
lopezra01,2004,621520,bbref,0.014177007299270072
luety01,2004,1500000,bbref,0.034215328467153285
lynchge01,2004,2800000,bbref,0.06386861313868614
maccuto01,2004,5445600,bbref,0.12421532846715329
madsema01,2004,663679,bbref,0.015138663321167884
maggeco01,2004,7000000,bbref,0.15967153284671534
magloja01,2004,1726771,bbref,0.039388024635036496
malonka01,2004,1500000,bbref,0.034215328467153285
malonma01,2004,3006260,bbref,0.06857344890510948
marbust01,2004,13500000,bbref,0.3079379562043796
mariosh01,2004,10960000,bbref,0.25
marksse01,2004,596295,bbref,0.013601619525547445
marshdo01,2004,4605196,bbref,0.1050455291970803
martike01,2004,5128689,bbref,0.11698651916058395
mashbja01,2004,8525000,bbref,0.19445711678832117
masonan01,2004,4348094,bbref,0.09918097627737227
masonde01,2004,1898312,bbref,0.04330091240875912
masonro01,2004,563679,bbref,0.012857641423357664
masseto01,2004,1070000,bbref,0.024406934306569344
mccarwa01,2004,1200000,bbref,0.02737226277372263
mccasam01,2004,688679,bbref,0.015708918795620436
mccoyje01,2004,36643,bbref,0.0008358348540145985
mcdyean01,2004,13500000,bbref,0.3079379562043796
mcgratr01,2004,13279750,bbref,0.3029140054744526
mcinnje01,2004,3300000,bbref,0.07527372262773722
mckieaa01,2004,5000000,bbref,0.11405109489051095
mcleoke01,2004,366931,bbref,0.008369776459854015
medvest01,2004,1540000,bbref,0.03512773722627737
mercero01,2004,6750000,bbref,0.1539689781021898
mihmch01,2004,2809494,bbref,0.06408517335766423
milesda01,2004,4130701,bbref,0.0942221943430657
milicda01,2004,3595800,bbref,0.08202098540145986
millean02,2004,8000000,bbref,0.18248175182481752
millebr01,2004,7000000,bbref,0.15967153284671534
millemi01,2004,3380457,bbref,0.0771089644160584
milleol01,2004,686838,bbref,0.01566692518248175
millere01,2004,5000000,bbref,0.11405109489051095
millsch01,2004,6600000,bbref,0.15054744525547445
mingya01,2004,4147560,bbref,0.09460675182481752
moblecu01,2004,5394125,bbref,0.12304117244525548
mohamna01,2004,5000000,bbref,0.11405109489051095
moisoje01,2004,1600000,bbref,0.0364963503649635
montrer01,2004,2960000,bbref,0.06751824817518248
mooremi01,2004,513000,bbref,0.011701642335766423
mournal01,2004,4917000,bbref,0.11215784671532847
murphtr01,2004,1506960,bbref,0.03437408759124087
murrala01,2004,4500000,bbref,0.10264598540145986
murraro01,2004,563679,bbref,0.012857641423357664
murratr01,2004,143537,bbref,0.003274110401459854
mutomdi01,2004,13626624,bbref,0.31082627737226276
nachbbo01,2004,1396440,bbref,0.03185310218978102
najered01,2004,3428572,bbref,0.07820647810218978
nashst01,2004,5750000,bbref,0.1311587591240876
nestera01,2004,5600000,bbref,0.12773722627737227
newblir01,2004,2458500,bbref,0.056078923357664234
norrimo01,2004,3500000,bbref,0.07983576642335767
nowitdi01,2004,11326219,bbref,0.2583535355839416
odomla01,2004,9963596,bbref,0.22727180656934307
okurme01,2004,1100000,bbref,0.02509124087591241
olajuha01,2004,6326923,bbref,0.14431849908759123
ollieke01,2004,2458500,bbref,0.056078923357664234
olowomi01,2004,4917000,bbref,0.11215784671532847
onealje01,2004,13152000,bbref,0.3
onealsh01,2004,24749999,bbref,0.5645528968978102
ostergr01,2004,8666666,bbref,0.19768854927007298
outlabo01,2004,6585000,bbref,0.15020529197080293
outlatr01,2004,941040,bbref,0.021465328467153284
overtdo01,2004,591454,bbref,0.013491195255474453
pachuza01,2004,366931,bbref,0.008369776459854015
packro01,2004,965610,bbref,0.022025775547445257
padgesc01,2004,688679,bbref,0.015708918795620436
palacmi01,2004,688679,bbref,0.015708918795620436
pargoja01,2004,563679,bbref,0.012857641423357664
parketo01,2004,856200,bbref,0.019530109489051095
parksch02,2004,228946,bbref,0.005222308394160584
patteru01,2004,5445600,bbref,0.12421532846715329
pavloal01,2004,1107960,bbref,0.025272810218978103
paytoga01,2004,4917000,bbref,0.11215784671532847
peelean01,2004,1070000,bbref,0.024406934306569344
penneki01,2004,8950,bbref,0.00020415145985401459
perkike01,2004,814320,bbref,0.018574817518248174
persowe01,2004,7700000,bbref,0.17563868613138686
petermo01,2004,1646079,bbref,0.037547422445255475
piatker01,2004,2500000,bbref,0.057025547445255474
piercpa01,2004,11326219,bbref,0.2583535355839416
pietrmi01,2004,1527946,bbref,0.03485278284671533
pippesc01,2004,4917000,bbref,0.11215784671532847
planizo01,2004,980280,bbref,0.022360401459854014
pollasc01,2004,5309563,bbref,0.1211122947080292
polynol01,2004,1070000,bbref,0.024406934306569344
popema01,2004,751179,bbref,0.017134557481751824
poseyja01,2004,4917000,bbref,0.11215784671532847
potapvi01,2004,5715000,bbref,0.130360401459854
princta01,2004,971160,bbref,0.022152372262773723
przybjo01,2004,2373309,bbref,0.05413569799270073
radmavl01,2004,1669800,bbref,0.038088503649635036
randoza01,2004,1172160,bbref,0.026737226277372263
ratlith01,2004,10156250,bbref,0.23166628649635038
rebraze01,2004,4200000,bbref,0.09580291970802919
reddmi01,2004,3000000,bbref,0.06843065693430657
rentzef01,2004,971160,bbref,0.022152372262773723
ricegl01,2004,6815000,bbref,0.15545164233576642
richaja01,2004,2789280,bbref,0.06362408759124087
richaqu01,2004,1805735,bbref,0.04118921076642336
ridnolu01,2004,1424400,bbref,0.03249087591240876
robincl02,2004,4700000,bbref,0.10720802919708029
robined01,2004,6204000,bbref,0.14151459854014597
robingl01,2004,10730000,bbref,0.24475364963503649
rogerro01,2004,3075600,bbref,0.0701551094890511
rooksse01,2004,1070000,bbref,0.024406934306569344
roseja01,2004,13279750,bbref,0.3029140054744526
rosema01,2004,4916250,bbref,0.1121407390510949
ruffimi01,2004,663679,bbref,0.015138663321167884
rushka01,2004,1097640,bbref,0.025037408759124087
russebr01,2004,1070000,bbref,0.024406934306569344
salmojo01,2004,865320,bbref,0.019738138686131387
sampsja01,2004,563679,bbref,0.012857641423357664
sanchpe01,2004,663679,bbref,0.015138663321167884
santida01,2004,1200000,bbref,0.02737226277372263
sasseje01,2004,1125729,bbref,0.025678125
scalabr01,2004,800000,bbref,0.01824817518248175
sesayan01,2004,688679,bbref,0.015708918795620436
simmobo01,2004,638679,bbref,0.014568407846715328
skinnbr01,2004,1500000,bbref,0.034215328467153285
slayta01,2004,563679,bbref,0.012857641423357664
smithja01,2004,638679,bbref,0.014568407846715328
smithjo02,2004,5445600,bbref,0.12421532846715329
smithst01,2004,1070000,bbref,0.024406934306569344
smithth01,2004,366931,bbref,0.008369776459854015
snower01,2004,4500000,bbref,0.10264598540145986
songada01,2004,366931,bbref,0.008369776459854015
sprewla01,2004,13500000,bbref,0.3079379562043796
stackje01,2004,6906250,bbref,0.15753307481751824
stepavl01,2004,751179,bbref,0.017134557481751824
stevede01,2004,1616087,bbref,0.036863298357664234
stewami01,2004,4480000,bbref,0.10218978102189781
stojape01,2004,6250000,bbref,0.1425638686131387
stoudam01,2004,1899720,bbref,0.04333302919708029
stoudda01,2004,12375000,bbref,0.2822764598540146
stricer01,2004,1500000,bbref,0.034215328467153285
stricro02,2004,887317,bbref,0.0202398950729927
sundobr01,2004,751159,bbref,0.017134101277372263
surabo01,2004,6266666,bbref,0.14294402372262774
sweetmi01,2004,1840800,bbref,0.04198905109489051
swiftst01,2004,4592418,bbref,0.1047540602189781
szczewa02,2004,8000000,bbref,0.18248175182481752
tayloma01,2004,7800000,bbref,0.17791970802919707
terryja01,2004,8333333,bbref,0.19008515054744526
thomaet01,2004,2200942,bbref,0.05020396897810219
thomake01,2004,5500000,bbref,0.12545620437956204
thomaku01,2004,5394125,bbref,0.12304117244525548
thomati01,2004,11825000,bbref,0.2697308394160584
tinslja01,2004,861600,bbref,0.019653284671532847
traylro01,2004,825000,bbref,0.018818430656934306
trentga01,2004,938679,bbref,0.021411473540145984
trepaje01,2004,638679,bbref,0.014568407846715328
trybace01,2004,1600000,bbref,0.0364963503649635
tsakaja01,2004,1580702,bbref,0.03605615875912409
tskitni01,2004,2720760,bbref,0.06206113138686131
turkohe01,2004,1995611,bbref,0.04552032390510949
vanexni01,2004,11956625,bbref,0.27273323448905107
vanhoke01,2004,13279750,bbref,0.3029140054744526
vaughja01,2004,813679,bbref,0.018560196167883212
voskuja01,2004,1500000,bbref,0.034215328467153285
vranesl01,2004,129768,bbref,0.002960036496350365
wadedw01,2004,2636400,bbref,0.06013686131386861
wagneda02,2004,2471280,bbref,0.05637043795620438
walkean02,2004,13500000,bbref,0.3079379562043796
walkesa01,2004,1700000,bbref,0.038777372262773724
wallabe01,2004,5500000,bbref,0.12545620437956204
wallage01,2004,917520,bbref,0.02092883211678832
wallajo01,2004,813679,bbref,0.018560196167883212
wallara01,2004,17000000,bbref,0.38777372262773724
waltolu01,2004,366931,bbref,0.008369776459854015
wardch01,2004,6030000,bbref,0.1375456204379562
watsoea01,2004,1336500,bbref,0.030485857664233576
weathcl01,2004,5445600,bbref,0.12421532846715329
webbech01,2004,15937500,bbref,0.36353786496350365
wellsbo01,2004,7000000,bbref,0.15967153284671534
welscji01,2004,1326600,bbref,0.030260036496350364
wesleda01,2004,3960000,bbref,0.09032846715328467
westda01,2004,1160160,bbref,0.026463503649635036
whiteja01,2004,5676091,bbref,0.12947287864963503
whitero02,2004,1947600,bbref,0.044425182481751826
whitnch01,2004,1070000,bbref,0.024406934306569344
wilcoch01,2004,2066760,bbref,0.04714324817518248
wilksmi01,2004,638679,bbref,0.014568407846715328
williaa01,2004,2925000,bbref,0.0667198905109489
willial02,2004,5500000,bbref,0.12545620437956204
willico02,2004,5000000,bbref,0.11405109489051095
willier01,2004,5540000,bbref,0.12636861313868614
willifr02,2004,894960,bbref,0.020414233576642335
willija02,2004,6187500,bbref,0.1411382299270073
willija03,2004,3710880,bbref,0.08464598540145986
willije01,2004,5987500,bbref,0.13657618613138686
willike02,2004,1070000,bbref,0.024406934306569344
willima01,2004,366931,bbref,0.008369776459854015
willimo01,2004,1000000,bbref,0.02281021897810219
willisc01,2004,1070000,bbref,0.024406934306569344
willish01,2004,751179,bbref,0.017134557481751824
woodslo01,2004,638679,bbref,0.014568407846715328
woodsqy01,2004,1053720,bbref,0.024035583941605838
wrighlo02,2004,6600000,bbref,0.15054744525547445
zhizhwa01,2004,2090000,bbref,0.04767335766423358
abdulta01,2005,6750000,bbref,0.15386368816959198
abdursh01,2005,14625000,bbref,0.33337132436744926
alexaco02,2005,79029,bbref,0.0018014360610895828
allenma01,2005,1950625,bbref,0.04446375655345339
allenra02,2005,14625000,bbref,0.33337132436744926
allento01,2005,901920,bbref,0.020558924093913838
alstora01,2005,3500000,bbref,0.07978117164349213
amaecjo01,2005,1200000,bbref,0.027353544563483018
anderch01,2005,1600000,bbref,0.03647139275131069
anderde01,2005,8443500,bbref,0.1924663779348074
anderke01,2005,1100000,bbref,0.0250740825165261
andersh01,2005,7300000,bbref,0.16640072942785503
anthoca01,2005,3471360,bbref,0.07912833371324367
araujra01,2005,2082720,bbref,0.04747481194438113
arenagi01,2005,9389600,bbref,0.2140323683610668
arizatr01,2005,385277,bbref,0.008782242990654205
armstda01,2005,2275000,bbref,0.05185776156826989
arroyca01,2005,4000000,bbref,0.09117848187827672
artesro01,2005,6157895,bbref,0.14036687941645773
atkinch01,2005,4200000,bbref,0.09573740597219056
augmost01,2005,1100000,bbref,0.0250740825165261
bakervi01,2005,5333333,bbref,0.12157130157282882
banksma01,2005,1611840,bbref,0.03674128105767039
barbole01,2005,870000,bbref,0.019831319808525188
barnema02,2005,695046,bbref,0.01584330977889218
barrean01,2005,385277,bbref,0.008782242990654205
barrybr01,2005,4264900,bbref,0.0972167768406656
barryjo01,2005,1800000,bbref,0.041030316845224526
battish01,2005,3212402,bbref,0.07322548438568498
battito01,2005,4800000,bbref,0.10941417825393207
baxtelo01,2005,542475,bbref,0.012365511739229541
beaslje01,2005,620046,bbref,0.014133713243674493
bellra01,2005,1320000,bbref,0.03008889901983132
belltr01,2005,1381920,bbref,0.03150034191930704
bendejo01,2005,6525000,bbref,0.1487348985639389
besttr01,2005,1000000,bbref,0.02279462046956918
bibbymi01,2005,10500000,bbref,0.2393435149304764
biedran01,2005,1727760,bbref,0.03938363346250285
billuch01,2005,5455200,bbref,0.1243492135855938
blakest01,2005,620046,bbref,0.014133713243674493
blounma01,2005,4903000,bbref,0.1117620241622977
bobbito01,2005,305403,bbref,0.006961545475267837
boganke01,2005,620046,bbref,0.014133713243674493
bonnema01,2005,385277,bbref,0.008782242990654205
boothca01,2005,5900700,bbref,0.13450421700478687
boozeca01,2005,10967500,bbref,0.25
borchcu01,2005,1280880,bbref,0.029197173467061775
boshch01,2005,3129720,bbref,0.07134077957602006
bowenbr01,2005,3000000,bbref,0.06838386140870754
bowenry01,2005,807046,bbref,0.01839630727148393
boykiea01,2005,2500000,bbref,0.056986551173922956
bradlmi01,2005,720046,bbref,0.01641317529063141
bradlsh01,2005,4000000,bbref,0.09117848187827672
brandel01,2005,12056000,bbref,0.27481194438112605
breweja01,2005,720046,bbref,0.01641317529063141
brezepr01,2005,1554326,bbref,0.03543027125598359
brownde02,2005,695046,bbref,0.01584330977889218
brownke01,2005,2332388,bbref,0.05316589924777752
brownkw01,2005,5361873,bbref,0.12222186004103032
brownpj01,2005,8000000,bbref,0.18235696375655344
brownti01,2005,720046,bbref,0.01641317529063141
brunsri01,2005,932546,bbref,0.021257032140414862
bryanko01,2005,14175000,bbref,0.32311374515614316
buckngr01,2005,1777778,bbref,0.04052377478914976
buforro01,2005,745046,bbref,0.01698304080237064
burksan01,2005,385277,bbref,0.008782242990654205
butleca01,2005,1930680,bbref,0.044009117848187826
butlera01,2005,1200000,bbref,0.027353544563483018
cabarza01,2005,1312800,bbref,0.02992477775245042
caffeja01,2005,4148148,bbref,0.09455545931160246
cambyma01,2005,8500000,bbref,0.19375427399133804
campbel01,2005,4400000,bbref,0.1002963300661044
cardibr01,2005,4903000,bbref,0.1117620241622977
carlige01,2005,65779,bbref,0.0014994073398677912
cartean01,2005,807546,bbref,0.018407704581718715
cartevi01,2005,12584688,bbref,0.28686318668794164
cassesa01,2005,6250000,bbref,0.14246637793480738
catoke01,2005,7992000,bbref,0.1821746067927969
chalmli01,2005,450000,bbref,0.010257579211306132
chandty01,2005,4801102,bbref,0.10943929792568954
cheanca01,2005,1600000,bbref,0.03647139275131069
childjo01,2005,2490360,bbref,0.05676681103259631
chrisdo01,2005,7550000,bbref,0.1720993845452473
claxtsp01,2005,3300000,bbref,0.0752222475495783
cleavma01,2005,735960,bbref,0.016775928880784136
colemde01,2005,4500000,bbref,0.10257579211306132
collija02,2005,1500000,bbref,0.03419193070435377
collija03,2005,1700000,bbref,0.038750854798267606
collija04,2005,1887864,bbref,0.043033143378162754
collini01,2005,1969680,bbref,0.044898108046501024
cookbr01,2005,971160,bbref,0.022137223615226808
crawfch01,2005,3250000,bbref,0.07408251652609985
crawfja01,2005,5760000,bbref,0.13129701390471848
croshau01,2005,8260000,bbref,0.18828356507864144
curryed01,2005,3896402,bbref,0.0888170047868703
currymi01,2005,845122,bbref,0.019264235240483246
dalemsa01,2005,1599549,bbref,0.03646111237747891
dampier01,2005,7700000,bbref,0.1755185776156827
daniean01,2005,2200000,bbref,0.0501481650330522
danieer01,2005,385277,bbref,0.008782242990654205
daniema01,2005,4903000,bbref,0.1117620241622977
davisan01,2005,12925000,bbref,0.2946204695691817
davisba01,2005,12330000,bbref,0.281057670389788
davisda01,2005,10068750,bbref,0.2295133348529747
davisjo02,2005,620046,bbref,0.014133713243674493
davisri01,2005,5455200,bbref,0.1243492135855938
declean01,2005,2500000,bbref,0.056986551173922956
delfica01,2005,901920,bbref,0.020558924093913838
delkto01,2005,2700000,bbref,0.06154547526783679
denglu01,2005,2273400,bbref,0.05182129017551858
diawbo01,2005,1097640,bbref,0.025020287212217916
dickada01,2005,893400,bbref,0.020364713927513108
dickeka01,2005,483938,bbref,0.01103118304080237
diopde01,2005,2695164,bbref,0.06143524048324595
divacvl01,2005,4903000,bbref,0.1117620241622977
dixonju01,2005,1348200,bbref,0.03073170731707317
doleami01,2005,2400000,bbref,0.054707089126966035
doolike01,2005,745046,bbref,0.01698304080237064
drobnpr01,2005,2550000,bbref,0.058126282197401416
duhonch01,2005,385277,bbref,0.008782242990654205
duncati01,2005,14260641,bbref,0.3250658992477775
dunlemi02,2005,3565080,bbref,0.0812646455436517
duprero01,2005,620046,bbref,0.014133713243674493
ebind01,2005,901440,bbref,0.02054798267608844
edwarco01,2005,319498,bbref,0.007282835650786414
edwarjo01,2005,385277,bbref,0.008782242990654205
eisleho01,2005,5201923,bbref,0.11857586049692273
elsonfr01,2005,620046,bbref,0.014133713243674493
elyme01,2005,1742400,bbref,0.03971734670617734
emmetan01,2005,385277,bbref,0.008782242990654205
eschmev01,2005,3407655,bbref,0.07767620241622977
evansma01,2005,695046,bbref,0.01584330977889218
evansre01,2005,880000,bbref,0.02005926601322088
finlemi01,2005,14609375,bbref,0.33301515842261226
fishede01,2005,4903000,bbref,0.1117620241622977
fizerma01,2005,735960,bbref,0.016775928880784136
florelu01,2005,385277,bbref,0.008782242990654205
fordtj01,2005,2152800,bbref,0.04907225894688853
fortsda01,2005,5818136,bbref,0.13262220196033736
fosteje01,2005,4500000,bbref,0.10257579211306132
fowlktr01,2005,79029,bbref,0.0018014360610895828
foxri01,2005,4800000,bbref,0.10941417825393207
foylead01,2005,6500000,bbref,0.1481650330521997
frahmri01,2005,695046,bbref,0.01584330977889218
francst01,2005,12330000,bbref,0.281057670389788
freijma01,2005,352388,bbref,0.008032550718030544
gadzuda01,2005,695046,bbref,0.01584330977889218
gainere01,2005,1454640,bbref,0.03315796671985412
garcial01,2005,620046,bbref,0.014133713243674493
garneke01,2005,16000000,bbref,0.3647139275131069
garripa01,2005,2937500,bbref,0.06695919762935947
gasolpa01,2005,4318481,bbref,0.09843813540004559
georgde01,2005,4546000,bbref,0.1036243446546615
gilled01,2005,720046,bbref,0.01641317529063141
gillke01,2005,912195,bbref,0.02079313881923866
ginobma01,2005,6603500,bbref,0.1505242762708001
giricgo01,2005,4000000,bbref,0.09117848187827672
goldwan01,2005,116713,bbref,0.002660428538864828
goodedr01,2005,3214080,bbref,0.07326373375883291
gordobe01,2005,3358320,bbref,0.07655162981536358
grantbr01,2005,13233434,bbref,0.3016511055390928
greenwi01,2005,620046,bbref,0.014133713243674493
griffad01,2005,870046,bbref,0.019832368361066787
griffed01,2005,695046,bbref,0.01584330977889218
guglito01,2005,2700000,bbref,0.06154547526783679
haislma01,2005,1400000,bbref,0.03191246865739685
hamda01,2005,932546,bbref,0.021257032140414862
hamilri01,2005,7812500,bbref,0.17808297241850923
hamilze01,2005,807546,bbref,0.018407704581718715
hardaan01,2005,14625000,bbref,0.33337132436744926
harprma01,2005,4690000,bbref,0.10690677000227947
harrial01,2005,6325000,bbref,0.1441759744700251
harrida01,2005,835560,bbref,0.019046273079553224
harride01,2005,2741880,bbref,0.06250011397310234
harriju01,2005,695046,bbref,0.01584330977889218
harrilu01,2005,2500000,bbref,0.056986551173922956
harriot01,2005,3150000,bbref,0.07180305447914292
hartja01,2005,1400000,bbref,0.03191246865739685
hasleud01,2005,620046,bbref,0.014133713243674493
hassetr01,2005,4350000,bbref,0.09915659904262594
hayesja01,2005,1879920,bbref,0.042852062913152494
haywobr01,2005,1735305,bbref,0.03955561887394575
hendeal01,2005,8273125,bbref,0.18858274447230453
hilarne01,2005,2260280,bbref,0.05152222475495783
hillgr01,2005,14487000,bbref,0.33022566674264875
hinriki01,2005,2349840,bbref,0.053563710964212446
hoibefr01,2005,1600000,bbref,0.03647139275131069
horryro01,2005,1100000,bbref,0.0250740825165261
houseed01,2005,825000,bbref,0.018805561887394576
houstal01,2005,17531250,bbref,0.39961819010713473
howardw01,2005,4179720,bbref,0.0952751310690677
howarjo01,2005,863640,bbref,0.01968634602233873
howarju01,2005,5408700,bbref,0.12328926373375883
hudsotr01,2005,4903000,bbref,0.1117620241622977
huffmna01,2005,1280000,bbref,0.029177114201048553
hughela01,2005,5455200,bbref,0.1243492135855938
humphkr01,2005,1481400,bbref,0.03376795076361978
humphry01,2005,1223160,bbref,0.02788146797355824
huntebr01,2005,620046,bbref,0.014133713243674493
hunteli01,2005,1600000,bbref,0.03647139275131069
huntest01,2005,1000000,bbref,0.02279462046956918
iguodan01,2005,1914480,bbref,0.04363984499658081
ilgauzy01,2005,14625000,bbref,0.33337132436744926
iversal01,2005,14625000,bbref,0.33337132436744926
iveyro01,2005,425000,bbref,0.009687713699566902
jacksbo01,2005,3150000,bbref,0.07180305447914292
jacksji01,2005,2420000,bbref,0.05516298153635742
jackslu02,2005,1818720,bbref,0.041457032140414865
jacksma02,2005,4225000,bbref,0.0963072714839298
jacksst02,2005,5100000,bbref,0.11625256439480283
jacobca01,2005,1082160,bbref,0.024667426487348987
jamesje01,2005,5455200,bbref,0.1243492135855938
jamesle01,2005,4320360,bbref,0.0984809664919079
jamesmi01,2005,3100000,bbref,0.07066332345566446
jamisan01,2005,12584688,bbref,0.28686318668794164
jaricma01,2005,2100000,bbref,0.04786870298609528
jeffeal01,2005,1407240,bbref,0.032077501709596536
jefferi01,2005,2266794,bbref,0.0516707089126966
jeffrja01,2005,1834080,bbref,0.04180715751082745
jenkiho01,2005,385277,bbref,0.008782242990654205
johnsan02,2005,2200000,bbref,0.0501481650330522
johnsav01,2005,1100000,bbref,0.0250740825165261
johnsbr01,2005,45369,bbref,0.0010341691360838841
johnsde03,2005,745046,bbref,0.01698304080237064
johnser02,2005,4837633,bbref,0.11027200820606337
johnsjo02,2005,2358954,bbref,0.0537714611351721
johnsli01,2005,620046,bbref,0.014133713243674493
johnsma02,2005,1000000,bbref,0.02279462046956918
jonesda01,2005,2503000,bbref,0.05705493503533166
jonesda02,2005,1143360,bbref,0.02606245726008662
jonesed02,2005,13455000,bbref,0.3067016184180533
jonesfr01,2005,1572480,bbref,0.03584408479598815
jonesja02,2005,620046,bbref,0.014133713243674493
jonesju01,2005,1687500,bbref,0.038465922042397994
kamanch01,2005,2574240,bbref,0.05867882379758377
kaponja01,2005,620046,bbref,0.014133713243674493
kasunma01,2005,385277,bbref,0.008782242990654205
khryavi01,2005,1019400,bbref,0.023236836106678822
kiddja01,2005,14796000,bbref,0.3372692044677456
kirilan01,2005,1671694,bbref,0.038105630271255984
kittlke01,2005,9566667,bbref,0.21806854342375198
knighbr01,2005,932546,bbref,0.021257032140414862
korveky01,2005,620046,bbref,0.014133713243674493
krstine01,2005,939480,bbref,0.021415090038750854
kukocto01,2005,3000000,bbref,0.06838386140870754
kutluib01,2005,1600000,bbref,0.03647139275131069
laettch01,2005,5500000,bbref,0.12537041258263049
lafrera01,2005,9714538,bbref,0.22143920674720766
lampema01,2005,900000,bbref,0.020515158422612263
lenarvo01,2005,3250000,bbref,0.07408251652609985
lewisra02,2005,7792208,bbref,0.17762042397994074
livinsh01,2005,3027840,bbref,0.06901846364258035
lopezra01,2005,997320,bbref,0.022733530886710738
luety01,2005,1600000,bbref,0.03647139275131069
lynchge01,2005,3000000,bbref,0.06838386140870754
maccuto01,2005,5899400,bbref,0.13447458399817644
madsema01,2005,745046,bbref,0.01698304080237064
maggeco01,2005,7000000,bbref,0.15956234328698427
magloja01,2005,8533333,bbref,0.1945140870754502
malonma01,2005,3237500,bbref,0.07379758377023023
marbust01,2005,14625000,bbref,0.33337132436744926
mariosh01,2005,12330000,bbref,0.281057670389788
marksse01,2005,745046,bbref,0.01698304080237064
marshdo01,2005,5023850,bbref,0.11451675404604514
martike01,2005,9454546,bbref,0.21551278778208344
martike02,2005,872040,bbref,0.01987782083428311
mashbja01,2005,9300000,bbref,0.21198997036699338
masonan01,2005,4710435,bbref,0.1073725780715751
masonde01,2005,6529630,bbref,0.148840437656713
masonro01,2005,203428,bbref,0.004637064052883519
masseto01,2005,1100000,bbref,0.0250740825165261
mbengdj01,2005,800000,bbref,0.018235696375655346
mccarwa01,2005,1337500,bbref,0.03048780487804878
mccasam01,2005,932546,bbref,0.021257032140414862
mccoyje01,2005,167418,bbref,0.0038162297697743332
mcdyean01,2005,4903000,bbref,0.1117620241622977
mcgratr01,2005,14487000,bbref,0.33022566674264875
mcinnje01,2005,3600000,bbref,0.08206063369044905
mckieaa01,2005,5500000,bbref,0.12537041258263049
mcleoke01,2005,750000,bbref,0.017095965352176886
medvest01,2005,3000000,bbref,0.06838386140870754
mercero01,2005,1600000,bbref,0.03647139275131069
mihmch01,2005,3371393,bbref,0.07684962388876225
milesda01,2005,6750000,bbref,0.15386368816959198
milicda01,2005,3865440,bbref,0.0881112377478915
millean01,2005,34118,bbref,0.0007777068611807613
millean02,2005,7366667,bbref,0.1679203783906998
millebr01,2005,7875000,bbref,0.1795076361978573
millemi01,2005,6000000,bbref,0.1367677228174151
millere01,2005,5500000,bbref,0.12537041258263049
mingya01,2005,4436880,bbref,0.10113699566902211
moblecu01,2005,5884500,bbref,0.13413494415317984
mohamna01,2005,5250000,bbref,0.1196717574652382
moisoje01,2005,1760000,bbref,0.04011853202644176
mooremi01,2005,870046,bbref,0.019832368361066787
mournal01,2005,5408700,bbref,0.12328926373375883
murphtr01,2005,2231808,bbref,0.05087321632094825
murrala01,2005,4875000,bbref,0.11112377478914975
murraro01,2005,695046,bbref,0.01584330977889218
mutomdi01,2005,14989285,bbref,0.3416750626852063
nachbbo01,2005,1493880,bbref,0.03405242762708001
nailole01,2005,745046,bbref,0.01698304080237064
najered01,2005,3809524,bbref,0.08683665374971507
nashst01,2005,8750000,bbref,0.19945292910873033
ndiayma02,2005,750000,bbref,0.017095965352176886
nelsoja01,2005,1106160,bbref,0.025214497378618646
nestera01,2005,6160000,bbref,0.14041486209254617
newblir01,2005,2704350,bbref,0.061644631866879414
nocioan01,2005,2525000,bbref,0.057556416685662186
norrimo01,2005,3850000,bbref,0.08775928880784135
nowitdi01,2005,12584688,bbref,0.28686318668794164
odomla01,2005,10548596,bbref,0.24045124230681558
okafoem01,2005,3739680,bbref,0.08524458627763848
okurme01,2005,7500000,bbref,0.17095965352176887
ollieke01,2005,2704350,bbref,0.061644631866879414
olowomi01,2005,5408700,bbref,0.12328926373375883
onealje01,2005,14796000,bbref,0.3372692044677456
onealsh01,2005,27696430,bbref,0.63132961021199
ostergr01,2005,4000000,bbref,0.09117848187827672
outlabo01,2005,6573148,bbref,0.14983241395030772
outlatr01,2005,1011600,bbref,0.023059038067016185
pachuza01,2005,620046,bbref,0.014133713243674493
padgesc01,2005,807546,bbref,0.018407704581718715
palacmi01,2005,807546,bbref,0.018407704581718715
pargoja01,2005,695046,bbref,0.01584330977889218
parkesm01,2005,695046,bbref,0.01584330977889218
parketo01,2005,1545441,bbref,0.035227741053111467
patteru01,2005,5899400,bbref,0.13447458399817644
pavloal01,2005,1191000,bbref,0.027148392979256895
paytoga01,2005,5408700,bbref,0.12328926373375883
peelean01,2005,1600000,bbref,0.03647139275131069
perkike01,2005,875400,bbref,0.01995441075906086
persowe01,2005,1600000,bbref,0.03647139275131069
petermo01,2005,4400000,bbref,0.1002963300661044
piatker01,2005,2750000,bbref,0.06268520629131524
piercpa01,2005,12584688,bbref,0.28686318668794164
pietrmi01,2005,1785960,bbref,0.04071028037383177
pippesc01,2005,5408700,bbref,0.12328926373375883
planizo01,2005,1053720,bbref,0.02401914748119444
podkopa01,2005,1061880,bbref,0.024205151584226123
pollasc01,2005,5792250,bbref,0.13203214041486208
popema01,2005,870046,bbref,0.019832368361066787
poseyja01,2005,5408700,bbref,0.12328926373375883
potapvi01,2005,6191250,bbref,0.1411271939822202
princta01,2005,1038960,bbref,0.023682698883063596
profila01,2005,745046,bbref,0.01698304080237064
przybjo01,2005,1500000,bbref,0.03419193070435377
radmavl01,2005,2300984,bbref,0.052450056986551176
radojal01,2005,720046,bbref,0.01641317529063141
ramospe01,2005,600000,bbref,0.013676772281741509
randoza01,2005,1504272,bbref,0.03428930932299977
ratlith01,2005,10937500,bbref,0.24931616138591292
rebraze01,2005,2500000,bbref,0.056986551173922956
reddmi01,2005,3000000,bbref,0.06838386140870754
reedju01,2005,385277,bbref,0.008782242990654205
reineja01,2005,385277,bbref,0.008782242990654205
rentzef01,2005,516865,bbref,0.011781741509003876
richaja01,2005,3534018,bbref,0.08055659904262594
richaqu01,2005,5800000,bbref,0.13220879872350125
ridnolu01,2005,1531200,bbref,0.03490312286300433
robinbe01,2005,385277,bbref,0.008782242990654205
robincl02,2005,5287500,bbref,0.12052655573284705
robined01,2005,5055556,bbref,0.1152394802826533
robingl01,2005,12071250,bbref,0.275159562343287
rogerro01,2005,2700000,bbref,0.06154547526783679
roseja01,2005,14487000,bbref,0.33022566674264875
rosema01,2005,5462500,bbref,0.12451561431502166
rossqu01,2005,620046,bbref,0.014133713243674493
ruffimi01,2005,745046,bbref,0.01698304080237064
rushka01,2005,1174200,bbref,0.026765443355368134
russebr01,2005,1100000,bbref,0.0250740825165261
sabonar01,2005,3000000,bbref,0.06838386140870754
salmojo01,2005,925680,bbref,0.0211005242762708
sampsja01,2005,695046,bbref,0.01584330977889218
santida01,2005,1320000,bbref,0.03008889901983132
scalabr01,2005,900000,bbref,0.020515158422612263
sesayan01,2005,745046,bbref,0.01698304080237064
simmobo01,2005,825000,bbref,0.018805561887394576
skinnbr01,2005,4500000,bbref,0.10257579211306132
slayta01,2005,695046,bbref,0.01584330977889218
smithdo04,2005,425000,bbref,0.009687713699566902
smithja01,2005,720046,bbref,0.01641317529063141
smithjo02,2005,5899400,bbref,0.13447458399817644
smithjo03,2005,1270080,bbref,0.028950991565990427
smithjr01,2005,1206600,bbref,0.027503989058582173
smithst01,2005,1100000,bbref,0.0250740825165261
smithth01,2005,620046,bbref,0.014133713243674493
snower01,2005,4875000,bbref,0.11112377478914975
snydeki01,2005,1336920,bbref,0.03047458399817643
songada01,2005,1600000,bbref,0.03647139275131069
sowpa01,2005,385277,bbref,0.008782242990654205
sprewla01,2005,14625000,bbref,0.33337132436744926
stackje01,2005,7437500,bbref,0.1695349897424208
stepavl01,2005,1100000,bbref,0.0250740825165261
stevede01,2005,2500000,bbref,0.056986551173922956
stewami01,2005,4800000,bbref,0.10941417825393207
stojape01,2005,6875000,bbref,0.15671301572828814
storeaw01,2005,84573,bbref,0.0019278094369728745
stoudam01,2005,2032200,bbref,0.04632322771825849
stoudda01,2005,12500000,bbref,0.28493275586961475
stricer01,2005,1650000,bbref,0.03761112377478915
sundobr01,2005,870046,bbref,0.019832368361066787
surabo01,2005,3200000,bbref,0.07294278550262139
sweetmi01,2005,1978920,bbref,0.045108730339639844
swiftro01,2005,1641360,bbref,0.03741417825393207
swiftst01,2005,5993105,bbref,0.1366105539092774
szczewa02,2005,9000000,bbref,0.20515158422612265
tabusyu01,2005,108066,bbref,0.002463323455664463
tayloma01,2005,8450000,bbref,0.1926145429678596
telfase01,2005,1559280,bbref,0.03554319580578983
terryja01,2005,7500000,bbref,0.17095965352176887
thomaet01,2005,4903000,bbref,0.1117620241622977
thomake01,2005,6000000,bbref,0.1367677228174151
thomaku01,2005,5884500,bbref,0.13413494415317984
thomati01,2005,12900000,bbref,0.29405060405744243
tinslja01,2005,1554326,bbref,0.03543027125598359
traylro01,2005,1600000,bbref,0.03647139275131069
trybace01,2005,1700000,bbref,0.038750854798267606
tsakaja01,2005,2900000,bbref,0.06610439936175062
tskitni01,2005,2910600,bbref,0.06634602233872806
turkohe01,2005,4903000,bbref,0.1117620241622977
udrihbe01,2005,841680,bbref,0.01918577615682699
vanexni01,2005,11933252,bbref,0.2720139503077274
vanhoke01,2005,14487000,bbref,0.33022566674264875
varejan01,2005,788000,bbref,0.017962160930020517
vaughja01,2005,932546,bbref,0.021257032140414862
voskuja01,2005,1687500,bbref,0.038465922042397994
vromaja01,2005,385277,bbref,0.008782242990654205
vujacsa01,2005,846840,bbref,0.019303396398449964
wadedw01,2005,2834160,bbref,0.0646036015500342
wagneda02,2005,2643600,bbref,0.06025985867335309
walkean02,2005,14625000,bbref,0.33337132436744926
walkesa01,2005,995046,bbref,0.022681695919762938
wallabe01,2005,7000000,bbref,0.15956234328698427
wallage01,2005,1652453,bbref,0.037667038978801005
wallara01,2005,9720000,bbref,0.22156371096421246
waltolu01,2005,620046,bbref,0.014133713243674493
wardch01,2005,1700000,bbref,0.038750854798267606
watsoea01,2005,1458000,bbref,0.03323455664463187
weathcl01,2005,5899400,bbref,0.13447458399817644
webbech01,2005,17531250,bbref,0.39961819010713473
wellsbo01,2005,7700000,bbref,0.1755185776156827
welscji01,2005,1419240,bbref,0.03235103715523137
wesleda01,2005,4455000,bbref,0.1015500341919307
westda01,2005,1247160,bbref,0.0284285388648279
westde01,2005,939480,bbref,0.021415090038750854
whiteja01,2005,6166466,bbref,0.1405622521085024
whitero02,2005,1797845,bbref,0.04098119443811261
wilcoch01,2005,2210880,bbref,0.05039617050376111
wilkida02,2005,385277,bbref,0.008782242990654205
wilksmi01,2005,720046,bbref,0.01641317529063141
williaa01,2005,3790257,bbref,0.08639746979712788
willial02,2005,5850000,bbref,0.13334852974697972
willico02,2005,5500000,bbref,0.12537041258263049
willier01,2005,3580000,bbref,0.08160474128105767
willifr02,2005,957480,bbref,0.0218253932072031
willija02,2005,6875000,bbref,0.15671301572828814
willija03,2005,1550551,bbref,0.03534422156371096
willije01,2005,6187500,bbref,0.14104171415545932
willike02,2005,1300000,bbref,0.029633006610439935
willima01,2005,1600000,bbref,0.03647139275131069
willisc01,2005,1600000,bbref,0.03647139275131069
woodslo01,2005,755000,bbref,0.01720993845452473
woodsqy01,2005,1127280,bbref,0.025695919762935948
wrighdo01,2005,1152240,bbref,0.026264873489856393
wrighlo02,2005,7150000,bbref,0.16298153635741966
zhizhwa01,2005,745046,bbref,0.01698304080237064
abdulta01,2006,3656250,bbref,0.07386363636363637
abdursh01,2006,5000000,bbref,0.10101010101010101
ackeral01,2006,398762,bbref,0.00805579797979798
allenma01,2006,1670000,bbref,0.03373737373737374
allenra02,2006,13223140,bbref,0.26713414141414143
allento01,2006,969696,bbref,0.01958981818181818
alstora01,2006,3850000,bbref,0.07777777777777778
anderal01,2006,398762,bbref,0.00805579797979798
anderch01,2006,3500000,bbref,0.0707070707070707
anderde01,2006,9093000,bbref,0.1836969696969697
andersh01,2006,7900000,bbref,0.1595959595959596
andrima01,2006,398762,bbref,0.00805579797979798
anthoca01,2006,3713640,bbref,0.0750230303030303
araujra01,2006,2238960,bbref,0.045231515151515155
arenagi01,2006,10243200,bbref,0.20693333333333333
arizatr01,2006,682051,bbref,0.01377880808080808
armstda01,2006,1138500,bbref,0.023
arroyca01,2006,4000000,bbref,0.08080808080808081
artesro01,2006,6842105,bbref,0.13822434343434342
atkinch01,2006,4500000,bbref,0.09090909090909091
augmost01,2006,1138500,bbref,0.023
bakervi01,2006,5333333,bbref,0.10774410101010101
banksma01,2006,1724280,bbref,0.034833939393939396
barbole01,2006,930600,bbref,0.0188
barnema02,2006,552269,bbref,0.011156949494949496
barroea01,2006,398762,bbref,0.00805579797979798
barrybr01,2006,4691390,bbref,0.09477555555555556
barryjo01,2006,1800000,bbref,0.03636363636363636
basdeed01,2006,398762,bbref,0.00805579797979798
bassbr01,2006,398762,bbref,0.00805579797979798
batises01,2006,398762,bbref,0.00805579797979798
battish01,2006,4903000,bbref,0.09905050505050506
battito01,2006,5200000,bbref,0.10505050505050505
baxtelo01,2006,745248,bbref,0.015055515151515151
bellch01,2006,641748,bbref,0.01296460606060606
bellra01,2006,4250000,bbref,0.08585858585858586
belltr01,2006,1478280,bbref,0.029864242424242425
bendejo01,2006,7175000,bbref,0.14494949494949494
bibbymi01,2006,11500000,bbref,0.23232323232323232
biedran01,2006,1857360,bbref,0.03752242424242424
billuch01,2006,5909800,bbref,0.11938989898989899
blakest01,2006,1000000,bbref,0.020202020202020204
blatcan01,2006,398762,bbref,0.00805579797979798
blounma01,2006,5515875,bbref,0.11143181818181819
boganke01,2006,869373,bbref,0.01756309090909091
bogutan01,2006,4340520,bbref,0.08768727272727272
bonnema01,2006,2000000,bbref,0.04040404040404041
boothca01,2006,6354600,bbref,0.1283757575757576
boozeca01,2006,11593816,bbref,0.23421850505050504
borchcu01,2006,1969993,bbref,0.03979783838383839
boshch01,2006,3348000,bbref,0.06763636363636363
bowenbr01,2006,3375000,bbref,0.06818181818181818
bowenry01,2006,900498,bbref,0.018191878787878788
boykiea01,2006,2750000,bbref,0.05555555555555555
bradlmi01,2006,819550,bbref,0.016556565656565658
bradlsh01,2006,4500000,bbref,0.09090909090909091
brandel01,2006,13152000,bbref,0.2656969696969697
brezepr01,2006,2750000,bbref,0.05555555555555555
brownde02,2006,2500000,bbref,0.050505050505050504
brownkw01,2006,7500000,bbref,0.15151515151515152
brownpj01,2006,8000000,bbref,0.16161616161616163
brunsri01,2006,1029873,bbref,0.02080551515151515
bryanko01,2006,15946875,bbref,0.3221590909090909
buckngr01,2006,1925926,bbref,0.03890759595959596
burkepa01,2006,750000,bbref,0.015151515151515152
burksan01,2006,641748,bbref,0.01296460606060606
burleke01,2006,398762,bbref,0.00805579797979798
butleca01,2006,2461617,bbref,0.049729636363636365
butleja01,2006,398762,bbref,0.00805579797979798
butlera01,2006,1300000,bbref,0.026262626262626262
bynuman01,2006,1888680,bbref,0.03815515151515152
cabarza01,2006,1404360,bbref,0.028370909090909092
caldejo01,2006,2190000,bbref,0.04424242424242424
cambyma01,2006,9150000,bbref,0.18484848484848485
cardibr01,2006,5393300,bbref,0.10895555555555556
carroma01,2006,1100000,bbref,0.022222222222222223
cartean01,2006,900498,bbref,0.018191878787878788
cartevi01,2006,13843156,bbref,0.27965971717171717
cassesa01,2006,6875000,bbref,0.1388888888888889
catoke01,2006,8640000,bbref,0.17454545454545456
chalmli01,2006,682050,bbref,0.013778787878787878
chandty01,2006,9000000,bbref,0.18181818181818182
cheanca01,2006,1760000,bbref,0.035555555555555556
childjo01,2006,2677200,bbref,0.054084848484848486
chrisdo01,2006,8200000,bbref,0.16565656565656567
claxtsp01,2006,3600000,bbref,0.07272727272727272
cleavma01,2006,305784,bbref,0.006177454545454546
colemde01,2006,2000000,bbref,0.04040404040404041
collija02,2006,1650000,bbref,0.03333333333333333
collija03,2006,1700000,bbref,0.03434343434343434
collija04,2006,5500000,bbref,0.1111111111111111
collini01,2006,1815000,bbref,0.03666666666666667
cookbr01,2006,1038960,bbref,0.02098909090909091
crawfja01,2006,6480000,bbref,0.13090909090909092
croshau01,2006,7900000,bbref,0.1595959595959596
curryed01,2006,7390000,bbref,0.14929292929292928
dalemsa01,2006,8470000,bbref,0.1711111111111111
dampier01,2006,8662500,bbref,0.175
daniean01,2006,5000000,bbref,0.10101010101010101
daniema01,2006,5393300,bbref,0.10895555555555556
davisan01,2006,13925000,bbref,0.2813131313131313
davisba01,2006,13700000,bbref,0.2767676767676768
davisda01,2006,3500000,bbref,0.0707070707070707
davisjo02,2006,131593,bbref,0.0026584444444444446
davisri01,2006,5909800,bbref,0.11938989898989899
delfica01,2006,969696,bbref,0.01958981818181818
delkto01,2006,3375000,bbref,0.06818181818181818
denglu01,2006,2443920,bbref,0.049372121212121214
diawbo01,2006,1174200,bbref,0.023721212121212122
dickada01,2006,2250000,bbref,0.045454545454545456
dickeka01,2006,31305,bbref,0.0006324242424242424
dienetr01,2006,398762,bbref,0.00805579797979798
dioguik01,2006,1988160,bbref,0.040164848484848484
diopde01,2006,1850000,bbref,0.03737373737373737
divacvl01,2006,2000000,bbref,0.04040404040404041
dixonju01,2006,2500000,bbref,0.050505050505050504
doleami01,2006,2640000,bbref,0.05333333333333334
doolike01,2006,3100000,bbref,0.06262626262626263
duhonch01,2006,2800000,bbref,0.05656565656565657
duncati01,2006,15845156,bbref,0.3201041616161616
dunlemi02,2006,4506261,bbref,0.09103557575757576
duprero01,2006,719373,bbref,0.01453278787878788
ebind01,2006,964320,bbref,0.01948121212121212
edwarjo01,2006,1000000,bbref,0.020202020202020204
eisleho01,2006,5635417,bbref,0.11384680808080808
ellismo01,2006,448762,bbref,0.00906589898989899
elsonfr01,2006,719373,bbref,0.01453278787878788
elyme01,2006,2401027,bbref,0.04850559595959596
emmetan01,2006,641748,bbref,0.01296460606060606
eschmev01,2006,3711400,bbref,0.07497777777777778
evansma01,2006,1500000,bbref,0.030303030303030304
evansre01,2006,1100000,bbref,0.022222222222222223
ewingda01,2006,450000,bbref,0.00909090909090909
feltora01,2006,2847360,bbref,0.05752242424242424
finlemi01,2006,15937500,bbref,0.32196969696969696
fishede01,2006,5393300,bbref,0.10895555555555556
fitchge01,2006,359858,bbref,0.007269858585858586
fordsh02,2006,116711,bbref,0.0023577979797979797
fordtj01,2006,2303040,bbref,0.046526060606060606
fortsda01,2006,6207670,bbref,0.12540747474747474
fosteje01,2006,5000000,bbref,0.10101010101010101
foylead01,2006,7312500,bbref,0.14772727272727273
frahmri01,2006,719373,bbref,0.01453278787878788
francst01,2006,13700000,bbref,0.2767676767676768
fryech01,2006,2162880,bbref,0.04369454545454545
gadzuda01,2006,4750000,bbref,0.09595959595959595
gaide01,2006,92396,bbref,0.0018665858585858587
gainere01,2006,1556160,bbref,0.031437575757575754
garcifr01,2006,1016400,bbref,0.020533333333333334
garneke01,2006,18000000,bbref,0.36363636363636365
garripa01,2006,3231250,bbref,0.06527777777777778
gasolpa01,2006,10993000,bbref,0.22208080808080807
georgde01,2006,5000600,bbref,0.10102222222222222
gilled01,2006,819551,bbref,0.016556585858585857
ginobma01,2006,7428937,bbref,0.15007953535353535
giricgo01,2006,4000000,bbref,0.08080808080808081
glovedi01,2006,163085,bbref,0.0032946464646464646
goldwan01,2006,74652,bbref,0.0015081212121212122
gomesry01,2006,428762,bbref,0.008661858585858585
goodedr01,2006,4065811,bbref,0.08213759595959597
gordobe01,2006,3610200,bbref,0.07293333333333334
grahajo01,2006,1388400,bbref,0.028048484848484847
grahast01,2006,48630,bbref,0.0009824242424242423
grangda01,2006,1318920,bbref,0.026644848484848487
grantbr01,2006,14336220,bbref,0.2896206060606061
greende01,2006,398762,bbref,0.00805579797979798
greenge01,2006,1253040,bbref,0.025313939393939396
greenor01,2006,398762,bbref,0.00805579797979798
griffad01,2006,768718,bbref,0.015529656565656566
griffed01,2006,2500000,bbref,0.050505050505050504
hamilri01,2006,8625000,bbref,0.17424242424242425
hamilze01,2006,329138,bbref,0.006649252525252525
handlbe01,2006,35091,bbref,0.0007089090909090909
hardaan01,2006,15750000,bbref,0.3181818181818182
harprma01,2006,5020000,bbref,0.10141414141414141
harrial01,2006,6957500,bbref,0.14055555555555554
harrida01,2006,898200,bbref,0.018145454545454544
harride01,2006,2947440,bbref,0.05954424242424242
harriot01,2006,3500000,bbref,0.0707070707070707
hartja01,2006,1540000,bbref,0.03111111111111111
hasleud01,2006,5000000,bbref,0.10101010101010101
hassetr01,2006,4350000,bbref,0.08787878787878788
hayesja01,2006,2011080,bbref,0.04062787878787879
haywobr01,2006,4000000,bbref,0.08080808080808081
headlu01,2006,975600,bbref,0.01970909090909091
hendeal01,2006,1138500,bbref,0.023
hilarne01,2006,3039889,bbref,0.06141189898989899
hillgr01,2006,15694250,bbref,0.31705555555555553
hinriki01,2006,2513880,bbref,0.05078545454545454
hodgeju01,2006,1148760,bbref,0.023207272727272726
hoibefr01,2006,1760000,bbref,0.035555555555555556
holcora01,2006,52033,bbref,0.0010511717171717172
horryro01,2006,3000000,bbref,0.06060606060606061
houseed01,2006,835810,bbref,0.016885050505050504
houstal01,2006,19125000,bbref,0.38636363636363635
howardw01,2006,4493160,bbref,0.0907709090909091
howarjo01,2006,923880,bbref,0.018664242424242423
howarju01,2006,5900400,bbref,0.1192
hudsotr01,2006,5253000,bbref,0.10612121212121212
hughela01,2006,10344900,bbref,0.20898787878787878
humphkr01,2006,1592400,bbref,0.03216969696969697
hunteli01,2006,1760000,bbref,0.035555555555555556
huntest01,2006,2800000,bbref,0.05656565656565657
iguodan01,2006,2058000,bbref,0.04157575757575758
ilgauzy01,2006,8740000,bbref,0.17656565656565656
ilyaser01,2006,398762,bbref,0.00805579797979798
iversal01,2006,16453125,bbref,0.33238636363636365
iveyro01,2006,641748,bbref,0.01296460606060606
jackja01,2006,1058640,bbref,0.021386666666666665
jacksbo01,2006,3375000,bbref,0.06818181818181818
jacksje01,2006,771123,bbref,0.015578242424242425
jacksji01,2006,2640000,bbref,0.05333333333333334
jackslu02,2006,1955160,bbref,0.03949818181818182
jacksma02,2006,4550000,bbref,0.09191919191919191
jacksst02,2006,5610000,bbref,0.11333333333333333
jamesje01,2006,5000000,bbref,0.10101010101010101
jamesle01,2006,4621800,bbref,0.09336969696969696
jamesmi01,2006,3410000,bbref,0.06888888888888889
jamisan01,2006,13843156,bbref,0.27965971717171717
jaricma01,2006,5000000,bbref,0.10101010101010101
jasiksa01,2006,4000000,bbref,0.08080808080808081
jeffeal01,2006,1512840,bbref,0.03056242424242424
jefferi01,2006,10200000,bbref,0.20606060606060606
jeffrja01,2006,2433824,bbref,0.04916816161616162
johnsam01,2006,398762,bbref,0.00805579797979798
johnsan02,2006,2420000,bbref,0.04888888888888889
johnsde03,2006,835810,bbref,0.016885050505050504
johnser02,2006,1138500,bbref,0.023
johnsjo02,2006,12000000,bbref,0.24242424242424243
johnsli01,2006,719373,bbref,0.01453278787878788
johnsma02,2006,1000000,bbref,0.020202020202020204
jonesda01,2006,3590000,bbref,0.07252525252525252
jonesda02,2006,1223160,bbref,0.02471030303030303
jonesdw02,2006,398762,bbref,0.00805579797979798
jonesed02,2006,14576250,bbref,0.294469696969697
jonesfr01,2006,2328843,bbref,0.04704733333333333
jonesja02,2006,2400000,bbref,0.048484848484848485
jonesju01,2006,1875000,bbref,0.03787878787878788
kamanch01,2006,2753760,bbref,0.055631515151515154
kaponja01,2006,1100000,bbref,0.022222222222222223
kasunma01,2006,682050,bbref,0.013778787878787878
khryavi01,2006,1095960,bbref,0.022140606060606062
kiddja01,2006,16440000,bbref,0.3321212121212121
kirilan01,2006,10983000,bbref,0.22187878787878787
kleizli01,2006,879360,bbref,0.017764848484848484
knighbr01,2006,4600000,bbref,0.09292929292929293
korolya01,2006,1704480,bbref,0.03443393939393939
korveky01,2006,3630363,bbref,0.07334066666666667
krstine01,2006,1010040,bbref,0.020404848484848484
kukocto01,2006,2000000,bbref,0.04040404040404041
kutluib01,2006,1760000,bbref,0.035555555555555556
lafrera01,2006,10623288,bbref,0.2146118787878788
lampema01,2006,900000,bbref,0.01818181818181818
leeda02,2006,861360,bbref,0.017401212121212123
lenarvo01,2006,3520000,bbref,0.07111111111111111
lewisra02,2006,8571429,bbref,0.17316018181818182
livinsh01,2006,3254880,bbref,0.06575515151515152
lopezra01,2006,1744313,bbref,0.035238646464646466
lucasjo02,2006,34041,bbref,0.0006876969696969697
luety01,2006,3500000,bbref,0.0707070707070707
lynchge01,2006,3200000,bbref,0.06464646464646465
maccuto01,2006,6353200,bbref,0.12834747474747474
macijar01,2006,2500000,bbref,0.050505050505050504
madsema01,2006,2000000,bbref,0.04040404040404041
maggeco01,2006,7000000,bbref,0.1414141414141414
magloja01,2006,8533333,bbref,0.17239056565656566
marbust01,2006,16453125,bbref,0.33238636363636365
mariosh01,2006,13700000,bbref,0.2767676767676768
marksse01,2006,835810,bbref,0.016885050505050504
marshdo01,2006,4799108,bbref,0.09695167676767677
marshra01,2006,398762,bbref,0.00805579797979798
martida01,2006,946646,bbref,0.019124161616161615
martike01,2006,10636364,bbref,0.2148760404040404
martike02,2006,937440,bbref,0.01893818181818182
mashbja01,2006,10075000,bbref,0.20353535353535354
masonde01,2006,7333333,bbref,0.14814814141414143
maxieja01,2006,905640,bbref,0.018295757575757576
mayse01,2006,1619280,bbref,0.032712727272727275
mbengdj01,2006,880000,bbref,0.017777777777777778
mccanra01,2006,1538400,bbref,0.03107878787878788
mccarwa01,2006,1035000,bbref,0.02090909090909091
mcdyean01,2006,5393300,bbref,0.10895555555555556
mcgratr01,2006,15694250,bbref,0.31705555555555553
mcinnje01,2006,3400000,bbref,0.06868686868686869
mckieaa01,2006,6000000,bbref,0.12121212121212122
mcleoke01,2006,1250000,bbref,0.025252525252525252
medvest01,2006,3000000,bbref,0.06060606060606061
mercero01,2006,1760000,bbref,0.035555555555555556
mihmch01,2006,3792817,bbref,0.07662256565656565
milesaa01,2006,155614,bbref,0.0031437171717171716
milescj01,2006,398762,bbref,0.00805579797979798
milesda01,2006,7250000,bbref,0.14646464646464646
milicda01,2006,4135200,bbref,0.08353939393939394
millean02,2006,8100000,bbref,0.16363636363636364
millebr01,2006,8750000,bbref,0.17676767676767677
millemi01,2006,6750000,bbref,0.13636363636363635
millere01,2006,6000000,bbref,0.12121212121212122
mingya01,2006,5594906,bbref,0.11302840404040404
moblecu01,2006,7200000,bbref,0.14545454545454545
mohamna01,2006,5500000,bbref,0.1111111111111111
moniase01,2006,1016400,bbref,0.020533333333333334
mooremi01,2006,1020000,bbref,0.020606060606060607
morrite01,2006,835810,bbref,0.016885050505050504
mournal01,2006,4000000,bbref,0.08080808080808081
murphtr01,2006,7365079,bbref,0.14878947474747475
murrala01,2006,5250000,bbref,0.10606060606060606
murraro01,2006,895248,bbref,0.018085818181818182
mutomdi01,2006,2000000,bbref,0.04040404040404041
nachbbo01,2006,2500000,bbref,0.050505050505050504
nailole01,2006,835810,bbref,0.016885050505050504
najered01,2006,4190476,bbref,0.0846560808080808
nashst01,2006,9625000,bbref,0.19444444444444445
ndongbo01,2006,398762,bbref,0.00805579797979798
nelsoja01,2006,1189200,bbref,0.024024242424242424
nestera01,2006,6720000,bbref,0.13575757575757577
newblir01,2006,2950200,bbref,0.0596
nocioan01,2006,2775000,bbref,0.05606060606060606
norrimo01,2006,4200000,bbref,0.08484848484848485
nowitdi01,2006,13843156,bbref,0.27965971717171717
obertfa01,2006,2325000,bbref,0.04696969696969697
odomla01,2006,11465333,bbref,0.23162288888888888
okafoem01,2006,4020120,bbref,0.08121454545454546
okurme01,2006,8250000,bbref,0.16666666666666666
ollieke01,2006,2950200,bbref,0.0596
olowomi01,2006,5900400,bbref,0.1192
onealje01,2006,16440000,bbref,0.3321212121212121
onealsh01,2006,20000000,bbref,0.40404040404040403
ostergr01,2006,4400000,bbref,0.08888888888888889
outlabo01,2006,1138500,bbref,0.023
outlatr01,2006,1082160,bbref,0.02186181818181818
owensan01,2006,398762,bbref,0.00805579797979798
pachuza01,2006,4000000,bbref,0.08080808080808081
padgesc01,2006,1670000,bbref,0.03373737373737374
palacmi01,2006,1400000,bbref,0.028282828282828285
pargoja01,2006,895248,bbref,0.018085818181818182
parkesm01,2006,745248,bbref,0.015055515151515151
parketo01,2006,8400000,bbref,0.1696969696969697
patteru01,2006,6353200,bbref,0.12834747474747474
paulch01,2006,3144240,bbref,0.06352
pavloal01,2006,1274160,bbref,0.02574060606060606
paytoga01,2006,1138500,bbref,0.023
perkike01,2006,936480,bbref,0.01891878787878788
persowe01,2006,1760000,bbref,0.035555555555555556
petermo01,2006,4550000,bbref,0.09191919191919191
petrojo01,2006,936600,bbref,0.01892121212121212
piatker01,2006,3000000,bbref,0.06060606060606061
piercpa01,2006,13843156,bbref,0.27965971717171717
pietrmi01,2006,1910520,bbref,0.03859636363636364
planizo01,2006,1127280,bbref,0.022773333333333333
podkopa01,2006,1141560,bbref,0.023061818181818183
pollasc01,2006,6274937,bbref,0.12676640404040404
poseyja01,2006,5900400,bbref,0.1192
potapvi01,2006,3320000,bbref,0.06707070707070707
poweljo01,2006,398762,bbref,0.00805579797979798
pricero01,2006,398762,bbref,0.00805579797979798
princta01,2006,1763115,bbref,0.03561848484848485
profila01,2006,745248,bbref,0.015055515151515151
przybjo01,2006,1560000,bbref,0.03151515151515152
radmavl01,2006,3166155,bbref,0.06396272727272727
ramospe01,2006,660000,bbref,0.013333333333333334
randosh01,2006,398762,bbref,0.00805579797979798
randoza01,2006,10666667,bbref,0.21548822222222222
ratlith01,2006,11666666,bbref,0.23569022222222222
rebraze01,2006,3000000,bbref,0.06060606060606061
reddmi01,2006,12000000,bbref,0.24242424242424243
reedju01,2006,641748,bbref,0.01296460606060606
reineja01,2006,242612,bbref,0.0049012525252525255
richaja01,2006,8888888,bbref,0.17957349494949496
richaqu01,2006,6940000,bbref,0.1402020202020202
ridnolu01,2006,1638000,bbref,0.03309090909090909
roberan02,2006,398762,bbref,0.00805579797979798
roberla01,2006,398762,bbref,0.00805579797979798
robinbe01,2006,641748,bbref,0.01296460606060606
robincl02,2006,2500000,bbref,0.050505050505050504
robined01,2006,5444444,bbref,0.10998876767676767
robinna01,2006,1102680,bbref,0.022276363636363636
roseja01,2006,15694250,bbref,0.31705555555555553
rosema01,2006,6008750,bbref,0.1213888888888889
rossqu01,2006,700000,bbref,0.014141414141414142
ruffimi01,2006,1670000,bbref,0.03373737373737374
rushka01,2006,3000000,bbref,0.06060606060606061
russebr01,2006,1138500,bbref,0.023
salmojo01,2006,1669001,bbref,0.03371719191919192
sampsja01,2006,719373,bbref,0.01453278787878788
sandeme01,2006,24315,bbref,0.0004912121212121212
scalabr01,2006,2586207,bbref,0.05224660606060606
scaleal01,2006,24315,bbref,0.0004912121212121212
seungha01,2006,641748,bbref,0.01296460606060606
simiewa01,2006,867720,bbref,0.01752969696969697
simmobo01,2006,8000000,bbref,0.16161616161616163
singlja01,2006,625000,bbref,0.012626262626262626
skinnbr01,2006,4950000,bbref,0.1
smithch04,2006,771123,bbref,0.015578242424242425
smithdo04,2006,641748,bbref,0.01296460606060606
smithjo02,2006,6353200,bbref,0.12834747474747474
smithjo03,2006,1365360,bbref,0.027583030303030304
smithjr01,2006,1297080,bbref,0.026203636363636363
snower01,2006,5484375,bbref,0.11079545454545454
snydeki01,2006,1437240,bbref,0.029035151515151514
songada01,2006,2200000,bbref,0.044444444444444446
sowpa01,2006,641748,bbref,0.01296460606060606
stackje01,2006,8367187,bbref,0.1690340808080808
stevede01,2006,2750000,bbref,0.05555555555555555
stojape01,2006,7500000,bbref,0.15151515151515152
storeaw01,2006,641748,bbref,0.01296460606060606
stoudam01,2006,2589023,bbref,0.05230349494949495
stoudda01,2006,3750000,bbref,0.07575757575757576
stoudsa01,2006,675000,bbref,0.013636363636363636
surabo01,2006,3520000,bbref,0.07111111111111111
sweetmi01,2006,2116920,bbref,0.042766060606060606
swiftro01,2006,1764480,bbref,0.035646060606060605
swiftst01,2006,5000000,bbref,0.10101010101010101
szczewa02,2006,10000000,bbref,0.20202020202020202
taftch01,2006,423762,bbref,0.008560848484848485
taylodo01,2006,398762,bbref,0.00805579797979798
tayloma01,2006,9100000,bbref,0.18383838383838383
telfase01,2006,1676280,bbref,0.03386424242424242
terryja01,2006,6666667,bbref,0.13468014141414142
thomaet01,2006,5393300,bbref,0.10895555555555556
thomaja02,2006,148698,bbref,0.003004
thomajo02,2006,178675,bbref,0.0036095959595959597
thomake01,2006,6500000,bbref,0.13131313131313133
thomaku01,2006,6620062,bbref,0.13373862626262625
thomati01,2006,13975000,bbref,0.2823232323232323
thompdi01,2006,398762,bbref,0.00805579797979798
tinslja01,2006,5400000,bbref,0.10909090909090909
tsakaja01,2006,2900000,bbref,0.05858585858585859
tskitni01,2006,745248,bbref,0.015055515151515151
turkohe01,2006,5393300,bbref,0.10895555555555556
udrihbe01,2006,904800,bbref,0.01827878787878788
vanexni01,2006,1138500,bbref,0.023
vanhoke01,2006,15694250,bbref,0.31705555555555553
varejan01,2006,866800,bbref,0.017511111111111113
vaughja01,2006,1094550,bbref,0.02211212121212121
villach01,2006,2360880,bbref,0.047694545454545455
voskuja01,2006,1937500,bbref,0.039141414141414144
vromaja01,2006,682051,bbref,0.01377880808080808
vujacsa01,2006,910440,bbref,0.018392727272727272
wadedw01,2006,3031920,bbref,0.06125090909090909
wafervo01,2006,398762,bbref,0.00805579797979798
walkean02,2006,6880000,bbref,0.138989898989899
walkesa01,2006,364223,bbref,0.007358040404040404
wallabe01,2006,7500000,bbref,0.15151515151515152
wallage01,2006,5000000,bbref,0.10101010101010101
wallara01,2006,10860000,bbref,0.2193939393939394
walshma01,2006,38904,bbref,0.000785939393939394
waltolu01,2006,1250000,bbref,0.025252525252525252
wardch01,2006,1870000,bbref,0.03777777777777778
warriha01,2006,1196520,bbref,0.02417212121212121
watsoea01,2006,5000000,bbref,0.10101010101010101
weathcl01,2006,6353200,bbref,0.12834747474747474
webbech01,2006,19125000,bbref,0.38636363636363635
webstma02,2006,2586120,bbref,0.052244848484848484
wellsbo01,2006,8000000,bbref,0.16161616161616163
welscji01,2006,2177114,bbref,0.04398210101010101
wesleda01,2006,5070000,bbref,0.10242424242424242
westda01,2006,1334160,bbref,0.026952727272727274
westde01,2006,1010040,bbref,0.020404848484848484
whalero01,2006,398762,bbref,0.00805579797979798
wilcoch01,2006,2812239,bbref,0.05681290909090909
wilkida02,2006,2500000,bbref,0.050505050505050504
wilksmi01,2006,745248,bbref,0.015055515151515151
williaa01,2006,3375000,bbref,0.06818181818181818
willial02,2006,6300000,bbref,0.12727272727272726
willico02,2006,6000000,bbref,0.12121212121212122
willide01,2006,3487400,bbref,0.07045252525252525
willier01,2006,3938000,bbref,0.07955555555555556
willija02,2006,7562500,bbref,0.1527777777777778
willije01,2006,6620063,bbref,0.13373864646464648
willilo02,2006,450000,bbref,0.00909090909090909
willima01,2006,1760000,bbref,0.035555555555555556
willima02,2006,3883560,bbref,0.07845575757575758
woodslo01,2006,780000,bbref,0.01575757575757576
woodsqy01,2006,599834,bbref,0.012117858585858586
wrighan01,2006,1461360,bbref,0.029522424242424242
wrighbr02,2006,398762,bbref,0.00805579797979798
wrighdo01,2006,1238640,bbref,0.025023030303030304
wrighlo02,2006,7700000,bbref,0.15555555555555556
abdulta01,2007,1968750,bbref,0.03705184906370566
abdursh01,2007,5400000,bbref,0.1016279288604498
ackeral01,2007,839209,bbref,0.015793902324268375
adamsha01,2007,412718,bbref,0.007767347322856874
agerma01,2007,906480,bbref,0.01705994165804084
aldrila01,2007,4027320,bbref,0.07579410934412346
allenma01,2007,1803600,bbref,0.03394372823939023
allenra02,2007,14611570,bbref,0.2749895549073116
allento01,2007,1037280,bbref,0.019521595934882844
alstora01,2007,4200000,bbref,0.07904394466923872
amundlo01,2007,105696,bbref,0.0019891973275618707
anderal01,2007,102131,bbref,0.001922104074527148
anderde01,2007,9742500,bbref,0.18335372165239483
andersh01,2007,7244726,bbref,0.13634564787804648
andrima01,2007,664209,bbref,0.01250040462971676
anthoca01,2007,4694041,bbref,0.08834178978074715
araujra01,2007,2395200,bbref,0.04507763244565729
arenagi01,2007,11096800,bbref,0.20884162981085913
arizatr01,2007,3100000,bbref,0.058341959160628586
armstda01,2007,1178348,bbref,0.022176493836454314
armsthi01,2007,1767600,bbref,0.0332662087136539
arroyca01,2007,4100000,bbref,0.07716194598663781
artesro01,2007,7526316,bbref,0.14164516796838242
atkinch01,2007,3000000,bbref,0.05645996047802766
augusja01,2007,412718,bbref,0.007767347322856874
azubuke01,2007,251657,bbref,0.004736181424673002
bakervi01,2007,5243334,bbref,0.09867947680436624
balkmre01,2007,1191240,bbref,0.022419121106615224
banksma01,2007,3672414,bbref,0.06911478309965183
barbole01,2007,1679733,bbref,0.03161255293121295
bareajo01,2007,412718,bbref,0.007767347322856874
bargnan01,2007,4501200,bbref,0.08471252470123271
barnema02,2007,771331,bbref,0.01451643925849252
barrean01,2007,744551,bbref,0.014012440011291993
barroea01,2007,744551,bbref,0.014012440011291993
barrybr01,2007,5117880,bbref,0.09631843417709608
bassbr01,2007,664209,bbref,0.01250040462971676
bastoma01,2007,744551,bbref,0.014012440011291993
batises01,2007,664209,bbref,0.01250040462971676
battish01,2007,5393300,bbref,0.10150183494871554
battito01,2007,5746000,bbref,0.10813964430224898
bellch01,2007,744551,bbref,0.014012440011291993
bellra01,2007,4500000,bbref,0.0846899407170415
bibbymi01,2007,12500000,bbref,0.2352498353251153
biedran01,2007,1986960,bbref,0.03739456102380728
billuch01,2007,6364400,bbref,0.11977792415545309
blakest01,2007,1330000,bbref,0.025030582478592266
blalowi01,2007,412718,bbref,0.007767347322856874
blatcan01,2007,664209,bbref,0.01250040462971676
blounma01,2007,7288165,bbref,0.1371631692857815
boganke01,2007,2510000,bbref,0.04723816693328314
bogutan01,2007,4665960,bbref,0.08781330573068599
bonnema01,2007,2000000,bbref,0.037639973652018446
boonejo01,2007,1053960,bbref,0.01983551331514068
boothca01,2007,6629891,bbref,0.1247744612778771
boozeca01,2007,11260483,bbref,0.2119221417145008
boshch01,2007,4235220,bbref,0.07970678460525078
bowenbr01,2007,3750000,bbref,0.07057495059753459
bowenry01,2007,998967,bbref,0.018800545779617955
boykiea01,2007,2950000,bbref,0.055518961136727205
bozemce01,2007,412718,bbref,0.007767347322856874
bradlsh01,2007,4800000,bbref,0.09033593676484426
brandel01,2007,14248000,bbref,0.2681471722969794
brewero02,2007,1595400,bbref,0.030025406982215112
brezepr01,2007,2750000,bbref,0.05175496377152536
brownan01,2007,241591,bbref,0.004546739437282394
brownde02,2007,564518,bbref,0.010624221323045075
brownde03,2007,412718,bbref,0.007767347322856874
brownkw01,2007,8287500,bbref,0.15597064082055143
brownpj01,2007,8560000,bbref,0.16109908723063893
brownsh01,2007,971280,bbref,0.018279476804366236
bryanko01,2007,17718750,bbref,0.3334666415733509
buckngr01,2007,3240741,bbref,0.060990702926507954
burkepa01,2007,810000,bbref,0.01524418932906747
burleke01,2007,70000,bbref,0.0013173990778206455
butleca01,2007,7438000,bbref,0.1399830620118566
butleja01,2007,2200000,bbref,0.041403971017220285
butlera01,2007,3000000,bbref,0.05645996047802766
bynuman01,2007,2030280,bbref,0.03820984285311
cabarza01,2007,2157097,bbref,0.04059653712242402
caldejo01,2007,2333334,bbref,0.0439133151406794
cambyma01,2007,8800000,bbref,0.16561588406888114
cardibr01,2007,5400000,bbref,0.1016279288604498
carnero01,2007,1439760,bbref,0.027096264232615037
carroma01,2007,1188000,bbref,0.022358144349298954
cartevi01,2007,15101625,bbref,0.2842123835513315
cassesa01,2007,6850000,bbref,0.12891690975816317
catoke01,2007,1071225,bbref,0.020160440387691728
chandty01,2007,9150000,bbref,0.17220287945798438
childjo01,2007,2863920,bbref,0.05389893667074433
chrisdo01,2007,158071,bbref,0.0029748941375741036
claxtsp01,2007,6854546,bbref,0.1290024654182742
collija03,2007,2625698,bbref,0.04941560176907876
collija04,2007,5800000,bbref,0.10915592359085349
collima01,2007,899880,bbref,0.016935729744989178
collini01,2007,2501070,bbref,0.04707010445092689
conrowi01,2007,20279,bbref,0.00038165051284464103
cookbr01,2007,1817141,bbref,0.034198569681001226
crawfja01,2007,7200000,bbref,0.1355039051472664
croshau01,2007,7300000,bbref,0.13738590382986732
curryed01,2007,8171103,bbref,0.15378005081396443
dalemsa01,2007,9464307,bbref,0.17811813305730687
dampier01,2007,9628000,bbref,0.18119883316081678
daniean01,2007,5400000,bbref,0.1016279288604498
daniema01,2007,5883600,bbref,0.11072927448950785
davisba01,2007,15070000,bbref,0.283617201467959
davisda01,2007,3500000,bbref,0.06586995389103227
davispa01,2007,412718,bbref,0.007767347322856874
davisri01,2007,6364400,bbref,0.11977792415545309
delfica01,2007,1037280,bbref,0.019521595934882844
denglu01,2007,2614440,bbref,0.04920372635739155
diawaya01,2007,412718,bbref,0.007767347322856874
diawbo01,2007,1870501,bbref,0.035202804178037075
dickada01,2007,2753218,bbref,0.05181552648913146
dienetr01,2007,664209,bbref,0.01250040462971676
dioguik01,2007,2137200,bbref,0.04022207584454691
diopde01,2007,1998000,bbref,0.03760233367836643
dixonju01,2007,2550000,bbref,0.04799096640632351
doleami01,2007,2880000,bbref,0.05420156205890656
doolike01,2007,3348000,bbref,0.06300931589347887
doubyqu01,2007,1240920,bbref,0.023354098052131362
duhonch01,2007,3024000,bbref,0.056911640161851886
duncati01,2007,17429672,bbref,0.3280261974216618
dunlemi02,2007,7438016,bbref,0.1399833631316458
duprero01,2007,771331,bbref,0.01451643925849252
ebind01,2007,90000,bbref,0.00169379881434083
edwarjo01,2007,1080000,bbref,0.020325585772089958
eisleho01,2007,162660,bbref,0.00306125905711866
ellismo01,2007,664209,bbref,0.01250040462971676
elsonfr01,2007,3000000,bbref,0.05645996047802766
elyme01,2007,3303813,bbref,0.062177717135598005
evansma01,2007,1620000,bbref,0.03048837865813494
evansre01,2007,4000000,bbref,0.07527994730403689
ewingda01,2007,664209,bbref,0.01250040462971676
farmajo01,2007,939120,bbref,0.017674226028041782
farmede01,2007,275404,bbref,0.0051830996518302435
feltora01,2007,3060840,bbref,0.057604968476522064
finlemi01,2007,16141999,bbref,0.303792208525454
fishede01,2007,5883600,bbref,0.11072927448950785
fordtj01,2007,2929467,bbref,0.05513253034722876
fortsda01,2007,6596990,bbref,0.12415526489131458
fosteje01,2007,5500000,bbref,0.10350992754305072
foyera01,2007,2448240,bbref,0.046075844546908815
foylead01,2007,8125000,bbref,0.15291239296132492
francst01,2007,15070000,bbref,0.283617201467959
freijma01,2007,145961,bbref,0.002746984097111132
fryech01,2007,2325000,bbref,0.04375646937047144
gadzuda01,2007,5252065,bbref,0.09884379410934413
garbajo01,2007,3750000,bbref,0.07057495059753459
garcifr01,2007,1092600,bbref,0.020562717606097677
garneke01,2007,21000000,bbref,0.39521972334619365
garripa01,2007,3525000,bbref,0.06634045356168251
gasolpa01,2007,12364000,bbref,0.232690317116778
gayru01,2007,2242290,bbref,0.04219986826009222
gelabmi01,2007,802000,bbref,0.015093629434459396
georgde01,2007,1974259,bbref,0.03715552837113014
gibsoda01,2007,412718,bbref,0.007767347322856874
ginobma01,2007,8254375,bbref,0.15534722875693988
giricgo01,2007,4000000,bbref,0.07527994730403689
glynian01,2007,161061,bbref,0.003031165898183871
gomesry01,2007,664209,bbref,0.01250040462971676
goodedr01,2007,6645402,bbref,0.12506637809353532
gordobe01,2007,3862080,bbref,0.07268429472099369
grahajo01,2007,1492440,bbref,0.028087701138609204
grahast01,2007,259204,bbref,0.004878215865248894
grangda01,2007,1417800,bbref,0.026682977321915876
grantbr01,2007,14848080,bbref,0.279440669991531
greenge01,2007,1347000,bbref,0.02535052225463442
greenor01,2007,664209,bbref,0.01250040462971676
greenwi01,2007,2800000,bbref,0.052695963112825824
greerly01,2007,664209,bbref,0.01250040462971676
griffad01,2007,1475000,bbref,0.027759480568363602
griffed01,2007,2700000,bbref,0.0508139644302249
hallmi01,2007,135895,bbref,0.0025575421097205234
hamilri01,2007,9187500,bbref,0.17290862896395973
harprma01,2007,6500000,bbref,0.12232991436905995
harrial01,2007,7625000,bbref,0.1435023995483203
harrida01,2007,960840,bbref,0.018082996141902702
harride01,2007,3153120,bbref,0.0593416768608262
harriju01,2007,390556,bbref,0.007350258774818858
harriot01,2007,2200000,bbref,0.041403971017220285
hartja01,2007,1680000,bbref,0.03161757786769549
hasleud01,2007,5525000,bbref,0.10398042721370095
hassetr01,2007,4350000,bbref,0.08186694269314011
hayesch01,2007,664209,bbref,0.01250040462971676
hayesja01,2007,2564127,bbref,0.04825683636021455
haywobr01,2007,4500000,bbref,0.0846899407170415
headlu01,2007,1048800,bbref,0.01973840218311847
hendeal01,2007,1178348,bbref,0.022176493836454314
herrmwa01,2007,1800000,bbref,0.0338759762868166
hilarne01,2007,8000000,bbref,0.15055989460807379
hillgr01,2007,16901500,bbref,0.31808600733979486
hinriki01,2007,3192628,bbref,0.06008521690034817
hitero01,2007,412718,bbref,0.007767347322856874
hodgeju01,2007,1234800,bbref,0.023238919732756186
holliry01,2007,412718,bbref,0.007767347322856874
horryro01,2007,3315000,bbref,0.06238825632822057
houseed01,2007,1400000,bbref,0.026347981556412912
howardw01,2007,4806720,bbref,0.09046240707631505
howarjo01,2007,1667603,bbref,0.03138426649101345
howarju01,2007,6392100,bbref,0.12029923779053354
hudsotr01,2007,5603000,bbref,0.10544838618612967
hughela01,2007,13363012,bbref,0.25149170979580315
humphkr01,2007,1703520,bbref,0.03206022395784323
hunteli01,2007,2250000,bbref,0.04234497035852075
huntest01,2007,3024000,bbref,0.056911640161851886
iguodan01,2007,2201640,bbref,0.041434835795614945
ilgauzy01,2007,9442697,bbref,0.1777114331419968
ilicmi01,2007,800000,bbref,0.015055989460807377
ilyaser01,2007,664209,bbref,0.01250040462971676
iversal01,2007,17184375,bbref,0.3234097111132022
iveyro01,2007,744551,bbref,0.014012440011291993
jackja01,2007,1137960,bbref,0.021416392208525453
jacksbo01,2007,5259000,bbref,0.0989743107179825
jackslu02,2007,2091480,bbref,0.03936162604686177
jacksma02,2007,4875000,bbref,0.09174743577679495
jacksst02,2007,6120000,bbref,0.11517831937517643
jacobca01,2007,31250,bbref,0.0005881245883127882
jamesje01,2007,5400000,bbref,0.1016279288604498
jamesle01,2007,5828090,bbref,0.10968457702079608
jamesmi01,2007,5215000,bbref,0.0981462312976381
jamisan01,2007,15101625,bbref,0.2842123835513315
jaricma01,2007,5525000,bbref,0.10398042721370095
jasiksa01,2007,4000000,bbref,0.07527994730403689
jeffeal01,2007,1618320,bbref,0.030456761080267243
jefferi01,2007,11200000,bbref,0.2107838524513033
jeffrja01,2007,5215000,bbref,0.0981462312976381
johnsal01,2007,412718,bbref,0.007767347322856874
johnsam01,2007,664209,bbref,0.01250040462971676
johnsan02,2007,2640000,bbref,0.04968476522066435
johnsde03,2007,865063,bbref,0.016280474263668014
johnsjo02,2007,12744189,bbref,0.23984546908817164
johnsli01,2007,771331,bbref,0.01451643925849252
johnsma02,2007,1000000,bbref,0.018819986826009223
jonesbo02,2007,412718,bbref,0.007767347322856874
jonesda01,2007,3884678,bbref,0.07310958878328785
jonesda02,2007,1886113,bbref,0.03549662181236473
jonesdw02,2007,664209,bbref,0.01250040462971676
jonesed02,2007,14863778,bbref,0.2797361061447257
jonesfr01,2007,3100000,bbref,0.058341959160628586
jonesja02,2007,2650000,bbref,0.049872965088924436
jonesju01,2007,998967,bbref,0.018800545779617955
jonesso01,2007,675000,bbref,0.012703491107556225
kamanch01,2007,3491768,bbref,0.06571502775948057
kaponja01,2007,1188000,bbref,0.022358144349298954
kasunma01,2007,919551,bbref,0.017305937705843606
khryavi01,2007,1172400,bbref,0.02206455255481321
kiddja01,2007,18084000,bbref,0.34034064176155077
kinseta01,2007,412718,bbref,0.007767347322856874
kirilan01,2007,12364000,bbref,0.232690317116778
kleizli01,2007,945360,bbref,0.017791662745836077
knighbr01,2007,4400000,bbref,0.08280794203444057
korolya01,2007,1832280,bbref,0.03448348546156018
korveky01,2007,4018182,bbref,0.07562213230450739
krstine01,2007,1080480,bbref,0.020334619365766443
lafrera01,2007,11532037,bbref,0.2170327844170509
langja01,2007,771331,bbref,0.01451643925849252
leeda02,2007,926040,bbref,0.01742806060035758
lewisra02,2007,9350649,bbref,0.1759790909946363
livinsh01,2007,3481920,bbref,0.06552968852921803
lowryky01,2007,1011720,bbref,0.01904055707161005
lucasjo02,2007,700000,bbref,0.013173990778206456
luety01,2007,3500000,bbref,0.06586995389103227
macijar01,2007,500000,bbref,0.009409993413004612
madsema01,2007,2210000,bbref,0.04159217088548038
maggeco01,2007,7000000,bbref,0.13173990778206454
magloja01,2007,8433334,bbref,0.15871523477933566
majorre01,2007,20133,bbref,0.00037890279476804367
marbust01,2007,17184375,bbref,0.3234097111132022
mariosh01,2007,15070000,bbref,0.283617201467959
markoda01,2007,412718,bbref,0.007767347322856874
marksse01,2007,932015,bbref,0.017540510021642985
marshdo01,2007,5633037,bbref,0.1060136821304225
marshra01,2007,664209,bbref,0.01250040462971676
martida01,2007,1178348,bbref,0.022176493836454314
martike01,2007,12068182,bbref,0.22712302625388162
martike02,2007,1002840,bbref,0.018873435588595087
masonde01,2007,8037037,bbref,0.15125693046014868
masonro01,2007,744551,bbref,0.014012440011291993
maxieja01,2007,973440,bbref,0.018320127975910417
mayse01,2007,1740720,bbref,0.03276032746777077
mbengdj01,2007,1628959,bbref,0.030656986920109156
mccanra01,2007,1653720,bbref,0.03112298861390797
mccrach01,2007,161061,bbref,0.003031165898183871
mcdyean01,2007,5883600,bbref,0.11072927448950785
mcfariv01,2007,412718,bbref,0.007767347322856874
mcgratr01,2007,16901500,bbref,0.31808600733979486
mcinnje01,2007,3600000,bbref,0.0677519525736332
mckieaa01,2007,5570874,bbref,0.1048437752893573
mcleoke01,2007,1350000,bbref,0.02540698221511245
medvest01,2007,625132,bbref,0.011764976004516797
mensapo01,2007,412718,bbref,0.007767347322856874
mihmch01,2007,4214241,bbref,0.07931196010162793
milescj01,2007,664209,bbref,0.01250040462971676
milesda01,2007,7750000,bbref,0.14585489790157147
milicda01,2007,5218622,bbref,0.0982143972899219
millean02,2007,8733333,bbref,0.1643612120071516
millebr01,2007,9625000,bbref,0.18114237320033877
millemi01,2007,7623813,bbref,0.14348006022395784
millspa01,2007,625000,bbref,0.011762491766255764
mingya01,2007,12455000,bbref,0.23440293591794487
moblecu01,2007,8125000,bbref,0.15291239296132492
mohamna01,2007,5215000,bbref,0.0981462312976381
moniase01,2007,100000,bbref,0.0018819986826009221
mooremi01,2007,1071225,bbref,0.020160440387691728
morriad01,2007,3616680,bbref,0.06806586995389104
mournal01,2007,4225433,bbref,0.07952259339418462
murphtr01,2007,8285714,bbref,0.15593702832408018
murraro01,2007,1750000,bbref,0.032934976945516135
mutomdi01,2007,2210000,bbref,0.04159217088548038
nachbbo01,2007,2500000,bbref,0.047049967065023054
najered01,2007,4571428,bbref,0.08603421473604969
nashst01,2007,10500000,bbref,0.19760986167309683
ndongbo01,2007,839209,bbref,0.015793902324268375
nelsoja01,2007,1272120,bbref,0.02394128164110285
nestera01,2007,7280000,bbref,0.13700950409334714
newblir01,2007,3196050,bbref,0.06014961889526677
nocioan01,2007,3950000,bbref,0.07433894796273642
noelda01,2007,412718,bbref,0.007767347322856874
novakst01,2007,600000,bbref,0.011291992095605533
nowitdi01,2007,15101625,bbref,0.2842123835513315
obertfa01,2007,2500000,bbref,0.047049967065023054
obryapa01,2007,2061720,bbref,0.03880154323891973
odomla01,2007,12348596,bbref,0.23240041403971018
okafoem01,2007,4300560,bbref,0.08093648254446222
okurme01,2007,8250000,bbref,0.15526489131457608
ollieke01,2007,3196050,bbref,0.06014961889526677
olowomi01,2007,1103225,bbref,0.020762679966124024
onealje01,2007,18084000,bbref,0.34034064176155077
onealsh01,2007,20000000,bbref,0.37639973652018444
outlabo01,2007,1178348,bbref,0.022176493836454314
outlatr01,2007,1836426,bbref,0.034561513126940814
owensan01,2007,676800,bbref,0.012737367083843041
pachuza01,2007,4000000,bbref,0.07527994730403689
padgesc01,2007,932015,bbref,0.017540510021642985
pargoja01,2007,1000000,bbref,0.018819986826009223
parkean01,2007,4150000,bbref,0.07810294532793827
parkesm01,2007,798112,bbref,0.015020457325679871
parketo01,2007,9450000,bbref,0.17784887550578715
patteru01,2007,6807000,bbref,0.12810765032464477
paulch01,2007,3380160,bbref,0.06361456666980334
pavloal01,2007,1962206,bbref,0.03692869106991625
paytoga01,2007,1178348,bbref,0.022176493836454314
perkike01,2007,1689409,bbref,0.03179465512374141
petermo01,2007,4550000,bbref,0.08563094005834196
petrojo01,2007,1006800,bbref,0.018947962736426086
piatker01,2007,1178348,bbref,0.022176493836454314
piercpa01,2007,15101625,bbref,0.2842123835513315
pietrmi01,2007,2535260,bbref,0.04771355980050814
planizo01,2007,150000,bbref,0.002822998023901383
podkopa01,2007,600000,bbref,0.011291992095605533
pollasc01,2007,2200000,bbref,0.041403971017220285
poseyja01,2007,6392100,bbref,0.12029923779053354
potapvi01,2007,3674584,bbref,0.06915562247106427
powele01,2007,432000,bbref,0.008130234308835985
poweljo01,2007,744551,bbref,0.014012440011291993
powelro01,2007,412718,bbref,0.007767347322856874
pricero01,2007,664209,bbref,0.01250040462971676
princta01,2007,7851240,bbref,0.14776023336783664
przybjo01,2007,5215000,bbref,0.0981462312976381
quinnch01,2007,412718,bbref,0.007767347322856874
radmavl01,2007,5215000,bbref,0.0981462312976381
ramospe01,2007,384776,bbref,0.007241479250964525
randosh01,2007,1000000,bbref,0.018819986826009223
randoza01,2007,12000000,bbref,0.22583984191211065
ratlith01,2007,11666666,bbref,0.2195665004234497
rayal01,2007,412718,bbref,0.007767347322856874
rebraze01,2007,3240000,bbref,0.06097675731626988
reddmi01,2007,13260000,bbref,0.2495530253128823
redicjj01,2007,1860720,bbref,0.03501872588689188
reedju01,2007,1300000,bbref,0.02446598287381199
reineja01,2007,396905,bbref,0.0074697468711771905
richaja01,2007,9999999,bbref,0.1881998494401054
richaje01,2007,120796,bbref,0.0022733791286346098
richaqu01,2007,7525500,bbref,0.1416298108591324
ridnolu01,2007,2425878,bbref,0.0456549920015056
roberan02,2007,267111,bbref,0.005027025501082149
roberla01,2007,664209,bbref,0.01250040462971676
robinbe01,2007,1000000,bbref,0.018819986826009223
robincl02,2007,1600000,bbref,0.030111978921614754
robinna01,2007,1185480,bbref,0.02231071798249741
rodrise01,2007,912000,bbref,0.01716382798532041
rondora01,2007,1143600,bbref,0.021522536934224144
roseja01,2007,14601500,bbref,0.2748000376399736
rosema01,2007,7525397,bbref,0.14162787240048932
rossqu01,2007,771331,bbref,0.01451643925849252
roybr01,2007,2681880,bbref,0.05047294626893761
ruffimi01,2007,1803600,bbref,0.03394372823939023
rushka01,2007,19466,bbref,0.0003663498635550955
salmojo01,2007,4400000,bbref,0.08280794203444057
sampsja01,2007,771331,bbref,0.01451643925849252
scalabr01,2007,2793103,bbref,0.052566161663686835
schenlu01,2007,55000,bbref,0.0010350992754305072
sefolth01,2007,1679280,bbref,0.03160402747718077
senesa01,2007,1958640,bbref,0.036861578996894705
seungha01,2007,744551,bbref,0.014012440011291993
simiewa01,2007,932760,bbref,0.01755453091182836
simmobo01,2007,8640000,bbref,0.16260468617671966
simmoce01,2007,1515480,bbref,0.028521313635080457
singlja01,2007,675000,bbref,0.012703491107556225
skinnbr01,2007,5400000,bbref,0.1016279288604498
slokaur01,2007,412718,bbref,0.007767347322856874
smithcr01,2007,412718,bbref,0.007767347322856874
smithjo02,2007,6807000,bbref,0.12810765032464477
smithjo03,2007,1460640,bbref,0.02748922555754211
smithjr01,2007,1387560,bbref,0.026113860920297355
smithst03,2007,161061,bbref,0.003031165898183871
snower01,2007,6093750,bbref,0.1146842947209937
snydeki01,2007,1537440,bbref,0.028934600545779617
songada01,2007,3650000,bbref,0.06869295191493366
sowpa01,2007,744551,bbref,0.014012440011291993
spanova01,2007,1800000,bbref,0.0338759762868166
stackje01,2007,9296874,bbref,0.17496704620306766
stevede01,2007,932015,bbref,0.017540510021642985
stojape01,2007,10800000,bbref,0.2032558577208996
stoudam01,2007,12455000,bbref,0.23440293591794487
stoudda01,2007,4050000,bbref,0.07622094664533735
stoudsa01,2007,729000,bbref,0.013719770396160723
surabo01,2007,3840000,bbref,0.07226874941187542
sweetmi01,2007,2696956,bbref,0.05075667639032653
swiftro01,2007,1887600,bbref,0.035524607132775006
swiftst01,2007,5400000,bbref,0.1016279288604498
szczewa02,2007,11775000,bbref,0.22160534487625858
taftch01,2007,664209,bbref,0.01250040462971676
taylodo01,2007,664209,bbref,0.01250040462971676
tayloma01,2007,7500000,bbref,0.14114990119506918
telfase01,2007,1793160,bbref,0.033747247576926695
terryja01,2007,8100000,bbref,0.1524418932906747
thomaet01,2007,5883600,bbref,0.11072927448950785
thomake01,2007,7187500,bbref,0.1352686553119413
thomaku01,2007,7821482,bbref,0.14720018819986827
thomati01,2007,5215000,bbref,0.0981462312976381
thomaty01,2007,3260760,bbref,0.06136746024277783
thompdi01,2007,89101,bbref,0.0016768796461842476
tinslja01,2007,5850000,bbref,0.11009692293215395
tsakaja01,2007,2900000,bbref,0.054577961795426747
tuckepj01,2007,412718,bbref,0.007767347322856874
turiaro01,2007,664209,bbref,0.01250040462971676
turkohe01,2007,5883600,bbref,0.11072927448950785
udokaim01,2007,744551,bbref,0.014012440011291993
udrihbe01,2007,967920,bbref,0.018216241648630845
varejan01,2007,945600,bbref,0.01779617954267432
vaughja01,2007,1071225,bbref,0.020160440387691728
villach01,2007,2537880,bbref,0.04776286816599228
vincima01,2007,412718,bbref,0.007767347322856874
voskuja01,2007,2000000,bbref,0.037639973652018446
vujacsa01,2007,973920,bbref,0.018329161569586902
wadedw01,2007,3841443,bbref,0.07229590665286534
wafervo01,2007,24300,bbref,0.0004573256798720241
wagneda02,2007,771331,bbref,0.01451643925849252
walkean02,2007,7606820,bbref,0.14316025218782347
wallabe01,2007,16000000,bbref,0.30111978921614757
wallage01,2007,5525000,bbref,0.10398042721370095
wallara01,2007,11650000,bbref,0.21925284652300744
waltolu01,2007,1375000,bbref,0.02587748188576268
warriha01,2007,1286280,bbref,0.024207772654559142
watsoea01,2007,5400000,bbref,0.1016279288604498
webbech01,2007,17600000,bbref,0.3312317681377623
webstma02,2007,2780160,bbref,0.0523225745741978
wellsbo01,2007,2115000,bbref,0.0398042721370095
wesleda01,2007,1750000,bbref,0.032934976945516135
westda01,2007,2051938,bbref,0.03861744612778771
westde01,2007,1080480,bbref,0.020334619365766443
whalero01,2007,83026,bbref,0.0015625482262162417
whiteja02,2007,412718,bbref,0.007767347322856874
wilcoch01,2007,6250000,bbref,0.11762491766255764
wilkida02,2007,2700000,bbref,0.0508139644302249
wilksmi01,2007,798112,bbref,0.015020457325679871
williaa01,2007,1750000,bbref,0.032934976945516135
willial02,2007,4483516,bbref,0.08437971205420156
willico02,2007,6500000,bbref,0.12232991436905995
willide01,2007,3749040,bbref,0.07055688341018161
willier01,2007,4296000,bbref,0.08085066340453562
willija02,2007,8250000,bbref,0.15526489131457608
willije01,2007,7014400,bbref,0.13201091559235908
williju01,2007,261724,bbref,0.004925642232050438
willilo02,2007,664209,bbref,0.01250040462971676
willima01,2007,1920000,bbref,0.03613437470593771
willima02,2007,4174800,bbref,0.0785696810012233
willima03,2007,1097880,bbref,0.020662087136539005
willish01,2007,1750000,bbref,0.032934976945516135
willish02,2007,2952840,bbref,0.05557240989931307
willish03,2007,1367760,bbref,0.025741225181142375
woodslo01,2007,300000,bbref,0.005645996047802766
wrighan01,2007,1570920,bbref,0.029564693704714408
wrighbr02,2007,664209,bbref,0.01250040462971676
wrighdo01,2007,1325160,bbref,0.02493949374235438
wrighlo02,2007,3250000,bbref,0.061164957184529974
abdursh01,2008,5800000,bbref,0.1042602912097789
afflaar01,2008,944520,bbref,0.016978608664389716
agerma01,2008,974400,bbref,0.017515728923242855
aldrila01,2008,4329360,bbref,0.07782419557792558
allenma01,2008,998398,bbref,0.017947114866079455
allenra02,2008,16000000,bbref,0.28761459644076937
allento01,2008,1868141,bbref,0.03358153873809096
almonmo01,2008,1005960,bbref,0.018083048714722272
alstora01,2008,4550000,bbref,0.0817904008628438
amundlo01,2008,687456,bbref,0.012357648750674096
anderde01,2008,1219590,bbref,0.021923242854574868
anthoca01,2008,13041250,bbref,0.23442836598957398
anthojo01,2008,427163,bbref,0.007678644616214273
arenagi01,2008,11950400,bbref,0.21481934208161063
arizatr01,2008,3100000,bbref,0.055725328060399065
armstda01,2008,1219590,bbref,0.021923242854574868
armsthi01,2008,1900200,bbref,0.03415782850979687
arroyca01,2008,4100000,bbref,0.07370124033794716
artesro01,2008,7400000,bbref,0.13302175085385584
atkinch01,2008,3000000,bbref,0.053927736832644256
augusja01,2008,687456,bbref,0.012357648750674096
azubuke01,2008,687456,bbref,0.012357648750674096
balkmre01,2008,1280640,bbref,0.02302067229911918
banksma01,2008,3966207,bbref,0.07129618910659716
barbole01,2008,5600000,bbref,0.10066510875426928
bareajo01,2008,687456,bbref,0.012357648750674096
bargnan01,2008,4838880,bbref,0.08698328240158187
barnema02,2008,3000000,bbref,0.053927736832644256
barroea01,2008,973328,bbref,0.017496458745281322
barrybr01,2008,5544370,bbref,0.09966510875426927
bassbr01,2008,770610,bbref,0.01385241776020133
bastoma01,2008,1830000,bbref,0.032895919467912996
battish01,2008,5883600,bbref,0.10576307747618191
battito01,2008,5200000,bbref,0.09347474384325004
belinma01,2008,1345800,bbref,0.024191982743124212
bellch01,2008,3100000,bbref,0.055725328060399065
bellra01,2008,4750000,bbref,0.0853855833183534
bibbymi01,2008,13500000,bbref,0.24267481574689914
biedran01,2008,2636696,bbref,0.04739701599856193
billuch01,2008,10000000,bbref,0.17975912277548087
blakest01,2008,4250000,bbref,0.07639762717957936
blatcan01,2008,2470000,bbref,0.04440050332554377
blounma01,2008,7901040,bbref,0.1420284019413985
boganke01,2008,2440000,bbref,0.04386122595721733
bogutan01,2008,4991520,bbref,0.08972712565162683
bonnema01,2008,2678000,bbref,0.048139493079273774
boonejo01,2008,1133040,bbref,0.020367427646953082
boothca01,2008,1103225,bbref,0.019831475822397988
boozeca01,2008,11260483,bbref,0.2024174546108215
boshch01,2008,12455000,bbref,0.22388998741686142
bowenbr01,2008,4125000,bbref,0.07415063814488586
bowenry01,2008,1033930,bbref,0.01858583498112529
boykiea01,2008,533572,bbref,0.009591443465755887
brandel01,2008,15344000,bbref,0.27582239798669783
breweco01,2008,2535720,bbref,0.04558188028042423
brewero02,2008,1715040,bbref,0.03082940859248607
brezepr01,2008,2750000,bbref,0.049433758763257236
brookaa01,2008,972720,bbref,0.017485529390616573
brownan01,2008,711517,bbref,0.012790167175984182
brownde02,2008,1200000,bbref,0.021571094733057704
brownkw01,2008,9075000,bbref,0.16313140391874886
brownsh01,2008,1044120,bbref,0.018769009527233507
bryanko01,2008,19490625,bbref,0.3503617652345857
buckngr01,2008,3750000,bbref,0.06740967104080532
butleca01,2008,8218990,bbref,0.14774384325004494
butleja01,2008,2350000,bbref,0.042243393852238
butlera01,2008,3315000,bbref,0.059590149200071905
bynuman01,2008,2172000,bbref,0.03904368146683444
caldejo01,2008,2471604,bbref,0.04442933668883696
cambyma01,2008,11250000,bbref,0.20222901312241595
cardibr01,2008,5850000,bbref,0.1051590868236563
carnero01,2008,1547760,bbref,0.027822397986697826
carroma01,2008,5450000,bbref,0.09796872191263707
cartean01,2008,1103225,bbref,0.019831475822397988
cartevi01,2008,13320000,bbref,0.2394391515369405
cassesa01,2008,6150000,bbref,0.11055186050692073
chandty01,2008,10250000,bbref,0.18425310084486787
chandwi01,2008,1091640,bbref,0.019623224878662592
childjo01,2008,3631449,bbref,0.06527860866438971
claxtsp01,2008,6306182,bbref,0.11335937443825274
collija03,2008,2350000,bbref,0.042243393852238
collija04,2008,6100000,bbref,0.10965306489304333
collima01,2008,967320,bbref,0.017388459464317815
collini01,2008,5750000,bbref,0.10336149559590149
conlemi01,2008,3377160,bbref,0.060707531907244296
cookbr01,2008,3500000,bbref,0.0629156929714183
cookda02,2008,1184400,bbref,0.021290670501527952
crawfja01,2008,7920000,bbref,0.14236922523818082
crittja01,2008,1285200,bbref,0.0231026424591048
croshau01,2008,1219590,bbref,0.021923242854574868
curryed01,2008,8947543,bbref,0.16084024806758943
curryja01,2008,427163,bbref,0.007678644616214273
dalemsa01,2008,10250000,bbref,0.18425310084486787
dampier01,2008,10590500,bbref,0.190373898975373
daniean01,2008,5800000,bbref,0.1042602912097789
daniema01,2008,6373900,bbref,0.11457666726586374
davidje01,2008,427163,bbref,0.007678644616214273
davisba01,2008,16440000,bbref,0.2955239978428905
davisgl01,2008,427163,bbref,0.007678644616214273
davispa01,2008,687456,bbref,0.012357648750674096
davisri01,2008,6819000,bbref,0.1225777458206004
delfica01,2008,1868141,bbref,0.03358153873809096
denglu01,2008,3320339,bbref,0.05968612259572173
diawaya01,2008,687456,bbref,0.012357648750674096
diawbo01,2008,9000000,bbref,0.16178321049793276
diazgu01,2008,56065,bbref,0.0010078195218407335
dickada01,2008,2990028,bbref,0.05374848103541255
dickeka01,2008,264897,bbref,0.004761765234585655
dienetr01,2008,1500000,bbref,0.026963868416322128
dioguik01,2008,2286360,bbref,0.04109940679489484
diopde01,2008,2146000,bbref,0.038576307747618194
dixonju01,2008,2550000,bbref,0.04583857630774762
doleami01,2008,3120000,bbref,0.05608484630595003
doolike01,2008,3596000,bbref,0.06464138055006291
doubyqu01,2008,1333920,bbref,0.02397842890526694
dudleja01,2008,1137000,bbref,0.020438612259572175
duhonch01,2008,3248000,bbref,0.05838576307747618
duncati01,2008,19014188,bbref,0.3417973755168075
dunlemi02,2008,8219008,bbref,0.14774416681646593
duprero01,2008,826046,bbref,0.014848930433219486
duranke01,2008,4171200,bbref,0.07498112529210857
ellismo01,2008,770610,bbref,0.01385241776020133
elsonfr01,2008,3000000,bbref,0.053927736832644256
elyme01,2008,895341,bbref,0.01609457127449218
evansma01,2008,1740000,bbref,0.03127808736293367
evansre01,2008,4320000,bbref,0.07765594103900773
farmajo01,2008,1009560,bbref,0.018147761998921444
fazekni01,2008,427163,bbref,0.007678644616214273
feltora01,2008,3274440,bbref,0.058861046198094555
fesenky01,2008,750000,bbref,0.013481934208161064
finlemi01,2008,18593750,bbref,0.33423961891065973
fishede01,2008,6373900,bbref,0.11457666726586374
fordtj01,2008,8000000,bbref,0.14380729822038468
fosteje01,2008,5500000,bbref,0.09886751752651447
foyera01,2008,2631840,bbref,0.047309724968542154
foylead01,2008,8937500,bbref,0.160659715980586
frahmri01,2008,623694,bbref,0.011211468632033076
francst01,2008,15070000,bbref,0.27089699802264966
fryech01,2008,2487240,bbref,0.0447104080532087
gadzuda01,2008,5751130,bbref,0.10338180837677512
garbajo01,2008,4000000,bbref,0.07190364911019234
garcifr01,2008,1168800,bbref,0.021010246269998204
gardnth01,2008,101451,bbref,0.0018236742764695308
garneke01,2008,23750000,bbref,0.42692791659176704
garripa01,2008,3818750,bbref,0.06864551500988675
gasolpa01,2008,13735000,bbref,0.24689915513212296
gayru01,2008,2411160,bbref,0.04334280064713284
gelabmi01,2008,802000,bbref,0.014416681646593564
georgde01,2008,2369111,bbref,0.04258693151177422
gibsoda01,2008,687456,bbref,0.012357648750674096
gilled01,2008,151089,bbref,0.0027159626101024626
ginobma01,2008,9079811,bbref,0.16321788603271617
giricgo01,2008,4000000,bbref,0.07190364911019234
gomesry01,2008,770610,bbref,0.01385241776020133
goodedr01,2008,6453416,bbref,0.11600603990652526
gordobe01,2008,4881669,bbref,0.08775245371202589
gortama01,2008,427163,bbref,0.007678644616214273
grahajo01,2008,1596600,bbref,0.028700341542333273
grahast01,2008,770610,bbref,0.01385241776020133
grangda01,2008,1516800,bbref,0.027265863742584936
grayaa01,2008,427163,bbref,0.007678644616214273
greenge01,2008,1440960,bbref,0.025902570555455688
greenje02,2008,3058200,bbref,0.05497393492719756
greenor01,2008,77061,github,0.001385241776020133
greenta01,2008,427163,bbref,0.007678644616214273
greenwi01,2008,3094000,bbref,0.055617472586733774
griffad01,2008,1593000,bbref,0.0286356282581341
griffed01,2008,2900000,bbref,0.05213014560488945
hamilri01,2008,10000000,bbref,0.17975912277548087
hardaan01,2008,320142,bbref,0.005754844508358799
harprma01,2008,6000000,bbref,0.10785547366528851
harrial01,2008,8425625,bbref,0.1514582958835161
harrida01,2008,1734316,bbref,0.031175912277548085
harride01,2008,3995003,bbref,0.07181382347654143
harriot01,2008,2376000,bbref,0.04271076757145425
hartja01,2008,2300000,bbref,0.0413445982383606
hasleud01,2008,6050000,bbref,0.10875426927916591
hassetr01,2008,4350000,bbref,0.07819521840733418
hawessp01,2008,2028600,bbref,0.03646593564623404
hayesch01,2008,1750000,bbref,0.03145784648570915
hayesja01,2008,1200000,bbref,0.021571094733057704
haywobr01,2008,5000000,bbref,0.08987956138774043
headlu01,2008,1122000,bbref,0.020168973575408953
herrmwa01,2008,1944000,bbref,0.03494517346755348
hilarne01,2008,8840000,bbref,0.15890706453352507
hillgr01,2008,1830000,bbref,0.032895919467912996
hinriki01,2008,11250000,bbref,0.20222901312241595
holliry01,2008,687456,bbref,0.012357648750674096
horfoal01,2008,3745800,bbref,0.06733417220923962
horryro01,2008,3630000,bbref,0.06525256156749955
houseed01,2008,1500000,bbref,0.026963868416322128
howardw01,2008,6061274,bbref,0.108956929714183
howarjo01,2008,9000000,bbref,0.16178321049793276
howarju01,2008,6883800,bbref,0.1237425849361855
hudsotr01,2008,5953000,bbref,0.10701060578824376
hughela01,2008,12000084,bbref,0.21571245730720834
humphkr01,2008,2522913,bbref,0.045351662771885674
hunteli01,2008,2250000,bbref,0.04044580262448319
huntest01,2008,3248000,bbref,0.05838576307747618
iguodan01,2008,2804889,bbref,0.050420438612259574
ilgauzy01,2008,10142156,bbref,0.18231450656120798
ilicmi01,2008,864000,bbref,0.015531188207801546
iversal01,2008,19012500,bbref,0.341767032176883
iveyro01,2008,826046,bbref,0.014848930433219486
jackja01,2008,1217400,bbref,0.021883875606687038
jacksbo01,2008,5670000,bbref,0.10192342261369765
jackslu02,2008,279415,bbref,0.0050227395290310985
jacksst02,2008,6630000,bbref,0.11918029840014381
jacobca01,2008,826269,bbref,0.01485293906165738
jamesje01,2008,5800000,bbref,0.1042602912097789
jamesle01,2008,13041250,bbref,0.23442836598957398
jamesmi01,2008,5632200,bbref,0.10124393312960633
jamisan01,2008,16360094,bbref,0.2940876145964408
jaricma01,2008,6050000,bbref,0.10875426927916591
jeffeal01,2008,2480885,bbref,0.044596171130684883
jefferi01,2008,12200000,bbref,0.21930612978608666
jeffrja01,2008,5632200,bbref,0.10124393312960633
jianlyi01,2008,2777760,bbref,0.049932770088081974
johnsal01,2008,687456,bbref,0.012357648750674096
johnsam01,2008,3666666,bbref,0.06591166636706813
johnsan02,2008,2860000,bbref,0.051411109113787525
johnsde03,2008,42203,bbref,0.0007586374258493619
johnsjo02,2008,13488377,bbref,0.2424658817184972
johnsli01,2008,283953,bbref,0.005104314218946611
johnsma02,2008,1000000,bbref,0.017975912277548085
jonesbo02,2008,687456,bbref,0.012357648750674096
jonesda01,2008,4172432,bbref,0.07500327161603451
jonesda02,2008,753767,bbref,0.013549649469710589
jonesdw02,2008,770610,bbref,0.01385241776020133
jonesed02,2008,1830000,bbref,0.032895919467912996
jonesfr01,2008,3300000,bbref,0.059320510515908684
jonesja02,2008,2900000,bbref,0.05213014560488945
jonesso01,2008,729000,bbref,0.013104440050332554
kamanch01,2008,8600000,bbref,0.15459284558691352
kaponja01,2008,5356000,bbref,0.09627898615854755
karlco01,2008,427163,bbref,0.007678644616214273
khryavi01,2008,1928598,bbref,0.03466830846665468
kiddja01,2008,19728000,bbref,0.35462879741146863
kinseta01,2008,219533,bbref,0.003946305950026964
kirilan01,2008,13735000,bbref,0.24689915513212296
kleizli01,2008,1011360,bbref,0.018180118641021033
knighbr01,2008,1600000,bbref,0.028761459644076937
korveky01,2008,4400000,bbref,0.07909401402121158
krstine01,2008,1889760,bbref,0.03397015998561927
lafrera01,2008,12440787,bbref,0.2236344957756606
landrca01,2008,427163,bbref,0.007678644616214273
langfke01,2008,272316,bbref,0.004895128527772784
lasmest01,2008,48056,bbref,0.0008638504404098508
lawac01,2008,1927080,bbref,0.03464102103181736
leeda02,2008,990600,bbref,0.017806938702139133
lewisra02,2008,14880000,bbref,0.2674815746899155
livinsh01,2008,4404629,bbref,0.07917722451914434
lowryky01,2008,1087680,bbref,0.019552040266043503
luety01,2008,3500000,bbref,0.0629156929714183
macijar01,2008,500000,bbref,0.008987956138774043
madsema01,2008,2420000,bbref,0.043501707711666365
maggeco01,2008,7000000,bbref,0.1258313859428366
magloja01,2008,4000000,bbref,0.07190364911019234
mahinia01,2008,938760,bbref,0.01687506740967104
marbust01,2008,19012500,bbref,0.341767032176883
mariosh01,2008,16440000,bbref,0.2955239978428905
marksse01,2008,1033930,bbref,0.01858583498112529
marshdo01,2008,6016965,bbref,0.10816043501707712
martida01,2008,1219590,bbref,0.021923242854574868
martike01,2008,13250000,bbref,0.23818083767751214
martike02,2008,1808121,bbref,0.03250262448319252
masonde01,2008,5000000,bbref,0.08987956138774043
masonro01,2008,798328,bbref,0.014350674096710408
maxieja01,2008,1041360,bbref,0.018719396009347473
mayse01,2008,1862160,bbref,0.03347402480675894
mbengdj01,2008,1800000,bbref,0.03235664209958655
mccanra01,2008,1769160,bbref,0.03180226496494697
mccoyje01,2008,151089,bbref,0.0027159626101024626
mcdyean01,2008,6373900,bbref,0.11457666726586374
mcgratr01,2008,19014187,bbref,0.3417973575408952
mcguido01,2008,427163,bbref,0.007678644616214273
mcinnje01,2008,1219590,bbref,0.021923242854574868
mckieaa01,2008,7000000,bbref,0.1258313859428366
mcrobjo01,2008,427163,bbref,0.007678644616214273
mihmch01,2008,2500000,bbref,0.04493978069387022
milescj01,2008,770610,bbref,0.01385241776020133
milesda01,2008,8250000,bbref,0.14830127628977172
milicda01,2008,6500000,bbref,0.11684342980406255
millean02,2008,9366666,bbref,0.16837436634909222
millebr01,2008,10500000,bbref,0.1887470789142549
millemi01,2008,8376194,bbref,0.1505697285637246
millspa01,2008,687456,bbref,0.012357648750674096
mingya01,2008,13762775,bbref,0.24739843609563186
moblecu01,2008,8350000,bbref,0.15009886751752652
mohamna01,2008,5632200,bbref,0.10124393312960633
moonja01,2008,427163,bbref,0.007678644616214273
mooremi01,2008,5356000,bbref,0.09627898615854755
morriad01,2008,3887880,bbref,0.06988818982563365
morrira01,2008,810000,bbref,0.01456048894481395
mournal01,2008,2762500,bbref,0.04965845766672659
murphtr01,2008,9206349,bbref,0.16549252202049253
murraro01,2008,1890000,bbref,0.03397447420456588
mutomdi01,2008,1219590,bbref,0.021923242854574868
nachbbo01,2008,2500000,bbref,0.04493978069387022
najered01,2008,4952380,bbref,0.08902354844508359
nashst01,2008,11375000,bbref,0.20447600215710948
navarju01,2008,538090,bbref,0.009672658637425849
nelsoja01,2008,1961609,bbref,0.035261711306848825
nestera01,2008,7840000,bbref,0.140931152255977
newblir01,2008,3441900,bbref,0.06187129246809275
nichode01,2008,427163,bbref,0.007678644616214273
noahjo01,2008,2135400,bbref,0.03838576307747618
nocioan01,2008,8500000,bbref,0.15279525435915872
noelda01,2008,687456,bbref,0.012357648750674096
novakst01,2008,687456,bbref,0.012357648750674096
nowitdi01,2008,16360094,bbref,0.2940876145964408
obertfa01,2008,3600000,bbref,0.0647132841991731
obryapa01,2008,2216400,bbref,0.039841811971957575
odengr01,2008,4662000,bbref,0.08380370303792918
odomla01,2008,13248596,bbref,0.23815559949667445
okafoem01,2008,5427307,bbref,0.09756079453532267
okurme01,2008,8500000,bbref,0.15279525435915872
ollieke01,2008,3441900,bbref,0.06187129246809275
onealje01,2008,19728000,bbref,0.35462879741146863
onealsh01,2008,20000000,bbref,0.35951824555096173
outlabo01,2008,160071,bbref,0.0028774222541793995
outlatr01,2008,4000000,bbref,0.07190364911019234
owensan01,2008,687456,bbref,0.012357648750674096
pachuza01,2008,4000000,bbref,0.07190364911019234
pargoja01,2008,1830000,bbref,0.032895919467912996
parkean01,2008,4350000,bbref,0.07819521840733418
parkesm01,2008,2250000,bbref,0.04044580262448319
parketo01,2008,10500000,bbref,0.1887470789142549
patteru01,2008,304897,bbref,0.005480801725687579
paulch01,2008,3615960,bbref,0.06500017975912277
pavloal01,2008,4250000,bbref,0.07639762717957936
pecheol01,2008,1345800,bbref,0.024191982743124212
perkike01,2008,4480912,bbref,0.08054848103541255
perovko01,2008,1800000,bbref,0.03235664209958655
petermo01,2008,5356000,bbref,0.09627898615854755
petrojo01,2008,1077120,bbref,0.019362214632392592
piatker01,2008,1219590,bbref,0.021923242854574868
piercpa01,2008,16360094,bbref,0.2940876145964408
pietrmi01,2008,3470770,bbref,0.062390257055545566
pollasc01,2008,1219590,bbref,0.021923242854574868
poseyja01,2008,3206000,bbref,0.05763077476181916
powele01,2008,687456,bbref,0.012357648750674096
poweljo01,2008,800000,bbref,0.014380729822038469
pricero01,2008,1100000,bbref,0.019773503505302895
princta01,2008,8675620,bbref,0.15595218407334172
pruitga01,2008,650000,bbref,0.011684342980406255
przybjo01,2008,5762575,bbref,0.10358754269279166
quinnch01,2008,687456,bbref,0.012357648750674096
radmavl01,2008,5632200,bbref,0.10124393312960633
randosh01,2008,1080000,bbref,0.019413985259751933
randoza01,2008,13333333,bbref,0.23967882437533705
ratlith01,2008,11666666,bbref,0.20971896458745282
reddmi01,2008,14520000,bbref,0.2610102462699982
redicjj01,2008,2000160,bbref,0.03595470070106058
reedju01,2008,1436500,bbref,0.025822397986697825
richach01,2008,427163,bbref,0.007678644616214273
richaja01,2008,11111110,bbref,0.1997323386661873
richaje01,2008,511295,bbref,0.009190994067948948
richaqu01,2008,8105500,bbref,0.145703756965666
ridnolu01,2008,6500000,bbref,0.11684342980406255
robinbe01,2008,1080000,bbref,0.019413985259751933
robincl02,2008,500000,bbref,0.008987956138774043
robinna01,2008,1268160,bbref,0.02279633291389538
rodrise01,2008,817000,bbref,0.014686320330756786
rondora01,2008,1229280,bbref,0.02209742944454431
rosema01,2008,7101250,bbref,0.12765144706093834
rossqu01,2008,826046,bbref,0.014848930433219486
roybr01,2008,2883120,bbref,0.051826712205644436
ruffimi01,2008,1033930,bbref,0.01858583498112529
rushka01,2008,854957,bbref,0.015368632033075678
salmojo01,2008,4752000,bbref,0.0854215351429085
sambch01,2008,427163,bbref,0.007678644616214273
scalabr01,2008,3000000,bbref,0.053927736832644256
scolalu01,2008,2910000,bbref,0.052309904727664926
sefolth01,2008,1805160,bbref,0.0324493978069387
senesa01,2008,2105520,bbref,0.037848642818623046
sessira01,2008,427163,bbref,0.007678644616214273
shakumu01,2008,5450,bbref,9.796872191263707e-05
simmobo01,2008,9280000,bbref,0.16681646593564622
simmoce01,2008,1629120,bbref,0.029284918209599137
simsco01,2008,112130,bbref,0.002015639043681467
skinnbr01,2008,1108718,bbref,0.01993021750853856
smithcr01,2008,687456,bbref,0.012357648750674096
smithja02,2008,1233840,bbref,0.02217939960452993
smithjo02,2008,5200000,bbref,0.09347474384325004
smithjo03,2008,2243543,bbref,0.04032973215890706
smithjr01,2008,2134067,bbref,0.03836180118641021
snower01,2008,6703125,bbref,0.12049478698543951
snydeki01,2008,2358433,bbref,0.042394984720474566
songada01,2008,3942000,bbref,0.07086104619809455
spanova01,2008,1944000,bbref,0.03494517346755348
stackje01,2008,6750000,bbref,0.12133740787344957
stevede01,2008,1033930,bbref,0.01858583498112529
stojape01,2008,11664000,bbref,0.20967104080532087
storeaw01,2008,711517,bbref,0.012790167175984182
stoudam01,2008,13762775,bbref,0.24739843609563186
stoudda01,2008,4350000,bbref,0.07819521840733418
stoudsa01,2008,783000,bbref,0.014075139313320151
strawdj01,2008,427163,bbref,0.007678644616214273
stuckro01,2008,1569600,bbref,0.028214991910839475
surabo01,2008,3840000,bbref,0.06902750314578465
swiftro01,2008,2601113,bbref,0.04675737911198993
swiftst01,2008,5800000,bbref,0.1042602912097789
szczewa02,2008,12775000,bbref,0.2296422793456768
telfase01,2008,2562426,bbref,0.04606194499370843
terryja01,2008,8898000,bbref,0.15994966744562286
thomabi01,2008,510529,bbref,0.009177224519144347
thomaet01,2008,6373900,bbref,0.11457666726586374
thomake01,2008,7875000,bbref,0.14156030918569118
thomaku01,2008,8091188,bbref,0.14544648570914975
thomati01,2008,5632200,bbref,0.10124393312960633
thomaty01,2008,3505320,bbref,0.06301132482473486
thornal01,2008,1652280,bbref,0.02970124033794715
tinslja01,2008,6300000,bbref,0.11324824734855293
tuckeal02,2008,931920,bbref,0.01675211216969261
turiaro01,2008,770610,bbref,0.01385241776020133
turkohe01,2008,6373900,bbref,0.11457666726586374
udokaim01,2008,1000000,bbref,0.017975912277548085
udrihbe01,2008,1747096,bbref,0.03140564443645515
vanhoke01,2008,4300000,bbref,0.07729642279345676
varejan01,2008,5356000,bbref,0.09627898615854755
vaughja01,2008,1219950,bbref,0.021929714182994785
villach01,2008,2715000,bbref,0.04880460183354305
vincima01,2008,687456,bbref,0.012357648750674096
voskuja01,2008,3000000,bbref,0.053927736832644256
vujacsa01,2008,1756951,bbref,0.031582797051950384
wadedw01,2008,13041250,bbref,0.23442836598957398
wafervo01,2008,770610,bbref,0.01385241776020133
walkean02,2008,8329640,bbref,0.14973287794355564
wallabe01,2008,15500000,bbref,0.2786266403019953
wallage01,2008,9500000,bbref,0.1707711666367068
wallara01,2008,12540000,bbref,0.225417939960453
waltolu01,2008,4000000,bbref,0.07190364911019234
warriha01,2008,1376040,bbref,0.02473557433039727
washida01,2008,154847,bbref,0.0027835160884414883
watkida01,2008,109461,bbref,0.001967661333812691
watsocj01,2008,125479,bbref,0.0022555994966744564
watsoea01,2008,5800000,bbref,0.1042602912097789
webbech01,2008,19000000,bbref,0.3415423332734136
webstma02,2008,2974080,bbref,0.05346180118641021
wellsbo01,2008,2284200,bbref,0.04106057882437534
wesleda01,2008,250000,bbref,0.004493978069387021
westda01,2008,10650000,bbref,0.1914434657558871
westde01,2008,1889760,bbref,0.03397015998561927
westma02,2008,427163,bbref,0.007678644616214273
wilcoch01,2008,6500000,bbref,0.11684342980406255
wilkida02,2008,2900000,bbref,0.05213014560488945
wilksmi01,2008,162281,bbref,0.002917149020312781
williaa01,2008,1890000,bbref,0.03397447420456588
willial02,2008,4516484,bbref,0.0811879201869495
willide01,2008,4010640,bbref,0.07209491281682545
willija02,2008,8937500,bbref,0.160659715980586
willije01,2008,7639400,bbref,0.13732518425310083
williju01,2008,862456,bbref,0.015503433399245013
willilo02,2008,770610,bbref,0.01385241776020133
willima01,2008,7750000,bbref,0.13931332015099765
willima02,2008,4466040,bbref,0.08028114326802085
willima03,2008,1180200,bbref,0.02121517166996225
willima04,2008,12890,bbref,0.00023170950925759483
willise01,2008,1416600,bbref,0.02546467733237462
willish02,2008,3174240,bbref,0.057059859787884235
willish03,2008,1470360,bbref,0.026431062376415602
wrighan01,2008,1680600,bbref,0.03021031817364731
wrighbr03,2008,2323080,bbref,0.041759482293726405
wrighdo01,2008,2040746,bbref,0.03668427107675715
wrighju01,2008,1739160,bbref,0.03126298759662053
wrighlo02,2008,3250000,bbref,0.058421714902031276
youngni01,2008,1491240,bbref,0.026806399424770807
youngth01,2008,1830720,bbref,0.03290886212475283
ackeral01,2009,711517,bbref,0.012125374914792092
adamsha01,2009,297163,bbref,0.005064127471029312
afflaar01,2009,1015440,bbref,0.01730470347648262
agerma01,2009,1042440,bbref,0.017764826175869122
ahearbl01,2009,125562,bbref,0.002139775051124744
ajincal01,2009,1276320,bbref,0.021750511247443764
aldrila01,2009,4631400,bbref,0.07892638036809815
alexajo01,2009,2403120,bbref,0.040952965235173826
allenma01,2009,1300000,bbref,0.022154055896387186
allenra02,2009,18388430,bbref,0.3133679277436946
allento01,2009,2500000,bbref,0.04260395364689843
almonmo01,2009,1081440,bbref,0.018429447852760735
alstora01,2009,4900000,bbref,0.08350374914792093
amundlo01,2009,797581,bbref,0.013592041581458759
anderch01,2009,998398,bbref,0.01701428084526244
anderry01,2009,1225200,bbref,0.020879345603271985
anthoca01,2009,14410581,bbref,0.2455790899795501
anthojo01,2009,711517,bbref,0.012125374914792092
arenagi01,2009,14653466,bbref,0.24971823449216088
arizatr01,2009,3100000,bbref,0.05282890252215405
armsthi01,2009,2032800,bbref,0.034642126789366054
artesro01,2009,7400000,bbref,0.12610770279481937
arthuda01,2009,977160,bbref,0.016652351738241308
atkinch01,2009,3240000,bbref,0.05521472392638037
augusdj01,2009,2208960,bbref,0.0376441717791411
azubuke01,2009,2900000,bbref,0.04942058623040218
balkmre01,2009,1369920,bbref,0.02334560327198364
banksma01,2009,4260000,bbref,0.07259713701431493
barbole01,2009,6100000,bbref,0.10395364689843217
bareajo01,2009,1500000,bbref,0.02556237218813906
bargnan01,2009,5176440,bbref,0.08821472392638037
barnema02,2009,926678,bbref,0.015792058623040218
barrybr01,2009,1910000,bbref,0.0325494205862304
bassbr01,2009,826269,bbref,0.014080930470347648
bastoma01,2009,2272860,bbref,0.038733128834355826
battish01,2009,6448900,bbref,0.10989945466939333
battito01,2009,5746000,bbref,0.09792092706203136
batumni01,2009,1040640,bbref,0.017734151329243355
bayleje01,2009,1993560,bbref,0.03397341513292434
beaslmi01,2009,4314960,bbref,0.07353374233128834
belinma01,2009,1446720,bbref,0.02465439672801636
bellch01,2009,3354480,bbref,0.05716564417177914
bellra01,2009,5000000,bbref,0.08520790729379686
bibbymi01,2009,14983603,bbref,0.25534429107021134
biedran01,2009,9000000,bbref,0.15337423312883436
billuch01,2009,11050000,bbref,0.18830947511929108
blakest01,2009,4250000,bbref,0.07242672119972733
blatcan01,2009,2739669,bbref,0.04668829243353783
blounma01,2009,8513916,bbref,0.14509059304703475
boganke01,2009,2565000,bbref,0.04371165644171779
bogutan01,2009,6294310,bbref,0.1072649965916837
bonnema01,2009,2987000,bbref,0.050903203817314245
boonejo01,2009,1212120,bbref,0.02065644171779141
boothca01,2009,1319651,bbref,0.022488940013633264
boozeca01,2009,11593817,bbref,0.1975769768234492
boshch01,2009,14410581,bbref,0.2455790899795501
bowenbr01,2009,4000000,bbref,0.0681663258350375
bowenry01,2009,1141838,bbref,0.019458725289706883
brandel01,2009,13757844,bbref,0.2344554192229039
breweco01,2009,2725920,bbref,0.04645398773006135
brewero02,2009,1834680,bbref,0.031265848670756644
brookaa01,2009,1045560,bbref,0.01781799591002045
brownan01,2009,107908,bbref,0.0018389229720518064
brownbo02,2009,442114,bbref,0.007534321745057942
brownde02,2009,998398,bbref,0.01701428084526244
brownde03,2009,184157,bbref,0.0031383265167007498
brownkw01,2009,4000000,bbref,0.0681663258350375
brownsh01,2009,797581,bbref,0.013592041581458759
bryanko01,2009,21262500,bbref,0.36234662576687116
buckngr01,2009,4010005,bbref,0.06833682685753238
butleca01,2009,9249980,bbref,0.15763428766189502
butleja01,2009,2552000,bbref,0.04349011588275392
butlera01,2009,3630000,bbref,0.061860940695296525
bynuman01,2009,2769300,bbref,0.047193251533742334
bynumwi01,2009,711517,bbref,0.012125374914792092
caldejo01,2009,7438018,bbref,0.12675558963871847
cambyma01,2009,10000000,bbref,0.17041581458759372
cardibr01,2009,6300000,bbref,0.10736196319018405
carnero01,2009,1655760,bbref,0.02821676891615542
carroma01,2009,5050000,bbref,0.08605998636673483
cartean01,2009,1147533,bbref,0.01955577709611452
cartevi01,2009,14724125,bbref,0.25092237559645536
cassesa01,2009,1262275,bbref,0.021511162235855488
chalmma01,2009,700000,bbref,0.011929107021131561
chandty01,2009,11350000,bbref,0.19342194955691888
chandwi01,2009,1173480,bbref,0.019997955010224947
claxtsp01,2009,5757818,bbref,0.09812232447171097
collija03,2009,2074302,bbref,0.03534938650306749
collija04,2009,6200000,bbref,0.1056578050443081
collima01,2009,1034760,bbref,0.01763394683026585
collini01,2009,6350000,bbref,0.10821404226312202
conlemi01,2009,3630480,bbref,0.06186912065439673
cookbr01,2009,3500000,bbref,0.05964553510565781
cookda02,2009,1273200,bbref,0.021697341513292435
crawfja01,2009,8640000,bbref,0.147239263803681
crittja01,2009,1381560,bbref,0.0235439672801636
croshau01,2009,527185,bbref,0.00898406612133606
curryed01,2009,9723983,bbref,0.16571204839809134
dalemsa01,2009,11238564,bbref,0.19152290388548057
dampier01,2009,11553000,bbref,0.19688139059304705
daniean01,2009,6200000,bbref,0.1056578050443081
daniema01,2009,6864200,bbref,0.11697682344921609
davidje01,2009,422725,bbref,0.007203902522154056
davisba01,2009,11250000,bbref,0.19171779141104295
davisgl01,2009,711517,bbref,0.012125374914792092
davispa01,2009,328416,bbref,0.005596728016359918
davisri01,2009,2300000,bbref,0.039195637355146556
denglu01,2009,9385000,bbref,0.15993524199045672
diawaya01,2009,875000,bbref,0.014911383776414452
diawbo01,2009,9000000,bbref,0.15337423312883436
dienetr01,2009,1620000,bbref,0.027607361963190184
dioguik01,2009,2912823,bbref,0.04963911042944785
diopde01,2009,5585000,bbref,0.09517723244717109
dixonju01,2009,998398,bbref,0.01701428084526244
doolike01,2009,3300000,bbref,0.05623721881390593
dorsejo01,2009,816500,bbref,0.013914451261077028
doubyqu01,2009,1427040,bbref,0.024319018404907976
douglch01,2009,442411,bbref,0.007539383094751193
dragigo01,2009,1700000,bbref,0.028970688479890934
dudleja01,2009,1222320,bbref,0.020830265848670756
duhonch01,2009,5585000,bbref,0.09517723244717109
duncati01,2009,20598704,bbref,0.3510344921608725
dunlemi02,2009,9000000,bbref,0.15337423312883436
duranke01,2009,4484040,bbref,0.07641513292433538
ellismo01,2009,11000000,bbref,0.18745739604635311
elsonfr01,2009,1700000,bbref,0.028970688479890934
elyme01,2009,998398,bbref,0.01701428084526244
evansma01,2009,2500000,bbref,0.04260395364689843
evansre01,2009,4640000,bbref,0.0790729379686435
farmajo01,2009,1080000,bbref,0.018404907975460124
farmede01,2009,83708,bbref,0.0014265167007498295
feltora01,2009,4148716,bbref,0.07070068166325835
fernaru01,2009,1084080,bbref,0.01847443762781186
fesenky01,2009,810000,bbref,0.013803680981595092
finlemi01,2009,2500000,bbref,0.04260395364689843
fishede01,2009,4700000,bbref,0.08009543285616905
fordtj01,2009,8000000,bbref,0.136332651670075
fosteje01,2009,5500000,bbref,0.09372869802317656
foyera01,2009,2815560,bbref,0.04798159509202454
foylead01,2009,6800000,bbref,0.11588275391956374
francst01,2009,17180000,bbref,0.29277436946148605
fryech01,2009,3163769,bbref,0.05391562713019768
gadzuda01,2009,6250195,bbref,0.10651320722563054
gallida01,2009,2873520,bbref,0.04896932515337423
garbajo01,2009,4350000,bbref,0.07413087934560328
garcifr01,2009,1983454,bbref,0.03380119291070211
gardnth01,2009,711517,bbref,0.012125374914792092
garneke01,2009,24751934,bbref,0.4218120995228357
gasolma01,2009,3093333,bbref,0.05271528629856851
gasolpa01,2009,15106000,bbref,0.25743012951601907
gayru01,2009,2579400,bbref,0.04395705521472393
georgde01,2009,1600000,bbref,0.027266530334014997
gibsoda01,2009,3700000,bbref,0.06305385139740968
giddejr01,2009,957120,bbref,0.01631083844580777
gilled01,2009,387613,bbref,0.006605538513974097
ginobma01,2009,9905248,bbref,0.16880109066121335
gomesry01,2009,3650000,bbref,0.06220177232447171
goodedr01,2009,7151183,bbref,0.12186746762099523
gordobe01,2009,6404750,bbref,0.1091470688479891
gordoer01,2009,2623200,bbref,0.044703476482617584
gortama01,2009,711517,bbref,0.012125374914792092
grahajo01,2009,2449184,bbref,0.041737968643490116
grahast01,2009,826269,bbref,0.014080930470347648
grangda01,2009,2329805,bbref,0.03970356169052488
grayaa01,2009,711517,bbref,0.012125374914792092
greendo01,2009,971160,bbref,0.016550102249488753
greenge01,2009,854957,bbref,0.014569819359236538
greenje02,2009,3287640,bbref,0.056026584867075666
greenwi01,2009,3388000,bbref,0.05773687798227675
griffad01,2009,1711000,bbref,0.029158145875937288
haddaha01,2009,1572221,bbref,0.02679313224267212
hairsma01,2009,351091,bbref,0.005983145875937287
hamilri01,2009,10812500,bbref,0.18426209952283573
harprma01,2009,6000000,bbref,0.10224948875255624
harrial01,2009,9226250,bbref,0.15722989093387865
harride01,2009,7800000,bbref,0.1329243353783231
hartja01,2009,2484000,bbref,0.04233128834355828
hasleud01,2009,6575000,bbref,0.11204839809134287
hassetr01,2009,4350000,bbref,0.07413087934560328
hawessp01,2009,2180760,bbref,0.03716359918200409
hayesch01,2009,1768000,bbref,0.03012951601908657
hayesja01,2009,1910000,bbref,0.0325494205862304
haywobr01,2009,5500000,bbref,0.09372869802317656
headlu01,2009,1962378,bbref,0.0334420245398773
herrmwa01,2009,2000000,bbref,0.03408316291751875
hibbero01,2009,1465400,bbref,0.024972733469665984
hicksjj01,2009,1329480,bbref,0.022656441717791412
hilarne01,2009,9680000,bbref,0.16496250852079072
hillge01,2009,1006200,bbref,0.017147239263803682
hillgr01,2009,1976400,bbref,0.03368098159509202
hillst01,2009,148238,bbref,0.002526209952283572
hinriki01,2009,10000000,bbref,0.17041581458759372
holliry01,2009,972581,bbref,0.01657431833674165
horfoal01,2009,4026720,bbref,0.06862167689161554
houseed01,2009,2650000,bbref,0.04516019086571234
howardw01,2009,13758000,bbref,0.23445807770961144
howarjo01,2009,9945000,bbref,0.16947852760736196
howarju01,2009,7375500,bbref,0.12569018404907975
hughela01,2009,12827676,bbref,0.2186038854805726
humphkr01,2009,3200000,bbref,0.054533060668029994
hunteli01,2009,1143473,bbref,0.019486588275391955
hunteot01,2009,442114,bbref,0.007534321745057942
huntest01,2009,3862600,bbref,0.06582481254260396
iguodan01,2009,11300000,bbref,0.19256987048398091
ilgauzy01,2009,10841615,bbref,0.1847582651670075
iversal01,2009,20840625,bbref,0.35515720858895705
iveyro01,2009,854957,bbref,0.014569819359236538
jackja01,2009,2002623,bbref,0.03412786298568507
jacksbo01,2009,6487888,bbref,0.11056387184730743
jacksda01,2009,450000,bbref,0.007668711656441718
jacksst02,2009,7140000,bbref,0.12167689161554192
jamesje01,2009,6200000,bbref,0.1056578050443081
jamesle01,2009,14410581,bbref,0.2455790899795501
jamesmi01,2009,6244093,bbref,0.10640921949556918
jamisan01,2009,9923285,bbref,0.169108469665985
jaricma01,2009,6575000,bbref,0.11204839809134287
jawaina01,2009,442114,bbref,0.007534321745057942
jeffeal01,2009,11000000,bbref,0.18745739604635311
jefferi01,2009,13200000,bbref,0.2249488752556237
jeffrja01,2009,6049400,bbref,0.10309134287661895
jianlyi01,2009,2986080,bbref,0.050887525562372186
johnsam01,2009,3666667,bbref,0.06248580436264485
johnsan02,2009,1910000,bbref,0.0325494205862304
johnsjo02,2009,14232567,bbref,0.2425454498977505
johnsli01,2009,125374,bbref,0.0021365712338104977
johnsma02,2009,1000000,bbref,0.017041581458759374
johnstr01,2009,187258,bbref,0.0031911724608043625
jonesda01,2009,4460186,bbref,0.07600862304021813
jonesda02,2009,926678,bbref,0.015792058623040218
jonesdw02,2009,46812,bbref,0.0007977505112474438
jonesed02,2009,2000000,bbref,0.03408316291751875
jonesfr01,2009,622531,bbref,0.010608912747102931
jonesja02,2009,4010000,bbref,0.06833674164962508
jonesso01,2009,797581,bbref,0.013592041581458759
jordade01,2009,550000,bbref,0.009372869802317656
kamanch01,2009,9500000,bbref,0.16189502385821405
kaponja01,2009,5784480,bbref,0.09857668711656442
kiddja01,2009,21372000,bbref,0.3642126789366053
kinseta01,2009,797581,bbref,0.013592041581458759
kirilan01,2009,15106000,bbref,0.25743012951601907
kleizli01,2009,1824493,bbref,0.031092246080436266
knighbr01,2009,2000000,bbref,0.03408316291751875
korveky01,2009,4956818,bbref,0.08447201772324471
koufoko01,2009,1129320,bbref,0.019245398773006135
krstine01,2009,4778548,bbref,0.08143401499659168
kurzro01,2009,429111,bbref,0.0073127300613496935
lafrera01,2009,12722500,bbref,0.21681152010906612
landrca01,2009,3000000,bbref,0.05112474437627812
lawac01,2009,2071680,bbref,0.03530470347648262
leeco01,2009,1176240,bbref,0.020044989775051123
leeda02,2009,1788033,bbref,0.0304709100204499
lewisra02,2009,16447871,bbref,0.28029773346966597
livinsh01,2009,370000,bbref,0.006305385139740968
lopezbr01,2009,2098560,bbref,0.03576278118609407
lopezro01,2009,1623720,bbref,0.02767075664621677
loveke01,2009,3163680,bbref,0.053914110429447853
lowryky01,2009,1163520,bbref,0.019828220858895705
lucasjo02,2009,32842,bbref,0.0005596796182685753
luety01,2009,2250000,bbref,0.03834355828220859
madsema01,2009,2630000,bbref,0.044819359236537154
maggeco01,2009,8275862,bbref,0.14103377641445125
magloja01,2009,1141838,bbref,0.019458725289706883
mahinia01,2009,1009200,bbref,0.017198364008179957
marbust01,2009,20840625,bbref,0.35515720858895705
mariosh01,2009,17810000,bbref,0.30351056578050445
marksse01,2009,1141838,bbref,0.019458725289706883
marshdo01,2009,5950894,bbref,0.1014126448534424
martica01,2009,200252,bbref,0.003412610770279482
martike01,2009,14431816,bbref,0.24594096796182685
martike02,2009,8760335,bbref,0.14928996250852078
masonde01,2009,5300000,bbref,0.09032038173142468
masonro01,2009,3500000,bbref,0.05964553510565781
maxieja01,2009,1877572,bbref,0.031996796182685756
mayooj01,2009,3875040,bbref,0.06603680981595092
mayse01,2009,2661027,bbref,0.045348108384458075
mbahalu01,2009,757000,bbref,0.012900477164280845
mbengdj01,2009,1971941,bbref,0.03360499318336742
mccanra01,2009,2620126,bbref,0.04465109066121336
mcdyean01,2009,3000000,bbref,0.05112474437627812
mcgeeja01,2009,1392240,bbref,0.02372597137014315
mcgratr01,2009,20370437,bbref,0.3471444614860259
mcguido01,2009,711517,bbref,0.012125374914792092
mcleoke01,2009,926678,bbref,0.015792058623040218
mcrobjo01,2009,711517,bbref,0.012125374914792092
mihmch01,2009,2500000,bbref,0.04260395364689843
milescj01,2009,3700000,bbref,0.06305385139740968
milesda01,2009,9000000,bbref,0.15337423312883436
milicda01,2009,7020000,bbref,0.1196319018404908
millean02,2009,10333334,bbref,0.17609635310156782
millebr01,2009,11375000,bbref,0.19384798909338788
millemi01,2009,9028575,bbref,0.1538611963190184
millspa01,2009,797581,bbref,0.013592041581458759
mingya01,2009,15070550,bbref,0.2568260054533061
moblecu01,2009,9100000,bbref,0.1550783912747103
mohamna01,2009,6049400,bbref,0.10309134287661895
moonja01,2009,711517,bbref,0.012125374914792092
mooremi01,2009,5632200,bbref,0.09598159509202454
morriad01,2009,4159200,bbref,0.07087934560327198
morrira01,2009,797581,bbref,0.013592041581458759
morroan01,2009,442114,bbref,0.007534321745057942
murphtr01,2009,10126984,bbref,0.17257982276755282
murraro01,2009,1500000,bbref,0.02556237218813906
mutomdi01,2009,794491,bbref,0.013539383094751193
najered01,2009,3250000,bbref,0.05538513974096796
nashst01,2009,12250000,bbref,0.2087593728698023
nelsode01,2009,182047,bbref,0.0031023687798227674
nelsoja01,2009,7700000,bbref,0.13122017723244717
nestera01,2009,8400000,bbref,0.14314928425357873
nichode01,2009,87893,bbref,0.0014978357191547376
noahjo01,2009,2295480,bbref,0.03911860940695296
nocioan01,2009,8000000,bbref,0.136332651670075
novakst01,2009,797581,bbref,0.013592041581458759
nowitdi01,2009,18077904,bbref,0.3080760736196319
obertfa01,2009,3600000,bbref,0.06134969325153374
obryapa01,2009,1500000,bbref,0.02556237218813906
odengr01,2009,5011680,bbref,0.08540695296523518
odomla01,2009,14148596,bbref,0.24111445126107703
okafoem01,2009,9537500,bbref,0.1625340831629175
okurme01,2009,8500000,bbref,0.14485344239945466
ollieke01,2009,1262275,bbref,0.021511162235855488
onealje01,2009,21372000,bbref,0.3642126789366053
onealsh01,2009,21000000,bbref,0.35787321063394684
outlatr01,2009,4000000,bbref,0.0681663258350375
pachuza01,2009,4000000,bbref,0.0681663258350375
parkean01,2009,4550000,bbref,0.07753919563735515
parkesm01,2009,1660000,bbref,0.02828902522154056
parketo01,2009,11550000,bbref,0.19683026584867075
paulch01,2009,4574189,bbref,0.07795141445126108
pavloal01,2009,4500000,bbref,0.07668711656441718
pecheol01,2009,1446720,bbref,0.02465439672801636
perkike01,2009,4578880,bbref,0.07803135650988412
petermo01,2009,5592240,bbref,0.09530061349693252
petrojo01,2009,1939893,bbref,0.0330588445807771
piercpa01,2009,18077903,bbref,0.30807605657805043
pietrmi01,2009,5300000,bbref,0.09032038173142468
poseyja01,2009,5585000,bbref,0.09517723244717109
powele01,2009,797581,bbref,0.013592041581458759
poweljo01,2009,854957,bbref,0.014569819359236538
pricero01,2009,1188000,bbref,0.020245398773006136
princta01,2009,9500000,bbref,0.16189502385821405
pruitga01,2009,711517,bbref,0.012125374914792092
przybjo01,2009,6310150,bbref,0.10753493524199045
quinnch01,2009,972581,bbref,0.01657431833674165
radmavl01,2009,6049400,bbref,0.10309134287661895
randoan01,2009,1709280,bbref,0.02912883435582822
randosh01,2009,826269,bbref,0.014080930470347648
randoza01,2009,14666667,bbref,0.24994320040899795
ratlith01,2009,1262275,bbref,0.021511162235855488
reddmi01,2009,15780000,bbref,0.2689161554192229
redicjj01,2009,2139720,bbref,0.036464212678936604
reedju01,2009,1573000,bbref,0.026806407634628493
richaja01,2009,12222221,bbref,0.20828597477845945
richaje01,2009,769431,bbref,0.013112321063394683
richaqu01,2009,8685500,bbref,0.14801465576005454
ridnolu01,2009,6500000,bbref,0.11077027948193592
roberan02,2009,797581,bbref,0.013592041581458759
robinna01,2009,2020179,bbref,0.03442704498977505
rodrise01,2009,1048800,bbref,0.01787321063394683
rondora01,2009,1315080,bbref,0.022411042944785277
rosede01,2009,4822800,bbref,0.08218813905930471
rosema01,2009,7647500,bbref,0.1303254942058623
rossqu01,2009,854957,bbref,0.014569819359236538
roybr01,2009,3084240,bbref,0.05256032719836401
ruffimi01,2009,1141838,bbref,0.019458725289706883
rushbr01,2009,1799160,bbref,0.030660531697341512
rushka01,2009,926678,bbref,0.015792058623040218
salmojo01,2009,5104000,bbref,0.08698023176550784
sambch01,2009,797581,bbref,0.013592041581458759
scalabr01,2009,3206897,bbref,0.05465059645535106
scolalu01,2009,3100667,bbref,0.052840269256987045
sefolth01,2009,1931160,bbref,0.03291002044989775
senesa01,2009,2252400,bbref,0.03838445807770961
sessira01,2009,722517,bbref,0.012312832310838446
sharpwa01,2009,442114,bbref,0.007534321745057942
simmobo01,2009,10602667,bbref,0.18068621336059987
simmoce01,2009,1742760,bbref,0.029699386503067485
simsco01,2009,184648,bbref,0.003146693933197001
singlja01,2009,826269,bbref,0.014080930470347648
singlse01,2009,442114,bbref,0.007534321745057942
skinnbr01,2009,1262275,bbref,0.021511162235855488
smithcr01,2009,2500000,bbref,0.04260395364689843
smithja02,2009,1326360,bbref,0.02260327198364008
smithjo02,2009,4795000,bbref,0.0817143830947512
smithjo03,2009,10000000,bbref,0.17041581458759372
smithjr01,2009,4985001,bbref,0.08495230061349693
snower01,2009,7312500,bbref,0.12461656441717792
solomwi01,2009,711517,bbref,0.012125374914792092
songada01,2009,4235000,bbref,0.07217109747784595
speigma01,2009,1542600,bbref,0.026288343558282207
stackje01,2009,7000000,bbref,0.11929107021131562
stevede01,2009,3616072,bbref,0.061623585548738924
stojape01,2009,12528000,bbref,0.2134969325153374
stoudam01,2009,15070550,bbref,0.2568260054533061
stoudda01,2009,2325000,bbref,0.03962167689161554
stuckro01,2009,1687320,bbref,0.028754601226993866
swiftro01,2009,3579131,bbref,0.060994052488070896
swiftst01,2009,6200000,bbref,0.1056578050443081
szczewa02,2009,13775000,bbref,0.23474778459441037
taylomi01,2009,500000,bbref,0.008520790729379687
telfase01,2009,2300000,bbref,0.039195637355146556
terryja01,2009,9196000,bbref,0.1567143830947512
thomaet01,2009,6864200,bbref,0.11697682344921609
thomake01,2009,8562500,bbref,0.14591854124062714
thomaku01,2009,4200000,bbref,0.07157464212678936
thomati01,2009,6049400,bbref,0.10309134287661895
thomaty01,2009,3749880,bbref,0.0639038854805726
thompja02,2009,1893840,bbref,0.03227402862985685
thornal01,2009,1776240,bbref,0.03026993865030675
tinslja01,2009,6750000,bbref,0.11503067484662577
tollian01,2009,187248,bbref,0.003191002044989775
tuckeal02,2009,1001880,bbref,0.01707361963190184
turiaro01,2009,4500000,bbref,0.07668711656441718
turkohe01,2009,6864200,bbref,0.11697682344921609
udokaim01,2009,1080000,bbref,0.018404907975460124
udrihbe01,2009,5585000,bbref,0.09517723244717109
ukicro01,2009,1250000,bbref,0.021301976823449215
varejan01,2009,5784480,bbref,0.09857668711656442
vaughja01,2009,1262275,bbref,0.021511162235855488
villach01,2009,3448050,bbref,0.058760224948875256
voskuja01,2009,826153,bbref,0.014078953646898432
vujacsa01,2009,4524887,bbref,0.07711123040218132
wadedw01,2009,14410581,bbref,0.2455790899795501
wafervo01,2009,826269,bbref,0.014080930470347648
walkean02,2009,8854475,bbref,0.1508942569870484
walkebi01,2009,542114,bbref,0.009238479890933878
wallabe01,2009,14500000,bbref,0.2471029311520109
wallage01,2009,9500000,bbref,0.16189502385821405
wallara01,2009,13930000,bbref,0.23738922972051807
waltolu01,2009,4420000,bbref,0.07532379004771643
warriha01,2009,2119102,bbref,0.0361128493524199
watsocj01,2009,711517,bbref,0.012125374914792092
watsoea01,2009,6200000,bbref,0.1056578050443081
weaveky01,2009,806452,bbref,0.013743217450579414
webstma02,2009,3771133,bbref,0.06426607021131561
weemsso01,2009,442114,bbref,0.007534321745057942
westbru01,2009,3493680,bbref,0.059537832310838444
westda01,2009,9862500,bbref,0.1680725971370143
westde01,2009,3850000,bbref,0.06561008861622358
westma02,2009,711517,bbref,0.012125374914792092
whitedj01,2009,964080,bbref,0.016429447852760737
wilcoch01,2009,6750000,bbref,0.11503067484662577
wilkida02,2009,3100000,bbref,0.05282890252215405
wilksmi01,2009,998398,bbref,0.01701428084526244
willide01,2009,5069449,bbref,0.08639142808452624
willija02,2009,1262275,bbref,0.021511162235855488
willija04,2009,244463,bbref,0.004166036128152692
willilo02,2009,4500000,bbref,0.07668711656441718
willima01,2009,8353000,bbref,0.14234832992501703
willima02,2009,5636143,bbref,0.09604879004771642
willima03,2009,1262520,bbref,0.021515337423312884
willise01,2009,1522920,bbref,0.025952965235173823
willish02,2009,3395760,bbref,0.05786912065439673
willish03,2009,1572960,bbref,0.026805725971370143
wrighan01,2009,1800000,bbref,0.03067484662576687
wrighbr03,2009,2497320,bbref,0.042558282208588954
wrighdo01,2009,2612835,bbref,0.044526840490797547
wrighju01,2009,1869600,bbref,0.031860940695296526
wrighlo02,2009,1262275,bbref,0.021511162235855488
youngni01,2009,1602960,bbref,0.027316973415132926
youngth01,2009,1968120,bbref,0.033539877300613495
yuesu01,2009,442114,bbref,0.007534321745057942
abdursh01,2010,6600000,bbref,0.11438474870017332
afflaar01,2010,1086240,bbref,0.018825649913344886
ajincal01,2010,1372080,bbref,0.02377954939341421
aldrila01,2010,5844827,bbref,0.10129682842287695
alexajo01,2010,2583360,bbref,0.044772270363951476
allenma01,2010,1300000,bbref,0.022530329289428077
allenra02,2010,18776860,bbref,0.3254221837088388
allento01,2010,2500000,bbref,0.043327556325823226
alstora01,2010,4300000,bbref,0.07452339688041594
amundlo01,2010,855189,bbref,0.014821299826689775
anderan02,2010,139968,github,0.00242578856152513
anderch01,2010,3650000,bbref,0.0632582322357019
anderda03,2010,2300000,bbref,0.03986135181975736
anderry01,2010,1317120,bbref,0.022827036395147313
anthoca01,2010,15779912,bbref,0.27348201039861353
anthojo01,2010,825497,bbref,0.014306707105719237
arenagi01,2010,16192080,bbref,0.28062530329289426
arizatr01,2010,5854000,bbref,0.10145580589254766
armsthi01,2010,2801198,bbref,0.04854762564991334
arroyca01,2010,1107572,bbref,0.019195355285961873
artesro01,2010,5854000,bbref,0.10145580589254766
arthuda01,2010,1050480,bbref,0.01820589254766031
atkinch01,2010,1306455,bbref,0.02264220103986135
augusdj01,2010,2385480,bbref,0.041342807625649916
azubuke01,2010,3132000,bbref,0.054280762564991335
balkmre01,2010,2112417,bbref,0.03661034662045061
banksma01,2010,4553793,bbref,0.07892188908145581
barbole01,2010,6600000,bbref,0.11438474870017332
bareajo01,2010,1657500,bbref,0.028726169844020797
bargnan01,2010,6527491,bbref,0.11312809358752167
barnema02,2010,1600000,bbref,0.02772963604852686
barrybr01,2010,2062800,bbref,0.03575043327556326
bassbr01,2010,4000000,bbref,0.06932409012131716
battish01,2010,6864200,bbref,0.11896360485268631
battito01,2010,6292000,bbref,0.10904679376083189
batumni01,2010,1118760,bbref,0.019389254766031195
bayleje01,2010,2143080,bbref,0.037141767764298096
beaslmi01,2010,4638600,bbref,0.08039168110918544
beaubro01,2010,1075440,bbref,0.01863847487001733
belinma01,2010,1547640,bbref,0.02682218370883882
bellch01,2010,3596000,bbref,0.06232235701906413
bellra01,2010,5250000,bbref,0.09098786828422877
bendejo01,2010,801361,bbref,0.01388840554592721
bibbymi01,2010,6217617,bbref,0.10775766031195841
biedran01,2010,9000000,bbref,0.1559792027729636
billuch01,2010,12100000,bbref,0.2097053726169844
blairde01,2010,850000,bbref,0.014731369150779897
blakest01,2010,4930000,bbref,0.0854419410745234
blatcan01,2010,3000000,bbref,0.05199306759098787
blounma01,2010,7962500,bbref,0.13799826689774697
boganke01,2010,1033342,bbref,0.01790887348353553
bogutan01,2010,10000000,bbref,0.1733102253032929
bonnema01,2010,3240380,bbref,0.05615909878682842
boonejo01,2010,2056968,bbref,0.03564935875216638
boozeca01,2010,13520500,bbref,0.23432409012131716
boshch01,2010,15779912,bbref,0.27348201039861353
bowenbr01,2010,2000000,bbref,0.03466204506065858
bowenry01,2010,209592,bbref,0.0036324436741767764
boykiea01,2010,1191180,bbref,0.020644367417677643
brandel01,2010,14858471,bbref,0.2575124956672444
breweco01,2010,2916120,bbref,0.05053934142114385
brewero02,2010,2717161,bbref,0.04709117850953206
brezepr01,2010,1107572,bbref,0.019195355285961873
brockjo01,2010,457588,bbref,0.00793046793760832
brookaa01,2010,1118520,bbref,0.019385095320623918
brownbo02,2010,736420,bbref,0.012762911611785095
brownde02,2010,1100000,bbref,0.019064124783362217
brownde04,2010,457588,bbref,0.00793046793760832
brownkw01,2010,4100000,bbref,0.07105719237435008
brownsh01,2010,2000000,bbref,0.03466204506065858
bryanko01,2010,23034375,bbref,0.3992092720970537
buckngr01,2010,1000000,bbref,0.01733102253032929
budinch01,2010,457588,bbref,0.00793046793760832
butleca01,2010,9780970,bbref,0.16951421143847487
butlera01,2010,3945000,bbref,0.06837088388214904
bynuman01,2010,12526998,bbref,0.21710568457538995
bynumwi01,2010,825497,bbref,0.014306707105719237
caldejo01,2010,8219009,bbref,0.1424438301559792
cambyma01,2010,7650000,bbref,0.13258232235701906
cardibr01,2010,6750000,bbref,0.1169844020797227
carnero01,2010,855189,bbref,0.014821299826689775
carrode01,2010,1009680,bbref,0.017498786828422878
carroma01,2010,4700000,bbref,0.08145580589254767
cartean01,2010,1306455,bbref,0.02264220103986135
cartevi01,2010,16300000,bbref,0.2824956672443674
casspom01,2010,1167000,bbref,0.020225303292894282
chalmma01,2010,773500,bbref,0.013405545927209706
chandty01,2010,11850000,bbref,0.20537261698440207
chandwi01,2010,1255440,bbref,0.021758058925476602
clarkea01,2010,1766280,bbref,0.030611438474870016
claxtsp01,2010,5209454,bbref,0.09028516464471403
collida01,2010,1266120,bbref,0.02194315424610052
collija03,2010,1181803,bbref,0.020481854419410746
collija04,2010,1181803,bbref,0.020481854419410746
collima01,2010,1867742,bbref,0.03236987868284229
collini01,2010,6250000,bbref,0.10831889081455806
conlemi01,2010,3883800,bbref,0.06731022530329289
conrowi01,2010,48559,bbref,0.00084157712305026
cookbr01,2010,3500000,bbref,0.060658578856152515
cookda02,2010,1362120,bbref,0.02360693240901213
crawfja01,2010,9360000,bbref,0.16221837088388216
crittja01,2010,1477920,bbref,0.025613864818024263
cunnida01,2010,457588,bbref,0.00793046793760832
curryed01,2010,10500423,bbref,0.18198306759098787
curryja01,2010,26917,bbref,0.0004664991334488735
curryst01,2010,2710560,bbref,0.04697677642980936
dalemsa01,2010,12025694,bbref,0.20841757365684577
dampier01,2010,12115500,bbref,0.2099740034662045
daniean01,2010,5863580,bbref,0.10162183708838822
daniema01,2010,1990000,bbref,0.034488734835355285
davisba01,2010,12150000,bbref,0.21057192374350087
davisgl01,2010,3000000,bbref,0.05199306759098787
davispa01,2010,80488,bbref,0.001394939341421144
davisri01,2010,2484000,bbref,0.043050259965337956
dayeau01,2010,1677840,bbref,0.029078682842287696
delfica01,2010,3500000,bbref,0.060658578856152515
denglu01,2010,10370425,bbref,0.1797300693240901
derozde01,2010,2282640,bbref,0.039560485268630846
diawaya01,2010,945000,bbref,0.01637781629116118
diawbo01,2010,9000000,bbref,0.1559792027729636
dienetr01,2010,1740000,bbref,0.030155979202772965
dioguik01,2010,884881,bbref,0.015335892547660311
diopde01,2010,6031800,bbref,0.10453726169844021
doolike01,2010,3564000,bbref,0.06176776429809359
dorsejo01,2010,881000,bbref,0.015268630849220104
doubyqu01,2010,85519,bbref,0.0014821317157712305
douglch01,2010,736000,bbref,0.012755632582322356
douglto01,2010,996240,bbref,0.01726585788561525
dragigo01,2010,1836000,bbref,0.03181975736568458
dudleja01,2010,1307640,bbref,0.022662738301559793
duhonch01,2010,6031800,bbref,0.10453726169844021
duncati01,2010,22183220,bbref,0.3844578856152513
dunlemi02,2010,9780992,bbref,0.16951459272097052
duranke01,2010,4796880,bbref,0.08313483535528596
ellinwa01,2010,1003560,bbref,0.017392720970537262
ellismo01,2010,11000000,bbref,0.19064124783362218
elsonfr01,2010,1700000,bbref,0.029462738301559793
evansma01,2010,2500000,bbref,0.043327556325823226
evansre01,2010,4960000,bbref,0.08596187175043328
evansty01,2010,3610080,bbref,0.06256637781629117
farmajo01,2010,1947240,bbref,0.0337476603119584
feltora01,2010,5501196,bbref,0.09534135181975736
fernaru01,2010,1165320,bbref,0.020196187175043328
fesenky01,2010,870000,bbref,0.015077989601386482
finlemi01,2010,2500000,bbref,0.043327556325823226
fishede01,2010,5048000,bbref,0.08748700173310225
flynnjo01,2010,2969280,bbref,0.05146065857885615
fordtj01,2010,8500000,bbref,0.14731369150779897
fosteje01,2010,6077500,bbref,0.10532928942807626
foyera01,2010,3575761,bbref,0.06197159445407279
foylead01,2010,1306455,bbref,0.02264220103986135
fryech01,2010,2000000,bbref,0.03466204506065858
gadzuda01,2010,6749260,bbref,0.11697157712305026
gainesu01,2010,269169,bbref,0.0046649740034662044
gallida01,2010,3089040,bbref,0.05353622183708839
garcifr01,2010,5800000,bbref,0.10051993067590988
garneke01,2010,16400000,bbref,0.28422876949740034
gasolma01,2010,3240000,bbref,0.056152512998266894
gasolpa01,2010,16452000,bbref,0.2851299826689775
gayru01,2010,3280997,bbref,0.056863032928942805
georgde01,2010,1600000,bbref,0.02772963604852686
gibsoda01,2010,4088500,bbref,0.0708578856152513
gibsota01,2010,1039800,bbref,0.018020797227036395
giddejr01,2010,1028880,bbref,0.017831542461005198
gildetr01,2010,26917,bbref,0.0004664991334488735
ginobma01,2010,10728130,bbref,0.18592946273830155
gomesry01,2010,3867500,bbref,0.06702772963604853
goodedr01,2010,4500000,bbref,0.0779896013864818
gordobe01,2010,10000000,bbref,0.1733102253032929
gordoer01,2010,2819880,bbref,0.048871403812824954
gortama01,2010,5854000,bbref,0.10145580589254766
grahajo01,2010,884881,bbref,0.015335892547660311
grahast01,2010,884881,bbref,0.015335892547660311
grangda01,2010,9930500,bbref,0.172105719237435
grayaa01,2010,1000497,bbref,0.01733963604852686
greenda02,2010,457588,bbref,0.00793046793760832
greendo01,2010,1044000,bbref,0.01809358752166378
greenje02,2010,3516960,bbref,0.0609525129982669
greenwi01,2010,3682000,bbref,0.06381282495667244
griffbl01,2010,4983480,bbref,0.08636880415944541
griffta01,2010,457588,bbref,0.00793046793760832
haddaha01,2010,1627779,bbref,0.02821107452339688
hairsma01,2010,736420,bbref,0.012762911611785095
haislma01,2010,825497,bbref,0.014306707105719237
hamilri01,2010,11625000,bbref,0.20147313691507798
hansbty01,2010,1859160,bbref,0.032221143847487005
hardeja01,2010,4054160,bbref,0.0702627383015598
harprma01,2010,6500000,bbref,0.11265164644714037
harrial01,2010,10026875,bbref,0.1737759965337955
harride01,2010,8400000,bbref,0.14558058925476602
harrimi01,2010,64978,bbref,0.0011261351819757367
hartja01,2010,451866,bbref,0.007831299826689776
hasleud01,2010,7100000,bbref,0.12305025996533796
hassetr01,2010,4350000,bbref,0.07538994800693241
hawessp01,2010,2332800,bbref,0.040429809358752164
hayesch01,2010,2111750,bbref,0.03659878682842288
hayesja01,2010,2062800,bbref,0.03575043327556326
haywobr01,2010,6000000,bbref,0.10398613518197573
headlu01,2010,884881,bbref,0.015335892547660311
hendege02,2010,1957080,bbref,0.03391819757365685
hibbero01,2010,1575360,bbref,0.02730259965337955
hicksjj01,2010,1429200,bbref,0.024769497400346622
hilarne01,2010,10520000,bbref,0.18232235701906413
hillge01,2010,1081680,bbref,0.018746620450606585
hillgr01,2010,3000000,bbref,0.05199306759098787
hilljo01,2010,2483280,bbref,0.04303778162911612
hinriki01,2010,9500000,bbref,0.16464471403812825
holidjr01,2010,1514280,bbref,0.026244020797227038
holliry01,2010,2183333,bbref,0.03783939341421144
horfoal01,2010,4307640,bbref,0.07465580589254767
houseed01,2010,2862000,bbref,0.04960138648180243
howardw01,2010,15202590,bbref,0.26347642980935876
howarjo01,2010,10890000,bbref,0.18873483535528596
howarju01,2010,1306455,bbref,0.02264220103986135
hudsole01,2010,199185,bbref,0.0034520797227036394
hughela01,2010,13655268,bbref,0.23665975736568456
humphkr01,2010,3200000,bbref,0.05545927209705372
huntech01,2010,632455,bbref,0.010961091854419411
hunteli01,2010,1306455,bbref,0.02264220103986135
hunteot01,2010,307564,bbref,0.005330398613518197
huntest01,2010,3696000,bbref,0.06405545927209705
ibakase01,2010,1120200,bbref,0.01941421143847487
iguodan01,2010,12200000,bbref,0.21143847487001732
ilgauzy01,2010,11541074,bbref,0.20001861351819758
ilyaser01,2010,2100000,bbref,0.036395147313691506
iversal01,2010,1029794,bbref,0.01784738301559792
iveyro01,2010,1050000,bbref,0.018197573656845753
jackja01,2010,4500000,bbref,0.0779896013864818
jacksce01,2010,53834,bbref,0.000932998266897747
jacksda01,2010,736420,bbref,0.012762911611785095
jacksst02,2010,7650000,bbref,0.13258232235701906
jamesje01,2010,6600000,bbref,0.11438474870017332
jamesle01,2010,15779912,bbref,0.27348201039861353
jamesmi01,2010,6466600,bbref,0.11207279029462738
jamisan01,2010,11641095,bbref,0.20175207972270365
jaricma01,2010,7100000,bbref,0.12305025996533796
jawaina01,2010,736420,bbref,0.012762911611785095
jeffeal01,2010,12000000,bbref,0.20797227036395147
jefferi01,2010,14200000,bbref,0.24610051993067592
jeffrja01,2010,6466600,bbref,0.11207279029462738
jennibr01,2010,2168520,bbref,0.03758266897746967
jerebjo01,2010,457588,bbref,0.00793046793760832
jianlyi01,2010,3194400,bbref,0.055362218370883884
johnsam01,2010,3666666,bbref,0.06354707105719237
johnsan02,2010,2160000,bbref,0.03743500866551126
johnsja01,2010,1594080,bbref,0.027627036395147315
johnsjo02,2010,14976754,bbref,0.2595624610051993
johnsma02,2010,1000000,bbref,0.01733102253032929
jonesda02,2010,2500000,bbref,0.043327556325823226
jonesja02,2010,4320000,bbref,0.07487001733102253
jonesso01,2010,1620000,bbref,0.028076256499133447
jordade01,2010,736420,bbref,0.012762911611785095
kamanch01,2010,10400000,bbref,0.18024263431542462
kaponja01,2010,6212960,bbref,0.10767694974003467
karlco01,2010,311896,bbref,0.005405476603119584
kiddja01,2010,8000000,bbref,0.1386481802426343
kirilan01,2010,16452000,bbref,0.2851299826689775
korveky01,2010,5155115,bbref,0.08934341421143847
koufoko01,2010,1214040,bbref,0.02104055459272097
krstine01,2010,5400000,bbref,0.09358752166377816
landrca01,2010,3000000,bbref,0.05199306759098787
landrma01,2010,457588,bbref,0.00793046793760832
lawac01,2010,2216160,bbref,0.03840831889081456
lawsoty01,2010,1438690,bbref,0.024933968804159445
leeco01,2010,1264440,bbref,0.021914038128249567
leeda02,2010,7000000,bbref,0.12131715771230503
lewisra02,2010,18876000,bbref,0.3271403812824957
livinsh01,2010,296695,bbref,0.005142027729636048
lopezbr01,2010,2225880,bbref,0.03857677642980936
lopezro01,2010,1745520,bbref,0.03025164644714038
loveke01,2010,3401040,bbref,0.058943500866551125
lowryky01,2010,2034997,bbref,0.03526857885615251
madsema01,2010,2840000,bbref,0.04922010398613518
maggeco01,2010,8937931,bbref,0.1549034835355286
magloja01,2010,1229225,bbref,0.02130372616984402
mahinia01,2010,1079640,bbref,0.018711265164644716
mariosh01,2010,6635068,bbref,0.11499251299826689
marksse01,2010,1187686,bbref,0.020583812824956672
martica01,2010,86638,bbref,0.001501525129982669
martike01,2010,15363636,bbref,0.26626752166377815
martike02,2010,10180170,bbref,0.17643275563258232
masonde01,2010,76850,bbref,0.0013318890814558058
masonro01,2010,3780000,bbref,0.06551126516464471
matthwe02,2010,457588,bbref,0.00793046793760832
maxieja01,2010,5000000,bbref,0.08665511265164645
maynoer01,2010,1318920,bbref,0.022858232235701905
mayooj01,2010,4165560,bbref,0.07219341421143848
mayse01,2010,884881,bbref,0.015335892547660311
mbahalu01,2010,736420,bbref,0.012762911611785095
mbengdj01,2010,959111,bbref,0.016622374350086656
mcdyean01,2010,4500000,bbref,0.0779896013864818
mcgeeja01,2010,1496640,bbref,0.02593830155979203
mcgratr01,2010,23239562,bbref,0.4027653726169844
mcguido01,2010,825497,bbref,0.014306707105719237
mcrobjo01,2010,825497,bbref,0.014306707105719237
meeksjo01,2010,650000,bbref,0.011265164644714038
mensapo01,2010,242793,bbref,0.00420785095320624
milescj01,2010,3700000,bbref,0.06412478336221837
milesda01,2010,9000000,bbref,0.1559792027729636
milicda01,2010,7500000,bbref,0.12998266897746968
millean02,2010,6730800,bbref,0.11665164644714038
millebr01,2010,12250000,bbref,0.2123050259965338
millemi01,2010,9750000,bbref,0.16897746967071056
millspa01,2010,7692932,bbref,0.13332637781629117
millspa02,2010,457588,bbref,0.00793046793760832
mingya01,2010,16378325,bbref,0.28385311958405546
moblecu01,2010,9500000,bbref,0.16464471403812825
mohamna01,2010,6466600,bbref,0.11207279029462738
moonja01,2010,2750000,bbref,0.047660311958405546
mooremi01,2010,2000000,bbref,0.03466204506065858
morriad01,2010,5257229,bbref,0.09111315424610052
morrira01,2010,855189,bbref,0.014821299826689775
morroan01,2010,736420,bbref,0.012762911611785095
mulleby01,2010,1120200,bbref,0.01941421143847487
murphtr01,2010,11047619,bbref,0.19146653379549394
murraro01,2010,1990000,bbref,0.034488734835355285
najered01,2010,3100000,bbref,0.053726169844020795
nashst01,2010,13125000,bbref,0.22746967071057192
nelsoja01,2010,6138888,bbref,0.1063932062391681
nestera01,2010,1990000,bbref,0.034488734835355285
noahjo01,2010,2455680,bbref,0.04255944540727903
nocioan01,2010,7500000,bbref,0.12998266897746968
novakst01,2010,855189,bbref,0.014821299826689775
nowitdi01,2010,19795714,bbref,0.34307996533795493
obertfa01,2010,2100000,bbref,0.036395147313691506
obryapa01,2010,1620000,bbref,0.028076256499133447
odengr01,2010,5361240,bbref,0.0929157712305026
odomla01,2010,7500000,bbref,0.12998266897746968
okafoem01,2010,10538937,bbref,0.18265055459272098
okurme01,2010,9000000,bbref,0.1559792027729636
ollieke01,2010,1306455,bbref,0.02264220103986135
onealje01,2010,23016000,bbref,0.3988908145580589
onealsh01,2010,20000000,bbref,0.3466204506065858
outlatr01,2010,4000000,bbref,0.06932409012131716
pachuza01,2010,4750000,bbref,0.08232235701906412
pargoja01,2010,2000000,bbref,0.03466204506065858
parkean01,2010,2644230,bbref,0.045827209705372615
parketo01,2010,12600000,bbref,0.21837088388214904
paulch01,2010,13520500,bbref,0.23432409012131716
pavloal01,2010,1500000,bbref,0.025996533795493933
pecheol01,2010,1547640,bbref,0.02682218370883882
pendeje02,2010,457588,bbref,0.00793046793760832
perkike01,2010,4250000,bbref,0.07365684575389948
petermo01,2010,6212960,bbref,0.10767694974003467
petrojo01,2010,884881,bbref,0.015335892547660311
piercpa01,2010,19795712,bbref,0.34307993067590986
pietrmi01,2010,5300000,bbref,0.09185441941074524
poseyja01,2010,6031800,bbref,0.10453726169844021
powele01,2010,855189,bbref,0.014821299826689775
poweljo01,2010,959111,bbref,0.016622374350086656
priceaj01,2010,457588,bbref,0.00793046793760832
pricero01,2010,1250000,bbref,0.021663778162911613
princta01,2010,10324380,bbref,0.1789320623916811
przybjo01,2010,6857725,bbref,0.11885138648180242
quinnch01,2010,1055000,bbref,0.0182842287694974
radmavl01,2010,6466600,bbref,0.11207279029462738
randoan01,2010,1837560,bbref,0.03184679376083189
randosh01,2010,255054,bbref,0.004420346620450606
randoza01,2010,16000000,bbref,0.2772963604852686
ratlith01,2010,1306455,bbref,0.02264220103986135
reddmi01,2010,17040000,bbref,0.2953206239168111
redicjj01,2010,2839408,bbref,0.04920984402079723
richach01,2010,43319,bbref,0.0007507625649913345
richaja01,2010,13333333,bbref,0.23108029462738303
richaqu01,2010,9352400,bbref,0.16208665511265163
ridnolu01,2010,6500000,bbref,0.11265164644714037
robinna01,2010,4000000,bbref,0.06932409012131716
rodrise01,2010,1892035,bbref,0.032790901213171575
rondora01,2010,2094922,bbref,0.03630714038128249
rosede01,2010,5184480,bbref,0.0898523396880416
rossqu01,2010,1033342,bbref,0.01790887348353553
roybr01,2010,3910816,bbref,0.06777844020797227
rushbr01,2010,1934160,bbref,0.0335209705372617
rushka01,2010,534906,bbref,0.009270467937608318
salmojo01,2010,5456000,bbref,0.0945580589254766
scalabr01,2010,3413793,bbref,0.059164523396880414
scolalu01,2010,3375600,bbref,0.05850259965337955
sefolth01,2010,2759628,bbref,0.047827175043327556
sessira01,2010,3670667,bbref,0.06361641247833622
simmobo01,2010,10560000,bbref,0.1830155979202773
singlja01,2010,1030189,bbref,0.0178542287694974
skinnbr01,2010,1306455,bbref,0.02264220103986135
smithcr01,2010,2500000,bbref,0.043327556325823226
smithja02,2010,1418880,bbref,0.02459064124783362
smithjo02,2010,1306455,bbref,0.02264220103986135
smithjo03,2010,10800000,bbref,0.18717504332755633
smithjr01,2010,5508426,bbref,0.09546665511265165
songada01,2010,4526000,bbref,0.07844020797227036
speigma01,2010,1658280,bbref,0.028739688041594453
stackje01,2010,2000000,bbref,0.03466204506065858
stevede01,2010,3886928,bbref,0.06736443674176776
stojape01,2010,13392000,bbref,0.23209705372616984
stoudam01,2010,16378325,bbref,0.28385311958405546
stuckro01,2010,1805040,bbref,0.03128318890814558
summeda01,2010,457588,bbref,0.00793046793760832
tayloje02,2010,725000,bbref,0.012564991334488735
teaguje01,2010,1373880,bbref,0.023810745233968804
telfase01,2010,2500000,bbref,0.043327556325823226
templga01,2010,180344,github,0.0031255459272097053
terryja01,2010,9862500,bbref,0.17092720970537262
thabeha01,2010,4458840,bbref,0.07727625649913344
thomaet01,2010,7350000,bbref,0.12738301559792028
thomake01,2010,8775000,bbref,0.1520797227036395
thomaku01,2010,3800000,bbref,0.0658578856152513
thomati01,2010,6466600,bbref,0.11207279029462738
thomaty01,2010,4743598,bbref,0.08221140381282496
thompja02,2010,2035920,bbref,0.03528457538994801
thornal01,2010,1900200,bbref,0.032932409012131715
thornma01,2010,457888,bbref,0.007935667244367417
tinslja01,2010,5200000,bbref,0.09012131715771231
tollian01,2010,359546,bbref,0.006231299826689775
tuckeal02,2010,1071720,bbref,0.018574003466204508
turiaro01,2010,4140000,bbref,0.07175043327556326
turkohe01,2010,9000000,bbref,0.1559792027729636
udokaim01,2010,838034,bbref,0.014523986135181976
udrihbe01,2010,6031800,bbref,0.10453726169844021
ukicro01,2010,303232,bbref,0.005255320623916811
varejan01,2010,6300000,bbref,0.10918544194107452
villach01,2010,6500000,bbref,0.11265164644714037
vujacsa01,2010,5000000,bbref,0.08665511265164645
wadedw01,2010,15779912,bbref,0.27348201039861353
walkebi01,2010,736420,bbref,0.012762911611785095
wallabe01,2010,10000000,bbref,0.1733102253032929
wallage01,2010,9075000,bbref,0.1572790294627383
wallara01,2010,5854000,bbref,0.10145580589254766
waltolu01,2010,4840000,bbref,0.08388214904679377
warriha01,2010,3000000,bbref,0.05199306759098787
watsocj01,2010,1000497,bbref,0.01733963604852686
watsoea01,2010,6600000,bbref,0.11438474870017332
weaveky01,2010,870968,bbref,0.01509476603119584
webstma02,2010,4344000,bbref,0.07528596187175043
weemsso01,2010,736420,bbref,0.012762911611785095
westbru01,2010,3755640,bbref,0.06508908145580589
westda01,2010,9075000,bbref,0.1572790294627383
westde01,2010,4254250,bbref,0.07373050259965339
westma02,2010,446740,bbref,0.007742461005199307
whitedj01,2010,1036440,bbref,0.017962564991334487
wilcoch01,2010,3000000,bbref,0.05199306759098787
wilkida02,2010,3300000,bbref,0.05719237435008666
wilksmi01,2010,175908,bbref,0.0030486655112651646
willide01,2010,12323900,bbref,0.21358578856152513
willija02,2010,1306455,bbref,0.02264220103986135
willija04,2010,736420,bbref,0.012762911611785095
willilo02,2010,4972500,bbref,0.0861785095320624
willima01,2010,8860000,bbref,0.1535528596187175
willima02,2010,7500000,bbref,0.12998266897746968
willima03,2010,855189,bbref,0.014821299826689775
willise01,2010,1629120,bbref,0.02823431542461005
willish02,2010,825497,bbref,0.014306707105719237
willish03,2010,2416067,bbref,0.041872911611785094
willite01,2010,2060040,bbref,0.035702599653379546
wrighan01,2010,2110550,bbref,0.03657798960138648
wrighbr03,2010,2671440,bbref,0.04629878682842288
wrighdo01,2010,2750000,bbref,0.047660311958405546
wrighju01,2010,2000040,bbref,0.03466273830155979
youngni01,2010,1714800,bbref,0.029719237435008667
youngsa01,2010,824200,bbref,0.014284228769497401
youngth01,2010,2105400,bbref,0.03648873483535529
adrieje01,2011,342666,bbref,0.005903555923092826
afflaar01,2011,1959577,bbref,0.03376019915925849
agerma01,2011,83305,bbref,0.001435204327751361
ajincal01,2011,1467840,bbref,0.025288401902005375
alabiso01,2011,770000,bbref,0.01326579835986493
aldrico01,2011,2126520,bbref,0.036636344841844116
aldrila01,2011,11244000,bbref,0.1937151126731445
alexajo01,2011,90465,bbref,0.0015585590241885467
allenma01,2011,1229255,bbref,0.021177985666046447
allenra02,2011,10000000,bbref,0.17228309558266142
allento01,2011,3000000,bbref,0.05168492867479843
aminual01,2011,2563320,bbref,0.04416167045689477
amundlo01,2011,2225000,bbref,0.03833298876714217
anderch01,2011,4533300,bbref,0.0781010957204879
anderda03,2011,2500000,bbref,0.043070773895665354
anderja01,2011,1361400,bbref,0.023454620632623525
anderry01,2011,1409040,bbref,0.024275377299979327
anthoca01,2011,17149243,bbref,0.29545246709392875
anthojo01,2011,3300000,bbref,0.05685342154227827
arenagi01,2011,17730694,bbref,0.30546988491489213
arizatr01,2011,6322320,bbref,0.1089228860864172
armsthi01,2011,992680,bbref,0.017102198332299635
arroyca01,2011,1223166,bbref,0.021073082489146164
artesro01,2011,6322320,bbref,0.1089228860864172
arthuda01,2011,1123680,bbref,0.0193591068844325
asikom01,2011,1721000,bbref,0.029649920749776033
augusdj01,2011,2540400,bbref,0.04376679760181931
azubuke01,2011,3300000,bbref,0.05685342154227827
babbilu01,2011,1645440,bbref,0.02834814967955344
balkmre01,2011,1675000,bbref,0.028857418510095788
banksma01,2011,4847586,bbref,0.08351571221831713
barbole01,2011,7100000,bbref,0.12232099786368962
bareajo01,2011,1815000,bbref,0.03126938184825305
bargnan01,2011,8500000,bbref,0.14644063124526221
barnema02,2011,1765000,bbref,0.030407966370339743
barroea01,2011,188558,bbref,0.0032485355936875474
bassbr01,2011,4000000,bbref,0.06891323823306457
battish01,2011,7354500,bbref,0.12670560264626834
battito01,2011,1352181,bbref,0.02329579284680587
batumni01,2011,1196760,bbref,0.02061815174695059
bayleje01,2011,2292600,bbref,0.03949762249328096
beaslmi01,2011,4962240,bbref,0.08549100682241058
beaubro01,2011,1156080,bbref,0.01991730411412032
belinma01,2011,2380270,bbref,0.041008028392254155
bellch01,2011,4447792,bbref,0.07662793742677969
bellra01,2011,3000000,bbref,0.05168492867479843
bibbymi01,2011,5564767,bbref,0.09587152849562401
biedran01,2011,9000000,bbref,0.1550547860243953
billuch01,2011,13150000,bbref,0.2265522706911998
blairde01,2011,918000,bbref,0.015815588174488318
blakest01,2011,4000000,bbref,0.06891323823306457
blatcan01,2011,5900000,bbref,0.10164702639377024
bledser01,2011,1485000,bbref,0.025584039694025222
boganke01,2011,1600000,bbref,0.02756529529322583
bogutan01,2011,11000000,bbref,0.18951140514092757
bonnema01,2011,3000000,bbref,0.05168492867479843
booketr01,2011,1204560,bbref,0.020752532561505065
boozeca01,2011,14400000,bbref,0.24808765763903246
boshch01,2011,14500000,bbref,0.24981048859485908
boykiea01,2011,1352181,bbref,0.02329579284680587
brackcr01,2011,1306920,bbref,0.022516022327889188
bradlav01,2011,1418160,bbref,0.024432499483150714
brandel01,2011,15959099,bbref,0.27494829784301567
breweco01,2011,3703472,bbref,0.06380456205637103
brewero02,2011,4790000,bbref,0.08252360278409482
brockjo01,2011,1000000,bbref,0.017228309558266142
brookaa01,2011,2016692,bbref,0.034744194059678865
brownde04,2011,762195,bbref,0.013131331403762663
brownkw01,2011,1229255,bbref,0.021177985666046447
brownsh01,2011,2200000,bbref,0.03790228102818551
bryanko01,2011,24806250,bbref,0.42736975397973953
budinch01,2011,780871,bbref,0.013453087313072841
butleca01,2011,10561960,bbref,0.18196471642202466
butlera01,2011,2400000,bbref,0.04134794293983874
bynuman01,2011,13700000,bbref,0.23602784094824616
bynumwi01,2011,3250000,bbref,0.05599200606436496
caldejo01,2011,9000000,bbref,0.1550547860243953
cambyma01,2011,11749832,bbref,0.2024297429536214
caracde01,2011,473604,bbref,0.00815939632003308
cardibr01,2011,1352181,bbref,0.02329579284680587
carnero01,2011,377116,bbref,0.006497071187375095
carrode01,2011,1085400,bbref,0.01869960719454207
carroma01,2011,4300000,bbref,0.07408173110054442
cartean01,2011,1352181,bbref,0.02329579284680587
cartevi01,2011,17300000,bbref,0.29804975535800426
casspom01,2011,1254480,bbref,0.02161256977465371
chalmma01,2011,854389,bbref,0.014719678175177452
chandty01,2011,12600000,bbref,0.2170767004341534
chandwi01,2011,2130482,bbref,0.03670460340431397
childjo01,2011,6500000,bbref,0.11198401212872992
clarkea01,2011,1898760,bbref,0.03271242505685342
collida01,2011,1361040,bbref,0.02344841844118255
collija03,2011,643551,bbref,0.011087295844531735
collija04,2011,1352181,bbref,0.02329579284680587
collini01,2011,13250000,bbref,0.22827510164702638
collish01,2011,473604,bbref,0.00815939632003308
conlemi01,2011,4913007,bbref,0.08464280545792847
cookbr01,2011,1146337,bbref,0.019749448694094136
cookda02,2011,2169857,bbref,0.037382968093170696
couside01,2011,3374640,bbref,0.05813934256770726
crawfja01,2011,10800000,bbref,0.18606574322927436
crawfjo02,2011,1042320,bbref,0.017957411618771967
cunnida01,2011,762195,bbref,0.013131331403762663
curryed01,2011,11530592,bbref,0.19865260836606713
curryst01,2011,2913840,bbref,0.05020053752325822
dalemsa01,2011,13428129,bbref,0.2313439632003308
dampier01,2011,1129469,bbref,0.019458841568465304
daniema01,2011,2470000,bbref,0.042553924608917375
davisba01,2011,13000000,bbref,0.22396802425745985
davised01,2011,1919160,bbref,0.03306388257184205
davisgl01,2011,3300000,bbref,0.05685342154227827
dayeau01,2011,1803720,bbref,0.031075046516435806
delfica01,2011,3500000,bbref,0.0602990834539315
denglu01,2011,11345000,bbref,0.1954551719385294
derozde01,2011,2453880,bbref,0.04227620425883812
diawbo01,2011,9000000,bbref,0.1550547860243953
dioguik01,2011,608772,bbref,0.010488112466404796
diopde01,2011,6478600,bbref,0.11161532630418303
doolike01,2011,2000000,bbref,0.034456619116532285
dorsejo01,2011,854389,bbref,0.014719678175177452
douglch01,2011,854389,bbref,0.014719678175177452
douglto01,2011,1071000,bbref,0.01845151953690304
dowdeza01,2011,242374,bbref,0.004175694300875198
dragigo01,2011,1972000,bbref,0.033974226448900836
dudleja01,2011,2151068,bbref,0.037059265384880434
duhonch01,2011,3500000,bbref,0.0602990834539315
duncati01,2011,18700000,bbref,0.32216938873957685
dunlemi02,2011,10561984,bbref,0.18196512990145408
duprero01,2011,58393,bbref,0.0010060126800358349
duranke01,2011,6053663,bbref,0.1042943801254221
ebankde01,2011,473604,bbref,0.00815939632003308
ellinwa01,2011,1078800,bbref,0.018585900351457515
ellismo01,2011,11000000,bbref,0.18951140514092757
elsonfr01,2011,1146337,bbref,0.019749448694094136
elyme01,2011,1223166,bbref,0.021073082489146164
erdense01,2011,473604,bbref,0.00815939632003308
evansje01,2011,473604,bbref,0.00815939632003308
evansma01,2011,2500000,bbref,0.043070773895665354
evansre01,2011,5080000,bbref,0.087519812555992
evansty01,2011,3880920,bbref,0.06686169113086624
eyengch01,2011,1020960,bbref,0.0175894149266074
farmajo01,2011,3750000,bbref,0.06460616084349803
favorde01,2011,4133280,bbref,0.07120942733099028
feltora01,2011,7500000,bbref,0.12921232168699606
fernaru01,2011,1246680,bbref,0.021478188960099235
fesenky01,2011,1087500,bbref,0.018735786644614432
fieldla01,2011,473604,bbref,0.00815939632003308
fishede01,2011,3700000,bbref,0.06374474536558473
flynnjo01,2011,3192000,bbref,0.05499276410998553
forbega01,2011,473604,bbref,0.00815939632003308
fordtj01,2011,8500000,bbref,0.14644063124526221
fosteje01,2011,6655000,bbref,0.11465440011026118
foyera01,2011,4250000,bbref,0.07322031562263111
fryech01,2011,5200000,bbref,0.08958720970298395
gadzuda01,2011,7248325,bbref,0.12487638687891944
gainesu01,2011,237626,bbref,0.00409389428709255
gallida01,2011,3304560,bbref,0.05693198263386397
garcifr01,2011,5500000,bbref,0.09475570257046378
garneke01,2011,18800000,bbref,0.3238922196954035
gasolma01,2011,3480000,bbref,0.059954517262766176
gasolpa01,2011,17823000,bbref,0.3070601612569775
gayru01,2011,13603750,bbref,0.23436961615326304
geeal01,2011,479735,bbref,0.008265023085934808
georgpa01,2011,2238360,bbref,0.0385631589828406
gibsoda01,2011,4015334,bbref,0.06917741713183102
gibsota01,2011,1117680,bbref,0.019255737027082904
ginobma01,2011,11854584,bbref,0.20423444283646888
gomesry01,2011,4000000,bbref,0.06891323823306457
goodedr01,2011,5760000,bbref,0.09923506305561298
gordobe01,2011,10800000,bbref,0.18606574322927436
gordoer01,2011,3016680,bbref,0.05197229687823031
gortama01,2011,6322320,bbref,0.1089228860864172
grahajo01,2011,992680,bbref,0.017102198332299635
grahast01,2011,992680,bbref,0.017102198332299635
grangda01,2011,10973202,bbref,0.18904972090138517
grayaa01,2011,1028840,bbref,0.017725174005926537
greenda02,2011,94154,bbref,0.0016221142581489905
greendo01,2011,1116840,bbref,0.019241265247053958
greenje02,2011,4455988,bbref,0.07676914065191924
greenor01,2011,52066,bbref,0.000897009165460685
greenwi01,2011,3976000,bbref,0.06849975880366618
griffbl01,2011,5357280,bbref,0.09229687823030804
haddaha01,2011,1600000,bbref,0.02756529529322583
hamilri01,2011,12500000,bbref,0.2153538694783268
hansbty01,2011,1998600,bbref,0.03443249948315071
haranlu01,2011,473604,bbref,0.00815939632003308
hardeja01,2011,4304520,bbref,0.07415960305974778
harrial01,2011,5765000,bbref,0.09932120460340431
harride01,2011,8981000,bbref,0.15472744814278824
harrima01,2011,473604,bbref,0.00815939632003308
hasleud01,2011,3500000,bbref,0.0602990834539315
hawessp01,2011,2974320,bbref,0.05124250568534215
hayesch01,2011,1972500,bbref,0.03398284060367997
haywago01,2011,2356320,bbref,0.040595410378333675
haywala01,2011,1020960,bbref,0.0175894149266074
haywobr01,2011,6900000,bbref,0.11887533595203639
headlu01,2011,992680,bbref,0.017102198332299635
hendege02,2011,2103840,bbref,0.036245606781062645
henryxa01,2011,2020200,bbref,0.034804630969609264
hibbero01,2011,1685280,bbref,0.029034525532354766
hicksjj01,2011,1528920,bbref,0.02634070704982427
hilarne01,2011,11360000,bbref,0.19571359658190338
hillge01,2011,1157160,bbref,0.01993591068844325
hillgr01,2011,3324000,bbref,0.05726690097167666
hilljo01,2011,2669520,bbref,0.045991316931982634
hinriki01,2011,9000000,bbref,0.1550547860243953
hobsoda01,2011,103078,bbref,0.0017758596926469574
holidjr01,2011,1627920,bbref,0.02804630969609262
holliry01,2011,2333333,bbref,0.04019938322651782
horfoal01,2011,5444857,bbref,0.09380568189649231
houseed01,2011,1352181,bbref,0.02329579284680587
howardw01,2011,16647180,bbref,0.286802770312177
howarjo01,2011,3000000,bbref,0.05168492867479843
howarju01,2011,1352181,bbref,0.02329579284680587
hudsole01,2011,192791,bbref,0.003321463028047688
humphkr01,2011,3200000,bbref,0.05513059058645166
ibakase01,2011,1204200,bbref,0.02074633037006409
iguodan01,2011,12345250,bbref,0.2126877885741851
ilgauzy01,2011,1352181,bbref,0.02329579284680587
ilyaser01,2011,2320500,bbref,0.03997829232995658
iveyro01,2011,1200000,bbref,0.02067397146991937
jackja01,2011,4600000,bbref,0.07925022396802425
jacksda01,2011,854389,bbref,0.014719678175177452
jacksst02,2011,8453250,bbref,0.14563520777341327
jamesda01,2011,1156320,bbref,0.019921438908414305
jamesle01,2011,14500000,bbref,0.24981048859485908
jamisan01,2011,13358905,bbref,0.23015135069946938
jaricma01,2011,7625000,bbref,0.13136586038177933
jeffeal01,2011,13000000,bbref,0.22396802425745985
jefferi01,2011,8400000,bbref,0.1447178002894356
jeffrja01,2011,6883800,bbref,0.11859623733719248
jennibr01,2011,2331120,bbref,0.04016125697746537
jerebjo01,2011,762195,bbref,0.013131331403762663
jetereu01,2011,473604,bbref,0.00815939632003308
jianlyi01,2011,4050499,bbref,0.06978325063744745
johnsam01,2011,5000000,bbref,0.08614154779133071
johnsar02,2011,473604,bbref,0.00815939632003308
johnsch03,2011,136509,bbref,0.0023518193094893528
johnsja01,2011,1713600,bbref,0.029522431259044864
johnsjo02,2011,16324500,bbref,0.28124353938391566
johnstr01,2011,89670,bbref,0.0015448625180897251
johnswe01,2011,3726600,bbref,0.06420301839983461
jonesda02,2011,2500000,bbref,0.043070773895665354
jonesdo02,2011,1110120,bbref,0.019125491006822412
jonesja02,2011,1069509,bbref,0.018425832127351664
jonesso01,2011,1500000,bbref,0.025842464337399215
jordade01,2011,854389,bbref,0.014719678175177452
kamanch01,2011,11800000,bbref,0.20329405278754048
kaponja01,2011,6641440,bbref,0.11442078423265109
kiddja01,2011,8610500,bbref,0.14834435945145064
kirilan01,2011,17823000,bbref,0.3070601612569775
kleizli01,2011,4995000,bbref,0.08605540624353938
korveky01,2011,5000000,bbref,0.08614154779133071
koufoko01,2011,1352640,bbref,0.023303700640893116
krstine01,2011,5543116,bbref,0.09549851836537798
landrca01,2011,3000000,bbref,0.05168492867479843
lawac01,2011,656030,bbref,0.011302287919509338
lawalga01,2011,473640,bbref,0.008160016539177176
lawsoty01,2011,1546560,bbref,0.026644614430432086
leeco01,2011,1409040,bbref,0.024275377299979327
leeda02,2011,10800000,bbref,0.18606574322927436
lewisra02,2011,19573711,bbref,0.33722195231203916
linje01,2011,473604,bbref,0.00815939632003308
livinsh01,2011,3500000,bbref,0.0602990834539315
lopezbr01,2011,2413320,bbref,0.04157742402315485
lopezro01,2011,1867320,bbref,0.03217076700434154
loveke01,2011,3638280,bbref,0.06268141409964854
lowryky01,2011,5750000,bbref,0.09906277996003032
lucasjo02,2011,208264,bbref,0.00358803666184274
maggeco01,2011,9600000,bbref,0.16539177175935496
magloja01,2011,1229255,bbref,0.021177985666046447
mahinia01,2011,762196,bbref,0.01313134863207222
mariosh01,2011,7305500,bbref,0.1258614154779133
marksse01,2011,1264687,bbref,0.021788419130314932
martica01,2011,854389,bbref,0.014719678175177452
martike01,2011,16545454,bbref,0.2850502032940528
martike02,2011,11100005,bbref,0.19123432223830197
masonro01,2011,1400000,bbref,0.0241196333815726
matthwe02,2011,5765000,bbref,0.09932120460340431
maxieja01,2011,5000000,bbref,0.08614154779133071
maynoer01,2011,1417800,bbref,0.024426297291709736
mayooj01,2011,4456200,bbref,0.07677279305354559
mbahalu01,2011,854389,bbref,0.014719678175177452
mbengdj01,2011,1069509,bbref,0.018425832127351664
mcdyean01,2011,4860000,bbref,0.08372958445317345
mcgeeja01,2011,1601040,bbref,0.027583212735166427
mcgratr01,2011,1352181,bbref,0.02329579284680587
mcguido01,2011,884120,bbref,0.015231893046654262
mcrobjo01,2011,885120,bbref,0.015249121356212529
meeksjo01,2011,762195,bbref,0.013131331403762663
mensapo01,2011,364461,bbref,0.006279046929915237
milescj01,2011,3700000,bbref,0.06374474536558473
milicda01,2011,4325000,bbref,0.07451243883950107
millean02,2011,7269264,bbref,0.12523713045275997
millebr01,2011,4400000,bbref,0.07580456205637102
millemi01,2011,5000000,bbref,0.08614154779133071
millspa01,2011,7600000,bbref,0.13093515264282268
millspa02,2011,937195,bbref,0.016146285576459238
mingya01,2011,17686100,bbref,0.30470160567845084
mohamna01,2011,6883800,bbref,0.11859623733719248
monrogr01,2011,2798040,bbref,0.048205499276411
moonja01,2011,3000000,bbref,0.05168492867479843
morroan01,2011,4000000,bbref,0.06891323823306457
mozgoti01,2011,3567096,bbref,0.06145503411205293
mulleby01,2011,1204200,bbref,0.02074633037006409
murphtr01,2011,11968253,bbref,0.20619276755564744
najered01,2011,3000000,bbref,0.05168492867479843
nashst01,2011,10310938,bbref,0.17764003170008957
ndiayha01,2011,473604,bbref,0.00815939632003308
nealga01,2011,525000,bbref,0.009044862518089725
nelsoja01,2011,7800000,bbref,0.13438081455447592
noahjo01,2011,3128536,bbref,0.05389938667217973
nocioan01,2011,6850000,bbref,0.11801392047412308
novakst01,2011,384766,bbref,0.006628867755495831
nowitdi01,2011,17278618,bbref,0.29768137964302943
obertfa01,2011,992680,bbref,0.017102198332299635
odengr01,2011,6760524,bbref,0.11647240024808765
odomla01,2011,8200000,bbref,0.14127213837778238
okafoem01,2011,11495000,bbref,0.19803941837226932
okurme01,2011,9945000,bbref,0.1713355385569568
onealje01,2011,5765000,bbref,0.09932120460340431
onealsh01,2011,1352181,bbref,0.02329579284680587
ortonda01,2011,1028400,bbref,0.0177175935497209
outlatr01,2011,7000000,bbref,0.120598166907863
owensla01,2011,55718,bbref,0.000959926951967473
pachuza01,2011,4251250,bbref,0.07324185100957895
parkean01,2011,2855700,bbref,0.04919888360554062
parketo01,2011,13500000,bbref,0.23258217903659292
pattepa01,2011,1823280,bbref,0.031412032251395494
paulch01,2011,14940153,bbref,0.2573935807318586
pavloal01,2011,134863,bbref,0.002323461511956447
pekovni01,2011,4000000,bbref,0.06891323823306457
perkike01,2011,4640208,bbref,0.07994293983874302
petermo01,2011,6665000,bbref,0.11482668320584384
petrojo01,2011,3250000,bbref,0.05599200606436496
piercpa01,2011,13876321,bbref,0.2390655537178692
pietrmi01,2011,5300000,bbref,0.09131004065881056
pittmde01,2011,473604,bbref,0.00815939632003308
pondequ01,2011,1073280,bbref,0.018490800082695887
poseyja01,2011,7148800,bbref,0.123161739370133
powele01,2011,915852,bbref,0.015778581765557163
poweljo01,2011,1069609,bbref,0.01842755495830749
priceaj01,2011,762195,bbref,0.013131331403762663
pricero01,2011,1380000,bbref,0.023775067190407277
princta01,2011,11148760,bbref,0.19207428847081523
przybjo01,2011,7405300,bbref,0.12758080077182826
quinnch01,2011,861978,bbref,0.014850423816415133
radmavl01,2011,6883800,bbref,0.11859623733719248
randoan01,2011,1965720,bbref,0.03386603266487492
randoza01,2011,17666666,bbref,0.3043667907104955
ratlith01,2011,1352181,bbref,0.02329579284680587
rautian01,2011,600000,bbref,0.010336985734959685
reddmi01,2011,18300000,bbref,0.3152780649162704
redicjj01,2011,7250000,bbref,0.12490524429742954
richaja01,2011,14444444,bbref,0.24885335262904004
richaqu01,2011,2265000,bbref,0.039022121149472816
ridnolu01,2011,4000000,bbref,0.06891323823306457
robinna01,2011,4200000,bbref,0.0723589001447178
rondora01,2011,9090911,bbref,0.15662102887464682
rosede01,2011,5546160,bbref,0.09555096133967335
rossqu01,2011,1146337,bbref,0.019749448694094136
roybr01,2011,13520500,bbref,0.2329353593825374
rushbr01,2011,2069049,bbref,0.03564621666322101
salmojo01,2011,8000000,bbref,0.13782647646612914
samuesa01,2011,500000,bbref,0.008614154779133071
sandela01,2011,1731960,bbref,0.029838743022534628
scalabr01,2011,1229255,bbref,0.021177985666046447
scolalu01,2011,7775378,bbref,0.13395661911653228
sefolth01,2011,3250000,bbref,0.05599200606436496
serapke01,2011,1563120,bbref,0.026929915236716975
sessira01,2011,3964320,bbref,0.06829853214802564
shakumu01,2011,89670,bbref,0.0015448625180897251
silerga01,2011,473640,bbref,0.008160016539177176
simmobo01,2011,71951,bbref,0.0012395941010268073
skinnbr01,2011,270436,bbref,0.0046591551236992625
smithcr01,2011,2300000,bbref,0.039625111984012126
smithis01,2011,473604,bbref,0.00815939632003308
smithja02,2011,2187913,bbref,0.03769404245055475
smithjo02,2011,1352181,bbref,0.02329579284680587
smithjo03,2011,11600000,bbref,0.19984839087588727
smithjr01,2011,6757851,bbref,0.11642634897663841
songada01,2011,4818000,bbref,0.08300599545172628
speigma01,2011,1773960,bbref,0.030562332023981807
splitti01,2011,3400000,bbref,0.058576252498104886
stackje01,2011,222712,bbref,0.0038369512783405692
stephla01,2011,750000,bbref,0.012921232168699608
stevede01,2011,4151786,bbref,0.07152825442767556
stojape01,2011,14896000,bbref,0.2566328991799325
stoudam01,2011,16486611,bbref,0.2840364378747157
stuckro01,2011,2767126,bbref,0.04767290331472676
summeda01,2011,762195,bbref,0.013131331403762663
sypa01,2011,473604,bbref,0.00815939632003308
tayloje02,2011,780871,bbref,0.013453087313072841
teaguje01,2011,1476840,bbref,0.025443456688029772
telfase01,2011,2700000,bbref,0.04651643580731859
templga01,2011,98637,bbref,0.0016993487698986976
terryja01,2011,10650000,bbref,0.1834814967955344
thabeha01,2011,4793280,bbref,0.08258011163944594
thomaet01,2011,1223166,bbref,0.021073082489146164
thomaku01,2011,1352181,bbref,0.02329579284680587
thomaty01,2011,6611570,bbref,0.11390617462614568
thompja02,2011,2178000,bbref,0.03752325821790366
thornal01,2011,2814196,bbref,0.04848383984563435
thornma01,2011,762195,bbref,0.013131331403762663
tinslja01,2011,5500000,bbref,0.09475570257046378
tollian01,2011,2200000,bbref,0.03790228102818551
turiaro01,2011,4000000,bbref,0.06891323823306457
turkohe01,2011,10215850,bbref,0.17600182620081317
turneev01,2011,4602720,bbref,0.07929708497002275
udohek01,2011,3065040,bbref,0.05280545792846806
udokaim01,2011,264232,bbref,0.0045522706911997795
udrihbe01,2011,6478600,bbref,0.11161532630418303
uzohbe01,2011,473604,bbref,0.00815939632003308
varejan01,2011,7281818,bbref,0.12545341465095444
vasqugr01,2011,1035960,bbref,0.017847839569981393
villach01,2011,7020000,bbref,0.12094273309902832
vujacsa01,2011,5475113,bbref,0.09432694163048722
wadedw01,2011,14200000,bbref,0.24464199572737924
wafervo01,2011,915852,bbref,0.015778581765557163
walkebi01,2011,854389,bbref,0.014719678175177452
wallabe01,2011,2080000,bbref,0.035834883881193574
wallage01,2011,10500000,bbref,0.1808972503617945
wallara01,2011,6322320,bbref,0.1089228860864172
walljo01,2011,5144280,bbref,0.08862724829439736
waltolu01,2011,5260000,bbref,0.09062090827647991
warrewi01,2011,500000,bbref,0.008614154779133071
warriha01,2011,4250000,bbref,0.07322031562263111
watsocj01,2011,3100000,bbref,0.053407759630625044
watsoea01,2011,1229255,bbref,0.021177985666046447
webstma02,2011,4800000,bbref,0.08269588587967748
weemsso01,2011,854389,bbref,0.014719678175177452
westbru01,2011,4017720,bbref,0.06921852387843705
westda01,2011,8287500,bbref,0.14277961546413065
westde01,2011,1069509,bbref,0.018425832127351664
whitedj01,2011,1108680,bbref,0.019100682241058507
whiteha01,2011,730437,bbref,0.012584194748811247
wilcoch01,2011,3000000,bbref,0.05168492867479843
wilkida02,2011,748656,bbref,0.012898077320653298
willide01,2011,14940152,bbref,0.257393563503549
williel01,2011,1254720,bbref,0.021616704568947695
willija02,2011,1352181,bbref,0.02329579284680587
willija04,2011,321652,bbref,0.005541520226035422
willilo02,2011,5000000,bbref,0.08614154779133071
willima01,2011,9300000,bbref,0.16022327889187513
willima02,2011,6712500,bbref,0.11564502790986149
willire02,2011,762195,bbref,0.013131331403762663
willish02,2011,915852,bbref,0.015778581765557163
willish03,2011,885210,bbref,0.015250671904072772
willite01,2011,2214480,bbref,0.038151746950589205
wrighan01,2011,992680,bbref,0.017102198332299635
wrighbr03,2011,3398072,bbref,0.05854303631727655
wrighdo01,2011,3500000,bbref,0.0602990834539315
wrighju01,2011,2858057,bbref,0.049239490731169455
youngni01,2011,2630503,bbref,0.04531911997794776
youngsa01,2011,886000,bbref,0.015264282268623803
youngth01,2011,2901241,bbref,0.04998347805113362
adrieje01,2012,270427,bbref,0.004659000068913238
afflaar01,2012,7562500,bbref,0.1302890910343877
alabiso01,2012,830000,bbref,0.014299496933360899
aldrico01,2012,2286000,bbref,0.0393839156501964
aldrila01,2012,12372000,bbref,0.21314864585486873
allenla01,2012,473604,bbref,0.00815939632003308
allenra02,2012,10000000,bbref,0.17228309558266142
allento01,2012,3150000,bbref,0.05426917510853835
aminual01,2012,2755560,bbref,0.04747364068637585
amundlo01,2012,2403000,bbref,0.04139962786851354
anderch01,2012,4234000,bbref,0.07294466266969885
anderja01,2012,1463520,bbref,0.025213975604713664
anderry01,2012,2244601,bbref,0.038670680862793745
anthoca01,2012,18518574,bbref,0.31904372544965887
anthojo01,2012,3600000,bbref,0.062021914409758114
arenagi01,2012,19269307,bbref,0.3319775859692647
arizatr01,2012,6790640,bbref,0.1169912480187444
artesro01,2012,6790640,bbref,0.1169912480187444
arthuda01,2012,2027119,bbref,0.034923833643442904
asikom01,2012,1857500,bbref,0.03200158500447936
augusdj01,2012,3236470,bbref,0.055758907036041624
ayongu01,2012,1567500,bbref,0.027005375232582177
babbilu01,2012,1768800,bbref,0.030473433946661153
balkmre01,2012,1675000,bbref,0.028857418510095788
barbole01,2012,7600000,bbref,0.13093515264282268
bareajo01,2012,4300000,bbref,0.07408173110054442
bargnan01,2012,9250000,bbref,0.15936186341396183
barnema02,2012,1906200,bbref,0.03284060367996692
barroea01,2012,185588,bbref,0.003197367514299497
bassbr01,2012,4250000,bbref,0.07322031562263111
battish01,2012,3000000,bbref,0.05168492867479843
battito01,2012,1352181,bbref,0.02329579284680587
batumni01,2012,2155365,bbref,0.0371332954310523
bayleje01,2012,3042280,bbref,0.05241334160292192
beaslmi01,2012,6262347,bbref,0.1078896526772793
beaubro01,2012,1236720,bbref,0.021306594996898905
belinma01,2012,3377604,bbref,0.058190407277237954
bellch01,2012,4099920,bbref,0.07063469092412653
bellra01,2012,3240000,bbref,0.05581972296878231
bibbymi01,2012,1352181,bbref,0.02329579284680587
biedran01,2012,9000000,bbref,0.1550547860243953
billuch01,2012,12199968,bbref,0.2101848253049411
biyombi01,2012,2798040,bbref,0.048205499276411
blairde01,2012,986000,bbref,0.016987113224450418
blakest01,2012,4000000,bbref,0.06891323823306457
blatcan01,2012,6442083,bbref,0.11098620012404382
bledser01,2012,1596360,bbref,0.02750258424643374
boganke01,2012,848266,bbref,0.014614189235752188
bogutan01,2012,12000000,bbref,0.20673971469919372
bonnema01,2012,3315000,bbref,0.057111846185652265
booketr01,2012,1294920,bbref,0.022309282613189995
boozeca01,2012,13500000,bbref,0.23258217903659292
boshch01,2012,16022500,bbref,0.2760405898973193
brackcr01,2012,1404960,bbref,0.0242050857969816
bradlav01,2012,1524480,bbref,0.02626421335538557
brandel01,2012,17059727,bbref,0.293910257735511
breweco01,2012,3059000,bbref,0.052701398938736134
brewero02,2012,4710000,bbref,0.08114533801943354
brockjo01,2012,1000000,bbref,0.017228309558266142
brookma01,2012,1110120,bbref,0.019125491006822412
brownde04,2012,854389,bbref,0.014719678175177452
brownkw01,2012,6750000,bbref,0.11629108951829646
brownsh01,2012,3500000,bbref,0.0602990834539315
bryanko01,2012,25244493,bbref,0.43491994004548273
budinch01,2012,854389,bbref,0.014719678175177452
burksal01,2012,2020200,bbref,0.034804630969609264
butleca01,2012,8000000,bbref,0.13782647646612914
butleji01,2012,1020960,bbref,0.0175894149266074
butlera01,2012,1229255,bbref,0.021177985666046447
bynuman01,2012,14900000,bbref,0.25670181241816553
bynumwi01,2012,3250000,bbref,0.05599200606436496
caldejo01,2012,9780992,bbref,0.16850995796292467
cambyma01,2012,11227250,bbref,0.19342653848804356
caracde01,2012,270427,bbref,0.004659000068913238
cardibr01,2012,1352181,bbref,0.02329579284680587
carrode01,2012,544331,bbref,0.009377902970160569
carroma01,2012,3900000,bbref,0.06719040727723796
cartean01,2012,1352181,bbref,0.02329579284680587
cartevi01,2012,4000000,bbref,0.06891323823306457
casspom01,2012,1341960,bbref,0.023119702294810834
chalmma01,2012,4000000,bbref,0.06891323823306457
chandty01,2012,13107837,bbref,0.2258258734752946
childjo01,2012,6000000,bbref,0.10336985734959686
clarkea01,2012,1160000,bbref,0.019984839087588725
coleno01,2012,1035960,bbref,0.017847839569981393
collida01,2012,1455960,bbref,0.025083729584453172
collija04,2012,1352181,bbref,0.02329579284680587
collini01,2012,3272997,bbref,0.05638820549927641
conlemi01,2012,6611571,bbref,0.11390619185445525
cookbr01,2012,1223166,bbref,0.021073082489146164
cookda02,2012,3341558,bbref,0.057569395630900695
couside01,2012,3627720,bbref,0.06249948315071325
crawfja01,2012,5000000,bbref,0.08614154779133071
crawfjo02,2012,1120440,bbref,0.019303287161463716
cunnida01,2012,2000000,bbref,0.034456619116532285
curryed01,2012,1229255,bbref,0.021177985666046447
curryst01,2012,3117120,bbref,0.05370270829026256
dalemsa01,2012,7000000,bbref,0.120598166907863
dampier01,2012,850522,bbref,0.014653056302115636
daniema01,2012,1223166,bbref,0.021073082489146164
davisba01,2012,13900000,bbref,0.23947350285989938
davised01,2012,2063040,bbref,0.03554269175108538
davisgl01,2012,6300000,bbref,0.1085383502170767
davisjo02,2012,314041,bbref,0.005410395561987458
dawsoer01,2012,38172,bbref,0.0006576390324581353
dayeau01,2012,1929600,bbref,0.03324374612363035
delfica01,2012,3500000,bbref,0.0602990834539315
denglu01,2012,12325000,bbref,0.2123389153056302
derozde01,2012,2625000,bbref,0.04522431259044862
diawbo01,2012,9000000,bbref,0.1550547860243953
dioguik01,2012,64028,bbref,0.0011030942043966645
diopde01,2012,6925400,bbref,0.11931293501481635
doolike01,2012,2246400,bbref,0.038701674591689064
douglto01,2012,1145640,bbref,0.019737440562332023
dragigo01,2012,2108000,bbref,0.03631727654882503
dudleja01,2012,4250000,bbref,0.07322031562263111
duhonch01,2012,3500000,bbref,0.0602990834539315
duncati01,2012,21164619,bbref,0.3646306078147612
dunlemi02,2012,3750000,bbref,0.06460616084349803
duranke01,2012,15506632,bbref,0.2671530563021156
ebankde01,2012,762195,bbref,0.013131331403762663
ellinwa01,2012,1154040,bbref,0.01988215836262146
ellismo01,2012,11000000,bbref,0.18951140514092757
elsonfr01,2012,305792,bbref,0.00526827923644132
emmetan01,2012,61433,bbref,0.001058386741092964
erdense01,2012,762195,bbref,0.013131331403762663
evansje01,2012,762195,bbref,0.013131331403762663
evansma01,2012,1223166,bbref,0.021073082489146164
evansre01,2012,1229255,bbref,0.021177985666046447
evansty01,2012,4151640,bbref,0.07152573909448005
eyengch01,2012,1097520,bbref,0.018908414306388257
farieke01,2012,1254720,bbref,0.021616704568947695
farmajo01,2012,4000000,bbref,0.06891323823306457
favorde01,2012,4443360,bbref,0.07655158155881744
feltora01,2012,7560000,bbref,0.13024602026049203
fernaru01,2012,2180443,bbref,0.0375653469781545
fieldla01,2012,762195,bbref,0.013131331403762663
fishede01,2012,3400000,bbref,0.058576252498104886
flynnjo01,2012,3414720,bbref,0.058829853214802566
footeje01,2012,225341,bbref,0.003882244504169251
forbega01,2012,1500000,bbref,0.025842464337399215
fordtj01,2012,1146337,bbref,0.019749448694094136
fortsco01,2012,42009,bbref,0.0007237440562332024
fosteje01,2012,3000000,bbref,0.05168492867479843
foyera01,2012,4250000,bbref,0.07322031562263111
fredeji01,2012,2238360,bbref,0.0385631589828406
fryech01,2012,5600000,bbref,0.0964785335262904
gainesu01,2012,854389,bbref,0.014719678175177452
gallida01,2012,4190182,bbref,0.07218975260147474
garcifr01,2012,5800000,bbref,0.09992419543794363
garneke01,2012,21247044,bbref,0.3660506512301013
gasolma01,2012,12922194,bbref,0.2226275584039694
gasolpa01,2012,18714150,bbref,0.32241316931982633
gayru01,2012,15032144,bbref,0.25897843015643307
geeal01,2012,854389,bbref,0.014719678175177452
georgpa01,2012,2406240,bbref,0.04145544759148232
gibsoda01,2012,4403834,bbref,0.07587061539521742
gibsota01,2012,1195680,bbref,0.020599545172627663
ginobma01,2012,12981038,bbref,0.223641341051616
gladnmi01,2012,248263,bbref,0.004277151815863828
gomesry01,2012,4000000,bbref,0.06891323823306457
goodedr01,2012,6226200,bbref,0.10726690097167665
gordobe01,2012,11600000,bbref,0.19984839087588727
gordoer01,2012,3831184,bbref,0.06600482392667631
gortama01,2012,6790640,bbref,0.1169912480187444
goudean01,2012,473604,bbref,0.00815939632003308
grangda01,2012,12015904,bbref,0.20701371373440838
grayaa01,2012,2500000,bbref,0.043070773895665354
greenda02,2012,854389,bbref,0.014719678175177452
greendo01,2012,2015896,bbref,0.034730480325270485
greenge01,2012,443181,bbref,0.007635259458341948
greenwi01,2012,1223166,bbref,0.021073082489146164
griffbl01,2012,5731080,bbref,0.09873682034318793
haddaha01,2012,1300000,bbref,0.022396802425745987
hamiljo02,2012,1073286,bbref,0.018490903452553234
hamilri01,2012,12500000,bbref,0.2153538694783268
hansbty01,2012,2138040,bbref,0.03683481496795534
haranlu01,2012,762195,bbref,0.013131331403762663
hardeja01,2012,4604760,bbref,0.07933223072152161
harpeju01,2012,473604,bbref,0.00815939632003308
harrejo01,2012,473604,bbref,0.00815939632003308
harrial01,2012,6226200,bbref,0.10726690097167665
harride01,2012,9319000,bbref,0.16055061677348217
harrima01,2012,122942,bbref,0.002118082833712356
harrite01,2012,473604,bbref,0.00815939632003308
harrito02,2012,1418160,bbref,0.024432499483150714
hasleud01,2012,3780000,bbref,0.06512301013024602
hawessp01,2012,4051024,bbref,0.06979229549996555
hayesch01,2012,5250000,bbref,0.09044862518089725
haywago01,2012,2532960,bbref,0.04363861897870581
haywala01,2012,1097520,bbref,0.018908414306388257
haywobr01,2012,7624500,bbref,0.1313572462270002
hendege02,2012,2250600,bbref,0.03877403349183378
henryxa01,2012,2171640,bbref,0.037413686169113086
hibbero01,2012,2588590,bbref,0.04459702983943215
hicksjj01,2012,2354537,bbref,0.04056469230239129
higgico01,2012,473604,bbref,0.00815939632003308
hilarne01,2012,13000000,bbref,0.22396802425745985
hillge01,2012,2086360,bbref,0.03594445592998415
hillgr01,2012,6500000,bbref,0.11198401212872992
hilljo01,2012,2855760,bbref,0.04919991730411412
hinriki01,2012,8100000,bbref,0.13954930742195576
hobsoda01,2012,245884,bbref,0.004236165667424712
holidjr01,2012,1741440,bbref,0.030002067397146993
holliry01,2012,2483333,bbref,0.042783629660257734
honeyty01,2012,775000,bbref,0.013351939907656261
horfoal01,2012,12000000,bbref,0.20673971469919372
hornede01,2012,91642,bbref,0.001578836744538626
howardw01,2012,18091770,bbref,0.31169061401695264
howarjo01,2012,2150000,bbref,0.03704086555027221
howarju01,2012,1352181,bbref,0.02329579284680587
hughela01,2012,414443,bbref,0.007140152298256495
humphkr01,2012,8000000,bbref,0.13782647646612914
ibakase01,2012,1288200,bbref,0.022193508372958446
iguodan01,2012,13531750,bbref,0.23312917786506787
ilyaser01,2012,2541000,bbref,0.04377713458755427
irvinky01,2012,5144280,bbref,0.08862724829439736
iveyro01,2012,1200000,bbref,0.02067397146991937
jackja01,2012,5000000,bbref,0.08614154779133071
jacksre01,2012,1156320,bbref,0.019921438908414305
jacksst02,2012,9256500,bbref,0.15947384742609055
jamesda01,2012,1243080,bbref,0.021416167045689476
jamesle01,2012,16022500,bbref,0.2760405898973193
jamesmi01,2012,277566,bbref,0.004781992970849701
jamisan01,2012,15076715,bbref,0.2597463131417545
jeffeal01,2012,14000000,bbref,0.241196333815726
jefferi01,2012,9282000,bbref,0.15991316931982633
jeffrja01,2012,1229255,bbref,0.021177985666046447
jenkich01,2012,473604,bbref,0.00815939632003308
jennibr01,2012,2493720,bbref,0.04296258011163945
jerebjo01,2012,4500000,bbref,0.07752739301219765
jianlyi01,2012,827197,bbref,0.014251205981669079
johnsam01,2012,5500000,bbref,0.09475570257046378
johnsar02,2012,762195,bbref,0.013131331403762663
johnsca01,2012,168035,bbref,0.0028949589966232514
johnsch03,2012,762195,bbref,0.013131331403762663
johnsiv01,2012,473604,bbref,0.00815939632003308
johnsja01,2012,1833120,bbref,0.031581558817448833
johnsja02,2012,1042320,bbref,0.017957411618771967
johnsjo02,2012,18038573,bbref,0.3107741196333816
johnswe01,2012,4006080,bbref,0.06901798635517883
jonesda02,2012,2700000,bbref,0.04651643580731859
jonesdo02,2012,1193280,bbref,0.020558197229687825
jonesja02,2012,1500000,bbref,0.025842464337399215
jonesso01,2012,280234,bbref,0.004827958100751154
jordade01,2012,10079404,bbref,0.173651092274826
jordaje01,2012,473604,bbref,0.00815939632003308
josepco01,2012,1028400,bbref,0.0177175935497209
kamanch01,2012,14030000,bbref,0.24171318310247397
kanteen01,2012,4133280,bbref,0.07120942733099028
kaponja01,2012,1223166,bbref,0.021073082489146164
kiddja01,2012,10121000,bbref,0.17436772103921164
kleizli01,2012,4605000,bbref,0.07933636551581559
knighbr03,2012,2563320,bbref,0.04416167045689477
korveky01,2012,5000000,bbref,0.08614154779133071
koufoko01,2012,2203792,bbref,0.03796761077803046
landrca01,2012,8500000,bbref,0.14644063124526221
lawsoty01,2012,1654440,bbref,0.028503204465577837
leeco01,2012,2225093,bbref,0.038334590999931084
leeda02,2012,11610000,bbref,0.20002067397146991
leema01,2012,500000,bbref,0.008614154779133071
leonaka01,2012,1731960,bbref,0.029838743022534628
leslitr01,2012,473604,bbref,0.00815939632003308
leuerjo01,2012,473604,bbref,0.00815939632003308
lewisra02,2012,21136631,bbref,0.3641484218868445
liggide01,2012,473604,bbref,0.00815939632003308
linje01,2012,762195,bbref,0.013131331403762663
livinsh01,2012,3500000,bbref,0.0602990834539315
lopezbr01,2012,3076983,bbref,0.053011215629522435
lopezro01,2012,2862602,bbref,0.04931779339811178
loveke01,2012,4609701,bbref,0.079417355799049
lowryky01,2012,5750000,bbref,0.09906277996003032
lucasjo02,2012,915852,bbref,0.015778581765557163
macklve01,2012,473604,bbref,0.00815939632003308
macksh01,2012,473604,bbref,0.00815939632003308
maggeco01,2012,10262069,bbref,0.17679810144028668
magloja01,2012,1352181,bbref,0.02329579284680587
mahinia01,2012,915852,github,0.015778581765557163
mariosh01,2012,8022449,bbref,0.13821323478740266
martike01,2012,2500000,bbref,0.043070773895665354
martike02,2012,11519840,bbref,0.19846736958169664
masonro01,2012,1146337,bbref,0.019749448694094136
matthwe02,2012,6135160,bbref,0.10569843566949211
maxieja01,2012,5000000,bbref,0.08614154779133071
maynoer01,2012,1516680,bbref,0.026129832540831094
mayooj01,2012,5632637,bbref,0.09704081386534354
mbahalu01,2012,5000000,bbref,0.08614154779133071
mcdyean01,2012,2640000,bbref,0.045482737233822616
mcgeeja01,2012,2462400,bbref,0.04242298945627455
mcgratr01,2012,1352181,bbref,0.02329579284680587
mcguido01,2012,915852,bbref,0.015778581765557163
mcrobjo01,2012,3000000,bbref,0.05168492867479843
meeksjo01,2012,854389,bbref,0.014719678175177452
milescj01,2012,3700000,bbref,0.06374474536558473
milicda01,2012,4776500,bbref,0.08229102060505823
millean02,2012,7807728,bbref,0.1345139549307422
millebr01,2012,4752000,bbref,0.08186892702088071
millemi01,2012,5400000,bbref,0.09303287161463718
millspa01,2012,8103435,bbref,0.1396084866652884
mohamna01,2012,3750000,bbref,0.06460616084349803
monrogr01,2012,3007920,bbref,0.0518213768864999
mooreet01,2012,473604,bbref,0.00815939632003308
morrida01,2012,473604,bbref,0.00815939632003308
morrima02,2012,1919160,bbref,0.03306388257184205
morrima03,2012,1823280,bbref,0.031412032251395494
morroan01,2012,4000000,bbref,0.06891323823306457
mozgoti01,2012,3343896,bbref,0.05760967541864792
mulleby01,2012,1288200,bbref,0.022193508372958446
murphtr01,2012,1352181,bbref,0.02329579284680587
najered01,2012,2750000,bbref,0.04737785128523189
nashst01,2012,11689062,bbref,0.20138277858176556
ndiayha01,2012,270427,bbref,0.004659000068913238
nealga01,2012,762195,bbref,0.013131331403762663
nelsoja01,2012,7800000,bbref,0.13438081455447592
noahjo01,2012,12000000,bbref,0.20673971469919372
nocioan01,2012,6650000,bbref,0.11456825856246985
novakst01,2012,992680,bbref,0.017102198332299635
nowitdi01,2012,19092873,bbref,0.32893792640066155
odengr01,2012,1500000,bbref,0.025842464337399215
odomla01,2012,8900000,bbref,0.15333195506856867
okafoem01,2012,12541812,bbref,0.21607421955757702
okurme01,2012,10890000,bbref,0.1876162910895183
onealje01,2012,6226200,bbref,0.10726690097167665
ortonda01,2012,1105560,bbref,0.019046929915236717
outlatr01,2012,4000000,bbref,0.06891323823306457
owensla01,2012,86052,bbref,0.0014825304941079181
pachuza01,2012,4750000,bbref,0.08183447040176418
pargoja01,2012,1223166,bbref,0.021073082489146164
pargoje01,2012,1000000,bbref,0.017228309558266142
parkean01,2012,2250000,bbref,0.03876369650609882
parketo01,2012,12500000,bbref,0.2153538694783268
parsoch01,2012,850000,bbref,0.014644063124526221
pattepa01,2012,1959960,bbref,0.03376679760181931
paulch01,2012,16359805,bbref,0.2818517848528702
pavloal01,2012,1223166,bbref,0.021073082489146164
pekovni01,2012,4503600,bbref,0.0775894149266074
pendeje02,2012,1500000,bbref,0.025842464337399215
perkike01,2012,7123626,bbref,0.12272803390531321
petrojo01,2012,3250000,bbref,0.05599200606436496
piercpa01,2012,15333334,bbref,0.2641674247122872
pietrmi01,2012,5300000,bbref,0.09131004065881056
pittmde01,2012,762195,bbref,0.013131331403762663
pondequ01,2012,1153800,bbref,0.019878023568327477
poseyja01,2012,7595600,bbref,0.13085934808076632
priceaj01,2012,854389,bbref,0.014719678175177452
pricero01,2012,1069509,bbref,0.018425832127351664
princta01,2012,6292135,bbref,0.10840284956240094
przybjo01,2012,1145027,bbref,0.019726879608572806
radmavl01,2012,1352181,bbref,0.02329579284680587
randoan01,2012,2911231,bbref,0.050155588863620704
randoza01,2012,15200000,bbref,0.26187030528564537
rautian01,2012,788872,bbref,0.013590931017848529
reddmi01,2012,1308506,bbref,0.022543346426848597
redicjj01,2012,6750000,bbref,0.11629108951829646
reidry01,2012,475000,bbref,0.008183447040176418
richaja01,2012,5395000,bbref,0.09294673006684584
richaqu01,2012,2446600,bbref,0.04215078216525395
ridnolu01,2012,3680000,bbref,0.06340017917441941
robinna01,2012,4500000,bbref,0.07752739301219765
rondora01,2012,10045455,bbref,0.1730662083936324
rosede01,2012,6993708,bbref,0.12048976638412238
roybr01,2012,15032144,bbref,0.25897843015643307
rubiori01,2012,3480120,bbref,0.059956584659913166
rushbr01,2012,2956658,bbref,0.05093821928192406
russewa02,2012,374289,bbref,0.006448366756253876
salmojo01,2012,8500000,bbref,0.14644063124526221
samuesa01,2012,762195,bbref,0.013131331403762663
sandela01,2012,1861920,bbref,0.032077734132726896
scalabr01,2012,1352181,bbref,0.02329579284680587
scolalu01,2012,8591793,bbref,0.14802206946454413
sefolth01,2012,3300000,bbref,0.05685342154227827
selbyjo01,2012,550000,bbref,0.009475570257046378
serapke01,2012,1680360,bbref,0.028949762249328097
sessira01,2012,4257973,bbref,0.07335767693473916
shumpim01,2012,1563120,bbref,0.026929915236716975
silerga01,2012,51097,bbref,0.0008803149334987251
simmobo01,2012,594836,bbref,0.010248018744400799
singlch01,2012,1485000,bbref,0.025584039694025222
skinnbr01,2012,65446,bbref,0.001127523947350286
sloando01,2012,122237,bbref,0.0021059368754737786
smithcr01,2012,992680,bbref,0.017102198332299635
smithgr02,2012,301733,bbref,0.005198349527944318
smithis01,2012,522486,bbref,0.009001550547860244
smithja02,2012,2500000,bbref,0.043070773895665354
smithjo03,2012,12400000,bbref,0.21363103852250018
smithjr01,2012,2382353,bbref,0.04104391496106402
smithno01,2012,1306920,bbref,0.022516022327889188
speigma01,2012,2721255,bbref,0.046882623526979535
splitti01,2012,3672000,bbref,0.06326235269795327
stackje01,2012,1352181,bbref,0.02329579284680587
stephla01,2012,810000,bbref,0.013954930742195577
stevede01,2012,2500000,bbref,0.043070773895665354
stiemgr01,2012,762195,bbref,0.013131331403762663
stoneju01,2012,473604,bbref,0.00815939632003308
stoudam01,2012,18217705,bbref,0.3138602611811729
stuckro01,2012,8500000,bbref,0.14644063124526221
summeda01,2012,303137,bbref,0.005222538074564124
teaguje01,2012,1579920,bbref,0.027219350837295844
telfase01,2012,1500000,bbref,0.025842464337399215
terryja01,2012,11158000,bbref,0.1922334780511336
thabeha01,2012,5127720,bbref,0.08834194748811247
thomais02,2012,473604,bbref,0.00815939632003308
thomaku01,2012,1352181,github,0.02329579284680587
thomala01,2012,328444,bbref,0.005658534904555165
thomama01,2012,103104,bbref,0.0017763076286954724
thomaty01,2012,7305765,bbref,0.12586598097994625
thompja02,2012,3001284,bbref,0.05170704982427124
thompkl01,2012,2126520,bbref,0.036636344841844116
thompmy02,2012,168035,bbref,0.0028949589966232514
thomptr01,2012,3726600,bbref,0.06420301839983461
thomptr02,2012,473604,bbref,0.00815939632003308
thornma01,2012,7000000,bbref,0.120598166907863
tinslja01,2012,1229255,github,0.021177985666046447
tollian01,2012,2050000,bbref,0.035318034594445595
turiaro01,2012,4360000,bbref,0.07511542967404038
turkohe01,2012,11015850,bbref,0.18978447384742608
turneev01,2012,4947840,bbref,0.08524291916477156
tylerje01,2012,650000,bbref,0.011198401212872994
udohek01,2012,3294960,bbref,0.05676659086210461
udrihbe01,2012,6925400,bbref,0.11931293501481635
uzohbe01,2012,61433,bbref,0.001058386741092964
varejan01,2012,7700000,bbref,0.1326579835986493
vasqugr01,2012,1113600,bbref,0.019185445524085177
veselja01,2012,3065040,bbref,0.05280545792846806
villach01,2012,7540000,bbref,0.1299014540693267
vucevni01,2012,1645400,bbref,0.028347460547171112
wadedw01,2012,15691000,bbref,0.27032940527875404
wafervo01,2012,992680,github,0.017102198332299635
walkebi01,2012,885120,github,0.015249121356212529
walkeke02,2012,2356320,bbref,0.040595410378333675
wallabe01,2012,2246400,bbref,0.038701674591689064
wallage01,2012,9500000,bbref,0.16366894080352837
walljo01,2012,5530080,bbref,0.09527393012197644
waltolu01,2012,5680000,bbref,0.09785679829095169
warriha01,2012,4000000,bbref,0.06891323823306457
watsocj01,2012,3400000,bbref,0.058576252498104886
watsoea01,2012,2000000,bbref,0.034456619116532285
webstma02,2012,5256000,bbref,0.09055199503824685
westbru01,2012,5082416,bbref,0.08756143615188478
westda01,2012,10000000,bbref,0.17228309558266142
westde01,2012,1146337,bbref,0.019749448694094136
whitedj01,2012,2001167,bbref,0.03447672455378678
whiteha01,2012,762195,bbref,0.013131331403762663
wilcoch01,2012,3000000,bbref,0.05168492867479843
wilkida02,2012,1146337,bbref,0.019749448694094136
willide01,2012,16359805,bbref,0.2818517848528702
willide02,2012,4602720,bbref,0.07929708497002275
williel01,2012,1348800,bbref,0.023237543932189374
willijo03,2012,473604,bbref,0.00815939632003308
willilo02,2012,5176000,bbref,0.08917373027358555
willima01,2012,8500000,bbref,0.14644063124526221
willima02,2012,7500000,bbref,0.12921232168699606
willire02,2012,2500000,bbref,0.043070773895665354
willise01,2012,885120,github,0.015249121356212529
willish02,2012,992680,bbref,0.017102198332299635
willish03,2012,3000000,bbref,0.05168492867479843
willite01,2012,2369040,bbref,0.040814554475914824
wrighbr03,2012,915852,github,0.015778581765557163
wrighch01,2012,473604,bbref,0.00815939632003308
wrighdo01,2012,3823000,bbref,0.06586382744125147
youngni01,2012,3695857,bbref,0.06367336847908484
youngsa01,2012,947800,bbref,0.01632899179932465
youngth01,2012,7478261,bbref,0.12883779546550891
acyqu01,2013,665000,bbref,0.011456825856246985
adrieje01,2013,804131,bbref,0.013853817793398112
afflaar01,2013,7750000,bbref,0.1335193990765626
akognjo01,2013,41788,github,0.0007199365998208256
aldrico01,2013,2445480,bbref,0.04213148645854869
aldrila01,2013,13500000,bbref,0.23258217903659292
allenla01,2013,3000000,bbref,0.05168492867479843
allenra02,2013,3090000,bbref,0.05323547653504238
allento01,2013,3300000,bbref,0.05685342154227827
aminual01,2013,2947800,bbref,0.050785610915856934
amundlo01,2013,1069509,bbref,0.018425832127351664
anderal01,2013,885120,bbref,0.015249121356212529
anderch01,2013,4526000,bbref,0.07797532906071256
anderja01,2013,472427,bbref,0.008139118599682998
anderry01,2013,8700000,bbref,0.14988629315691546
anthoca01,2013,19450000,bbref,0.33509062090827646
anthojo01,2013,3750000,bbref,0.06460616084349803
arenagi01,2013,20807922,bbref,0.35848532148025636
arizatr01,2013,7258960,bbref,0.1250596099510716
artesro01,2013,7258960,bbref,0.1250596099510716
arthuda01,2013,3006217,bbref,0.05179203707532217
asikom01,2013,8374646,bbref,0.14428099372889533
augusdj01,2013,3500000,bbref,0.0602990834539315
ayongu01,2013,1500000,bbref,0.025842464337399215
azubuke01,2013,885120,bbref,0.015249121356212529
babbilu01,2013,1892280,bbref,0.03260078561091586
balkmre01,2013,1675000,bbref,0.028857418510095788
barbole01,2013,1229255,bbref,0.021177985666046447
bareajo01,2013,4493500,bbref,0.07741540900006891
bargnan01,2013,10000000,bbref,0.17228309558266142
barneha02,2013,2798040,bbref,0.048205499276411
barnema02,2013,1229255,bbref,0.021177985666046447
barroea01,2013,358600,bbref,0.006178071807594239
bartowi01,2013,550000,bbref,0.009475570257046378
bassbr01,2013,6000000,bbref,0.10336985734959686
battish01,2013,3135000,bbref,0.054010750465164355
batumni01,2013,10850000,bbref,0.18692715870718765
bayleje01,2013,3000000,bbref,0.05168492867479843
baynear01,2013,401170,bbref,0.006911480945489629
bazemke01,2013,473604,bbref,0.00815939632003308
bealbr01,2013,4133280,bbref,0.07120942733099028
beaslmi01,2013,5750000,bbref,0.09906277996003032
beaubro01,2013,2227333,bbref,0.0383731824133416
belinma01,2013,1957000,bbref,0.03371580180552684
bellra01,2013,3480000,bbref,0.059954517262766176
beverpa01,2013,281377,bbref,0.004847650058576253
biedran01,2013,9000000,bbref,0.1550547860243953
billuch01,2013,4000000,bbref,0.06891323823306457
biyombi01,2013,3007920,bbref,0.0518213768864999
blairde01,2013,1054000,bbref,0.018158638274412515
blakest01,2013,4000000,bbref,0.06891323823306457
blatcan01,2013,7118502,bbref,0.12263975604713666
bledser01,2013,1707720,bbref,0.029421128798842257
boganke01,2013,1229225,bbref,0.0211774688167597
bogutan01,2013,13000000,bbref,0.22396802425745985
bonnema01,2013,3630000,bbref,0.0625387636965061
booketr01,2013,1385280,bbref,0.02386603266487492
boozeca01,2013,15000000,bbref,0.2584246433739921
boshch01,2013,17545000,bbref,0.30227069119977945
bradlav01,2013,1630800,bbref,0.028095927227620426
brandel01,2013,16059854,bbref,0.27668413617255877
breweco01,2013,3243000,bbref,0.0558714078974571
brewero02,2013,1069509,bbref,0.018425832127351664
brockjo01,2013,1000000,bbref,0.017228309558266142
brookaa01,2013,3250000,bbref,0.05599200606436496
brookma01,2013,1193280,bbref,0.020558197229687825
brownkw01,2013,2819044,bbref,0.04856736269037282
brownsh01,2013,3500000,bbref,0.0602990834539315
bryanko01,2013,27849149,bbref,0.479793759906278
budinch01,2013,885120,bbref,0.015249121356212529
burksal01,2013,2171640,bbref,0.037413686169113086
butleca01,2013,8000000,bbref,0.13782647646612914
butleji01,2013,1097520,bbref,0.018908414306388257
bynuman01,2013,16889000,bbref,0.2909689201295569
bynumwi01,2013,3250000,bbref,0.05599200606436496
caldejo01,2013,11046591,bbref,0.19031408931155674
cambyma01,2013,4590338,bbref,0.07908376404107229
carrode01,2013,885120,github,0.015249121356212529
carroma01,2013,3500000,bbref,0.0602990834539315
cartevi01,2013,3090000,bbref,0.05323547653504238
casspom01,2013,2277306,bbref,0.03923413272689684
chalmma01,2013,4000000,bbref,0.06891323823306457
chandty01,2013,13604188,bbref,0.23437716215284957
chandwi01,2013,5930414,bbref,0.10217100820067535
childjo01,2013,7000000,bbref,0.120598166907863
clarkea01,2013,1240000,bbref,0.02136310385225002
clavevi01,2013,1300000,bbref,0.022396802425745987
coleno01,2013,1082520,bbref,0.018649989663014264
collida01,2013,2319344,bbref,0.03995837640410723
collija04,2013,1352181,bbref,0.02329579284680587
collini01,2013,2929332,bbref,0.050467438494934874
conlemi01,2013,7305786,bbref,0.12586634277444697
conrowi01,2013,85439,bbref,0.001471969540348701
cookda02,2013,3090042,bbref,0.05323620012404383
copelch01,2013,473604,bbref,0.00815939632003308
couside01,2013,3880800,bbref,0.06685962373371925
crawfja01,2013,5000000,bbref,0.08614154779133071
crawfjo02,2013,1198680,bbref,0.02065123010130246
crowdja01,2013,600491,bbref,0.010345444834952795
cunnida01,2013,2090000,bbref,0.036007166976776236
cunnija01,2013,1156320,bbref,0.019921438908414305
curryed01,2013,23852,bbref,0.000410929639583764
curryst01,2013,3958742,bbref,0.06820243263730963
dalemsa01,2013,6698565,bbref,0.11540495141616705
daniema01,2013,1229255,bbref,0.021177985666046447
davisan02,2013,5144280,bbref,0.08862724829439736
davisba01,2013,14850000,bbref,0.25584039694025223
davised01,2013,2207040,bbref,0.03802356832747571
davisgl01,2013,6400000,bbref,0.11026118117290332
dayeau01,2013,2958077,bbref,0.05096266625318724
decolna01,2013,1400000,bbref,0.0241196333815726
delfica01,2013,3000000,bbref,0.05168492867479843
denglu01,2013,13305000,bbref,0.22922265867273103
dentmju01,2013,44835,github,0.0007724312590448626
derozde01,2013,3344250,bbref,0.05761577424023155
diawbo01,2013,4500000,bbref,0.07752739301219765
diopde01,2013,7372200,bbref,0.12701054372544965
doolike01,2013,1352181,bbref,0.02329579284680587
douglch01,2013,72892,bbref,0.0012558059403211357
douglto01,2013,2067880,bbref,0.03562607676934739
dragigo01,2013,7500000,bbref,0.12921232168699606
drumman01,2013,2356320,bbref,0.040595410378333675
dudleja01,2013,4250000,bbref,0.07322031562263111
duhonch01,2013,3500000,bbref,0.0602990834539315
duncati01,2013,9638554,bbref,0.16605599200606436
dunlemi02,2013,3750000,bbref,0.06460616084349803
duranke01,2013,16669630,bbref,0.28718954586176004
ebankde01,2013,1054389,bbref,0.01816534008683068
ellinwa01,2013,2083042,bbref,0.03588729239886982
ellismo01,2013,11000000,bbref,0.18951140514092757
engliki01,2013,473604,bbref,0.00815939632003308
evansje01,2013,1794872,bbref,0.030922610433464268
evansre01,2013,1622617,bbref,0.027954947970505135
evansty01,2013,5251825,bbref,0.09048006684584109
eyengch01,2013,1174080,bbref,0.020227413686169114
ezelife01,2013,1020960,bbref,0.0175894149266074
farieke01,2013,1348800,bbref,0.023237543932189374
farmajo01,2013,1500000,bbref,0.025842464337399215
favorde01,2013,4753320,bbref,0.08189166838949763
feltora01,2013,3480453,bbref,0.05996232168699607
fieldla01,2013,6250000,bbref,0.1076769347391634
fishede01,2013,413608,bbref,0.007125766659775343
forbega01,2013,1500000,bbref,0.025842464337399215
fournev01,2013,1361400,bbref,0.023454620632623525
foyera01,2013,2500000,bbref,0.043070773895665354
fredeji01,2013,2406240,bbref,0.04145544759148232
freeljo01,2013,3013512,bbref,0.05191771759354972
fryech01,2013,6000000,bbref,0.10336985734959686
gallida01,2013,9439000,bbref,0.16261801392047412
garcifr01,2013,6100000,bbref,0.10509268830542347
garneke01,2013,11566265,bbref,0.19926719385293915
garredi02,2013,473604,bbref,0.00815939632003308
gasolma01,2013,13891359,bbref,0.2393246330370064
gasolpa01,2013,19000000,bbref,0.32733788160705674
gayru01,2013,16460538,bbref,0.28358724415960307
geeal01,2013,3500000,bbref,0.0602990834539315
gelabmi01,2013,447298,bbref,0.007706188408793329
georgpa01,2013,2574120,bbref,0.04434773620012404
gibsoda01,2013,4792332,bbref,0.0825637792019847
gibsota01,2013,2155811,bbref,0.03714097925711529
ginobma01,2013,14107492,bbref,0.24304823926676314
gomesry01,2013,4000000,bbref,0.06891323823306457
goodedr01,2013,6687400,bbref,0.115212597339949
gordobe01,2013,12400000,bbref,0.21363103852250018
gordoer01,2013,13668750,bbref,0.23548945627455034
gortama01,2013,7258960,bbref,0.1250596099510716
goudean01,2013,44835,github,0.0007724312590448626
grangda01,2013,13058606,bbref,0.2249777065674316
grayaa01,2013,2575000,bbref,0.04436289711253532
greenda02,2013,3500000,bbref,0.0602990834539315
greendr01,2013,850000,bbref,0.014644063124526221
greenge01,2013,3500000,bbref,0.0602990834539315
greenje02,2013,8385000,bbref,0.14445937564606162
greenwi01,2013,1475106,bbref,0.02541358279925574
griffbl01,2013,7226892,bbref,0.12450713252015712
haddaha01,2013,1300000,bbref,0.022396802425745987
hamiljo02,2013,1153800,bbref,0.019878023568327477
hamilri01,2013,5000000,bbref,0.08614154779133071
hansbbe01,2013,473604,bbref,0.00815939632003308
hansbty01,2013,3055259,bbref,0.05263694783267866
haranlu01,2013,1054389,bbref,0.01816534008683068
hardeja01,2013,5820417,bbref,0.10027594583419475
harklma01,2013,1731960,bbref,0.029838743022534628
harpeju01,2013,762195,bbref,0.013131331403762663
harrejo01,2013,354197,bbref,0.006102215560609193
harrial01,2013,6687400,bbref,0.115212597339949
harride01,2013,8500000,bbref,0.14644063124526221
harrite01,2013,186656,bbref,0.003215767348907725
harrito02,2013,1524480,bbref,0.02626421335538557
hasleud01,2013,4060000,bbref,0.06994693680656054
hawessp01,2013,8500000,bbref,0.14644063124526221
hayesch01,2013,5486250,bbref,0.09451881331403762
haywago01,2013,2709720,bbref,0.04668389497622493
haywala01,2013,1174080,bbref,0.020227413686169114
haywobr01,2013,6299000,bbref,0.10852112190751843
hendege02,2013,3101327,bbref,0.05343062159740886
henryxa01,2013,2323200,bbref,0.040024808765763906
hensojo01,2013,1823280,bbref,0.031412032251395494
hibbero01,2013,13686750,bbref,0.23579956584659914
hicksjj01,2013,4000000,bbref,0.06891323823306457
higgico01,2013,44835,bbref,0.0007724312590448626
hilarne01,2013,13000000,bbref,0.22396802425745985
hillge01,2013,8000000,bbref,0.13782647646612914
hillgr01,2013,1975000,bbref,0.03402591137757563
hilljo01,2013,3632527,bbref,0.06258229963475984
hinriki01,2013,3941000,bbref,0.06789676796912687
holidjr01,2013,2674852,bbref,0.046083178278547306
holidju01,2013,76220,github,0.0013131417545310454
holliry01,2013,1069509,bbref,0.018425832127351664
honeyty01,2013,809875,bbref,0.013952777203500792
horfoal01,2013,12000000,bbref,0.20673971469919372
howardw01,2013,19536360,bbref,0.33657845772172834
howarjo01,2013,1229255,bbref,0.021177985666046447
howarju01,2013,373838,github,0.0064405967886430986
humphkr01,2013,12000000,bbref,0.20673971469919372
ibakase01,2013,2253062,bbref,0.03881644958996623
iguodan01,2013,14968250,bbref,0.2578776445455172
ilyaser01,2013,7900000,bbref,0.13610364551030252
irvinky01,2013,5530080,bbref,0.09527393012197644
iveyro01,2013,1223166,bbref,0.021073082489146164
jackja01,2013,5400000,bbref,0.09303287161463718
jacksre01,2013,1243080,bbref,0.021416167045689476
jacksst02,2013,10059750,bbref,0.17331248707876784
jamesbe01,2013,473604,bbref,0.00815939632003308
jamesda01,2013,50258,bbref,0.0008658603817793398
jamesle01,2013,17545000,bbref,0.30227069119977945
jamesmi01,2013,795401,bbref,0.013703414650954449
jamisan01,2013,1352181,bbref,0.02329579284680587
jeffeal01,2013,15000000,bbref,0.2584246433739921
jefferi01,2013,10164000,bbref,0.17510853835021709
jeffrja01,2013,1475106,bbref,0.02541358279925574
jenkich01,2013,762195,bbref,0.013131331403762663
jenkijo01,2013,1204560,bbref,0.020752532561505065
jennibr01,2013,3179493,bbref,0.05477728964234029
jerebjo01,2013,4500000,bbref,0.07752739301219765
johnsam01,2013,6000000,bbref,0.10336985734959686
johnsch03,2013,447298,bbref,0.007706188408793329
johnsch04,2013,61290,bbref,0.0010559230928261318
johnsda03,2013,192228,bbref,0.0033117634897663843
johnsiv01,2013,962195,bbref,0.016576993315415893
johnsja01,2013,2812006,bbref,0.04844610984770174
johnsja02,2013,1120440,bbref,0.019303287161463716
johnsjo02,2013,19752645,bbref,0.34030468265453795
johnsor01,2013,550000,bbref,0.009475570257046378
johnswe01,2013,4285560,bbref,0.07383295431052306
jonesda02,2013,2900000,bbref,0.04996209771897182
jonesde01,2013,473504,bbref,0.008157673489077252
jonesdo02,2013,1276560,bbref,0.021992970849700227
jonesja02,2013,1500000,bbref,0.025842464337399215
joneske01,2013,390027,bbref,0.006719505892081869
jonespe01,2013,1035960,bbref,0.017847839569981393
jonesso01,2013,62912,github,0.0010838674109296396
joneste01,2013,1485000,bbref,0.025584039694025222
jordade01,2013,10532977,bbref,0.18146538832609743
josepco01,2013,1105560,bbref,0.019046929915236717
josepkr01,2013,189442,bbref,0.0032637654193370547
kamanch01,2013,8000000,bbref,0.13782647646612914
kanteen01,2013,4443360,bbref,0.07655158155881744
kiddgmi01,2013,4602720,bbref,0.07929708497002275
kiddja01,2013,3090000,bbref,0.05323547653504238
kirilan01,2013,9779349,bbref,0.16848165185032044
kleizli01,2013,4600000,bbref,0.07925022396802425
knighbr03,2013,2755560,bbref,0.04747364068637585
korveky01,2013,5000000,bbref,0.08614154779133071
koufoko01,2013,3000000,bbref,0.05168492867479843
lambdo01,2013,650000,bbref,0.011198401212872994
lambje01,2013,2020200,bbref,0.034804630969609264
landrca01,2013,4000000,bbref,0.06891323823306457
lawsoty01,2013,2544529,bbref,0.04383793329198539
leeco01,2013,5000000,bbref,0.08614154779133071
leeda02,2013,12744000,bbref,0.21955757701054374
leema01,2013,762195,bbref,0.013131331403762663
leonaka01,2013,1861920,bbref,0.032077734132726896
leoname01,2013,2126520,bbref,0.036636344841844116
leslitr01,2013,250000,bbref,0.004307077389566536
leuerjo01,2013,762195,bbref,0.013131331403762663
lewisra02,2013,13700000,bbref,0.23602784094824616
liggide01,2013,762195,bbref,0.013131331403762663
lillada01,2013,3065040,bbref,0.05280545792846806
linje01,2013,8374646,bbref,0.14428099372889533
livinsh01,2013,1000000,bbref,0.017228309558266142
lopezbr01,2013,13668750,bbref,0.23548945627455034
lopezro01,2013,4899293,bbref,0.08440653642064641
loveke01,2013,13668750,bbref,0.23548945627455034
lowryky01,2013,5750000,bbref,0.09906277996003032
lucasjo02,2013,1500000,bbref,0.025842464337399215
machasc01,2013,192228,bbref,0.0033117634897663843
macksh01,2013,89670,bbref,0.0015448625180897251
maggeco01,2013,10924138,bbref,0.18820443112121837
mahinia01,2013,4000000,bbref,0.06891323823306457
mariosh01,2013,8646364,bbref,0.14896223554544827
marshke01,2013,1919160,bbref,0.03306388257184205
martica01,2013,915852,bbref,0.015778581765557163
martike01,2013,437470,bbref,0.00753686858245469
martike02,2013,12439675,bbref,0.21431457170422438
masonro01,2013,1223116,bbref,0.02107222107366825
matthwe02,2013,6505320,bbref,0.1120756667355799
maxieja01,2013,5000000,bbref,0.08614154779133071
maynoer01,2013,2338721,bbref,0.04029220935841775
mayooj01,2013,4020000,bbref,0.0692578044242299
mbahalu01,2013,4795192,bbref,0.08261305216732134
mcgeeja01,2013,10000000,bbref,0.17228309558266142
mcguido01,2013,181018,bbref,0.0031186341396182205
mcrobjo01,2013,3135000,bbref,0.054010750465164355
meeksjo01,2013,1500000,bbref,0.025842464337399215
melofa01,2013,1254720,bbref,0.021616704568947695
middlkh01,2013,473604,bbref,0.00815939632003308
milescj01,2013,2225000,bbref,0.03833298876714217
milicda01,2013,5228000,bbref,0.0900696023706154
millean02,2013,5000000,bbref,0.08614154779133071
millebr01,2013,848000,bbref,0.014609606505409689
milleda01,2013,473604,bbref,0.00815939632003308
millemi01,2013,5800000,bbref,0.09992419543794363
millequ01,2013,473604,bbref,0.00815939632003308
millspa01,2013,8603633,bbref,0.148226052649714
millspa02,2013,1085120,bbref,0.018694783267865757
mohamna01,2013,1352181,bbref,0.02329579284680587
monrogr01,2013,3217680,bbref,0.055435187099441806
mooreet01,2013,762195,bbref,0.013131331403762663
morrida01,2013,962195,bbref,0.016576993315415893
morrima02,2013,2063040,bbref,0.03554269175108538
morrima03,2013,1959960,bbref,0.03376679760181931
morroan01,2013,4000000,bbref,0.06891323823306457
motiedo01,2013,1453520,bbref,0.025041692509131006
moultar01,2013,1042320,bbref,0.017957411618771967
mozgoti01,2013,3140429,bbref,0.05410428295775618
mulleby01,2013,2253306,bbref,0.038820653297498446
murphke01,2013,473604,bbref,0.00815939632003308
murphtr01,2013,214758,bbref,0.0036999173041141202
nashst01,2013,8900000,bbref,0.15333195506856867
nealga01,2013,854389,bbref,0.014719678175177452
nelsoja01,2013,8600000,bbref,0.14816346220108884
nichoan01,2013,1418160,bbref,0.024432499483150714
noahjo01,2013,11300000,bbref,0.1946798980084074
novakst01,2013,4054055,bbref,0.06984451450623665
nowitdi01,2013,20907128,bbref,0.3601944731582937
odomla01,2013,8200000,bbref,0.14127213837778238
ohlbrti01,2013,144867,bbref,0.0024958135207773413
okafoem01,2013,13490000,bbref,0.23240989594101027
onealje01,2013,1352181,bbref,0.02329579284680587
oquinky01,2013,788872,bbref,0.013590931017848529
ortonda01,2013,757712,bbref,0.013054096892012956
outlatr01,2013,3000000,bbref,0.05168492867479843
pachuza01,2013,5248750,bbref,0.09042708979394942
pargoja01,2013,165487,bbref,0.002851061263868789
pargoje01,2013,762195,bbref,0.013131331403762663
parketo01,2013,12500000,bbref,0.2153538694783268
parsoch01,2013,888250,bbref,0.0153030459651299
pattepa01,2013,2096760,bbref,0.03612363034939012
paulch01,2013,17779458,bbref,0.30631000620219145
pavloal01,2013,1232713,bbref,0.021237561160498932
pekovni01,2013,4837200,bbref,0.08333677899524498
pendeje02,2013,1500000,bbref,0.025842464337399215
perkike01,2013,7800531,bbref,0.13438996278685136
petrojo01,2013,3500000,bbref,0.0602990834539315
piercpa01,2013,16790345,bbref,0.2892692612500861
pietrmi01,2013,1005097,bbref,0.017316122252084624
pittmde01,2013,854389,bbref,0.014719678175177452
plumlmi01,2013,1073280,bbref,0.018490800082695887
pondequ01,2013,1234320,bbref,0.021265247053959064
priceaj01,2013,885120,bbref,0.015249121356212529
pricero01,2013,1146337,github,0.019749448694094136
prigipa01,2013,473604,bbref,0.00815939632003308
princta01,2013,6764045,bbref,0.11653306112604231
przybjo01,2013,1352181,bbref,0.02329579284680587
quinnch01,2013,169339,github,0.0029174247122872306
radmavl01,2013,1352181,bbref,0.02329579284680587
randoan01,2013,1674641,bbref,0.028851233546964374
randosh01,2013,280286,github,0.004828853972848184
randoza01,2013,16500000,bbref,0.28426710771139135
redicjj01,2013,6190000,bbref,0.10664323616566743
richaja01,2013,5799625,bbref,0.09991773482185928
richaqu01,2013,2627400,bbref,0.045265660533388465
ridnolu01,2013,4000000,bbref,0.06891323823306457
riverau01,2013,2238360,bbref,0.0385631589828406
roberbr01,2013,473604,bbref,0.00815939632003308
robinna01,2013,1146337,bbref,0.019749448694094136
robinth01,2013,3374640,bbref,0.05813934256770726
rondora01,2013,11000000,bbref,0.18951140514092757
rosede01,2013,16402500,bbref,0.2825873475294604
rosste01,2013,2563320,bbref,0.04416167045689477
roybr01,2013,16460538,bbref,0.28358724415960307
rubiori01,2013,3741120,bbref,0.06445317345462064
rushbr01,2013,4000000,bbref,0.06891323823306457
sacrero01,2013,473604,bbref,0.00815939632003308
salmojo01,2013,8083000,bbref,0.13925642615946524
samuesa01,2013,341756,bbref,0.005887878161394804
sandela01,2013,1991760,bbref,0.03431465784577217
scolalu01,2013,5259697,bbref,0.09061568809868376
scottmi01,2013,473604,bbref,0.00815939632003308
sefolth01,2013,3600000,bbref,0.062021914409758114
selbyjo01,2013,762195,bbref,0.013131331403762663
serapke01,2013,1797600,bbref,0.03096960926193922
sessira01,2013,5000000,bbref,0.08614154779133071
shengto01,2013,473604,bbref,0.00815939632003308
shumpim01,2013,1680360,bbref,0.028949762249328097
shvedal01,2013,2934610,bbref,0.050558369512783405
simshe01,2013,25073,github,0.000431965405554407
singlch01,2013,1596360,bbref,0.02750258424643374
singlky01,2013,1000000,bbref,0.017228309558266142
sloando01,2013,251076,bbref,0.00432561505065123
smithgr02,2013,762195,bbref,0.013131331403762663
smithis01,2013,854389,bbref,0.014719678175177452
smithja02,2013,2500000,bbref,0.043070773895665354
smithjo03,2013,13200000,bbref,0.2274136861691131
smithjr01,2013,2806452,bbref,0.04835042381641513
smithno01,2013,1404960,bbref,0.0242050857969816
speigma01,2013,4200000,bbref,0.0723589001447178
splitti01,2013,3944000,bbref,0.06794845289780167
stackje01,2013,1352181,bbref,0.02329579284680587
stephla01,2013,870000,bbref,0.014988629315691544
stevede01,2013,2240450,bbref,0.03859916614981738
stiemgr01,2013,2575000,bbref,0.04436289711253532
stoneju01,2013,762195,bbref,0.013131331403762663
stoudam01,2013,19948799,bbref,0.34368408448763005
stuckro01,2013,8500000,bbref,0.14644063124526221
sullija01,2013,1306920,bbref,0.022516022327889188
summeda01,2013,177024,github,0.0030498242712425055
tayloje03,2013,575000,bbref,0.009906277996003032
tayloty01,2013,473604,bbref,0.00815939632003308
teaguje01,2013,2433077,bbref,0.041917803735097514
teaguma01,2013,1028400,bbref,0.0177175935497209
teletmi01,2013,3090000,bbref,0.05323547653504238
telfase01,2013,1567500,bbref,0.027005375232582177
templga01,2013,572943,bbref,0.009870839363241679
terryja01,2013,5000000,bbref,0.08614154779133071
thabeha01,2013,1200000,bbref,0.02067397146991937
thomais02,2013,762195,bbref,0.013131331403762663
thomaku01,2013,1352181,github,0.02329579284680587
thomala01,2013,762195,bbref,0.013131331403762663
thomama01,2013,134505,github,0.0023172937771345874
thomaty01,2013,8000000,bbref,0.13782647646612914
thompja02,2013,5250000,bbref,0.09044862518089725
thompkl01,2013,2286000,bbref,0.0393839156501964
thomptr01,2013,4006080,bbref,0.06901798635517883
thomptr02,2013,762195,bbref,0.013131331403762663
thornma01,2013,7525000,bbref,0.12964302942595274
tinslja01,2013,1352181,github,0.02329579284680587
tollian01,2013,915852,bbref,0.015778581765557163
tuckepj01,2013,762195,bbref,0.013131331403762663
turiaro01,2013,1146337,bbref,0.019749448694094136
turkohe01,2013,11815850,bbref,0.203567121494039
turneev01,2013,5293080,bbref,0.09119082075666736
tylerje01,2013,762195,bbref,0.013131331403762663
udohek01,2013,3524880,bbref,0.060727723795741165
udrihbe01,2013,7372000,bbref,0.127007098063538
valanjo01,2013,3627720,bbref,0.06249948315071325
varejan01,2013,8368182,bbref,0.14416962993591068
varnaja01,2013,275805,bbref,0.0047516539177175935
vasqugr01,2013,1191240,bbref,0.02052305147818896
veselja01,2013,3294960,bbref,0.05676659086210461
villach01,2013,8060000,bbref,0.1388601750396251
vucevni01,2013,1768800,bbref,0.030473433946661153
wadedw01,2013,17182000,bbref,0.29601681483012887
waitedi01,2013,3726600,bbref,0.06420301839983461
walkeke02,2013,2532960,bbref,0.04363861897870581
wallage01,2013,9682435,bbref,0.16681198745779063
wallara01,2013,1352181,bbref,0.02329579284680587
walljo01,2013,5915880,bbref,0.10192061194955551
waltolu01,2013,6091363,bbref,0.10494388739576872
warriha01,2013,4000000,bbref,0.06891323823306457
watsocj01,2013,992680,github,0.017102198332299635
watsoea01,2013,2000000,bbref,0.034456619116532285
waynsma01,2013,217301,bbref,0.003743728895320791
webstma02,2013,1600000,bbref,0.02756529529322583
westbru01,2013,13668750,bbref,0.23548945627455034
westda01,2013,10000000,bbref,0.17228309558266142
westde01,2013,992680,bbref,0.017102198332299635
whitedj01,2013,269368,bbref,0.004640755289091034
whiteja02,2013,854389,bbref,0.014719678175177452
wilcoch01,2013,1352181,bbref,0.02329579284680587
wilkida02,2013,1223166,bbref,0.021073082489146164
willide01,2013,17177795,bbref,0.29594436978843636
willide02,2013,4947840,bbref,0.08524291916477156
williel01,2013,1442880,bbref,0.024858383295431052
willijo03,2013,762195,bbref,0.013131331403762663
willilo02,2013,5000000,bbref,0.08614154779133071
willima01,2013,8500000,bbref,0.14644063124526221
willima02,2013,8287500,bbref,0.14277961546413065
willire02,2013,2612500,bbref,0.0450089587209703
willish03,2013,2600000,bbref,0.044793604851491975
willite01,2013,296776,bbref,0.005112948797463993
wrighbr03,2013,992680,github,0.017102198332299635
wrighch02,2013,27859,github,0.0004799634759837365
wrighdo01,2013,4106000,bbref,0.07073943904624078
wroteto01,2013,1110120,bbref,0.019125491006822412
youngni01,2013,5600000,bbref,0.0964785335262904
youngsa01,2013,723716,bbref,0.01246840328027014
youngth01,2013,8289130,bbref,0.14280769760871062
zellelu01,2013,473604,bbref,0.00815939632003308
zellety01,2013,1563120,bbref,0.026929915236716975
acyqu01,2014,788872,bbref,0.013443855553093952
adamsst01,2014,2090880,bbref,0.03563250907479677
adrieje01,2014,916099,bbref,0.015612041786669847
afflaar01,2014,7312500,bbref,0.12461868811670274
ajincal01,2014,635880,github,0.010836585490550282
akognjo01,2014,788872,bbref,0.013443855553093952
aldrico01,2014,884293,github,0.015070008009679784
aldrila01,2014,14128000,bbref,0.24076756590943948
allenla01,2014,3060000,bbref,0.05214812795037407
allenra02,2014,3229050,bbref,0.055029056391554046
allento01,2014,4494382,bbref,0.07659268222021506
aminual01,2014,3700000,bbref,0.06305492595306668
anderal01,2014,947907,bbref,0.016154109647403672
anderch01,2014,1399507,bbref,0.02385021898805365
anderja01,2014,916099,bbref,0.015612041786669847
anderry01,2014,8308500,bbref,0.14159239250839312
antetgi01,2014,1792560,bbref,0.03054857785579168
anthoca01,2014,22407474,bbref,0.38186530104466676
anthojo01,2014,3800000,bbref,0.06475911314098741
anticpe01,2014,1200000,github,0.020450246255048654
arenagi01,2014,22346536,bbref,0.3808268034560916
arizatr01,2014,7727280,bbref,0.1316873157347603
armsthi01,2014,296138,github,0.005046745854564666
artesro01,2014,1590000,bbref,0.027096576287939468
arthuda01,2014,3231683,bbref,0.055073927640212
asikom01,2014,8374646,bbref,0.14271964416571517
augusdj01,2014,1267000,bbref,0.02159205167095554
ayongu01,2014,1500000,bbref,0.025562807818810818
babbch01,2014,138403,github,0.0023586461936979156
babbilu01,2014,387995,github,0.0066121610797730025
barbole01,2014,650359,github,0.011083334753489323
bareajo01,2014,4687000,bbref,0.0798752534978442
bargnan01,2014,11862500,bbref,0.20215920516709554
barneha02,2014,2923920,bbref,0.049829070025051554
barnema02,2014,3250000,bbref,0.05538608360742344
bartowi01,2014,788872,bbref,0.013443855553093952
bassbr01,2014,6450000,bbref,0.10992007362088652
battish01,2014,3270000,bbref,0.05572692104500759
batumni01,2014,11295250,bbref,0.19249220334361528
bayleje01,2014,3135000,bbref,0.05342626834131461
baynear01,2014,788872,bbref,0.013443855553093952
bazemke01,2014,788872,bbref,0.013443855553093952
bealbr01,2014,4319280,bbref,0.07360861637042213
beaslmi01,2014,4666667,bbref,0.07952874111692429
belinma01,2014,2750000,bbref,0.04686514766781983
bennean01,2014,5324280,bbref,0.09073569760902538
beverpa01,2014,788872,bbref,0.013443855553093952
biedran01,2014,9000000,bbref,0.1533768469128649
billuch01,2014,2500000,bbref,0.04260467969801803
biyombi01,2014,3049920,bbref,0.05197634588183166
blairde01,2014,947907,bbref,0.016154109647403672
blakest01,2014,4000000,bbref,0.06816748751682884
blatcan01,2014,1375604,bbref,0.02344286712452496
bledser01,2014,2626473,bbref,0.044760016360197004
blueva01,2014,28834,github,0.0004913853337650607
boganke01,2014,5058198,bbref,0.08620116225566216
bogutan01,2014,14000000,bbref,0.23858620630890098
bonnema01,2014,3945000,bbref,0.06723018456347245
booketr01,2014,2350820,bbref,0.0400623732510779
boozeca01,2014,15300000,bbref,0.26074063975187034
boshch01,2014,19067500,bbref,0.32494589205678354
bradlav01,2014,2511432,bbref,0.04279950237734113
brandel01,2014,4000000,bbref,0.06816748751682884
breweco01,2014,4500000,bbref,0.07668842345643245
brewero02,2014,1186459,bbref,0.02021948226793231
brookaa01,2014,3396250,bbref,0.0578784573697575
brookma01,2014,1210080,bbref,0.020622028323591064
brownkw01,2014,2945901,bbref,0.050203667410828406
brownsh01,2014,3500000,bbref,0.059646551577225246
bryanko01,2014,30453805,bbref,0.51898984304436
budinch01,2014,5000000,bbref,0.08520935939603606
bullore01,2014,1149000,bbref,0.019581110789209086
burketr01,2014,2438760,bbref,0.04156103546413538
burksal01,2014,2202000,bbref,0.03752620187801428
butleca01,2014,8000000,bbref,0.13633497503365768
butleji01,2014,1112880,bbref,0.01896555837693212
butlera01,2014,1399507,github,0.02385021898805365
buyckdw01,2014,700000,github,0.011929310315445049
bynuman01,2014,6000000,bbref,0.10225123127524327
bynumwi01,2014,2790343,bbref,0.047552667905042686
calatni01,2014,490180,github,0.00835358475774979
caldejo01,2014,6791570,bbref,0.11574106579866733
caldwke01,2014,2653080,bbref,0.04521344944528707
cambyma01,2014,4383773,bbref,0.07470769781352783
canaais01,2014,570515,bbref,0.009722643535165902
carrode01,2014,2557545,bbref,0.04358535421530701
cartemi01,2014,2200920,bbref,0.037507796656384734
cartevi01,2014,3180000,bbref,0.054193152575878936
casspom01,2014,947907,bbref,0.016154109647403672
chalmma01,2014,4000000,bbref,0.06816748751682884
chandty01,2014,14100538,bbref,0.24029956202389272
chandwi01,2014,6344164,bbref,0.10811643006867874
childjo01,2014,7182500,github,0.1224032447724058
chrisdi01,2014,490180,github,0.00835358475774979
clarkea01,2014,4250000,bbref,0.07242795548663065
clarkia01,2014,490180,github,0.00835358475774979
clavevi01,2014,1330000,bbref,0.022665689599345593
coleno01,2014,1129200,bbref,0.019243681726000782
collida01,2014,1900000,bbref,0.032379556570493705
collija04,2014,436316,github,0.007435641370848174
collini01,2014,2585668,bbref,0.04406462277816595
conlemi01,2014,8000001,bbref,0.13633499207552957
copelch01,2014,3000000,bbref,0.051125615637621635
couside01,2014,4916974,bbref,0.083794440941393
covinro01,2014,490180,github,0.00835358475774979
crabbal01,2014,825000,bbref,0.01405954430034595
crawfja01,2014,5225000,bbref,0.08904378056885769
crawfjo02,2014,2162419,bbref,0.03685166754716338
crowdja01,2014,788872,bbref,0.013443855553093952
cunnida01,2014,2180000,bbref,0.03715128069667172
cunnija01,2014,1208400,bbref,0.020593397978833996
curryse01,2014,37484,github,0.0006387975255202032
curryst01,2014,9887642,bbref,0.16850392815146817
dalemsa01,2014,3700748,bbref,0.06306767327323233
danietr01,2014,158587,github,0.002702619335707834
datomlu01,2014,1750000,github,0.029823275788612623
daviebr01,2014,490180,github,0.00835358475774979
davisan02,2014,5375760,bbref,0.09161301317336697
davised01,2014,3153860,bbref,0.053747678044956455
davisgl01,2014,6400000,bbref,0.10906798002692615
dayeau01,2014,947907,bbref,0.016154109647403672
decolna01,2014,1463000,bbref,0.024932258559280152
dedmode01,2014,147054,github,0.0025060754273249376
delfica01,2014,3250000,bbref,0.05538608360742344
dellama01,2014,490180,github,0.00835358475774979
denglu01,2014,14275000,bbref,0.24327272107568296
derozde01,2014,9500000,bbref,0.1618977828524685
diawbo01,2014,4702500,bbref,0.08013940251197192
dienggo01,2014,1352640,bbref,0.023051517578690842
douglch01,2014,535288,github,0.00912230951447707
douglto01,2014,1600000,bbref,0.027266995006731538
dragigo01,2014,7500000,bbref,0.1278140390940541
drumman01,2014,2462400,bbref,0.04196390531535984
dudleja01,2014,4250000,bbref,0.07242795548663065
duhonch01,2014,1500000,bbref,0.025562807818810818
duncati01,2014,10361446,bbref,0.17657843521532404
dunlemi02,2014,3183000,bbref,0.05424427819151656
duranke01,2014,17832627,bbref,0.3039013446036913
edwarsh01,2014,28834,github,0.0004913853337650607
ellinwa01,2014,2652000,bbref,0.04519504422365753
ellismo01,2014,8000000,bbref,0.13633497503365768
elyme01,2014,74469,github,0.0012690911569726818
evansje01,2014,1660257,bbref,0.02829388708055693
evansre01,2014,1695635,bbref,0.02889679442389952
evansty01,2014,10300000,bbref,0.1755312803558343
ezelife01,2014,1066920,bbref,0.018182313945363758
farieke01,2014,1367640,bbref,0.023307145656878952
farmajo01,2014,1106941,bbref,0.01886434669984151
favorde01,2014,6008196,bbref,0.10239090645716525
felixca01,2014,510000,bbref,0.008691354658395678
feltora01,2014,3637073,bbref,0.061982532081323816
fieldla01,2014,6250000,bbref,0.10651169924504507
fishede01,2014,1399507,bbref,0.02385021898805365
fournev01,2014,1422720,bbref,0.024245811959985684
foyera01,2014,3000000,bbref,0.051125615637621635
frankja01,2014,535000,bbref,0.00911740145537586
fredeji01,2014,2439840,bbref,0.041579440685764926
freeljo01,2014,2897976,bbref,0.0493869357010174
fryech01,2014,6400000,bbref,0.10906798002692615
gallida01,2014,10146925,bbref,0.17292259581792463
garcifr01,2014,1265977,bbref,0.02157461783602311
garneke01,2014,12443735,bbref,0.21206453756880655
garredi02,2014,719266,github,0.012257639019069854
gasolma01,2014,14860523,bbref,0.253251129024012
gasolpa01,2014,19285850,bbref,0.3286669847816084
gayru01,2014,17888931,bbref,0.30486087015797814
geeal01,2014,3250000,bbref,0.05538608360742344
georgpa01,2014,3282003,bbref,0.05593147463317371
gibsota01,2014,7550000,bbref,0.12866613268801444
ginobma01,2014,7500000,bbref,0.1278140390940541
goberru01,2014,1078800,bbref,0.018384771383288742
gomesry01,2014,1186459,bbref,0.02021948226793231
goodedr01,2014,6680000,github,0.11383970415310418
goodwar01,2014,1064400,bbref,0.018139368428228157
gordobe01,2014,13200000,bbref,0.2249527088055352
gordoer01,2014,14283844,bbref,0.24342343939058267
gortama01,2014,7727280,bbref,0.1316873157347603
grangda01,2014,14021788,bbref,0.23895751461340514
grayaa01,2014,2690875,bbref,0.045857546992961705
greenda02,2014,3762500,bbref,0.06412004294551714
greendr01,2014,875500,bbref,0.014920158830245915
greenge01,2014,3500000,bbref,0.059646551577225246
greenje02,2014,8965000,bbref,0.15278038139709266
greenwi01,2014,1399507,bbref,0.02385021898805365
griffbl01,2014,16441500,bbref,0.2801939365019854
gutiejo01,2014,121103,github,0.002063821810187631
haddaha01,2014,200000,bbref,0.003408374375841442
hamiljo02,2014,1169880,bbref,0.019936945074046933
hamilju01,2014,98036,github,0.0016707169515499582
hamilri01,2014,1000000,bbref,0.01704187187920721
hansbty01,2014,3183000,bbref,0.05424427819151656
hardati02,2014,1196760,bbref,0.020395030590160023
hardeja01,2014,13701250,bbref,0.2334949470849878
harklma01,2014,1809840,bbref,0.03084306140186438
harrejo01,2014,884293,bbref,0.015070008009679784
harrial01,2014,3574300,bbref,0.06091276265785034
harride01,2014,1272279,bbref,0.021682015712605873
harriel01,2014,100000,github,0.001704187187920721
harrima01,2014,104034,github,0.001772934099081443
harrito02,2014,1545840,bbref,0.026344007225753675
hasleud01,2014,4340000,bbref,0.0739617239557593
hawessp01,2014,6500000,bbref,0.11077216721484688
hayesch01,2014,5722500,bbref,0.09752211182876327
haywago01,2014,3452183,bbref,0.05883166038957719
haywobr01,2014,2050000,bbref,0.034935837352374786
hendege02,2014,6000000,bbref,0.10225123127524327
henryxa01,2014,916099,github,0.015612041786669847
hensojo01,2014,1905360,bbref,0.032470901003766255
hibbero01,2014,14283844,bbref,0.24342343939058267
hicksjj01,2014,5150000,bbref,0.08776564017791715
hilarne01,2014,13000000,bbref,0.22154433442969376
hillge01,2014,8000000,bbref,0.13633497503365768
hilljo01,2014,3563600,bbref,0.06073041462874282
hillso01,2014,1246680,bbref,0.021245760834370048
hinriki01,2014,4059000,bbref,0.06917295795770208
holidjr01,2014,9213484,bbref,0.1570150138891256
holliry01,2014,1186459,bbref,0.02021948226793231
honeyty01,2014,100000,bbref,0.001704187187920721
hopsosc01,2014,1350000,github,0.023006527036929736
horfoal01,2014,12000000,bbref,0.20450246255048654
howardw01,2014,20513178,bbref,0.349582951311372
hummero01,2014,490180,github,0.00835358475774979
humphkr01,2014,12000000,bbref,0.20450246255048654
ibakase01,2014,12250000,bbref,0.20876293052028835
iguodan01,2014,12868632,bbref,0.21930557780466606
ilyaser01,2014,7900000,bbref,0.13463078784573698
irvinky01,2014,5607240,bbref,0.09555786567596584
iveyro01,2014,74839,github,0.0012753966495679886
jackja01,2014,6300000,bbref,0.10736379283900543
jacksre01,2014,1260360,bbref,0.021478893641677602
jacksst02,2014,238739,github,0.00406855945057005
jamesbe01,2014,788872,bbref,0.013443855553093952
jamesda01,2014,107776,github,0.0018367047836534364
jamesle01,2014,19067500,bbref,0.32494589205678354
jamesmi01,2014,889097,github,0.015151877162187495
jamisan01,2014,1399507,bbref,0.02385021898805365
jeffeal01,2014,13500000,bbref,0.23006527036929736
jeffeot01,2014,52017,github,0.0008864670495407215
jefferi01,2014,11046000,bbref,0.18824451677772286
jenkijo01,2014,1258800,bbref,0.02145230832154604
jennibr01,2014,7655503,bbref,0.13046410129688646
jerebjo01,2014,4500000,bbref,0.07668842345643245
jerregr01,2014,28834,bbref,0.0004913853337650607
johnsam01,2014,6500000,bbref,0.11077216721484688
johnsch03,2014,916099,bbref,0.015612041786669847
johnsch04,2014,916099,github,0.015612041786669847
johnsda03,2014,46404,github,0.0007908110226827314
johnsja01,2014,507409,github,0.008647199168356653
johnsjo02,2014,21466718,bbref,0.3658330578230713
johnsor01,2014,788872,bbref,0.013443855553093952
johnswe01,2014,916099,bbref,0.015612041786669847
jonesja02,2014,1500000,github,0.025562807818810818
jonespe01,2014,1082520,bbref,0.018448167146679392
jonesso01,2014,474583,github,0.008087782682049797
joneste01,2014,1551840,bbref,0.02644625845702892
jordade01,2014,10986550,bbref,0.187231377494504
josepco01,2014,1120920,bbref,0.01910257502684095
kamanch01,2014,3183000,bbref,0.05424427819151656
kanteen01,2014,4505280,bbref,0.07677840453995467
karasse01,2014,1467840,bbref,0.025014741219175515
kellyry01,2014,490180,bbref,0.00835358475774979
kiddgmi01,2014,4809840,bbref,0.08196867703948602
kirilan01,2014,3183000,bbref,0.05424427819151656
knighbr03,2014,2793960,bbref,0.047614308355629784
korveky01,2014,6760563,bbref,0.11521264847730875
koufoko01,2014,3000000,bbref,0.051125615637621635
kravtvi01,2014,1500000,bbref,0.025562807818810818
kuzmiog01,2014,490180,github,0.00835358475774979
lambdo01,2014,788872,bbref,0.013443855553093952
lambje01,2014,2111160,bbref,0.035978118236507095
landrca01,2014,6500000,bbref,0.11077216721484688
larkish01,2014,1536960,bbref,0.026192675403466318
lawsoty01,2014,10786517,bbref,0.18382244073689055
ledori01,2014,544000,bbref,0.009270778302288724
leeco01,2014,5225000,bbref,0.08904378056885769
leeda02,2014,13878000,bbref,0.2365070979396377
leema01,2014,884293,bbref,0.015070008009679784
lenal01,2014,3492720,bbref,0.05952248674994461
leonaka01,2014,1887840,bbref,0.032172327408442544
leoname01,2014,2222160,bbref,0.0378697660150991
leuerjo01,2014,900000,github,0.01533768469128649
lewisra02,2014,1399507,bbref,0.02385021898805365
liggide01,2014,88429,github,0.0015069956884064145
lillada01,2014,3202920,bbref,0.05458375227935036
linje01,2014,8374646,bbref,0.14271964416571517
livinsh01,2014,1272279,bbref,0.021682015712605873
lopezbr01,2014,14693906,bbref,0.25041166345711413
lopezro01,2014,5904261,bbref,0.10061965950339985
loveke01,2014,14693906,bbref,0.25041166345711413
lowryky01,2014,6210000,bbref,0.10583002436987679
lucasjo02,2014,1600000,bbref,0.027266995006731538
macksh01,2014,884293,bbref,0.015070008009679784
mahinia01,2014,4000000,bbref,0.06816748751682884
mariosh01,2014,9316796,bbref,0.15877564375671024
marshke01,2014,2005560,bbref,0.03417849656606282
martica01,2014,882375,github,0.015037321699415464
martike01,2014,1399507,bbref,0.02385021898805365
martike02,2014,6500000,bbref,0.11077216721484688
masonro01,2014,1272279,github,0.021682015712605873
matthwe02,2014,6875480,bbref,0.11717104926805161
maxieja01,2014,2500000,bbref,0.04260467969801803
maynoer01,2014,2016000,bbref,0.03435641370848174
mayooj01,2014,8000000,bbref,0.13633497503365768
mbahalu01,2014,4588384,bbref,0.0781946522606043
mccalra01,2014,524616,github,0.008940438657782171
mccolcj01,2014,2316720,bbref,0.03948124541999693
mcgeeja01,2014,10750000,bbref,0.18320012270147754
mclembe01,2014,2895960,bbref,0.04935257928730892
mcrobjo01,2014,2652000,bbref,0.04519504422365753
meeksjo01,2014,1550000,bbref,0.02641490141277118
mekelga01,2014,490180,github,0.00835358475774979
melofa01,2014,1311240,bbref,0.022345984082891665
middlkh01,2014,788872,bbref,0.013443855553093952
milescj01,2014,2225000,bbref,0.037918164931236044
millean02,2014,5000000,bbref,0.08520935939603606
milleda01,2014,788872,bbref,0.013443855553093952
millemi01,2014,1399507,bbref,0.02385021898805365
millequ01,2014,788872,bbref,0.013443855553093952
millspa01,2014,9500000,bbref,0.1618977828524685
millspa02,2014,1133950,bbref,0.019324630617427018
mitchto02,2014,500000,bbref,0.008520935939603605
mitchto03,2014,28834,github,0.0004913853337650607
mohamna01,2014,1399507,bbref,0.02385021898805365
monrogr01,2014,4086454,bbref,0.06964082550827383
mooreet01,2014,884293,bbref,0.015070008009679784
morrida01,2014,1046269,bbref,0.01783038224918625
morrima02,2014,2091840,bbref,0.03564886927180082
morrima03,2014,1987320,bbref,0.03386765282298608
morroan01,2014,1027424,bbref,0.01750922817362259
motiedo01,2014,1422720,bbref,0.024245811959985684
moultar01,2014,1089240,bbref,0.018562688525707662
mozgoti01,2014,4400000,bbref,0.07498423626851174
muhamsh01,2014,1887120,bbref,0.03216005726068952
mulleby01,2014,947907,bbref,0.016154109647403672
murpher01,2014,490180,bbref,0.00835358475774979
murryto01,2014,490180,github,0.00835358475774979
muscami01,2014,161471,bbref,0.0027517680942074677
nashst01,2014,9300500,bbref,0.15849792941256668
nealga01,2014,3250000,bbref,0.05538608360742344
nedovne01,2014,1056720,bbref,0.018008486852195846
nelsoja01,2014,8600000,bbref,0.146560098161182
nichoan01,2014,1482000,bbref,0.025256054124985088
noahjo01,2014,11100000,bbref,0.18916477785920005
noelne01,2014,3172320,bbref,0.054062270999846625
novakst01,2014,3750000,bbref,0.06390701954702704
nowitdi01,2014,22721381,bbref,0.387214863920653
nunnaja01,2014,57668,github,0.0009827706675301215
odengr01,2014,1027424,bbref,0.01750922817362259
ohlbrti01,2014,788872,bbref,0.013443855553093952
okafoem01,2014,14487500,bbref,0.2468941188500145
oladivi01,2014,4763760,bbref,0.08118338758329215
olynyke01,2014,1986360,bbref,0.033851292625982035
onealje01,2014,2000000,bbref,0.03408374375841442
onuakar01,2014,57668,github,0.0009827706675301215
oquinky01,2014,788872,bbref,0.013443855553093952
ortonda01,2014,369322,github,0.006293938206172566
outlatr01,2014,3000000,bbref,0.051125615637621635
pachuza01,2014,5200000,bbref,0.0886177337718775
pargoja01,2014,1399507,bbref,0.02385021898805365
parketo01,2014,12500000,bbref,0.21302339849009014
parsoch01,2014,926500,bbref,0.01578929429608548
pattepa01,2014,3105302,bbref,0.052920158830245916
paulch01,2014,18668431,bbref,0.3181450092878202
pekovni01,2014,12100000,bbref,0.20620664973840727
pendeje02,2014,1750000,bbref,0.029823275788612623
perkike01,2014,8477437,bbref,0.14447139521805075
piercpa01,2014,15333334,bbref,0.26130871350909185
pittmde01,2014,53888,github,0.0009183523918267182
plumlma01,2014,1298640,bbref,0.022131256497213654
plumlmi01,2014,1121520,bbref,0.01911280014996847
pondequ01,2014,2225479,bbref,0.03792632798786619
porteot01,2014,4278000,bbref,0.07290512789924845
pressph01,2014,490180,github,0.00835358475774979
priceaj01,2014,947907,github,0.016154109647403672
pricero01,2014,1265977,bbref,0.02157461783602311
prigipa01,2014,1591350,bbref,0.0271195828149764
princta01,2014,7235955,bbref,0.12331421803370882
radulmi01,2014,490180,github,0.00835358475774979
randoan01,2014,1750000,bbref,0.029823275788612623
randosh01,2014,306036,github,0.0052154263024250585
randoza01,2014,17800000,bbref,0.30334531944988835
redicjj01,2014,6300000,bbref,0.10736379283900543
ricegl02,2014,490180,bbref,0.00835358475774979
richaja01,2014,6204250,bbref,0.10573203360657135
richaqu01,2014,2808600,bbref,0.04786380135994137
ridnolu01,2014,4320000,bbref,0.07362088651817515
riverau01,2014,2339040,bbref,0.03986162000034084
roberan03,2014,1110840,bbref,0.01893079295829854
roberbr01,2014,788872,bbref,0.013443855553093952
robinna01,2014,2016000,bbref,0.03435641370848174
robinth01,2014,3526440,bbref,0.06009713866971148
rondora01,2014,11954545,bbref,0.20372782426421718
rosede01,2014,17632688,bbref,0.30049400978203444
rosste01,2014,2678640,bbref,0.04564903969051961
roybr01,2014,17888932,bbref,0.30486088719985005
rubiori01,2014,4002120,bbref,0.06820361628521276
rushbr01,2014,4000000,bbref,0.06816748751682884
sacrero01,2014,788872,bbref,0.013443855553093952
salmojo01,2014,7583000,bbref,0.12922851446002828
sandela01,2014,3053368,bbref,0.05203510625607117
schrode01,2014,1348200,bbref,0.022975851667547162
scolalu01,2014,4508504,bbref,0.07683334753489324
scottmi01,2014,788872,bbref,0.013443855553093952
sefolth01,2014,3900000,bbref,0.06646330032890813
serapke01,2014,2761114,bbref,0.04705455103188534
sessira01,2014,5000000,bbref,0.08520935939603606
shakumu01,2014,46404,github,0.0007908110226827314
shengto01,2014,788872,bbref,0.013443855553093952
shumpim01,2014,1703760,bbref,0.02903525963291808
shvedal01,2014,3150000,bbref,0.05368189641950272
simshe01,2014,788872,github,0.013443855553093952
singlch01,2014,1618680,bbref,0.02758533717343513
singlky01,2014,1045000,bbref,0.017808756113771536
sivape01,2014,490180,github,0.00835358475774979
sloando01,2014,884293,bbref,0.015070008009679784
smithch05,2014,184538,github,0.0031448729528451404
smithgr02,2014,884293,bbref,0.015070008009679784
smithis01,2014,951463,bbref,0.016214710543806132
smithja02,2014,2500000,bbref,0.04260467969801803
smithjo03,2014,13500000,bbref,0.23006527036929736
smithjr01,2014,5565000,bbref,0.09483801700778814
snellto01,2014,1409040,bbref,0.02401267915267813
southja01,2014,126870,github,0.002162102285315019
speigma01,2014,3500000,bbref,0.059646551577225246
splitti01,2014,10000000,bbref,0.17041871879207213
stephdj01,2014,28834,github,0.0004913853337650607
stephla01,2014,1005000,bbref,0.017127081238603247
stiemgr01,2014,2676000,bbref,0.0456040491487585
stoneju01,2014,884293,github,0.015070008009679784
stoudam01,2014,21679893,bbref,0.36946595886092126
stuckro01,2014,8500000,bbref,0.1448559109732613
sullija01,2014,1365720,bbref,0.023274425262870872
tayloje03,2014,788872,bbref,0.013443855553093952
tayloty01,2014,788872,bbref,0.013443855553093952
teaguje01,2014,8000000,bbref,0.13633497503365768
teaguma01,2014,1074720,bbref,0.018315240546021575
teletmi01,2014,3229050,bbref,0.055029056391554046
templga01,2014,916099,bbref,0.015612041786669847
terryja01,2014,5625313,bbref,0.09586586342643875
thabeha01,2014,1200000,bbref,0.020450246255048654
thomais02,2014,884293,bbref,0.015070008009679784
thomala01,2014,884293,bbref,0.015070008009679784
thomama01,2014,702233,github,0.011967364815351319
thompho01,2014,490180,github,0.00835358475774979
thompja02,2014,5643750,bbref,0.0961800644182757
thompkl01,2014,2317920,bbref,0.03950169566625198
thomptr01,2014,4062000,bbref,0.0692240835733397
thornma01,2014,8050000,bbref,0.13718706862761806
tinslja01,2014,139951,github,0.0023850270113669287
tollian01,2014,1027424,bbref,0.01750922817362259
tuckepj01,2014,884293,bbref,0.015070008009679784
turiaro01,2014,1500000,bbref,0.025562807818810818
turkohe01,2014,12000000,bbref,0.20450246255048654
turneev01,2014,6679867,bbref,0.11383743758414425
tylerje01,2014,884293,bbref,0.015070008009679784
udohek01,2014,4469548,bbref,0.07616946437396684
udrihbe01,2014,1272279,bbref,0.021682015712605873
valanjo01,2014,3526440,bbref,0.06009713866971148
varejan01,2014,9036364,bbref,0.1539965575418804
varnaja01,2014,788872,bbref,0.013443855553093952
vasqugr01,2014,2150188,bbref,0.036643228412208795
veselja01,2014,3340920,bbref,0.05693553059868096
villach01,2014,8580000,bbref,0.1462192607235979
vucevni01,2014,1793520,bbref,0.03056493805279572
vujacsa01,2014,69791,github,0.0011893692803217506
wadedw01,2014,18673000,bbref,0.3182228736004363
waitedi01,2014,3894240,bbref,0.0663651391468839
walkeke02,2014,2568360,bbref,0.043769662059680636
wallage01,2014,10105855,bbref,0.1722226861398456
walljo01,2014,7459925,bbref,0.12713108607849485
wareca01,2014,69201,github,0.0011793145759130183
watsocj01,2014,2016000,bbref,0.03435641370848174
watsoea01,2014,1399507,bbref,0.02385021898805365
waynsma01,2014,361952,github,0.006168339610422809
webstma02,2014,5150000,bbref,0.08776564017791715
westbru01,2014,14693906,bbref,0.25041166345711413
westda01,2014,12000000,bbref,0.20450246255048654
whitero03,2014,1719480,bbref,0.029303157858859216
willide01,2014,18466130,bbref,0.3146974215647847
willide02,2014,5016960,bbref,0.08549838954310741
williel01,2014,797545,github,0.013591659707902316
willilo02,2014,5225000,bbref,0.08904378056885769
willima01,2014,2652000,bbref,0.04519504422365753
willima02,2014,7500000,bbref,0.1278140390940541
willire02,2014,947907,bbref,0.016154109647403672
willish03,2014,535770,github,0.009130523696722848
witheje01,2014,490180,bbref,0.00835358475774979
woltena01,2014,500000,bbref,0.008520935939603605
wrighbr03,2014,5000000,bbref,0.08520935939603606
wrighch01,2014,139212,github,0.0023724330680481944
wrighdo01,2014,3000000,bbref,0.051125615637621635
wroteto01,2014,1160040,bbref,0.019769253054755534
youngni01,2014,1106942,bbref,0.01886436374171339
youngth01,2014,8600000,bbref,0.146560098161182
zelleco01,2014,3857040,bbref,0.06573118151297738
zellety01,2014,1633440,bbref,0.027836875202372227
acyqu01,2015,915243,bbref,0.014512693252992944
adamsjo01,2015,1344120,bbref,0.02131324823594704
adamsst01,2015,2184960,bbref,0.03464615872512487
adrieje01,2015,981084,bbref,0.015556711329580591
afflaar01,2015,7750000,bbref,0.12288908269246016
ajincal01,2015,981084,bbref,0.015556711329580591
aldemfu01,2015,3000000,bbref,0.047569967493855544
aldrico01,2015,981084,bbref,0.015556711329580591
aldrila01,2015,16006000,bbref,0.2538016332355506
allenla01,2015,948163,bbref,0.015034694362958852
allento01,2015,4831461,bbref,0.07661081423927693
aminual01,2015,981084,bbref,0.015556711329580591
amundlo01,2015,409167,bbref,0.006488020296519464
anderal01,2015,1276061,bbref,0.0202340600967256
anderch01,2015,5375000,bbref,0.08522952509315786
anderky01,2015,1093680,bbref,0.017342107349559977
anderry01,2015,8491500,bbref,0.13464679299135812
antetgi01,2015,1873200,bbref,0.029702687703163404
anthoca01,2015,22458000,bbref,0.3561087766590026
anthojo01,2015,3800000,bbref,0.06025529215888369
anticpe01,2015,1250000,bbref,0.019820819789106478
arizatr01,2015,8579089,bbref,0.13603566161896455
arthuda01,2015,3457149,bbref,0.05481882185047174
asikom01,2015,8374646,bbref,0.13279387933084913
augusdj01,2015,3000000,bbref,0.047569967493855544
babbch01,2015,48028,bbref,0.0007615634662649647
babbilu01,2015,981084,bbref,0.015556711329580591
bairsca01,2015,507336,bbref,0.0080446523428209
barbole01,2015,1448490,bbref,0.022968207405058273
bareajo01,2015,1310286,bbref,0.020776754142551337
bargnan01,2015,11500000,bbref,0.1823515420597796
barneha02,2015,3049920,bbref,0.0483615317529533
barnema02,2015,3396250,bbref,0.0538531673670023
barroea01,2015,107676,bbref,0.0017073812732894633
bartowi01,2015,915243,bbref,0.014512693252992944
bassbr01,2015,6900000,bbref,0.10941092523586776
batumni01,2015,11765500,bbref,0.18656148418298582
bayleje01,2015,3000000,bbref,0.047569967493855544
baynear01,2015,2077000,bbref,0.032934274161579326
bazemke01,2015,2000000,bbref,0.03171331166257036
bealbr01,2015,4505280,bbref,0.0714386743835725
beaslmi01,2015,777778,bbref,0.012332958059145326
belinma01,2015,2873750,bbref,0.04556806469515579
benimje01,2015,35000,bbref,0.0005549829540949814
bennean01,2015,5563920,bbref,0.08822516451280425
beverpa01,2015,915243,bbref,0.014512693252992944
bhullsi01,2015,29843,bbref,0.0004732101799730437
birchkh01,2015,50000,bbref,0.0007928327915642591
biyombi01,2015,3873398,bbref,0.06141913898358836
blackta01,2015,507336,bbref,0.0080446523428209
blairde01,2015,2000000,bbref,0.03171331166257036
blakest01,2015,2077000,bbref,0.032934274161579326
blatcan01,2015,8471339,bbref,0.1343271069531436
bledser01,2015,12173913,bbref,0.1930375485610085
blueva01,2015,48028,github,0.0007615634662649647
bogdabo02,2015,3278000,bbref,0.051978117814952825
bogutan01,2015,12972973,bbref,0.20570796796955523
bonnema01,2015,1448490,bbref,0.022968207405058273
booketr01,2015,5000000,bbref,0.07928327915642591
boozeca01,2015,13550000,bbref,0.2148576865139142
boshch01,2015,20644400,bbref,0.3273511456433838
bostde01,2015,65000,bbref,0.0010306826290335368
bradlav01,2015,7191011,bbref,0.11402538650598588
brandel01,2015,2000000,bbref,0.03171331166257036
breweco01,2015,4702500,bbref,0.07456592404661856
brookaa01,2015,1145685,bbref,0.018166732736065963
brownja01,2015,44765,bbref,0.0007098231982874812
brownlo01,2015,283367,bbref,0.0044932529929437885
brownma02,2015,507336,bbref,0.0080446523428209
brownsh01,2015,215811,github,0.0034220407516054865
bryanko01,2015,23500000,bbref,0.3726314120352018
budinch01,2015,5000000,bbref,0.07928327915642591
bullore01,2015,1200720,bbref,0.019039403789740745
burketr01,2015,2548560,bbref,0.04041163878538016
burksal01,2015,3034356,bbref,0.04811473876159518
butleca01,2015,4500000,bbref,0.07135495124078332
butleji01,2015,2008748,bbref,0.03185202568778245
butlera01,2015,1448490,bbref,0.022968207405058273
buyckdw01,2015,48028,bbref,0.0007615634662649647
bynumwi01,2015,2915908,bbref,0.046236549591691115
cabocbr01,2015,1458360,bbref,0.023124712598113058
calatni01,2015,816482,bbref,0.012946674066439389
caldejo01,2015,7097191,bbref,0.11253771505589472
caldwke01,2015,2772480,bbref,0.04396226115912154
cambyma01,2015,646609,bbref,0.010253056370411481
canaais01,2015,816482,bbref,0.012946674066439389
capelca01,2015,1189200,bbref,0.018856735114564337
carrode01,2015,2442455,bbref,0.03872916831840165
cartemi01,2015,2300040,bbref,0.03647094267818917
cartevi01,2015,3911981,bbref,0.06203093633552684
casspom01,2015,1063384,bbref,0.016861714104495364
chalmma01,2015,4000000,bbref,0.06342662332514072
chandty01,2015,14598888,bbref,0.23148954253547926
chandwi01,2015,6757913,bbref,0.10715790057876794
cherrwi01,2015,25000,bbref,0.00039641639578212953
childjo01,2015,7317500,bbref,0.11603107904542932
clarkea01,2015,62552,bbref,0.0009918655355585506
clarkia01,2015,816482,bbref,0.012946674066439389
clarkjo01,2015,507336,bbref,0.0080446523428209
clavevi01,2015,1370000,bbref,0.0217236184888607
coleno01,2015,2038206,bbref,0.03231913105526044
collida01,2015,4797664,bbref,0.07607490684214699
collini01,2015,2242003,bbref,0.035550669943708875
conlemi01,2015,8894216,bbref,0.14103252200110997
cooleja01,2015,187357,bbref,0.0029708554665820977
copelch01,2015,3135000,bbref,0.04971061603107905
cottobr01,2015,152200,bbref,0.0024133830175216047
couside01,2015,13701250,bbref,0.2172560057083961
covinro01,2015,1000000,bbref,0.01585665583128518
crabbal01,2015,862000,bbref,0.013668437326567827
craftaa01,2015,35000,bbref,0.0005549829540949814
crawfja01,2015,5450000,bbref,0.08641877428050425
crowdja01,2015,915243,bbref,0.014512693252992944
cunnida01,2015,831942,bbref,0.013191817965591057
curryse01,2015,100000,bbref,0.0015856655831285181
curryst01,2015,10629213,bbref,0.16854377229842227
dalemsa01,2015,3867282,bbref,0.06132215967652422
danietr01,2015,816482,bbref,0.012946674066439389
datomlu01,2015,1750000,bbref,0.02774914770474907
daviebr01,2015,129676,github,0.002056227701577737
davisan02,2015,5607240,bbref,0.08891207484341553
davised01,2015,981084,bbref,0.015556711329580591
davisgl01,2015,6600000,bbref,0.1046539284864822
davisjo03,2015,20000,bbref,0.00031713311662570366
dawkian01,2015,59686,bbref,0.0009464203599460874
dayeau01,2015,1063384,bbref,0.016861714104495364
dedmode01,2015,816482,bbref,0.012946674066439389
delfica01,2015,650000,bbref,0.010306826290335368
dellama01,2015,816482,bbref,0.012946674066439389
denglu01,2015,9714461,bbref,0.1540388646634425
derozde01,2015,9500000,bbref,0.15063823039720922
diawbo01,2015,7500000,bbref,0.11892491873463887
dienggo01,2015,1413480,bbref,0.02241306588440498
dinwisp01,2015,700000,bbref,0.011099659081899627
dorsejo01,2015,948163,bbref,0.015034694362958852
douglch01,2015,915243,bbref,0.014512693252992944
douglto01,2015,268974,bbref,0.0042650281455641
dragigo01,2015,7500000,bbref,0.11892491873463887
dragizo01,2015,1962103,bbref,0.03111239197653215
drewla02,2015,59686,bbref,0.0009464203599460874
drumman01,2015,2568360,bbref,0.04072560057083961
dudleja01,2015,4250000,bbref,0.06739078728296202
duncati01,2015,10000000,bbref,0.15856655831285182
dunlemi02,2015,3326235,bbref,0.05274296360897487
duranke01,2015,18995624,bbref,0.3012070720685008
earlycl01,2015,507336,bbref,0.0080446523428209
eddieja01,2015,29843,bbref,0.0004732101799730437
ellinwa01,2015,1063384,bbref,0.016861714104495364
ellismo01,2015,8360000,bbref,0.13256164274954413
embiijo01,2015,4427640,bbref,0.07020756362483152
ennisja01,2015,507336,bbref,0.0080446523428209
ennisty01,2015,1590720,bbref,0.025223499563941966
evansje01,2015,1794871,bbref,0.028460651708554666
evansre01,2015,1768653,bbref,0.028044921905970032
evansty01,2015,10763500,bbref,0.17067311504003804
exumda01,2015,3615000,bbref,0.05732181083009593
ezelife01,2015,1112880,bbref,0.017646555141520654
farieke01,2015,2249768,bbref,0.035673796876238804
farmajo01,2015,2077000,bbref,0.032934274161579326
favervi01,2015,2090000,bbref,0.03314041068738603
favorde01,2015,12833333,bbref,0.20349374454927455
felixca01,2015,816482,bbref,0.012946674066439389
feltora01,2015,3793693,bbref,0.06015528423055578
fieldla01,2015,6250000,bbref,0.09910409894553239
fournev01,2015,1483920,bbref,0.023530008721160706
foyera01,2015,3135000,bbref,0.04971061603107905
frankja01,2015,163296,bbref,0.002589328470625545
fraziti01,2015,59686,bbref,0.0009464203599460874
fredeji01,2015,948163,bbref,0.015034694362958852
freeljo01,2015,3013512,bbref,0.04778422262744787
fryech01,2015,8175476,bbref,0.12963570918893205
gallida01,2015,10854850,bbref,0.17212162055022595
gallola01,2015,235762,bbref,0.003738396892095457
garcifr01,2015,1316809,bbref,0.020880187108538808
garneke01,2015,12000000,bbref,0.19027986997542218
garredi02,2015,915243,bbref,0.014512693252992944
gasolma01,2015,15829688,bbref,0.25100591453262505
gasolpa01,2015,7128000,bbref,0.11302624276540078
gayru01,2015,19317325,bbref,0.306308174106081
geeal01,2015,1063384,bbref,0.016861714104495364
georgpa01,2015,15925680,bbref,0.2525280266391818
gibsota01,2015,8000000,bbref,0.12685324665028144
ginobma01,2015,7000000,bbref,0.11099659081899628
goberru01,2015,1127400,bbref,0.017876793784190916
goodedr01,2015,6680000,bbref,0.10592246095298502
goodwar01,2015,1112280,bbref,0.017637041148021882
gordoaa01,2015,3992040,bbref,0.0633004043447237
gordobe01,2015,4500000,bbref,0.07135495124078332
gordodr01,2015,40000,bbref,0.0006342662332514073
gordoer01,2015,14898938,bbref,0.2362473321176564
gortama01,2015,10434782,bbref,0.16546074684848966
grangda01,2015,2077000,bbref,0.032934274161579326
grantje01,2015,884879,bbref,0.0140312217553318
grayaa01,2015,1227985,bbref,0.019471735510980734
greenda02,2015,4025000,bbref,0.06382303972092286
greendr01,2015,915243,bbref,0.014512693252992944
greener01,2015,507336,bbref,0.0080446523428209
greenge01,2015,3500000,bbref,0.05549829540949814
greenja01,2015,59686,bbref,0.0009464203599460874
greenje02,2015,9445000,bbref,0.14976611432648854
greenwi01,2015,1448490,bbref,0.022968207405058273
griffbl01,2015,17674612,bbref,0.28026023943550304
griffer01,2015,150000,bbref,0.0023784983746927774
gutiejo01,2015,59686,bbref,0.0009464203599460874
hairspj02,2015,1149720,bbref,0.0182307143423452
hamiljo02,2015,150591,bbref,0.002387869658289067
hamilju01,2015,816482,bbref,0.012946674066439389
hamilri01,2015,333333,bbref,0.005285546658209784
hansbty01,2015,3326235,bbref,0.05274296360897487
hardati02,2015,1250640,bbref,0.0198309680488385
hardeja01,2015,14728844,bbref,0.23355021010068977
harklma01,2015,1887840,bbref,0.02993482914453342
harrial01,2015,3805000,bbref,0.06033457543804012
harride01,2015,3878000,bbref,0.06149211131372394
harriga01,2015,1519200,bbref,0.02408943153888845
harrijo01,2015,884879,bbref,0.0140312217553318
harrito02,2015,2380594,bbref,0.03774825973202252
hasleud01,2015,2732000,bbref,0.04332038373107112
hawessp01,2015,5305000,bbref,0.08411955918496788
hayesch01,2015,5958750,bbref,0.09448584793467057
haywago01,2015,14746000,bbref,0.2338222468881313
haywobr01,2015,7798000,bbref,0.12365020217236185
hendege02,2015,6000000,bbref,0.09513993498771109
henryxa01,2015,1082000,bbref,0.01715690160945057
hensojo01,2015,1987320,bbref,0.03151224926662967
hibbero01,2015,14898938,bbref,0.2362473321176564
hicksjj01,2015,5381750,bbref,0.08533655752001902
hilarne01,2015,13000000,bbref,0.20613652580670735
hillge01,2015,8000000,bbref,0.12685324665028144
hilljo01,2015,9000000,bbref,0.14270990248156665
hillso01,2015,1302840,bbref,0.020658685483231586
hinriki01,2015,2730000,bbref,0.043288670419408544
holidjr01,2015,9904495,bbref,0.15705216839768493
holidju01,2015,816482,bbref,0.012946674066439389
holliry01,2015,1316809,bbref,0.020880187108538808
hoodro01,2015,1290360,bbref,0.02046079441845715
horfoal01,2015,12000000,bbref,0.19027986997542218
howardw01,2015,21436271,bbref,0.3399075715531594
hudsole01,2015,55774,bbref,0.0008843891223340997
hummero01,2015,880000,bbref,0.01395385713153096
humphkr01,2015,4300000,bbref,0.06818362007452629
ibakase01,2015,12350000,bbref,0.195829699516372
iguodan01,2015,12289544,bbref,0.19487106953143582
ilyaser01,2015,7900000,bbref,0.12526758106715294
inglejo01,2015,507336,bbref,0.0080446523428209
inglida01,2015,820000,bbref,0.01300245778165385
irvinky01,2015,7070730,bbref,0.11211813208594308
jackja01,2015,6300000,bbref,0.09989693173709664
jackspi01,2015,400000,bbref,0.0063426623325140725
jacksre01,2015,2204370,bbref,0.034953936414810115
jamesbe01,2015,915243,bbref,0.014512693252992944
jamesle01,2015,20644400,bbref,0.3273511456433838
jeffeal01,2015,13666667,bbref,0.21670763497978277
jeffeco01,2015,507336,bbref,0.0080446523428209
jefferi01,2015,1448490,bbref,0.022968207405058273
jenkijo01,2015,1312920,bbref,0.02081852057401094
jennibr01,2015,8000000,bbref,0.12685324665028144
jerebjo01,2015,4500000,bbref,0.07135495124078332
jerregr01,2015,816481,bbref,0.012946658209783557
johnsam01,2015,7000000,bbref,0.11099659081899628
johnsch04,2015,166897,bbref,0.002646428288274003
johnsiv01,2015,25000,bbref,0.00039641639578212953
johnsja01,2015,2500000,bbref,0.039641639578212956
johnsjo02,2015,23180790,bbref,0.36756980892729724
johnsni01,2015,507336,bbref,0.0080446523428209
johnsty01,2015,507336,bbref,0.0080446523428209
johnswe01,2015,981084,bbref,0.015556711329580591
jonesda02,2015,387632,bbref,0.006146547213192737
jonesja02,2015,1448490,bbref,0.022968207405058273
jonespe01,2015,1129200,bbref,0.017905335764687228
joneste01,2015,1618680,bbref,0.0256668516609847
jordade01,2015,11440124,bbref,0.18140210893522557
jordaje01,2015,915243,bbref,0.014512693252992944
josepco01,2015,2023261,bbref,0.03208215333386189
kamanch01,2015,4800000,bbref,0.07611194799016888
kanteen01,2015,5694674,bbref,0.09029848568936812
karasse01,2015,1533840,bbref,0.024321572980258464
kellyry01,2015,1650000,bbref,0.02616348212162055
kiddgmi01,2015,5016960,bbref,0.0795522080393245
kilpase01,2015,35000,bbref,0.0005549829540949814
kirilan01,2015,3326235,bbref,0.05274296360897487
kirkal01,2015,65000,bbref,0.0010306826290335368
knighbr03,2015,3553917,bbref,0.05635323872195354
korveky01,2015,6253521,bbref,0.09915993023071434
koufoko01,2015,3000000,bbref,0.047569967493855544
kuzmiog01,2015,816482,bbref,0.012946674066439389
lambje01,2015,2202000,bbref,0.03491635614048997
landrca01,2015,6500000,bbref,0.10306826290335368
larkish01,2015,1606080,bbref,0.025467057797510503
lauvejo01,2015,1790280,bbref,0.028387853801633237
lavinza01,2015,2055840,bbref,0.032598747324189326
lawsoty01,2015,11595506,bbref,0.18386594783160232
ledori01,2015,816482,bbref,0.012946674066439389
leeco01,2015,5450000,bbref,0.08641877428050425
leeda02,2015,15012000,bbref,0.23804011733925315
leema01,2015,37686,github,0.0005975739316578134
lenal01,2015,3649920,bbref,0.05787552525172441
leonaka01,2015,2894059,bbref,0.04589009751843336
leoname01,2015,2317920,bbref,0.036754459684452546
leuerjo01,2015,967500,bbref,0.015341314516768413
lillada01,2015,3340920,bbref,0.05297581859985729
linje01,2015,8374646,bbref,0.13279387933084913
livinsh01,2015,5305000,bbref,0.08411955918496788
lopezbr01,2015,15719063,bbref,0.24925177198128914
lopezro01,2015,6124728,bbref,0.09711770395623563
loveke01,2015,15719062,bbref,0.24925175612463332
lowryky01,2015,12000000,bbref,0.19027986997542218
lucasjo02,2015,123827,bbref,0.0019634821216205503
lucaska01,2015,173008,github,0.002743328312058987
macksh01,2015,2433333,bbref,0.038584523903908666
mahinia01,2015,4000000,bbref,0.06342662332514072
marblde01,2015,884879,bbref,0.0140312217553318
mariosh01,2015,1448490,bbref,0.022968207405058273
marshke01,2015,915243,bbref,0.014512693252992944
martica01,2015,1145685,bbref,0.018166732736065963
martike01,2015,414551,bbref,0.006573392531515104
martike02,2015,6792500,bbref,0.1077063347340046
matthwe02,2015,7245640,bbref,0.11489161975739316
maxieja01,2015,1316809,bbref,0.020880187108538808
maynoer01,2015,2106720,bbref,0.03340553397288512
mayooj01,2015,8000000,bbref,0.12685324665028144
mbahalu01,2015,4382576,bbref,0.06949299928645049
mcadoja01,2015,167122,bbref,0.002649996035836042
mccalra01,2015,816482,bbref,0.012946674066439389
mccolcj01,2015,2421000,bbref,0.038388963767541424
mcdankj01,2015,507336,bbref,0.0080446523428209
mcderdo01,2015,2277960,bbref,0.03612082771743439
mcgarmi01,2015,1400040,bbref,0.022199952430032505
mcgeeja01,2015,11250000,bbref,0.1783873781019583
mclembe01,2015,3026280,bbref,0.04798668040910172
mcneaje01,2015,29843,bbref,0.0004732101799730437
mcrobjo01,2015,5305000,bbref,0.08411955918496788
meeksjo01,2015,6000000,bbref,0.09513993498771109
mekelga01,2015,816482,bbref,0.012946674066439389
melofa01,2015,437080,bbref,0.006930627130738128
middlkh01,2015,915243,bbref,0.014512693252992944
milescj01,2015,4205000,bbref,0.06667723777055419
millean02,2015,4625000,bbref,0.07333703321969397
milleda01,2015,400000,bbref,0.0063426623325140725
millemi01,2015,6600000,bbref,0.1046539284864822
millequ01,2015,150000,bbref,0.0023784983746927774
millsel01,2015,241731,bbref,0.003833045270752398
millspa01,2015,9500000,bbref,0.15063823039720922
millspa02,2015,3842105,bbref,0.06092293665265995
mirotni01,2015,5305000,bbref,0.08411955918496788
mitchak01,2015,150000,bbref,0.0023784983746927774
mitchto02,2015,816482,bbref,0.012946674066439389
mohamna01,2015,1448490,bbref,0.022968207405058273
monrogr01,2015,5479934,bbref,0.08689342741615794
mooreet01,2015,948163,bbref,0.015034694362958852
moreler01,2015,507336,bbref,0.0080446523428209
morrida01,2015,702756,bbref,0.01114336002537065
morrima02,2015,2989239,bbref,0.04739933402045508
morrima03,2015,2943221,bbref,0.04666964243241101
morroan01,2015,3200000,bbref,0.05074129866011258
motiedo01,2015,1483920,bbref,0.023530008721160706
moultar01,2015,1136160,bbref,0.01801569808927297
mozgoti01,2015,4650000,bbref,0.0737334496154761
muhamsh01,2015,1971960,bbref,0.031268691033061125
murpher01,2015,100000,bbref,0.0015856655831285181
murphke01,2015,65000,bbref,0.0010306826290335368
murryto01,2015,250000,bbref,0.003964163957821295
muscami01,2015,816482,bbref,0.012946674066439389
napiesh01,2015,1238640,bbref,0.019640688178863077
nashst01,2015,9701000,bbref,0.15382541821929754
nealga01,2015,3250000,bbref,0.05153413145167684
nedovne01,2015,1104240,bbref,0.01750955363513835
nelsoja01,2015,2732000,bbref,0.04332038373107112
nichoan01,2015,1545840,bbref,0.024511852850233887
noahjo01,2015,12200000,bbref,0.1934512011416792
noelne01,2015,3315120,bbref,0.052566716879410134
noguelu01,2015,1762680,bbref,0.027950210100689765
novakst01,2015,3445946,bbref,0.05464117973519385
nowitdi01,2015,7974482,bbref,0.12644861650677872
nurkiju01,2015,1762680,bbref,0.027950210100689765
obryajo01,2015,600000,bbref,0.00951399349877111
oladivi01,2015,4978200,bbref,0.07893760405930389
olynyke01,2015,2075760,bbref,0.03291461190834853
onuakar01,2015,43226,bbref,0.0006854198049631333
oquinky01,2015,915243,bbref,0.014512693252992944
outlatr01,2015,4000000,bbref,0.06342662332514072
pachuza01,2015,5200000,bbref,0.08245461032268295
papanko01,2015,4800000,bbref,0.07611194799016888
pargoja01,2015,1448490,bbref,0.022968207405058273
parkeja01,2015,4930560,bbref,0.07818219297550147
parketo01,2015,12500000,bbref,0.19820819789106478
parsoch01,2015,14700000,bbref,0.23309284071989217
pattepa01,2015,5831326,bbref,0.0924653294220249
paulch01,2015,20068563,bbref,0.31822029651946404
paynead01,2015,1855320,bbref,0.029419170696900025
paytoel01,2015,2397840,bbref,0.03802172361848886
pekovni01,2015,12100000,bbref,0.1918655355585507
pendeje02,2015,1828750,bbref,0.028997859351462776
perkike01,2015,9654342,bbref,0.15308557837152145
piercpa01,2015,5305000,bbref,0.08411955918496788
plumlma01,2015,1357080,bbref,0.021518750495520496
plumlmi01,2015,1169880,bbref,0.01855038452390391
pondequ01,2015,3146068,bbref,0.04988611749781971
porteot01,2015,4470480,bbref,0.07088686276064378
poweldw01,2015,507336,bbref,0.0080446523428209
pressph01,2015,816482,bbref,0.012946674066439389
priceaj01,2015,62552,bbref,0.0009918655355585506
pricero01,2015,1316809,bbref,0.020880187108538808
prigipa01,2015,1662961,bbref,0.026369000237849837
princta01,2015,7707865,bbref,0.12222096249900896
radulmi01,2015,300000,bbref,0.004756996749385555
randlju01,2015,2997360,bbref,0.047528105922460956
randoan01,2015,1825359,bbref,0.028944089431538887
randosh01,2015,1227985,bbref,0.019471735510980734
randoza01,2015,16500000,bbref,0.2616348212162055
redicjj01,2015,6583500,bbref,0.10439229366526599
ricegl02,2015,400000,bbref,0.0063426623325140725
richaja01,2015,6601125,bbref,0.1046717672242924
ridnolu01,2015,2750000,bbref,0.04360580353603425
riverau01,2015,2439840,bbref,0.03868770316340284
roberan03,2015,1160880,bbref,0.018407674621422343
roberbr01,2015,2732000,bbref,0.04332038373107112
robingl02,2015,507336,bbref,0.0080446523428209
robinna01,2015,2106720,bbref,0.03340553397288512
robinth01,2015,3678360,bbref,0.05832648854356616
rondora01,2015,12909091,bbref,0.20469501308174107
rosede01,2015,18862875,bbref,0.2991021168635535
rosste01,2015,2793960,bbref,0.044302862126377546
roybr01,2015,19317326,bbref,0.30630818996273684
rubiori01,2015,5070686,bbref,0.08040412273051613
rudezda01,2015,1100000,bbref,0.0174423214144137
rushbr01,2015,1145685,bbref,0.018166732736065963
sacrero01,2015,915243,bbref,0.014512693252992944
salmojo01,2015,2000000,bbref,0.03171331166257036
sampsja02,2015,507336,bbref,0.0080446523428209
sanchor01,2015,15000,bbref,0.00023784983746927773
sandela01,2015,11000000,bbref,0.174423214144137
schrode01,2015,1690680,bbref,0.02680853088083723
scolalu01,2015,6541000,bbref,0.10371838579243638
scottmi01,2015,3333333,bbref,0.05285551415206533
sefolth01,2015,4150000,bbref,0.0658051216998335
serapke01,2015,3898692,bbref,0.06182021723618489
sessira01,2015,2077000,bbref,0.032934274161579326
shumpim01,2015,2616975,bbref,0.04149647189407754
shvedal01,2015,3282056,bbref,0.05204243241100452
simshe01,2015,915243,bbref,0.014512693252992944
singlky01,2015,1090000,bbref,0.01728375485610085
sivape01,2015,100000,bbref,0.0015856655831285181
sloando01,2015,948163,bbref,0.015034694362958852
smartma01,2015,3283320,bbref,0.052062475223975266
smithgr02,2015,948163,bbref,0.015034694362958852
smithis01,2015,981084,bbref,0.015556711329580591
smithja02,2015,3278000,bbref,0.051978117814952825
smithjo03,2015,14000000,bbref,0.22199318163799256
smithjr01,2015,6516000,bbref,0.10332196939665425
smithru01,2015,816482,bbref,0.012946674066439389
snellto01,2015,1472400,bbref,0.0233473400459843
speigma01,2015,3657500,bbref,0.05799571870292555
splitti01,2015,9250000,bbref,0.14667406643938793
stausni01,2015,2745840,bbref,0.0435398398477761
stephla01,2015,9000000,bbref,0.14270990248156665
stiemgr01,2015,981084,bbref,0.015556711329580591
stockda01,2015,29843,bbref,0.0004732101799730437
stokeja01,2015,725000,bbref,0.011496075477681757
stoudam01,2015,23410988,bbref,0.37121997938634743
stuckro01,2015,1227985,bbref,0.019471735510980734
sullija01,2015,1424520,bbref,0.02258812336478237
tayloje03,2015,915243,bbref,0.014512693252992944
teaguje01,2015,8000000,bbref,0.12685324665028144
teaguma01,2015,1120920,bbref,0.017774042654404187
teletmi01,2015,3368100,bbref,0.05340680250535162
telfase01,2015,915243,bbref,0.014512693252992944
templga01,2015,981084,bbref,0.015556711329580591
terryja01,2015,5850313,bbref,0.09276639974629351
thomais02,2015,7238606,bbref,0.11478008404027591
thomala01,2015,403784,bbref,0.006402663918179656
thomama01,2015,474000,bbref,0.007516054864029177
thomaty01,2015,9388000,bbref,0.14886228494410528
thompho01,2015,816482,bbref,0.012946674066439389
thompja02,2015,6037500,bbref,0.09573455958138428
thompkl01,2015,3075880,bbref,0.048773170538333466
thomptr01,2015,5138430,bbref,0.08147831602315071
thornma01,2015,8575000,bbref,0.13597082375327044
tollian01,2015,3000000,bbref,0.047569967493855544
tuckepj01,2015,5700000,bbref,0.09038293823832554
turiaro01,2015,1500000,bbref,0.023784983746927772
turkohe01,2015,1448490,bbref,0.022968207405058273
turneev01,2015,3278000,bbref,0.051978117814952825
udohek01,2015,981084,bbref,0.015556711329580591
udrihbe01,2015,2077000,bbref,0.032934274161579326
valanjo01,2015,3678360,bbref,0.05832648854356616
varejan01,2015,9704595,bbref,0.153882422897011
varnaja01,2015,75000,bbref,0.0011892491873463887
vasqugr01,2015,6400000,bbref,0.10148259732022516
villach01,2015,1316809,bbref,0.020880187108538808
vonleno01,2015,2524200,bbref,0.04002537064933006
vucevni01,2015,2751260,bbref,0.04362578292238167
wadedw01,2015,15000000,bbref,0.23784983746927774
waitedi01,2015,4062000,bbref,0.06440973598668041
walkebi01,2015,115422,bbref,0.0018302069293585983
walkeke02,2015,3272091,bbref,0.05188442083564576
wallage01,2015,10105855,bbref,0.1602450646158725
walljo01,2015,14746000,bbref,0.2338222468881313
warretj01,2015,1953120,bbref,0.030969951637199716
watsocj01,2015,2106720,bbref,0.03340553397288512
wattmi01,2015,35000,bbref,0.0005549829540949814
wearda01,2015,29843,bbref,0.0004732101799730437
weartr01,2015,507336,bbref,0.0080446523428209
webstma02,2015,5381750,bbref,0.08533655752001902
westbru01,2015,15719062,bbref,0.24925175612463332
westda01,2015,12000000,bbref,0.19027986997542218
whiteha01,2015,769881,bbref,0.012207738048045667
whittsh01,2015,507336,bbref,0.0080446523428209
wiggian01,2015,5510640,bbref,0.08738032189011337
wilcocj01,2015,1109760,bbref,0.017597082375327044
willide01,2015,19754465,bbref,0.31323975263616904
willide02,2015,6331404,bbref,0.10039489415682233
williel01,2015,107676,bbref,0.0017073812732894633
willilo02,2015,5450000,bbref,0.08641877428050425
willima01,2015,3750000,bbref,0.059462459367319434
willima02,2015,7000000,bbref,0.11099659081899628
willire02,2015,125104,bbref,0.0019837310711171012
willish03,2015,1227985,bbref,0.019471735510980734
witheje01,2015,816482,bbref,0.012946674066439389
woltena01,2015,816482,bbref,0.012946674066439389
wrighbr03,2015,5000000,bbref,0.07928327915642591
wrighdo01,2015,3150000,bbref,0.04994846586854832
wroteto01,2015,1210080,bbref,0.019187822088321572
youngja01,2015,1674480,bbref,0.02655165305637041
youngni01,2015,4994420,bbref,0.07919479901688734
youngpa01,2015,100000,bbref,0.0015856655831285181
youngth01,2015,9410870,bbref,0.14922492666296677
zelleco01,2015,4030560,bbref,0.06391120272734481
zellety01,2015,1703760,bbref,0.02701593593911044
acyqu01,2016,981348,bbref,0.014019257142857143
adamsjo01,2016,1404600,bbref,0.020065714285714287
adamsst01,2016,2279040,bbref,0.03255771428571429
afflaar01,2016,8000000,bbref,0.11428571428571428
ajincal01,2016,4300000,bbref,0.06142857142857143
aldemfu01,2016,3000000,bbref,0.04285714285714286
aldrico01,2016,1100600,bbref,0.015722857142857143
aldrila01,2016,19500000,bbref,0.2785714285714286
alexacl01,2016,525093,bbref,0.007501328571428572
allenla01,2016,3700000,bbref,0.05285714285714286
allento01,2016,5168539,bbref,0.07383627142857142
aminual01,2016,7500000,bbref,0.10714285714285714
amundlo01,2016,1650000,bbref,0.023571428571428573
anderal01,2016,4000000,bbref,0.05714285714285714
anderch01,2016,5000000,bbref,0.07142857142857142
anderja01,2016,1015421,bbref,0.014506014285714285
anderju01,2016,1449000,bbref,0.0207
anderky01,2016,1142879,bbref,0.016326842857142858
anderry01,2016,8500000,bbref,0.12142857142857143
antetgi01,2016,1953960,bbref,0.027913714285714285
antetth01,2016,105888,bbref,0.0015126857142857143
anthoca01,2016,22875000,bbref,0.3267857142857143
anthojo01,2016,2500000,bbref,0.03571428571428571
applike01,2016,161776,bbref,0.0023110857142857144
arizatr01,2016,8193030,bbref,0.11704328571428571
artesro01,2016,1499187,bbref,0.021416957142857143
arthuda01,2016,2814000,bbref,0.0402
ashlebr01,2016,50000,bbref,0.0007142857142857143
asikom01,2016,11000000,bbref,0.15714285714285714
atkinda01,2016,75000,bbref,0.0010714285714285715
augusdj01,2016,3000000,bbref,0.04285714285714286
babbilu01,2016,1100000,bbref,0.015714285714285715
bairsca01,2016,845059,bbref,0.012072271428571429
barbole01,2016,2500000,bbref,0.03571428571428571
bareajo01,2016,4000000,bbref,0.05714285714285714
bargnan01,2016,1039298,bbref,0.014847114285714285
barneha02,2016,3873398,bbref,0.05533425714285714
barnema02,2016,3542500,bbref,0.05060714285714286
bartowi01,2016,3333333,bbref,0.04761904285714286
bassbr01,2016,3000000,bbref,0.04285714285714286
batumni01,2016,12235750,bbref,0.17479642857142857
bayleje01,2016,3000000,bbref,0.04285714285714286
baynear01,2016,6500000,bbref,0.09285714285714286
bazemke01,2016,2000000,bbref,0.02857142857142857
bealbr01,2016,5694674,bbref,0.08135248571428572
beaslmi01,2016,306527,bbref,0.004378957142857143
belinma01,2016,6333333,bbref,0.09047618571428571
bennean01,2016,3650000,bbref,0.052142857142857144
beverpa01,2016,6500000,bbref,0.09285714285714286
biyombi01,2016,3000000,bbref,0.04285714285714286
bjeline01,2016,4000000,bbref,0.05714285714285714
blackta01,2016,845059,bbref,0.012072271428571429
blairde01,2016,2000000,bbref,0.02857142857142857
blakest01,2016,2170465,bbref,0.031006642857142858
bledser01,2016,13086957,bbref,0.18695652857142858
boatrry01,2016,75000,bbref,0.0010714285714285715
bogdabo02,2016,3425510,bbref,0.04893585714285714
bogutan01,2016,12000000,bbref,0.17142857142857143
bonnema01,2016,1499187,bbref,0.021416957142857143
bookede01,2016,2127840,bbref,0.030397714285714285
booketr01,2016,4775000,bbref,0.06821428571428571
boshch01,2016,22192730,bbref,0.317039
bradlav01,2016,7730337,bbref,0.11043338571428571
brandel01,2016,890693,bbref,0.012724185714285715
breweco01,2016,8200000,bbref,0.11714285714285715
brookaa01,2016,2000000,bbref,0.02857142857142857
brownan02,2016,700000,bbref,0.01
brownlo01,2016,117016,bbref,0.0016716571428571428
brownma02,2016,845059,bbref,0.012072271428571429
bryanko01,2016,25000000,bbref,0.35714285714285715
budinch01,2016,5000000,bbref,0.07142857142857142
bullore01,2016,1252440,bbref,0.017892
burketr01,2016,2658240,bbref,0.037974857142857144
burksal01,2016,9213484,bbref,0.1316212
butleca01,2016,1499187,bbref,0.021416957142857143
butleji01,2016,15260000,bbref,0.218
butlera01,2016,1499187,bbref,0.021416957142857143
cabocbr01,2016,1524000,bbref,0.02177142857142857
caldejo01,2016,7402812,bbref,0.10575445714285714
caldwke01,2016,2891760,bbref,0.04131085714285714
canaais01,2016,947276,bbref,0.013532514285714286
capelca01,2016,1242720,bbref,0.017753142857142856
carrode01,2016,13500000,bbref,0.19285714285714287
cartemi01,2016,2399040,bbref,0.034272
cartevi01,2016,4088091,bbref,0.0584013
casspom01,2016,3000000,bbref,0.04285714285714286
caulewi01,2016,3398280,bbref,0.04854685714285714
chalmma01,2016,4300000,bbref,0.06142857142857143
chandty01,2016,13000000,bbref,0.18571428571428572
chandwi01,2016,10500000,bbref,0.15
chrisra01,2016,1000000,bbref,0.014285714285714285
clarkco01,2016,61776,bbref,0.0008825142857142857
clarkia01,2016,947276,bbref,0.013532514285714286
clarkjo01,2016,845059,bbref,0.012072271428571429
coleno01,2016,3036927,bbref,0.04338467142857143
collida01,2016,5013559,bbref,0.07162227142857143
collini01,2016,3750000,bbref,0.05357142857142857
conlemi01,2016,9588426,bbref,0.13697751428571428
connapa01,2016,525093,bbref,0.007501328571428572
copelch01,2016,1100000,bbref,0.015714285714285715
cottobr01,2016,228663,bbref,0.0032666142857142857
couside01,2016,14728844,bbref,0.21041205714285716
covinro01,2016,1000000,bbref,0.014285714285714285
crabbal01,2016,947276,bbref,0.013532514285714286
crawfja01,2016,5675000,bbref,0.08107142857142857
crowdja01,2016,6000000,bbref,0.08571428571428572
cunnida01,2016,3000000,bbref,0.04285714285714286
cunnija01,2016,981348,bbref,0.014019257142857143
curryse01,2016,947276,bbref,0.013532514285714286
curryst01,2016,11370786,bbref,0.1624398
dalemsa01,2016,1499187,bbref,0.021416957142857143
danietr01,2016,947276,bbref,0.013532514285714286
davisan02,2016,7070730,bbref,0.10101042857142857
davised01,2016,7000000,bbref,0.1
dawsobr01,2016,525093,bbref,0.007501328571428572
dedmode01,2016,947278,bbref,0.013532542857142857
dejeabr01,2016,281659,bbref,0.0040237
dekkesa01,2016,1646400,bbref,0.02352
delfica01,2016,650000,bbref,0.009285714285714286
dellama01,2016,1147280,bbref,0.016389714285714285
denglu01,2016,10151612,bbref,0.14502302857142857
derozde01,2016,9500000,bbref,0.1357142857142857
diawbo01,2016,7000000,bbref,0.1
dienggo01,2016,1474440,bbref,0.02106342857142857
dinwisp01,2016,845059,bbref,0.012072271428571429
dorsejo01,2016,1015421,bbref,0.014506014285714285
douglto01,2016,1164858,bbref,0.01664082857142857
dragigo01,2016,14780000,bbref,0.21114285714285713
dragizo01,2016,2050397,bbref,0.029291385714285714
drumman01,2016,3272091,bbref,0.046744157142857144
dudleja01,2016,4250000,bbref,0.060714285714285714
dukandu01,2016,525093,bbref,0.007501328571428572
duncati01,2016,5000000,bbref,0.07142857142857142
dunlemi02,2016,4500000,bbref,0.06428571428571428
duranke01,2016,20158622,bbref,0.2879803142857143
earlycl01,2016,845059,bbref,0.012072271428571429
eddieja01,2016,561716,bbref,0.008024514285714286
ellinwa01,2016,1500000,bbref,0.02142857142857143
ellismo01,2016,10300000,bbref,0.14714285714285713
embiijo01,2016,4626960,bbref,0.06609942857142857
ennisja01,2016,845059,bbref,0.012072271428571429
ennisty01,2016,1662360,bbref,0.023748
evansje01,2016,1100602,bbref,0.015722885714285713
evansty01,2016,11227000,bbref,0.1603857142857143
exumda01,2016,3777720,bbref,0.05396742857142857
ezelife01,2016,2008748,bbref,0.0286964
famouja01,2016,10000,bbref,0.00014285714285714287
farieke01,2016,11235955,bbref,0.16051364285714287
farmajo01,2016,191456,bbref,0.0027350857142857143
favorde01,2016,11933333,bbref,0.17047618571428572
feliccr01,2016,525090,bbref,0.007501285714285715
feltora01,2016,3950313,bbref,0.05643304285714286
fournev01,2016,2288205,bbref,0.03268864285714286
foyera01,2016,3270000,bbref,0.046714285714285715
frankja01,2016,163296,bbref,0.0023328
frazimi01,2016,50000,bbref,0.0007142857142857143
fraziti01,2016,845059,bbref,0.012072271428571429
fredeji01,2016,507711,bbref,0.007253014285714286
fryech01,2016,7807579,bbref,0.11153684285714285
gallida01,2016,14000000,bbref,0.2
gallola01,2016,845059,bbref,0.012072271428571429
garneke01,2016,8500000,bbref,0.12142857142857143
gasolma01,2016,19700000,bbref,0.2814285714285714
gasolpa01,2016,7448760,bbref,0.10641085714285714
gayru01,2016,12403101,bbref,0.17718715714285715
geeal01,2016,1375000,bbref,0.019642857142857142
georgpa01,2016,17120106,bbref,0.24457294285714284
gibsota01,2016,8500000,bbref,0.12142857142857143
ginobma01,2016,2814000,bbref,0.0402
goberru01,2016,1175880,bbref,0.016798285714285714
goodedr01,2016,3300000,bbref,0.047142857142857146
goodwar01,2016,1160160,bbref,0.016573714285714285
gordoaa01,2016,4171680,bbref,0.05959542857142857
gordoer01,2016,15514031,bbref,0.2216290142857143
gortama01,2016,11217391,bbref,0.16024844285714285
goudean01,2016,200600,bbref,0.0028657142857142857
grahatr01,2016,75000,bbref,0.0010714285714285715
grangda01,2016,2170465,bbref,0.031006642857142858
grantje01,2016,845059,bbref,0.012072271428571429
grantje02,2016,1572360,bbref,0.022462285714285716
grayaa01,2016,452059,bbref,0.006457985714285714
greenda02,2016,10000000,bbref,0.14285714285714285
greendr01,2016,14300000,bbref,0.2042857142857143
greener01,2016,100000,bbref,0.0014285714285714286
greenge01,2016,1356000,bbref,0.01937142857142857
greenja01,2016,845059,bbref,0.012072271428571429
greenje02,2016,9200000,bbref,0.13142857142857142
griffbl01,2016,18907725,bbref,0.27011035714285714
gutiejo01,2016,301444,bbref,0.004306342857142857
hairspj02,2016,1201440,bbref,0.017163428571428573
hamiljo02,2016,119462,bbref,0.0017066
hansbty01,2016,1185784,bbref,0.016939771428571428
hardati02,2016,1304520,bbref,0.018636
hardeja01,2016,15756438,bbref,0.22509197142857143
harklma01,2016,2894059,bbref,0.0413437
harpeju01,2016,99418,bbref,0.0014202571428571429
harremo01,2016,1000000,bbref,0.014285714285714285
harriaa01,2016,525093,bbref,0.007501328571428572
harride01,2016,4053000,bbref,0.0579
harriga01,2016,1587480,bbref,0.022678285714285713
harrijo01,2016,845059,bbref,0.012072271428571429
harrito02,2016,16000000,bbref,0.22857142857142856
hasleud01,2016,2854940,bbref,0.040784857142857144
hawessp01,2016,5543725,bbref,0.07919607142857144
hayesch01,2016,83583,bbref,0.001194042857142857
haywago01,2016,15409570,bbref,0.2201367142857143
hendege02,2016,6000000,bbref,0.08571428571428572
hendema01,2016,35000,bbref,0.0005
hensojo01,2016,2943221,bbref,0.042046014285714285
hezonma01,2016,3741480,bbref,0.05344971428571429
hibbero01,2016,15500000,bbref,0.22142857142857142
hicksjj01,2016,5613500,bbref,0.08019285714285715
hilarne01,2016,13000000,bbref,0.18571428571428572
hillge01,2016,8000000,bbref,0.11428571428571428
hillida01,2016,525093,bbref,0.007501328571428572
hilljo01,2016,4000000,bbref,0.05714285714285714
hillso01,2016,1358880,bbref,0.01941257142857143
hinriki01,2016,2870000,bbref,0.041
holidjr01,2016,10595507,bbref,0.1513643857142857
holidju01,2016,947300,bbref,0.013532857142857143
hollajo02,2016,9266,bbref,0.00013237142857142856
holliro01,2016,1335480,bbref,0.019078285714285714
holliry01,2016,593056,bbref,0.008472228571428571
holmejo01,2016,100000,bbref,0.0014285714285714286
holmeri01,2016,1050000,bbref,0.015
hoodro01,2016,1348440,bbref,0.01926342857142857
horfoal01,2016,12000000,bbref,0.17142857142857143
howardw01,2016,22359364,bbref,0.3194194857142857
huertma01,2016,525093,bbref,0.007501328571428572
huestjo01,2016,1140240,bbref,0.016289142857142856
humphkr01,2016,4600000,bbref,0.06571428571428571
hunterj01,2016,1148640,bbref,0.016409142857142858
huntevi01,2016,35000,bbref,0.0005
ibakase01,2016,12350000,bbref,0.17642857142857143
iguodan01,2016,11710456,bbref,0.16729222857142856
ilyaser01,2016,7900000,bbref,0.11285714285714285
inglejo01,2016,2250000,bbref,0.03214285714285714
inglida01,2016,855000,bbref,0.012214285714285714
irvinky01,2016,14746000,bbref,0.21065714285714285
jackja01,2016,6300000,bbref,0.09
jackspi01,2016,750000,bbref,0.010714285714285714
jacksre01,2016,14000000,bbref,0.2
jamesle01,2016,22971000,bbref,0.32815714285714287
jeffeal01,2016,13833333,bbref,0.19761904285714285
jeffeco01,2016,421449,bbref,0.0060207
jefferi01,2016,1499000,bbref,0.021414285714285716
jenkijo01,2016,981000,bbref,0.014014285714285713
jennibr01,2016,8344497,bbref,0.1192071
jerebjo01,2016,5000000,bbref,0.07142857142857142
jerregr01,2016,947276,bbref,0.013532514285714286
johnsam01,2016,12000000,bbref,0.17142857142857143
johnsch04,2016,981348,bbref,0.014019257142857143
johnsja01,2016,2500000,bbref,0.03571428571428571
johnsjo02,2016,24894863,bbref,0.3556409
johnsni01,2016,845059,bbref,0.012072271428571429
johnsor01,2016,55722,bbref,0.0007960285714285714
johnsst04,2016,2841960,bbref,0.04059942857142857
johnsty01,2016,845059,bbref,0.012072271428571429
johnswe01,2016,1100600,bbref,0.015722857142857143
jokicni01,2016,1300000,bbref,0.018571428571428572
jonesda02,2016,8819,bbref,0.0001259857142857143
jonesja02,2016,1499000,bbref,0.021414285714285716
jonespe01,2016,2038206,bbref,0.029117228571428573
joneste01,2016,2489530,bbref,0.03556471428571428
jonesty01,2016,1282080,bbref,0.018315428571428573
jordade01,2016,19500000,bbref,0.2785714285714286
josepco01,2016,7000000,bbref,0.1
kamanch01,2016,5000000,bbref,0.07142857142857142
kaminfr01,2016,2612500,bbref,0.037321428571428575
kanteen01,2016,16400000,bbref,0.2342857142857143
karasse01,2016,1599840,bbref,0.022854857142857142
kaunsa01,2016,1300000,bbref,0.018571428571428572
kellyry01,2016,1724250,bbref,0.024632142857142856
kiddgmi01,2016,6331404,bbref,0.09044862857142857
kilpase01,2016,320594,bbref,0.004579914285714286
knighbr03,2016,12000000,bbref,0.17142857142857143
korveky01,2016,5746479,bbref,0.08209255714285714
koufoko01,2016,7500000,bbref,0.10714285714285714
kysermi01,2016,25000,bbref,0.00035714285714285714
lambje01,2016,3034356,bbref,0.04334794285714286
landrca01,2016,6500000,bbref,0.09285714285714286
larkish01,2016,1500000,bbref,0.02142857142857143
lauvejo01,2016,1709720,bbref,0.024424571428571427
lavinza01,2016,2148360,bbref,0.03069085714285714
lawsoty01,2016,12404495,bbref,0.17720707142857142
leeco01,2016,5675000,bbref,0.08107142857142857
leeda02,2016,15493680,bbref,0.2213382857142857
lenal01,2016,3807120,bbref,0.05438742857142857
leonaka01,2016,16500000,bbref,0.2357142857142857
leoname01,2016,3075880,bbref,0.04394114285714286
leuerjo01,2016,1035000,bbref,0.014785714285714286
lillada01,2016,4236287,bbref,0.060518385714285715
linje01,2016,2100000,bbref,0.03
livinsh01,2016,5543725,bbref,0.07919607142857144
looneke01,2016,1131960,bbref,0.016170857142857143
lopezbr01,2016,20000000,bbref,0.2857142857142857
lopezro01,2016,13000000,bbref,0.18571428571428572
loveke01,2016,19500000,bbref,0.2785714285714286
lowryky01,2016,12000000,bbref,0.17142857142857143
lylestr01,2016,2239800,bbref,0.031997142857142856
macksh01,2016,2433333,bbref,0.0347619
mahinia01,2016,4000000,bbref,0.05714285714285714
marblde01,2016,845059,bbref,0.012072271428571429
marjabo01,2016,1200000,bbref,0.017142857142857144
marshke01,2016,2144722,bbref,0.030638885714285715
martica01,2016,1270964,bbref,0.018156628571428572
martija01,2016,1230840,bbref,0.017583428571428573
martike02,2016,7085000,bbref,0.10121428571428571
matthwe02,2016,16400000,bbref,0.2342857142857143
mayooj01,2016,8000000,bbref,0.11428571428571428
mbahalu01,2016,1270964,bbref,0.018156628571428572
mcadoja01,2016,845059,bbref,0.012072271428571429
mccalra01,2016,947276,bbref,0.013532514285714286
mccolcj01,2016,2525160,bbref,0.036073714285714285
mccontj01,2016,525093,bbref,0.007501328571428572
mcculch01,2016,1140240,bbref,0.016289142857142856
mcdankj01,2016,3333333,bbref,0.04761904285714286
mcderdo01,2016,2380440,bbref,0.03400628571428571
mcgarmi01,2016,1463040,bbref,0.020900571428571428
mcgeeja01,2016,12000000,bbref,0.17142857142857143
mclembe01,2016,3156600,bbref,0.04509428571428571
mcraejo01,2016,172972,bbref,0.0024710285714285712
mcrobjo01,2016,5543725,bbref,0.07919607142857144
meeksjo01,2016,6270000,bbref,0.08957142857142857
mejrisa01,2016,525093,bbref,0.007501328571428572
mekelga01,2016,315760,bbref,0.004510857142857143
mickejo01,2016,1200000,bbref,0.017142857142857144
middlkh01,2016,15000000,bbref,0.21428571428571427
milescj01,2016,4394225,bbref,0.06277464285714286
millean02,2016,1499187,bbref,0.021416957142857143
millema01,2016,25000,bbref,0.00035714285714285714
millemi01,2016,2854940,bbref,0.040784857142857144
millequ01,2016,50000,bbref,0.0007142857142857143
millsel01,2016,362878,bbref,0.005183971428571428
millspa01,2016,19000000,bbref,0.2714285714285714
millspa02,2016,3578947,bbref,0.051127814285714286
mirotni01,2016,5543725,bbref,0.07919607142857144
mohamna01,2016,352750,bbref,0.005039285714285714
monrogr01,2016,16400000,bbref,0.2342857142857143
montelu01,2016,525093,bbref,0.007501328571428572
mooreet01,2016,1015421,bbref,0.014506014285714285
moreler01,2016,845059,bbref,0.012072271428571429
morrima02,2016,8000000,bbref,0.11428571428571428
morrima03,2016,5000000,bbref,0.07142857142857142
morroan01,2016,3344000,bbref,0.04777142857142857
motiedo01,2016,2288205,bbref,0.03268864285714286
mozgoti01,2016,4950000,bbref,0.07071428571428572
mudiaem01,2016,3102240,bbref,0.04431771428571429
muhamsh01,2016,2056920,bbref,0.02938457142857143
munfoxa02,2016,89588,bbref,0.0012798285714285713
muscami01,2016,947276,bbref,0.013532514285714286
nancela02,2016,1155600,bbref,0.016508571428571428
napiesh01,2016,1294440,bbref,0.018492
ndourma01,2016,525094,bbref,0.007501342857142857
nealga01,2016,2100000,bbref,0.03
nelsoja01,2016,4500000,bbref,0.06428571428571428
netora01,2016,1000000,bbref,0.014285714285714285
nichoan01,2016,2380594,bbref,0.03400848571428571
noahjo01,2016,13400000,bbref,0.19142857142857142
noelne01,2016,3457800,bbref,0.049397142857142855
noguelu01,2016,1842000,bbref,0.026314285714285714
novakst01,2016,3750000,bbref,0.05357142857142857
nowitdi01,2016,8333334,bbref,0.11904762857142857
nurkiju01,2016,1842000,bbref,0.026314285714285714
obriejj01,2016,105888,bbref,0.0015126857142857143
obryajo01,2016,845059,bbref,0.012072271428571429
okafoja01,2016,4582680,bbref,0.06546685714285715
oladivi01,2016,5192520,bbref,0.07417885714285714
olynyke01,2016,2165160,bbref,0.030930857142857142
oquinky01,2016,3750000,bbref,0.05357142857142857
oubreke01,2016,1920240,bbref,0.027432
pachuza01,2016,5200000,bbref,0.07428571428571429
papanko01,2016,350000,bbref,0.005
parkeja01,2016,5152440,bbref,0.07360628571428571
parketo01,2016,13437500,bbref,0.19196428571428573
parsoch01,2016,15361500,bbref,0.21945
pattela01,2016,525093,bbref,0.007501328571428572
pattepa01,2016,6268675,bbref,0.0895525
paulch01,2016,21468696,bbref,0.3066956571428571
paynead01,2016,1938840,bbref,0.027697714285714287
payneca01,2016,2021520,bbref,0.028878857142857144
paytoel01,2016,2505720,bbref,0.035796
pekovni01,2016,12100000,bbref,0.17285714285714285
pendeje02,2016,317232,bbref,0.004531885714285714
perkike01,2016,1499200,bbref,0.021417142857142857
pettete01,2016,75000,bbref,0.0010714285714285715
piercpa01,2016,3400000,bbref,0.04857142857142857
pleisti01,2016,3000000,bbref,0.04285714285714286
plumlma01,2016,1415520,bbref,0.020221714285714287
plumlmi01,2016,2109294,bbref,0.030132771428571428
pondequ01,2016,3382023,bbref,0.048314614285714284
porteot01,2016,4662960,bbref,0.06661371428571429
portibo01,2016,1391160,bbref,0.019873714285714286
porzikr01,2016,4131720,bbref,0.059024571428571426
poweldw01,2016,845059,bbref,0.012072271428571429
powelno01,2016,650000,bbref,0.009285714285714286
pressph01,2016,172739,bbref,0.0024677
pricero01,2016,1499187,bbref,0.021416957142857143
prigipa01,2016,981348,bbref,0.014019257142857143
princta01,2016,1499187,bbref,0.021416957142857143
radulmi01,2016,300000,bbref,0.004285714285714286
randlju01,2016,3132240,bbref,0.04474628571428572
randole01,2016,25000,bbref,0.00035714285714285714
randoza01,2016,9638555,bbref,0.13769364285714286
redicjj01,2016,6867000,bbref,0.0981
reedwi02,2016,947276,bbref,0.013532514285714286
richajo01,2016,525093,bbref,0.007501328571428572
riverau01,2016,3100000,bbref,0.04428571428571428
roberan03,2016,1210800,bbref,0.017297142857142858
roberbr01,2016,2854940,bbref,0.040784857142857144
roberro01,2016,75000,bbref,0.0010714285714285715
robingl02,2016,845000,bbref,0.012071428571428571
robinna01,2016,44000,bbref,0.0006285714285714285
robinth01,2016,981300,bbref,0.014018571428571429
rondora01,2016,9500000,bbref,0.1357142857142857
rosede01,2016,20093063,bbref,0.2870437571428571
rosste01,2016,3553917,bbref,0.05077024285714286
roziete01,2016,1824360,bbref,0.026062285714285715
rubiori01,2016,12365000,bbref,0.17664285714285713
rudezda01,2016,1149500,bbref,0.016421428571428573
rushbr01,2016,1270964,bbref,0.018156628571428572
russeda01,2016,5103120,bbref,0.07290171428571429
sacrero01,2016,981348,bbref,0.014019257142857143
sampsja02,2016,845059,bbref,0.012072271428571429
sandela01,2016,1865547,bbref,0.02665067142857143
saundwe01,2016,75000,bbref,0.0010714285714285715
schrode01,2016,1763400,bbref,0.025191428571428573
scolalu01,2016,3000000,bbref,0.04285714285714286
scottmi01,2016,3333333,bbref,0.04761904285714286
scottsh02,2016,25000,bbref,0.00035714285714285714
sefolth01,2016,4000000,bbref,0.05714285714285714
serapke01,2016,2800000,bbref,0.04
sessira01,2016,2170465,bbref,0.031006642857142858
shumpim01,2016,9000000,bbref,0.12857142857142856
siberjo01,2016,100000,bbref,0.0014285714285714286
simmojo02,2016,525093,bbref,0.007501328571428572
simshe01,2016,161622,bbref,0.0023088857142857144
singlej01,2016,50000,bbref,0.0007142857142857143
singlky01,2016,5000000,bbref,0.07142857142857142
sloando01,2016,1015421,bbref,0.014506014285714285
smartma01,2016,3431040,bbref,0.049014857142857145
smithgr02,2016,247623,bbref,0.0035374714285714287
smithis01,2016,1100602,bbref,0.015722885714285713
smithja02,2016,4300000,bbref,0.06142857142857143
smithjo03,2016,5400000,bbref,0.07714285714285714
smithjr01,2016,5000000,bbref,0.07142857142857142
smithru01,2016,816482,bbref,0.011664028571428571
snellto01,2016,1535880,bbref,0.021941142857142857
speigma01,2016,3815000,bbref,0.0545
splitti01,2016,8500000,bbref,0.12142857142857143
stausni01,2016,2869440,bbref,0.040992
stephal01,2016,61776,bbref,0.0008825142857142857
stephla01,2016,9000000,bbref,0.12857142857142856
stokeja01,2016,845059,bbref,0.012072271428571429
stoudam01,2016,1499187,bbref,0.021416957142857143
stuckro01,2016,6500000,bbref,0.09285714285714286
sullija01,2016,2269260,bbref,0.032418
tavarwa01,2016,1000000,bbref,0.014285714285714285
teaguje01,2016,8000000,bbref,0.11428571428571428
teletmi01,2016,5500000,bbref,0.07857142857142857
templga01,2016,1100602,bbref,0.015722885714285713
terryja01,2016,1499187,bbref,0.021416957142857143
thomaad01,2016,60000,bbref,0.0008571428571428571
thomais02,2016,6912869,bbref,0.09875527142857143
thomala01,2016,1650000,bbref,0.023571428571428573
thompho01,2016,947276,bbref,0.013532514285714286
thompja02,2016,6431250,bbref,0.091875
thompkl01,2016,15500000,bbref,0.22142857142857142
thomptr01,2016,14260870,bbref,0.2037267142857143
thornma01,2016,1186000,bbref,0.01694285714285714
tollian01,2016,3000000,bbref,0.04285714285714286
toupaax01,2016,123552,bbref,0.0017650285714285714
townska01,2016,5703600,bbref,0.08148
tricetr01,2016,50000,bbref,0.0007142857142857143
tuckepj01,2016,5500000,bbref,0.07857142857142857
turneev01,2016,3425510,bbref,0.04893585714285714
turnemy01,2016,2357760,bbref,0.03368228571428571
udrihbe01,2016,2170465,bbref,0.031006642857142858
upsharo01,2016,35000,bbref,0.0005
valanjo01,2016,4660482,bbref,0.06657831428571429
varejan01,2016,9638554,bbref,0.13769362857142858
vasqugr01,2016,6600000,bbref,0.09428571428571429
vaughra01,2016,1733040,bbref,0.024757714285714286
villach01,2016,1499187,bbref,0.021416957142857143
vonleno01,2016,2637720,bbref,0.037681714285714284
vucevni01,2016,11250000,bbref,0.16071428571428573
vujacsa01,2016,1356146,bbref,0.019373514285714287
wadedw01,2016,20000000,bbref,0.2857142857142857
waitedi01,2016,5138430,bbref,0.07340614285714285
waldeco01,2016,25000,bbref,0.00035714285714285714
walkeke02,2016,12000000,bbref,0.17142857142857143
wallage01,2016,10105855,bbref,0.14436935714285715
walljo01,2016,15851950,bbref,0.22645642857142856
warretj01,2016,2041080,bbref,0.029158285714285713
watsocj01,2016,5000000,bbref,0.07142857142857142
weberbr01,2016,30888,bbref,0.00044125714285714286
webstma02,2016,5613500,bbref,0.08019285714285715
weemsso01,2016,2800000,bbref,0.04
westbru01,2016,16744218,bbref,0.23920311428571428
westda01,2016,1499000,bbref,0.021414285714285716
whiteha01,2016,981348,bbref,0.014019257142857143
whittsh01,2016,845059,bbref,0.012072271428571429
wiggian01,2016,5758680,bbref,0.08226685714285714
wilcocj01,2016,1159680,bbref,0.016566857142857144
willial03,2016,114285,bbref,0.0016326428571428572
willide01,2016,5500000,bbref,0.07857142857142857
willide02,2016,4900000,bbref,0.07
williel01,2016,80000,bbref,0.001142857142857143
willilo02,2016,7000000,bbref,0.1
willima01,2016,2100000,bbref,0.03
willima02,2016,7000000,bbref,0.1
wilsoja02,2016,50000,bbref,0.0007142857142857143
winslju01,2016,2481720,bbref,0.03545314285714286
witheje01,2016,947276,bbref,0.013532514285714286
woodch01,2016,305789,bbref,0.004368414285714286
wrighbr03,2016,5500000,bbref,0.07857142857142857
wrighde01,2016,1509360,bbref,0.021562285714285714
wrighdo01,2016,17637,bbref,0.00025195714285714286
wroteto01,2016,2179354,bbref,0.03113362857142857
youngja01,2016,1749840,bbref,0.024997714285714286
youngjo01,2016,1000000,bbref,0.014285714285714285
youngni01,2016,5219169,bbref,0.07455955714285714
youngth01,2016,11200000,bbref,0.16
zelleco01,2016,4204200,bbref,0.06006
zellety01,2016,2616975,bbref,0.037385357142857144
abrinal01,2017,5994764,bbref,0.06367721445035744
acyqu01,2017,1914544,bbref,0.020336551841347736
adamsjo01,2017,1465080,bbref,0.015562282910041107
adamsst01,2017,3140517,bbref,0.033359007042477934
afflaar01,2017,12500000,bbref,0.13277673326747608
ajincal01,2017,4600000,bbref,0.04886183784243119
aldrico01,2017,7643979,bbref,0.08119540486281508
aldrila01,2017,20575005,bbref,0.21855055606895893
alexacl01,2017,51449,bbref,0.0005464984119902701
allenla01,2017,4000000,bbref,0.04248855464559234
allento01,2017,5505618,bbref,0.058481437812689205
aminual01,2017,7680965,bbref,0.08158827528334554
amundlo01,2017,1551659,bbref,0.016481937053206292
anderal01,2017,1315448,bbref,0.013972871057858788
anderch01,2017,1551659,bbref,0.016481937053206292
anderju01,2017,1514160,bbref,0.016083617475542527
anderky01,2017,1192080,bbref,0.01266243905547943
anderry01,2017,18735364,bbref,0.1990096342797659
antetgi01,2017,2995421,bbref,0.03181777721126371
anthoca01,2017,24559380,bbref,0.26087313979796695
anthojo01,2017,663810,bbref,0.007051081864822663
arcidry01,2017,75000,bbref,0.0007966603996048564
arizatr01,2017,7806971,bbref,0.08292672848751367
artesro01,2017,1551659,bbref,0.016481937053206292
arthuda01,2017,8070175,bbref,0.0857225178717483
asikom01,2017,9904494,bbref,0.10520690863898537
augusdj01,2017,7250000,bbref,0.07701050529513612
augusza01,2017,60000,bbref,0.0006373283196838852
babbilu01,2017,1227000,bbref,0.013033364137535452
bakerro01,2017,543471,bbref,0.005772824320448679
baldwwa01,2017,1793760,bbref,0.01905356744526943
barbeca01,2017,50000,bbref,0.0005311069330699043
barbole01,2017,4000000,bbref,0.04248855464559234
bareajo01,2017,4096950,bbref,0.043518370988814885
bargnan01,2017,323599,bbref,0.0034373134486897594
barneha02,2017,22116750,bbref,0.23492718523947612
barnema02,2017,6125000,bbref,0.06506059930106328
bartowi01,2017,3533333,bbref,0.037531553062893686
bassbr01,2017,1551659,bbref,0.016481937053206292
batumni01,2017,20869566,bbref,0.221679423855199
bayleje01,2017,9424084,bbref,0.10010392700466311
baynear01,2017,6500000,bbref,0.06904390129908757
bazemke01,2017,15730338,bbref,0.16708983142665945
bealbr01,2017,22116750,bbref,0.23492718523947612
beaslma01,2017,1627320,bbref,0.017285618686466334
beaslmi01,2017,1403611,bbref,0.014909350668663628
beechbe01,2017,45000,bbref,0.00047799623976291385
belinma01,2017,6333333,bbref,0.06727354131480832
bembrde01,2017,1499760,bbref,0.015930658678818394
bendedr01,2017,4276320,bbref,0.045423664000509865
bennean01,2017,1015696,bbref,0.01078886374982739
bensoke02,2017,75000,bbref,0.0007966603996048564
bentibe01,2017,250000,bbref,0.0026555346653495213
bertada01,2017,543471,bbref,0.005772824320448679
beverpa01,2017,6000000,bbref,0.06373283196838851
biyombi01,2017,17000000,bbref,0.18057635724376747
bjeline01,2017,3800000,bbref,0.040364126913312724
blackta01,2017,6191000,bbref,0.06576166045271555
bledser01,2017,14000000,bbref,0.1487099412595732
bogdabo02,2017,3730653,bbref,0.039627513463560755
bogutan01,2017,11027027,bbref,0.11713060981698055
bolomjo01,2017,600000,bbref,0.006373283196838851
bookede01,2017,2223600,bbref,0.023619387527484784
booketr01,2017,9250000,bbref,0.0982547826179323
boshch01,2017,23741060,bbref,0.25218083128857166
bradlav01,2017,8269663,bbref,0.08784150706903328
brandel01,2017,1000000,bbref,0.010622138661398085
breweco01,2017,7600000,bbref,0.08072825382662545
brogdma01,2017,925000,bbref,0.00982547826179323
brookaa01,2017,2700000,bbref,0.02867977438577483
brownan02,2017,874636,bbref,0.009290504870250576
brownbo02,2017,934293,bbref,0.009924189796373602
brownja02,2017,4743000,bbref,0.05038080367101112
brussni01,2017,543471,bbref,0.005772824320448679
bullore01,2017,2255644,bbref,0.023959763338750623
burketr01,2017,3386598,bbref,0.03597291354641344
burksal01,2017,10154495,bbref,0.10786245392647356
butleca01,2017,517220,bbref,0.005493982558448318
butleji01,2017,17552209,bbref,0.18644199781183943
cabocbr01,2017,1589640,bbref,0.016885376501704852
caldejo01,2017,7708427,bbref,0.08187998045526486
caldwke01,2017,3678319,bbref,0.039071614458855146
canaais01,2017,1015696,bbref,0.01078886374982739
capelca01,2017,1296240,bbref,0.013768841018450655
carrode01,2017,14200000,bbref,0.15083436899185282
cartemi01,2017,3183526,bbref,0.033815854604166
cartevi01,2017,4264057,bbref,0.04529340471410514
carusal01,2017,50000,bbref,0.0005311069330699043
casspom01,2017,3000000,bbref,0.031866415984194256
caulewi01,2017,3551160,bbref,0.037720913928810426
chandty01,2017,12415000,bbref,0.13187385148125724
chandwi01,2017,11200000,bbref,0.11896795300765856
chrisdi01,2017,50000,bbref,0.0005311069330699043
chrisma01,2017,2941440,bbref,0.031244383544182786
chrisra01,2017,1052342,bbref,0.011178122643212985
chrisse01,2017,543471,bbref,0.005772824320448679
clarkia01,2017,1015696,bbref,0.01078886374982739
clarkjo01,2017,12500000,bbref,0.13277673326747608
coleno01,2017,247991,bbref,0.0026341947887787726
collida01,2017,5229454,bbref,0.055547985511402866
colliky01,2017,70000,bbref,0.000743549706297866
collini01,2017,3750000,bbref,0.03983301998024282
conlemi01,2017,26540100,bbref,0.28191262228737135
connapa01,2017,874636,bbref,0.009290504870250576
cookel01,2017,50000,bbref,0.0005311069330699043
cookqu01,2017,79922,bbref,0.0008489425660962579
costema01,2017,50000,bbref,0.0005311069330699043
couside01,2017,16957900,bbref,0.1801291652061226
cousiis01,2017,100000,bbref,0.0010622138661398085
covinro01,2017,1015696,bbref,0.01078886374982739
crabbal01,2017,18500000,bbref,0.1965095652358646
crawfja01,2017,13253012,bbref,0.14077533114517277
crawfjo02,2017,234915,bbref,0.0024952997036423313
crowdja01,2017,6286408,bbref,0.06677509745812221
cunnida01,2017,2978250,bbref,0.03163538446830885
curryse01,2017,2898000,bbref,0.030782957840731654
curryst01,2017,12112359,bbref,0.12865915681463305
danietr01,2017,3332940,bbref,0.035402950830120135
davisan02,2017,22116750,bbref,0.23492718523947612
davisde01,2017,1369229,bbref,0.01454414029720744
davised01,2017,6666667,bbref,0.07081426128336679
dedmode01,2017,2898000,bbref,0.030782957840731654
dekkesa01,2017,1720560,bbref,0.01827602689525509
delanma01,2017,2500000,bbref,0.026555346653495213
delfica01,2017,650000,bbref,0.0069043901299087555
dellama01,2017,9607500,bbref,0.1020521971893821
denglu01,2017,18000000,bbref,0.19119849590516555
derozde01,2017,26540100,bbref,0.28191262228737135
diallch01,2017,543471,bbref,0.005772824320448679
diawbo01,2017,7000000,bbref,0.0743549706297866
dienggo01,2017,2348783,bbref,0.02494909871153458
dinwisp01,2017,726672,bbref,0.00771881074535547
douglto01,2017,603558,bbref,0.006411076766196106
dragigo01,2017,15890000,bbref,0.16878578332961558
drumman01,2017,22116750,bbref,0.23492718523947612
dudleja01,2017,10470000,bbref,0.11121379178483796
duncati01,2017,1881250,bbref,0.01998289835675515
dunlemi02,2017,4837500,bbref,0.05138459577451324
dunnkr01,2017,3872520,bbref,0.04113444440903732
duranke01,2017,26540100,bbref,0.28191262228737135
eddieja01,2017,175000,bbref,0.001858874265744665
ellenhe01,2017,1704120,bbref,0.018101398935661706
ellinwa01,2017,6000000,bbref,0.06373283196838851
ellismo01,2017,10770000,bbref,0.11440043338325738
embiijo01,2017,4826160,bbref,0.05126414072209299
ennisja01,2017,2898000,bbref,0.030782957840731654
ennisty01,2017,1733880,bbref,0.018417513782224913
evansje01,2017,1227286,bbref,0.01303640206919261
evansty01,2017,10661286,bbref,0.11324565820082215
exumda01,2017,3940320,bbref,0.04185462541028011
ezelife01,2017,7400000,bbref,0.07860382609434584
farieke01,2017,12078652,bbref,0.1283011163867733
farmajo01,2017,510921,bbref,0.005427073707020172
favorde01,2017,11050000,bbref,0.11737463220844885
feldeka01,2017,543471,bbref,0.005772824320448679
feliccr01,2017,874636,bbref,0.009290504870250576
feltora01,2017,1551659,bbref,0.016481937053206292
ferreyo01,2017,239767,bbref,0.002546838320427435
finnedo01,2017,543471,bbref,0.005772824320448679
forbebr01,2017,543471,bbref,0.005772824320448679
fordqu01,2017,75000,bbref,0.0007966603996048564
fournev01,2017,17000000,bbref,0.18057635724376747
foyera01,2017,2500000,bbref,0.026555346653495213
frankja01,2017,163296,bbref,0.0017345527548516617
fraziti01,2017,2090000,bbref,0.022200269802322
fryech01,2017,7806971,bbref,0.08292672848751367
gallida01,2017,15050000,bbref,0.1598631868540412
gallola01,2017,5200000,bbref,0.055235121039270044
garinpa01,2017,100000,bbref,0.0010622138661398085
garneke01,2017,8000000,bbref,0.08497710929118468
gasolma01,2017,21165675,bbref,0.22482473471208694
gasolpa01,2017,15500000,bbref,0.16464314925167034
gayru01,2017,13333333,bbref,0.14162851194459491
gbinimi01,2017,650000,bbref,0.0069043901299087555
geeal01,2017,1400000,bbref,0.01487099412595732
georgma01,2017,31969,bbref,0.0003395791508662354
georgpa01,2017,18314532,bbref,0.19453949842261242
gibsojo01,2017,680937,bbref,0.0072330072336764285
gibsota01,2017,8950000,bbref,0.09506814101951287
ginobma01,2017,14000000,bbref,0.1487099412595732
goberru01,2017,2121288,bbref,0.022532615276759822
goodwar01,2017,2094089,bbref,0.022243703727308457
gordoaa01,2017,4351320,bbref,0.04622032440011472
gordoer01,2017,12385364,bbref,0.13155905377988805
gortama01,2017,12000000,bbref,0.12746566393677702
grahatr01,2017,543471,bbref,0.005772824320448679
grantje01,2017,980431,bbref,0.010414274029933187
grantje02,2017,1643040,bbref,0.01745259870622351
grayaa01,2017,452059,bbref,0.004801833381132957
greenda02,2017,10000000,bbref,0.10622138661398085
greendr01,2017,15330435,bbref,0.16284200630955037
greenge01,2017,1410598,bbref,0.014983567551490818
greenja01,2017,980431,bbref,0.010414274029933187
greenje02,2017,15000000,bbref,0.1593320799209713
griffbl01,2017,20140838,bbref,0.2139387739927557
hairspj02,2017,11534,bbref,0.00012251574732056553
hamilju01,2017,3000000,bbref,0.031866415984194256
hammoaj01,2017,650000,bbref,0.0069043901299087555
hardati02,2017,2281605,bbref,0.02423552468053918
hardeja01,2017,26540100,bbref,0.28191262228737135
harklma01,2017,8988764,bbref,0.09547989760258331
harpeju01,2017,57672,bbref,0.0006125999808801505
harremo01,2017,1045000,bbref,0.011100134901161
harriaa01,2017,375579,bbref,0.003989452216309232
harrian01,2017,945000,bbref,0.01003792103502119
harride01,2017,4228000,bbref,0.04491040226039111
harriga01,2017,1655880,bbref,0.017588986966635863
harrijo01,2017,980431,bbref,0.010414274029933187
harrima01,2017,119494,bbref,0.001269281837205103
harrito02,2017,17200000,bbref,0.18270078497604708
hasleud01,2017,4000000,bbref,0.04248855464559234
hawessp01,2017,6348759,bbref,0.06743739842579904
haywago01,2017,16073140,bbref,0.17073112180406402
hendege02,2017,9000000,bbref,0.09559924795258277
hensojo01,2017,12517606,bbref,0.13296374664074864
hernaju01,2017,1987440,bbref,0.021110863261209013
hernawi01,2017,1375000,bbref,0.014605440659422368
heslibr01,2017,56500,bbref,0.0006001508343689919
hezonma01,2017,3909840,bbref,0.04153086262388069
hibbero01,2017,5000000,bbref,0.05311069330699043
hieldbu01,2017,3517200,bbref,0.037360186099869346
hilarne01,2017,2898000,bbref,0.030782957840731654
hillge01,2017,8000000,bbref,0.08497710929118468
hillida01,2017,874636,bbref,0.009290504870250576
hilljo01,2017,3911380,bbref,0.041547220717419245
hillso01,2017,11241218,bbref,0.11940577631900406
holidjr01,2017,11286518,bbref,0.1198869592003654
holidju01,2017,1015696,bbref,0.01078886374982739
holliro01,2017,1395600,bbref,0.014824256715847169
holmeri01,2017,1025831,bbref,0.01089651912516066
hoodro01,2017,1406520,bbref,0.014940250470029635
horfoal01,2017,26540100,bbref,0.28191262228737135
houseda01,2017,543471,bbref,0.005772824320448679
howardw01,2017,23180275,bbref,0.24622409525933953
huertma01,2017,1500000,bbref,0.015933207992097128
huestjo01,2017,1191480,bbref,0.012656065772282591
hummero01,2017,150000,bbref,0.0015933207992097128
humphkr01,2017,4000000,bbref,0.04248855464559234
hunterj01,2017,1200240,bbref,0.012749115706956438
ibakase01,2017,12250000,bbref,0.13012119860212656
ibehpr01,2017,31969,bbref,0.0003395791508662354
iguodan01,2017,11131368,bbref,0.1182389343870495
ilyaser01,2017,8400000,bbref,0.08922596475574392
inglejo01,2017,2250000,bbref,0.023899811988145694
ingrabr01,2017,5281680,bbref,0.056102737325133045
irvinky01,2017,17638063,bbref,0.1873539509044751
jackja01,2017,1551659,bbref,0.016481937053206292
jacksde01,2017,1450000,bbref,0.015402101059027224
jackspi01,2017,105498,bbref,0.0011206143845001752
jacksre01,2017,14956522,bbref,0.158870250576251
jamesle01,2017,30963450,bbref,0.32889805933526656
jankost01,2017,100000,bbref,0.0010622138661398085
jeancli01,2017,1188840,bbref,0.0126280233262165
jeffeal01,2017,10230179,bbref,0.1086663798689228
jefferi01,2017,2500000,bbref,0.026555346653495213
jenkijo01,2017,469841,bbref,0.004990716250809938
jennibr01,2017,4837318,bbref,0.05138266254527687
jerebjo01,2017,5000000,bbref,0.05311069330699043
jianlyi01,2017,250000,bbref,0.0026555346653495213
johnsam01,2017,12000000,bbref,0.12746566393677702
johnsbr02,2017,1273920,bbref,0.013531754883528249
johnsja01,2017,4000000,bbref,0.04248855464559234
johnsjo02,2017,11000000,bbref,0.11684352527537895
johnsni01,2017,980431,bbref,0.010414274029933187
johnsst04,2017,2969880,bbref,0.031546477167712944
johnsty01,2017,5628000,bbref,0.059781396386348426
johnswe01,2017,5628000,bbref,0.059781396386348426
jokicni01,2017,1358500,bbref,0.014430175371509299
jonesca02,2017,50000,bbref,0.0005311069330699043
jonesda02,2017,24022,bbref,0.0002551650149241048
jonesda03,2017,1171560,bbref,0.012444472770147541
jonesde02,2017,543471,bbref,0.005772824320448679
jonesja02,2017,1551659,bbref,0.016481937053206292
jonesja04,2017,25000,bbref,0.00026555346653495213
joneste01,2017,1050961,bbref,0.011163453469721593
jonesty01,2017,1339680,bbref,0.014230266721901788
jordade01,2017,21165675,bbref,0.22482473471208694
josepco01,2017,7330000,bbref,0.07786027638804797
jovanni01,2017,30000,bbref,0.0003186641598419426
kaminfr01,2017,2730000,bbref,0.028998438545616775
kanteen01,2017,17145838,bbref,0.18212546870186844
kaunsa01,2017,1333420,bbref,0.014163772133881435
kellyry01,2017,418228,bbref,0.004442475808079199
kennedj01,2017,50000,bbref,0.0005311069330699043
kiddgmi01,2017,13000000,bbref,0.13808780259817513
kilpase01,2017,980431,bbref,0.010414274029933187
knighbr03,2017,12606250,bbref,0.13390533550024963
korveky01,2017,5239437,bbref,0.055654026321659604
koufoko01,2017,8046500,bbref,0.0854710387389397
kuzmimi01,2017,2898000,bbref,0.030782957840731654
labissk01,2017,1188840,bbref,0.0126280233262165
lambje01,2017,6511628,bbref,0.0691674155274423
landrca01,2017,6500000,bbref,0.06904390129908757
laproni01,2017,210995,bbref,0.002241218146861689
lauvejo01,2017,1709720,bbref,0.018160882912165534
lavinza01,2017,2240880,bbref,0.023802938083553743
lawsoty01,2017,1315448,bbref,0.013972871057858788
laymaja01,2017,600000,bbref,0.006373283196838851
leeco01,2017,11242000,bbref,0.11941408283143728
leeda02,2017,1551659,bbref,0.016481937053206292
leeda03,2017,50000,bbref,0.0005311069330699043
lenal01,2017,4823621,bbref,0.051237171112031694
leonaka01,2017,17638063,bbref,0.1873539509044751
leoname01,2017,9213484,bbref,0.09786690460257268
leuerjo01,2017,10991957,bbref,0.11675809141412533
leverca01,2017,1562280,bbref,0.016594754787929003
liggide01,2017,1015696,bbref,0.01078886374982739
lillada01,2017,24328425,bbref,0.2584199037634237
linje01,2017,11483254,bbref,0.12197671627205421
livinsh01,2017,5782450,bbref,0.061421985702601364
longsh01,2017,96969,bbref,0.001030018163857111
looneke01,2017,1182840,bbref,0.012564290494248112
lopezbr01,2017,21165675,bbref,0.22482473471208694
lopezro01,2017,13219250,bbref,0.14041670649968666
loveke01,2017,21165675,bbref,0.22482473471208694
lowryky01,2017,12000000,bbref,0.12746566393677702
lucasjo02,2017,635753,bbref,0.006753056520399817
luwawti01,2017,1326960,bbref,0.014095153118128805
lylestr01,2017,2340600,bbref,0.02486217775086836
macksh01,2017,2433334,bbref,0.02584721115749445
mahinia01,2017,15944154,bbref,0.16936101462668493
makerth01,2017,2568600,bbref,0.027284025365667125
marjabo01,2017,7000000,bbref,0.0743549706297866
martija01,2017,1286160,bbref,0.013661769860743762
martike02,2017,1360305,bbref,0.014449348331793123
matthwe02,2017,17100000,bbref,0.18163857110990728
mbahalu01,2017,2203000,bbref,0.023400571471059985
mcadoja01,2017,980431,bbref,0.010414274029933187
mccalra01,2017,119494,bbref,0.001269281837205103
mccawpa01,2017,543471,bbref,0.005772824320448679
mcclesh01,2017,543471,bbref,0.005772824320448679
mccolcj01,2017,3219579,bbref,0.034198814569325386
mccontj01,2017,874636,bbref,0.009290504870250576
mcculch01,2017,1191480,bbref,0.012656065772282591
mcdankj01,2017,3333333,bbref,0.03540712533061407
mcderdo01,2017,2483040,bbref,0.026375195181797904
mcgarmi01,2017,1526040,bbref,0.016209808482839934
mcgeeja01,2017,1403611,bbref,0.014909350668663628
mcgruro01,2017,543471,bbref,0.005772824320448679
mclembe01,2017,4008882,bbref,0.04258290048118288
mcraejo01,2017,874636,bbref,0.009290504870250576
mcrobjo01,2017,5782450,bbref,0.061421985702601364
meeksjo01,2017,6540000,bbref,0.06946878684554349
mejrisa01,2017,874636,bbref,0.009290504870250576
mekelga01,2017,315760,bbref,0.0033540465037230596
mickejo01,2017,1223653,bbref,0.012997811839435752
middlkh01,2017,15200000,bbref,0.1614565076532509
milescj01,2017,4583450,bbref,0.04868604144758506
millemi01,2017,3500000,bbref,0.0371774853148933
millsel01,2017,23069,bbref,0.00024504211677979244
millspa01,2017,20072033,bbref,0.2132079177421582
millspa02,2017,3578948,bbref,0.038016081917933355
mirotni01,2017,5782450,bbref,0.061421985702601364
mockeeg01,2017,100000,bbref,0.0010622138661398085
monrogr01,2017,17100000,bbref,0.18163857110990728
mooreet01,2017,8081363,bbref,0.08584135835909203
moreiya01,2017,50000,bbref,0.0005311069330699043
morrima02,2017,7400000,bbref,0.07860382609434584
morrima03,2017,4625000,bbref,0.04912739130896615
morroan01,2017,3488000,bbref,0.03705001965095652
motiedo01,2017,576724,bbref,0.00612604229735615
mozgoti01,2017,16000000,bbref,0.16995421858236937
mudiaem01,2017,3241800,bbref,0.034434849112520316
muhamsh01,2017,3046299,bbref,0.032358210382078326
murrade01,2017,1180080,bbref,0.012534973391542654
murraja01,2017,3210840,bbref,0.03410598769956343
muscami01,2017,1015696,bbref,0.01078886374982739
nancela02,2017,1207680,bbref,0.01282814441859724
napiesh01,2017,1350120,bbref,0.014341161849526784
ndourma01,2017,543471,bbref,0.005772824320448679
nealga01,2017,72193,bbref,0.000766844056382312
nelsoja01,2017,4540525,bbref,0.04823008614554455
netora01,2017,937800,bbref,0.009961441636659124
niangge01,2017,650000,bbref,0.0069043901299087555
nichoan01,2017,6088993,bbref,0.06467812795428232
noahjo01,2017,17000000,bbref,0.18057635724376747
noelne01,2017,4384490,bbref,0.04657266073951329
noguelu01,2017,1921320,bbref,0.02040852745291737
novakst01,2017,1551659,bbref,0.016481937053206292
nowitdi01,2017,25000000,bbref,0.26555346653495215
nurkiju01,2017,1921320,bbref,0.02040852745291737
nwabada01,2017,137466,bbref,0.0014601829132277493
obryajo01,2017,276827,bbref,0.002940494779218848
ochefda01,2017,543471,bbref,0.005772824320448679
okafoja01,2017,4788840,bbref,0.05086772250724961
oladivi01,2017,6552960,bbref,0.0696064497625952
olynyke01,2017,3094014,bbref,0.03286504572830694
onuakar01,2017,440078,bbref,0.004674569537830747
onuakch01,2017,543471,bbref,0.005772824320448679
oquinky01,2017,3900000,bbref,0.041426340779452536
oubreke01,2017,2006640,bbref,0.021314808323507854
pachuza01,2017,2898000,bbref,0.030782957840731654
paigema01,2017,125000,bbref,0.0013277673326747607
papagge01,2017,2202240,bbref,0.023392498645677322
parkeja01,2017,5374320,bbref,0.05708677225072496
parketo01,2017,14445313,bbref,0.15344011769329638
parsoch01,2017,22116750,bbref,0.23492718523947612
pattela01,2017,128623,bbref,0.001366251341045006
pattepa01,2017,6050000,bbref,0.06426393890145841
paulbr01,2017,155000,bbref,0.0016464314925167033
paulch01,2017,22868827,bbref,0.2429158514175244
paynead01,2017,2022240,bbref,0.021480513686625666
payneca01,2017,2112480,bbref,0.022439055479430228
paytoel01,2017,2613600,bbref,0.027762021605430037
paytoga02,2017,543471,bbref,0.005772824320448679
pekovni01,2017,12100000,bbref,0.12852787780291683
piercpa01,2017,3500000,bbref,0.0371774853148933
pleisti01,2017,3000000,bbref,0.031866415984194256
plumlma01,2017,2328530,bbref,0.024733968537225284
plumlma02,2017,543471,bbref,0.005772824320448679
plumlmi01,2017,12500000,bbref,0.13277673326747608
poeltja01,2017,2703960,bbref,0.02872183805487397
pondequ01,2017,3617978,bbref,0.038430663989887724
porteot01,2017,5893981,bbref,0.06260668344964575
portibo01,2017,1453680,bbref,0.01544119052930117
porzikr01,2017,4317720,bbref,0.04586342054109174
poweldw01,2017,8375000,bbref,0.08896041128920897
powelno01,2017,874636,bbref,0.009290504870250576
poythal01,2017,38903,bbref,0.00041323306034436974
pressph01,2017,35000,bbref,0.000371774853148933
pricero01,2017,2557545,bbref,0.027166597622765368
prigipa01,2017,1050961,bbref,0.011163453469721593
princta02,2017,2318280,bbref,0.024625091615945956
quartti01,2017,543471,github,0.005772824320448679
radulmi01,2017,300000,bbref,0.0031866415984194256
randlch01,2017,297311,bbref,0.0031580786675589265
randlju01,2017,3267120,bbref,0.03470380166342692
randoza01,2017,10361445,bbref,0.11006070552244988
redicjj01,2017,7377500,bbref,0.07836482797446438
reedwi02,2017,1015696,bbref,0.01078886374982739
richajo01,2017,874636,bbref,0.009290504870250576
richama01,2017,1439880,bbref,0.015294605015773876
riverau01,2017,11000000,bbref,0.11684352527537895
roberan03,2017,2183072,bbref,0.023188893491815642
roberbr01,2017,1050961,bbref,0.011163453469721593
robingl02,2017,1050500,bbref,0.01115855666379869
robinth01,2017,1050961,bbref,0.011163453469721593
rodrise01,2017,8000000,bbref,0.08497710929118468
rondora01,2017,14000000,bbref,0.1487099412595732
rosede01,2017,21323250,bbref,0.22649851821165673
rosste01,2017,10000000,bbref,0.10622138661398085
roziete01,2017,1906440,bbref,0.020250470029635766
rubiori01,2017,13550000,bbref,0.14392997886194406
rudezda01,2017,980431,bbref,0.010414274029933187
rushbr01,2017,3500000,bbref,0.0371774853148933
russeda01,2017,5332800,bbref,0.056645741053503715
sabondo01,2017,2440200,bbref,0.02592014276154361
sandela01,2017,1865547,bbref,0.019816098913355215
saricda01,2017,2318280,bbref,0.024625091615945956
satorto01,2017,2870813,bbref,0.030494173756944222
schrode01,2017,2708582,bbref,0.02877093357976695
scolalu01,2017,5000000,bbref,0.05311069330699043
scottmi01,2017,3333334,bbref,0.03540713595275273
sefolth01,2017,3850000,bbref,0.040895233846382634
seldewa01,2017,83119,bbref,0.0008829015433967475
serapke01,2017,1800000,bbref,0.019119849590516554
sessira01,2017,6000000,bbref,0.06373283196838851
shumpim01,2017,9700000,bbref,0.10303474501556144
siakapa01,2017,1196040,bbref,0.012704502724578567
simmobe01,2017,5903160,bbref,0.06270418406041872
simmojo02,2017,874636,bbref,0.009290504870250576
simshe01,2017,75000,bbref,0.0007966603996048564
singlej01,2017,50000,bbref,0.0005311069330699043
singlky01,2017,4837500,bbref,0.05138459577451324
smartma01,2017,3578880,bbref,0.03801535961250438
smithis01,2017,6000000,bbref,0.06373283196838851
smithja02,2017,5000000,bbref,0.05311069330699043
smithjo03,2017,5400000,bbref,0.05735954877154966
smithjr01,2017,12800000,bbref,0.1359633748658955
snellto01,2017,2368327,bbref,0.025156697789532945
speigma01,2017,1403611,bbref,0.014909350668663628
splitti01,2017,8550000,bbref,0.09081928555495364
stausni01,2017,2993040,bbref,0.03179248589911093
stephdj01,2017,35000,bbref,0.000371774853148933
stephla01,2017,4000000,bbref,0.04248855464559234
stokeja01,2017,150000,bbref,0.0015933207992097128
stonedi01,2017,543471,bbref,0.005772824320448679
stoneju01,2017,50000,bbref,0.0005311069330699043
stuckro01,2017,7000000,bbref,0.0743549706297866
sullija01,2017,5628000,bbref,0.059781396386348426
tarczka01,2017,75000,bbref,0.0007966603996048564
tavarwa01,2017,1000000,bbref,0.010622138661398085
taylois01,2017,305000,bbref,0.0032397522917264163
teaguje01,2017,8800000,bbref,0.09347482022030315
teletmi01,2017,10500000,bbref,0.1115324559446799
templga01,2017,8000000,bbref,0.08497710929118468
terryja01,2017,1551659,bbref,0.016481937053206292
thomais02,2017,6587132,bbref,0.0699694294849325
thomala01,2017,6191000,bbref,0.06576166045271555
thompho01,2017,442126,bbref,0.00469632367780929
thompja02,2017,945126,bbref,0.010039259424492528
thompkl01,2017,16663575,bbref,0.1770028042446066
thomptr01,2017,15330435,bbref,0.16284200630955037
thornma01,2017,1315448,bbref,0.013972871057858788
tobeymi01,2017,138938,bbref,0.0014758187013373272
tokotjp01,2017,100000,bbref,0.0010622138661398085
tollian01,2017,8000000,bbref,0.08497710929118468
toupaax01,2017,51449,bbref,0.0005464984119902701
townska01,2017,5960160,bbref,0.06330964596411842
tuckepj01,2017,5300000,bbref,0.056297334905409856
turneev01,2017,16393443,bbref,0.17413342468372583
turnemy01,2017,2463840,bbref,0.02617125011949906
udrihbe01,2017,1551659,bbref,0.016481937053206292
ulisty01,2017,918369,bbref,0.009755042860329499
uthofja01,2017,63938,bbref,0.0006791583017324708
valanjo01,2017,14382022,bbref,0.15276783191527782
valende01,2017,2092200,bbref,0.022223638507377075
vanvlfr01,2017,543471,bbref,0.005772824320448679
varejan01,2017,1984005,bbref,0.02107437621490711
vasqugr01,2017,4347826,bbref,0.04618321064763179
vaughra01,2017,1811040,bbref,0.01923711800133839
vonleno01,2017,2751360,bbref,0.029225327427424237
vucevni01,2017,11750000,bbref,0.12481012927142751
vujacsa01,2017,1410598,bbref,0.014983567551490818
wadedw01,2017,23200000,bbref,0.24643361694443558
waitedi01,2017,2898000,bbref,0.030782957840731654
walkeke02,2017,12000000,bbref,0.12746566393677702
walkuth01,2017,69500,bbref,0.000738238636967167
walljo01,2017,16957900,bbref,0.1801291652061226
warneja01,2017,20000,bbref,0.00021244277322796172
warretj01,2017,2128920,bbref,0.02261368343902361
watsocj01,2017,5000000,bbref,0.05311069330699043
webbja01,2017,65000,bbref,0.0006904390129908756
weberbr01,2017,328000,bbref,0.003484061480938572
webstma02,2017,830000,bbref,0.008816375088960412
westbru01,2017,26540100,bbref,0.28191262228737135
westda01,2017,1551659,bbref,0.016481937053206292
whiteha01,2017,22116750,bbref,0.23492718523947612
whiteis01,2017,1074145,bbref,0.011409717132447447
whiteok01,2017,374933,bbref,0.003982590314733968
wiggian01,2017,6006600,bbref,0.06380293808355374
wilcocj01,2017,1209680,bbref,0.012849388695920037
willial03,2017,874636,bbref,0.009290504870250576
willide01,2017,9000000,bbref,0.09559924795258277
willide02,2017,4598000,bbref,0.0488405935651084
williel01,2017,250000,bbref,0.0026555346653495213
willilo02,2017,7000000,bbref,0.0743549706297866
willima01,2017,2200000,bbref,0.023368705055075788
willima02,2017,12250000,bbref,0.13012119860212656
willire02,2017,252676,bbref,0.0026839595084074226
willitr02,2017,543471,bbref,0.005772824320448679
wiltjky01,2017,543471,github,0.005772824320448679
winslju01,2017,2593440,bbref,0.02754787929001625
witheje01,2017,1015696,bbref,0.01078886374982739
woltena01,2017,50000,bbref,0.0005311069330699043
woodch01,2017,874636,bbref,0.009290504870250576
woodsc01,2017,50000,bbref,0.0005311069330699043
wrighbr03,2017,5700000,bbref,0.06054619036996909
wrighch01,2017,100000,bbref,0.0010622138661398085
wrighde01,2017,1577280,bbref,0.016754086867849974
wroteto01,2017,25000,bbref,0.00026555346653495213
youngja01,2017,1825200,bbref,0.019387527484783788
youngjo01,2017,1052342,bbref,0.011178122643212985
youngni01,2017,5443918,bbref,0.057826051857280944
youngth01,2017,14153652,bbref,0.15034205410917434
zeislni01,2017,25000,bbref,0.00026555346653495213
zelleco01,2017,5318313,bbref,0.05649185813071604
zellety01,2017,8000000,bbref,0.08497710929118468
zimmest01,2017,950000,bbref,0.010091031728328181
zipsepa01,2017,750000,bbref,0.007966603996048564
zubaciv01,2017,1034956,bbref,0.010993446140445918
abrinal01,2018,5725000,bbref,0.057774010273177724
acyqu01,2018,1709538,bbref,0.01725185431867034
adamsst01,2018,22471910,bbref,0.22677595793850222
adebaba01,2018,2490360,bbref,0.02513154309587963
afflaar01,2018,1500000,bbref,0.0151372952680815
ajincal01,2018,4961798,bbref,0.0500721342577175
aldrico01,2018,7300000,bbref,0.0736681703046633
aldrila01,2018,21461010,bbref,0.21657443008083316
allenja01,2018,1713720,bbref,0.017294057097877753
allenka01,2018,0,bbref,0.0
allento01,2018,1471382,bbref,0.014848495857426862
aminual01,2018,7319035,bbref,0.07386026258161525
anderju01,2018,1579440,bbref,0.015938966425479095
anderky01,2018,2151704,bbref,0.02171398585167469
anderry01,2018,19578455,bbref,0.19757656948523106
anigbik01,2018,950000,bbref,0.00958695366978495
antetgi01,2018,22471910,bbref,0.22677595793850222
anthoca01,2018,26243760,bbref,0.26483969604311103
anunoog01,2018,1645200,bbref,0.01660258545003179
arcidry01,2018,0,bbref,0.0
arizatr01,2018,7420912,bbref,0.07488835740163281
arthuda01,2018,7464912,bbref,0.07533238472949653
artisja01,2018,0,bbref,0.0
asikom01,2018,10595505,bbref,0.10692485846628924
augusdj01,2018,7250000,bbref,0.07316359379572725
babbilu01,2018,1974159,bbref,0.019922285126093668
bacondw01,2018,815615,bbref,0.008230803386717528
bakerro01,2018,4328000,bbref,0.043676142613504484
baldwwa01,2018,1874400,bbref,0.018915564166994643
balllo01,2018,6286560,bbref,0.06344100996034029
barbole01,2018,500000,bbref,0.0050457650893605
bareajo01,2018,3903900,bbref,0.03939632466470891
barneha02,2018,23112004,bbref,0.23323548585672046
barnema02,2018,2133542,bbref,0.02153070348056876
bartowi01,2018,3533333,bbref,0.0356567366009708
batumni01,2018,22434783,bbref,0.22640128969755685
bayleje01,2018,9000000,bbref,0.09082377160848899
baynear01,2018,4328000,bbref,0.043676142613504484
bazemke01,2018,16910113,bbref,0.1706489156650823
beachvj01,2018,50000,bbref,0.00050457650893605
bealbr01,2018,23775506,bbref,0.2399312363133622
beaslma01,2018,1700640,bbref,0.017162059883140082
beaslmi01,2018,1471382,bbref,0.014848495857426862
belinma01,2018,6306060,bbref,0.06363779479882535
belljo01,2018,815615,bbref,0.008230803386717528
bembrde01,2018,1567200,bbref,0.015815446096091552
bendedr01,2018,4468800,bbref,0.0450970300626684
bertada01,2018,1312611,bbref,0.01324625351942115
beverpa01,2018,5513514,bbref,0.05563979292180073
birchkh01,2018,815615,bbref,0.008230803386717528
birdja01,2018,0,bbref,0.0
biyombi01,2018,17000000,bbref,0.171556013038257
bjeline01,2018,3949999,bbref,0.03986153411441777
blackta01,2018,3290000,bbref,0.03320113428799209
blakean01,2018,0,bbref,0.0
bledser01,2018,14500000,bbref,0.1463271875914545
blueva01,2018,50000,bbref,0.00050457650893605
bogdabo01,2018,9470614,bbref,0.0955729869920176
bogdabo02,2018,10500000,bbref,0.10596106687657049
bogutan01,2018,1105123,bbref,0.011152382105698687
bolomjo01,2018,1312611,bbref,0.01324625351942115
bookede01,2018,2319360,bbref,0.02340589143531834
booketr01,2018,8725000,bbref,0.08804860080934072
boshch01,2018,25289390,bbref,0.2552086423864451
bouchch01,2018,0,bbref,0.0
bradlav01,2018,8808989,bbref,0.08889617833752132
bradlto01,2018,1414920,bbref,0.014278707880475916
breweco01,2018,6879366,bbref,0.06942332959946716
brogdma01,2018,1312611,bbref,0.01324625351942115
brookaa01,2018,1471382,bbref,0.014848495857426862
brookdi01,2018,815615,bbref,0.008230803386717528
brookma01,2018,332477,bbref,0.0033552016792306218
brownan02,2018,0,bbref,0.0
brownbo02,2018,1230186,bbref,0.012414459144440072
brownja02,2018,4956480,bbref,0.05001846750022706
brownlo01,2018,0,bbref,0.0
brownma02,2018,0,bbref,0.0
brownst02,2018,815615,bbref,0.008230803386717528
brussni01,2018,905249,bbref,0.009135347602757006
bryanth01,2018,815615,bbref,0.008230803386717528
bullore01,2018,2500000,bbref,0.025228825446802498
burketr01,2018,784160,bbref,0.00791337430494586
burksal01,2018,10845506,bbref,0.10944775110249967
butleca01,2018,517220,bbref,0.005219541239038075
butleji01,2018,19301070,bbref,0.19477733038660652
buyckdw01,2018,748160,bbref,0.007550079218511903
cabocbr01,2018,2451225,bbref,0.024736611062335382
caldejo01,2018,1471382,bbref,0.014848495857426862
caldwke01,2018,17745894,bbref,0.1790832248493839
canaais01,2018,997547,bbref,0.010066775655192596
capelca01,2018,2334520,bbref,0.02355887903282775
carrode01,2018,14800000,bbref,0.14935464664507078
cartemi01,2018,2700000,bbref,0.027247131482546698
cartevi01,2018,8000000,bbref,0.080732241429768
carusal01,2018,0,bbref,0.0
casspom01,2018,1471382,bbref,0.014848495857426862
caulewi01,2018,3704160,bbref,0.037380642426811175
cavanty01,2018,729919,bbref,0.007365999616521853
chalmma01,2018,2106407,bbref,0.021256869809169163
chandty01,2018,13000000,bbref,0.131189892323373
chandwi01,2018,12016854,bbref,0.12126844479428416
chrisma01,2018,3073800,bbref,0.031019345463352607
chrisra01,2018,172552,bbref,0.0017413137153986658
clarkia01,2018,1471382,bbref,0.014848495857426862
clarkjo01,2018,11562500,bbref,0.11668331769146155
clavegi01,2018,0,bbref,0.0
clevean01,2018,225792,bbref,0.0022785867821137717
collida01,2018,10000000,bbref,0.10091530178720999
collijo01,2018,1936920,bbref,0.01954648663376828
colliky01,2018,382464,bbref,0.003859646998274348
collini01,2018,2328652,bbref,0.02349966193373901
colliza01,2018,3057240,bbref,0.03085222972359299
conlemi01,2018,28530608,bbref,0.2879174916492588
connapa01,2018,1471382,bbref,0.014848495857426862
cookech01,2018,0,bbref,0.0
cookqu01,2018,100000,bbref,0.0010091530178721
cooleja01,2018,0,bbref,0.0
costema01,2018,0,bbref,0.0
couside01,2018,18063850,bbref,0.18229188741888933
covinro01,2018,16698103,bbref,0.16850941035189165
crabbal01,2018,19332500,bbref,0.19509450718012372
craigto01,2018,0,bbref,0.0
crawfja01,2018,10942762,bbref,0.11042921296156136
crawfjo02,2018,308190,bbref,0.0031101086857800247
crowdja01,2018,6796117,bbref,0.06858321980361883
cunnida01,2018,2300000,bbref,0.023210519411058297
curryse01,2018,3028410,bbref,0.030561290908540463
curryst01,2018,34682550,bbref,0.35
danietr01,2018,3408520,bbref,0.0343971824447741
davisan02,2018,23775506,bbref,0.2399312363133622
davisde01,2018,1312611,bbref,0.01324625351942115
davised01,2018,6352531,bbref,0.06410675829776069
dedmode01,2018,6000000,bbref,0.060549181072326
dekkesa01,2018,1794600,bbref,0.018110260058732706
delanma01,2018,2500000,bbref,0.025228825446802498
delfica01,2018,650000,bbref,0.00655949461616865
dellama01,2018,9607500,bbref,0.096954376192062
denglu01,2018,17190000,bbref,0.17347340377221399
derozde01,2018,27739975,bbref,0.27993879486946605
diallch01,2018,1312611,bbref,0.01324625351942115
dienggo01,2018,14112360,bbref,0.1424153068329751
dinwisp01,2018,1524305,bbref,0.015382569909075314
dorsety01,2018,815615,bbref,0.008230803386717528
dotsoda01,2018,1100000,bbref,0.0111006831965931
doylemi01,2018,0,bbref,0.0
doziepj01,2018,0,bbref,0.0
dragigo01,2018,17000450,bbref,0.17156055422683741
drewla02,2018,148318,bbref,0.0014967555730475413
drumman01,2018,23775506,bbref,0.2399312363133622
dudleja01,2018,10000000,bbref,0.10091530178720999
duncati01,2018,1881250,bbref,0.01898469114871888
dunlemi02,2018,1662500,bbref,0.01677716892212366
dunnkr01,2018,4046760,bbref,0.04083800066604099
duranke01,2018,25000000,bbref,0.252288254468025
eddieja01,2018,100353,bbref,0.0010127153280251884
ellenhe01,2018,1780800,bbref,0.017970996942266355
ellinwa01,2018,6270000,bbref,0.06327389422058066
ellismo01,2018,2245400,bbref,0.02265952186330013
embiijo01,2018,6100266,bbref,0.06156101843722564
ennisja01,2018,3028410,bbref,0.030561290908540463
ennisty01,2018,1524305,bbref,0.015382569909075314
evansja01,2018,815615,bbref,0.008230803386717528
evansje01,2018,133129,bbref,0.001343475321162948
evansty01,2018,3290000,bbref,0.03320113428799209
exumda01,2018,4992385,bbref,0.05038080389129404
ezelife01,2018,333334,bbref,0.0033638501205937857
faircj02,2018,82944,bbref,0.0008370318791438346
farieke01,2018,12921348,bbref,0.13039617329175623
farmajo01,2018,510921,bbref,0.005155974690442312
favorde01,2018,12000000,bbref,0.121098362144652
feldeka01,2018,489448,bbref,0.004939279262914636
feliccr01,2018,7843500,bbref,0.07915291695679816
felixca01,2018,140902,bbref,0.0014219167852421463
feltora01,2018,1471382,bbref,0.014848495857426862
fergute01,2018,1785000,bbref,0.018013381369016986
ferreyo01,2018,1312611,bbref,0.01324625351942115
finnedo01,2018,1312611,bbref,0.01324625351942115
forbebr01,2018,1312611,bbref,0.01324625351942115
fournev01,2018,17000000,bbref,0.171556013038257
foxde01,2018,4609200,bbref,0.04651388089976083
frankja01,2018,163296,bbref,0.0016479065120644243
fraziti01,2018,2000000,bbref,0.020183060357442
fryech01,2018,7420912,bbref,0.07488835740163281
fultzma01,2018,7026240,bbref,0.07090551300293664
gallida01,2018,20559599,bbref,0.20747781377090208
gallola01,2018,6666667,bbref,0.06727687122198339
gasolma01,2018,22642350,bbref,0.22849595834216344
gasolpa01,2018,16000000,bbref,0.161464482859536
gayru01,2018,8406000,bbref,0.08482940268232872
gbinimi01,2018,500000,bbref,0.0050457650893605
georgma01,2018,1312611,bbref,0.01324625351942115
georgpa01,2018,19508958,bbref,0.19687523841240048
gibsojo01,2018,44495,bbref,0.0004490226353021909
gibsota01,2018,14000000,bbref,0.141281422502094
gilesha01,2018,1859400,bbref,0.018764191214313827
ginobma01,2018,2500000,bbref,0.025228825446802498
goberru01,2018,21974719,bbref,0.22175853995741374
gordoaa01,2018,5504420,bbref,0.055548020546355444
gordoer01,2018,12943020,bbref,0.13061487693378948
gortama01,2018,12782609,bbref,0.12899608448629066
grahatr01,2018,1312611,bbref,0.01324625351942115
grantje01,2018,1524305,bbref,0.015382569909075314
grantje02,2018,1713840,bbref,0.0172952680814992
grayjo01,2018,101376,bbref,0.00102303896339802
greenda02,2018,10000000,bbref,0.10091530178720999
greendr01,2018,16400000,bbref,0.16550109493102438
greenge01,2018,872854,bbref,0.00880843248261734
greenja01,2018,8533333,bbref,0.0861143874945758
greenje02,2018,2116955,bbref,0.021363315269494313
griffbl01,2018,29727900,bbref,0.3
griffer01,2018,0,bbref,0.0
hamilda02,2018,0,bbref,0.0
hamilju01,2018,1000000,bbref,0.010091530178721
hammoaj01,2018,1312611,bbref,0.01324625351942115
hardati02,2018,16500000,bbref,0.1665102479488965
hardeja01,2018,28299399,bbref,0.2855842390481669
harklma01,2018,10162922,bbref,0.10255943406698757
harremo01,2018,1471382,bbref,0.014848495857426862
harriaa01,2018,174571,bbref,0.0017616885148295037
harrian01,2018,1312611,bbref,0.01324625351942115
harride01,2018,4402546,bbref,0.04442842582220742
harriga01,2018,2550055,bbref,0.025733956989898377
harrijo01,2018,1524305,bbref,0.015382569909075314
harrish01,2018,267160,bbref,0.0026960532025471023
harrito02,2018,16000000,bbref,0.161464482859536
hartjo01,2018,1394520,bbref,0.014072840664830008
hasleud01,2018,1471382,bbref,0.014848495857426862
hawessp01,2018,2007059,bbref,0.02025429646897359
hayesni01,2018,92160,bbref,0.0009300354212709273
haywago01,2018,29727900,bbref,0.3
hearnre01,2018,0,bbref,0.0
hendege02,2018,1000000,bbref,0.010091530178721
henrymy01,2018,0,bbref,0.0
hensojo01,2018,11422536,bbref,0.11527086676152705
hernaju01,2018,2076840,bbref,0.020958493536374922
hernawi01,2018,1435750,bbref,0.014488914454098676
hezonma01,2018,4078320,bbref,0.04115648935848143
hicksis01,2018,0,bbref,0.0
hieldbu01,2018,3675480,bbref,0.03709121734128546
hilarne01,2018,3477600,bbref,0.03509430534952015
hillge01,2018,20000000,bbref,0.20183060357441998
hillida01,2018,0,bbref,0.0
hillso01,2018,12236535,bbref,0.12348536223547577
holidjr01,2018,25686667,bbref,0.2592177752212568
holidju01,2018,4615385,bbref,0.04657629701391622
hollajo02,2018,0,bbref,0.0
holliro01,2018,1471382,bbref,0.014848495857426862
holmeri01,2018,1471382,bbref,0.014848495857426862
hoodro01,2018,2386864,bbref,0.02408711008850272
hopsosc01,2018,74159,bbref,0.0007483777865237706
horfoal01,2018,27734405,bbref,0.2798825850463706
houseda01,2018,0,bbref,0.0
howardw01,2018,23500000,bbref,0.2371509591999435
huestjo01,2018,1471382,bbref,0.014848495857426862
hunterj01,2018,0,bbref,0.0
huntevi01,2018,0,bbref,0.0
ibakase01,2018,20061729,bbref,0.20245354364082227
iguodan01,2018,14814815,bbref,0.14950415266466854
ilyaser01,2018,5434282,bbref,0.05484022080268031
inglejo01,2018,14136364,bbref,0.14265754392338512
ingraan01,2018,13824,bbref,0.00013950531319063909
ingrabr01,2018,5519400,bbref,0.055699191668432686
irvinky01,2018,18868625,bbref,0.1904132986184695
isaacjo01,2018,4186320,bbref,0.04224637461778329
iwundwe01,2018,1050000,bbref,0.010596106687657049
jackja01,2018,1471382,bbref,0.014848495857426862
jacksaa01,2018,4608,bbref,4.6501771063546367e-05
jacksde01,2018,92858,bbref,0.0009370793093356745
jacksfr01,2018,815615,bbref,0.008230803386717528
jacksjo02,2018,5090040,bbref,0.051366292270897035
jacksju01,2018,2365560,bbref,0.023872120129575247
jacksre01,2018,16000000,bbref,0.161464482859536
jamesle01,2018,33285709,bbref,0.3359037368936252
jamesmi02,2018,87552,bbref,0.0008835336502073809
jeancli01,2018,1035200,bbref,0.010446752041011979
jeffeal01,2018,9769821,bbref,0.09859244346220217
jeffeam01,2018,4608,bbref,4.6501771063546367e-05
jefferi01,2018,2500000,bbref,0.025228825446802498
jennibr01,2018,297169,bbref,0.0029988899316803408
jerebjo01,2018,4000000,bbref,0.040366120714884
johnsam01,2018,11000000,bbref,0.11100683196593099
johnsbr02,2018,1331160,bbref,0.013433441312706245
johnsch04,2018,25000,bbref,0.000252288254468025
johnsda04,2018,815615,bbref,0.008230803386717528
johnsja01,2018,13954000,bbref,0.14081721211387282
johnsja04,2018,87552,bbref,0.0008835336502073809
johnsjo02,2018,9505000,bbref,0.0959199943487431
johnsom01,2018,27648,bbref,0.00027901062638127817
johnsst04,2018,3097800,bbref,0.03126154218764191
johnsty01,2018,5881260,bbref,0.05935091277890467
johnswe01,2018,5881260,bbref,0.05935091277890467
jokicni01,2018,1471382,bbref,0.014848495857426862
jonesda03,2018,1312611,bbref,0.01324625351942115
jonesde02,2018,400458,bbref,0.004041233992310254
jonesja04,2018,0,bbref,0.0
jonesty01,2018,1471382,bbref,0.014848495857426862
jordade01,2018,22642350,bbref,0.22849595834216344
josepco01,2018,7630000,bbref,0.07699837526364123
kaminfr01,2018,2847600,bbref,0.028736641336925918
kanteen01,2018,20566802,bbref,0.20755050306277942
kennalu01,2018,2759280,bbref,0.02784535739154128
kiddgmi01,2018,13000000,bbref,0.131189892323373
kilpase01,2018,2163006,bbref,0.021828040325754593
klebima01,2018,815615,bbref,0.008230803386717528
knighbr03,2018,13618750,bbref,0.13743402662145662
korkmfu01,2018,1465920,bbref,0.014793375919590688
kornelu01,2018,0,bbref,0.0
korveky01,2018,7000000,bbref,0.070640711251047
koufoko01,2018,8393000,bbref,0.08469821279000535
kuzmaky01,2018,1423560,bbref,0.014365898701220067
kuzmimi01,2018,3025035,bbref,0.03052723199418728
labissk01,2018,1312611,bbref,0.01324625351942115
lambje01,2018,7000000,bbref,0.070640711251047
larkish01,2018,1471382,bbref,0.014848495857426862
lauvejo01,2018,1524305,bbref,0.015382569909075314
lavinza01,2018,3202217,bbref,0.032315269494313424
lawsoty01,2018,8313,bbref,8.389089037570766e-05
laymaja01,2018,1312611,bbref,0.01324625351942115
leaftj01,2018,2028360,bbref,0.020469256153310526
leeco01,2018,11747890,bbref,0.11855418647129465
leeda03,2018,138240,bbref,0.001395053131906391
lemonwa01,2018,92160,bbref,0.0009300354212709273
lenal01,2018,4187599,bbref,0.042259281684881876
leonaka01,2018,18868625,bbref,0.1904132986184695
leoname01,2018,9904495,bbref,0.09995151019749124
leuerjo01,2018,10497319,bbref,0.10593401148416134
leverca01,2018,1632480,bbref,0.016474221186158457
liggide01,2018,757427,bbref,0.007643597428678111
lillada01,2018,26153057,bbref,0.2639243639813105
linje01,2018,12000000,bbref,0.121098362144652
livinsh01,2018,7692308,bbref,0.07762715832601698
looneke01,2018,1471382,bbref,0.014848495857426862
lopezbr01,2018,22642350,bbref,0.22849595834216344
lopezro01,2018,13788500,bbref,0.1391470638692945
loveke01,2018,22642350,bbref,0.22849595834216344
lowryky01,2018,28703704,bbref,0.28966429515707465
luwawti01,2018,1386600,bbref,0.013992915745814538
lydonty01,2018,1579440,bbref,0.015938966425479095
lylestr01,2018,2441400,bbref,0.02463746177832945
macksh01,2018,6000000,bbref,0.060549181072326
magetjo01,2018,0,bbref,0.0
mahinia01,2018,16661641,bbref,0.16814145297851513
makerth01,2018,2684160,bbref,0.027087281644515758
marjabo01,2018,7000000,bbref,0.070640711251047
markkla01,2018,3821640,bbref,0.03856619539220732
martija01,2018,1471382,bbref,0.014848495857426862
martike02,2018,1360305,bbref,0.013727558959765069
masonfr01,2018,1184385,bbref,0.011952256970724471
mathima01,2018,0,bbref,0.0
matthwe02,2018,17884176,bbref,0.1804787018255578
mbahalu01,2018,1471382,bbref,0.014848495857426862
mcadoja01,2018,0,bbref,0.0
mccawpa01,2018,1312611,bbref,0.01324625351942115
mcclesh01,2018,1312611,bbref,0.01324625351942115
mccolcj01,2018,23962573,bbref,0.24181902858930499
mccontj01,2018,1471382,bbref,0.014848495857426862
mccreer01,2018,0,bbref,0.0
mcculch01,2018,1471382,bbref,0.014848495857426862
mcdankj01,2018,100000,bbref,0.0010091530178721
mcderdo01,2018,3294994,bbref,0.033251531389704624
mcgeeja01,2018,1471382,bbref,0.014848495857426862
mcgruro01,2018,1312611,bbref,0.01324625351942115
mckinal01,2018,815615,bbref,0.008230803386717528
mckintr01,2018,46080,bbref,0.00046501771063546364
mclembe01,2018,5200000,bbref,0.0524759569293492
mcrobjo01,2018,6021175,bbref,0.06076286922386041
meeksjo01,2018,3290000,bbref,0.03320113428799209
mejrisa01,2018,1471382,bbref,0.014848495857426862
mekelga01,2018,315760,bbref,0.003186501569232943
mickejo01,2018,1471382,bbref,0.014848495857426862
middlkh01,2018,14100000,bbref,0.1422905755199661
milescj01,2018,7936509,bbref,0.08009152008719082
milleda01,2018,2100000,bbref,0.021192213375314097
millema01,2018,0,bbref,0.0
millspa01,2018,31269231,bbref,0.3155543883018982
millspa02,2018,10714286,bbref,0.10812354051244791
mirotni01,2018,12500000,bbref,0.1261441272340125
mitchdo01,2018,2621280,bbref,0.02645272622687778
mitrona01,2018,92160,bbref,0.0009300354212709273
monkma01,2018,2904480,bbref,0.02931064757349157
monrogr01,2018,16384175,bbref,0.16534139646594614
montelu01,2018,0,bbref,0.0
moorebe01,2018,0,bbref,0.0
mooreet01,2018,8445024,bbref,0.08522321455602314
mooreja02,2018,0,bbref,0.0
moreler01,2018,1739333,bbref,0.01755253146034533
morrija01,2018,193536,bbref,0.0019530743846689473
morrima02,2018,8000000,bbref,0.080732241429768
morrima03,2018,5000000,bbref,0.050457650893604995
morrimo01,2018,0,bbref,0.0
motlejo01,2018,0,bbref,0.0
mozgoti01,2018,15280000,bbref,0.15419858113085688
mudiaem01,2018,3381480,bbref,0.03412430746874148
muhamsh01,2018,1238616,bbref,0.012499530743846689
munfoxa02,2018,0,bbref,0.0
murrade01,2018,1312611,bbref,0.01324625351942115
murraja01,2018,3355320,bbref,0.03386031303926614
muscami01,2018,5000000,bbref,0.050457650893604995
naderab01,2018,1167333,bbref,0.01178017619811692
nancela02,2018,1471382,bbref,0.014848495857426862
napiesh01,2018,2361360,bbref,0.02382973570282462
nashle01,2018,46080,bbref,0.00046501771063546364
nelsoja01,2018,4736050,bbref,0.047793991502931586
netora01,2018,1471382,bbref,0.014848495857426862
niangge01,2018,100000,bbref,0.0010091530178721
nichoan01,2018,2844429,bbref,0.028704641094729193
noahjo01,2018,17765000,bbref,0.17927603362497854
noelne01,2018,4187599,bbref,0.042259281684881876
noguelu01,2018,2947305,bbref,0.029742817353395297
nowitdi01,2018,5000000,bbref,0.050457650893604995
ntilila01,2018,3501120,bbref,0.035331658139323666
nurkiju01,2018,2947305,bbref,0.029742817353395297
nwabada01,2018,1312611,bbref,0.01324625351942115
obryajo01,2018,1524305,bbref,0.015382569909075314
ochefda01,2018,50000,bbref,0.00050457650893605
ojelese01,2018,1291892,bbref,0.01303716710564823
okafoem01,2018,774914,bbref,0.007820068016913404
okafoja01,2018,4995120,bbref,0.05040840422633284
oladivi01,2018,21000000,bbref,0.21192213375314098
oliveca01,2018,300000,bbref,0.0030274590536163
olynyke01,2018,10607169,bbref,0.10704256607429384
onealro01,2018,815615,bbref,0.008230803386717528
onuakch01,2018,1312611,bbref,0.01324625351942115
oquinky01,2018,4087500,bbref,0.041249129605522086
osmande01,2018,2642857,bbref,0.026670471173544045
ouattya01,2018,0,bbref,0.0
oubreke01,2018,2093040,bbref,0.0211219763252702
pachuza01,2018,3477600,bbref,0.03509430534952015
paigema01,2018,0,bbref,0.0
papagge01,2018,2301360,bbref,0.02322424389210136
parkeja01,2018,6782392,bbref,0.06844471355191588
parketo01,2018,15453126,bbref,0.15594568738457812
parsoch01,2018,23112004,bbref,0.23323548585672046
pattepa01,2018,5192000,bbref,0.05239522468791943
pattoju01,2018,2247480,bbref,0.02268051224607187
paulbr01,2018,815615,bbref,0.008230803386717528
paulch01,2018,24599495,bbref,0.24824654617379632
paynead01,2018,0,bbref,0.0
payneca01,2018,2203440,bbref,0.022236081257000998
paytoel01,2018,3332340,bbref,0.033628409675759134
paytoga02,2018,0,bbref,0.0
perkike01,2018,13156,bbref,0.00013276417103125348
perralo01,2018,0,bbref,0.0
peteral01,2018,0,bbref,0.0
piercpa01,2018,1096080,bbref,0.011061124398292514
pleisti01,2018,500000,bbref,0.0050457650893605
plumlma01,2018,14041096,bbref,0.14169614402631872
plumlma02,2018,100000,bbref,0.0010091530178721
plumlmi01,2018,12500000,bbref,0.1261441272340125
poeltja01,2018,2825640,bbref,0.028515031334201205
pondequ01,2018,3853931,bbref,0.038892060993208404
porteot01,2018,24773250,bbref,0.25
portibo01,2018,1516320,bbref,0.015301989040598226
porzikr01,2018,4503600,bbref,0.045448215312887896
poweldw01,2018,9003125,bbref,0.09085530764029749
powelno01,2018,1471382,bbref,0.014848495857426862
poythal01,2018,778668,bbref,0.007857951621204323
pricero01,2018,2442455,bbref,0.024648108342668
princta02,2018,2422560,bbref,0.024447337349762344
pulleja01,2018,0,bbref,0.0
purviro01,2018,161280,bbref,0.0016275619872241228
qizh01,2018,815615,bbref,0.008230803386717528
quartti01,2018,96406,bbref,0.0009728840584097767
rabbiv01,2018,950000,bbref,0.00958695366978495
radulmi01,2018,252043,bbref,0.0025434995408353768
randlju01,2018,4149242,bbref,0.04187220086181668
randoza01,2018,12307692,bbref,0.12420344524840302
rathaxa01,2018,46080,bbref,0.00046501771063546364
redicjj01,2018,23000000,bbref,0.23210519411058297
reedda01,2018,815615,bbref,0.008230803386717528
reedwi02,2018,1471382,bbref,0.014848495857426862
richajo01,2018,1471382,bbref,0.014848495857426862
richama01,2018,1504560,bbref,0.015183312645696468
riverau01,2018,11825000,bbref,0.11933234436337582
roberan03,2018,9259259,bbref,0.09344009163109403
robinde01,2018,0,bbref,0.0
robingl02,2018,1524305,bbref,0.015382569909075314
rondora01,2018,3300000,bbref,0.033302049589779295
rosede01,2018,1356709,bbref,0.013691269817242389
rosste01,2018,10500000,bbref,0.10596106687657049
roziete01,2018,1988520,bbref,0.020067209590990284
rubiori01,2018,14275000,bbref,0.14405659330124226
rushbr01,2018,83129,bbref,0.000838898812226898
russeda01,2018,5562360,bbref,0.056132723804910536
sabondo01,2018,2550000,bbref,0.02573340195573855
sampsja02,2018,0,bbref,0.0
sandela01,2018,1865547,bbref,0.018826223850322423
saricda01,2018,2422560,bbref,0.024447337349762344
satorto01,2018,3000000,bbref,0.030274590536163
schrode01,2018,15500000,bbref,0.1564187177701755
scottmi01,2018,1471382,bbref,0.014848495857426862
sefolth01,2018,5250000,bbref,0.052980533438285245
seldewa01,2018,1312611,bbref,0.01324625351942115
sessira01,2018,1471382,bbref,0.014848495857426862
shumpim01,2018,10337079,bbref,0.10431694468832309
siakapa01,2018,1312611,bbref,0.01324625351942115
silasxa01,2018,74159,bbref,0.0007483777865237706
simmobe01,2018,6168840,bbref,0.06225303502770125
simmojo02,2018,6300000,bbref,0.0635766401259423
simmoko01,2018,0,bbref,0.0
singlky01,2018,4666500,bbref,0.04709212557900155
smartma01,2018,4538020,bbref,0.04579556578163947
smithde03,2018,3218280,bbref,0.032477369743574215
smithis01,2018,6000000,bbref,0.060549181072326
smithja02,2018,5225000,bbref,0.052728245183817225
smithjo03,2018,5331729,bbref,0.05380530410826193
smithjr01,2018,13760000,bbref,0.13885945525920096
snellto01,2018,9821429,bbref,0.09911324715166561
speigma01,2018,1471382,bbref,0.014848495857426862
stausni01,2018,3807147,bbref,0.038419938845327115
stephla01,2018,4180000,bbref,0.042182596147053775
stockda01,2018,192813,bbref,0.001945778208349732
stonedi01,2018,1312611,bbref,0.01324625351942115
stoneju01,2018,1524305,bbref,0.015382569909075314
sumneed01,2018,0,bbref,0.0
swanica01,2018,1465920,bbref,0.014793375919590688
tatumja01,2018,5645400,bbref,0.05697072447095153
taylois01,2018,1312611,bbref,0.01324625351942115
teaguje01,2018,19000000,bbref,0.19173907339569898
teaguma01,2018,157945,bbref,0.0015939067340780882
teletmi01,2018,10500000,bbref,0.10596106687657049
templga01,2018,8000000,bbref,0.080732241429768
teodomi01,2018,6000000,bbref,0.060549181072326
terryja01,2018,1471382,bbref,0.014848495857426862
theisda01,2018,815615,bbref,0.008230803386717528
thomais02,2018,6261395,bbref,0.06318705660339277
thomala01,2018,6655325,bbref,0.06716241308669633
thompja02,2018,945126,bbref,0.009537767551693863
thompkl01,2018,17826150,bbref,0.17989313069540736
thomptr01,2018,16400000,bbref,0.16550109493102438
thornma02,2018,46080,bbref,0.00046501771063546364
thornsi01,2018,815615,bbref,0.008230803386717528
tollian01,2018,3290000,bbref,0.03320113428799209
toupaax01,2018,25000,bbref,0.000252288254468025
townska01,2018,6216840,bbref,0.06273742847627986
tuckepj01,2018,7590035,bbref,0.07659506726004864
turneev01,2018,17131148,bbref,0.1728794970381359
turnemy01,2018,2569920,bbref,0.02593442523689867
udohek01,2018,3200000,bbref,0.0322928965719072
udrihbe01,2018,25000,bbref,0.000252288254468025
ulisty01,2018,1312611,bbref,0.01324625351942115
uthofja01,2018,7416,bbref,7.483878780539493e-05
valanjo01,2018,15460675,bbref,0.1560218683458973
valende01,2018,2186400,bbref,0.022064121582755593
vanvlfr01,2018,1312611,bbref,0.01324625351942115
varejan01,2018,1913345,bbref,0.01930857880980493
vaughra01,2018,1889040,bbref,0.019063304168811118
vonleno01,2018,3505233,bbref,0.035373164602948745
vucevni01,2018,12250000,bbref,0.12362124468933225
wadedw01,2018,15550000,bbref,0.15692329427911153
waitedi01,2018,11000000,bbref,0.11100683196593099
walkeke02,2018,12000000,bbref,0.121098362144652
wallaty01,2018,0,bbref,0.0
walljo01,2018,18063850,bbref,0.18229188741888933
waltode01,2018,0,bbref,0.0
warneja01,2018,46080,bbref,0.00046501771063546364
warretj01,2018,3152931,bbref,0.03181789833792498
watsocj01,2018,333334,bbref,0.0033638501205937857
weartr01,2018,296636,bbref,0.0029935111460950826
webbja01,2018,0,bbref,0.0
weberbr01,2018,83129,bbref,0.000838898812226898
webstma02,2018,833333,bbref,0.008409605118424106
westbru01,2018,28530608,bbref,0.2879174916492588
westda01,2018,1471382,bbref,0.014848495857426862
whitean01,2018,0,bbref,0.0
whitede01,2018,1404600,bbref,0.014174563289031515
whiteha01,2018,23775506,bbref,0.2399312363133622
whiteis01,2018,1312611,bbref,0.01324625351942115
whiteok01,2018,1312611,bbref,0.01324625351942115
wiggian01,2018,7574322,bbref,0.0764364990463504
wilcocj01,2018,0,bbref,0.0
wileyja01,2018,0,bbref,0.0
wilkida02,2018,1016617,bbref,0.010259221135700807
willial03,2018,6000000,bbref,0.060549181072326
willicj01,2018,375000,bbref,0.003784323817020375
willide01,2018,5474787,bbref,0.055248978232569405
willide02,2018,83129,bbref,0.000838898812226898
willilo02,2018,7000000,bbref,0.070640711251047
willima02,2018,13168750,bbref,0.13289283804103216
willima05,2018,0,bbref,0.0
willitr02,2018,1471382,bbref,0.014848495857426862
wilsodj01,2018,2135040,bbref,0.021545820592776484
wilsoja02,2018,0,bbref,0.0
winslju01,2018,2705040,bbref,0.027297992794647452
witheje01,2018,1577320,bbref,0.015917572381500208
woltena01,2018,0,bbref,0.0
wrighbr03,2018,5179760,bbref,0.05227170435853189
wrighde01,2018,1645200,bbref,0.01660258545003179
yabusgu01,2018,2247480,bbref,0.02268051224607187
youngja01,2018,0,bbref,0.0
youngjo01,2018,1471382,bbref,0.014848495857426862
youngmi02,2018,0,bbref,0.0
youngni01,2018,5192000,bbref,0.05239522468791943
youngth01,2018,14796348,bbref,0.1493177923768581
zagorra01,2018,950000,bbref,0.00958695366978495
zelleco01,2018,12584270,bbref,0.12699454048217332
zellety01,2018,1709538,bbref,0.01725185431867034
zipsepa01,2018,1312611,bbref,0.01324625351942115
zizican01,2018,1645200,bbref,0.01660258545003179
zubaciv01,2018,1312611,bbref,0.01324625351942115
abrinal01,2019,3575183,bbref,0.03509588785597188
acyqu01,2019,213948,bbref,0.0021002267618215552
adamsja01,2019,236854,bbref,0.0023250841767367895
adamsst01,2019,24157304,bbref,0.23714087700870726
adebaba01,2019,2955840,bbref,0.029016089291148437
adelde01,2019,0,bbref,0.0
ajincal01,2019,5285394,bbref,0.05188422385612895
akoonde01,2019,77250,github,0.0007583268707850279
aldrico01,2019,685341,bbref,0.006727669850494262
aldrila01,2019,22347015,bbref,0.21937012241211754
alkinra01,2019,0,bbref,0.0
allengr01,2019,2074320,bbref,0.02036262258390678
allenja01,2019,2034120,bbref,0.01996799811522642
allenka01,2019,0,bbref,0.0
aminual01,2019,6957105,bbref,0.06829462348702746
anderju01,2019,2516048,bbref,0.024698858337668966
anderky01,2019,8641000,bbref,0.08482462770813495
anderry01,2019,20421546,bbref,0.20046869999705505
anigbik01,2019,1378242,bbref,0.013529552660770204
antetgi01,2019,24157304,bbref,0.23714087700870726
antetko01,2019,0,bbref,0.0
anthoca01,2019,25534253,bbref,0.2506577368973878
anunoog01,2019,1952760,bbref,0.019169325309956905
arcidry01,2019,1349383,bbref,0.013246257448291433
arizatr01,2019,15000000,bbref,0.1472479360747627
arthuda01,2019,7464912,bbref,0.07327952566531526
asikom01,2019,11286516,bbref,0.11079441243165242
augusdj01,2019,7250000,bbref,0.07116983576946863
aytonde01,2019,8165160,bbref,0.08015353051468062
bacondw01,2019,1378242,bbref,0.013529552660770204
baglema01,2019,7305600,bbref,0.07171563478585243
bakerro01,2019,4544400,bbref,0.0446102347132101
baldwwa01,2019,1544951,bbref,0.015166056405776045
balllo01,2019,7461960,bbref,0.07325054727149574
bambamo01,2019,4865040,bbref,0.04775780659474423
bareajo01,2019,3710850,bbref,0.03642766690553554
barneha02,2019,24107258,bbref,0.23664959899478744
barnema02,2019,2133542,bbref,0.02094397706858809
bartowi01,2019,11830358,bbref,0.11613305323503716
bateske01,2019,838464,bbref,0.008230806231532654
batumni01,2019,24000000,bbref,0.2355966977196203
bayleje01,2019,8575916,bbref,0.08418572873003563
baynear01,2019,5193600,bbref,0.05098312538652583
bazemke01,2019,18089887,bbref,0.1775799016383787
bealbr01,2019,25434262,bbref,0.24967617233898437
beaslma01,2019,1773840,bbref,0.017412951928457137
beaslmi01,2019,3500000,bbref,0.03435785175077796
belinma01,2019,6153846,bbref,0.06040940816146227
belljo01,2019,1378242,bbref,0.013529552660770204
bembrde01,2019,1634640,bbref,0.016046491081683337
bendedr01,2019,4661280,bbref,0.045757590631104655
bertada01,2019,7000000,bbref,0.06871570350155592
bertada02,2019,194220,bbref,0.0019065662762960272
beverpa01,2019,5027028,bbref,0.04934796650600281
bibbsju01,2019,94742,bbref,0.0009300375973063445
birchkh01,2019,1378242,bbref,0.013529552660770204
birdja01,2019,1349383,bbref,0.013246257448291433
biyombi01,2019,17000000,bbref,0.16688099421806438
bjeline01,2019,6500000,bbref,0.0638074389657305
blakean01,2019,1349383,bbref,0.013246257448291433
bledser01,2019,15000000,bbref,0.1472479360747627
blossja01,2019,0,bbref,0.0
bluietr01,2019,0,bbref,0.0
bogdabo01,2019,9000000,bbref,0.08834876164485761
bogdabo02,2019,10500000,bbref,0.10307355525233387
bogutan01,2019,486892,bbref,0.004779589472754224
boldejo01,2019,1690000,bbref,0.016589934131089928
bongais01,2019,1000000,bbref,0.009816529071650846
bookede01,2019,3314365,bbref,0.03253556037656206
boshch01,2019,26837720,bbref,0.26345325859682533
bouchch01,2019,457418,bbref,0.004490257094896387
bradlav01,2019,12000000,bbref,0.11779834885981015
bradlto01,2019,1679520,bbref,0.01648705690641903
breweco01,2019,2270496,bbref,0.02228838999106696
bridgmi01,2019,3552960,bbref,0.03487773513041259
bridgmi02,2019,3206640,bbref,0.03147807478231847
briscis01,2019,838464,bbref,0.008230806231532654
broekry01,2019,838464,bbref,0.008230806231532654
brogdma01,2019,1544951,bbref,0.015166056405776045
brookdi01,2019,1378242,bbref,0.013529552660770204
brookma01,2019,1656092,bbref,0.016257075263328393
brownbr01,2019,838464,bbref,0.008230806231532654
brownja02,2019,5169960,bbref,0.050751062639272
brownlo01,2019,800000,bbref,0.007853223257320676
brownst02,2019,1378242,bbref,0.013529552660770204
browntr01,2019,2749080,bbref,0.02698642374029391
brunsja01,2019,1230000,bbref,0.01207433075813054
bryanth01,2019,1378242,bbref,0.013529552660770204
bullore01,2019,2500000,bbref,0.024541322679127113
burketr01,2019,1795015,bbref,0.017620816931549342
burksal01,2019,11536515,bbref,0.11324853488303606
burtode02,2019,151587,bbref,0.0014880581923843368
butleca01,2019,517219,bbref,0.005077295349910179
butleji01,2019,20445779,bbref,0.20070658394604834
cabocbr01,2019,705361,bbref,0.006924196762508712
caldejo01,2019,2393887,bbref,0.023499661329747026
caldwke01,2019,12000000,bbref,0.11779834885981015
canaais01,2019,456733,bbref,0.004483532772482306
capelca01,2019,15293104,bbref,0.15012520001177984
carrode01,2019,15400000,bbref,0.15117454770342303
carteje01,2019,838464,bbref,0.008230806231532654
cartemi01,2019,1200000,bbref,0.011779834885981015
cartevi01,2019,2393887,bbref,0.023499661329747026
cartewe01,2019,4441200,bbref,0.04359716891301574
carusal01,2019,0,bbref,0.0
casspom01,2019,2176260,bbref,0.02136331955747087
caulewi01,2019,4696875,bbref,0.046107009983410066
caupatr01,2019,0,bbref,0.0
cavanty01,2019,0,bbref,0.0
chandty01,2019,11475133,bbref,0.11264597669555998
chandwi01,2019,12800562,bbref,0.1256570890064691
chealjo01,2019,0,bbref,0.0
chiozch01,2019,137376,bbref,0.0013485554977471065
chrisma01,2019,3206160,bbref,0.03147336284836408
clarkga01,2019,596873,bbref,0.005859221156583455
clarkia01,2019,1757429,bbref,0.017251852869862274
clarkjo01,2019,12500000,bbref,0.12270661339563557
collida01,2019,10000000,bbref,0.09816529071650845
collijo01,2019,2299080,bbref,0.022568985658051027
colliza01,2019,3628920,bbref,0.035623398678695184
colsobo01,2019,0,bbref,0.0
conlemi01,2019,30521116,bbref,0.29961142251322775
connapa01,2019,1641000,bbref,0.01610892420657904
cookech01,2019,76236,bbref,0.0007483729103063739
cookqu01,2019,1544951,bbref,0.015166056405776045
couside01,2019,5337000,bbref,0.05239081565540056
covinro01,2019,10464092,bbref,0.10272106332642904
crabbal01,2019,18500000,bbref,0.18160578782554065
craigto01,2019,2000000,bbref,0.019633058143301692
crawfja01,2019,2393887,bbref,0.023499661329747026
creekmi01,2019,94742,bbref,0.0009300375973063445
crowdja01,2019,7305825,bbref,0.07171784350489353
cunnida01,2019,2487000,bbref,0.024413707801195655
curryse01,2019,2795000,bbref,0.027437198755264115
curryst01,2019,37457154,bbref,0.36769924118230274
danietr01,2019,3258539,bbref,0.03198754282460808
davisan02,2019,25434262,bbref,0.24967617233898437
davisde01,2019,1544951,bbref,0.015166056405776045
davised01,2019,4449000,bbref,0.043673737839774615
davisty01,2019,77250,github,0.0007583268707850279
dedmode01,2019,7200000,bbref,0.07067900931588608
dekkesa01,2019,2760095,bbref,0.02709455280801814
delfica01,2019,650000,bbref,0.00638074389657305
delgaan01,2019,0,bbref,0.0
dellama01,2019,9607500,bbref,0.0943123030558855
dempsco01,2019,47371,bbref,0.0004650187986531722
denglu01,2019,14354067,bbref,0.14090711600192404
derozde01,2019,27739975,bbref,0.27231027103436767
derrima01,2019,0,bbref,0.0
diallch01,2019,1544951,bbref,0.015166056405776045
diallha01,2019,838464,bbref,0.008230806231532654
dienggo01,2019,15170787,bbref,0.1489244716253227
dinwisp01,2019,1656092,bbref,0.016257075263328393
divindo01,2019,2481000,bbref,0.02435480862676575
doncilu01,2019,6560640,bbref,0.06440271328863541
dorsety01,2019,1378242,bbref,0.013529552660770204
dotsoda01,2019,1378242,bbref,0.013529552660770204
doziepj01,2019,0,bbref,0.0
dragigo01,2019,18109175,bbref,0.1777692428511127
drumman01,2019,25434263,bbref,0.24967618215551346
dudleja01,2019,9530000,bbref,0.09355152205283256
duncati01,2019,1881250,bbref,0.018467345316043153
dunnkr01,2019,4221000,bbref,0.04143556921143822
duranke01,2019,30000000,bbref,0.2944958721495254
duvaltr01,2019,0,bbref,0.0
edwarvi01,2019,0,bbref,0.0
ellenhe01,2019,1857480,bbref,0.018234006420010013
ellinwa01,2019,6270000,bbref,0.0615496372792508
ellismo01,2019,2245400,bbref,0.02204203437748481
embiijo01,2019,25467250,bbref,0.25
ennisja01,2019,1621415,bbref,0.015916667484710757
eubandr01,2019,0,bbref,0.0
evansja01,2019,1378242,bbref,0.013529552660770204
evansja02,2019,1644240,bbref,0.016140729760771185
evansty01,2019,12400000,bbref,0.1217249604884705
exumda01,2019,9100000,bbref,0.0893304145520227
ezelife01,2019,333333,bbref,0.0032721730850405915
farieke01,2019,13764045,bbref,0.13511514788601048
favorde01,2019,16000000,bbref,0.15706446514641353
feliccr01,2019,8470980,bbref,0.08315562143537288
feltora01,2019,2393887,bbref,0.023499661329747026
fergute01,2019,2118840,bbref,0.020799654458176678
ferreyo01,2019,3000000,bbref,0.029449587214952538
finnedo01,2019,1544951,bbref,0.015166056405776045
forbebr01,2019,3125000,bbref,0.030676653348908893
fournev01,2019,17000000,bbref,0.16688099421806438
foxde01,2019,5470920,bbref,0.05370544522867605
frankja01,2019,163296,bbref,0.0016029999312842966
frazime01,2019,1050000,bbref,0.010307355525233389
frazimi01,2019,23685,bbref,0.00023250449106205028
fraziti01,2019,1621415,bbref,0.015916667484710757
fredeji01,2019,198580,bbref,0.0019493663430484249
fryech01,2019,2393887,bbref,0.023499661329747026
fultzma01,2019,8339880,bbref,0.08186867447407946
gabriwe01,2019,0,bbref,0.0
gallida01,2019,21587579,bbref,0.2119150968400593
gallola01,2019,7000000,bbref,0.06871570350155592
garrebi01,2019,42634,bbref,0.00041851790044076213
gasolma01,2019,24119025,bbref,0.23676511009237353
gasolpa01,2019,15925144,bbref,0.15632963904622604
gayru01,2019,10087200,bbref,0.09902129205155641
georgpa01,2019,30560700,bbref,0.3
gibsojo01,2019,17092,bbref,0.00016778411489265627
gibsota01,2019,14000000,bbref,0.13743140700311185
gilesha01,2019,2207040,bbref,0.02166547232229628
gilgesh01,2019,3375360,bbref,0.0331343195672874
ginobma01,2019,2500000,bbref,0.024541322679127113
goberru01,2019,23241573,bbref,0.22815157702539537
goodwbr01,2019,66319,bbref,0.0006510223915028124
gordoaa01,2019,21590909,bbref,0.21194778588186788
gordoer01,2019,13500375,bbref,0.1325268236656883
gortama01,2019,13565218,bbref,0.13316335686028133
grahade01,2019,988464,bbref,0.009703285592280281
grahatr01,2019,1512601,bbref,0.01484849169030814
grantdo01,2019,0,bbref,0.0
grantje01,2019,8653847,bbref,0.08495074065711845
grantje02,2019,2639314,bbref,0.02590890261021508
greenda02,2019,10000000,bbref,0.09816529071650845
greendr01,2019,17469565,bbref,0.1714904926915941
greenga02,2019,50000,bbref,0.0004908264535825423
greenge01,2019,2393887,bbref,0.023499661329747026
greenja01,2019,7666667,bbref,0.07526005948816618
greenje02,2019,2393887,bbref,0.023499661329747026
griffbl01,2019,32088932,bbref,0.3150019338562271
hamilda02,2019,1349383,bbref,0.013246257448291433
hamilju01,2019,1000000,bbref,0.009816529071650846
hammoaj01,2019,350088,bbref,0.0034366490296361013
hannadu01,2019,47371,bbref,0.0004650187986531722
hardati02,2019,17325000,bbref,0.1700713661663509
hardeja01,2019,30421854,bbref,0.29863701420451755
harklma01,2019,10837079,bbref,0.10638250105527687
harremo01,2019,6000000,bbref,0.058899174429905075
harrian01,2019,200000,bbref,0.001963305814330169
harride01,2019,2393887,bbref,0.023499661329747026
harriga01,2019,16517857,bbref,0.16214802344187143
harrijo01,2019,8333333,bbref,0.08180440565824736
harrish01,2019,1311265,bbref,0.012872070993138246
harrito02,2019,14800000,bbref,0.1452846302604325
harteis01,2019,838464,bbref,0.008230806231532654
hartjo01,2019,1655160,bbref,0.016247926258233614
hasleud01,2019,2393887,bbref,0.023499661329747026
hawessp01,2019,2007058,bbref,0.019702343205489404
haywago01,2019,31214295,bbref,0.30641603431858566
hensojo01,2019,11327466,bbref,0.11119639929713653
hernaju01,2019,2166360,bbref,0.021266135919661526
hernawi01,2019,1544951,bbref,0.015166056405776045
hezonma01,2019,6500000,bbref,0.0638074389657305
hicksis01,2019,0,bbref,0.0
hicksst01,2019,47371,bbref,0.0004650187986531722
hieldbu01,2019,3833760,bbref,0.037634216493732144
highsha01,2019,0,bbref,0.0
hilarne01,2019,3651480,bbref,0.03584485957455163
hillge01,2019,19000000,bbref,0.18651405236136606
hillso01,2019,12252928,bbref,0.12028122392484465
holidaa01,2019,1911960,bbref,0.01876881092383355
holidjr01,2019,25976111,bbref,0.2549952487999293
holidju01,2019,4384616,bbref,0.04304171043202545
hollajo02,2019,77250,github,0.0007583268707850279
holliro01,2019,2470357,bbref,0.024250331307856168
holmeri01,2019,1600520,bbref,0.015711551109758613
hoodro01,2019,3472888,bbref,0.034091706014587365
hopsosc01,2019,85458,bbref,0.0008389009414051379
horfoal01,2019,28928710,bbref,0.28397952272035654
houseda01,2019,341830,bbref,0.0033555841325624085
howardw01,2019,18919725,bbref,0.1857260304901393
huertke01,2019,2250960,bbref,0.022096614279123187
humphis01,2019,47371,bbref,0.0004650187986531722
hunterj01,2019,0,bbref,0.0
hutchch01,2019,1991520,bbref,0.01954981397677409
ibakase01,2019,21666667,bbref,0.21269146649127801
iguodan01,2019,16000000,bbref,0.15706446514641353
ilyaser01,2019,7000000,bbref,0.06871570350155592
inglejo01,2019,13045455,bbref,0.12806108826041288
ingraan01,2019,76236,bbref,0.0007483729103063739
ingrabr01,2019,5757120,bbref,0.05651493584898252
irvinky01,2019,20099189,bbref,0.1973042731351049
isaacjo01,2019,4969080,bbref,0.04877911827935878
iwundwe01,2019,1378242,bbref,0.013529552660770204
jacksde01,2019,92857,bbref,0.0009115334400062826
jacksfr01,2019,1378242,bbref,0.013529552660770204
jacksja02,2019,5915040,bbref,0.05806516211997762
jacksjo02,2019,6041520,bbref,0.059306756716960014
jacksju01,2019,2807880,bbref,0.027563635649706975
jacksre01,2019,17043478,bbref,0.1673077972690416
jamesle01,2019,35654150,bbref,0.35
jeffeal01,2019,4000000,bbref,0.039266116286603384
jeffeam01,2019,0,bbref,0.0
jenkijo01,2019,585810,bbref,0.005750620895463782
jerebjo01,2019,2165481,bbref,0.021257507190607546
johnsal02,2019,838464,bbref,0.008230806231532654
johnsam01,2019,2393887,bbref,0.023499661329747026
johnsbj01,2019,94742,bbref,0.0009300375973063445
johnsda04,2019,459414,bbref,0.004509850886923402
johnsja01,2019,14651700,bbref,0.1438288389991067
johnsst04,2019,3940402,bbref,0.03868107078699114
johnsty01,2019,19245370,bbref,0.18892273409967703
johnswe01,2019,6134520,bbref,0.06021969392062355
jokicni01,2019,24605181,bbref,0.24153747459973102
jonesda03,2019,1544951,bbref,0.015166056405776045
jonesde02,2019,1512601,bbref,0.01484849169030814
jonesja04,2019,77250,github,0.0007583268707850279
jonesje01,2019,52108,bbref,0.0005115196968655823
joneste01,2019,198580,bbref,0.0019493663430484249
jonesty01,2019,2444053,bbref,0.023992117327155463
jordade01,2019,22897200,bbref,0.22477102945940375
josepco01,2019,7945000,bbref,0.07799232347426596
kaminfr01,2019,3627842,bbref,0.035612816460355946
kanteen01,2019,18622514,bbref,0.18280845006822488
kennalu01,2019,3275280,bbref,0.03215188133779658
kiddgmi01,2019,13000000,bbref,0.127614877931461
kingge03,2019,0,bbref,0.0
klebima01,2019,1378242,bbref,0.013529552660770204
knighbr03,2019,14631250,bbref,0.14362809097959145
knoxke01,2019,3739920,bbref,0.03671303340564843
korkmfu01,2019,1740000,bbref,0.01708076058467247
kornelu01,2019,1619260,bbref,0.01589551286456135
korveky01,2019,7560000,bbref,0.0742129597816804
koufoko01,2019,8739500,bbref,0.08579155582169257
kurucro01,2019,1618320,bbref,0.015886285327233997
kuzmaky01,2019,1689840,bbref,0.016588363486438464
labissk01,2019,1544951,bbref,0.015166056405776045
lambje01,2019,7488372,bbref,0.07350982143733618
larrite01,2019,6000,bbref,5.8899174429905076e-05
lavinza01,2019,19500000,bbref,0.1914223168971915
laymaja01,2019,1544951,bbref,0.015166056405776045
leaftj01,2019,2407560,bbref,0.02363388273174371
leeco01,2019,12253780,bbref,0.1202895876076137
leeda03,2019,0,bbref,0.0
lemonwa01,2019,99107,bbref,0.0009728867467041004
lenal01,2019,4350000,bbref,0.04270190146168118
leonaka01,2019,23114067,bbref,0.22689991066958545
leoname01,2019,10595506,bbref,0.10401109267785097
leuerjo01,2019,10002681,bbref,0.09819160883094956
leverca01,2019,1702800,bbref,0.01671558570320706
lillada01,2019,27977689,bbref,0.27464379742610606
linje01,2019,13071063,bbref,0.12831246993687973
livinsh01,2019,8307692,bbref,0.08155270003632116
loftoza01,2019,77250,github,0.0007583268707850279
looneke01,2019,1567007,bbref,0.015382569770980377
lopezbr01,2019,3382000,bbref,0.03319950132032316
lopezro01,2019,14357750,bbref,0.14094327027849493
loveke01,2019,24119025,bbref,0.23676511009237353
lowryky01,2019,31200000,bbref,0.3062757070355064
loydjo01,2019,0,bbref,0.0
lucaska01,2019,0,bbref,0.0
luwawti01,2019,1544951,bbref,0.015166056405776045
lydonty01,2019,1874640,bbref,0.01840245805887954
lylestr01,2019,3364249,bbref,0.033025248112772285
machasc01,2019,76236,bbref,0.0007483729103063739
macksh01,2019,2029463,bbref,0.01992228253933974
maconda01,2019,0,bbref,0.0
macurjp01,2019,0,bbref,0.0
mahinia01,2019,15944154,bbref,0.1565162512638781
makerth01,2019,2799720,bbref,0.027483532772482305
marjabo01,2019,7000000,bbref,0.06871570350155592
markkla01,2019,4536120,bbref,0.04452895385249683
martija01,2019,2416222,bbref,0.02371891350656235
martike02,2019,1360304,bbref,0.013353463762282932
masonfr01,2019,1378242,bbref,0.013529552660770204
matenya01,2019,14211,bbref,0.00013950269463723018
matthwe02,2019,18622514,bbref,0.18280845006822488
mbahalu01,2019,4320500,bbref,0.04241231385406748
mccalta01,2019,47371,bbref,0.0004650187986531722
mccawpa01,2019,786211,bbref,0.007717863137951683
mccolcj01,2019,25759766,bbref,0.252871491817923
mccontj01,2019,1600520,bbref,0.015711551109758613
mcderdo01,2019,7333334,bbref,0.07198788640312559
mcgeeja01,2019,2393887,bbref,0.023499661329747026
mcgruro01,2019,1544951,bbref,0.015166056405776045
mckinal01,2019,1349383,bbref,0.013246257448291433
mclembe01,2019,5460000,bbref,0.05359824873121362
mcraejo01,2019,17092,bbref,0.00016778411489265627
meeksjo01,2019,3454500,bbref,0.033911199678017846
mejrisa01,2019,2098196,bbref,0.020597002032021517
meltode01,2019,949000,bbref,0.009315886088996653
metuch01,2019,838464,bbref,0.008230806231532654
middlkh01,2019,13000000,bbref,0.127614877931461
milescj01,2019,8333333,bbref,0.08180440565824736
milleda01,2019,2205000,bbref,0.021645446602990115
millema01,2019,457418,bbref,0.004490257094896387
millspa01,2019,29230769,bbref,0.2869446936752103
millspa02,2019,11571429,bbref,0.11359126917904368
miltosh01,2019,0,bbref,0.0
mirotni01,2019,12500000,bbref,0.12270661339563557
mitchdo01,2019,3111480,bbref,0.030543933875860175
mitrona01,2019,0,bbref,0.0
monkma01,2019,3447480,bbref,0.033842287643934856
monrogr01,2019,2165481,bbref,0.021257507190607546
moorebe01,2019,160096,bbref,0.001571587038255014
mooreet01,2019,8808685,bbref,0.08647071238551474
moreler01,2019,239035,bbref,0.00234649402664206
morrija01,2019,77250,github,0.0007583268707850279
morrima02,2019,8600000,bbref,0.08442215001619727
morrima03,2019,5375000,bbref,0.052763843760123295
morrimo01,2019,1349383,bbref,0.013246257448291433
motiedo01,2019,59820,bbref,0.0005872247690661535
motlejo01,2019,0,bbref,0.0
mozgoti01,2019,16000000,bbref,0.15706446514641353
mudiaem01,2019,4294480,bbref,0.04215688776762312
murrade01,2019,1544951,bbref,0.015166056405776045
murraja01,2019,3499800,bbref,0.03435588844496363
musadz01,2019,1632240,bbref,0.016022931411911377
muscami01,2019,5000000,bbref,0.049082645358254226
mykhasv01,2019,1487694,bbref,0.014603991400720533
naderab01,2019,1378242,bbref,0.013529552660770204
nancela02,2019,2272391,bbref,0.022306992313657736
napiesh01,2019,1942422,bbref,0.01906784203241418
netora01,2019,2150000,bbref,0.021105537504049317
niangge01,2019,1512601,bbref,0.01484849169030814
nichoan01,2019,2844430,bbref,0.027922429787275816
noahjo01,2019,18530000,bbref,0.18190028369769018
noelne01,2019,1757429,bbref,0.017251852869862274
nowitdi01,2019,5000000,bbref,0.049082645358254226
ntilila01,2019,4155720,bbref,0.04079474619364085
nunnaja01,2019,655632,bbref,0.006436030588304587
nunnke01,2019,4737,bbref,4.6500898212410054e-05
nurkiju01,2019,11111111,bbref,0.1090725441498395
nwabada01,2019,1512601,bbref,0.01484849169030814
ojelese01,2019,1378242,bbref,0.013529552660770204
okafoja01,2019,1567007,bbref,0.015382569770980377
okoboel01,2019,1238464,bbref,0.012157417860192993
okogijo01,2019,2160720,bbref,0.021210770695697417
oladivi01,2019,21000000,bbref,0.20614711050466775
olynyke01,2019,12137527,bbref,0.11914838665344707
onealro01,2019,1378242,bbref,0.013529552660770204
onuakch01,2019,1544951,bbref,0.015166056405776045
oquinky01,2019,4449000,bbref,0.043673737839774615
osmande01,2019,2775000,bbref,0.027240868173831097
oubreke01,2019,3208630,bbref,0.031497609675171054
pachuza01,2019,2393887,bbref,0.023499661329747026
papagge01,2019,2000400,bbref,0.01963698475493035
parkeja01,2019,20000000,bbref,0.1963305814330169
parketo01,2019,5000000,bbref,0.049082645358254226
parsoch01,2019,24107258,bbref,0.23664959899478744
pattepa01,2019,5451600,bbref,0.05351578988701175
pattoju01,2019,2667600,bbref,0.026186572951535796
paulch01,2019,35654150,bbref,0.35
payneca01,2019,3263295,bbref,0.032034230236872845
paytoel01,2019,3000000,bbref,0.029449587214952538
paytoga02,2019,85458,bbref,0.0008389009414051379
phillta01,2019,9474,bbref,9.300179642482011e-05
pinsoth01,2019,4737,bbref,4.6500898212410054e-05
plumlma01,2019,12917808,bbref,0.12680803777400387
plumlmi01,2019,12500000,bbref,0.12270661339563557
poeltja01,2019,2947320,bbref,0.02893245246345797
pondequ01,2019,2165481,bbref,0.021257507190607546
portemi01,2019,2894160,bbref,0.02841060577800901
porteot01,2019,26011913,bbref,0.25534670017375255
portibo01,2019,2494346,bbref,0.024485820023756
porzikr01,2019,5697054,bbref,0.055925296213764734
poweldw01,2019,9631250,bbref,0.09454544562133721
powelno01,2019,9367200,bbref,0.0919533911199678
poythal01,2019,0,bbref,0.0
princta02,2019,2526840,bbref,0.024804798319410223
qizh01,2019,506134,bbref,0.004968479125150929
rabbiv01,2019,1378242,bbref,0.013529552660770204
radulmi01,2019,252043,bbref,0.002474187436806094
randlch01,2019,991072,bbref,0.009728887100099146
randlju01,2019,8641000,bbref,0.08482462770813495
randoza01,2019,11692308,bbref,0.11477788139669576
redicjj01,2019,12250000,bbref,0.12025248112772285
reedda01,2019,1378242,bbref,0.013529552660770204
reynoca01,2019,203695,bbref,0.001999577889249919
richajo01,2019,9367200,bbref,0.0919533911199678
richama01,2019,1569360,bbref,0.015405668063885972
riverau01,2019,12000000,bbref,0.11779834885981015
roberan03,2019,10000000,bbref,0.09816529071650845
robinde01,2019,0,bbref,0.0
robindu01,2019,9474,bbref,9.300179642482011e-05
robingl02,2019,4075000,bbref,0.040002355966977196
robinje01,2019,3046200,bbref,0.029903110858062805
robinmi01,2019,1485440,bbref,0.014581864944193033
rondora01,2019,9000000,bbref,0.08834876164485761
rosede01,2019,2176260,bbref,0.02136331955747087
rosste01,2019,10500000,bbref,0.10307355525233387
roziete01,2019,3050390,bbref,0.029944242114873024
rubiori01,2019,14975000,bbref,0.1470025228479714
russeda01,2019,7019698,bbref,0.0689090694912093
sabondo01,2019,2659800,bbref,0.02611000402477692
sampsbr01,2019,0,bbref,0.0
sampsja02,2019,88531,bbref,0.000869067135242321
sandela01,2019,1865547,bbref,0.01831319636003102
saricda01,2019,2526840,bbref,0.024804798319410223
satorto01,2019,3129187,bbref,0.030717755156131895
schrode01,2019,15500000,bbref,0.1521562006105881
scottmi01,2019,4320500,bbref,0.04241231385406748
sefolth01,2019,5250000,bbref,0.05153677762616694
seldewa01,2019,1544951,bbref,0.015166056405776045
sextoco01,2019,4068600,bbref,0.03993953018091863
shamela01,2019,1703640,bbref,0.016723831587627247
shumpim01,2019,11011234,bbref,0.10809209867575023
siakapa01,2019,1544951,bbref,0.015166056405776045
siberjo01,2019,47371,bbref,0.0004650187986531722
simmobe01,2019,6434520,bbref,0.0631646526421188
simmojo02,2019,6000000,bbref,0.058899174429905075
simmoko01,2019,76236,bbref,0.0007483729103063739
simonan01,2019,1835520,bbref,0.01801843544159656
singlky01,2019,999200,bbref,0.009808675848393525
smartma01,2019,11660716,bbref,0.11446775761026416
smithde03,2019,3819960,bbref,0.037498748392543364
smithis01,2019,6000000,bbref,0.058899174429905075
smithja02,2019,5450000,bbref,0.05350008344049711
smithjo03,2019,5331729,bbref,0.05233907273066389
smithjr01,2019,14720000,bbref,0.14449930793470045
smithzh01,2019,2611800,bbref,0.025638810629337677
snellto01,2019,10607143,bbref,0.10412532762665777
solomri01,2019,47371,bbref,0.0004650187986531722
spaldra01,2019,838464,bbref,0.008230806231532654
spellom01,2019,1620480,bbref,0.01590748903002876
stausni01,2019,1621415,bbref,0.015916667484710757
stephdj01,2019,77250,github,0.0007583268707850279
stephla01,2019,4449000,bbref,0.043673737839774615
sumneed01,2019,449794,bbref,0.004415415877254121
swanica01,2019,1740000,bbref,0.01708076058467247
tatumja01,2019,6700800,bbref,0.06577859800331799
taylois01,2019,950000,bbref,0.009325702618068303
teaguje01,2019,19000000,bbref,0.18651405236136606
teletmi01,2019,3500000,bbref,0.03435785175077796
templga01,2019,8000000,bbref,0.07853223257320677
teodomi01,2019,6300000,bbref,0.061844133151400325
terreja01,2019,0,bbref,0.0
terryem01,2019,47371,bbref,0.0004650187986531722
theisda01,2019,1378242,bbref,0.013529552660770204
thomais02,2019,2029463,bbref,0.01992228253933974
thomakh01,2019,838464,bbref,0.008230806231532654
thomala01,2019,7119650,bbref,0.06989025120497894
thompja02,2019,945126,bbref,0.009277856855373077
thompkl01,2019,18988725,bbref,0.1864033709960832
thomptr01,2019,17469565,bbref,0.1714904926915941
thornsi01,2019,1378242,bbref,0.013529552660770204
tollian01,2019,5750000,bbref,0.056445042161992365
townska01,2019,7839435,bbref,0.07695604158281714
trentga02,2019,838464,bbref,0.008230806231532654
trieral01,2019,3382000,bbref,0.03319950132032316
tuckepj01,2019,7969537,bbref,0.07823319164809707
turneev01,2019,17868853,bbref,0.17541011495155542
turnemy01,2019,3410284,bbref,0.033477152028585734
udohek01,2019,3360000,bbref,0.03298353768074684
ulisty01,2019,77250,github,0.0007583268707850279
valanjo01,2019,16539326,bbref,0.1623587745045107
valende01,2019,2280600,bbref,0.02238757620080692
vandeja01,2019,838464,bbref,0.008230806231532654
vanvlfr01,2019,8653847,bbref,0.08495074065711845
varejan01,2019,1913345,bbref,0.018782406816597787
vonleno01,2019,1621415,bbref,0.015916667484710757
vucevni01,2019,12750000,bbref,0.1251607456635483
wadedw01,2019,2393887,bbref,0.023499661329747026
wagnemo01,2019,1762080,bbref,0.01729750954657452
waitedi01,2019,11550000,bbref,0.11338091077756726
walkeke02,2019,12000000,bbref,0.11779834885981015
walkelo01,2019,2357160,bbref,0.023139129666532508
wallaty01,2019,1349383,bbref,0.013246257448291433
walljo01,2019,19169800,bbref,0.18818089899773238
wanambr01,2019,838464,bbref,0.008230806231532654
warretj01,2019,11750000,bbref,0.11534421659189743
washbju01,2019,0,bbref,0.0
watanyu01,2019,0,bbref,0.0
watsocj01,2019,333333,bbref,0.0032721730850405915
webstma02,2019,833333,bbref,0.008180437620866014
welshth01,2019,0,bbref,0.0
westbru01,2019,35654150,bbref,0.35
whitede01,2019,1667160,bbref,0.016365724607093422
whiteha01,2019,25434263,bbref,0.24967618215551346
whiteis01,2019,0,bbref,0.0
whiteok01,2019,264919,bbref,0.0026005850651326704
wiggian01,2019,25467250,bbref,0.25
willial03,2019,0,bbref,0.0
willicj01,2019,0,bbref,0.0
willide01,2019,5474787,bbref,0.05374340574659612
willijo04,2019,0,bbref,0.0
willike04,2019,838464,bbref,0.008230806231532654
willilo02,2019,8000000,bbref,0.07853223257320677
willima02,2019,14087500,bbref,0.1382903532968813
williro04,2019,1654440,bbref,0.016240858357302025
willitr02,2019,122741,bbref,0.0012048905947834965
wilsodj01,2019,2534280,bbref,0.024877833295703304
winslju01,2019,3448926,bbref,0.03385648234497247
woodch01,2019,1512601,bbref,0.01484849169030814
wrighde01,2019,2536898,bbref,0.024903532968812887
yabusgu01,2019,2667600,bbref,0.026186572951535796
yanyudi01,2019,4737,bbref,4.6500898212410054e-05
youngni01,2019,311070,bbref,0.0030536276983184284
youngth01,2019,13764045,bbref,0.13511514788601048
youngtr01,2019,5356440,bbref,0.05258164898055345
zagorra01,2019,1378242,bbref,0.013529552660770204
zelleco01,2019,13528090,bbref,0.13279888876890908
zellety01,2019,106974,bbref,0.0010501133809107776
zizican01,2019,1952760,bbref,0.019169325309956905
zubaciv01,2019,1544951,bbref,0.015166056405776045
adamsja01,2020,163356,bbref,0.001496756459593183
adamsst01,2020,25842697,bbref,0.23678483599047095
adebaba01,2020,3454080,bbref,0.03164815832875206
aldrico01,2020,685340,bbref,0.006279457577423493
aldrila01,2020,26000000,bbref,0.23822613157412498
alexaky01,2020,0,bbref,0.0
alexani01,2020,2964840,bbref,0.027165475536008794
allengr01,2020,2277563,bbref,0.020868270111783032
allenja01,2020,2376840,bbref,0.02177789994502474
aminual01,2020,9258000,bbref,0.08482682792743265
anderju01,2020,294432,bbref,0.002697746014293568
anderky01,2020,9073050,bbref,0.08313221550302365
anderry01,2020,5214583,bbref,0.047778843687007515
antetgi01,2020,25842697,bbref,0.23678483599047095
antetko01,2020,0,bbref,0.0
antetth01,2020,1445697,bbref,0.01324626168224299
anthoca01,2020,2159029,bbref,0.019782197177936594
anunoog01,2020,2281800,bbref,0.020907091808686093
arcidry01,2020,3000000,bbref,0.02748763056624519
arizatr01,2020,12200000,bbref,0.11178303096939711
asikom01,2020,3000000,bbref,0.02748763056624519
augusdj01,2020,7250000,bbref,0.06642844053509254
aytonde01,2020,9562920,bbref,0.08762067069818581
bacondw01,2020,1618520,bbref,0.01482975994135972
baglema01,2020,8556120,bbref,0.07839582188015393
balllo01,2020,8719320,bbref,0.07989114898295767
bambamo01,2020,5697600,bbref,0.052204507971412864
bareajo01,2020,2564753,bbref,0.023499660985889684
barneha02,2020,24147727,bbref,0.2212545995968481
barnema02,2020,2133541,bbref,0.019548662268645777
barrerj01,2020,7839960,bbref,0.07183397471137988
bartowi01,2020,12776786,bbref,0.11706785779732454
bateske01,2020,1416852,bbref,0.012981968114348543
batumni01,2020,25565217,bbref,0.2342424134139637
baynear01,2020,5453280,bbref,0.049965915338097855
bazemke01,2020,19269662,bbref,0.17655911673080446
bazleda01,2020,2284800,bbref,0.020934579439252338
bealbr01,2020,25399705,bbref,0.23272590251053693
beaslma01,2020,2731714,bbref,0.02502944841487997
belinma01,2020,5846154,bbref,0.05356564046179219
belljo01,2020,1620564,bbref,0.014848488180318857
bembrde01,2020,2603982,bbref,0.023859098405717427
bendedr01,2020,1678854,bbref,0.015382572842221
bennean01,2020,6000,bbref,5.497526113249038e-05
bertada01,2020,7000000,bbref,0.06413780465457211
beverpa01,2020,12345679,bbref,0.11311782114715045
birchkh01,2020,3000000,bbref,0.02748763056624519
bitadgo01,2020,2816760,bbref,0.025808686091258932
biyombi01,2020,17000000,bbref,0.1557632398753894
bjeline01,2020,6825000,bbref,0.06253435953820781
blakean01,2020,1488231,bbref,0.013635981308411215
bledser01,2020,15625000,bbref,0.14316474253252703
bogdabo01,2020,8529386,bbref,0.0781508704416346
bogdabo02,2020,17000000,bbref,0.1557632398753894
bolbo01,2020,0,bbref,0.0
boldejo01,2020,1698450,bbref,0.015562122045079714
boldema01,2020,50752,bbref,0.00046501740883269195
bonejo01,2020,0,bbref,0.0
bongais01,2020,1416852,bbref,0.012981968114348543
bookede01,2020,27285000,bbref,0.25
bouchch01,2020,1488967,bbref,0.013642724940443466
bowenbr02,2020,0,bbref,0.0
bowmaky01,2020,350189,bbref,0.003208621953454279
bradlav01,2020,4767000,bbref,0.0436778449697636
bradlto01,2020,1962360,bbref,0.017980208905992303
brantja01,2020,0,bbref,0.0
brazdig01,2020,898310,bbref,0.008230804471321239
breweco01,2020,289803,bbref,0.0026553326003298516
bridgmi01,2020,4161000,bbref,0.038125343595382076
bridgmi02,2020,3755400,bbref,0.03440901594282573
brissos01,2020,0,bbref,0.0
broekry01,2020,1416852,bbref,0.012981968114348543
brogdma01,2020,20000000,bbref,0.1832508704416346
brookdi01,2020,1618520,bbref,0.01482975994135972
brownbr01,2020,1416852,bbref,0.012981968114348543
brownch02,2020,0,bbref,0.0
brownja02,2020,6534829,bbref,0.059875655121861826
brownmo01,2020,0,bbref,0.0
brownst02,2020,1618520,bbref,0.01482975994135972
browntr01,2020,3219480,bbref,0.029498625618471688
brunsja01,2020,1416852,bbref,0.012981968114348543
bryanth01,2020,8000000,bbref,0.07330034817665385
bullore01,2020,4000000,bbref,0.03665017408832692
burketr01,2020,2028594,bbref,0.018587080813633864
burksal01,2020,2320044,bbref,0.021257504123144585
burtode02,2020,1416852,bbref,0.012981968114348543
butleji01,2020,32742000,bbref,0.3
cabocbr01,2020,1845301,bbref,0.01690765072384094
cacokde01,2020,0,bbref,0.0
caldwke01,2020,8089282,bbref,0.07411839838739234
cancavl01,2020,898310,bbref,0.008230804471321239
capelca01,2020,14896552,bbref,0.13649030602895365
caroljo01,2020,6000,bbref,5.497526113249038e-05
carrode01,2020,6842307,bbref,0.06269293567894448
carteje01,2020,1416852,bbref,0.012981968114348543
cartemi01,2020,2028594,bbref,0.018587080813633864
cartevi01,2020,2564753,bbref,0.023499660985889684
cartewe01,2020,5201400,bbref,0.04765805387575591
carusal01,2020,2750000,bbref,0.02519699468572476
caulewi01,2020,2177483,bbref,0.01995128275609309
chandty01,2020,2564753,bbref,0.023499660985889684
chandwi01,2020,2564753,bbref,0.023499660985889684
chealjo01,2020,163356,bbref,0.001496756459593183
cheatzy01,2020,0,bbref,0.0
chiozch01,2020,0,bbref,0.0
chrisma01,2020,1413272,bbref,0.012949166208539491
clarkbr01,2020,2478840,bbref,0.022712479384277076
clarkga01,2020,718765,bbref,0.006585715594649075
clarkjo01,2020,13437500,bbref,0.12312167857797325
claxtni01,2020,898310,bbref,0.008230804471321239
clemoch01,2020,563347,bbref,0.005161691405534176
clevean01,2020,0,bbref,0.0
coffeam01,2020,0,bbref,0.0
collijo01,2020,2686560,bbref,0.02461572292468389
colliza01,2020,4240200,bbref,0.03885101704233095
conlemi01,2020,32511623,bbref,0.2978891607110134
connapa01,2020,1723050,bbref,0.015787520615722923
cookqu01,2020,3000000,bbref,0.02748763056624519
cookty01,2020,151504,bbref,0.0013881619937694703
couside01,2020,3500000,bbref,0.032068902327286056
covinro01,2020,11301219,bbref,0.10354791094007697
crabbal01,2020,17818456,bbref,0.16326237859629833
craigto01,2020,2000000,bbref,0.01832508704416346
crawfja01,2020,289803,bbref,0.0026553326003298516
crowdja01,2020,7815533,bbref,0.07161016126076598
culveja01,2020,5813640,bbref,0.053267729521715226
curryse01,2020,7461380,bbref,0.06836521898479017
curryst01,2020,40231758,bbref,0.36862523364485983
danietr01,2020,2028594,bbref,0.018587080813633864
davisan02,2020,27093019,bbref,0.24824096573208723
davised01,2020,4767000,bbref,0.0436778449697636
daviste02,2020,898310,bbref,0.008230804471321239
dedmode01,2020,13333333,bbref,0.12216724390690856
dellama01,2020,9607500,bbref,0.08802913688840022
denglu01,2020,5000000,bbref,0.04581271761040865
derozde01,2020,27739975,bbref,0.25416872823895914
diallch01,2020,1678854,bbref,0.015382572842221
diallha01,2020,1416852,bbref,0.012981968114348543
dienggo01,2020,16229213,bbref,0.1487008704416346
dinwisp01,2020,10605600,bbref,0.09717427157778999
divindo01,2020,2905800,bbref,0.026624518966465092
doncilu01,2020,7683360,bbref,0.07039912039582188
dortlu01,2020,155647,bbref,0.001426122411581455
dotsoda01,2020,1618520,bbref,0.01482975994135972
doumbse01,2020,3285120,bbref,0.030100054975261133
doziepj01,2020,183115,bbref,0.001677799157045996
dragigo01,2020,19217900,bbref,0.17608484515301448
drumman01,2020,27093019,bbref,0.24824096573208723
dudleja01,2020,2564753,bbref,0.023499660985889684
dunnkr01,2020,5348007,bbref,0.04900134689389775
duranke01,2020,37199000,bbref,0.34083745647791824
edwarca01,2020,1228026,bbref,0.011251841671247938
ellinwa01,2020,8000000,bbref,0.07330034817665385
ellismo01,2020,2245400,bbref,0.020573575224482315
embiijo01,2020,27504630,bbref,0.2520123694337548
ennisja01,2020,1882867,bbref,0.017251850833791462
eubandr01,2020,0,bbref,0.0
evansja02,2020,1925880,bbref,0.017645959318306762
exumda01,2020,9600000,bbref,0.0879604178119846
ezelife01,2020,333333,bbref,0.003054178119846069
fallta01,2020,0,bbref,0.0
favorde01,2020,17650000,bbref,0.16171889316474253
feliccr01,2020,8156500,bbref,0.07473428623785963
fergute01,2020,2475840,bbref,0.02268499175371083
fernabr01,2020,1400000,bbref,0.012827560930914422
ferreyo01,2020,3150000,bbref,0.028862012094557448
finnedo01,2020,4000000,bbref,0.03665017408832692
forbebr01,2020,2875000,bbref,0.026342312625984972
fournev01,2020,17000000,bbref,0.1557632398753894
foxde01,2020,6392760,bbref,0.0585739417262232
frazime01,2020,1416852,bbref,0.012981968114348543
frazimi01,2020,0,bbref,0.0
fraziti01,2020,1882867,bbref,0.017251850833791462
fultzma01,2020,9745200,bbref,0.08929081913139088
gabriwe01,2020,1445697,bbref,0.01324626168224299
gaffoda01,2020,898310,bbref,0.008230804471321239
gallida01,2020,22615559,bbref,0.20721604361370716
gallola01,2020,7333333,bbref,0.06719198277441818
garlada01,2020,6400920,bbref,0.05864870808136339
gasolma01,2020,25595700,bbref,0.23452171522814733
gasolpa01,2020,5074856,bbref,0.0464985889682976
gayru01,2020,14000000,bbref,0.12827560930914422
georgpa01,2020,33005556,bbref,0.3024148433205058
gibsota01,2020,9800000,bbref,0.08979292651640096
gilesha01,2020,2578800,bbref,0.023628367234744364
gilgesh01,2020,3952920,bbref,0.03621880153930731
goberru01,2020,25008427,bbref,0.22914080080630383
goodwbr01,2020,522738,bbref,0.0047896096756459595
gordoaa01,2020,19863636,bbref,0.18200142935678945
gordoer01,2020,14057730,bbref,0.128804562946674
grahade01,2020,1416852,bbref,0.012981968114348543
grahatr01,2020,1645357,bbref,0.015075655121861828
grantje01,2020,9346153,bbref,0.08563453362653473
grantje02,2020,196288,bbref,0.0017984973428623785
grayjo01,2020,0,bbref,0.0
greenda02,2020,14634146,bbref,0.13408599963349827
greendr01,2020,18539130,bbref,0.16986558548653105
greenge01,2020,2564753,bbref,0.023499660985889684
greenja01,2020,4767000,bbref,0.0436778449697636
greenja02,2020,898310,bbref,0.008230804471321239
greenje02,2020,2564753,bbref,0.023499660985889684
griffbl01,2020,34234964,bbref,0.31367934762690125
gudurma01,2020,2625000,bbref,0.024051676745464542
guyky01,2020,79568,github,0.0007290452629649991
hachiru01,2020,4469160,bbref,0.04094887300714679
hallde01,2020,0,bbref,0.0
halldo01,2020,101504,bbref,0.0009300348176653839
hamilju01,2020,1000000,bbref,0.00916254352208173
hammoaj01,2020,350087,bbref,0.0032076873740150267
hannadu01,2020,81678,bbref,0.0007483782297965915
hardati02,2020,18150000,bbref,0.1663001649257834
hardeja01,2020,38199000,bbref,0.35
harklma01,2020,11511234,bbref,0.10547218251786696
harpeja01,2020,0,bbref,0.0
harremo01,2020,6000000,bbref,0.05497526113249038
harriga01,2020,17839286,bbref,0.1634532343778633
harrijo01,2020,7666667,bbref,0.07024617005680776
harrish01,2020,898310,bbref,0.008230804471321239
harrito02,2020,32742000,bbref,0.3
harteis01,2020,1416852,bbref,0.012981968114348543
hartjo01,2020,1934160,bbref,0.0177218251786696
hasleud01,2020,2564753,bbref,0.023499660985889684
hawessp01,2020,2007058,bbref,0.018389756276342314
hayesja02,2020,4862040,bbref,0.04454865310610225
haywago01,2020,32700690,bbref,0.2996214953271028
hensojo01,2020,9732396,bbref,0.08917350192413415
hernade01,2020,898310,bbref,0.008230804471321239
hernaju01,2020,3321030,bbref,0.03042908191313909
hernawi01,2020,1676735,bbref,0.01536315741249771
herroty01,2020,3640200,bbref,0.033353490929081915
herveke01,2020,0,bbref,0.0
hezonma01,2020,1737145,bbref,0.015916666666666666
hieldbu01,2020,4861208,bbref,0.044541029869891884
hilarne01,2020,2564753,bbref,0.023499660985889684
hillge01,2020,10133907,bbref,0.0928523639362287
hillso01,2020,12758781,bbref,0.11690288620120945
hoardja01,2020,0,bbref,0.0
holidaa01,2020,2239200,bbref,0.02051676745464541
holidjr01,2020,26131111,bbref,0.23942744181784864
holidju01,2020,4767000,bbref,0.0436778449697636
holliro01,2020,2500000,bbref,0.022906358805204325
holmeri01,2020,4767000,bbref,0.0436778449697636
hoodro01,2020,5718000,bbref,0.052391423859263334
horfoal01,2020,28000000,bbref,0.25655121861828845
hortota01,2020,898310,bbref,0.008230804471321239
houseda01,2020,3540000,bbref,0.032435404068169325
howardw01,2020,3039097,bbref,0.02784585853032802
howarwi01,2020,50000,bbref,0.0004581271761040865
huertke01,2020,2636280,bbref,0.024155030236393624
huntede01,2020,7068360,bbref,0.06476415612974161
hutchch01,2020,2332320,bbref,0.02136998350742166
ibakase01,2020,23271604,bbref,0.21322708447865127
iguodan01,2020,17185185,bbref,0.15746000549752612
ilyaser01,2020,7000000,bbref,0.06413780465457211
inglejo01,2020,11207387,bbref,0.102688171156313
ingrabr01,2020,7265485,bbref,0.06657032252153197
irvinky01,2020,31742000,bbref,0.29083745647791825
isaacjo01,2020,5806440,bbref,0.053201759208356236
iwundwe01,2020,1618520,bbref,0.01482975994135972
jacksde01,2020,92857,bbref,0.0008508063038299432
jacksfr01,2020,1618520,bbref,0.01482975994135972
jacksja02,2020,6927480,bbref,0.06347333699835074
jacksjo02,2020,7059480,bbref,0.06468279274326554
jacksju01,2020,3280920,bbref,0.030061572292468388
jacksre01,2020,17286956,bbref,0.1583924867143119
jamesju01,2020,898310,bbref,0.008230804471321239
jamesle01,2020,37436858,bbref,0.3430168407549936
jeffeam01,2020,1519851,bbref,0.013925700934579439
jeffrda01,2020,0,bbref,0.0
jeromty01,2020,2193480,bbref,0.020097855964815833
johnsal02,2020,1416852,bbref,0.012981968114348543
johnsbj01,2020,0,bbref,0.0
johnsca02,2020,4033440,bbref,0.03695656954370533
johnsda04,2020,459414,bbref,0.004209400769653656
johnsja01,2020,15349400,bbref,0.1406395455378413
johnsjo02,2020,220000,bbref,0.0020157595748579804
johnske04,2020,1950600,bbref,0.017872457394172623
johnsst04,2020,3623000,bbref,0.03319589518050211
johnsty01,2020,19245370,bbref,0.17633654022356607
jokicni01,2020,26573595,bbref,0.24348172072567345
jonesda03,2020,2305057,bbref,0.021120185083379147
jonesde02,2020,1645357,bbref,0.015075655121861828
jonesje01,2020,199000,bbref,0.0018233461608942643
jonesty01,2020,8400000,bbref,0.07696536558548653
jordade01,2020,9881598,bbref,0.09054057174271578
josepco01,2020,12000000,bbref,0.10995052226498075
kabenmf01,2020,1977000,bbref,0.01811434854315558
kaminfr01,2020,4767000,bbref,0.0436778449697636
kanteen01,2020,4767000,bbref,0.0436778449697636
kennalu01,2020,3827160,bbref,0.035066520065970316
kiddgmi01,2020,12189237,bbref,0.11168441451346894
kiddst01,2020,250000,bbref,0.0022906358805204327
kinglo02,2020,0,bbref,0.0
klebima01,2020,8000000,bbref,0.07330034817665385
knighbr03,2020,15643750,bbref,0.14333654022356607
knoxke01,2020,4380120,bbref,0.04013304013194063
konchjo01,2020,0,bbref,0.0
korkmfu01,2020,1620564,bbref,0.014848488180318857
kornelu01,2020,2250000,bbref,0.02061572292468389
korveky01,2020,3440000,bbref,0.03151914971596115
kurucro01,2020,1699236,bbref,0.01556932380428807
kuzmaky01,2020,1974600,bbref,0.018092358438702584
labissk01,2020,2338847,bbref,0.021429787428990286
lambje01,2020,10500000,bbref,0.09620670698185817
langfro01,2020,3458400,bbref,0.031687740516767454
lavinza01,2020,19500000,bbref,0.17866959868059373
lawvi01,2020,0,bbref,0.0
laymaja01,2020,3581986,bbref,0.03282010262048745
leaftj01,2020,2813280,bbref,0.02577680043980209
lecquja01,2020,898310,bbref,0.008230804471321239
leeco01,2020,12759670,bbref,0.11691103170240058
leeda03,2020,842327,bbref,0.007717857797324537
lenal01,2020,4160000,bbref,0.038116181051859994
leonaka01,2020,32742000,bbref,0.3
leoname01,2020,11286515,bbref,0.10341318490012827
leuerjo01,2020,3169348,bbref,0.029039288986622686
leverca01,2020,2625718,bbref,0.024058255451713396
lillada01,2020,29802321,bbref,0.2730650632215503
littlna01,2020,2105520,bbref,0.019291918636613524
livinsh01,2020,666667,bbref,0.006108365402235661
looneke01,2020,4464286,bbref,0.04090421477002016
lopezbr01,2020,12093024,bbref,0.1108028587135789
lopezro01,2020,4767000,bbref,0.0436778449697636
loveke01,2020,28942830,bbref,0.26518993952721276
lowryky01,2020,33296296,bbref,0.3050787612241158
luwawti01,2020,844170,bbref,0.007734744365035734
lydonty01,2020,50000,bbref,0.0004581271761040865
lylestr01,2020,5500000,bbref,0.05039398937144952
macurjp01,2020,106184,bbref,0.0009729155213487264
magetjo01,2020,81678,bbref,0.0007483782297965915
mahinia01,2020,15450051,bbref,0.14156176470588236
makerth01,2020,3569643,bbref,0.032707009345794395
mannte01,2020,1000000,bbref,0.00916254352208173
marjabo01,2020,3500000,bbref,0.032068902327286056
markkla01,2020,5300400,bbref,0.048565145684442
martica02,2020,842166,bbref,0.007716382627817482
martico01,2020,1173310,bbref,0.010750503939893715
martije02,2020,0,bbref,0.0
martike03,2020,0,bbref,0.0
masonfr01,2020,0,bbref,0.0
matenya01,2020,100000,bbref,0.000916254352208173
mathega01,2020,0,bbref,0.0
matthwe02,2020,2564753,bbref,0.023499660985889684
mbahalu01,2020,289803,bbref,0.0026553326003298516
mccawpa01,2020,4000000,bbref,0.03665017408832692
mcclesh01,2020,91557,bbref,0.000838894997251237
mccolcj01,2020,27556959,bbref,0.25249183617372184
mccontj01,2020,3500000,bbref,0.032068902327286056
mcdanja01,2020,898310,bbref,0.008230804471321239
mcderdo01,2020,7333334,bbref,0.0671919919369617
mcgeeja01,2020,4000000,bbref,0.03665017408832692
mcgruro01,2020,4807693,bbref,0.044050696353307675
mckinal01,2020,2391985,bbref,0.021916666666666668
mclaujo01,2020,0,bbref,0.0
mclembe01,2020,2028594,bbref,0.018587080813633864
mcraejo01,2020,1645357,bbref,0.015075655121861828
mellini01,2020,4102564,bbref,0.03758992120212571
meltode01,2020,1416852,bbref,0.012981968114348543
metuch01,2020,1416852,bbref,0.012981968114348543
middlkh01,2020,30603448,bbref,0.2804054242257651
mikaer01,2020,50752,bbref,0.00046501740883269195
milescj01,2020,8730158,bbref,0.07999045262964999
milleda01,2020,7250000,bbref,0.06642844053509254
millema01,2020,1588231,bbref,0.014552235660619387
millspa01,2020,30500000,bbref,0.27945757742349275
millspa02,2020,12428571,bbref,0.11387732270478285
miltosh01,2020,1445697,bbref,0.01324626168224299
mitchdo01,2020,3635760,bbref,0.03331280923584387
mitrona01,2020,0,bbref,0.0
mokokad01,2020,0,bbref,0.0
monkma01,2020,4028400,bbref,0.03691039032435404
moonema01,2020,0,bbref,0.0
mooreet01,2020,8664928,bbref,0.0793927799157046
moranja01,2020,8730240,bbref,0.0799912039582188
morgaju01,2020,746054,bbref,0.006835752244823163
morrima02,2020,2241808,bbref,0.020540663368151
morrima03,2020,15000000,bbref,0.13743815283122596
morrimo01,2020,1588231,bbref,0.014552235660619387
motlejo01,2020,0,bbref,0.0
mozgoti01,2020,5573333,bbref,0.051065906175554336
mudiaem01,2020,1737145,bbref,0.015916666666666666
muldemy01,2020,238534,bbref,0.0021855781564962436
murrade01,2020,2321735,bbref,0.021272997984240424
murraja01,2020,4444746,bbref,0.04072517866959868
musadz01,2020,1911600,bbref,0.017515118196811435
muscami01,2020,2028594,bbref,0.018587080813633864
mykhasv01,2020,1416852,bbref,0.012981968114348543
naderab01,2020,1618520,bbref,0.01482975994135972
nancela02,2020,12727273,bbref,0.1166141927799157
napiesh01,2020,1845301,bbref,0.01690765072384094
netora01,2020,1737145,bbref,0.015916666666666666
newmama01,2020,65978,bbref,0.0006045262964999084
niangge01,2020,1678854,bbref,0.015382572842221
nichoan01,2020,2844430,bbref,0.026062213670514936
noahjo01,2020,6431666,bbref,0.05893041964449331
noelne01,2020,2028594,bbref,0.018587080813633864
norveza01,2020,50752,bbref,0.00046501740883269195
nowelja01,2020,1400000,bbref,0.012827560930914422
ntilila01,2020,4855800,bbref,0.044491478834524464
nunnke01,2020,1416852,bbref,0.012981968114348543
nurkiju01,2020,12000000,bbref,0.10995052226498075
nwabada01,2020,1678854,bbref,0.015382572842221
ojelese01,2020,1618520,bbref,0.01482975994135972
okafoja01,2020,1702486,bbref,0.015599102070734836
okoboel01,2020,1416852,bbref,0.012981968114348543
okogijo01,2020,2530680,bbref,0.023187465640461792
okpalkz01,2020,898310,bbref,0.008230804471321239
oladivi01,2020,21000000,bbref,0.19241341396371633
olynyke01,2020,11667885,bbref,0.10690750412314458
onealro01,2020,1618520,bbref,0.01482975994135972
onimi01,2020,842166,bbref,0.007716382627817482
oquinky01,2020,2028594,bbref,0.018587080813633864
osmande01,2020,2907143,bbref,0.026636824262415246
oubreke01,2020,15625000,bbref,0.14316474253252703
owensta01,2020,0,bbref,0.0
pargoje01,2020,91557,bbref,0.000838894997251237
parkeja01,2020,6500000,bbref,0.059556532893531244
parsoch01,2020,25102511,bbref,0.23000284955103537
pascher01,2020,898310,bbref,0.008230804471321239
pasecan01,2020,482144,bbref,0.004417665383910574
pattepa01,2020,2331593,bbref,0.02136332233828111
pattoju01,2020,1620564,bbref,0.014848488180318857
paulch01,2020,38506482,bbref,0.35281731720725673
payneca01,2020,196288,bbref,0.0017984973428623785
paytoel01,2020,8000000,bbref,0.07330034817665385
paytoga02,2020,1090781,bbref,0.00999432838555983
pelleno01,2020,350189,bbref,0.003208621953454279
pinsoth01,2020,1445697,bbref,0.01324626168224299
plumlma01,2020,14041096,bbref,0.1286521531977277
plumlmi01,2020,12500000,bbref,0.11453179402602162
poeltja01,2020,3754886,bbref,0.03440430639545538
pointsi01,2020,50752,bbref,0.00046501740883269195
poirivi01,2020,2505793,bbref,0.022959437419827745
poolejo01,2020,1964760,bbref,0.0180021990104453
portejo01,2020,197933,bbref,0.001813569726956203
porteke02,2020,1290960,bbref,0.01182847718526663
portemi01,2020,3389400,bbref,0.031055525013743816
porteot01,2020,27250576,bbref,0.24968458860179585
portibo01,2020,15000000,bbref,0.13743815283122596
porzikr01,2020,27285000,bbref,0.25
poweldw01,2020,10259375,bbref,0.09400196994685725
powelno01,2020,10116576,bbref,0.09269356789444749
princta02,2020,3481986,bbref,0.03190384826827927
rabbiv01,2020,371758,bbref,0.0034062488546820597
randlch01,2020,91557,bbref,0.000838894997251237
randlju01,2020,18000000,bbref,0.16492578339747113
reavejo02,2020,0,bbref,0.0
reddica01,2020,4245720,bbref,0.038901594282572845
redicjj01,2020,13486300,bbref,0.12356881070185083
reidna01,2020,898310,bbref,0.008230804471321239
reynoca01,2020,0,bbref,0.0
richajo01,2020,10116576,bbref,0.09269356789444749
riverau01,2020,2174318,bbref,0.019922283305845702
roberan03,2020,10740741,bbref,0.09841250687190764
robindu01,2020,1416852,bbref,0.012981968114348543
robingl02,2020,1882867,bbref,0.017251850833791462
robinje01,2020,3567720,bbref,0.03268938977460143
robinju01,2020,395866,bbref,0.003627139453912406
robinmi01,2020,1559712,bbref,0.014290929081913139
robyis01,2020,1500000,bbref,0.013743815283122594
rondora01,2020,2564753,bbref,0.023499660985889684
rosede01,2020,7317073,bbref,0.06704299981674913
rosste01,2020,12500000,bbref,0.11453179402602162
roziete01,2020,19894737,bbref,0.18228639362286972
rubiori01,2020,16200000,bbref,0.14843320505772403
russeda01,2020,27285000,bbref,0.25
sabondo01,2020,3529555,bbref,0.03233970130108118
samanlu01,2020,2689920,bbref,0.024646509070918088
sampsja02,2020,1737145,bbref,0.015916666666666666
sandela01,2020,1865547,bbref,0.017093155579989004
saricda01,2020,3481986,bbref,0.03190384826827927
satorto01,2020,9375000,bbref,0.08589884551951622
schofad01,2020,1000000,bbref,0.00916254352208173
schrode01,2020,15500000,bbref,0.14201942459226682
scottmi01,2020,4767000,bbref,0.0436778449697636
sefolth01,2020,2564753,bbref,0.023499660985889684
sextoco01,2020,4764960,bbref,0.04365915338097856
shamela01,2020,1995120,bbref,0.0182803738317757
shayoma01,2020,0,bbref,0.0
shumpim01,2020,419443,bbref,0.003843164742532527
siakapa01,2020,2351839,bbref,0.021548827194429174
silvach01,2020,466918,bbref,0.004278156496243357
simmobe01,2020,8113930,bbref,0.07434423676012461
simmojo02,2020,1000000,bbref,0.00916254352208173
simmoko01,2020,0,bbref,0.0
simonan01,2020,2149560,bbref,0.019695437053326003
singlky01,2020,999200,bbref,0.009155213487264065
smailal01,2020,898310,bbref,0.008230804471321239
smartma01,2020,11768879,bbref,0.10783286604361371
smithde03,2020,4463640,bbref,0.040898295766904895
smithis01,2020,6000000,bbref,0.05497526113249038
smithjo03,2020,5331729,bbref,0.048852199010445296
smithjr01,2020,1456667,bbref,0.013346774784680228
smithzh01,2020,3058800,bbref,0.028026388125343596
snellto01,2020,11392857,bbref,0.10438754810335349
spaldra01,2020,0,bbref,0.0
spellom01,2020,1897800,bbref,0.01738867509620671
strusma01,2020,415414,bbref,0.00380624885468206
sumneed01,2020,2000000,bbref,0.01832508704416346
swanica01,2020,2033160,bbref,0.01862891698735569
tatumja01,2020,7830000,bbref,0.07174271577789995
taylois01,2020,50000,bbref,0.0004581271761040865
teaguje01,2020,19000000,bbref,0.17408832691955287
teletmi01,2020,3500000,bbref,0.032068902327286056
templga01,2020,4767000,bbref,0.0436778449697636
theisda01,2020,5000000,bbref,0.04581271761040865
thomais02,2020,2320044,bbref,0.021257504123144585
thomakh01,2020,1416852,bbref,0.012981968114348543
thomala01,2020,262152,bbref,0.0024019791094007695
thomama02,2020,898310,bbref,0.008230804471321239
thompho01,2020,50000,bbref,0.0004581271761040865
thompkl01,2020,32742000,bbref,0.3
thomptr01,2020,18539130,bbref,0.16986558548653105
thornsi01,2020,183115,bbref,0.001677799157045996
thybuma01,2020,2582160,bbref,0.02365915338097856
tollian01,2020,2419852,bbref,0.02217199926699652
toscaju01,2020,350189,bbref,0.003208621953454279
townska01,2020,27285000,bbref,0.25
trentga02,2020,1416852,bbref,0.012981968114348543
trieral01,2020,3551100,bbref,0.03253710830126443
tuckepj01,2020,8349039,bbref,0.07649843320505773
tuckera01,2020,578573,bbref,0.005301200293201393
turneev01,2020,18606557,bbref,0.17048338830859447
turnemy01,2020,17500000,bbref,0.16034451163643026
ulisty01,2020,50000,bbref,0.0004581271761040865
uthofja01,2020,163356,bbref,0.001496756459593183
valanjo01,2020,16000000,bbref,0.1466006963533077
valende01,2020,3377569,bbref,0.030947122961334065
vandeja01,2020,1416852,bbref,0.012981968114348543
vanvlfr01,2020,9346153,bbref,0.08563453362653473
varejan01,2020,1913345,bbref,0.01753110683525747
vincega01,2020,0,bbref,0.0
vonleno01,2020,2000000,bbref,0.01832508704416346
vucevni01,2020,28000000,bbref,0.25655121861828845
wadede01,2020,375000,bbref,0.0034359538207806486
wagnemo01,2020,2063520,bbref,0.01890709180868609
waitedi01,2020,12100000,bbref,0.11086677661718893
walkeke02,2020,32742000,bbref,0.3
walkelo01,2020,2760480,bbref,0.025293018141836175
wallaty01,2020,502491,bbref,0.00460409565695437
walljo01,2020,38199000,bbref,0.35
waltode01,2020,1445697,bbref,0.01324626168224299
wanambr01,2020,1355341,bbref,0.012418370899761774
warretj01,2020,10810000,bbref,0.0990470954737035
washipj01,2020,3831840,bbref,0.03510940076965366
watanyu01,2020,0,bbref,0.0
watertr01,2020,0,bbref,0.0
watsocj01,2020,333333,bbref,0.003054178119846069
watsopa01,2020,50752,bbref,0.00046501740883269195
weathqu01,2020,0,bbref,0.0
westbru01,2020,38506482,bbref,0.35281731720725673
whiteco01,2020,5307120,bbref,0.04862671797691039
whitede01,2020,1948080,bbref,0.017849367784496976
whiteha01,2020,27093018,bbref,0.2482409565695437
wiggian01,2020,27504630,bbref,0.2520123694337548
willide01,2020,5474787,bbref,0.050162974161627266
willigr01,2020,2379840,bbref,0.021805387575590984
willijo04,2020,106181,bbref,0.0009728880337181602
willike04,2020,1416852,bbref,0.012981968114348543
willilo02,2020,8000000,bbref,0.07330034817665385
willima02,2020,14049901,bbref,0.1287328293934396
willini01,2020,1500000,bbref,0.013743815283122594
williro04,2020,1937520,bbref,0.017752611324903793
willitr02,2020,122741,bbref,0.0011246197544438337
willizi01,2020,9757440,bbref,0.08940296866410115
wilsodj01,2020,2961120,bbref,0.027131390874106653
windldy01,2020,2035800,bbref,0.018653106102253986
winslju01,2020,13000000,bbref,0.11911306578706249
woodch01,2020,1645357,bbref,0.015075655121861828
wooteke01,2020,0,bbref,0.0
wrighde01,2020,9473684,bbref,0.08680304196444934
wrighju02,2020,0,bbref,0.0
yabusgu01,2020,1039080,bbref,0.009520615722924683
youngth01,2020,12900000,bbref,0.11819681143485432
youngtr01,2020,6273000,bbref,0.057476635514018694
zelleco01,2020,14471910,bbref,0.1325995052226498
zellety01,2020,245686,bbref,0.0022511086677661717
zizican01,2020,2281800,bbref,0.020907091808686093
zubaciv01,2020,6481482,bbref,0.05938686091258934
achiupr01,2021,2582160,bbref,0.02365915338097856
adamsja01,2021,449115,github,0.004115035733919736
adamsst01,2021,29592695,bbref,0.2711443558731904
adebaba01,2021,5115492,bbref,0.04687091808686091
aldrico01,2021,685340,bbref,0.006279457577423493
aldrila01,2021,16750000,bbref,0.15347260399486898
alexani01,2021,3113160,bbref,0.02852446399120396
alexaty01,2021,0,bbref,0.0
allengr01,2021,2545320,bbref,0.023321605277625067
allenja01,2021,3909902,bbref,0.0358246472420744
aminual01,2021,9720900,bbref,0.08906816932380429
anderju01,2021,125000,bbref,0.0011453179402602163
anderky01,2021,9505100,bbref,0.08709089243173905
anderry01,2021,5214583,bbref,0.047778843687007515
antetgi01,2021,27528088,bbref,0.2522273043796958
antetko01,2021,0,bbref,0.0
antetth01,2021,1701593,bbref,0.015590919919369617
anthoca01,2021,1620564,bbref,0.014848488180318857
anthoco01,2021,3285120,bbref,0.030100054975261133
anunoog01,2021,3872215,bbref,0.035479338464357704
arcidry01,2021,3000000,bbref,0.02748763056624519
arizatr01,2021,12800000,bbref,0.11728055708264615
augusdj01,2021,6666667,bbref,0.06108362653472604
avdijde01,2021,4469160,bbref,0.04094887300714679
aytonde01,2021,10018200,bbref,0.09179219351291919
azubuud01,2021,1977000,bbref,0.01811434854315558
bacondw01,2021,1678854,bbref,0.015382572842221
baglema01,2021,8963640,bbref,0.08212974161627268
ballla01,2021,7839960,bbref,0.07183397471137988
balllo01,2021,11003782,bbref,0.10082263148249954
bambamo01,2021,5969040,bbref,0.05469158878504673
banede01,2021,1936440,bbref,0.017742715777899945
bareajo01,2021,1620564,bbref,0.014848488180318857
barneha02,2021,22215909,bbref,0.2035542330951072
barrerj01,2021,8231760,bbref,0.0754238592633315
bartowi01,2021,13723214,bbref,0.1257395455378413
bateske01,2021,0,bbref,0.0
batumni01,2021,8856969,bbref,0.0811523639362287
baynear01,2021,7000000,bbref,0.06413780465457211
bazemke01,2021,1620564,bbref,0.014848488180318857
bazleda01,2021,2399160,bbref,0.021982407916437602
bealbr01,2021,28751774,bbref,0.2634393806120579
beaslma01,2021,13425895,bbref,0.12301534726039949
belljo01,2021,580062,bbref,0.005314843320505773
bembrde01,2021,1737145,bbref,0.015916666666666666
bertada01,2021,15000000,bbref,0.13743815283122596
beverpa01,2021,13333333,bbref,0.12216724390690856
beysa01,2021,2689920,bbref,0.024646509070918088
beyty01,2021,0,bbref,0.0
birchkh01,2021,2586036,bbref,0.023694667399670147
bitadgo01,2021,2957520,bbref,0.02709840571742716
biyombi01,2021,3500000,bbref,0.032068902327286056
bjeline01,2021,7150000,bbref,0.06551218618288437
bledser01,2021,16875000,bbref,0.1546179219351292
blevike01,2021,0,bbref,0.0
bogdabo01,2021,18000000,bbref,0.16492578339747113
bogdabo02,2021,17661000,bbref,0.16181968114348544
bolbo01,2021,2058240,bbref,0.018858713578889498
boldema01,2021,0,bbref,0.0
bonejo01,2021,135350,github,0.0012401502657137622
bongais01,2021,1663861,bbref,0.015245198827194429
bookede01,2021,29467800,bbref,0.27
bouchch01,2021,6500000,bbref,0.059556532893531244
bowenbr02,2021,0,bbref,0.0
bradlav01,2021,5635000,bbref,0.05163093274693055
bradlto01,2021,3542060,bbref,0.03245427890782481
brantja01,2021,0,bbref,0.0
brazdig01,2021,1517981,bbref,0.013908566978193147
bridgmi01,2021,4359000,bbref,0.03993952721275426
bridgmi02,2021,3934320,bbref,0.03604837822979659
brimaam01,2021,0,bbref,0.0
brissos01,2021,955493,bbref,0.008754746197544438
brogdma01,2021,20700000,bbref,0.1896646509070918
brookar01,2021,0,bbref,0.0
brookdi01,2021,11400000,bbref,0.10445299615173172
brownbr01,2021,1663861,bbref,0.015245198827194429
brownch02,2021,217844,bbref,0.0019960051310243723
brownja02,2021,23437500,bbref,0.21474711379879055
brownmo01,2021,1250000,bbref,0.011453179402602163
brownst02,2021,1620564,bbref,0.014848488180318857
browntr01,2021,3372840,bbref,0.030903793293018143
brunsja01,2021,1663861,bbref,0.015245198827194429
bryanel01,2021,24611,bbref,0.00022549935862195347
bryanth01,2021,8333333,bbref,0.07635452629649991
bullore01,2021,4200000,bbref,0.038482682792743264
burketr01,2021,3000000,bbref,0.02748763056624519
burksal01,2021,6000000,bbref,0.05497526113249038
butleji01,2021,34379100,bbref,0.315
cabocbr01,2021,361256,bbref,0.0033100238226131573
cacokde01,2021,0,bbref,0.0
caldwke01,2021,12073020,bbref,0.11061957119296317
campafa01,2021,3100000,bbref,0.028403884918453363
cancavl01,2021,1517981,bbref,0.013908566978193147
cannade01,2021,61528,bbref,0.0005637529778266447
capelca01,2021,16000000,bbref,0.1466006963533077
careyve01,2021,1350000,bbref,0.012369433754810335
carrode01,2021,6119676,bbref,0.05607179769103903
carteje01,2021,3925000,bbref,0.03596298332417079
cartemi01,2021,3300000,bbref,0.030236393622869707
cartewe01,2021,5448840,bbref,0.04992523364485981
carusal01,2021,2750000,bbref,0.02519699468572476
caulewi01,2021,4100000,bbref,0.03756642844053509
cheatzy01,2021,1445697,bbref,0.01324626168224299
chiozch01,2021,0,bbref,0.0
chrisma01,2021,1824003,bbref,0.016712506871907642
clarkbr01,2021,2602920,bbref,0.023849367784496978
clarkga01,2021,2000000,bbref,0.01832508704416346
clarkjo01,2021,11500000,bbref,0.10536925050393989
claxtni01,2021,1517981,bbref,0.013908566978193147
clemoch01,2021,1517981,bbref,0.013908566978193147
coffeam01,2021,0,bbref,0.0
collijo01,2021,4137302,bbref,0.037908209638995785
colliza01,2021,5406255,bbref,0.049535046728971965
conlemi01,2021,34504132,bbref,0.3161456111416529
connapa01,2021,4938273,bbref,0.045247141286421114
cookqu01,2021,1797183,bbref,0.01646676745464541
cookty01,2021,594121,bbref,0.005443659519882719
couside01,2021,1620564,bbref,0.014848488180318857
covinro01,2021,12138345,bbref,0.11121811434854316
craigto01,2021,1620564,bbref,0.014848488180318857
crowdja01,2021,9258000,bbref,0.08482682792743265
culveja01,2021,6104280,bbref,0.05593073117097306
curryse01,2021,7834449,bbref,0.07178347993402968
curryst01,2021,43006362,bbref,0.39404766355140186
darlina01,2021,0,bbref,0.0
davisan02,2021,32742000,bbref,0.3
davised01,2021,5005350,bbref,0.045861737218251784
daviste02,2021,1517981,bbref,0.013908566978193147
deckga01,2021,3870370,bbref,0.03546243357155947
dedmode01,2021,2866667,bbref,0.026265961150815465
dellama01,2021,1620564,bbref,0.014848488180318857
denglu01,2021,5000000,bbref,0.04581271761040865
derozde01,2021,27739975,bbref,0.25416872823895914
diakima01,2021,160173,bbref,0.001467592083562397
diallha01,2021,1663861,bbref,0.015245198827194429
dienggo01,2021,16587688,bbref,0.15198541323071285
dinwisp01,2021,11454048,bbref,0.10494821330401319
divindo01,2021,3044160,bbref,0.02789224848818032
doncilu01,2021,8049360,bbref,0.0737526113249038
dortlu01,2021,1517981,bbref,0.013908566978193147
dotsoda01,2021,2000000,bbref,0.01832508704416346
dotsode01,2021,0,bbref,0.0
doumbse01,2021,3449400,bbref,0.03160527762506872
doziepj01,2021,1762796,bbref,0.016151695070551586
dragigo01,2021,18000000,bbref,0.16492578339747113
drumman01,2021,27957238,bbref,0.25615940993219716
dudleja01,2021,1620564,bbref,0.014848488180318857
dunnkr01,2021,4767000,bbref,0.0436778449697636
duranke01,2021,39058950,bbref,0.3578793293018142
edwaran01,2021,9757440,bbref,0.08940296866410115
edwarca01,2021,1517981,bbref,0.013908566978193147
ellebcj01,2021,898310,bbref,0.008230804471321239
ellenhe01,2021,160998,bbref,0.0014751511819681143
ellinwa01,2021,2564753,bbref,0.023499660985889684
ellismo01,2021,2245400,bbref,0.020573575224482315
embiijo01,2021,29542010,bbref,0.2706799523547737
ennisja01,2021,3300000,bbref,0.030236393622869707
eubandr01,2021,1620564,bbref,0.014848488180318857
evansja02,2021,2017320,bbref,0.018483782297965917
exumda01,2021,9600000,bbref,0.0879604178119846
fallta01,2021,0,bbref,0.0
favorde01,2021,9258000,bbref,0.08482682792743265
feliccr01,2021,7529020,bbref,0.06898497342862378
fergute01,2021,3944013,bbref,0.03613719076415613
fernabr01,2021,1517981,bbref,0.013908566978193147
ferreyo01,2021,325167,bbref,0.00297935678944475
finnedo01,2021,4000000,bbref,0.03665017408832692
fittsma01,2021,61528,bbref,0.0005637529778266447
flynnma01,2021,1950600,bbref,0.017872457394172623
forbebr01,2021,2337145,bbref,0.021414192779915703
forretr01,2021,0,bbref,0.0
fournev01,2021,17450000,bbref,0.1598863844603262
foxde01,2021,8099627,bbref,0.07421318490012828
frankro01,2021,198040,bbref,0.0018145501191130658
fraziti01,2021,518612,bbref,0.00475180502107385
fultzma01,2021,12288697,bbref,0.1125957210921752
gabriwe01,2021,1620564,bbref,0.014848488180318857
gaffoda01,2021,1517981,bbref,0.013908566978193147
gallida01,2021,19500000,bbref,0.17866959868059373
gallola01,2021,1620564,bbref,0.014848488180318857
garlada01,2021,6720720,bbref,0.06157888949972513
gasolma01,2021,2564753,bbref,0.023499660985889684
gayru01,2021,14500000,bbref,0.1328568810701851
georgpa01,2021,35450412,bbref,0.3248159428257284
gibsota01,2021,2442968,bbref,0.02238380062305296
gilesha01,2021,1620564,bbref,0.014848488180318857
gilgesh01,2021,4141320,bbref,0.03794502473886751
gillan01,2021,898310,bbref,0.008230804471321239
gillefr01,2021,239959,bbref,0.0021986347810152096
goberru01,2021,27525281,bbref,0.2522015851200293
goodwbr01,2021,1701593,bbref,0.015590919919369617
gordoaa01,2021,18136364,bbref,0.16617522448231628
gordoer01,2021,16869276,bbref,0.1545654755360088
grahade01,2021,1663861,bbref,0.015245198827194429
grantje01,2021,19050000,bbref,0.17454645409565694
grantje02,2021,50000,bbref,0.0004581271761040865
grayjo01,2021,1620564,bbref,0.014848488180318857
greenda02,2021,15365853,bbref,0.14079029686641012
greendr01,2021,22246956,bbref,0.20383870258383727
greenja01,2021,7199760,bbref,0.06596811434854316
greenja02,2021,1517981,bbref,0.013908566978193147
greenje02,2021,2564753,bbref,0.023499660985889684
greenjo02,2021,2816760,bbref,0.025808686091258932
griffbl01,2021,32670565,bbref,0.29934547370350006
gudurma01,2021,2750000,bbref,0.02519699468572476
guyky01,2021,0,bbref,0.0
hachiru01,2021,4692840,bbref,0.04299835074216603
haganas01,2021,166111,github,0.0015219992669965182
halibty01,2021,3831840,bbref,0.03510940076965366
halldo01,2021,277256,bbref,0.002540370166758292
halljo01,2021,0,bbref,0.0
hallty01,2021,25000,bbref,0.00022906358805204326
hammoaj01,2021,350087,bbref,0.0032076873740150267
hamptrj01,2021,2193480,bbref,0.020097855964815833
hardati02,2021,18975000,bbref,0.1738592633315008
hardeja01,2021,41254920,bbref,0.378
harklma01,2021,3623000,bbref,0.03319589518050211
harpeja01,2021,99020,bbref,0.0009072750595565329
harremo01,2021,9258000,bbref,0.08482682792743265
harriga01,2021,19160714,bbref,0.1755608759391607
harrija01,2021,0,bbref,0.0
harrijo01,2021,16071429,bbref,0.14725516767454647
harrish01,2021,770433,bbref,0.007059125893347993
harrito02,2021,34358850,bbref,0.31481445849367784
harteis01,2021,1620564,bbref,0.014848488180318857
hartjo01,2021,3491159,bbref,0.03198789628000733
hasleud01,2021,1620564,bbref,0.014848488180318857
hayesja02,2021,5105160,bbref,0.04677625068719076
hayeski01,2021,5307120,bbref,0.04862671797691039
haywago01,2021,28500000,bbref,0.2611324903793293
hensojo01,2021,110998,bbref,0.0010170240058640278
hernaju01,2021,5718000,bbref,0.052391423859263334
hernawi01,2021,1620564,bbref,0.014848488180318857
herroty01,2021,3822240,bbref,0.03502144035184167
hezonma01,2021,1977011,bbref,0.018114449331134323
hieldbu01,2021,24701834,bbref,0.2263316291002382
hillge01,2021,9590602,bbref,0.08787430822796408
hillso01,2021,1620564,bbref,0.014848488180318857
hintona01,2021,0,bbref,0.0
hoardja01,2021,0,bbref,0.0
holidaa01,2021,2345640,bbref,0.021492028587135788
holidjr01,2021,25876111,bbref,0.2370909932197178
holidju01,2021,5720400,bbref,0.05241341396371633
holliro01,2021,432891,bbref,0.003966382627817482
holmeri01,2021,5005350,bbref,0.045861737218251784
homesca01,2021,20000,bbref,0.0001832508704416346
hoodro01,2021,10047450,bbref,0.09206019791094008
horfoal01,2021,27500000,bbref,0.25196994685724755
hortota01,2021,1517981,bbref,0.013908566978193147
houseda01,2021,3717000,bbref,0.03405717427157779
howardw01,2021,1620564,bbref,0.014848488180318857
howarma02,2021,0,bbref,0.0
huertke01,2021,2761920,bbref,0.02530621220450797
hugheel01,2021,898310,bbref,0.008230804471321239
huntede01,2021,7422000,bbref,0.0680043980208906
hutchch01,2021,2443440,bbref,0.022388125343595383
ibakase01,2021,9258000,bbref,0.08482682792743265
iguodan01,2021,15000000,bbref,0.13743815283122596
ilyaser01,2021,754783,bbref,0.0069157320872274145
inglejo01,2021,10863637,bbref,0.0995385468205974
ingrabr01,2021,27285000,bbref,0.25
irvinky01,2021,33460350,bbref,0.3065819131390874
isaacjo01,2021,7362566,bbref,0.0674598314091992
iwundwe01,2021,1678854,bbref,0.015382572842221
jacksde01,2021,92857,bbref,0.0008508063038299432
jacksfr01,2021,250000,bbref,0.0022906358805204327
jacksja02,2021,7257360,bbref,0.06649587685541507
jacksjo02,2021,4767000,bbref,0.0436778449697636
jacksju01,2021,5029650,bbref,0.04608438702583837
jacksre01,2021,1620564,bbref,0.014848488180318857
jamesju01,2021,1517981,bbref,0.013908566978193147
jamesle01,2021,39219566,bbref,0.35935098039215685
jamesmi02,2021,237648,bbref,0.002177460142935679
jeffrda01,2021,1445697,bbref,0.01324626168224299
jeromty01,2021,2303040,bbref,0.021101704233095108
joeis01,2021,898310,bbref,0.008230804471321239
johnsal02,2021,621587,bbref,0.005695317940260216
johnsca02,2021,4235160,bbref,0.03880483782297966
johnsda04,2021,459414,bbref,0.004209400769653656
johnsja01,2021,16047100,bbref,0.14703225215319773
johnske04,2021,2048040,bbref,0.018765255634964267
johnsst04,2021,3804150,bbref,0.034855689939527215
johnsty01,2021,1620564,bbref,0.014848488180318857
jokicni01,2021,29542010,bbref,0.2706799523547737
jonesda03,2021,785285,bbref,0.007195207989737952
jonesde02,2021,9258000,bbref,0.08482682792743265
jonesma05,2021,61528,bbref,0.0005637529778266447
jonestr01,2021,898310,bbref,0.008230804471321239
jonesty01,2021,7965100,bbref,0.07298057540773319
jordade01,2021,10375678,bbref,0.09506760124610592
josepco01,2021,12600000,bbref,0.11544804837822979
kabenmf01,2021,2075880,bbref,0.01902034084661902
kaminfr01,2021,1620564,bbref,0.014848488180318857
kanteen01,2021,5005350,bbref,0.045861737218251784
kennalu01,2021,5273826,bbref,0.0483216602528862
kinglo02,2021,0,bbref,0.0
klebima01,2021,8325000,bbref,0.0762781748213304
knighna01,2021,0,bbref,0.0
knoxke01,2021,4588680,bbref,0.04204398020890599
konchjo01,2021,2100000,bbref,0.019241341396371632
korkmfu01,2021,1762796,bbref,0.016151695070551586
kornelu01,2021,2250000,bbref,0.02061572292468389
kurucro01,2021,1780152,bbref,0.016310720175920834
kuzmaky01,2021,3562178,bbref,0.03263861095840205
lamban01,2021,0,bbref,0.0
lambje01,2021,10500000,bbref,0.09620670698185817
langfro01,2021,3631200,bbref,0.03327102803738318
lavinza01,2021,19500000,bbref,0.17866959868059373
laymaja01,2021,3761085,bbref,0.034461105002748765
leaftj01,2021,4326825,bbref,0.03964472237493128
lecquja01,2021,1517981,bbref,0.013908566978193147
leeda03,2021,1762796,bbref,0.016151695070551586
leesa01,2021,0,bbref,0.0
lenal01,2021,2258000,bbref,0.020689023272860547
leonaka01,2021,34379100,bbref,0.315
leoname01,2021,9400000,bbref,0.08612790910756826
leuerjo01,2021,3169348,bbref,0.029039288986622686
leverca01,2021,16203704,bbref,0.1484671431189298
lewiski01,2021,3640200,bbref,0.033353490929081915
lillada01,2021,31626953,bbref,0.28978333333333334
littlna01,2021,2210640,bbref,0.020255085211654755
livinsh01,2021,666667,bbref,0.006108365402235661
looneke01,2021,4821429,bbref,0.04417655305112699
lopezbr01,2021,12697675,bbref,0.11634299981674913
lopezro01,2021,7300000,bbref,0.06688656771119662
louzama01,2021,123056,bbref,0.0011275059556532894
loveke01,2021,31258256,bbref,0.2864051310243724
lowryky01,2021,30500000,bbref,0.27945757742349275
luwawti01,2021,1824003,bbref,0.016712506871907642
lylestr01,2021,5500000,bbref,0.05039398937144952
magnawi01,2021,0,bbref,0.0
makerth01,2021,309355,bbref,0.0028344786512735937
maledth01,2021,2000000,bbref,0.01832508704416346
maneka01,2021,0,bbref,0.0
mannini01,2021,0,bbref,0.0
mannte01,2021,1517984,bbref,0.013908594465823713
marjabo01,2021,3500000,bbref,0.032068902327286056
markkla01,2021,6731508,bbref,0.06167773501924134
marshna01,2021,120000,bbref,0.0010995052226498076
martica02,2021,1517981,bbref,0.013908566978193147
martico01,2021,1517981,bbref,0.013908566978193147
martije02,2021,0,bbref,0.0
martike03,2021,801900,bbref,0.0073474436503573395
martike04,2021,898310,bbref,0.008230804471321239
mathega01,2021,0,bbref,0.0
mathida01,2021,86132,github,0.0007891881986439435
matthwe02,2021,3623000,bbref,0.03319589518050211
maxeyty01,2021,2478840,bbref,0.022712479384277076
mayssk01,2021,0,bbref,0.0
mccawpa01,2021,4000000,bbref,0.03665017408832692
mccolcj01,2021,29354152,bbref,0.26895869525380245
mccontj01,2021,3500000,bbref,0.032068902327286056
mcdanja01,2021,1517981,bbref,0.013908566978193147
mcdanja02,2021,1964760,bbref,0.0180021990104453
mcderdo01,2021,7333333,bbref,0.06719198277441818
mcderse01,2021,0,bbref,0.0
mcgeeja01,2021,4200000,bbref,0.038482682792743264
mcgruro01,2021,5192307,bbref,0.04757473886750962
mckinal01,2021,1762796,bbref,0.016151695070551586
mclaujo01,2021,0,bbref,0.0
mclembe01,2021,2283034,bbref,0.02091839838739234
mellini01,2021,3897436,bbref,0.03571042697452813
meltode01,2021,9571712,bbref,0.08770122778083196
merrisa01,2021,898310,bbref,0.008230804471321239
metuch01,2021,750000,bbref,0.006871907641561297
middlkh01,2021,33051724,bbref,0.30283785962983323
milleda01,2021,7000000,bbref,0.06413780465457211
millspa01,2021,10000000,bbref,0.0916254352208173
millspa02,2021,13535714,bbref,0.12402156862745098
miltosh01,2021,1701593,bbref,0.015590919919369617
mitchdo01,2021,5195501,bbref,0.04760400403151915
mokokad01,2021,0,bbref,0.0
monkma01,2021,5345687,bbref,0.048980089792926514
mooreet01,2021,1620564,bbref,0.014848488180318857
moranja01,2021,9166800,bbref,0.0839912039582188
morgaju01,2021,1517981,bbref,0.013908566978193147
morrima02,2021,1620564,bbref,0.014848488180318857
morrima03,2021,14883721,bbref,0.1363727414330218
morrimo01,2021,1723707,bbref,0.015793540406816933
muldemy01,2021,1517981,bbref,0.013908566978193147
murrade01,2021,14286000,bbref,0.1308960967564596
murraja01,2021,27285000,bbref,0.25
musadz01,2021,2002800,bbref,0.018350742166025287
muscami01,2021,2283034,bbref,0.02091839838739234
mykhasv01,2021,1663861,bbref,0.015245198827194429
naderab01,2021,1752950,bbref,0.016061480667033168
nancela02,2021,11709091,bbref,0.10728505589151549
nesmiaa01,2021,3458400,bbref,0.031687740516767454
netora01,2021,1620564,bbref,0.014848488180318857
niangge01,2021,1783557,bbref,0.016341918636613523
nichoan01,2021,2844430,bbref,0.026062213670514936
nnajize01,2021,2379840,bbref,0.021805387575590984
noahjo01,2021,6431667,bbref,0.05893042880703683
noelne01,2021,5000000,bbref,0.04581271761040865
nowelja01,2021,1517981,bbref,0.013908566978193147
ntilila01,2021,6176578,bbref,0.05659316474253253
nunnaja01,2021,0,bbref,0.0
nunnke01,2021,1663861,bbref,0.015245198827194429
nurkiju01,2021,12888889,bbref,0.11809500641378047
nwabada01,2021,1824003,bbref,0.016712506871907642
nworajo01,2021,898310,bbref,0.008230804471321239
ojelese01,2021,1752950,bbref,0.016061480667033168
okafoja01,2021,1882867,bbref,0.017251850833791462
okekech01,2021,3121080,bbref,0.028597031335898845
okogijo01,2021,2651040,bbref,0.02429026937877955
okongon01,2021,5813640,bbref,0.053267729521715226
okorois01,2021,6400920,bbref,0.05864870808136339
okpalkz01,2021,1517981,bbref,0.013908566978193147
oladivi01,2021,21000000,bbref,0.19241341396371633
oliveca01,2021,43070,bbref,0.0003946307494960601
olynyke01,2021,12819649,bbref,0.11746059190031152
onealro01,2021,8500000,bbref,0.0778816199376947
onimi01,2021,1517981,bbref,0.013908566978193147
osmande01,2021,8840580,bbref,0.0810021990104453
oturuda01,2021,898310,bbref,0.008230804471321239
oubreke01,2021,14375000,bbref,0.13171156312992488
parkeja01,2021,6500000,bbref,0.059556532893531244
pascher01,2021,1517981,bbref,0.013908566978193147
pasecan01,2021,374297,bbref,0.003429512552684625
pattepa01,2021,3077704,bbref,0.02819959684808503
pattoju01,2021,0,bbref,0.0
paulch01,2021,41358814,bbref,0.37895193329668314
payneca01,2021,1977011,bbref,0.018114449331134323
paytoel01,2021,5767000,bbref,0.05284038849184534
paytoga02,2021,233894,bbref,0.0021430639545537843
pelleno01,2021,698040,bbref,0.006395821880153931
perryre01,2021,0,bbref,0.0
pinsoth01,2021,0,bbref,0.0
plumlma01,2021,8000000,bbref,0.07330034817665385
poeltja01,2021,8101852,bbref,0.0742335715594649
poirivi01,2021,2619207,bbref,0.023998598130841122
pokusal01,2021,2964840,bbref,0.027165475536008794
poolejo01,2021,2063280,bbref,0.018904892798240792
portejo01,2021,1900000,bbref,0.017408832691955287
porteke02,2021,1717981,bbref,0.015741075682609493
portemi01,2021,3550800,bbref,0.032534359538207804
porteot01,2021,28489239,bbref,0.26103389224848816
portibo01,2021,3623000,bbref,0.03319589518050211
porzikr01,2021,29467800,bbref,0.27
poweldw01,2021,11080125,bbref,0.10152212754260583
powelmy01,2021,0,bbref,0.0
powelno01,2021,10865952,bbref,0.09955975810885102
princta02,2021,12250000,bbref,0.11224115814550119
pritcpa01,2021,2035800,bbref,0.018653106102253986
quickim01,2021,2105520,bbref,0.019291918636613524
ramseja01,2021,1000000,bbref,0.00916254352208173
randlch01,2021,0,bbref,0.0
randlju01,2021,18900000,bbref,0.17317207256734468
reddica01,2021,4458000,bbref,0.04084661902144035
redicjj01,2021,13013700,bbref,0.119238592633315
reedpa01,2021,609128,bbref,0.0055811618105186
reidna01,2021,1517981,bbref,0.013908566978193147
reynoca01,2021,110998,bbref,0.0010170240058640278
richajo01,2021,10865952,bbref,0.09955975810885102
richani01,2021,1000000,bbref,0.00916254352208173
rillegr01,2021,0,bbref,0.0
riverau01,2021,3500000,bbref,0.032068902327286056
roberan03,2021,274816,bbref,0.0025180135605644125
robindu01,2021,1663861,bbref,0.015245198827194429
robingl02,2021,930930,bbref,0.008529686641011544
robinje01,2021,3737520,bbref,0.034245189664650906
robinju01,2021,198040,bbref,0.0018145501191130658
robinmi01,2021,1663861,bbref,0.015245198827194429
robyis01,2021,1517981,bbref,0.013908566978193147
rondora01,2021,8250000,bbref,0.07559098405717427
rosede01,2021,7682926,bbref,0.0703951438519333
rosste01,2021,13500000,bbref,0.12369433754810336
roziete01,2021,18900000,bbref,0.17317207256734468
rubiori01,2021,17000000,bbref,0.1557632398753894
russeda01,2021,28649250,bbref,0.2625
sabondo01,2021,19800000,bbref,0.18141836173721826
samanlu01,2021,2824320,bbref,0.02587795492028587
sampsja02,2021,1620564,bbref,0.014848488180318857
sandela01,2021,1865546,bbref,0.017093146417445484
saricda01,2021,9250000,bbref,0.084753527579256
satorto01,2021,10000000,bbref,0.0916254352208173
schofad01,2021,1517981,bbref,0.013908566978193147
schrode01,2021,16000000,bbref,0.1466006963533077
scottmi01,2021,5005350,bbref,0.045861737218251784
scrubja01,2021,0,bbref,0.0
sextoco01,2021,4991880,bbref,0.045738317757009345
shamela01,2021,2090040,bbref,0.0191500824628917
shumpim01,2021,558153,bbref,0.005114101154480484
siakapa01,2021,30559200,bbref,0.28
silvach01,2021,1517981,bbref,0.013908566978193147
simmobe01,2021,30559200,bbref,0.28
simonan01,2021,2252040,bbref,0.020634414513468938
singlky01,2021,999200,bbref,0.009155213487264065
sirvyde01,2021,898310,bbref,0.008230804471321239
smailal01,2021,1517981,bbref,0.013908566978193147
smartma01,2021,13446428,bbref,0.12320348176653839
smithde03,2021,5686677,bbref,0.052104425508521165
smithis01,2021,6000000,bbref,0.05497526113249038
smithja04,2021,4245720,bbref,0.038901594282572845
smithjr01,2021,1456667,bbref,0.013346774784680228
snellto01,2021,12178571,bbref,0.11158668682426241
spaldra01,2021,289156,github,0.0026494044346710645
spellom01,2021,1988280,bbref,0.01821770203408466
stanlca01,2021,0,bbref,0.0
stevela01,2021,652366,bbref,0.005977331867326369
stewais01,2021,3121080,bbref,0.028597031335898845
strusma01,2021,0,bbref,0.0
sumneed01,2021,2160000,bbref,0.019791094007696537
tateja01,2021,1445967,bbref,0.013248735568993952
tatumja01,2021,9897120,bbref,0.09068279274326553
teaguje01,2021,1620564,bbref,0.014848488180318857
templga01,2021,4767000,bbref,0.0436778449697636
terryty01,2021,1289846,bbref,0.011818270111783031
theisda01,2021,5000000,bbref,0.04581271761040865
thomabr01,2021,0,bbref,0.0
thomais02,2021,110998,bbref,0.0010170240058640278
thomakh01,2021,744684,bbref,0.006823199560197911
thomama02,2021,1517981,bbref,0.013908566978193147
thompkl01,2021,35361360,bbref,0.324
thomptr01,2021,9258000,bbref,0.08482682792743265
thornsi01,2021,943480,bbref,0.00864467656221367
thybuma01,2021,2711280,bbref,0.024842221000549752
tilliki02,2021,0,bbref,0.0
tillmxa01,2021,1300000,bbref,0.01191130657870625
tollian01,2021,485498,bbref,0.004448396554883636
toppiob01,2021,4862040,bbref,0.04454865310610225
toscaju01,2021,358295,bbref,0.0032828935312442732
toupaax01,2021,0,bbref,0.0
townska01,2021,29467800,bbref,0.27
trentga02,2021,1663861,bbref,0.015245198827194429
tuckepj01,2021,7969537,bbref,0.07302122961334066
tuckera01,2021,340000,bbref,0.003115264797507788
turnemy01,2021,17500000,bbref,0.16034451163643026
valanjo01,2021,15000000,bbref,0.13743815283122596
valende01,2021,4642800,bbref,0.042539857064321056
vandeja01,2021,1663861,bbref,0.015245198827194429
vanvlfr01,2021,21250000,bbref,0.19470404984423675
varejan01,2021,1913345,bbref,0.01753110683525747
vassede01,2021,4033440,bbref,0.03695656954370533
vildolu01,2021,3500000,bbref,0.032068902327286056
vincega01,2021,0,bbref,0.0
vonleno01,2021,263995,bbref,0.0024188656771119664
vucevni01,2021,26000000,bbref,0.23822613157412498
wadede01,2021,1517981,bbref,0.013908566978193147
wagnemo01,2021,2161920,bbref,0.019808686091258933
waitedi01,2021,12650000,bbref,0.11590617555433388
walkeke02,2021,34379100,bbref,0.315
walkelo01,2021,2892000,bbref,0.026498075865860362
walljo01,2021,41254920,bbref,0.378
wanambr01,2021,2250000,bbref,0.02061572292468389
warretj01,2021,12000000,bbref,0.10995052226498075
washipj01,2021,4023600,bbref,0.03686641011544805
watanyu01,2021,321893,bbref,0.0029493586219534545
watertr01,2021,0,bbref,0.0
watsopa01,2021,1445697,bbref,0.01324626168224299
weathqu01,2021,0,bbref,0.0
westbru01,2021,41358814,bbref,0.37895193329668314
whitean01,2021,25000,bbref,0.00022906358805204326
whiteco01,2021,5572680,bbref,0.051059923034634414
whitede01,2021,3516284,bbref,0.032218105185999636
whiteha01,2021,1620564,bbref,0.014848488180318857
whittgr01,2021,0,bbref,0.0
wiggian01,2021,29542010,bbref,0.2706799523547737
willigr01,2021,2498760,bbref,0.022894997251236945
willike04,2021,2000000,bbref,0.01832508704416346
willilo02,2021,8000000,bbref,0.07330034817665385
willipa01,2021,7068360,bbref,0.06476415612974161
williro04,2021,2029920,bbref,0.018599230346344146
willitr02,2021,122741,bbref,0.0011246197544438337
willizi01,2021,10245480,bbref,0.09387465640461792
wilsodj01,2021,4548280,bbref,0.04167381345061389
windldy01,2021,2137440,bbref,0.01958438702583837
winslju01,2021,13000000,bbref,0.11911306578706249
winstca01,2021,0,bbref,0.0
wisemja01,2021,8730240,bbref,0.0799912039582188
woodaro01,2021,1500000,bbref,0.013743815283122594
woodch01,2021,13015874,bbref,0.11925851200293201
wrighde01,2021,9000000,bbref,0.08246289169873557
yabusgu01,2021,1039080,bbref,0.009520615722924683
youngth01,2021,13545000,bbref,0.12410665200659703
youngtr01,2021,6571800,bbref,0.06021440351841671
yurtsom01,2021,18458,bbref,0.00016912222833058457
zelleco01,2021,15415730,bbref,0.141247297049661
zubaciv01,2021,7000000,bbref,0.06413780465457211
achiupr01,2022,2711280,bbref,0.02411870407600477
adamsst01,2022,17073171,bbref,0.15187762200437668
adebaba01,2022,28103550,bbref,0.25000044478445743
aldamsa01,2022,1994520,bbref,0.01774262992154002
aldrila01,2022,2641691,bbref,0.023499661963812337
alexani01,2022,3261480,bbref,0.029013112245805682
allengr01,2022,4054695,bbref,0.03606930631416016
allenja01,2022,20000000,bbref,0.17791378298076752
alvarjo01,2022,1500000,bbref,0.013343533723557564
aminual01,2022,10183800,bbref,0.09059191915597702
anderju01,2022,334371,bbref,0.002974460476453111
anderky01,2022,9937150,bbref,0.0883977974273667
anderry01,2022,5214584,bbref,0.04638731830554913
antetgi01,2022,39344970,bbref,0.35000062269824045
antetth01,2022,1729217,bbref,0.015382576903232694
anthoca01,2022,2641691,bbref,0.023499661963812337
anthoco01,2022,3449400,bbref,0.030684790150692975
anunoog01,2022,16071429,bbref,0.14296643656484068
arcidry01,2022,791798,bbref,0.007043588876830288
arizatr01,2022,2641691,bbref,0.023499661963812337
augusdj01,2022,7000000,bbref,0.06226982404326863
avdijde01,2022,4692840,bbref,0.041746045866173254
ayayijo01,2022,0,bbref,0.0
aytonde01,2022,12632950,bbref,0.11237879623534436
azubuud01,2022,2075880,bbref,0.018466383190705784
baglema01,2022,11312114,bbref,0.1006290497624851
ballla01,2022,8231760,bbref,0.07322717810948814
balllo01,2022,18604651,bbref,0.16550119202234598
bambamo01,2022,7568742,bbref,0.06732917608127102
banede01,2022,2033160,bbref,0.018086359350258863
bantoda01,2022,925258,bbref,0.008230807550660949
barbeca01,2022,53176,bbref,0.0004730371661892647
barneha02,2022,20284091,bbref,0.18044096820680697
barnesc01,2022,7280400,bbref,0.06476417528065899
barrerj01,2022,8623920,bbref,0.07671571156617503
bartowi01,2022,15625000,bbref,0.13899514295372462
bassech01,2022,925258,bbref,0.008230807550660949
basspa01,2022,106352,bbref,0.0009460743323785294
bateske01,2022,1729217,bbref,0.015382576903232694
batumni01,2022,8856969,bbref,0.07878884302666928
bazemke01,2022,2401537,bbref,0.021363326631914176
bazleda01,2022,2513040,bbref,0.0223552226590994
bealbr01,2022,33724200,bbref,0.3
beaslma01,2022,14391964,bbref,0.12802643798815094
belljo01,2022,102831,bbref,0.0009147526108847652
bembrde01,2022,1939350,bbref,0.017251854751187574
bertada01,2022,16000000,bbref,0.142331026384614
beverpa01,2022,14320988,bbref,0.1273950575551088
beysa01,2022,2824320,bbref,0.025124272777412065
beyty01,2022,0,bbref,0.0
birchkh01,2022,6350000,bbref,0.05648762609639369
bitadgo01,2022,3098400,bbref,0.027562403259380506
biyombi01,2022,1518213,bbref,0.013505550910029
bjeline01,2022,2089448,bbref,0.018587079901079936
bledser01,2022,18125000,bbref,0.16123436582632056
blevike01,2022,0,bbref,0.0
bogdabo01,2022,18000000,bbref,0.16012240468269076
bogdabo02,2022,18502000,bbref,0.16458804063550803
bolbo01,2022,2161152,bbref,0.019224936395822585
bolmale01,2022,2353320,bbref,0.02093440318821499
bongais01,2022,1729217,bbref,0.015382576903232694
bookede01,2022,31650600,bbref,0.281553898980554
bostobr01,2022,925258,bbref,0.008230807550660949
bouchch01,2022,7020000,bbref,0.0624477378262494
bouknja01,2022,4154400,bbref,0.03695625100076503
bradlav01,2022,2641691,bbref,0.023499661963812337
bradlto01,2022,1789256,bbref,0.01591666518405181
brantja01,2022,84414,bbref,0.0007509207038269254
brazdig01,2022,0,bbref,0.0
bridgmi01,2022,5557725,bbref,0.04943979397583931
bridgmi02,2022,5421493,bbref,0.04822791645168751
brissos01,2022,1701593,bbref,0.015136842386179657
brogdma01,2022,21700000,bbref,0.19303645453413276
brookar01,2022,1489065,bbref,0.01324625936271283
brookdi01,2022,12200000,bbref,0.10852740761826819
brownbr01,2022,4736102,bbref,0.04213089117013895
brownch02,2022,95930,bbref,0.0008533634600672514
brownch05,2022,53176,bbref,0.0004730371661892647
browngr01,2022,925258,bbref,0.008230807550660949
brownja02,2022,24830357,bbref,0.22088313733164908
brownmo01,2022,1701593,bbref,0.015136842386179657
brownst02,2022,3000000,bbref,0.026687067447115128
browntr01,2022,5170564,bbref,0.045995730069208464
brunsja01,2022,1802057,bbref,0.01603053890084865
bryanth01,2022,8666667,bbref,0.07709597559022897
buchash01,2022,53176,bbref,0.0004730371661892647
bullore01,2022,9536000,bbref,0.08482929172522995
burketr01,2022,3150000,bbref,0.028021420819470885
burksal01,2022,9536000,bbref,0.08482929172522995
butleja02,2022,925258,bbref,0.008230807550660949
butleji01,2022,36016200,bbref,0.320388919529596
cacokde01,2022,364533,bbref,0.0032427722525664063
caldwke01,2022,13038862,bbref,0.11598966320920882
campafa01,2022,2975000,bbref,0.026464675218389168
cancavl01,2022,1782621,bbref,0.01585764228654794
cannade01,2022,185578,bbref,0.0016508442009002438
capelca01,2022,17103448,bbref,0.1521469567847421
careyve01,2022,1517981,bbref,0.013503487110146423
carrode01,2022,1242340,bbref,0.011051470457416336
carteje01,2022,3650000,bbref,0.032469265393990074
cartemi01,2022,3300000,bbref,0.029355774191826643
cartewe01,2022,6920027,bbref,0.06155840909495259
carusal01,2022,8604651,bbref,0.0765443005319622
caulewi01,2022,4100000,bbref,0.03647232551105734
caverah01,2022,53176,bbref,0.0004730371661892647
chalmma01,2022,138019,bbref,0.0012277741206611276
champju01,2022,0,bbref,0.0
cheatzy01,2022,89057,bbref,0.0007922233885459106
chiozch01,2022,0,bbref,0.0
chrisjo01,2022,2259240,bbref,0.02009749675307346
chrisma01,2022,1292900,bbref,0.011501236500791717
clarkbr01,2022,2726880,bbref,0.024257476826729768
clarkga01,2022,377645,bbref,0.0033594125286885977
clarkjo01,2022,12420000,bbref,0.11048445923105663
claxtni01,2022,1782621,bbref,0.01585764228654794
clemoch01,2022,95930,bbref,0.0008533634600672514
coffeam01,2022,153488,bbref,0.0013653815361076023
collida01,2022,151821,bbref,0.0013505524222961554
collijo01,2022,23000000,bbref,0.20460085042788265
colliza01,2022,7000000,bbref,0.06226982404326863
conlemi01,2022,21000000,bbref,0.1868094721298059
connapa01,2022,5333333,bbref,0.04744367249630829
cookty01,2022,0,bbref,0.0
coopesh01,2022,0,bbref,0.0
cornepe01,2022,0,bbref,0.0
couside01,2022,1138659,bbref,0.010129156510754888
covinro01,2022,12975471,bbref,0.11542575657836213
craigto01,2022,4878049,bbref,0.0433936075577775
crowdja01,2022,9720900,bbref,0.08647410464888715
culveja01,2022,6395160,bbref,0.05688935541836426
cumbeja01,2022,53176,bbref,0.0004730371661892647
cunnica01,2022,10050120,bbref,0.08940274343053356
curryse01,2022,8207518,bbref,0.07301152881313715
curryst01,2022,45780966,bbref,0.4072532424786948
davisan02,2022,35361360,bbref,0.31456366644723965
davised01,2022,2641691,bbref,0.023499661963812337
daviste02,2022,4000000,bbref,0.0355827565961535
deckga01,2022,1690507,bbref,0.015038224776273418
dedmode01,2022,2866667,bbref,0.025500978525806395
dekkesa01,2022,350000,bbref,0.0031134912021634317
delauja01,2022,53176,bbref,0.0004730371661892647
denglu01,2022,5000000,bbref,0.04447844574519188
derozde01,2022,26000000,bbref,0.23128791787499778
diakima01,2022,1040234,bbref,0.009253598306260786
diallch01,2022,102831,bbref,0.0009147526108847652
diallha01,2022,5200000,bbref,0.04625758357499955
dienggo01,2022,4000000,bbref,0.0355827565961535
dinwisp01,2022,17142857,bbref,0.15249752699841657
divindo01,2022,4675830,bbref,0.04159473019374811
doncilu01,2022,10174391,bbref,0.09050821961677372
dortlu01,2022,1782621,bbref,0.01585764228654794
dosunay01,2022,925258,bbref,0.008230807550660949
dotsoda01,2022,205662,bbref,0.0018295052217695304
dotsode01,2022,0,bbref,0.0
doumbse01,2022,3613680,bbref,0.032146173964097
dowtije01,2022,53176,bbref,0.0004730371661892647
doziepj01,2022,1910860,bbref,0.016998416567331472
dragigo01,2022,18620165,bbref,0.16563919974380414
drumman01,2022,2401537,bbref,0.021363326631914176
duartch01,2022,3749520,bbref,0.03335456437810237
dukeda01,2022,0,bbref,0.0
dunnkr01,2022,5005350,bbref,0.04452603768213924
duranke01,2022,40918900,bbref,0.3640018147205864
echenja01,2022,53176,bbref,0.0004730371661892647
edwaran01,2022,10245480,bbref,0.0911406052626897
edwarca01,2022,1782621,bbref,0.01585764228654794
edwarke02,2022,5318,bbref,4.7307274894586084e-05
edwarro01,2022,53176,bbref,0.0004730371661892647
ellebcj01,2022,1517981,bbref,0.013503487110146423
ellinwa01,2022,2641691,bbref,0.023499661963812337
ellisma01,2022,53176,bbref,0.0004730371661892647
ellismo01,2022,2245400,bbref,0.01997438041525077
embiijo01,2022,31579390,bbref,0.280920436956251
ennisja01,2022,128709,bbref,0.0011449552546835802
eubandr01,2022,1762796,bbref,0.01568128524916825
fallta01,2022,0,bbref,0.0
favorde01,2022,9720900,bbref,0.08647410464888715
fernabr01,2022,1782621,bbref,0.01585764228654794
finnedo01,2022,4000000,bbref,0.0355827565961535
fittsma01,2022,402218,bbref,0.0035780062981479177
flynnma01,2022,2048040,bbref,0.018218727204796555
forbebr01,2022,4500000,bbref,0.04003060117067269
fordal03,2022,53176,bbref,0.0004730371661892647
forretr01,2022,8558,bbref,7.612930773747042e-05
fournev01,2022,17142857,bbref,0.15249752699841657
foxde01,2022,28103500,bbref,0.25
frazime01,2022,0,bbref,0.0
fraziti01,2022,257418,bbref,0.0022899105093671605
fultzma01,2022,16500000,bbref,0.1467788709591332
gabriwe01,2022,198760,bbref,0.0017681071752628677
gaffoda01,2022,1782621,bbref,0.01585764228654794
gallida01,2022,20475000,bbref,0.18213923532656076
gallola01,2022,257418,bbref,0.0022899105093671605
garlada01,2022,7040880,bbref,0.06263347981568132
garrema01,2022,0,bbref,0.0
garubus01,2022,2353320,bbref,0.02093440318821499
garzalu01,2022,925258,bbref,0.008230807550660949
gasolma01,2022,2692991,bbref,0.023956010817158004
gayru01,2022,5890000,bbref,0.05239560908783603
georgpa01,2022,39344970,bbref,0.35000062269824045
gibsota01,2022,4910000,bbref,0.04367783372177843
giddejo01,2022,5988000,bbref,0.0532673866244418
gilgesh01,2022,5495532,bbref,0.048886544380593165
gillan01,2022,1517981,bbref,0.013503487110146423
gillefr01,2022,171156,bbref,0.0015225505719928124
goberru01,2022,35344828,bbref,0.31441660291422774
goodwbr01,2022,99380,bbref,0.0008840535876314338
goodwjo01,2022,53176,bbref,0.0004730371661892647
gordoaa01,2022,16409091,bbref,0.14597017275428328
gordoer01,2022,18218818,bbref,0.16206894159090504
grahade01,2022,11000000,bbref,0.09785258063942213
grantje01,2022,20002500,bbref,0.1779360222036401
graveha01,2022,106352,bbref,0.0009460743323785294
greenda02,2022,10000000,bbref,0.08895689149038376
greendr01,2022,24026712,bbref,0.21373416122547015
greenja01,2022,8200000,bbref,0.07294465102211468
greenja02,2022,1669178,bbref,0.014848488622413579
greenja05,2022,8992200,bbref,0.07999181596598288
greenje02,2022,4500000,bbref,0.04003060117067269
greenjo02,2022,2957520,bbref,0.02630917857206398
griffbl01,2022,29764126,bbref,0.264772412688811
grimequ01,2022,2168760,bbref,0.019292614798868468
guyky01,2022,191860,bbref,0.0017067269201345029
hachiru01,2022,4916160,bbref,0.0437326311669365
halibty01,2022,4023600,bbref,0.03579269486007081
halljo01,2022,0,bbref,0.0
hallty01,2022,53176,bbref,0.0004730371661892647
hamptrj01,2022,2303040,bbref,0.02048712793780134
hardati02,2022,21306816,bbref,0.18953881189175725
hardeja01,2022,44310840,bbref,0.39417545857277564
harklma01,2022,4347600,bbref,0.038674898144359246
harpeja01,2022,95930,bbref,0.0008533634600672514
harremo01,2022,9720900,bbref,0.08647410464888715
harriga01,2022,20482143,bbref,0.18220277723415232
harrijo01,2022,17357143,bbref,0.15440374864340742
harrish01,2022,205662,bbref,0.0018295052217695304
harrito02,2022,35995950,bbref,0.32020878182432794
harteis01,2022,1729217,bbref,0.015382576903232694
hartjo01,2022,12000000,bbref,0.10674826978846051
hasleud01,2022,2641691,bbref,0.023499661963812337
hausesa01,2022,313737,bbref,0.002790906826551853
hayesja02,2022,5348280,bbref,0.04757663636201897
hayeski01,2022,5572680,bbref,0.049572829007063175
haywago01,2022,29925000,bbref,0.2662034977849734
henryaa01,2022,0,bbref,0.0
hernaju01,2022,6175440,bbref,0.05493479459853755
hernawi01,2022,2327220,bbref,0.02070222570142509
herroty01,2022,4004280,bbref,0.03562083014571139
hieldbu01,2022,22477273,bbref,0.19995083352607326
highsha01,2022,547701,bbref,0.004872177842617467
hillge01,2022,4000000,bbref,0.0355827565961535
hillma01,2022,53176,bbref,0.0004730371661892647
hillso01,2022,2389641,bbref,0.021257503513797214
hintona01,2022,85578,bbref,0.0007612752859964062
hoardja01,2022,191860,bbref,0.0017067269201345029
holidaa01,2022,3980551,bbref,0.03540974433789386
holidjr01,2022,30133333,bbref,0.26805676339246004
holidju01,2022,6006420,bbref,0.05343124521856708
holmaar01,2022,53176,bbref,0.0004730371661892647
holmeri01,2022,10384500,bbref,0.09237728396818902
hommeda01,2022,0,bbref,0.0
hoodro01,2022,2239544,bbref,0.019922287259594
hopsosc01,2022,99380,bbref,0.0008840535876314338
horfoal01,2022,27000000,bbref,0.24018360702403616
hortota01,2022,9500000,bbref,0.08450904691586457
houseda01,2022,1387498,bbref,0.01234275090291245
howardw01,2022,2641691,bbref,0.023499661963812337
howarma02,2022,0,bbref,0.0
huertke01,2022,4253357,bbref,0.03783654171188642
huffja01,2022,0,bbref,0.0
hugheel01,2022,1517981,bbref,0.013503487110146423
huntede01,2022,7775400,bbref,0.06916754140943299
huntfe01,2022,53176,bbref,0.0004730371661892647
hutchch01,2022,4019459,bbref,0.035755857811304644
hylanbo01,2022,2096880,bbref,0.01865319266283559
ibakase01,2022,9720900,bbref,0.08647410464888715
iguodan01,2022,2641691,bbref,0.023499661963812337
ilyaser01,2022,151821,bbref,0.0013505524222961554
inglejo01,2022,12436364,bbref,0.1106300282882915
ingrabr01,2022,29467800,bbref,0.26213638870603306
irvinky01,2022,34916200,bbref,0.31060366146565377
isaacjo01,2022,17400000,bbref,0.15478499119326775
iwundwe01,2022,1824003,bbref,0.016225763694913443
jacksde01,2022,92857,bbref,0.0008260270073122565
jacksfr01,2022,3000000,bbref,0.026687067447115128
jacksis01,2022,2451120,bbref,0.021804401586990943
jacksja02,2022,9180560,bbref,0.08166740797409576
jacksjo02,2022,5005350,bbref,0.04452603768213924
jacksju01,2022,205662,bbref,0.0018295052217695304
jacksre01,2022,10384500,bbref,0.09237728396818902
jamesju01,2022,95930,bbref,0.0008533634600672514
jamesle01,2022,41180544,bbref,0.3663293184122974
jarrede01,2022,53176,bbref,0.0004730371661892647
jeffrda01,2022,95930,bbref,0.0008533634600672514
jeromty01,2022,2412840,bbref,0.021463874606365754
joeis01,2022,1517981,bbref,0.013503487110146423
johnsal02,2022,705598,bbref,0.00627678047218318
johnsbj01,2022,95930,bbref,0.0008533634600672514
johnsca02,2022,4437000,bbref,0.03947017275428327
johnsda08,2022,0,bbref,0.0
johnsja01,2022,2641691,bbref,0.023499661963812337
johnsja05,2022,2659560,bbref,0.023658619033216505
johnsjo02,2022,151821,bbref,0.0013505524222961554
johnske04,2022,2145720,bbref,0.019087658120874623
johnske07,2022,2553240,bbref,0.022712829362890742
johnsst04,2022,1248865,bbref,0.011109514829113811
johnsty01,2022,128709,bbref,0.0011449552546835802
jokicni01,2022,30510423,bbref,0.2714112388136709
jonesca03,2022,53176,bbref,0.0004730371661892647
jonesda03,2022,1977011,bbref,0.01758687530022951
jonesde02,2022,9720900,bbref,0.08647410464888715
joneshe01,2022,1700000,bbref,0.01512267155336524
jonesje01,2022,85578,bbref,0.0007612752859964062
joneska01,2022,2770560,bbref,0.024646040528759763
jonesma05,2022,0,bbref,0.0
jonestr01,2022,1517981,bbref,0.013503487110146423
jonesty01,2022,7600000,bbref,0.06760723753269166
jordade01,2022,7875533,bbref,0.07005829345099365
josepco01,2022,7310000,bbref,0.06502748767947053
kabenmf01,2022,19186,bbref,0.00017067269201345028
kalaige01,2022,462629,bbref,0.004115403775330474
kaminfr01,2022,2089448,bbref,0.018587079901079936
kanteen01,2022,2641691,bbref,0.023499661963812337
kennalu01,2022,12727273,bbref,0.1132178643229491
keybr01,2022,53176,bbref,0.0004730371661892647
kingge03,2022,85578,bbref,0.0007612752859964062
kinglo02,2022,0,bbref,0.0
kispeco01,2022,3383640,bbref,0.03009980963225221
klebima01,2022,8750000,bbref,0.07783728005408579
knighbr03,2022,276038,bbref,0.0024555482413222553
knighna01,2022,0,bbref,0.0
knoxke01,2022,5845978,bbref,0.052004003060117064
konchjo01,2022,2200000,bbref,0.01957051612788443
korkmfu01,2022,4629630,bbref,0.041183749355062534
kornelu01,2022,606702,bbref,0.005397032398099881
krejcvi01,2022,925258,bbref,0.008230807550660949
kulboar01,2022,0,bbref,0.0
kuminjo01,2022,5466360,bbref,0.04862703933673742
kuzmaky01,2022,13000000,bbref,0.11564395893749889
lamban01,2022,85578,bbref,0.0007612752859964062
lambje01,2022,10500000,bbref,0.09340473606490295
landajo01,2022,925258,bbref,0.008230807550660949
langfro01,2022,3804360,bbref,0.033842403971035634
lavinza01,2022,19500000,bbref,0.17346593840624833
laymaja01,2022,3940184,bbref,0.03505065205401463
leeda03,2022,1910860,bbref,0.016998416567331472
leesa01,2022,1489065,bbref,0.01324625936271283
lenal01,2022,3732000,bbref,0.03319871190421122
leonaka01,2022,39344900,bbref,0.35
leuerjo01,2022,3169347,bbref,0.02819352571743733
leverca01,2022,17500000,bbref,0.15567456010817157
lewiski01,2022,3822240,bbref,0.03400145889302044
lewissc01,2022,0,bbref,0.0
lillada01,2022,39344900,bbref,0.35
littlna01,2022,2316240,bbref,0.02060455103456865
liveris01,2022,1057260,bbref,0.009405056309712313
livinsh01,2022,666667,bbref,0.005930462397921967
looneke01,2022,5178572,bbref,0.04606696674791396
lopezbr01,2022,13302325,bbref,0.11833334815948192
lopezro01,2022,5000000,bbref,0.04447844574519188
louzama01,2022,1786878,bbref,0.015895511235255396
loveke01,2022,31258256,bbref,0.2780637287170637
lowryky01,2022,26984128,bbref,0.24004241464586262
lundbga01,2022,0,bbref,0.0
luwawti01,2022,1939350,bbref,0.017251854751187574
lylestr01,2022,2500000,bbref,0.02223922287259594
maledth01,2022,2000000,bbref,0.01779137829807675
mamuksa01,2022,0,bbref,0.0
mannte01,2022,1782621,bbref,0.01585764228654794
manntr01,2022,2901240,bbref,0.025808529186756097
marjabo01,2022,3500000,bbref,0.031134912021634317
markkla01,2022,15690909,bbref,0.13958144892984858
marshna01,2022,1517981,bbref,0.013503487110146423
martica02,2022,527615,bbref,0.004693499030369883
martico01,2022,1782621,bbref,0.01585764228654794
martike03,2022,191860,bbref,0.0017067269201345029
martike04,2022,1517981,bbref,0.013503487110146423
mathega01,2022,2000000,bbref,0.01779137829807675
mathida01,2022,106352,bbref,0.0009460743323785294
matthwe02,2022,1958501,bbref,0.01742221609408081
maxeyty01,2022,2602920,bbref,0.02315476719981497
mayssk01,2022,34231,bbref,0.00030450833526073263
mcbrimi01,2022,925258,bbref,0.008230807550660949
mccluma01,2022,106352,bbref,0.0009460743323785294
mccolcj01,2022,30864198,bbref,0.27455831124237196
mccontj01,2022,7500000,bbref,0.06671766861778781
mcdanja01,2022,1782621,bbref,0.01585764228654794
mcdanja02,2022,2063280,bbref,0.0183542975074279
mcderdo01,2022,13750000,bbref,0.12231572579927767
mcgeeja01,2022,5000000,bbref,0.04447844574519188
mcgrica01,2022,53176,bbref,0.0004730371661892647
mcgruro01,2022,1939350,bbref,0.017251854751187574
mckinal01,2022,1293926,bbref,0.01151036347785863
mclauja01,2022,0,bbref,0.0
mclaujo01,2022,2000000,bbref,0.01779137829807675
mclembe01,2022,2389641,bbref,0.021257503513797214
meltode01,2022,8805976,bbref,0.07833522514989236
merrisa01,2022,1517981,bbref,0.013503487110146423
metuch01,2022,1762796,bbref,0.01568128524916825
middlkh01,2022,35500000,bbref,0.31579696479086233
milescj01,2022,151821,bbref,0.0013505524222961554
millspa01,2022,2641691,bbref,0.023499661963812337
millspa02,2022,5890000,bbref,0.05239560908783603
miltosh01,2022,1846738,bbref,0.016428007187716833
mitchda01,2022,4603200,bbref,0.04094863629085345
mitchdo01,2022,28103500,bbref,0.25
mobleev01,2022,8075160,bbref,0.07183411318874873
monkma01,2022,1789256,bbref,0.01591666518405181
monrogr01,2022,193227,bbref,0.0017188873272012382
moodymo01,2022,3562080,bbref,0.03168715640400662
moonema01,2022,171156,bbref,0.0015225505719928124
moonxa01,2022,159528,bbref,0.001419111498567794
mooreet01,2022,2641691,bbref,0.023499661963812337
moranja01,2022,9603360,bbref,0.08542850534630918
morgaju01,2022,115116,bbref,0.0010240361520807016
morrija01,2022,95930,bbref,0.0008533634600672514
morrima02,2022,2641691,bbref,0.023499661963812337
morrima03,2022,15627907,bbref,0.13902100272208087
morrimo01,2022,8849071,bbref,0.07871858487377018
mozgoti01,2022,5573334,bbref,0.04957864678776665
mudiaem01,2022,111457,bbref,0.0009914868254843703
muldemy01,2022,0,bbref,0.0
murkead01,2022,53176,bbref,0.0004730371661892647
murphtr02,2022,3053760,bbref,0.02716529969576743
murrade01,2022,15428880,bbref,0.1372505203978152
murraja01,2022,29467800,bbref,0.26213638870603306
muscami01,2022,3500000,bbref,0.031134912021634317
mykhasv01,2022,1729217,bbref,0.015382576903232694
naderab01,2022,2000000,bbref,0.01779137829807675
nancela02,2022,10690909,bbref,0.09510300318465671
nembhrj01,2022,58493,bbref,0.0005203355453947018
nesmiaa01,2022,3631200,bbref,0.03230202643798815
netora01,2022,2089448,bbref,0.018587079901079936
newmama01,2022,85578,bbref,0.0007612752859964062
niangge01,2022,3300000,bbref,0.029355774191826643
nichoan01,2022,2844430,bbref,0.025303165086199227
nixda01,2022,612000,bbref,0.0054441617592114865
nnajize01,2022,2498760,bbref,0.022228192218051133
noahjo01,2022,6431666,bbref,0.057214101446439056
noelne01,2022,8800000,bbref,0.07828206451153771
nowelja01,2022,1782621,bbref,0.01585764228654794
ntilila01,2022,1789256,bbref,0.01591666518405181
nunnke01,2022,5000000,bbref,0.04447844574519188
nurkiju01,2022,12000000,bbref,0.10674826978846051
nwabada01,2022,4650000,bbref,0.04136495454302845
nworajo01,2022,1517981,bbref,0.013503487110146423
ojelese01,2022,1789256,bbref,0.01591666518405181
okafoja01,2022,2130023,bbref,0.018948022488302168
okekech01,2022,3277080,bbref,0.02915188499653068
okogijo01,2022,4087904,bbref,0.03636472325511057
okongon01,2022,6104280,bbref,0.054301777358691974
okorois01,2022,6720720,bbref,0.0597854359777252
okpalkz01,2022,1782621,bbref,0.01585764228654794
oladivi01,2022,2389641,bbref,0.021257503513797214
oliveca01,2022,85578,bbref,0.0007612752859964062
olynyke01,2022,12195122,bbref,0.10848401444659918
omorueu01,2022,0,bbref,0.0
onealro01,2022,8800000,bbref,0.07828206451153771
onimi01,2022,95930,bbref,0.0008533634600672514
osmande01,2022,8133334,bbref,0.07235161100930489
oturuda01,2022,1517981,bbref,0.013503487110146423
oubreke01,2022,12000000,bbref,0.10674826978846051
paigeja01,2022,53176,bbref,0.0004730371661892647
palmetr01,2022,53176,bbref,0.0004730371661892647
pangoke01,2022,1669178,bbref,0.014848488622413579
parkeja01,2022,1168288,bbref,0.010392726884551746
pascher01,2022,1782621,bbref,0.01585764228654794
pattepa01,2022,737066,bbref,0.0065567100183251195
paulch01,2022,30800000,bbref,0.273987225790382
payneca01,2022,6500000,bbref,0.057821979468749445
paytoel01,2022,2239544,bbref,0.019922287259594
paytoga02,2022,1939350,bbref,0.017251854751187574
pelleno01,2022,95930,bbref,0.0008533634600672514
perryre01,2022,188272,bbref,0.001674809187467753
pickeja01,2022,0,bbref,0.0
pinsoth01,2022,197076,bbref,0.001753126834735887
plumlma01,2022,8137500,bbref,0.07238867045029979
poeltja01,2022,8750000,bbref,0.07783728005408579
pokusal01,2022,3113160,bbref,0.027693703631220312
ponsyv01,2022,0,bbref,0.0
poolejo01,2022,2161440,bbref,0.019227498354297507
portejo01,2022,300000,bbref,0.002668706744711513
porteke02,2022,1782621,bbref,0.01585764228654794
portemi01,2022,5258735,bbref,0.046780071877168324
porteot01,2022,2389641,bbref,0.021257503513797214
portibo01,2022,4347600,bbref,0.038674898144359246
porzikr01,2022,31650600,bbref,0.281553898980554
pottemi01,2022,53176,bbref,0.0004730371661892647
poweldw01,2022,11080125,bbref,0.09856534773248883
powelmy01,2022,0,bbref,0.0
powelno01,2022,15517242,bbref,0.13803656128240255
prestja01,2022,1062303,bbref,0.009449917270090914
primojo01,2022,3946800,bbref,0.03510950593342466
princta02,2022,13000000,bbref,0.11564395893749889
pritcpa01,2022,2137440,bbref,0.019014001814720585
queentr01,2022,0,bbref,0.0
quetane01,2022,0,bbref,0.0
quickim01,2022,2210640,bbref,0.019665166260430196
ramseja01,2022,1517981,bbref,0.013503487110146423
randlju01,2022,19800000,bbref,0.17613464515095983
reaveau01,2022,925258,bbref,0.008230807550660949
reddica01,2022,4670160,bbref,0.04154429163627306
reedda01,2022,286164,bbref,0.002545625989645418
reedpa01,2022,1517981,bbref,0.013503487110146423
reidna01,2022,1782621,bbref,0.01585764228654794
richajo01,2022,11615328,bbref,0.10332634725212163
richani01,2022,1517981,bbref,0.013503487110146423
rillegr01,2022,0,bbref,0.0
riverau01,2022,2401537,bbref,0.021363326631914176
robindu01,2022,15560000,bbref,0.13841692315903714
robinje02,2022,2000000,bbref,0.01779137829807675
robinju01,2022,95930,bbref,0.0008533634600672514
robinmi01,2022,1802057,bbref,0.01603053890084865
robyis01,2022,1782621,bbref,0.01585764228654794
rondora01,2022,4858309,bbref,0.04321800665397548
rosede01,2022,13445120,bbref,0.11960360809151885
rosste01,2022,12500000,bbref,0.1111961143629797
roziete01,2022,17905263,bbref,0.15927965377977832
rubiori01,2022,17800000,bbref,0.15834326685288308
russeda01,2022,30013500,bbref,0.2669907662746633
ryanma01,2022,0,bbref,0.0
sabondo01,2022,18500000,bbref,0.16457024925720995
samanlu01,2022,2959080,bbref,0.026323055847136477
sandela01,2022,1865547,bbref,0.016595326204921095
saricda01,2022,8510000,bbref,0.07570231465831657
sarrol01,2022,106352,bbref,0.0009460743323785294
satorto01,2022,9531881,bbref,0.08479265038162506
schakjo01,2022,53176,bbref,0.0004730371661892647
schofad01,2022,300000,bbref,0.002668706744711513
schrode01,2022,5890000,bbref,0.05239560908783603
scotttr01,2022,53176,bbref,0.0004730371661892647
scrubja01,2022,0,bbref,0.0
seldewa01,2022,785102,bbref,0.006984023342288327
sengual01,2022,3214680,bbref,0.028596793993630687
sextoco01,2022,6349671,bbref,0.05648469941466366
shamela01,2022,3768342,bbref,0.033521999039265574
sharpda01,2022,2009040,bbref,0.01787179532798406
siakapa01,2022,33003936,bbref,0.293592755350757
silvach01,2022,383720,bbref,0.0034134538402690057
simmobe01,2022,33003936,bbref,0.293592755350757
simonan01,2022,3938818,bbref,0.03503850054263704
simonma01,2022,925258,bbref,0.008230807550660949
simpsza01,2022,53176,bbref,0.0004730371661892647
simsje01,2022,0,bbref,0.0
singlky01,2022,999200,bbref,0.008888572597719146
sirvyde01,2022,1603559,bbref,0.014264762396142829
smartja01,2022,0,bbref,0.0
smartma01,2022,13839285,bbref,0.12310997740494956
smithch07,2022,0,bbref,0.0
smithde03,2022,1789256,bbref,0.01591666518405181
smithis01,2022,4500000,bbref,0.04003060117067269
smithja04,2022,4458000,bbref,0.03965698222641308
smithjr01,2022,1456666,bbref,0.012958047929973135
sneedxa01,2022,53176,bbref,0.0004730371661892647
snellto01,2022,2389641,bbref,0.021257503513797214
sprinja01,2022,2023680,bbref,0.01800202821712598
stanlca01,2022,256734,bbref,0.0022838258579892185
stausni01,2022,423536,bbref,0.0037676445994271174
stephla01,2022,1476806,bbref,0.013137207109434768
stevela01,2022,1517981,bbref,0.013503487110146423
stewadj02,2022,0,bbref,0.0
stewais01,2022,3277080,bbref,0.02915188499653068
strusma01,2022,1669178,bbref,0.014848488622413579
suggsja01,2022,6592920,bbref,0.05864856690447809
sumneed01,2022,2320000,bbref,0.02063799882576903
swordcr01,2022,53176,bbref,0.0004730371661892647
sykeske01,2022,558345,bbref,0.004966863557919832
tateja01,2022,1517981,bbref,0.013503487110146423
tatumja01,2022,28103550,bbref,0.25000044478445743
taylote01,2022,600000,bbref,0.005337413489423026
templga01,2022,4910000,bbref,0.04367783372177843
terryem01,2022,85578,bbref,0.0007612752859964062
terryty01,2022,1517981,bbref,0.013503487110146423
teskejo01,2022,53176,bbref,0.0004730371661892647
theisda01,2022,8280351,bbref,0.07365942854092906
thomabr01,2022,0,bbref,0.0
thomaca02,2022,2036280,bbref,0.018114113900403864
thomais02,2022,552077,bbref,0.004911105378333659
thomama02,2022,1669178,bbref,0.014848488622413579
thompkl01,2022,37980720,bbref,0.3378646787766648
thomptr01,2022,8946611,bbref,0.07958627039336738
thorjt01,2022,1250000,bbref,0.01111961143629797
thybuma01,2022,2840160,bbref,0.025265180493532834
tilliki02,2022,1901625,bbref,0.016916264878040103
tillmju01,2022,53176,bbref,0.0004730371661892647
tillmxa01,2022,1517981,bbref,0.013503487110146423
toddis01,2022,1500000,bbref,0.013343533723557564
tollian01,2022,0,bbref,0.0
toppiob01,2022,5105160,bbref,0.04541391641610475
toscaju01,2022,1701593,bbref,0.015136842386179657
townska01,2022,31650600,bbref,0.281553898980554
trentga02,2022,16000000,bbref,0.142331026384614
tuckepj01,2022,7000000,bbref,0.06226982404326863
tuckera01,2022,95930,bbref,0.0008533634600672514
turnemy01,2022,17500000,bbref,0.15567456010817157
valanjo01,2022,14000000,bbref,0.12453964808653727
valende01,2022,902801,bbref,0.008031037059440995
vandeja01,2022,4000000,bbref,0.0355827565961535
vanvlfr01,2022,19675926,bbref,0.17503092141548204
vassede01,2022,4235160,bbref,0.03767466685644137
vildolu01,2022,42789,bbref,0.0003806376429982031
vincega01,2022,1669178,bbref,0.014848488622413579
vucevni01,2022,24000000,bbref,0.21349653957692102
wadede01,2022,1782621,bbref,0.01585764228654794
wagnefr01,2022,5007840,bbref,0.04454818794812034
wagnemo01,2022,1729217,bbref,0.015382576903232694
wainris01,2022,250000,bbref,0.002223922287259594
walkeke02,2022,26238422,bbref,0.2334088458732898
walkelo01,2022,4447896,bbref,0.0395671001832512
walkemj01,2022,53176,bbref,0.0004730371661892647
wallaty01,2022,191860,bbref,0.0017067269201345029
walljo01,2022,44310840,bbref,0.39417545857277564
waltode01,2022,95930,bbref,0.0008533634600672514
wanambr01,2022,715538,bbref,0.006365203622324621
warretj01,2022,12690000,bbref,0.11288629530129698
washidu02,2022,950000,bbref,0.008450904691586457
washipj01,2022,4215120,bbref,0.03749639724589464
watanyu01,2022,1762796,bbref,0.01568128524916825
waterli01,2022,0,bbref,0.0
watertr01,2022,95930,bbref,0.0008533634600672514
watfotr01,2022,436482,bbref,0.0038828081911505686
watsopa01,2022,0,bbref,0.0
weathqu01,2022,95930,bbref,0.0008533634600672514
westbru01,2022,44211146,bbref,0.3932886117387514
whiteco01,2022,5837760,bbref,0.05193089828669027
whitede01,2022,15178571,bbref,0.13502384934260858
whiteha01,2022,2401537,bbref,0.021363326631914176
wieskjo01,2022,202068,bbref,0.0017975341149678865
wiggiaa01,2022,1000000,bbref,0.008895689149038375
wiggian01,2022,31579390,bbref,0.280920436956251
wiggili01,2022,0,bbref,0.0
willibr03,2022,53176,bbref,0.0004730371661892647
willigr01,2022,2617800,bbref,0.02328713505435266
willike04,2022,2000000,bbref,0.01779137829807675
willilo02,2022,5000000,bbref,0.04447844574519188
willipa01,2022,7422000,bbref,0.06602380486416283
williro04,2022,3661976,bbref,0.032575800167238954
willitr02,2022,122741,bbref,0.0010918657818421193
willizi01,2022,10733400,bbref,0.09548098991228851
willizi02,2022,4373160,bbref,0.038902271959008666
wilsodj01,2022,308493,bbref,0.0027442578326542957
windldy01,2022,2239200,bbref,0.01991922714252673
winslju01,2022,3902439,bbref,0.03471488426708417
winstca01,2022,0,bbref,0.0
wisemja01,2022,9166800,bbref,0.08154500329140499
woodaro01,2022,1517981,bbref,0.013503487110146423
woodch01,2022,13666667,bbref,0.12157442133542086
wrighde01,2022,8526316,bbref,0.07584745672247228
wrighmc01,2022,0,bbref,0.0
wrighmo01,2022,53176,bbref,0.0004730371661892647
yabusgu01,2022,1039080,bbref,0.009243332680982796
yorkga01,2022,0,bbref,0.0
youngth01,2022,14190000,bbref,0.12622982902485455
youngtr01,2022,8326471,bbref,0.07406969772448271
yurtsom01,2022,1489065,bbref,0.01324625936271283
zelleco01,2022,2389641,bbref,0.021257503513797214
zubaciv01,2022,7518518,bbref,0.06688239898944971
achiupr01,2023,2840160,bbref,0.022968420201366704
adamsst01,2023,17926829,bbref,0.14497455824673486
adebaba01,2023,30351780,bbref,0.245455339452509
agbajoc01,2023,3918360,bbref,0.03168784117099996
aldamsa01,2023,2094120,bbref,0.016935182564392866
alexani01,2023,5009633,bbref,0.040512983704662164
allengr01,2023,8500000,bbref,0.0687396385103716
allenja01,2023,20000000,bbref,0.16174032590675672
alvarjo01,2023,1563518,bbref,0.012644195544054021
anderky01,2023,8780488,bbref,0.07100794953701832
antetgi01,2023,42492492,bbref,0.34363747523351257
antetth01,2023,1878720,bbref,0.015193239254377098
anthoco01,2023,3613680,bbref,0.029223889046136427
anunoog01,2023,17357143,bbref,0.14036749828150905
arcidry01,2023,1836090,bbref,0.014848489749706846
augusdj01,2023,333333,bbref,0.0026956694027738468
avdijde01,2023,4916160,bbref,0.03975706603048805
aytonde01,2023,30913750,bbref,0.25
azubuud01,2023,2174880,bbref,0.01758829000040435
baglema01,2023,12500000,bbref,0.10108770369172294
baldwpa01,2023,2226000,bbref,0.01800169827342202
ballla01,2023,8623920,bbref,0.06974178156968987
balllo01,2023,19534884,bbref,0.15797892523553436
bambamo01,2023,10300000,bbref,0.0832962678419797
banchpa01,2023,11055120,bbref,0.08940293558691521
banede01,2023,2130240,bbref,0.01722728559298047
bantoda01,2023,1563518,bbref,0.012644195544054021
barlodo01,2023,508891,github,0.004115409809550766
barneha02,2023,18352273,bbref,0.14841513080748858
barnesc01,2023,7644600,bbref,0.06182200477133962
barrerj01,2023,10900635,bbref,0.08815361287452994
bartowi01,2023,14375000,bbref,0.11625085924548138
bassech01,2023,2600000,bbref,0.02102624236787837
bateske01,2023,1878720,bbref,0.015193239254377098
batumni01,2023,10843350,bbref,0.08769034814605152
bazleda01,2023,4264629,bbref,0.0344881242165703
bealbr01,2023,43279250,bbref,0.35
beaslma01,2023,15558035,bbref,0.12581808256843638
beaucma01,2023,2485200,bbref,0.02009785289717359
bertada01,2023,16000000,bbref,0.12939226072540536
beverpa01,2023,13000000,bbref,0.10513121183939185
beysa01,2023,2959080,bbref,0.023930128179208282
birchkh01,2023,6667500,bbref,0.05392018114916502
bitadgo01,2023,4765339,bbref,0.038537374145808906
biyombi01,2023,1836090,bbref,0.014848489749706846
bledser01,2023,1300000,bbref,0.010513121183939185
boehebu01,2023,508891,github,0.004115409809550766
bogdabo01,2023,18000000,bbref,0.14556629331608104
bogdabo02,2023,19550000,bbref,0.15810116857385467
bolbo01,2023,2200000,bbref,0.01779143584974324
bolmale01,2023,2471160,bbref,0.019984311188387043
bookede01,2023,33833400,bbref,0.2736112571266831
bostobr01,2023,1563518,bbref,0.012644195544054021
bouchch01,2023,12690000,bbref,0.10262423678783712
bouknja01,2023,4362240,bbref,0.03527750596417452
bouyeja01,2023,58493,bbref,0.000473033844163196
bradlto01,2023,2036318,bbref,0.01646773684848975
branhma01,2023,2925600,bbref,0.02365937487364037
brantja01,2023,105522,bbref,0.0008533581335166391
braunch01,2023,2808600,bbref,0.022713193967085845
bridgmi01,2023,20100000,bbref,0.1625490275362905
brissos01,2023,1846738,bbref,0.014934600299219603
brogdma01,2023,22600000,bbref,0.18276656827463508
brookar01,2023,50000,bbref,0.00040435081476689175
brookdi01,2023,11400000,bbref,0.09219198576685132
brownbr01,2023,6479000,bbref,0.052395778577493834
browngr01,2023,1563518,bbref,0.012644195544054021
brownja02,2023,28741071,bbref,0.2324295095224617
brownke03,2023,508891,github,0.004115409809550766
brownmo01,2023,105522,bbref,0.0008533581335166391
brownst02,2023,3000000,bbref,0.024261048886013506
browntr01,2023,1836090,bbref,0.014848489749706846
brunsja01,2023,27733332,bbref,0.22427990780801424
bryanth01,2023,1836090,bbref,0.014848489749706846
bullore01,2023,10012800,bbref,0.08097367676195867
burketr01,2023,3423750,bbref,0.027687922041162914
burksal01,2023,10012800,bbref,0.08097367676195867
burtode02,2023,105522,bbref,0.0008533581335166391
butleja02,2023,1563518,bbref,0.012644195544054021
butleji01,2023,37653300,bbref,0.3045028506732441
butlejo01,2023,503041,github,0.00406810076422304
cainja01,2023,508891,github,0.004115409809550766
caldwke01,2023,14004703,bbref,0.11325626137236666
campafa01,2023,464299,bbref,0.0037547935789090615
cancavl01,2023,2234359,bbref,0.01806929764263475
capelca01,2023,18706897,bbref,0.15128298087420647
careyve01,2023,1782621,bbref,0.014416085075411427
carteje01,2023,3925000,bbref,0.031741538959201
cartemi01,2023,652829,bbref,0.005279438761069104
cartewe01,2023,14150000,bbref,0.11443128057903036
carusal01,2023,9030000,bbref,0.07302575714690066
caulewi01,2023,105522,bbref,0.0008533581335166391
champju01,2023,825000,bbref,0.006671788443653714
champju02,2023,508891,github,0.004115409809550766
chandke01,2023,1200000,bbref,0.009704419554405402
chrisjo01,2023,2372160,bbref,0.0191836965751486
chrisma01,2023,2193920,bbref,0.017742266790667583
chrisma02,2023,1017781,bbref,0.008230811532085236
clarkbr01,2023,4343920,bbref,0.03512935182564393
clarkjo01,2023,13340000,bbref,0.10788079737980671
claxtni01,2023,8500000,bbref,0.0687396385103716
coffeam01,2023,3395062,bbref,0.027455921717682262
collijo01,2023,23500000,bbref,0.1900448829404391
colliza01,2023,7350000,bbref,0.059439569770733086
comanch01,2023,5849,bbref,4.7300958311431e-05
conlemi01,2023,22680000,bbref,0.1834135295782621
connapa01,2023,5728393,bbref,0.04632560753709919
cooksxa01,2023,140384,bbref,0.0011352876956047067
covinro01,2023,12307692,bbref,0.09953250576199911
craigto01,2023,5121951,bbref,0.04142130120092192
crowdja01,2023,10183800,bbref,0.08235655654846144
culveja01,2023,260295,github,0.002105009906594962
cunnica01,2023,10552800,bbref,0.08534066556144111
curryse01,2023,8496653,bbref,0.0687125712668311
curryst01,2023,48070014,bbref,0.38874298653511785
daniedy01,2023,5508600,bbref,0.044548137964498
davisan02,2023,37980720,bbref,0.30715070154866364
davisjd01,2023,508891,github,0.004115409809550766
davisjo06,2023,4810320,bbref,0.038901136225789494
daviste02,2023,4000000,bbref,0.03234806518135134
daysda01,2023,508891,github,0.004115409809550766
dedmode01,2023,4700000,bbref,0.03800897658808783
dellama01,2023,1836090,bbref,0.014848489749706846
derozde01,2023,27300000,bbref,0.2207755448627229
diabamo01,2023,508891,github,0.004115409809550766
diakima01,2023,508891,github,0.004115409809550766
diallha01,2023,5200000,bbref,0.04205248473575674
dienggo01,2023,1836090,bbref,0.014848489749706846
diengou01,2023,4569840,bbref,0.03695637054708665
dinwisp01,2023,19500000,bbref,0.15769681775908778
divindo01,2023,4500000,bbref,0.03639157332902026
doncilu01,2023,37096500,bbref,0.3
dorsety01,2023,201802,github,0.0016319760624317657
dortlu01,2023,15277778,bbref,0.12355163964255388
dosunay01,2023,1563518,bbref,0.012644195544054021
dotsode01,2023,169630,github,0.001371800574178157
dowtije01,2023,508891,github,0.004115409809550766
doziepj01,2023,539450,bbref,0.004362540940519995
dragigo01,2023,1836090,bbref,0.014848489749706846
drumman01,2023,3200000,bbref,0.025878452145081072
duartch01,2023,3936960,bbref,0.03183825967409324
dukeda01,2023,28241,bbref,0.0002283854271966358
dunnkr01,2023,735819,bbref,0.005950580243419191
duranke01,2023,44119845,bbref,0.3567979054627795
durenja01,2023,4124280,bbref,0.03335311956653593
easonta01,2023,3359160,bbref,0.02716558165864704
edwaran01,2023,10733400,bbref,0.08680118070437912
edwarke02,2023,1637966,bbref,0.013246257733209333
elliske01,2023,508891,github,0.004115409809550766
embiijo01,2023,33616770,bbref,0.2718593667866241
eubandr01,2023,1836090,bbref,0.014848489749706846
favorde01,2023,10183800,bbref,0.08235655654846144
fernabr01,2023,2717391,bbref,0.021975585297804374
finnedo01,2023,12939848,bbref,0.10464476163519469
fittsma01,2023,555217,bbref,0.004490048926448587
flynnma01,2023,2145720,bbref,0.0173524726052323
fontesi01,2023,3205128,bbref,0.025919922364643563
forbebr01,2023,1836090,bbref,0.014848489749706846
forretr01,2023,508891,github,0.004115409809550766
fostemi02,2023,106288,github,0.0008595527879988678
fournev01,2023,18000000,bbref,0.14556629331608104
foxde01,2023,30351780,bbref,0.245455339452509
fultzma01,2023,16500000,bbref,0.1334357688730743
gabriwe01,2023,1878720,bbref,0.015193239254377098
gaffoda01,2023,1930681,bbref,0.015613448708099147
gallida01,2023,13000000,bbref,0.10513121183939185
garlada01,2023,8920795,bbref,0.07214261453236828
garubus01,2023,2471160,bbref,0.019984311188387043
garzalu01,2023,508891,github,0.004115409809550766
gayru01,2023,6184500,bbref,0.05001415227851684
georgpa01,2023,42492492,bbref,0.34363747523351257
gibsota01,2023,1836090,bbref,0.014848489749706846
giddejo01,2023,6287400,bbref,0.0508463062553071
gilgesh01,2023,30913750,bbref,0.25
gillan01,2023,1836090,bbref,0.014848489749706846
gilyaja01,2023,5849,github,4.7300958311431e-05
goberru01,2023,38172414,bbref,0.3087009340503821
goodwjo01,2023,900000,bbref,0.007278314665804052
gordoaa01,2023,19690909,bbref,0.15924070195301443
gordoer01,2023,19568360,bbref,0.15824964619303708
grahade01,2023,11550000,bbref,0.093405038211152
grantje01,2023,20955000,bbref,0.16946342646880433
grayra01,2023,5849,github,4.7300958311431e-05
greenaj01,2023,508891,github,0.004115409809550766
greenda02,2023,9710528,bbref,0.07852919817233432
greendr01,2023,25806468,bbref,0.2086973272411144
greenja01,2023,5571403,bbref,0.0450560268488941
greenja02,2023,1815677,bbref,0.014683409486070114
greenja05,2023,9441840,bbref,0.07635631393797258
greenje02,2023,4500000,bbref,0.03639157332902026
greenjo02,2023,3098400,bbref,0.025056811289474748
griffaj01,2023,3536160,bbref,0.02859698354292184
griffbl01,2023,1836090,bbref,0.014848489749706846
grimequ01,2023,2277000,bbref,0.018414136104484252
hachiru01,2023,6263188,bbref,0.050650503416764386
halibty01,2023,4215120,bbref,0.03408774412680442
halljo02,2023,175479,bbref,0.0014191015324895879
hamptrj01,2023,2412840,bbref,0.019512676398042942
hardati02,2023,19602273,bbref,0.15852390117666088
hardeja01,2023,33000000,bbref,0.2668715377461486
hardyja02,2023,1017781,bbref,0.008230811532085236
harklma01,2023,4564980,bbref,0.03691706764789131
harpero02,2023,508891,github,0.004115409809550766
harremo01,2023,2463490,bbref,0.019922283773401803
harriga01,2023,13000000,bbref,0.10513121183939185
harrijo01,2023,18642857,bbref,0.15076508835065303
harrike01,2023,508891,github,0.004115409809550766
harrish01,2023,105522,bbref,0.0008533581335166391
harrito02,2023,37633050,bbref,0.30433908859326353
harteis01,2023,7804879,bbref,0.06311818365614007
hartjo01,2023,12960000,bbref,0.10480773118757834
hasleud01,2023,1836090,bbref,0.014848489749706846
hausesa01,2023,1637966,bbref,0.013246257733209333
hayesja02,2023,6803012,bbref,0.055016068901378834
hayeski01,2023,5837760,bbref,0.0472100602482714
haywago01,2023,30075000,bbref,0.24321701508228538
hernaju01,2023,1836090,bbref,0.014848489749706846
hernawi01,2023,2443581,bbref,0.01976127936597792
herroty01,2023,5722116,bbref,0.04627484533581335
hieldbu01,2023,21177750,bbref,0.17126480934859084
highsha01,2023,1752638,bbref,0.014173612065828312
hillge01,2023,4000000,bbref,0.03234806518135134
hillma01,2023,508891,github,0.004115409809550766
holidaa01,2023,1836090,bbref,0.014848489749706846
holidjr01,2023,33665040,bbref,0.27224972706320005
holidju01,2023,6292440,bbref,0.05088706481743561
holmeri01,2023,11215260,bbref,0.09069799037645061
holmgch01,2023,9891240,bbref,0.0799906190610974
horfoal01,2023,26500000,bbref,0.21430593182645263
hortota01,2023,10260000,bbref,0.0829727871901662
houseda01,2023,4105000,bbref,0.03319720189236181
houstca01,2023,2000000,bbref,0.01617403259067567
hudgitr01,2023,508891,github,0.004115409809550766
huertke01,2023,14508929,bbref,0.11733394525089968
huffja01,2023,116986,github,0.000946067688326392
huntede01,2023,9835881,bbref,0.0795429299260038
hylanbo01,2023,2201520,bbref,0.01780372811451215
ibakase01,2023,1836090,bbref,0.014848489749706846
iguodan01,2023,1836090,bbref,0.014848489749706846
inglejo01,2023,6479000,bbref,0.052395778577493834
ingrabr01,2023,31650600,bbref,0.2559589179572197
irvinky01,2023,38917057,bbref,0.31472287412559136
isaacjo01,2023,17400000,bbref,0.14071408353887832
iveyja01,2023,7252200,bbref,0.058648659577049046
jacksde01,2023,92857,bbref,0.0007509360721361854
jacksfr01,2023,105522,bbref,0.0008533581335166391
jacksis01,2023,2573760,bbref,0.020814039060288708
jacksja02,2023,28946605,bbref,0.23409166632970765
jacksju01,2023,1836090,bbref,0.014848489749706846
jacksqu01,2023,169630,github,0.001371800574178157
jacksre01,2023,10876844,bbref,0.08796121466984756
jamesle01,2023,44474988,bbref,0.3596699526909547
jeffrda01,2023,300000,bbref,0.0024261048886013506
jeromty01,2023,4220057,bbref,0.0341276697262545
joeis01,2023,1836090,bbref,0.014848489749706846
johnsal02,2023,192293,bbref,0.0015550766244793984
johnsca02,2023,5887899,bbref,0.04761553515830334
johnsja01,2023,1836090,bbref,0.014848489749706846
johnsja05,2023,2792640,bbref,0.022584125187012253
johnske04,2023,3873025,bbref,0.03132121628725082
johnske07,2023,2681040,bbref,0.02168161416845255
johnsst04,2023,2351521,bbref,0.019016788645829123
jokicni01,2023,33047803,bbref,0.2672581213861146
jonesca03,2023,357717,bbref,0.0028928632081193645
jonesda03,2023,2298385,bbref,0.01858707694796005
jonesde02,2023,3200000,bbref,0.025878452145081072
joneshe01,2023,1785000,bbref,0.014435324087178035
joneska01,2023,2909040,bbref,0.023525453883789574
jonestr01,2023,1782621,bbref,0.014416085075411427
jonesty01,2023,15000000,bbref,0.12130524443006753
jordade01,2023,7827907,bbref,0.0633044114673891
josepco01,2023,5155500,bbref,0.04169261251061421
jovicni01,2023,2239920,bbref,0.018114269540253122
juzanjo01,2023,508891,github,0.004115409809550766
kabenmf01,2023,508891,github,0.004115409809550766
kaminfr01,2023,1836090,bbref,0.014848489749706846
keelstr01,2023,58493,bbref,0.000473033844163196
kennalu01,2023,14415545,bbref,0.11657874732117585
kesslwa01,2023,2696400,bbref,0.02180583073874894
keybr01,2023,201802,github,0.0016319760624317657
kinglo02,2023,307089,github,0.0024834337471190005
kispeco01,2023,3552840,bbref,0.028731874974728074
klebima01,2023,9000000,bbref,0.07278314665804052
knighna01,2023,1836090,bbref,0.014848489749706846
knoxke01,2023,3000000,bbref,0.024261048886013506
kolokch01,2023,1500000,bbref,0.012130524443006753
konchjo01,2023,2300000,bbref,0.01860013747927702
korkmfu01,2023,5000000,bbref,0.04043508147668918
kornelu01,2023,2133278,bbref,0.017251853948485708
krejcvi01,2023,1563518,bbref,0.012644195544054021
kuminjo01,2023,5739840,bbref,0.04641817961263192
kuzmaky01,2023,13000000,bbref,0.10513121183939185
lamban01,2023,253254,bbref,0.0020480692248594883
landajo01,2023,1563518,bbref,0.012644195544054021
langfro01,2023,5634257,bbref,0.045564328171121264
laravja01,2023,3047640,bbref,0.0246463143423234
lavinza01,2023,37096500,bbref,0.3
lawsoaj01,2023,307089,github,0.0024834337471190005
leeda03,2023,1836090,bbref,0.014848489749706846
leesa01,2023,1752638,bbref,0.014173612065828312
lenal01,2023,3918600,bbref,0.03168978205491084
leonaka01,2023,42492492,bbref,0.34363747523351257
leoname01,2023,284911,bbref,0.002304079899720998
leverca01,2023,18796296,bbref,0.15200595204399336
lewiski01,2023,4004280,bbref,0.03238267761109539
lillada01,2023,42492492,bbref,0.34363747523351257
littlna01,2023,4171548,bbref,0.033735376652783956
liveris01,2023,1563518,bbref,0.012644195544054021
loftoke01,2023,1000000,bbref,0.008087016295337835
looneke01,2023,8000000,bbref,0.06469613036270268
lopezbr01,2023,13906976,bbref,0.11246594153087218
lopezro01,2023,1836090,bbref,0.014848489749706846
louzama01,2023,268032,bbref,0.0021675791516719907
loveke01,2023,27442830,bbref,0.221930613400186
lowryky01,2023,28333334,bbref,0.2291321337592495
lylestr01,2023,2625000,bbref,0.021228417775261816
maledth01,2023,1900000,bbref,0.015365330961141887
mamuksa01,2023,357717,bbref,0.0028928632081193645
mannte01,2023,1930681,bbref,0.015613448708099147
manntr01,2023,3046200,bbref,0.024634669038858113
marjabo01,2023,3500000,bbref,0.028304557033682422
markkla01,2023,16475454,bbref,0.13323726497108893
marshna01,2023,1782621,bbref,0.014416085075411427
martica02,2023,6479000,bbref,0.052395778577493834
martico01,2023,7000000,bbref,0.056609114067364845
martike04,2023,1782621,bbref,0.014416085075411427
martity01,2023,1017781,bbref,0.008230811532085236
mathega01,2023,2000000,bbref,0.01617403259067567
mathube01,2023,6586800,bbref,0.05326755893413125
matthwe02,2023,1836090,bbref,0.014848489749706846
maxeyty01,2023,2726880,bbref,0.022052322995430834
mayssk01,2023,105522,bbref,0.0008533581335166391
mcbrimi01,2023,1563518,bbref,0.012644195544054021
mccluma01,2023,160856,github,0.0013008450932028629
mccolcj01,2023,33333333,bbref,0.2695672071489224
mccontj01,2023,8100000,bbref,0.06550483199223646
mcdanja01,2023,1930681,bbref,0.015613448708099147
mcdanja02,2023,2161440,bbref,0.01747960050139501
mcderdo01,2023,13750000,bbref,0.11119647406089524
mcgeeja01,2023,5461219,bbref,0.0441649670454086
mcgowbr01,2023,1075000,bbref,0.008693542517488172
mcgruro01,2023,1836090,bbref,0.014848489749706846
mclaujo01,2023,2160000,bbref,0.017467955197929725
meltode01,2023,8250000,bbref,0.06671788443653714
merrisa01,2023,850000,bbref,0.0068739638510371594
metuch01,2023,1910860,bbref,0.015453155958109255
middlkh01,2023,37948276,bbref,0.30688832639197766
millspa02,2023,6479000,bbref,0.052395778577493834
miltosh01,2023,1997718,bbref,0.01615557801948971
minayju01,2023,35096,bbref,0.00028382192390117667
minotjo01,2023,1017781,bbref,0.008230811532085236
mitchda01,2023,4833600,bbref,0.03908940196514496
mitchdo01,2023,30913750,bbref,0.25
mobleev01,2023,8478720,bbref,0.06856754680360681
mobleis01,2023,508891,github,0.004115409809550766
monekch01,2023,500000,bbref,0.004043508147668917
monkma01,2023,9472219,bbref,0.07660198940600865
moodymo01,2023,3740160,bbref,0.030246734867170756
moonxa01,2023,116986,github,0.000946067688326392
moorewe01,2023,2306520,bbref,0.018652864825522624
moranja01,2023,12119440,bbref,0.09801010877036917
morgaju01,2023,576230,bbref,0.00465998139986252
morrima02,2023,1836090,bbref,0.014848489749706846
morrima03,2023,16372093,bbref,0.1324013828797865
morrimo01,2023,9125000,bbref,0.07379402369495774
murphtr02,2023,3206520,bbref,0.025931179491326676
murrade01,2023,16571120,bbref,0.1340109174719987
murraja01,2023,31650600,bbref,0.2559589179572197
murrake02,2023,8008440,bbref,0.06476438478023533
muscami01,2023,3500000,bbref,0.028304557033682422
mykhasv01,2023,1878720,bbref,0.015193239254377098
nancela02,2023,9672727,bbref,0.07822350086935426
nembhan01,2023,2244111,bbref,0.018148162225546886
nesmiaa01,2023,3804360,bbref,0.030765921313331446
netora01,2023,1836090,bbref,0.014848489749706846
niangge01,2023,3465000,bbref,0.028021511463345597
nichoan01,2023,2844430,bbref,0.0230029517609478
nixda01,2023,1563518,bbref,0.012644195544054021
nnajize01,2023,2617800,bbref,0.021170191257935386
noelne01,2023,9240000,bbref,0.0747240305689216
nowelja01,2023,1930681,bbref,0.015613448708099147
ntilila01,2023,2036318,bbref,0.01646773684848975
nunnke01,2023,5250000,bbref,0.04245683555052363
nurkiju01,2023,15625000,bbref,0.12635962961465366
nwabada01,2023,5022000,bbref,0.040612995835186606
nworajo01,2023,2800000,bbref,0.022643645626945937
okekech01,2023,3433320,bbref,0.027765314787109297
okogijo01,2023,1836090,bbref,0.014848489749706846
okongon01,2023,6395160,bbref,0.05171776313129271
okorois01,2023,7040880,bbref,0.056939711293518255
okpalkz01,2023,1902133,bbref,0.015382580566899843
oladivi01,2023,8750000,bbref,0.07076139258420605
olynyke01,2023,12804878,bbref,0.10355325704581295
omorueu01,2023,555402,bbref,0.004491545024463224
onealro01,2023,9200000,bbref,0.07440054991710808
osmande01,2023,7426088,bbref,0.060054894666612756
oubreke01,2023,12600000,bbref,0.10189640532125673
paulch01,2023,28400000,bbref,0.2296712627875945
payneca01,2023,6000000,bbref,0.04852209777202701
paytoga02,2023,8300000,bbref,0.06712223525130404
pinsoth01,2023,1836090,bbref,0.014848489749706846
plumlma01,2023,9080417,bbref,0.0734334802474627
poeltja01,2023,9398148,bbref,0.07600297602199668
pokusal01,2023,3261480,bbref,0.02637564190691844
poolejo01,2023,3901399,bbref,0.03155067728761474
porteke02,2023,3217631,bbref,0.026021034329384175
portemi01,2023,30913750,bbref,0.25
porteot01,2023,6000000,bbref,0.04852209777202701
portibo01,2023,10843350,bbref,0.08769034814605152
porzikr01,2023,33833400,bbref,0.2736112571266831
pottemi01,2023,508891,github,0.004115409809550766
poweldw01,2023,11080125,bbref,0.08960515142938014
powelno01,2023,16758621,bbref,0.13552724111439085
prestja01,2023,1563518,bbref,0.012644195544054021
primojo01,2023,4144320,bbref,0.0335151833730945
princta02,2023,7295000,bbref,0.058994783874489504
pritcpa01,2023,2239200,bbref,0.01810844688852048
queentr01,2023,330000,bbref,0.0026687153774614856
quetane01,2023,508891,github,0.004115409809550766
quickim01,2023,2316240,bbref,0.018731470623913307
quinole01,2023,58493,bbref,0.000473033844163196
randlju01,2023,23760000,bbref,0.19214750717722695
reaveau01,2023,1563518,bbref,0.012644195544054021
reddica01,2023,5954454,bbref,0.04815376652783955
reedda01,2023,1902133,bbref,0.015382580566899843
reedpa01,2023,1782621,bbref,0.014416085075411427
reidna01,2023,1930681,bbref,0.015613448708099147
rhodeja01,2023,307089,github,0.0024834337471190005
richajo01,2023,12196094,bbref,0.098630010917472
richani01,2023,1782621,bbref,0.014416085075411427
riverau01,2023,1836090,bbref,0.014848489749706846
robindu01,2023,16902000,bbref,0.1366867494238001
robinje02,2023,2000000,bbref,0.01617403259067567
robinmi01,2023,17045454,bbref,0.1378468642594315
robinor01,2023,386055,github,0.003122033075896648
robyis01,2023,1930681,bbref,0.015613448708099147
roddyda01,2023,2588640,bbref,0.020934373862763332
rolliry01,2023,1017781,bbref,0.008230811532085236
rosede01,2023,14520730,bbref,0.11742938013020096
rosste01,2023,10581484,bbref,0.08557263353685658
roziete01,2023,21486316,bbref,0.17376018761877804
rubiori01,2023,5853659,bbref,0.04733863572035098
russeda01,2023,31377750,bbref,0.25375237556103675
ryanma01,2023,442439,bbref,0.0035780114026929765
sabondo01,2023,18500000,bbref,0.14960980146374994
samanlu01,2023,432795,bbref,0.0035000202175407384
saricda01,2023,9240000,bbref,0.0747240305689216
sarrol01,2023,166706,github,0.0013481541385305892
schakjo01,2023,96514,github,0.0007805102907282359
schofad01,2023,506508,bbref,0.0040961384497189765
schrode01,2023,1836090,bbref,0.014848489749706846
scrubja01,2023,49719,github,0.00040207836318790184
seabrde01,2023,511816,github,0.0041390643322146295
sengual01,2023,3375360,bbref,0.027296591322631514
sextoco01,2023,16500000,bbref,0.1334357688730743
shamela01,2023,9500000,bbref,0.07682665480570944
sharpda01,2023,2109480,bbref,0.017059399134689256
sharpsh01,2023,6012960,bbref,0.048626905503214586
siakapa01,2023,35448672,bbref,0.28667398811208605
silvach01,2023,105522,bbref,0.0008533581335166391
simmobe01,2023,35448672,bbref,0.28667398811208605
simmoko01,2023,32795,bbref,0.0002652136994056043
simonan01,2023,22321429,bbref,0.18051376005822653
simonma01,2023,1563518,bbref,0.012644195544054021
simsje01,2023,1639842,bbref,0.013261428975779387
singlky01,2023,999200,bbref,0.008080546682301565
smartma01,2023,17457142,bbref,0.14117619182402652
smithde03,2023,1836090,bbref,0.014848489749706846
smithdr01,2023,251521,github,0.0020340544256196675
smithis01,2023,4725000,bbref,0.038211151995471274
smithja04,2023,4670160,bbref,0.037767660021834945
smithja05,2023,8882640,bbref,0.07183405442561967
sneedxa01,2023,94136,bbref,0.0007612793659779225
sochaje01,2023,5063520,bbref,0.04094876875176903
sprinja01,2023,2125200,bbref,0.017186527030851967
stausni01,2023,702311,bbref,0.0056796005013950105
stevela01,2023,1782621,bbref,0.014416085075411427
stewadj01,2023,50000,bbref,0.00040435081476689175
stewais01,2023,3433320,bbref,0.027765314787109297
strusma01,2023,1815677,bbref,0.014683409486070114
suggsja01,2023,6922320,bbref,0.055980914641543006
sumneed01,2023,1968175,bbref,0.015916663297076545
swideco01,2023,508891,github,0.004115409809550766
tateja01,2023,7065217,bbref,0.0571365250090979
tatumja01,2023,30351780,bbref,0.245455339452509
taylote01,2023,1563518,bbref,0.012644195544054021
templga01,2023,5155500,bbref,0.04169261251061421
terryda01,2023,3191400,bbref,0.025808903804941167
theisda01,2023,8694369,bbref,0.07031150378068012
thomaca02,2023,2138160,bbref,0.017291334762039545
thompkl01,2023,40600080,bbref,0.32833350855201976
thomptr01,2023,10552,bbref,8.533419594840483e-05
thorjt01,2023,1563518,bbref,0.012644195544054021
thybuma01,2023,4379527,bbref,0.035417306214872026
tilliki02,2023,1901625,bbref,0.01537847236262181
tillmxa01,2023,1782621,bbref,0.014416085075411427
toddis01,2023,1575000,bbref,0.01273705066515709
toppiob01,2023,5348280,bbref,0.043251627512029434
toscaju01,2023,1836090,bbref,0.014848489749706846
townska01,2023,33833400,bbref,0.2736112571266831
trentga02,2023,17505000,bbref,0.1415632202498888
tuckepj01,2023,10490000,bbref,0.0848328009380939
turnemy01,2023,35069500,bbref,0.2836076179693502
umudest01,2023,58493,bbref,0.000473033844163196
valanjo01,2023,14700000,bbref,0.11887913954146617
vandeja01,2023,4374000,bbref,0.03537260927580769
vanvlfr01,2023,21250000,bbref,0.171849096275929
vassede01,2023,4437000,bbref,0.035882091302413974
vincega01,2023,1815677,bbref,0.014683409486070114
vonleno01,2023,1160955,bbref,0.009388662003153936
vucevni01,2023,22000000,bbref,0.17791435849743237
wadede01,2023,1930681,bbref,0.015613448708099147
wagnefr01,2023,5258280,bbref,0.04252379604544903
wagnemo01,2023,1878720,bbref,0.015193239254377098
wainris01,2023,474851,bbref,0.0038401277748574664
walkeja01,2023,1017781,bbref,0.008230811532085236
walkeke02,2023,27431078,bbref,0.2218355747846832
walkelo01,2023,6479000,bbref,0.052395778577493834
walljo01,2023,40866760,bbref,0.3304901540576604
warretj01,2023,1836090,bbref,0.014848489749706846
washidu02,2023,508891,github,0.004115409809550766
washipj01,2023,5808435,bbref,0.046972908495410616
washity02,2023,2210040,bbref,0.01787262949334843
watanyu01,2023,1836090,bbref,0.014848489749706846
waterli01,2023,1927896,bbref,0.015590926367716631
watfotr01,2023,1563518,bbref,0.012644195544054021
watsope01,2023,2193960,bbref,0.017742590271319397
weslebl01,2023,2385480,bbref,0.019291415632202498
westbru01,2023,46295265,bbref,0.3743905624519833
whiteco01,2023,7413955,bbref,0.05995677489790142
whitede01,2023,16892857,bbref,0.13661280983381183
whiteja03,2023,508891,github,0.004115409809550766
wieskjo01,2023,2175000,bbref,0.01758926044235979
wiggiaa01,2023,1563518,bbref,0.012644195544054021
wiggian01,2023,33616770,bbref,0.2718593667866241
wiggili01,2023,99438,github,0.0008041567263758037
willial06,2023,254446,github,0.002057708948283531
willido02,2023,239822,github,0.0019394444219805102
willigr01,2023,4306281,bbref,0.034824964619303705
willija06,2023,4341480,bbref,0.0351096195058833
willija07,2023,2000000,bbref,0.01617403259067567
willije02,2023,52644,bbref,0.000425732885851765
willike04,2023,2000000,bbref,0.01617403259067567
willima07,2023,3722040,bbref,0.030100198131899236
willipa01,2023,7775400,bbref,0.0628797865027698
williro04,2023,10937502,bbref,0.08845175690429016
willitr02,2023,122741,bbref,0.0009926084671060612
willivi01,2023,508891,github,0.004115409809550766
willizi01,2023,13534817,bbref,0.10945628563341556
willizi02,2023,4591680,bbref,0.03713299098297683
wilsodj01,2023,250000,bbref,0.0020217540738344587
windldy01,2023,4037278,bbref,0.032649532974808944
winslju01,2023,4097561,bbref,0.0331370425781408
wisemja01,2023,9603360,bbref,0.07766252880999555
woodaro01,2023,300000,bbref,0.0024261048886013506
woodch01,2023,14317459,bbref,0.11578552424083134
wrighde01,2023,7804878,bbref,0.06311817556912377
wrighmc01,2023,508891,github,0.004115409809550766
yorkga01,2023,32171,github,0.0002601674012373135
youngth01,2023,8000000,bbref,0.06469613036270268
youngtr01,2023,37096500,bbref,0.3
yurtsom01,2023,1752638,bbref,0.014173612065828312
zelleco01,2023,517060,bbref,0.004181472645667381
zubaciv01,2023,10123457,bbref,0.08186856172415187
achiupr01,2024,4379527,bbref,0.03219743274935488
adamsst01,2024,12600000,bbref,0.0926327552363238
adebaba01,2024,32600060,bbref,0.23966931576741826
agbajoc01,2024,4114200,bbref,0.030246800126451062
aldamsa01,2024,2194200,bbref,0.016131332661868388
alexani01,2024,4687500,bbref,0.0344615904897038
allengr01,2024,8925000,bbref,0.06561486829239603
allenja01,2024,20000000,bbref,0.1470361194227362
allenti01,2024,57908,bbref,0.0004257283801765904
alvarjo01,2024,1836096,bbref,0.013498621536380411
anderky01,2024,9219512,bbref,0.06778006337256746
antetgi01,2024,45640084,bbref,0.33553704207438556
antetth01,2024,2019706,bbref,0.01484848663074084
anthoco01,2024,5539771,bbref,0.04072732151653054
anunoog01,2024,18642857,bbref,0.13705866741164968
arcidry01,2024,2019706,bbref,0.01484848663074084
avdijde01,2024,6263188,bbref,0.04604574293675241
aytonde01,2024,32459438,bbref,0.23863549010814505
azubuud01,2024,559782,github,0.004115408650134906
badjiib01,2024,466485,github,0.0034295072084457546
baglema01,2024,12500000,bbref,0.09189757463921013
baileam01,2024,559782,github,0.004115408650134906
baldwpa01,2024,2337720,bbref,0.017186463854845943
ballla01,2024,10900635,bbref,0.0801393534821829
balllo01,2024,20465117,bbref,0.15045556936061344
bambamo01,2024,2019706,bbref,0.01484848663074084
banchpa01,2024,11608080,bbref,0.08534035185743379
banede01,2024,3845083,bbref,0.028268304158916638
bantoda01,2024,2019706,bbref,0.01484848663074084
barlodo01,2024,455620,bbref,0.003349629836569353
barneha02,2024,17000000,bbref,0.12498070150932576
barnesc01,2024,8008680,bbref,0.058878261444923946
barrerj01,2024,23883929,bbref,0.1755900118364076
bassech01,2024,2600000,bbref,0.019114695524955705
batesem01,2024,559782,github,0.004115408650134906
bateske01,2024,2346614,bbref,0.017251850817153233
batumni01,2024,11710818,bbref,0.08609566169929643
bazleda01,2024,500000,bbref,0.003675902985568405
bealbr01,2024,46741590,bbref,0.3436351004624286
beaslma01,2024,2019706,bbref,0.01484848663074084
beaucma01,2024,2609400,bbref,0.019183802501084393
bernaju01,2024,415011,github,0.0030510803478874587
bertada01,2024,17000000,bbref,0.12498070150932576
beverpa01,2024,2019706,bbref,0.01484848663074084
beysa01,2024,4556983,bbref,0.03350205482976893
birchkh01,2024,6985000,bbref,0.051352364708390615
bitadgo01,2024,2066585,bbref,0.015193131942861765
bitimon01,2024,500000,bbref,0.003675902985568405
biyombi01,2024,5000000,bbref,0.03675902985568405
blackan01,2024,7245480,bbref,0.053267363127752335
blackle01,2024,559782,github,0.004115408650134906
bledser01,2024,1300000,bbref,0.009557347762477852
boehebu01,2024,167291,github,0.001229890972717448
bogdabo01,2024,18700000,bbref,0.13747877166025835
bogdabo02,2024,20000000,bbref,0.1470361194227362
bolbo01,2024,2019706,bbref,0.01484848663074084
boldema01,2024,116075,bbref,0.0008533608780997052
bookede01,2024,36016200,bbref,0.2647841142176576
bostobr01,2024,1836096,bbref,0.013498621536380411
bouchch01,2024,11750000,bbref,0.08638372016085752
bouknja01,2024,4570080,bbref,0.03359834143257291
bouyeja01,2024,141554,github,0.0010406775424383
branhma01,2024,3071880,bbref,0.022583865726615745
braunch01,2024,2949120,bbref,0.02168135802559899
bridgmi01,2024,21700000,bbref,0.15953418957366877
bridgmi02,2024,7921300,bbref,0.05823586063916601
brissos01,2024,2165000,bbref,0.015916659927511193
brockiz01,2024,64343,bbref,0.00047303725160085575
brogdma01,2024,22500000,bbref,0.1654156343505782
brookar01,2024,241285,github,0.0017738805037457452
brookdi01,2024,22627671,bbref,0.16635424677071922
brownbr01,2024,22000000,bbref,0.16173973136500983
brownch02,2024,559782,github,0.004115408650134906
browngr01,2024,559782,github,0.004115408650134906
brownja02,2024,31830357,bbref,0.23401060865601636
brownke03,2024,1100000,bbref,0.008086986568250491
brownko01,2024,2413320,bbref,0.017742260386263885
brownmo01,2024,2019706,bbref,0.01484848663074084
browntr01,2024,4000000,bbref,0.02940722388454724
brunsja01,2024,26346666,bbref,0.19369557641834717
bryanth01,2024,2528233,bbref,0.01858707846582513
bufkiko01,2024,4094280,bbref,0.030100352151506016
bullore01,2024,11014080,bbref,0.08097337911057852
burksal01,2024,10489600,bbref,0.07711750391483668
butleja02,2024,1250000,bbref,0.009189757463921013
butleji01,2024,45183960,bbref,0.3321837069276068
cainja01,2024,559782,github,0.004115408650134906
caldwke01,2024,14704938,bbref,0.10810785099359657
camarto01,2024,1119563,bbref,0.00823080994846384
cancavl01,2024,2234359,bbref,0.01642657383786327
capelca01,2024,20616000,bbref,0.15156483190095646
carteje01,2024,6190476,bbref,0.04551117842097911
cartewe01,2024,13050000,bbref,0.09594106792333537
cartodj01,2024,64343,bbref,0.00047303725160085575
carusal01,2024,9460000,bbref,0.06954808448695422
castlco01,2024,559782,github,0.004115408650134906
cazalma01,2024,559782,github,0.004115408650134906
champju01,2024,116075,bbref,0.0008533608780997052
champju02,2024,3000000,bbref,0.022055417913410428
chandke01,2024,1719864,bbref,0.012644106424743238
chrisjo01,2024,2485200,bbref,0.018270708199469198
chrisma02,2024,1719864,bbref,0.012644106424743238
cissosi01,2024,1119563,bbref,0.00823080994846384
clarkbr01,2024,12500000,bbref,0.09189757463921013
clarkjo01,2024,23487629,bbref,0.1726764911300461
claxtni01,2024,9625000,bbref,0.07076113247219179
clownno01,2024,3089520,bbref,0.022713551583946598
coffeam01,2024,3666667,bbref,0.026956624344770294
collijo01,2024,25340000,bbref,0.18629476330860675
colliza01,2024,7700000,bbref,0.056608905977753435
conlemi01,2024,24360000,bbref,0.1790899934568927
connapa01,2024,9423869,bbref,0.06928245638541107
cooksxa01,2024,1719864,bbref,0.012644106424743238
coopesh01,2024,103550,bbref,0.0007612795083112167
coulibi01,2024,6614280,bbref,0.04862690319877078
councri01,2024,864353,bbref,0.0063545555465700145
covinro01,2024,11692308,bbref,0.08595957977077069
craigto01,2024,2528233,bbref,0.01858707846582513
crowdja01,2024,2019706,bbref,0.01484848663074084
crutcja01,2024,64343,bbref,0.00047303725160085575
cunnica01,2024,11055360,bbref,0.08127686166106704
curryse01,2024,4000000,bbref,0.02940722388454724
curryst01,2024,51915615,bbref,0.3816735283522397
daniedy01,2024,5784120,bbref,0.042523727953771844
davisan02,2024,40600080,bbref,0.2984839105726322
davisjd01,2024,559782,github,0.004115408650134906
davisjo06,2024,5050800,bbref,0.0371325015990178
dedmode01,2024,2748674,bbref,0.0202077179259085
dennide01,2024,212331,github,0.00156101631365745
derozde01,2024,28600000,bbref,0.21026165077451275
diabamo01,2024,559782,github,0.004115408650134906
diakima01,2024,252525,bbref,0.0018565148028613229
diallha01,2024,116075,bbref,0.0008533608780997052
dickgr01,2024,4536720,bbref,0.03335308518537579
diengou01,2024,4798440,bbref,0.03527719984414171
dinwisp01,2024,20357143,bbref,0.14966176546268592
divindo01,2024,10900000,bbref,0.08013468508539123
doncilu01,2024,40064220,bbref,0.2945443718249388
dortlu01,2024,15277778,bbref,0.11231925952610258
dosunay01,2024,6481482,bbref,0.04765059806941575
dowtije01,2024,2196970,bbref,0.016151697164408438
drellhe01,2024,389274,github,0.0028618669176083103
drumman01,2024,3360000,bbref,0.02470206806301968
duartch01,2024,4124400,bbref,0.03032178854735666
dukeda01,2024,395708,github,0.002909168437226605
dunnkr01,2024,2586665,bbref,0.019016659192330598
duranke01,2024,47649433,bbref,0.35030938605068335
durenja01,2024,4330680,bbref,0.03183831908308276
easonta01,2024,3527160,bbref,0.02593099594915491
edwaran01,2024,13534817,bbref,0.099505348438844
edwarke02,2024,1927896,bbref,0.01417351732453077
elliske01,2024,683430,bbref,0.00502444475485403
embiijo01,2024,47607350,bbref,0.35
eubandr01,2024,2346614,bbref,0.017251850817153233
evbuoto01,2024,70777,bbref,0.00052033877121915
exumda01,2024,3000000,bbref,0.022055417913410428
fernabr01,2024,2581522,bbref,0.01897884885422104
finnedo01,2024,13932008,bbref,0.1024254196043258
fittsma01,2024,555217,bbref,0.004081847655876666
flaglad01,2024,205897,github,0.0015137147940391558
flynnma01,2024,3873025,bbref,0.028473728321362142
fontesi01,2024,3044872,bbref,0.02238530815094728
fordjo01,2024,559782,github,0.004115408650134906
forretr01,2024,533945,bbref,0.003925460039258644
fournev01,2024,18857143,bbref,0.1386340565059807
foxde01,2024,32600060,bbref,0.23966931576741826
freemja01,2024,289542,bbref,0.0021286566044948943
fudgeal01,2024,241285,github,0.0017738805037457452
fultzma01,2024,17000000,bbref,0.12498070150932576
funkan01,2024,160857,github,0.0011825894530991538
gabriwe01,2024,116075,bbref,0.0008533608780997052
gaffoda01,2024,12402000,bbref,0.09117709765403871
gallida01,2024,6802950,bbref,0.05001396843134516
garlada01,2024,34005250,bbref,0.25
garubus01,2024,2588400,bbref,0.019029414575690518
garzalu01,2024,127683,bbref,0.0009387006418126613
gateska01,2024,35389,github,0.00026017306151256055
gayru01,2024,6479000,bbref,0.04763235088699539
georgke01,2024,3889800,bbref,0.028597054866527964
georgpa01,2024,45640084,bbref,0.33553704207438556
gibsota01,2024,2019706,bbref,0.01484848663074084
giddejo01,2024,6587040,bbref,0.04842664000411701
gilesha01,2024,2019706,bbref,0.01484848663074084
gilgesh01,2024,33386850,bbref,0.245453643187449
gillan01,2024,1997238,bbref,0.01468330625418134
gilleco01,2024,559782,github,0.004115408650134906
gilyaja01,2024,559782,github,0.004115408650134906
goberru01,2024,41000000,bbref,0.3014240448166092
goodwjo01,2024,1927896,bbref,0.01417351732453077
gordoaa01,2024,22266182,bbref,0.16369664978201895
gordoer01,2024,3196448,bbref,0.023499665492828312
grahade01,2024,12100000,bbref,0.08895685225075539
grantje01,2024,27586207,bbref,0.20280844134361606
grayra01,2024,141554,github,0.0010406775424383
greenaj01,2024,1901769,bbref,0.013981436689922879
greenda02,2024,200000,bbref,0.001470361194227362
greendr01,2024,22321429,bbref,0.16410281500650634
greenja02,2024,127683,bbref,0.0009387006418126613
greenja05,2024,9891480,bbref,0.07272024172738033
greenje02,2024,9600000,bbref,0.07057733732291338
greenjo02,2024,4765339,bbref,0.03503384771469111
griffaj01,2024,3712920,bbref,0.027296667426353283
grimequ01,2024,2385720,bbref,0.01753935054146051
gueyemo01,2024,64343,bbref,0.00047303725160085575
gueyemo02,2024,1119563,bbref,0.00823080994846384
hachiru01,2024,15740741,bbref,0.115722873673918
haganas01,2024,103550,bbref,0.0007612795083112167
halibty01,2024,5808435,bbref,0.04270248711596004
hamptrj01,2024,116075,bbref,0.0008533608780997052
hardati02,2024,17897728,bbref,0.13158062358018247
hardeja01,2024,35680595,bbref,0.2623168113747142
hardyja02,2024,1719864,bbref,0.012644106424743238
harpero02,2024,147988,github,0.0010879790620565942
harremo01,2024,2019706,bbref,0.01484848663074084
harriga01,2024,13000000,bbref,0.09557347762477852
harrijo01,2024,19928571,bbref,0.14651098727402387
harrike01,2024,559782,github,0.004115408650134906
harrish01,2024,116075,bbref,0.0008533608780997052
harrito02,2024,39270150,bbref,0.2887065232574382
harteis01,2024,9245121,bbref,0.06796833577168232
hartjo01,2024,12960000,bbref,0.09527940538593306
hausesa01,2024,1927896,bbref,0.01417351732453077
hawkijo01,2024,4310160,bbref,0.03168746002455503
hayesja02,2024,2165000,bbref,0.015916659927511193
hayeski01,2024,7413955,bbref,0.0545059586387396
haywago01,2024,33319397,bbref,0.2449577418192779
hendesc01,2024,9770880,bbref,0.07183361392726123
hendrita01,2024,5569872,github,0.040948618228067724
hendrta01,2024,5569920,bbref,0.04094897111475434
herroty01,2024,27000000,bbref,0.19849876122069388
hieldbu01,2024,19845098,bbref,0.14589730997419517
highsha01,2024,1902137,bbref,0.013984142154520257
hillma01,2024,116075,bbref,0.0008533608780997052
hintona01,2024,559782,github,0.004115408650134906
hodgedm01,2024,241285,github,0.0017738805037457452
holidaa01,2024,2019706,bbref,0.01484848663074084
holidjr01,2024,36861707,bbref,0.27100011762889553
holidju01,2024,2019706,bbref,0.01484848663074084
holmeri01,2024,12046020,bbref,0.08856000176443343
holmgch01,2024,10386000,bbref,0.0763558568162269
hoodsja01,2024,3695040,bbref,0.027165217135589358
horfoal01,2024,10000000,bbref,0.0735180597113681
hortota01,2024,11020000,bbref,0.08101690180192764
houseda01,2024,4310250,bbref,0.03168812168709243
houstca01,2024,2000000,bbref,0.01470361194227362
howarje01,2024,5026800,bbref,0.036956058255710515
huertke01,2024,15669643,bbref,0.11520017497298211
huffja01,2024,559782,github,0.004115408650134906
huntede01,2024,20089286,bbref,0.14769253277067512
hurtma01,2024,64343,bbref,0.00047303725160085575
hylanbo01,2024,2306400,bbref,0.016956205291829937
inglejo01,2024,11000000,bbref,0.08086986568250491
ingrabr01,2024,33833400,bbref,0.24873659214386015
irvinky01,2024,37037037,bbref,0.27228910976981496
isaacjo01,2024,17400000,bbref,0.1279214238977805
iveyja01,2024,7614480,bbref,0.05598017953110181
jacksan01,2024,1119563,bbref,0.00823080994846384
jacksde01,2024,92857,bbref,0.0006826666470618508
jacksgg01,2024,1991428,bbref,0.014640592261489034
jacksis01,2024,2696280,bbref,0.019822527403856757
jacksja02,2024,27102202,bbref,0.19925013049455598
jacksju01,2024,116075,bbref,0.0008533608780997052
jacksqu01,2024,135120,github,0.0009933760228200057
jacksre01,2024,5000000,bbref,0.03675902985568405
jackstr02,2024,1119563,bbref,0.00823080994846384
jamesle01,2024,47607350,bbref,0.35
jaqueja01,2024,3510600,bbref,0.025809250042272885
jarrede01,2024,103550,bbref,0.0007612795083112167
jeffrda01,2024,831385,bbref,0.006112181207313576
jemistr01,2024,64343,bbref,0.00047303725160085575
jeromty01,2024,2439025,bbref,0.017931238558751957
joeis01,2024,1997238,bbref,0.01468330625418134
johnsca02,2024,25679348,bbref,0.1887895839613001
johnsja01,2024,2241188,bbref,0.016476779320840164
johnsja05,2024,2925360,bbref,0.021506679115724778
johnske04,2024,20000000,bbref,0.1470361194227362
johnske07,2024,2808720,bbref,0.02064916446725138
johnske08,2024,559782,github,0.004115408650134906
joineja01,2024,1119563,bbref,0.00823080994846384
jokicni01,2024,47607350,bbref,0.35
jonesco02,2024,2019706,bbref,0.01484848663074084
jonesda03,2024,2586665,bbref,0.019016659192330598
jonesde02,2024,3360000,bbref,0.02470206806301968
joneshe01,2024,12015150,bbref,0.08833305151410444
joneska01,2024,3047880,bbref,0.02240742238330846
jonesma05,2024,212331,github,0.00156101631365745
jonestr01,2024,9895833,bbref,0.0727522441387727
jonesty01,2024,14000000,bbref,0.10292528359591534
jordade01,2024,2019706,bbref,0.01484848663074084
josepco01,2024,2019706,bbref,0.01484848663074084
jovicni01,2024,2352000,bbref,0.017291447644113778
juzanjo01,2024,559782,github,0.004115408650134906
kennalu01,2024,14763636,bbref,0.10853938730049037
kesslwa01,2024,2831160,bbref,0.02081413899324369
keybr01,2024,559782,github,0.004115408650134906
kinseta02,2024,64343,bbref,0.00047303725160085575
kispeco01,2024,3722040,bbref,0.02736371589681005
klebima01,2024,11000000,bbref,0.08086986568250491
knoxke01,2024,1845593,bbref,0.013568441637688299
kolokch01,2024,1719864,bbref,0.012644106424743238
konchjo01,2024,2400000,bbref,0.017644334330728345
korkmfu01,2024,5370370,bbref,0.03948191823321399
kornelu01,2024,2413304,bbref,0.017742142757368348
krejcvi01,2024,369971,github,0.0027199550069474565
kuminjo01,2024,6012840,bbref,0.04420523301549026
kuzmaky01,2024,25568182,bbref,0.1879723130987127
landajo01,2024,8000000,bbref,0.05881444776909448
laravja01,2024,3199920,bbref,0.0235251909631601
lavinza01,2024,40064220,bbref,0.2945443718249388
lawsoaj01,2024,1000000,bbref,0.00735180597113681
leeda03,2024,2528233,bbref,0.01858707846582513
leesa01,2024,559782,github,0.004115408650134906
lenal01,2024,2019706,bbref,0.01484848663074084
leonaka01,2024,45640084,bbref,0.33553704207438556
leverca01,2024,15384616,bbref,0.1131047117724469
lewiski01,2024,5722116,bbref,0.042067886576337477
lewisma05,2024,1119563,bbref,0.00823080994846384
liddeej01,2024,1801769,bbref,0.0132462560928092
lillada01,2024,45640084,bbref,0.33553704207438556
littlna01,2024,6250000,bbref,0.04594878731960506
livelde01,2024,4775640,bbref,0.0351095786679998
liveris01,2024,1836096,bbref,0.013498621536380411
livinch01,2024,1119563,bbref,0.00823080994846384
loftoke01,2024,1719864,bbref,0.012644106424743238
looneke01,2024,7500000,bbref,0.055138544783526075
lopezbr01,2024,25000000,bbref,0.18379514927842025
lopezro01,2024,2019706,bbref,0.01484848663074084
louzama01,2024,268032,bbref,0.0019705192580557413
loveke01,2024,3835738,bbref,0.028199601532116366
lowryky01,2024,29682540,bbref,0.2182202748105072
lundyse01,2024,559782,github,0.004115408650134906
lylestr01,2024,8000000,bbref,0.05881444776909448
maledth01,2024,559782,github,0.004115408650134906
mamuksa01,2024,2019706,bbref,0.01484848663074084
mannte01,2024,10576923,bbref,0.07775948566765425
manntr01,2024,3191400,bbref,0.023462553576286016
marjabo01,2024,2019706,bbref,0.01484848663074084
markkla01,2024,17259999,bbref,0.12689216371001535
marshna01,2024,1930681,bbref,0.014193992104160388
martica02,2024,6802950,bbref,0.05001396843134516
martico01,2024,7560000,bbref,0.055579653141794284
martike04,2024,1930681,bbref,0.014193992104160388
mathega01,2024,2000000,bbref,0.01470361194227362
mathube01,2024,6916080,bbref,0.050845678240859865
matthwe02,2024,2019706,bbref,0.01484848663074084
maxeyty01,2024,4343920,bbref,0.03193565699414061
mayssk01,2024,1799163,bbref,0.013227097286448415
mcbrimi01,2024,1836096,bbref,0.013498621536380411
mccolcj01,2024,35802469,bbref,0.2632128053756405
mccontj01,2024,8700000,bbref,0.06396071194889025
mcdanja01,2024,4516000,bbref,0.03320075576565383
mcdanja02,2024,3901399,bbref,0.02868232846398718
mcderdo01,2024,13750000,bbref,0.10108733210313113
mcgeeja01,2024,2348324,bbref,0.01726442240536388
mcgowbr01,2024,1719864,bbref,0.012644106424743238
mclaujo01,2024,2320000,bbref,0.017056189853037397
meltode01,2024,8000000,bbref,0.05881444776909448
mensana01,2024,395708,github,0.002909168437226605
merrisa01,2024,1997238,bbref,0.01468330625418134
metuch01,2024,2019706,bbref,0.01484848663074084
micicva01,2024,7723000,bbref,0.05677799751508958
middlkh01,2024,29320988,bbref,0.21556221465803074
millebr02,2024,10880400,bbref,0.07999058968835694
millejo02,2024,559782,github,0.004115408650134906
millele01,2024,1800000,bbref,0.013233250748046257
millspa02,2024,6802950,bbref,0.05001396843134516
miltosh01,2024,5000000,bbref,0.03675902985568405
minayju01,2024,559782,github,0.004115408650134906
minotjo01,2024,1719864,bbref,0.012644106424743238
mitchda01,2024,5063640,bbref,0.037226898787687195
mitchdo01,2024,33162030,bbref,0.24380081016901803
mobleev01,2024,8882640,bbref,0.06530344579145868
mobleis01,2024,559782,github,0.004115408650134906
monkma01,2024,9945830,bbref,0.07311981238191162
moodymo01,2024,3918480,bbref,0.028807904661780168
moonxa01,2024,489005,github,0.0035950698789157555
mooreta02,2024,64343,bbref,0.00047303725160085575
moorewe01,2024,2421720,bbref,0.017804015556421436
moranja01,2024,34005250,bbref,0.25
morgaju01,2024,576230,bbref,0.004236331154748164
morrima02,2024,2019706,bbref,0.01484848663074084
morrima03,2024,17116279,bbref,0.12583556215584357
morrimo01,2024,9800926,bbref,0.07205450628947001
murphtr02,2024,3359280,bbref,0.02469677476272046
murrade01,2024,18214000,bbref,0.13390579395828586
murraja01,2024,33833400,bbref,0.24873659214386015
murrake02,2024,8409000,bbref,0.06182133641128943
murrakr01,2024,2847480,bbref,0.020934120466692643
muscami01,2024,3500000,bbref,0.025731320898978834
mykhasv01,2024,2019706,bbref,0.01484848663074084
nancela02,2024,10375000,bbref,0.0762749869505444
nancepe01,2024,64343,bbref,0.00047303725160085575
nembhan01,2024,2131905,bbref,0.015673351908896422
nesmiaa01,2024,5634257,bbref,0.04142196425551937
niangge01,2024,8800000,bbref,0.06469589254600393
nichoan01,2024,2844430,bbref,0.020911697458480677
nixda01,2024,559782,github,0.004115408650134906
nnajize01,2024,4306281,bbref,0.03165894236919299
noelne01,2024,300000,bbref,0.002205541791341043
nowelja01,2024,116075,bbref,0.0008533608780997052
nowelma01,2024,559782,github,0.004115408650134906
ntilila01,2024,2019706,bbref,0.01484848663074084
nurkiju01,2024,16875000,bbref,0.12406172576293366
nworajo01,2024,3000000,bbref,0.022055417913410428
okekech01,2024,5266713,bbref,0.03871985208166386
okogijo01,2024,2815937,bbref,0.020702222450945076
okongon01,2024,8109063,bbref,0.05961625778372457
okorois01,2024,8920795,bbref,0.0655839539482874
oladivi01,2024,9450000,bbref,0.06947456642724285
olynyke01,2024,12195122,bbref,0.08965617073834187
omorueu01,2024,900000,bbref,0.0066166253740231286
onealro01,2024,9500000,bbref,0.06984215672579969
osmande01,2024,6718842,bbref,0.04939562273472479
oubreke01,2024,2019706,bbref,0.01484848663074084
paulch01,2024,30800000,bbref,0.22643562391101374
payneca01,2024,6500000,bbref,0.04778673881238926
paytoga02,2024,8715000,bbref,0.0640709890384573
pereima01,2024,64343,bbref,0.00047303725160085575
peterdr01,2024,395708,github,0.002909168437226605
petrufi01,2024,559782,bbref,0.004115408650134906
phillju01,2024,1600000,bbref,0.011762889553818896
pickeja02,2024,1708143,bbref,0.012557935906955543
plumlma01,2024,5000000,bbref,0.03675902985568405
podzibr01,2024,3352440,bbref,0.024646488409877886
poeltja01,2024,19500000,bbref,0.1433602164371678
pokusal01,2024,5009633,bbref,0.03682984980260401
poolejo01,2024,27455357,bbref,0.2018464575322928
portecr01,2024,1500000,bbref,0.011027708956705214
portejo01,2024,411794,github,0.0030274295880783116
porteke02,2024,15860000,bbref,0.1165996427022298
portemi01,2024,33386850,bbref,0.245453643187449
porteot01,2024,6300000,bbref,0.0463163776181619
portibo01,2024,11710818,bbref,0.08609566169929643
porzikr01,2024,36016200,bbref,0.2647841142176576
pottemi01,2024,559782,github,0.004115408650134906
poweldw01,2024,4000000,bbref,0.02940722388454724
powelno01,2024,18000000,bbref,0.13233250748046257
prestja01,2024,315280,github,0.0023178773865800135
primojo01,2024,4341600,bbref,0.03191860080428757
princta02,2024,4516000,bbref,0.03320075576565383
pritcpa01,2024,4037277,bbref,0.029681277155733307
prospol01,2024,2733720,bbref,0.02009777901941612
queentr01,2024,559782,github,0.004115408650134906
quetane01,2024,250000,bbref,0.0018379514927842025
quickim01,2024,4171548,bbref,0.030668411495283817
quinole01,2024,548815,bbref,0.004034781394049448
ramseja01,2024,116075,bbref,0.0008533608780997052
randlju01,2024,28226880,bbref,0.20751854493056218
reathdu01,2024,1951220,bbref,0.014344990847001566
reaveau01,2024,12015150,bbref,0.08833305151410444
reddica01,2024,2165000,bbref,0.015916659927511193
reedpa01,2024,7723000,bbref,0.05677799751508958
reidna01,2024,12950400,bbref,0.09520882804861014
rhodeja01,2024,559782,github,0.004115408650134906
richajo01,2024,2891467,bbref,0.021257504355945037
richani01,2024,5000000,bbref,0.03675902985568405
robindu01,2024,18154000,bbref,0.13346468560001765
robinje01,2024,559782,github,0.004115408650134906
robinje02,2024,1900000,bbref,0.013968431345159939
robinmi01,2024,15681818,bbref,0.1152896832106807
robinor01,2024,1801769,bbref,0.0132462560928092
roddyda01,2024,2718240,bbref,0.019983973062982923
rolliry01,2024,1719864,bbref,0.012644106424743238
rosede01,2024,3196448,bbref,0.023499665492828312
roziete01,2024,23205221,bbref,0.1706002823093493
rubiori01,2024,3695311,bbref,0.027167209475007534
ruperra01,2024,1119563,bbref,0.00823080994846384
russeda01,2024,17307693,bbref,0.12724280074400277
ryanma01,2024,1500000,bbref,0.011027708956705214
sabondo01,2024,30600000,bbref,0.22496526271678638
samanlu01,2024,2066585,bbref,0.015193131942861765
samueje01,2024,559782,github,0.004115408650134906
sanogad01,2024,559782,github,0.004115408650134906
santogu01,2024,1029483,bbref,0.0075685592665838365
saricda01,2024,2019706,bbref,0.01484848663074084
sarrol01,2024,559782,github,0.004115408650134906
sassema01,2024,2624040,bbref,0.019291432940501833
schofad01,2024,559782,github,0.004115408650134906
schrode01,2024,12405000,bbref,0.09119915307195213
seabrde01,2024,559782,github,0.004115408650134906
sengual01,2024,3536280,bbref,0.025998044419611677
sensabr01,2024,2448600,bbref,0.01800163210092559
sextoco01,2024,17325000,bbref,0.12737003844994524
shamela01,2024,10250000,bbref,0.0753560112041523
sharpda01,2024,2210040,bbref,0.016247785268451196
sharpsh01,2024,6313800,bbref,0.046417832540563586
sheppbe01,2024,2537160,bbref,0.01865270803772947
siakapa01,2024,37893408,bbref,0.27858498320112335
simmobe01,2024,37893408,bbref,0.27858498320112335
simmoko01,2024,116075,bbref,0.0008533608780997052
simonan01,2024,24107143,bbref,0.17723103785444894
simpsza01,2024,103550,bbref,0.0007612795083112167
simsje01,2024,1927896,bbref,0.01417351732453077
skapidm01,2024,26322,github,0.0001935142367722631
slawsja01,2024,559782,github,0.004115408650134906
smartma01,2024,18833713,bbref,0.13846180369207695
smithde03,2024,2019706,bbref,0.01484848663074084
smithdr01,2024,1801769,bbref,0.0132462560928092
smithis01,2024,2019706,bbref,0.01484848663074084
smithja04,2024,5043773,bbref,0.03708084045845862
smithja05,2024,9326520,bbref,0.06856676542592688
smithni01,2024,2463960,bbref,0.018114555840642255
smithte01,2024,559782,github,0.004115408650134906
smithzh01,2024,139290,bbref,0.0010240330537196463
sochaje01,2024,5316960,bbref,0.03908925827629557
spencpa01,2024,170508,github,0.001253541732526595
sprinja01,2024,2226240,bbref,0.01636688452518361
stausni01,2024,702311,bbref,0.005163254203395064
stevela01,2024,2019706,bbref,0.01484848663074084
stewais01,2024,5266713,bbref,0.03871985208166386
strawju01,2024,2431080,bbref,0.017872828460311276
strusma01,2024,14487684,bbref,0.10651064173914322
suggsja01,2024,7252080,bbref,0.05331588504716184
swideco01,2024,559782,github,0.004115408650134906
tateja01,2024,6500000,bbref,0.04778673881238926
tatumja01,2024,32600060,bbref,0.23966931576741826
taylote01,2024,2019706,bbref,0.01484848663074084
templga01,2024,2019706,bbref,0.01484848663074084
terryda01,2024,3350760,bbref,0.024634137375846375
theisda01,2024,6928876,bbref,0.05093975195006653
thomaca02,2024,2240160,bbref,0.016469221664301835
thomais02,2024,116075,bbref,0.0008533608780997052
thompam01,2024,8809320,bbref,0.06476441137765492
thompau01,2024,7977480,bbref,0.058648885098624474
thompkl01,2024,43219440,bbref,0.31774093706118905
thomptr01,2024,2019706,bbref,0.01484848663074084
thorjt01,2024,1836096,bbref,0.013498621536380411
thybuma01,2024,10500000,bbref,0.0771939626969365
tillmxa01,2024,1930681,bbref,0.014193992104160388
toddis01,2024,1836096,bbref,0.013498621536380411
toppija01,2024,64343,bbref,0.00047303725160085575
toppiob01,2024,6803012,bbref,0.05001442424331537
toscaju01,2024,323506,bbref,0.0023783533424985848
townska01,2024,36016200,bbref,0.2647841142176576
trentga02,2024,18560000,bbref,0.13644951882429918
tshieos01,2024,559782,github,0.004115408650134906
tuckepj01,2024,11014500,bbref,0.0809764668690864
turnemy01,2024,20975000,bbref,0.1542041302445946
tysonhu01,2024,1119563,bbref,0.00823080994846384
umudest01,2024,538460,bbref,0.003958653443218327
valanjo01,2024,15435000,bbref,0.11347512516449666
vandeja01,2024,4698000,bbref,0.03453878445240073
vanvlfr01,2024,40806300,bbref,0.3
vassede01,2024,5887899,bbref,0.04328669102565045
vezenal01,2024,6341464,bbref,0.046621212900949116
vincega01,2024,10500000,bbref,0.0771939626969365
vucevni01,2024,18518519,bbref,0.13614455856081045
vukcetr01,2024,2424892,bbref,0.01782733548496188
wadede01,2024,5709877,bbref,0.041977907823056736
wagnefr01,2024,5508720,bbref,0.040499040589320766
wagnemo01,2024,8000000,bbref,0.05881444776909448
wainris01,2024,1927896,bbref,0.01417351732453077
walkeja01,2024,1719864,bbref,0.012644106424743238
walkeja02,2024,6059520,bbref,0.04454841531822292
walkelo01,2024,2019706,bbref,0.01484848663074084
wallaca01,2024,5291400,bbref,0.038901346115673315
walljo01,2024,6802950,bbref,0.05001396843134516
walshjo01,2024,1119563,bbref,0.00823080994846384
warretj01,2024,220543,bbref,0.0016213893442924255
washipj01,2024,16847826,bbref,0.12386194778747399
washity02,2024,2320440,bbref,0.0170594246476647
watanyu01,2024,2346614,bbref,0.017251850817153233
waterli01,2024,766095,bbref,0.0056321817954580545
watfotr01,2024,2019706,bbref,0.01484848663074084
watsope01,2024,2303520,bbref,0.016935032090633063
wembavi01,2024,12160680,bbref,0.08940295983708398
weslebl01,2024,2504640,bbref,0.0184136273075481
westbru01,2024,3835738,bbref,0.028199601532116366
whiteco01,2024,11111111,bbref,0.08168673219576389
whiteda01,2024,2966040,bbref,0.021805750582630623
whitede01,2024,18357143,bbref,0.1349581535204123
whiteja03,2024,600000,bbref,0.004411083582682086
whitmca01,2024,3218160,bbref,0.023659287904073636
wiggiaa01,2024,1836096,bbref,0.013498621536380411
wiggian01,2024,24330357,bbref,0.17887206387249027
wiggili01,2024,244502,github,0.0017975312635548923
willial06,2024,212331,github,0.00156101631365745
willibr03,2024,350668,github,0.0025780430962866027
willigr01,2024,12405000,bbref,0.09119915307195213
willija06,2024,4558680,bbref,0.033514530844501955
willija07,2024,2000000,bbref,0.01470361194227362
willike04,2024,6175000,bbref,0.0453974018717698
willima07,2024,3908160,bbref,0.028732034024158033
willima11,2024,64343,bbref,0.00047303725160085575
willipa01,2024,9835881,bbref,0.0723114886671911
williro04,2024,11571429,bbref,0.08507090081678564
willivi01,2024,2232308,bbref,0.01641149528381647
willizi01,2024,34005250,bbref,0.25
willizi02,2024,4810200,bbref,0.03536365708236228
wilsodj01,2024,116075,bbref,0.0008533608780997052
wilsoja03,2024,850000,bbref,0.006249035075466289
windldy01,2024,2019706,bbref,0.01484848663074084
winslju01,2024,116075,bbref,0.0008533608780997052
wisemja01,2024,12119440,bbref,0.0890997713588343
wongis01,2024,559782,github,0.004115408650134906
woodch01,2024,2709849,bbref,0.01992228405907911
wrighde01,2024,8195122,bbref,0.06024894685379464
youngth01,2024,8000000,bbref,0.05881444776909448
youngtr01,2024,40064220,bbref,0.2945443718249388
yurtsom01,2024,2800000,bbref,0.020585056719183068
zelleco01,2024,2019706,bbref,0.01484848663074084
zubaciv01,2024,10933333,bbref,0.08037974283382714
achiupr01,2025,6000000,bbref,0.04267789569522292
adamsst01,2025,12600000,bbref,0.08962358095996813
adebaba01,2025,34848340,bbref,0.24787563661194412
agbajoc01,2025,4310280,bbref,0.030658946709534243
aldamsa01,2025,3960531,bbref,0.028171188152616156
alexani01,2025,4312500,bbref,0.030674737530941475
alexatr01,2025,578577,github,0.004115408142942499
allengr01,2025,15625000,bbref,0.11114035337297636
allenja01,2025,20000000,bbref,0.14225965231740972
alvarjo01,2025,1988598,bbref,0.014144863003954818
anderky01,2025,8780488,bbref,0.06245545850285942
antetgi01,2025,48787676,bbref,0.3470258912567218
anthoco01,2025,12900000,bbref,0.09175747574472928
anunoog01,2025,36637932,bbref,0.26060497339744504
avdijde01,2025,15625000,bbref,0.11114035337297636
aytonde01,2025,34005126,bbref,0.2418778700884855
baglema01,2025,12500000,bbref,0.08891228269838108
baglema02,2025,66503,bbref,0.000473034682903235
baldwpa01,2025,2448840,bbref,0.01741855634904828
ballla01,2025,35147000,bbref,0.25
balllo01,2025,21395348,bbref,0.1521847383844994
bambamo01,2025,2087519,bbref,0.014848486357299342
banchpa01,2025,12160800,bbref,0.08649955899507782
banede01,2025,34005250,bbref,0.24187875209832987
bantoda01,2025,2196970,bbref,0.015627009417588985
barlodo01,2025,491887,bbref,0.0034987836799726863
barneha02,2025,18000000,bbref,0.12803368708566876
barnesc01,2025,10130980,bbref,0.07206148462173158
barrerj01,2025,25794643,bbref,0.18347684724158533
bassech01,2025,2087519,bbref,0.014848486357299342
bateske01,2025,2654644,bbref,0.018882436623324894
battlja01,2025,1000000,bbref,0.007112982615870487
batumni01,2025,4668000,bbref,0.03320340285088343
bealbr01,2025,50203930,bbref,0.3570996813383788
beaslma01,2025,6000000,bbref,0.04267789569522292
beaucma01,2025,2733720,bbref,0.019444902836657466
beekmre01,2025,578577,github,0.004115408142942499
bertada01,2025,5250000,bbref,0.03734315873332006
beysa01,2025,6440678,bbref,0.04581243064841949
bitadgo01,2025,9057971,bbref,0.06442919025805902
biyombi01,2025,503884,bbref,0.0035841181324152843
blackan01,2025,7607760,bbref,0.05411386462571485
bledser01,2025,1300000,bbref,0.009246877400631633
bogdabo01,2025,17260000,bbref,0.1227700799499246
bogdabo02,2025,19032850,bbref,0.1353803311804706
bolbo01,2025,2087519,bbref,0.014848486357299342
bonaad01,2025,1157153,bbref,0.008230809172902382
bookede01,2025,49205800,bbref,0.35
bostobr01,2025,596581,bbref,0.004243470281958631
bouchch01,2025,10810000,bbref,0.07689134207755996
bradlto01,2025,330394,bbref,0.0023500867783879135
branhma01,2025,3217920,bbref,0.02288900901926196
braunch01,2025,3089640,bbref,0.02197655560929809
bridgmi01,2025,23300000,bbref,0.16573249494978234
bridgmi02,2025,27173913,bbref,0.19328757077417702
brissos01,2025,119972,bbref,0.000853358750391214
brogdma01,2025,22500000,bbref,0.16004210885708595
brookdi01,2025,22255493,bbref,0.1583029348166273
brownbr01,2025,23000000,bbref,0.1635986001650212
brownch02,2025,2237692,bbref,0.015916664295672463
brownja02,2025,49205800,bbref,0.35
brownko01,2025,2533920,bbref,0.018023728910006545
brownmo01,2025,306660,bbref,0.0021812672489828436
brunsja01,2025,24960001,bbref,0.17754005320510996
bryanth01,2025,2087519,bbref,0.014848486357299342
bufkiko01,2025,4299000,bbref,0.030578712265627223
burksal01,2025,2087519,bbref,0.014848486357299342
butleja02,2025,745726,bbref,0.005304336074202634
butleji01,2025,48798677,bbref,0.347104141178479
buzelma01,2025,5195520,bbref,0.03695564344040743
cainja01,2025,578577,github,0.004115408142942499
caldwke01,2025,22757000,bbref,0.16187014538936467
camarto01,2025,1891857,bbref,0.013456745952712892
cancavl01,2025,2087519,bbref,0.014848486357299342
capelca01,2025,22265280,bbref,0.15837254957748884
carlsbr01,2025,365767,bbref,0.0026016943124591
carrica01,2025,4454880,bbref,0.03168748399578911
cartede02,2025,4689000,bbref,0.033352775485816714
carteje01,2025,6500000,bbref,0.04623438700315816
cartewe01,2025,11950000,bbref,0.08500014225965231
cartodj01,2025,578577,github,0.004115408142942499
carusal01,2025,9890000,bbref,0.07034739807095912
castlco01,2025,107027,bbref,0.0007612811904287706
castlst01,2025,9105120,bbref,0.06476456027541469
champju01,2025,1800000,bbref,0.012803368708566876
champju02,2025,3000000,bbref,0.02133894784761146
chandke01,2025,2019699,bbref,0.014366083876291007
chomcul01,2025,578577,github,0.004115408142942499
chrisca02,2025,1157153,bbref,0.008230809172902382
chrisma02,2025,7142857,bbref,0.05080701766864882
cissosi01,2025,1891857,bbref,0.013456745952712892
clarkbr01,2025,12500000,bbref,0.08891228269838108
clarkja02,2025,492323,bbref,0.003501884940393206
clarkjo01,2025,14092577,bbref,0.10024025521381626
claxtni01,2025,27556817,bbref,0.1960111602697243
clingdo01,2025,6836400,bbref,0.048627194355136995
clownno01,2025,3244080,bbref,0.023075084644493128
coffeam01,2025,3938271,bbref,0.02801285315958688
colliis01,2025,2512680,bbref,0.017872649159245454
collijo01,2025,26580000,bbref,0.18906307792983754
colliyu01,2025,66503,bbref,0.000473034682903235
colliza01,2025,16741200,bbref,0.11907986456881099
conlemi01,2025,9975962,bbref,0.07095884428258457
connapa01,2025,9423869,bbref,0.06703181637124078
coulibi01,2025,6945240,bbref,0.04940137138304834
councri01,2025,1891857,bbref,0.013456745952712892
craigto01,2025,2845342,bbref,0.020238868182206163
crowdja01,2025,1655619,bbref,0.011776389165504879
cuiyo01,2025,578577,github,0.004115408142942499
cunnica01,2025,13940809,bbref,0.09916073206817083
curryse01,2025,2087519,bbref,0.014848486357299342
curryst01,2025,55761216,bbref,0.39662856004779923
dadiepa01,2025,1808080,bbref,0.012860841608103109
daniedy01,2025,6059520,bbref,0.04310126042051953
dasiltr01,2025,3628440,bbref,0.02580903064272911
davisan02,2025,43219440,bbref,0.30741912538765753
davisjd01,2025,11997,bbref,8.533445244259823e-05
davisjo06,2025,5291160,bbref,0.03763592909778928
daviste02,2025,64301,bbref,0.0004573718951830882
dedmode01,2025,2748674,bbref,0.019551270378695196
derozde01,2025,23400000,bbref,0.1664437932113694
diabamo01,2025,957763,bbref,0.006812551569123965
diakima01,2025,464050,bbref,0.0033007795828946993
dickgr01,2025,4763760,bbref,0.03388454206617919
diengou01,2025,5027040,bbref,0.035757248129285574
dilliro01,2025,6262920,bbref,0.04454804108458759
dinwisp01,2025,2087519,bbref,0.014848486357299342
divindo01,2025,11445000,bbref,0.08140808603863772
doncilu01,2025,43031940,bbref,0.30608544114718184
dortlu01,2025,16500000,bbref,0.11736421316186303
dosunay01,2025,7000000,bbref,0.049790878311093405
dowtije01,2025,578577,github,0.004115408142942499
doziepj01,2025,1051255,bbref,0.007477558539846929
drumman01,2025,5000000,bbref,0.03556491307935243
duartch01,2025,5893768,bbref,0.04192226932597377
ducasal01,2025,578577,github,0.004115408142942499
dunnkr01,2025,5168000,bbref,0.036759894158818675
dunnry01,2025,2530800,bbref,0.01800153640424503
duranke01,2025,51179021,bbref,0.3640354866702706
durenja01,2025,4536840,bbref,0.03227046405098586
easonta01,2025,3695160,bbref,0.026283608842859987
edeyza01,2025,5756880,bbref,0.04094858736165249
edwaran01,2025,42176400,bbref,0.3
edwarju01,2025,425619,bbref,0.003027420547984181
edwarke02,2025,578577,github,0.004115408142942499
elliske01,2025,2120693,bbref,0.01508445244259823
embiijo01,2025,51415938,bbref,0.36572067317267476
eubandr01,2025,5000000,bbref,0.03556491307935243
exumda01,2025,3150000,bbref,0.022405895239992032
fernabr01,2025,1115128,bbref,0.007931886078470424
filipky01,2025,3000000,bbref,0.02133894784761146
finnedo01,2025,14924167,bbref,0.10615534042734799
fittsma01,2025,555216,bbref,0.003949241756053148
flaglad01,2025,578577,github,0.004115408142942499
flynnma01,2025,119972,bbref,0.000853358750391214
fontesi01,2025,7692308,bbref,0.05471525307992147
foxde01,2025,34848340,bbref,0.24787563661194412
freemen01,2025,578577,github,0.004115408142942499
freemja01,2025,100000,bbref,0.0007112982615870486
fultzma01,2025,731831,bbref,0.005205501180755114
furphjo01,2025,1850842,bbref,0.013165006970722964
gaffoda01,2025,13394160,bbref,0.09527242723418784
garlada01,2025,36725670,bbref,0.26122905226619625
garrema01,2025,107027,bbref,0.0007612811904287706
garzalu01,2025,2162606,bbref,0.01538257888297721
georgke01,2025,4084200,bbref,0.02905084359973824
georgky01,2025,2825520,bbref,0.020097874640794378
georgpa01,2025,49205800,bbref,0.35
gibsota01,2025,2087519,bbref,0.014848486357299342
giddejo01,2025,8352367,bbref,0.05941024127237033
gilgesh01,2025,35859950,bbref,0.25507120095598484
gillan01,2025,2237691,bbref,0.015916657182689847
gilleco01,2025,578577,github,0.004115408142942499
goberru01,2025,43827586,bbref,0.3117448573135687
goodwjo01,2025,223718,bbref,0.0015913022448573136
gordoaa01,2025,22841455,bbref,0.162470872336188
gordoer01,2025,3303771,bbref,0.023499665689817054
gortmja01,2025,578577,github,0.004115408142942499
grahade01,2025,2850000,bbref,0.020272000455230886
grantje01,2025,29793104,bbref,0.21191783082482146
greenaj01,2025,2120693,bbref,0.01508445244259823
greendr01,2025,24107143,bbref,0.1714736890773039
greenja02,2025,1728488,bbref,0.012294705095740746
greenja05,2025,12483048,bbref,0.08879170341707684
greenje02,2025,8000000,bbref,0.056903860926963895
greenjo02,2025,12654321,bbref,0.09000996528864484
griffaj01,2025,250000,bbref,0.0017782456539676217
grimequ01,2025,4296682,bbref,0.030562224371923637
gueyemo02,2025,1891857,bbref,0.013456745952712892
hachiru01,2025,17000000,bbref,0.12092070446979827
halibty01,2025,42176400,bbref,0.3
hardati02,2025,16193183,bbref,0.11518182917460949
hardeja01,2025,33653846,bbref,0.23937922155518251
hardyja02,2025,2019699,bbref,0.014366083876291007
harriga01,2025,7500000,bbref,0.05334736961902865
harrike01,2025,119972,bbref,0.000853358750391214
harrito02,2025,25365854,bbref,0.18042687853870884
harteis01,2025,30000000,bbref,0.2133894784761146
hartjo01,2025,18144000,bbref,0.1290579565823541
hausesa01,2025,2092344,bbref,0.014882806498420918
hawkijo01,2025,4525680,bbref,0.032191083164992744
hayesja02,2025,2463946,bbref,0.01752600506444362
hayeski01,2025,119972,bbref,0.000853358750391214
hendesc01,2025,10259160,bbref,0.07297322673343386
hendrita01,2025,5848366,github,0.04159932568924801
hendrta01,2025,5848680,bbref,0.0416015591657894
herroty01,2025,29000000,bbref,0.20627649586024413
hieldbu01,2025,8780488,bbref,0.06245545850285942
highsha01,2025,5200000,bbref,0.03698750960252653
holidaa01,2025,4668000,bbref,0.03320340285088343
holidjr01,2025,30000000,bbref,0.2133894784761146
hollaro01,2025,8245320,bbref,0.05864881782228924
holmeda01,2025,3065640,bbref,0.0218058440265172
holmeri01,2025,12648321,bbref,0.08996728739294961
holmgch01,2025,10880640,bbref,0.07739380316954506
hoodsja01,2025,3879840,bbref,0.02759723447235895
horfoal01,2025,9500000,bbref,0.06757333485076962
hortota01,2025,2087519,bbref,0.014848486357299342
houstca01,2025,2019699,bbref,0.014366083876291007
howarje01,2025,5278320,bbref,0.03754459840100151
huertke01,2025,16830357,bbref,0.11971403675989416
huffja01,2025,2088033,bbref,0.0148521424303639
hukpoar01,2025,1064049,bbref,0.007568562039434376
huntede01,2025,21696429,bbref,0.1543263223034683
hylanbo01,2025,4158439,bbref,0.029578904316157853
ighodos01,2025,1157153,bbref,0.008230809172902382
inglejo01,2025,2087519,bbref,0.014848486357299342
ingrabr01,2025,36016200,bbref,0.25618260448971464
irvinky01,2025,41000000,bbref,0.29163228725068996
isaacjo01,2025,25000000,bbref,0.17782456539676217
iveyja01,2025,7977240,bbref,0.05674196944262668
jacksan01,2025,1891857,bbref,0.013456745952712892
jacksgg01,2025,1891857,bbref,0.013456745952712892
jacksis01,2025,4435381,bbref,0.03154878794776225
jacksja02,2025,25257798,bbref,0.17965827808916834
jacksqu01,2025,578577,github,0.004115408142942499
jacksre01,2025,2087519,bbref,0.014848486357299342
jackstr02,2025,1891857,bbref,0.013456745952712892
jamesbr02,2025,1157153,bbref,0.008230809172902382
jamesle01,2025,48728845,bbref,0.3466074273764475
jaqueja01,2025,3685800,bbref,0.02621703132557544
jeffrda01,2025,2425404,bbref,0.017251856488462742
jemistr01,2025,578577,github,0.004115408142942499
jenkida01,2025,578577,github,0.004115408142942499
jeromty01,2025,2560975,bbref,0.01821617065467892
joeis01,2025,12991650,bbref,0.09240938060147381
johnsaj01,2025,2795294,bbref,0.019882877628247076
johnsca02,2025,22500000,bbref,0.16004210885708595
johnsja01,2025,2087519,bbref,0.014848486357299342
johnsja05,2025,4510905,bbref,0.03208598884684326
johnske04,2025,19000000,bbref,0.13514666970153924
johnske07,2025,2162606,bbref,0.01538257888297721
johnske10,2025,724883,bbref,0.005156080177540046
jokicni01,2025,51415938,bbref,0.36572067317267476
jonesco02,2025,2120693,bbref,0.01508445244259823
jonesde02,2025,9523810,bbref,0.0677426949668535
jonesdi01,2025,2622360,bbref,0.01865280109255413
joneshe01,2025,12976362,bbref,0.09230063732324238
jonesis01,2025,152957,bbref,0.001087980481975702
joneska01,2025,578577,github,0.004115408142942499
jonessp01,2025,578577,github,0.004115408142942499
jonestr01,2025,9104167,bbref,0.06475778160298176
jonesty01,2025,2087519,bbref,0.014848486357299342
jordade01,2025,2087519,bbref,0.014848486357299342
josepco01,2025,3303771,bbref,0.023499665689817054
jovicni01,2025,2464200,bbref,0.017527811762028053
juzanjo01,2025,3087519,bbref,0.02196146897316983
kawamyu01,2025,578577,github,0.004115408142942499
kelleky01,2025,66503,bbref,0.000473034682903235
kennalu01,2025,9250000,bbref,0.065795089196802
kesslwa01,2025,2965920,bbref,0.021096537400062593
keybr01,2025,11997,bbref,8.533445244259823e-05
kispeco01,2025,5705887,bbref,0.0405858750391214
klebima01,2025,11000000,bbref,0.07824280877457536
klintbo01,2025,1257153,bbref,0.00894210743448943
knechda01,2025,3819120,bbref,0.027165334167923293
knoxke01,2025,263939,bbref,0.0018773935186502404
kolekty01,2025,2087519,bbref,0.014848486357299342
konchjo01,2025,6165000,bbref,0.04385153782684155
kornelu01,2025,2087519,bbref,0.014848486357299342
krejcvi01,2025,2162606,bbref,0.01538257888297721
kuminjo01,2025,7636307,bbref,0.05431691894045011
kuzmaky01,2025,24456061,bbref,0.1739555367456682
labissk01,2025,119972,bbref,0.000853358750391214
landajo01,2025,8000000,bbref,0.056903860926963895
laravja01,2025,3352680,bbref,0.023847554556576663
larsspe01,2025,1157153,bbref,0.008230809172902382
lavinza01,2025,44531940,bbref,0.3167549150709876
lawsoaj01,2025,100000,bbref,0.0007112982615870486
leeda03,2025,2087519,bbref,0.014848486357299342
lenal01,2025,2087519,bbref,0.014848486357299342
leonaka01,2025,49205800,bbref,0.35
leonsma01,2025,126356,bbref,0.0008987680314109312
leverca01,2025,16615384,bbref,0.11818493754801264
lewisma05,2025,1891857,bbref,0.013456745952712892
liddeej01,2025,706898,bbref,0.005028153185193615
lillada01,2025,48787676,bbref,0.3470258912567218
littlna01,2025,3107143,bbref,0.022101054144023673
livelde01,2025,5014560,bbref,0.03566847810623951
livinch01,2025,1891857,bbref,0.013456745952712892
looneke01,2025,8000000,bbref,0.056903860926963895
lopezbr01,2025,23000000,bbref,0.1635986001650212
louzama01,2025,268032,bbref,0.0019065069564969982
loveke01,2025,3850000,bbref,0.027384983071101373
lowryky01,2025,2087519,bbref,0.014848486357299342
lylestr01,2025,8000000,bbref,0.056903860926963895
mamuksa01,2025,2087519,bbref,0.014848486357299342
mannte01,2025,11423077,bbref,0.08125214812074999
manntr01,2025,4908373,bbref,0.03491317182120807
markkla01,2025,42176400,bbref,0.3
marshna01,2025,8571429,bbref,0.060968425470168154
martica02,2025,9186594,bbref,0.06534408342106011
martico01,2025,8120000,bbref,0.05775741884086835
martija02,2025,578577,github,0.004115408142942499
martike04,2025,7975000,bbref,0.05672603636156713
martity01,2025,635853,bbref,0.0045228113352490966
mathega01,2025,2230253,bbref,0.015863750817993
mathube01,2025,7245720,bbref,0.0515386803994651
matkoka01,2025,1407153,bbref,0.010009054826870003
maxeyty01,2025,35147000,bbref,0.25
mcbrimi01,2025,4710144,bbref,0.03350317239024668
mccaija01,2025,4020360,bbref,0.028596750789541072
mccluma01,2025,578577,github,0.004115408142942499
mccolcj01,2025,33333333,bbref,0.23709941815802202
mccontj01,2025,9300000,bbref,0.06615073832759552
mccoyja01,2025,47265,bbref,0.00033619512333911856
mcdanja01,2025,4741800,bbref,0.03372834096793467
mcdanja02,2025,23017242,bbref,0.16372124221128403
mcderdo01,2025,2087519,bbref,0.014848486357299342
mcgeeja01,2025,2208856,bbref,0.01571155432896122
mclaujo01,2025,2087519,bbref,0.014848486357299342
meltode01,2025,12822000,bbref,0.09120266310069138
merrisa01,2025,2164993,bbref,0.015399557572481293
micicva01,2025,7723000,bbref,0.05493356474236777
middlkh01,2025,31000000,bbref,0.2205024610919851
millebr02,2025,11424600,bbref,0.08126298119327396
millejo02,2025,1050000,bbref,0.007468631746664011
millele01,2025,1891857,bbref,0.013456745952712892
millspa02,2025,2087519,bbref,0.014848486357299342
miltosh01,2025,2875000,bbref,0.02044982502062765
minotjo01,2025,2019699,bbref,0.014366083876291007
missiyv01,2025,3193200,bbref,0.022713176088997637
mitchaj01,2025,3000000,bbref,0.02133894784761146
mitchda01,2025,6451077,bbref,0.04588639855464193
mitchdo01,2025,35410310,bbref,0.25187291945258483
mobleev01,2025,11227657,bbref,0.07986212905795659
mobleis01,2025,11997,bbref,8.533445244259823e-05
mogbojo01,2025,1862265,bbref,0.013246258571144053
monkma01,2025,17405203,bbref,0.12380290636469685
moodymo01,2025,5803269,bbref,0.0412785515122201
moorewe01,2025,2537040,bbref,0.01804592141576806
moranja01,2025,36725670,bbref,0.26122905226619625
morgaju01,2025,576229,bbref,0.004098706859760434
morrima02,2025,2087519,bbref,0.014848486357299342
morrimo01,2025,2087519,bbref,0.014848486357299342
murphtr02,2025,5159854,bbref,0.03670195180242979
murrade01,2025,29517135,bbref,0.2099548681253023
murraja01,2025,36016200,bbref,0.25618260448971464
murrake02,2025,8809560,bbref,0.062662247133468
murrakr01,2025,2990040,bbref,0.02126810254075739
mykhasv01,2025,3500000,bbref,0.024895439155546702
nancela02,2025,11205000,bbref,0.07970097021082881
nembhan01,2025,2019699,bbref,0.014366083876291007
nesmiaa01,2025,11000000,bbref,0.07824280877457536
niangge01,2025,8500000,bbref,0.06046035223489914
nixda01,2025,119972,bbref,0.000853358750391214
nnajize01,2025,8888889,bbref,0.0632265129314024
nowelja01,2025,278782,bbref,0.001982971519617606
nurkiju01,2025,18125000,bbref,0.12892280991265256
okafoja01,2025,119972,bbref,0.000853358750391214
okekech01,2025,119972,bbref,0.000853358750391214
okogijo01,2025,8250000,bbref,0.058682106580931516
okongon01,2025,14000000,bbref,0.09958175662218681
okorois01,2025,10185186,bbref,0.07244705095740746
olynyke01,2025,12804878,bbref,0.09108087461234245
omorueu01,2025,119972,bbref,0.000853358750391214
onealro01,2025,9375000,bbref,0.06668421202378581
oubreke01,2025,7983000,bbref,0.0567829402224941
paulch01,2025,10460000,bbref,0.07440179816200529
payneca01,2025,2087519,bbref,0.014848486357299342
paytoel01,2025,274809,bbref,0.0019547116396847527
paytoga02,2025,9130000,bbref,0.06494153128289755
peterdr01,2025,578577,github,0.004115408142942499
phillju01,2025,1891857,bbref,0.013456745952712892
pickeja02,2025,1891857,bbref,0.013456745952712892
pippesc02,2025,2087519,bbref,0.014848486357299342
plumlma01,2025,2087519,bbref,0.014848486357299342
podzibr01,2025,3519960,bbref,0.02503741428855948
poeltja01,2025,19500000,bbref,0.1387031610094745
poolejo01,2025,29651786,bbref,0.21091263834751187
portecr01,2025,1891857,bbref,0.013456745952712892
porteke02,2025,2366937,bbref,0.016835981733860642
portemi01,2025,35859950,bbref,0.25507120095598484
portibo01,2025,12578286,bbref,0.08946912965544712
porzikr01,2025,29268293,bbref,0.20818485930520386
postqu01,2025,438920,bbref,0.0031220303297578742
poweldw01,2025,4000000,bbref,0.028451930463481948
powelno01,2025,19241379,bbref,0.13686359433237544
primojo01,2025,1000000,bbref,0.007112982615870487
princta02,2025,2087519,bbref,0.014848486357299342
pritcpa01,2025,6696429,bbref,0.04763158306541099
prospol01,2025,2870400,bbref,0.020417105300594644
queentr01,2025,578577,github,0.004115408142942499
quetane01,2025,2162606,bbref,0.01538257888297721
quickim01,2025,32500000,bbref,0.2311719350157908
quinole01,2025,578577,github,0.004115408142942499
randlju01,2025,33073920,bbref,0.2352542179986912
reathdu01,2025,2048780,bbref,0.014572936523743136
reaveau01,2025,12976362,bbref,0.09230063732324238
reddica01,2025,2463946,bbref,0.01752600506444362
reedpa01,2025,2485563,bbref,0.017679766409650896
reeseal01,2025,79804,github,0.0005676444646769283
reevean01,2025,1157153,bbref,0.008230809172902382
reidna01,2025,13986432,bbref,0.09948524767405469
rhodeja01,2025,119972,bbref,0.000853358750391214
richajo01,2025,3051153,bbref,0.021702798247361082
richani01,2025,5000000,bbref,0.03556491307935243
risacza01,2025,12569040,bbref,0.08940336301818079
robbili01,2025,578577,github,0.004115408142942499
robindu01,2025,19406000,bbref,0.13803454064358267
robinje02,2025,2196970,bbref,0.015627009417588985
robinmi01,2025,14318182,bbref,0.10184497965686971
robinor01,2025,959779,bbref,0.00682689134207756
roddyda01,2025,2847240,bbref,0.020252368623211083
rolliry01,2025,600000,bbref,0.004267789569522292
roziete01,2025,24924126,bbref,0.1772848749537656
rubiori01,2025,424672,bbref,0.0030206845534469515
ruperra01,2025,1891857,bbref,0.013456745952712892
russeda01,2025,18692307,bbref,0.1329580547415142
ryanma01,2025,621439,bbref,0.00442028480382394
sabondo01,2025,40500000,bbref,0.28807579594275473
salauti01,2025,7488720,bbref,0.05326713517512163
sanogad01,2025,578577,github,0.004115408142942499
santogu01,2025,1891857,bbref,0.013456745952712892
saricda01,2025,5168000,bbref,0.036759894158818675
sarral01,2025,11245680,bbref,0.07999032634364242
sassema01,2025,2755080,bbref,0.01959683614533246
scheiba01,2025,2494320,bbref,0.01774205479841807
schrode01,2025,13025250,bbref,0.09264837681736705
sengual01,2025,5424654,bbref,0.0385854695991123
sensabr01,2025,2571480,bbref,0.01829089253705864
sextoco01,2025,18350000,bbref,0.13052323100122343
shamela01,2025,1343690,bbref,0.009557643611119014
shannte01,2025,2546640,bbref,0.018114206048880418
sharpda01,2025,3989122,bbref,0.028374555438586507
sharpsh01,2025,6614160,bbref,0.04704640509858594
sheadja01,2025,1862265,bbref,0.013246258571144053
sheppbe01,2025,2663880,bbref,0.018948132130765072
sheppre01,2025,10098960,bbref,0.07183372691837141
siakapa01,2025,42176400,bbref,0.3
simmobe01,2025,39256083,bbref,0.27922783594616896
simonan01,2025,25892857,bbref,0.18417544171622044
simsja01,2025,66503,bbref,0.000473034682903235
simsje01,2025,2092344,bbref,0.014882806498420918
smartma01,2025,20210284,bbref,0.14375539875380544
smithdr01,2025,578577,github,0.004115408142942499
smithja04,2025,8571429,bbref,0.060968425470168154
smithja05,2025,9770880,bbref,0.06950009958175662
smithni01,2025,2587200,bbref,0.018402708623780125
smithty02,2025,1157153,bbref,0.008230809172902382
sochaje01,2025,5570040,bbref,0.039619597689703245
spencpa01,2025,438810,bbref,0.0031212479016701285
sprinja01,2025,4018363,bbref,0.028582546163257175
stausni01,2025,702310,bbref,0.004995518820952002
steveer01,2025,66503,bbref,0.000473034682903235
stevela01,2025,383912,bbref,0.0027307593820240705
stewais01,2025,15000000,bbref,0.1066947392380573
strawju01,2025,2552520,bbref,0.018156030386661734
strusma01,2025,15212068,bbref,0.10820317523543972
suggsja01,2025,9188385,bbref,0.06535682277292515
swideco01,2025,119972,bbref,0.000853358750391214
tateja01,2025,7565217,bbref,0.053811257006287874
tatumja01,2025,34848340,bbref,0.24787563661194412
taylote01,2025,119972,bbref,0.000853358750391214
templga01,2025,2087519,bbref,0.014848486357299342
terryda01,2025,3510480,bbref,0.024969983213361028
theisda01,2025,2087519,bbref,0.014848486357299342
thomaca02,2025,4041249,bbref,0.02874533388340399
thompam01,2025,9249960,bbref,0.06579480467749736
thompau01,2025,8376000,bbref,0.0595783423905312
thompkl01,2025,15873016,bbref,0.11290448686943409
thomptr01,2025,2087519,bbref,0.014848486357299342
thybuma01,2025,11025000,bbref,0.07842063333997212
tillmxa01,2025,2237691,bbref,0.015916657182689847
timmedr01,2025,113055,bbref,0.0008041582496372379
tomlina01,2025,66503,bbref,0.000473034682903235
topicni01,2025,4935960,bbref,0.03510939767263209
toppija01,2025,578577,github,0.004115408142942499
toppiob01,2025,12975000,bbref,0.09229094944091956
townska01,2025,49205800,bbref,0.35
travelu01,2025,578577,github,0.004115408142942499
trentga02,2025,2087519,bbref,0.014848486357299342
tuckepj01,2025,11539000,bbref,0.08207670640452955
turnemy01,2025,19928500,bbref,0.141751074060375
tysonhu01,2025,1891857,bbref,0.013456745952712892
tysonja01,2025,3326160,bbref,0.02365891825760378
valanjo01,2025,9900000,bbref,0.07041852789711782
vandeja01,2025,10714286,bbref,0.07621053005946453
vanvlfr01,2025,42846615,bbref,0.30476722764389563
vassede01,2025,29347826,bbref,0.2087505761515919
vincega01,2025,11000000,bbref,0.07824280877457536
vucevni01,2025,20000000,bbref,0.14225965231740972
wadede01,2025,6166667,bbref,0.04386339516886221
wagnefr01,2025,7007092,bbref,0.049841323583805164
wagnemo01,2025,11000000,bbref,0.07824280877457536
walkeja01,2025,2019699,bbref,0.014366083876291007
walkeja02,2025,6362520,bbref,0.04525649415312829
walkelo01,2025,780932,bbref,0.005554755740176971
wallaca01,2025,5555880,bbref,0.03951887785586252
wallake01,2025,578577,github,0.004115408142942499
walshjo01,2025,1891857,bbref,0.013456745952712892
walteja01,2025,3465000,bbref,0.024646484763991238
wareke01,2025,4231800,bbref,0.030100719833840727
washidu02,2025,2162607,bbref,0.015382585995959826
washipj01,2025,15500000,bbref,0.11025123054599255
waterli01,2025,2196970,bbref,0.015627009417588985
watfotr01,2025,2726603,bbref,0.019394279739380318
watsope01,2025,2413560,bbref,0.01716761032236037
wellsja01,2025,1157153,bbref,0.008230809172902382
wembavi01,2025,12768960,bbref,0.09082539050274561
weslebl01,2025,2624280,bbref,0.0186664580191766
westbru01,2025,3303771,bbref,0.023499665689817054
wheelph02,2025,66503,bbref,0.000473034682903235
whiteco01,2025,12000000,bbref,0.08535579139044584
whiteda01,2025,3114240,bbref,0.022151534981648506
whitede01,2025,20071429,bbref,0.14276772555267875
whitmca01,2025,3379080,bbref,0.024035337297635646
wiggiaa01,2025,10514017,bbref,0.07478602014396676
wiggian01,2025,26276786,bbref,0.186906322018949
willibr03,2025,47989,bbref,0.0003413449227530088
willico04,2025,5469120,bbref,0.038901755484109596
willigr01,2025,13025250,bbref,0.09264837681736705
willija06,2025,4775760,bbref,0.03396989785756964
willija07,2025,2019699,bbref,0.014366083876291007
willije02,2025,515881,bbref,0.0036694525848578827
willike04,2025,6669000,bbref,0.047436481065240274
willima07,2025,4094280,bbref,0.029122542464506216
willipa01,2025,18000000,bbref,0.12803368708566876
williro04,2025,12428571,bbref,0.08840420946311207
willivi01,2025,2120693,bbref,0.01508445244259823
willizi01,2025,36725670,bbref,0.26122905226619625
willizi02,2025,6133005,bbref,0.04362395794804678
wilsoja03,2025,1891857,bbref,0.013456745952712892
wisemja01,2025,2237691,bbref,0.015916657182689847
woodch01,2025,3036040,bbref,0.021595299741087433
wrighde01,2025,2087519,bbref,0.014848486357299342
yabusgu01,2025,2087519,bbref,0.014848486357299342
youngtr01,2025,43031940,bbref,0.30608544114718184
zelleco01,2025,3500000,bbref,0.024895439155546702
zubaciv01,2025,11743210,bbref,0.08352924858451646
achiupr01,2026,2111516,bbref,0.013653779252103176
adamsst01,2026,14130434,bbref,0.09137218310086843
adebaba01,2026,37096620,bbref,0.23987933810549186
agbajoc01,2026,6383525,bbref,0.04127803966452631
aldamsa01,2026,18485916,bbref,0.11953620826786164
alexani01,2026,15161800,bbref,0.09804134577457048
allengr01,2026,16875000,bbref,0.10911947855438515
allenja01,2026,20000000,bbref,0.1293267893977898
alvarjo01,2026,4500000,bbref,0.029098527614502705
anderky01,2026,9219512,bbref,0.059616494338719794
antetgi01,2026,54126450,bbref,0.35
antetth01,2026,2296274,bbref,0.01484848719988102
anthoco01,2026,3700000,bbref,0.023925456038591114
anunoog01,2026,39568966,bbref,0.25586636662851525
avdijde01,2026,14375000,bbref,0.09295362987966142
aytonde01,2026,25550814,bbref,0.16522023705600497
baglema01,2026,2296274,bbref,0.01484848719988102
baileac01,2026,9069840,bbref,0.058648664377582496
balad01,2026,73153,bbref,0.0004730321312408259
baldwpa01,2026,131970,bbref,0.000853362819841316
ballla01,2026,37958760,bbref,0.2454542280160624
balllo01,2026,10000000,bbref,0.0646633946988949
bambamo01,2026,194771,bbref,0.0012594554048898459
banchpa01,2026,15334769,bbref,0.09915982204633779
banede01,2026,36725670,bbref,0.23748064947913636
bantoda01,2026,131970,bbref,0.000853362819841316
barlodo01,2026,3415000,bbref,0.02208254928967261
barneha02,2026,19000000,bbref,0.12286044992790031
barnesc01,2026,38661750,bbref,0.25
barrerj01,2026,27705357,bbref,0.17915224349647907
bassech01,2026,131970,bbref,0.000853362819841316
batesem01,2026,15000,bbref,9.699509204834235e-05
battlja01,2026,1955377,bbref,0.012644131473614102
batumni01,2026,5601600,bbref,0.036221847174532966
bealbr01,2026,19383010,bbref,0.12533712260826269
berinjo01,2026,4201080,bbref,0.02716560942016334
beysa01,2026,6118644,bbref,0.03956522919940251
bitadgo01,2026,8333333,bbref,0.0538861600936326
biyombi01,2026,2296274,bbref,0.01484848719988102
blackan01,2026,7970280,bbref,0.051538536150070806
bogdabo01,2026,16020000,bbref,0.10359075830762964
bonaad01,2026,1955377,bbref,0.012644131473614102
bookede01,2026,53142264,bbref,0.3436359192224873
bouchch01,2026,2296274,bbref,0.01484848719988102
bouyeja01,2026,574210,bbref,0.0037130367870052442
bradlto01,2026,2940876,bbref,0.019016702554850724
branhma01,2026,4962033,bbref,0.03208618983879416
braunch01,2026,4921797,bbref,0.03182601020388368
bridgmi01,2026,24900000,bbref,0.1610118528002483
bridgmi02,2026,25000000,bbref,0.16165848674723726
brookdi01,2026,21124110,bbref,0.1365956662592873
broomjo01,2026,1272870,bbref,0.008230809521038236
brownbr01,2026,2296274,bbref,0.01484848719988102
brownja02,2026,53142264,bbref,0.3436359192224873
brownko01,2026,2654880,bbref,0.01716735533182021
brunsja01,2026,34944001,bbref,0.22595977290215782
bryanca01,2026,4900320,bbref,0.03168713263108887
bryanth01,2026,2296274,bbref,0.01484848719988102
bufkiko01,2026,4503720,bbref,0.029122582397330694
burtoty01,2026,73153,bbref,0.0004730321312408259
butleji01,2026,54126450,bbref,0.35
buzelma01,2026,5455560,bbref,0.035277502958350304
cainja01,2026,328120,bbref,0.0021217353068601398
caldwke01,2026,21621500,bbref,0.13981195884821562
camarto01,2026,2221677,bbref,0.014366117674445672
capelca01,2026,6700000,bbref,0.043324474448259584
carrica01,2026,4677600,bbref,0.03024694950435508
cartede02,2026,4923720,bbref,0.03183844497468428
carteje01,2026,6809524,bbref,0.04403269381235976
cartewe01,2026,10850000,bbref,0.07015978324830097
carusal01,2026,18102000,bbref,0.11705367708393956
castlst01,2026,9560520,bbref,0.06182156782866787
champju01,2026,2349578,bbref,0.015193168958984008
champju02,2026,3000000,bbref,0.01939901840966847
chandke01,2026,117730,bbref,0.0007612821457900897
chrisca02,2026,1955377,bbref,0.012644131473614102
chrisma02,2026,7714286,bbref,0.049883192043815916
cissosi01,2026,686243,bbref,0.004437480196835373
clarkbr01,2026,12500000,bbref,0.08082924337361863
clarkja02,2026,2191897,bbref,0.014173550085032365
clarkjo01,2026,10651561,bbref,0.06887660931023556
claxtni01,2026,25352272,bbref,0.16393639708497418
claytwa01,2026,3991320,bbref,0.02580923005295932
cliffni01,2026,3108120,bbref,0.020098159033152922
clingdo01,2026,7178400,bbref,0.046417971250654715
clownno01,2026,3398640,bbref,0.021976759975945215
coffeam01,2026,2296274,bbref,0.01484848719988102
colliis01,2026,2638200,bbref,0.017059496789462454
collijo01,2026,26580000,bbref,0.17187530310966265
colliyu01,2026,85300,bbref,0.0005515787567815735
colliza01,2026,18080496,bbref,0.11691462491997905
conlemi01,2026,10774038,bbref,0.06966858716948922
connapa01,2026,9423869,bbref,0.060937936073768004
coulibi01,2026,7275600,bbref,0.04704649944712797
cowarce01,2026,5715120,bbref,0.036955906031154825
cunnica01,2026,46394100,bbref,0.3
curryse01,2026,1755198,bbref,0.011349706104871094
curryst01,2026,59606817,bbref,0.38543791344157985
dadiepa01,2026,2847600,bbref,0.018413548274457313
daniedy01,2026,7707709,bbref,0.04984066292912245
dasiltr01,2026,3809520,bbref,0.02463364953733341
davisan02,2026,54126450,bbref,0.35
davisdr01,2026,85300,bbref,0.0005515787567815735
davisjd01,2026,2270735,bbref,0.014683343356159511
demineg01,2026,6889200,bbref,0.044547905875962676
derozde01,2026,24570000,bbref,0.15887796077518476
diabamo01,2026,2270735,bbref,0.014683343356159511
diakima01,2026,464050,bbref,0.003000704831002218
diawamo01,2026,1272870,bbref,0.008230809521038236
dickgr01,2026,4990560,bbref,0.03227065510485169
diengou01,2026,6670882,bbref,0.043136187575575344
dilliro01,2026,6576120,bbref,0.04252342431472968
divindo01,2026,11990000,bbref,0.07753141024397499
djurini01,2026,1272870,bbref,0.008230809521038236
doncilu01,2026,45999660,bbref,0.2974494170594968
dortlu01,2026,18222222,bbref,0.11783107334768861
dosunay01,2026,7518518,bbref,0.04861728969847459
drumman01,2026,5000000,bbref,0.03233169734944745
dunnkr01,2026,5426400,bbref,0.03508894449940833
dunnry01,2026,2657760,bbref,0.01718597838949349
duranke01,2026,54708609,bbref,0.3537644377194514
durenja01,2026,6483144,bbref,0.04192220993617723
easonta01,2026,5675766,bbref,0.036701429707656795
edeyza01,2026,6045000,bbref,0.03908902209548197
edgecvj01,2026,11108880,bbref,0.07183378921026597
edwaran01,2026,45550512,bbref,0.29454507361927484
edwarju01,2026,2048494,bbref,0.013246257606031802
elliske01,2026,2301587,bbref,0.014882842861484542
embiijo01,2026,55224526,bbref,0.35710053217973836
essenno01,2026,5429520,bbref,0.035109119478554385
eubandr01,2026,2296274,bbref,0.01484848719988102
exumda01,2026,2296274,bbref,0.01484848719988102
fearsje01,2026,7520040,bbref,0.04862713146714776
filipky01,2026,3000000,bbref,0.01939901840966847
finnedo01,2026,12700000,bbref,0.08212251126759652
flaggco01,2026,13825920,bbref,0.0894030922035345
flemira01,2026,1272870,bbref,0.008230809521038236
fontesi01,2026,8307692,bbref,0.05372035668328516
foxde01,2026,37096620,bbref,0.23987933810549186
fultzma01,2026,131970,bbref,0.000853362819841316
furphjo01,2026,1955377,bbref,0.012644131473614102
gaffoda01,2026,14386320,bbref,0.09302682884246057
garcian01,2026,73153,bbref,0.0004730321312408259
gardnmy01,2026,395029,bbref,0.0025543916144509754
garlada01,2026,39446090,bbref,0.2550718086998131
garzalu01,2026,2461463,bbref,0.015916655350572594
georgke01,2026,4278960,bbref,0.02766920793807833
georgky01,2026,2966760,bbref,0.019184077285689344
georgpa01,2026,51666090,bbref,0.3340904770218627
gibsota01,2026,960753,bbref,0.006212555044714738
giddejo01,2026,25000000,bbref,0.16165848674723726
gilbeke01,2026,73153,bbref,0.0004730321312408259
gilgesh01,2026,38333050,bbref,0.24787451421624732
gillan01,2026,2296274,bbref,0.01484848719988102
gilleco01,2026,2296274,bbref,0.01484848719988102
goberru01,2026,35000000,bbref,0.22632188144613216
gonzahu01,2026,2783880,bbref,0.018001513123435953
goodwjo01,2026,2349578,bbref,0.015193168958984008
gordoaa01,2026,22841455,bbref,0.14770060201620464
gordoer01,2026,2296274,bbref,0.01484848719988102
grantje01,2026,32000001,bbref,0.20692286950280317
grayha01,2026,14631,bbref,9.460901278395314e-05
greenaj01,2026,2301587,bbref,0.014882842861484542
greendr01,2026,25892857,bbref,0.16743200320730436
greenja02,2026,2296274,bbref,0.01484848719988102
greenja05,2026,33584499,bbref,0.2171687714601641
greenje02,2026,2296274,bbref,0.01484848719988102
greenjo02,2026,13666667,bbref,0.08837330824393619
grimequ01,2026,8741209,bbref,0.05652362477125324
gueyemo01,2026,47092,bbref,0.00030451285831603587
gueyemo02,2026,2221677,bbref,0.014366117674445672
hachiru01,2026,18259259,bbref,0.1180705671626349
halibty01,2026,45550512,bbref,0.29454507361927484
hardati02,2026,2296274,bbref,0.01484848719988102
hardeja01,2026,39446090,bbref,0.2550718086998131
hardyja02,2026,6000000,bbref,0.03879803681933694
harpedy01,2026,12370320,bbref,0.07999068847116336
harpero02,2026,123045,bbref,0.0007956507400725524
harriga01,2026,3634153,bbref,0.0234996669835173
harrito02,2026,26634146,bbref,0.17222542952659928
harteis01,2026,28500000,bbref,0.18429067489185047
hartjo01,2026,19472240,bbref,0.12591411407916092
hausesa01,2026,10044644,bbref,0.06495207795818865
hawkijo01,2026,4741320,bbref,0.030658984655376437
hayesja02,2026,3449323,bbref,0.022304493459297626
hayeski01,2026,444658,bbref,0.002875309576002121
hayesni01,2026,2048494,bbref,0.013246257606031802
hendesc01,2026,10748040,bbref,0.06950047527595103
hendrta01,2026,6127080,bbref,0.0396197792391705
herroty01,2026,31000000,bbref,0.2004565235665742
hieldbu01,2026,9219512,bbref,0.059616494338719794
highsha01,2026,5616000,bbref,0.03631496246289938
holidaa01,2026,2296274,bbref,0.01484848719988102
holidjr01,2026,32400000,bbref,0.2095093988244195
hollaro01,2026,8657280,bbref,0.055980911365884886
holmeda01,2026,3218760,bbref,0.020813594832101497
holmgch01,2026,13731368,bbref,0.08879168687397751
horfoal01,2026,5685000,bbref,0.03676113988632175
houstca01,2026,699440,bbref,0.004522816478819505
howarje01,2026,5529720,bbref,0.035757046693437315
huertke01,2026,17991071,bbref,0.11633637251288419
huffja01,2026,2349578,bbref,0.015193168958984008
hukpoar01,2026,1955377,bbref,0.012644131473614102
huntede01,2026,23303571,bbref,0.15068880094667209
hylanbo01,2026,2296274,bbref,0.01484848719988102
ighodos01,2026,1955377,bbref,0.012644131473614102
inglejo01,2026,2296274,bbref,0.01484848719988102
ingrabr01,2026,38095238,bbref,0.24633674109423395
irvinky01,2026,36566002,bbref,0.23644818198865805
isaacjo01,2026,15000000,bbref,0.09699509204834235
iveyja01,2026,10107163,bbref,0.06535634703550668
jacksan01,2026,2221677,bbref,0.014366117674445672
jacksgg01,2026,2221677,bbref,0.014366117674445672
jacksis01,2026,7600000,bbref,0.04914417997116013
jacksja02,2026,35000000,bbref,0.22632188144613216
jacksqu01,2026,601553,bbref,0.0038898459071304327
jackstr02,2026,2221677,bbref,0.014366117674445672
jakucka01,2026,3658800,bbref,0.02365904285243167
jamesbr02,2026,1955377,bbref,0.012644131473614102
jamesle01,2026,52627153,bbref,0.3403050366318131
jamessi01,2026,2296274,bbref,0.01484848719988102
jaqueja01,2026,3861600,bbref,0.024970416496925257
jarrede01,2026,131970,bbref,0.000853362819841316
jeffrda01,2026,131970,bbref,0.000853362819841316
jenkida01,2026,3809524,bbref,0.02463367540269129
jeromty01,2026,8781000,bbref,0.056780926885099614
joeis01,2026,12362338,bbref,0.0799390741495147
johnsaj01,2026,3090480,bbref,0.019984092804904072
johnsca02,2026,21057065,bbref,0.13616213052952855
johnsja05,2026,30000000,bbref,0.1939901840966847
johnske04,2026,17500000,bbref,0.11316094072306608
johnske07,2026,2349578,bbref,0.015193168958984008
johnske10,2026,1955377,bbref,0.012644131473614102
johnstr03,2026,8237640,bbref,0.05326737667074046
jokicni01,2026,55224526,bbref,0.35710053217973836
jonesde02,2026,10000000,bbref,0.0646633946988949
jonesdi01,2026,2753280,bbref,0.017803643135657337
joneshe01,2026,13937574,bbref,0.09012508487070554
jonesis01,2026,1955377,bbref,0.012644131473614102
joneska03,2026,1272870,bbref,0.008230809521038236
jonessp01,2026,623967,bbref,0.0040347824400085355
jonestr01,2026,8000000,bbref,0.05173071575911592
jonesty01,2026,7000000,bbref,0.04526437628922643
jordade01,2026,2269880,bbref,0.014677814635912756
jovicni01,2026,4445417,bbref,0.028745575407217727
kalkbry01,2026,2296274,bbref,0.01484848719988102
kennalu01,2026,11000000,bbref,0.07112973416878439
kesslwa01,2026,4878938,bbref,0.03154886936054369
keyty01,2026,51207,bbref,0.0003311218452346311
kispeco01,2026,13975000,bbref,0.09036709409170562
klebima01,2026,11000000,bbref,0.07112973416878439
klintbo01,2026,1955377,bbref,0.012644131473614102
knechda01,2026,4010160,bbref,0.025931055888572037
knuepko01,2026,10015680,bbref,0.06476478690178276
kolekty01,2026,2191897,bbref,0.014173550085032365
kolokch01,2026,131970,bbref,0.000853362819841316
konanya01,2026,2743800,bbref,0.017742342237482785
konchjo01,2026,6165000,bbref,0.039864982831868706
kornelu01,2026,11000000,bbref,0.07112973416878439
krejcvi01,2026,2349578,bbref,0.015193168958984008
kuminjo01,2026,23799569,bbref,0.15389609239105834
kuzmaky01,2026,22410605,bbref,0.14491457965560275
labissk01,2026,131970,bbref,0.000853362819841316
landajo01,2026,2296274,bbref,0.01484848719988102
laniech01,2026,1372870,bbref,0.008877443468027185
laravja01,2026,6000000,bbref,0.03879803681933694
larsspe01,2026,1955377,bbref,0.012644131473614102
lavinza01,2026,47499660,bbref,0.30714892626433105
lawsoaj01,2026,26394,bbref,0.0001706725639682632
leonaka01,2026,50000000,bbref,0.3233169734944745
leverca01,2026,14104000,bbref,0.09120125188332137
liddeej01,2026,706898,bbref,0.004571042438585941
lillada01,2026,22516603,bbref,0.1455999987067321
littlna01,2026,3107143,bbref,0.02009184141949084
livelde01,2026,5253360,bbref,0.033970009117538655
livinch01,2026,2296274,bbref,0.01484848719988102
looneke01,2026,8000000,bbref,0.05173071575911592
lopezbr01,2026,8750000,bbref,0.05658047036153304
louzama01,2026,268032,bbref,0.0017331859007934198
loveke01,2026,4150000,bbref,0.026835308800041386
loverla01,2026,87784,bbref,0.000567641144024779
lowryky01,2026,2296274,bbref,0.01484848719988102
maluakh01,2026,6016080,bbref,0.038902015558012766
mamuksa01,2026,2461463,bbref,0.015916655350572594
mannte01,2026,15500000,bbref,0.1002282617832871
manntr01,2026,8000000,bbref,0.05173071575911592
markkla01,2026,46394100,bbref,0.3
marshna01,2026,9000000,bbref,0.05819705522900541
martica02,2026,9594044,bbref,0.06203834539305644
martico01,2026,131970,bbref,0.000853362819841316
martity01,2026,2191897,bbref,0.014173550085032365
mathega01,2026,297355,bbref,0.0019227983730689894
mathube01,2026,9187573,bbref,0.05940996592239099
matkoka01,2026,1955377,bbref,0.012644131473614102
maxeyty01,2026,37958760,bbref,0.2454542280160624
mbengbe01,2026,73153,bbref,0.0004730321312408259
mcbrimi01,2026,4333333,bbref,0.028020802214074634
mccaija01,2026,4221360,bbref,0.027296746784612698
mccluma01,2026,164060,bbref,0.0010608676534300699
mccolcj01,2026,30666666,bbref,0.19830107276571807
mccontj01,2026,10200000,bbref,0.0659566625928728
mcdanja02,2026,24393104,bbref,0.15773409118831921
mcderdo01,2026,2296274,bbref,0.01484848719988102
mcgeeja01,2026,2208856,bbref,0.014283212736102219
mcgloga01,2026,73153,bbref,0.0004730321312408259
mcgowbr01,2026,724598,bbref,0.004685496647202985
mclaujo01,2026,2296274,bbref,0.01484848719988102
mcneeli01,2026,2763960,bbref,0.017872703641195756
meltode01,2026,3080921,bbref,0.019922281065911398
merrisa01,2026,8482144,bbref,0.05484842253648632
micicva01,2026,666667,bbref,0.004310895135372817
middlkh01,2026,33296296,bbref,0.21530515302592357
millebr02,2026,11968800,bbref,0.07739432384721333
millejo02,2026,712637,bbref,0.004608152760803637
millele01,2026,2221677,bbref,0.014366117674445672
minotjo01,2026,2378870,bbref,0.015382580974736012
missiyv01,2026,3353040,bbref,0.021681894896118256
mitchaj01,2026,3000000,bbref,0.01939901840966847
mitchda01,2026,11600000,bbref,0.07500953785071808
mitchdo01,2026,46394100,bbref,0.3
mobleev01,2026,46394100,bbref,0.3
mogbojo01,2026,1955377,bbref,0.012644131473614102
monkma01,2026,18797619,bbref,0.12155178567964461
moodymo01,2026,11574075,bbref,0.0748418979999612
moranja01,2026,39446090,bbref,0.2550718086998131
morrimo01,2026,321184,bbref,0.002076884776296986
muokada01,2026,85300,bbref,0.0005515787567815735
murphtr02,2026,25000000,bbref,0.16165848674723726
murraco01,2026,6332520,bbref,0.040948224019864594
murrade01,2026,30801103,bbref,0.1991703880450316
murraja01,2026,46394100,bbref,0.3
murrake02,2026,11144093,bbref,0.07206148842201918
murrakr01,2026,3132000,bbref,0.020252575219693883
mykhasv01,2026,3675000,bbref,0.023763797551843876
nancela02,2026,2296274,bbref,0.01484848719988102
nancepe01,2026,600000,bbref,0.0038798036819336942
nelsogr02,2026,73153,bbref,0.0004730321312408259
nembhan01,2026,18102000,bbref,0.11705367708393956
nembhry01,2026,321875,bbref,0.0020813530168706795
nesmiaa01,2026,11000000,bbref,0.07112973416878439
newelas01,2026,3237480,bbref,0.020934644706977826
nfalyda01,2026,2048494,bbref,0.013246257606031802
niangge01,2026,8200000,bbref,0.05302398365309382
nnajize01,2026,8177778,bbref,0.052880288657393935
nurkiju01,2026,19375000,bbref,0.12528532722910887
okanito01,2026,73153,bbref,0.0004730321312408259
okogijo01,2026,2296274,bbref,0.01484848719988102
okongon01,2026,15000000,bbref,0.09699509204834235
okorois01,2026,11000000,bbref,0.07112973416878439
olynyke01,2026,13445122,bbref,0.08694072306607953
onealro01,2026,10125000,bbref,0.06547168713263109
oubreke01,2026,8382150,bbref,0.05420182738753419
paulch01,2026,2296274,bbref,0.01484848719988102
payneca01,2026,712637,bbref,0.004608152760803637
paytoga02,2026,2296274,bbref,0.01484848719988102
peavymi01,2026,1272870,bbref,0.008230809521038236
pendano01,2026,1272870,bbref,0.008230809521038236
phillju01,2026,2221677,bbref,0.014366117674445672
pickeja02,2026,2221677,bbref,0.014366117674445672
pippesc02,2026,2270735,bbref,0.014683343356159511
plumlma01,2026,2296274,bbref,0.01484848719988102
podzibr01,2026,3687960,bbref,0.023847601311373645
poeltja01,2026,19500000,bbref,0.12609361966284505
poolejo01,2026,31848215,bbref,0.20594136970002652
portecr01,2026,2221677,bbref,0.014366117674445672
porteke02,2026,5134000,bbref,0.03319818683841264
portemi01,2026,38333050,bbref,0.24787451421624732
portibo01,2026,13445754,bbref,0.08694480979262449
porzikr01,2026,30731707,bbref,0.19872164995117914
postqu01,2026,1955377,bbref,0.012644131473614102
pottemi01,2026,1527805,bbref,0.009879305773794513
poweldr01,2026,3372240,bbref,0.021806048613940136
poweldw01,2026,4000000,bbref,0.02586535787955796
powelno01,2026,20482758,bbref,0.1324484665075947
princta02,2026,3303774,bbref,0.02136332421579468
pritcpa01,2026,7232143,bbref,0.046765491732784985
proctty01,2026,1272870,bbref,0.008230809521038236
prospol01,2026,1002360,bbref,0.006481600031038429
queende01,2026,5157960,bbref,0.03335312033211119
quetane01,2026,2349578,bbref,0.015193168958984008
quickim01,2026,32500000,bbref,0.21015603277140843
randlju01,2026,30864198,bbref,0.19957838173388426
raynama01,2026,1272870,bbref,0.008230809521038236
reathdu01,2026,2221677,bbref,0.014366117674445672
reaveau01,2026,13937574,bbref,0.09012508487070554
reedpa01,2026,5335894,bbref,0.03450370197934651
reidna01,2026,21551724,bbref,0.1393607635453646
richaja02,2026,2983320,bbref,0.019291159867310715
richani01,2026,5000000,bbref,0.03233169734944745
richawi02,2026,1272870,bbref,0.008230809521038236
richmka01,2026,73153,bbref,0.0004730321312408259
rileywi01,2026,3512520,bbref,0.02271314671477623
risacza01,2026,13197720,bbref,0.08534093774854992
roberte02,2026,25000,bbref,0.00016165848674723726
robindu01,2026,16834692,bbref,0.10885883334303284
robinje02,2026,325365,bbref,0.002103920541620594
robinmi01,2026,12954546,bbref,0.08376849211429901
rolliry01,2026,4000000,bbref,0.02586535787955796
roziete01,2026,26643031,bbref,0.17228288295278926
rubiori01,2026,424672,bbref,0.0027460733153569098
ruperra01,2026,2221677,bbref,0.014366117674445672
russeda01,2026,5685000,bbref,0.03676113988632175
sabondo01,2026,42336000,bbref,0.27375894779724147
salauti01,2026,7863240,bbref,0.050846379173213836
sandeko01,2026,475497,bbref,0.003074725018914043
santogu01,2026,2221677,bbref,0.014366117674445672
sarafbe01,2026,2884560,bbref,0.018652544181264427
saricda01,2026,5426400,bbref,0.03508894449940833
sarral01,2026,11808240,bbref,0.07635608838192788
sassema01,2026,2886720,bbref,0.01866651147451939
scheiba01,2026,2619000,bbref,0.016935343071640574
schrode01,2026,14104000,bbref,0.09120125188332137
scotttr01,2026,117730,bbref,0.0007612821457900897
sengual01,2026,33944954,bbref,0.21949959585378312
sensabr01,2026,2693760,bbref,0.017418766610409513
sextoco01,2026,18975000,bbref,0.12269879144115307
shamela01,2026,2296274,bbref,0.01484848719988102
shannte01,2026,2674080,bbref,0.01729150904964209
sharpda01,2026,6250000,bbref,0.040414621686809316
sharpsh01,2026,8399983,bbref,0.05431714161930073
sheadja01,2026,1955377,bbref,0.012644131473614102
sheppbe01,2026,2790720,bbref,0.01804574288541
sheppre01,2026,10603560,bbref,0.0685662185493414
shulgma01,2026,212145,bbref,0.001371801586839706
siakapa01,2026,45550512,bbref,0.29454507361927484
simonan01,2026,27678571,bbref,0.17897903612743862
simsje01,2026,2461463,bbref,0.015916655350572594
smartma01,2026,14786855,bbref,0.09561682412203276
smithdr01,2026,2378870,bbref,0.015382580974736012
smithja04,2026,9000000,bbref,0.05819705522900541
smithja05,2026,12350392,bbref,0.0798618272582074
smithma02,2026,73153,bbref,0.0004730321312408259
smithni01,2026,2710680,bbref,0.017528177074240044
smithto05,2026,70638,bbref,0.00045676928747405383
smithty02,2026,1955377,bbref,0.012644131473614102
sochaje01,2026,7096231,bbref,0.04588663860275337
sorbeth01,2026,4655040,bbref,0.03010106888591437
spencca01,2026,2537989,bbref,0.01641149844484536
spencpa01,2026,857804,bbref,0.005546851862629085
sprinja01,2026,70732,bbref,0.00045737712338422343
stewais01,2026,15000000,bbref,0.09699509204834235
strawju01,2026,2674200,bbref,0.017292285010378473
strusma01,2026,15936452,bbref,0.1030505085775993
suggsja01,2026,35000000,bbref,0.22632188144613216
tateja01,2026,2296274,bbref,0.01484848719988102
tatumja01,2026,54126450,bbref,0.35
templga01,2026,2296274,bbref,0.01484848719988102
terryda01,2026,5399118,bbref,0.03491252982599081
thierad01,2026,1272870,bbref,0.008230809521038236
thomaca02,2026,5993172,bbref,0.038753884653436536
thompam01,2026,9690600,bbref,0.06266270926691109
thompau01,2026,8775000,bbref,0.056742128848280275
thompkl01,2026,16666667,bbref,0.10777232665360466
thybuma01,2026,11550000,bbref,0.07468622087722361
tillmxa01,2026,2546675,bbref,0.016467665069480816
timmedr01,2026,1955377,bbref,0.012644131473614102
tomlina01,2026,718150,bbref,0.004643801690301138
tonjejo01,2026,73153,bbref,0.0004730321312408259
topicni01,2026,5182920,bbref,0.033514520165279636
toppiob01,2026,14000000,bbref,0.09052875257845286
townska01,2026,53142264,bbref,0.3436359192224873
traorno01,2026,3811560,bbref,0.024646840869851985
trentga02,2026,3697105,bbref,0.023906735985825784
turnemy01,2026,25318251,bbref,0.16371640574986907
tysonhu01,2026,2221677,bbref,0.014366117674445672
tysonja01,2026,3492480,bbref,0.022583561271799647
valanjo01,2026,10395000,bbref,0.06721759878950125
vandeja01,2026,11571429,bbref,0.07482478806572387
vanvlfr01,2026,25000000,bbref,0.16165848674723726
vassede01,2026,27000000,bbref,0.17459116568701624
vincega01,2026,11500000,bbref,0.07436290390372914
vucevni01,2026,21481481,bbref,0.13890654846198117
vukcetr01,2026,2857143,bbref,0.018475256552018468
wadede01,2026,6623456,bbref,0.042829514959876365
wagnefr01,2026,38661750,bbref,0.25
wagnemo01,2026,5000000,bbref,0.03233169734944745
walkeja01,2026,724598,bbref,0.004685496647202985
walkeja02,2026,6665520,bbref,0.04310151506333779
wallaca01,2026,5820240,bbref,0.037635647636229605
wallake01,2026,2296274,bbref,0.01484848719988102
walshjo01,2026,2221677,bbref,0.014366117674445672
walteja01,2026,3638160,bbref,0.02352557760577315
wareke01,2026,4443360,bbref,0.028732274146928166
washipj01,2026,14152174,bbref,0.09151276132094383
waterli01,2026,2296274,bbref,0.01484848719988102
watfotr01,2026,2461463,bbref,0.015916655350572594
watkija01,2026,1131970,bbref,0.007319702289730806
watsope01,2026,4356476,bbref,0.02817045270842629
wellsja01,2026,1955377,bbref,0.012644131473614102
wembavi01,2026,13376880,bbref,0.08649944712797532
weslebl01,2026,3347458,bbref,0.021645799789197333
westbru01,2026,2296274,bbref,0.01484848719988102
whiteco01,2026,12888889,bbref,0.08334393166372449
whiteda01,2026,3262560,bbref,0.021096820500882657
whitede01,2026,28100000,bbref,0.18170413910389469
whitmca01,2026,3539760,bbref,0.02288928980193602
wiggiaa01,2026,10102803,bbref,0.06532815379541795
wiggian01,2026,28223215,bbref,0.1825008891216771
willial06,2026,131970,bbref,0.000853362819841316
william01,2026,490128,bbref,0.003169334031697996
willibr03,2026,2270735,bbref,0.014683343356159511
willico04,2026,5742480,bbref,0.037132825079051
willigr01,2026,13645500,bbref,0.08823643523637704
willija06,2026,6580997,bbref,0.04255496065232432
willija07,2026,8450704,bbref,0.054645120823552995
willike04,2026,7163000,bbref,0.046318389622818416
willilu01,2026,73153,bbref,0.0004730321312408259
willima07,2026,6276531,bbref,0.04058618013928495
willipa01,2026,18000000,bbref,0.11639411045801082
williro04,2026,13285713,bbref,0.08590993035752391
willivi01,2026,2301587,bbref,0.014882842861484542
willizi01,2026,39446090,bbref,0.2550718086998131
willizi02,2026,6250000,bbref,0.040414621686809316
wilsoja03,2026,2221677,bbref,0.014366117674445672
wisemja01,2026,1000000,bbref,0.00646633946988949
wolfda01,2026,2801280,bbref,0.01811402743021203
yabusgu01,2026,5500000,bbref,0.035564867084392195
yangha01,2026,4422360,bbref,0.028596481018060487
youngja05,2026,23546,bbref,0.00015225642915801793
youngtr01,2026,46394100,bbref,0.3
yurtsom01,2026,131970,bbref,0.000853362819841316
zubaciv01,2026,18893980,bbref,0.12217488861730263
