season,TeamId,pace,rim_freq,short_mid_freq,long_mid_freq,corner3_freq,arc3_freq,ft_rate,ast_rate,oreb_rate,tov_rate,stl_rate,blk_rate,dreb_rate,mid_freq,three_freq,o_rtg,d_rtg,net_rtg,poss,TeamAbbreviation,z_pace,z_rim_freq,z_short_mid_freq,z_long_mid_freq,z_corner3_freq,z_arc3_freq,z_ft_rate,z_ast_rate,z_oreb_rate,z_stl_rate,z_blk_rate,z_mid_freq,z_three_freq,team_full,era,user_id,mix_Connector Forwards,mix_Featured Bigs,mix_Floor Generals,mix_Mid-Range Bigs,mix_Mid-Range Forwards,mix_Pass-First Guards,mix_Post Bigs,mix_Primary Creators,mix_Primary Scorers,mix_Rim-Running Bigs,mix_Scoring Wings,mix_Slashing Wings,mix_Spot-Up Shooters,mix_unknown
1999,1610612737,85.9655,0.2935,0.2663,0.272,0.0155,0.1527,0.3679,0.5132,0.3625,0.1683,0.0824,0.0618,0.3864,0.5383,0.1681,100.0251,95.8291,4.196,7961.0,ATL,-1.5354,-0.5489,0.9587,-0.2406,-1.779,0.6922,0.9767,-1.7696,1.1559,-1.0174,0.6801,0.3595,-0.0041,Atlanta Hawks,1999-2007,Atlanta Hawks_1999,0.0,1.1868,1.1029,0.0,0.2285,0.0,0.0,0.0,0.698,0.9603,0.0,0.3129,0.4409,0.0697
1999,1610612738,92.0735,0.3363,0.2358,0.2448,0.0446,0.1384,0.2571,0.5938,0.328,0.1735,0.0948,0.0551,0.3422,0.4806,0.183,99.2943,101.6907,-2.3963,8770.0,BOS,1.1877,0.9746,-0.1562,-0.8576,0.666,0.2238,-1.9232,-0.2355,-0.2018,0.2203,-0.0166,-0.9719,0.3905,Boston Celtics,1999-2007,Boston Celtics_1999,0.0,0.0,0.9733,0.0,0.3166,0.0,0.8493,0.0,0.6558,0.2311,0.0,1.5876,0.2832,0.1031
1999,1610612739,86.6126,0.3606,0.1949,0.2936,0.0401,0.1109,0.3901,0.6966,0.2974,0.1814,0.1044,0.0464,0.3313,0.4885,0.151,99.5817,102.0089,-2.4272,7658.0,CLE,-1.2469,1.8383,-1.6562,0.2484,0.2847,-0.6827,1.558,1.7227,-1.4091,1.1727,-0.9067,-0.7914,-0.4599,Cleveland Cavaliers,1999-2007,Cleveland Cavaliers_1999,0.0,0.6404,1.3122,0.0,0.6408,0.0,0.2036,0.0,0.0,0.4862,0.0,0.1698,1.3624,0.1848
1999,1610612741,88.5241,0.3032,0.2405,0.2973,0.027,0.132,0.3089,0.6581,0.3032,0.1729,0.0976,0.0377,0.3408,0.5377,0.159,91.727,102.9494,-11.2224,8551.0,CHI,-0.3947,-0.2044,0.0133,0.3318,-0.8085,0.0121,-0.5672,0.9888,-1.1814,0.4996,-1.8101,0.3463,-0.2455,Chicago Bulls,1999-2007,Chicago Bulls_1999,0.0,0.0,0.9332,0.0,0.1928,0.0,0.6473,0.0,0.6717,0.5972,0.0,1.1546,0.7944,0.0087
1999,1610612742,89.3408,0.2876,0.2348,0.3333,0.0254,0.1188,0.3026,0.5243,0.3205,0.1534,0.0774,0.0654,0.3574,0.5682,0.1442,101.8384,104.4732,-2.6348,8810.0,DAL,-0.0306,-0.7593,-0.193,1.1495,-0.9481,-0.4221,-0.7318,-1.5594,-0.4993,-1.5147,1.0503,1.0489,-0.6393,Dallas Mavericks,1999-2007,Dallas Mavericks_1999,0.0,0.9736,0.7103,0.0,0.5764,0.0,0.9344,0.0,1.0902,0.0,0.0,0.0,0.5716,0.1435
1999,1610612743,90.8757,0.2975,0.2119,0.2616,0.0594,0.1695,0.3297,0.5771,0.3275,0.1623,0.0821,0.0606,0.3323,0.4736,0.2289,102.2436,109.6,-7.3564,8743.0,DEN,0.6537,-0.4085,-1.0316,-0.4759,1.9082,1.2484,-0.0234,-0.553,-0.2237,-1.0529,0.5523,-1.1352,1.6079,Denver Nuggets,1999-2007,Denver Nuggets_1999,0.0,0.8065,0.9363,0.0,0.0,0.0,0.1139,0.0,0.7512,0.7755,0.0,0.3153,1.1287,0.1726
1999,1610612744,89.7847,0.2717,0.2763,0.3166,0.0324,0.103,0.2816,0.5994,0.3823,0.1696,0.0911,0.0486,0.3711,0.5929,0.1354,97.505,99.956,-2.451,9072.0,GSW,0.1673,-1.3252,1.3254,0.7692,-0.3632,-0.9413,-1.2828,-0.1283,1.9374,-0.1474,-0.6788,1.6191,-0.8728,Golden State Warriors,1999-2007,Golden State Warriors_1999,0.0,1.3827,0.82,0.0,0.0,0.0,0.9883,0.0,0.9608,0.2529,0.0,0.0,0.5761,0.0193
1999,1610612745,89.4179,0.306,0.2492,0.2049,0.0448,0.1951,0.3162,0.6014,0.3129,0.1802,0.0862,0.0577,0.3735,0.4541,0.2398,104.5097,102.5023,2.0074,8640.0,HOU,0.0038,-0.1038,0.3322,-1.7614,0.6808,2.0883,-0.3758,-0.0901,-0.7968,-0.6403,0.2551,-1.5843,1.8969,Houston Rockets,1999-2007,Houston Rockets_1999,0.0,1.3509,1.3469,0.0,0.0,0.0,0.3701,0.0,0.0,0.109,0.0,0.0,1.6366,0.1865
1999,1610612746,89.8814,0.3269,0.2694,0.2364,0.031,0.1362,0.303,0.4779,0.3375,0.1751,0.0932,0.0517,0.3102,0.5058,0.1673,99.3258,109.0521,-9.7263,8902.0,LAC,0.2104,0.6387,1.0745,-1.0482,-0.4757,0.152,-0.7217,-2.4415,0.1704,0.0609,-0.3674,-0.39,-0.0277,Los Angeles Clippers,1999-2007,Los Angeles Clippers_1999,0.0,0.6171,1.0575,0.0,0.0,0.0,1.0945,0.0,0.5427,0.0,0.0,1.0712,0.5151,0.102
1999,1610612747,91.917,0.34,0.264,0.2219,0.0323,0.1418,0.382,0.5948,0.3395,0.1632,0.0844,0.0623,0.3532,0.4859,0.1741,107.1197,104.1224,2.9973,9230.0,LAL,1.118,1.1064,0.8765,-1.378,-0.3696,0.335,1.3457,-0.2165,0.2522,-0.819,0.7276,-0.8506,0.1531,Los Angeles Lakers,1999-2007,Los Angeles Lakers_1999,0.0,0.0,0.935,0.0,0.4178,0.0,0.2625,0.0,0.7839,1.1024,0.0,0.61,0.8033,0.0853
1999,1610612748,84.9302,0.2837,0.2202,0.2704,0.0534,0.1723,0.3349,0.6297,0.2987,0.1745,0.0761,0.069,0.3782,0.4906,0.2257,103.9452,99.2063,4.7389,7304.0,MIA,-1.997,-0.899,-0.729,-0.2783,1.4065,1.3395,0.1124,0.4474,-1.3574,-1.6493,1.4189,-0.7431,1.5229,Miami Heat,1999-2007,Miami Heat_1999,0.0,1.1258,1.613,0.0,0.6765,0.0,0.0,0.0,0.3998,0.1386,0.0,0.0,0.859,0.1874
1999,1610612749,87.606,0.2824,0.2501,0.3027,0.052,0.1128,0.3027,0.5773,0.3204,0.1655,0.0989,0.0463,0.3439,0.5528,0.1648,104.8243,102.5768,2.2475,8078.0,MIL,-0.804,-0.9454,0.3676,0.4546,1.2847,-0.6203,-0.73,-0.5489,-0.5026,0.6241,-0.9176,0.6948,-0.0939,Milwaukee Bucks,1999-2007,Milwaukee Bucks_1999,0.0,0.261,1.0183,0.0,0.474,0.0,0.421,0.0,1.3692,0.7685,0.0,0.2564,0.3538,0.0779
1999,1610612750,91.7588,0.2621,0.2313,0.4118,0.0222,0.0726,0.2642,0.6627,0.3511,0.1394,0.0927,0.0592,0.3426,0.6432,0.0948,101.0657,100.6744,0.3913,9195.0,MIN,1.0474,-1.6696,-0.3209,2.9293,-1.217,-1.9447,-1.7388,1.0761,0.7093,0.0063,0.4076,2.7808,-1.9505,Minnesota Timberwolves,1999-2007,Minnesota Timberwolves_1999,0.0,1.7666,1.0619,0.0,1.0164,0.0,0.287,0.0,0.0,0.1185,0.0,0.1198,0.5992,0.0305
1999,1610612751,92.3672,0.3264,0.1758,0.3321,0.0257,0.1401,0.3036,0.5525,0.3358,0.1634,0.1058,0.0597,0.345,0.5078,0.1658,98.6939,102.4329,-3.739,8721.0,NJN,1.3187,0.6213,-2.3555,1.1204,-0.9251,0.2791,-0.7069,-1.0207,0.1043,1.3174,0.4597,-0.3443,-0.0673,New Jersey Nets,1999-2007,New Jersey Nets_1999,0.0,0.6495,0.744,0.0,0.1712,0.0,0.6241,0.0,0.6677,0.3704,0.0,0.6773,0.7388,0.3571
1999,1610612752,87.6005,0.3251,0.284,0.2307,0.0332,0.127,0.3272,0.6058,0.3074,0.1866,0.0917,0.0604,0.3722,0.5147,0.1602,98.2992,96.7217,1.5775,8114.0,NYK,-0.8065,0.5749,1.6056,-1.1764,-0.2906,-0.153,-0.0891,-0.0073,-1.0153,-0.0911,0.5336,-0.1856,-0.215,New York Knicks,1999-2007,New York Knicks_1999,0.0,1.0148,1.1833,0.0,0.0336,0.0,0.0,0.0,1.2793,0.6701,0.0,0.673,0.0821,0.0638
1999,1610612753,88.5635,0.2999,0.1992,0.3285,0.0251,0.1473,0.3142,0.6304,0.3652,0.1828,0.1111,0.0452,0.3539,0.5276,0.1724,100.1873,97.8439,2.3433,8539.0,ORL,-0.3771,-0.3218,-1.4995,1.0396,-0.9701,0.5164,-0.4284,0.4617,1.2643,1.8442,-1.0314,0.1132,0.1097,Orlando Magic,1999-2007,Orlando Magic_1999,0.0,0.6251,1.528,0.0,1.008,0.0,0.0,0.0,0.0,0.3464,0.0,0.7571,0.6518,0.0835
1999,1610612754,87.2737,0.2522,0.2813,0.2622,0.0549,0.1494,0.3187,0.5758,0.3148,0.1473,0.0722,0.0513,0.3598,0.5435,0.2043,107.8835,103.1228,4.7607,8451.0,IND,-0.9522,-2.0206,1.5082,-0.4637,1.5318,0.5849,-0.3104,-0.5781,-0.7241,-2.0411,-0.401,0.4788,0.9547,Indiana Pacers,1999-2007,Indiana Pacers_1999,0.0,1.0542,1.0001,0.0,0.0,0.0,0.0598,0.0,1.2674,0.5688,0.0,0.1069,0.8,0.1428
1999,1610612755,89.5433,0.3196,0.2808,0.3034,0.0186,0.0776,0.3819,0.5593,0.3726,0.1803,0.1191,0.0605,0.3456,0.5842,0.0962,98.9916,96.9988,1.9927,8529.0,PHI,0.0597,0.378,1.4886,0.4718,-1.5191,-1.7777,1.3443,-0.8915,1.5529,2.645,0.5442,1.4192,-1.9114,Philadelphia 76ers,1999-2007,Philadelphia 76ers_1999,0.0,0.6269,1.1251,0.0,0.3249,0.0,0.9375,0.0,0.8373,0.0,0.0,1.0254,0.0,0.1229
1999,1610612756,90.4304,0.2811,0.2305,0.3146,0.0392,0.1347,0.2959,0.6924,0.3032,0.1489,0.0977,0.0445,0.346,0.545,0.1739,104.8646,102.5453,2.3193,8719.0,PHX,0.4552,-0.9928,-0.3527,0.7239,0.2113,0.1011,-0.9083,1.6411,-1.1778,0.5068,-1.1083,0.5148,0.1481,Phoenix Suns,1999-2007,Phoenix Suns_1999,0.0,1.5263,0.9539,0.0,0.4818,0.0,0.0,0.0,0.0,0.0,0.0,0.9499,0.9997,0.0884
1999,1610612757,89.4972,0.2986,0.2394,0.2903,0.0389,0.1328,0.3398,0.6151,0.3525,0.1685,0.0899,0.0625,0.371,0.5297,0.1717,104.3801,97.7518,6.6283,8900.0,POR,0.0391,-0.3694,-0.0264,0.1749,0.1841,0.0391,0.2411,0.1697,0.763,-0.2673,0.7514,0.1615,0.0896,Portland Trail Blazers,1999-2007,Portland Trail Blazers_1999,0.0,1.1296,1.0308,0.0,0.0,0.0,0.0,0.0,1.0547,0.9775,0.0,0.3499,0.4326,0.0249
1999,1610612758,96.4515,0.3384,0.2277,0.214,0.0441,0.1758,0.3038,0.5893,0.3388,0.1728,0.0909,0.047,0.3532,0.4417,0.2199,102.5817,102.6611,-0.0794,9613.0,SAC,3.1396,1.0481,-0.4532,-1.5565,0.6216,1.4553,-0.701,-0.3216,0.221,-0.1751,-0.8502,-1.871,1.3684,Sacramento Kings,1999-2007,Sacramento Kings_1999,0.0,2.372,1.1346,0.0,0.0,0.0,0.0,0.0,0.0,0.0,0.0,0.4986,0.8291,0.1657
1999,1610612759,89.0435,0.3434,0.2358,0.2841,0.047,0.0897,0.3712,0.6328,0.347,0.1695,0.0939,0.0783,0.3881,0.5199,0.1367,103.6408,94.5126,9.1282,8960.0,SAS,-0.1632,1.2262,-0.1563,0.0333,0.8636,-1.38,1.064,0.5065,0.5463,0.1301,2.3821,-0.0646,-0.8388,San Antonio Spurs,1999-2007,San Antonio Spurs_1999,0.0,1.4498,0.9462,0.0,0.2825,0.0,0.0,0.0,0.0,0.4387,0.0,0.0,1.8241,0.0587
1999,1610612760,90.0198,0.3116,0.2452,0.2171,0.0511,0.1751,0.3405,0.619,0.3595,0.1685,0.0866,0.0443,0.35,0.4623,0.2261,104.4714,105.7307,-1.2593,9077.0,SEA,0.2721,0.0948,0.1874,-1.4869,1.2079,1.4296,0.2613,0.2449,1.0369,-0.5974,-1.1272,-1.3961,1.5328,Seattle SuperSonics,1999-2007,Seattle SuperSonics_1999,0.0,1.1903,0.9869,0.0,0.0,0.0,0.7295,0.0,0.0,0.3343,0.0,0.2529,1.1822,0.3239
1999,1610612761,89.469,0.3086,0.2429,0.2821,0.0437,0.1227,0.3333,0.6236,0.366,0.1766,0.0977,0.0734,0.3512,0.525,0.1664,101.2769,102.785,-1.5081,8466.0,TOR,0.0265,-0.0113,0.102,-0.0127,0.594,-0.2956,0.0726,0.3329,1.2959,0.5094,1.8768,0.0513,-0.0506,Toronto Raptors,1999-2007,Toronto Raptors_1999,0.0,1.5498,0.4359,0.0,0.6682,0.0,0.4206,0.0,0.7223,0.1169,0.0,0.4607,0.5797,0.0458
1999,1610612762,87.3758,0.3688,0.1934,0.3307,0.0188,0.0884,0.4171,0.715,0.3378,0.1836,0.0898,0.0623,0.3723,0.524,0.1072,105.256,97.9242,7.3318,8865.0,UTA,-0.9067,2.1306,-1.7112,1.089,-1.5027,-1.4235,2.2666,2.0716,0.1839,-0.28,0.7281,0.0299,-1.6209,Utah Jazz,1999-2007,Utah Jazz_1999,0.0,0.7587,1.003,0.0,0.1861,0.0,0.4152,0.0,0.5946,0.8105,0.0,1.1559,0.0,0.0759
1999,1610612763,89.065,0.3341,0.2561,0.2927,0.0294,0.0877,0.3646,0.5852,0.3471,0.1862,0.092,0.0453,0.3238,0.5488,0.1171,98.4209,107.7248,-9.3039,8502.0,VAN,-0.1535,0.8944,0.5859,0.2289,-0.6101,-1.4471,0.8911,-0.3998,0.551,-0.0565,-1.0226,0.6026,-1.3581,Vancouver Grizzlies,1999-2007,Vancouver Grizzlies_1999,0.0,1.2951,0.9626,0.0,0.4614,0.0,0.2906,0.0,0.0,0.4579,0.0,0.6614,0.6255,0.2455
1999,1610612764,90.2437,0.289,0.2651,0.2988,0.0292,0.1179,0.3074,0.603,0.3153,0.1632,0.0874,0.0425,0.3437,0.5638,0.1471,100.5746,102.8506,-2.276,8701.0,WAS,0.372,-0.7099,0.9142,0.3657,-0.6263,-0.4512,-0.6052,-0.0609,-0.7023,-0.524,-1.3103,0.9489,-0.5612,Washington Wizards,1999-2007,Washington Wizards_1999,0.0,1.3572,1.0437,0.0,0.5221,0.0,0.2387,0.0,0.7907,0.5698,0.0,0.0,0.4295,0.0483
1999,1610612765,86.8836,0.3259,0.2269,0.2626,0.0339,0.1506,0.3453,0.6061,0.3418,0.1818,0.1018,0.0483,0.3546,0.4895,0.1846,103.77,100.0717,3.6983,8376.0,DET,-1.1261,0.605,-0.4824,-0.4553,-0.2296,0.6256,0.3859,-0.0008,0.3421,0.9168,-0.7179,-0.7679,0.4314,Detroit Pistons,1999-2007,Detroit Pistons_1999,0.0,0.0,0.7371,0.0,0.1996,0.0,0.713,0.0,1.2809,0.8528,0.0,0.0,0.9052,0.3114
1999,1610612766,90.3574,0.2853,0.2342,0.2853,0.0508,0.1443,0.3811,0.6671,0.2749,0.1708,0.0968,0.0542,0.3556,0.5195,0.1951,102.4506,101.6651,0.7855,8407.0,CHH,0.4226,-0.8412,-0.216,0.0613,1.1896,0.4166,1.3242,1.1603,-2.2953,0.4198,-0.1019,-0.0738,0.7111,Charlotte Hornets,1999-2007,Charlotte Hornets_1999,0.0,0.4671,1.1804,0.0,0.7209,0.0,0.6355,0.0,0.0,0.1919,0.0,0.7353,1.0331,0.0357
2000,1610612737,92.3516,0.27,0.297,0.3144,0.0165,0.1021,0.288,0.5136,0.346,0.1672,0.0647,0.0602,0.3666,0.6114,0.1185,101.4584,106.6757,-5.2174,14707.0,ATL,-0.5151,-0.8666,1.308,0.4806,-1.8696,-0.8173,-0.6245,-1.9441,1.1832,-2.0749,0.5138,1.4934,-1.2775,Atlanta Hawks,1999-2007,Atlanta Hawks_2000,0.0,0.8085,0.5953,0.0,0.5477,0.0,0.3124,0.0,1.6859,0.738,0.0,0.291,0.0,0.0212
2000,1610612738,95.2644,0.3351,0.2399,0.2404,0.0487,0.1358,0.3183,0.5733,0.3334,0.1603,0.1016,0.0364,0.3303,0.4803,0.1845,103.9321,105.1003,-1.1682,15282.0,BOS,0.7156,1.1505,-0.039,-1.2084,0.6508,0.3042,0.3487,-0.7043,0.6329,1.8637,-1.7652,-1.0663,0.4603,Boston Celtics,1999-2007,Boston Celtics_2000,0.0,0.4553,0.6614,0.0,0.3276,0.0,0.4472,0.0,0.9499,0.2132,0.0,1.6048,0.3246,0.016
2000,1610612739,96.4653,0.3389,0.2115,0.3125,0.0286,0.1085,0.3264,0.6546,0.3121,0.1806,0.089,0.0446,0.3423,0.524,0.1371,100.0133,103.531,-3.5176,14996.0,CLE,1.223,1.2683,-0.7115,0.4371,-0.9195,-0.6037,0.6104,0.9839,-0.3005,0.5179,-0.981,-0.2147,-0.7883,Cleveland Cavaliers,1999-2007,Cleveland Cavaliers_2000,0.0,0.6382,0.9762,0.0,0.6094,0.0,0.9508,0.0,0.0589,0.0,0.0,0.6075,1.0876,0.0714
2000,1610612741,90.229,0.3134,0.24,0.2789,0.0279,0.1397,0.3325,0.6398,0.3351,0.2103,0.0874,0.051,0.3383,0.5189,0.1676,93.8971,104.3442,-10.447,14208.0,CHI,-1.4119,0.4784,-0.0373,-0.3292,-0.9755,0.4331,0.8071,0.6769,0.7052,0.3512,-0.3684,-0.3126,0.015,Chicago Bulls,1999-2007,Chicago Bulls_2000,0.0,1.0167,1.2546,0.0,0.1142,0.0,0.421,0.0,0.5107,0.5008,0.0,0.7896,0.3468,0.0455
2000,1610612742,95.3733,0.2565,0.2443,0.3109,0.0517,0.1366,0.2473,0.5668,0.2787,0.1431,0.0752,0.0537,0.3368,0.5552,0.1883,106.2018,106.7837,-0.5819,15279.0,DAL,0.7616,-1.2852,0.0635,0.401,0.8812,0.3303,-1.9325,-0.8402,-1.7611,-0.9594,-0.1137,0.3956,0.5586,Dallas Mavericks,1999-2007,Dallas Mavericks_2000,0.0,0.0,0.67,0.0,0.7434,0.0,0.7918,0.0,1.9141,0.0,0.0,0.2246,0.4686,0.1876
2000,1610612743,95.1333,0.3085,0.2201,0.2686,0.0557,0.1471,0.305,0.6272,0.3256,0.1616,0.0691,0.0782,0.3585,0.4887,0.2028,103.4068,105.4654,-2.0586,14789.0,DEN,0.6602,0.3251,-0.5068,-0.5648,1.1966,0.6785,-0.0801,0.4146,0.2921,-1.6044,2.2328,-0.9026,0.9409,Denver Nuggets,1999-2007,Denver Nuggets_2000,0.0,1.5743,0.9742,0.0,0.0,0.0,0.0863,0.0,0.3415,0.4659,0.0,0.2411,1.2407,0.076
2000,1610612744,96.1655,0.2927,0.2702,0.2889,0.0315,0.1167,0.299,0.6211,0.3583,0.164,0.0922,0.0455,0.3311,0.5591,0.1482,99.3737,107.4499,-8.0762,15342.0,GSW,1.0963,-0.1624,0.6754,-0.1028,-0.6959,-0.3313,-0.2728,0.2887,1.7207,0.86,-0.9027,0.4709,-0.497,Golden State Warriors,1999-2007,Golden State Warriors_2000,0.0,1.0583,1.1224,0.0,0.3341,0.0,1.1454,0.0,0.6314,0.0,0.0,0.5225,0.158,0.0278
2000,1610612745,94.4124,0.3551,0.1904,0.2086,0.0563,0.1895,0.3236,0.5888,0.3226,0.1827,0.079,0.0566,0.3574,0.3991,0.2458,104.3735,105.1117,-0.7382,15224.0,HOU,0.3556,1.7693,-1.2075,-1.9328,1.2469,2.0863,0.5198,-0.3832,0.1585,-0.5532,0.1682,-2.653,2.0742,Houston Rockets,1999-2007,Houston Rockets_2000,0.0,0.4149,1.1498,0.0,0.0,0.0,0.012,0.0,0.6278,0.8927,0.0,1.1393,0.7359,0.0275
2000,1610612746,94.3581,0.278,0.301,0.2318,0.0322,0.157,0.2735,0.5112,0.2854,0.1705,0.0742,0.0634,0.3298,0.5327,0.1892,97.6931,109.6506,-11.9575,14927.0,LAC,0.3327,-0.6191,1.4011,-1.405,-0.6393,1.0081,-1.0902,-1.9948,-1.4647,-1.068,0.8203,-0.0431,0.5842,Los Angeles Clippers,1999-2007,Los Angeles Clippers_2000,0.0,0.5591,0.5874,0.0,0.0882,0.0,0.7194,0.0,0.7095,0.409,0.0,0.7046,1.1897,0.0332
2000,1610612747,93.9695,0.3097,0.291,0.2443,0.032,0.123,0.3476,0.612,0.3422,0.148,0.0795,0.069,0.3845,0.5354,0.155,106.5918,97.6993,8.8925,15133.0,LAL,0.1685,0.3615,1.1666,-1.1185,-0.6566,-0.1222,1.2928,0.0999,1.018,-0.5008,1.3543,0.008,-0.318,Los Angeles Lakers,1999-2007,Los Angeles Lakers_2000,0.0,0.7903,0.3198,0.0,0.4823,0.0,0.1846,0.0,1.2731,0.0,0.0,1.0278,0.8337,0.0885
2000,1610612748,90.3611,0.2633,0.2398,0.3094,0.0519,0.1356,0.2822,0.6496,0.2981,0.1664,0.0789,0.0705,0.3773,0.5492,0.1875,103.8504,100.1668,3.6837,14390.0,MIA,-1.3561,-1.0759,-0.0428,0.3667,0.9043,0.2956,-0.8103,0.881,-0.9094,-0.5577,1.4918,0.2784,0.5388,Miami Heat,1999-2007,Miami Heat_2000,0.0,1.845,0.9807,0.0,0.0,0.0,0.1937,0.0,0.7169,0.0425,0.0,0.0,1.1999,0.0214
2000,1610612749,93.1461,0.2466,0.2926,0.3045,0.0516,0.1047,0.286,0.5841,0.3237,0.1592,0.087,0.0487,0.3339,0.5971,0.1562,107.5053,107.2601,0.2452,14981.0,MIL,-0.1794,-1.5918,1.2043,0.2546,0.8756,-0.7309,-0.6891,-0.4797,0.208,0.3051,-0.5907,1.2142,-0.2848,Milwaukee Bucks,1999-2007,Milwaukee Bucks_2000,0.0,0.0,0.1524,0.0,0.7537,0.0,0.3685,0.0,2.2524,0.8542,0.0,0.5232,0.0795,0.0162
2000,1610612750,92.2924,0.2326,0.2359,0.4279,0.0282,0.0754,0.256,0.6835,0.3179,0.1488,0.0813,0.058,0.3548,0.6638,0.1036,105.5113,102.8751,2.6362,15309.0,MIN,-0.5401,-2.0273,-0.1348,3.0706,-0.9512,-1.7026,-1.654,1.5851,-0.0474,-0.3065,0.3011,2.5161,-1.6703,Minnesota Timberwolves,1999-2007,Minnesota Timberwolves_2000,0.0,1.3049,1.037,0.0,1.4497,0.0,0.68,0.0,0.0,0.0,0.0,0.0,0.5226,0.0057
2000,1610612751,93.1868,0.317,0.1581,0.3257,0.0423,0.1568,0.294,0.5699,0.3067,0.1447,0.0929,0.0505,0.3267,0.4838,0.1992,104.2851,105.3781,-1.0929,14840.0,NJN,-0.1622,0.5894,-1.9716,0.7392,0.1529,1.0019,-0.4337,-0.7742,-0.5367,0.9302,-0.4151,-0.9987,0.846,New Jersey Nets,1999-2007,New Jersey Nets_2000,0.0,0.7128,1.0111,0.0,0.5604,0.0,0.4914,0.0,0.5939,0.0,0.0,0.0,1.6246,0.0058
2000,1610612752,89.4882,0.291,0.2974,0.2656,0.0446,0.1014,0.2855,0.5456,0.2711,0.1618,0.0703,0.0471,0.3726,0.563,0.146,102.5299,100.4905,2.0394,14251.0,NYK,-1.7249,-0.2159,1.3163,-0.6332,0.3335,-0.8408,-0.7062,-1.2795,-2.0922,-1.4743,-0.7465,0.5472,-0.5544,New York Knicks,1999-2007,New York Knicks_2000,0.0,1.2115,1.0018,0.0,0.0,0.0,0.0,0.0,1.6236,0.5007,0.0,0.5741,0.0,0.0883
2000,1610612753,97.6265,0.3315,0.1966,0.3478,0.021,0.1032,0.3067,0.5421,0.3516,0.1769,0.0927,0.0592,0.3437,0.5444,0.1241,102.3097,101.241,1.0687,15486.0,ORL,1.7136,1.0372,-1.0625,1.2433,-1.5192,-0.7808,-0.0249,-1.3519,1.4296,0.9104,0.4141,0.1848,-1.1306,Orlando Magic,1999-2007,Orlando Magic_2000,0.0,0.6853,1.1243,0.0,0.381,0.0,0.0,0.0,0.2291,1.0673,0.0,1.0584,0.3724,0.0823
2000,1610612754,93.5727,0.2337,0.2739,0.2676,0.0687,0.1561,0.2938,0.6132,0.2739,0.1498,0.0721,0.0548,0.3684,0.5415,0.2248,107.6597,102.913,4.7467,14636.0,IND,0.0008,-1.9933,0.7627,-0.5875,2.2127,0.9785,-0.4384,0.1248,-1.9686,-1.29,-0.0037,0.1282,1.5209,Indiana Pacers,1999-2007,Indiana Pacers_2000,0.0,0.9956,0.9837,0.0,0.0,0.0,0.5367,0.0,0.7523,0.0,0.0,0.3736,1.3011,0.0569
2000,1610612755,93.1941,0.3194,0.3074,0.2784,0.0205,0.0743,0.3276,0.6056,0.3545,0.1646,0.1026,0.0498,0.3449,0.5858,0.0948,100.7003,99.72,0.9803,14282.0,PHI,-0.1591,0.6621,1.554,-0.3415,-1.556,-1.7383,0.6486,-0.0343,1.5549,1.9725,-0.4821,0.9934,-1.9023,Philadelphia 76ers,1999-2007,Philadelphia 76ers_2000,0.0,0.3889,1.2101,0.0,0.0,0.0,1.1618,0.0,1.2029,0.0,0.0,0.932,0.083,0.0213
2000,1610612756,94.5718,0.3198,0.2206,0.2765,0.0436,0.1396,0.2851,0.6768,0.3208,0.1758,0.0958,0.0549,0.3554,0.497,0.1832,103.8598,98.5814,5.2784,15230.0,PHX,0.423,0.6745,-0.4958,-0.3855,0.2519,0.4289,-0.7189,1.4464,0.0807,1.2385,0.0025,-0.7401,0.4249,Phoenix Suns,1999-2007,Phoenix Suns_2000,0.0,0.3176,0.9349,0.0,0.4424,0.0,0.3525,0.0,0.5555,0.4244,0.0,0.6926,1.2089,0.0713
2000,1610612757,89.9119,0.323,0.2142,0.2871,0.0463,0.1294,0.3141,0.6376,0.3346,0.1681,0.0857,0.0534,0.3757,0.5013,0.1758,108.0112,100.8402,7.171,14281.0,POR,-1.5459,0.7734,-0.6473,-0.1422,0.4643,0.0918,0.2132,0.6322,0.6824,0.165,-0.1462,-0.6573,0.2291,Portland Trail Blazers,1999-2007,Portland Trail Blazers_2000,0.0,1.1499,0.9934,0.0,0.0,0.0,0.3327,0.0,0.6828,0.2155,0.0,1.5761,0.0,0.0496
2000,1610612758,99.3622,0.2855,0.2293,0.2566,0.0408,0.1878,0.2737,0.5963,0.3125,0.1623,0.0948,0.0463,0.3487,0.4859,0.2286,104.6795,101.8836,2.7958,15604.0,SAC,2.447,-0.3861,-0.2905,-0.8383,0.0302,2.0296,-1.0859,-0.2259,-0.2818,1.1388,-0.8257,-0.9577,1.6196,Sacramento Kings,1999-2007,Sacramento Kings_2000,0.0,2.0315,0.9246,0.0,0.2423,0.0,0.0,0.0,0.1665,0.322,0.0,0.0,1.2927,0.0203
2000,1610612759,91.2248,0.3117,0.2575,0.2946,0.0513,0.085,0.3433,0.6182,0.3122,0.163,0.0816,0.0723,0.381,0.552,0.1363,104.6966,98.1798,6.5168,14729.0,SAS,-0.9912,0.4233,0.3745,0.0273,0.854,-1.3829,1.1528,0.2279,-0.294,-0.2692,1.6649,0.3332,-0.8091,San Antonio Spurs,1999-2007,San Antonio Spurs_2000,0.0,1.3693,1.3511,0.0,0.4805,0.0,0.2457,0.0,0.0,0.375,0.0,0.0,1.0559,0.1224
2000,1610612760,93.5594,0.2957,0.2028,0.2697,0.0509,0.1809,0.2817,0.6031,0.3196,0.1485,0.0847,0.0443,0.3522,0.4725,0.2318,105.183,104.5974,0.5856,15234.0,SEA,-0.0048,-0.0719,-0.9157,-0.5393,0.8211,1.8016,-0.8287,-0.0846,0.0299,0.0605,-1.0165,-1.219,1.705,Seattle SuperSonics,1999-2007,Seattle SuperSonics_2000,0.0,0.7095,0.137,0.0,0.8557,0.0,0.0532,0.0,1.1165,0.1872,0.0,0.9309,0.9557,0.0544
2000,1610612761,93.1486,0.2562,0.196,0.376,0.0543,0.1175,0.3011,0.656,0.3257,0.1485,0.0871,0.0719,0.3442,0.572,0.1718,103.9439,103.9294,0.0144,14962.0,TOR,-0.1783,-1.294,-1.0768,1.8854,1.0874,-0.3038,-0.2034,1.0134,0.2955,0.3188,1.6307,0.7226,0.1252,Toronto Raptors,1999-2007,Toronto Raptors_2000,0.0,1.6587,0.6578,0.0,0.6161,0.0,0.2253,0.0,1.3679,0.0,0.0,0.0,0.4529,0.0214
2000,1610612762,89.9984,0.3095,0.2014,0.3556,0.0273,0.1062,0.336,0.689,0.3295,0.165,0.0853,0.06,0.3514,0.557,0.1334,106.6409,102.2737,4.3672,14456.0,UTA,-1.5093,0.358,-0.9477,1.4196,-1.0258,-0.6806,0.9184,1.6994,0.4633,0.1181,0.4933,0.4308,-0.8851,Utah Jazz,1999-2007,Utah Jazz_2000,0.0,0.9482,1.3634,0.0,0.3913,0.0,0.6155,0.0,0.5504,0.3969,0.0,0.0,0.7342,0.0
2000,1610612763,91.4192,0.2956,0.2751,0.2884,0.0444,0.0965,0.322,0.5898,0.3284,0.1827,0.0804,0.0449,0.3285,0.5635,0.1409,101.986,108.1586,-6.1726,14010.0,VAN,-0.909,-0.0737,0.7905,-0.1135,0.3135,-1.0012,0.4684,-0.3626,0.4153,-0.3962,-0.953,0.5569,-0.6884,Vancouver Grizzlies,1999-2007,Vancouver Grizzlies_2000,0.0,1.4808,1.0023,0.0,0.4059,0.0,0.4397,0.0,0.7897,0.0904,0.0,0.4318,0.3149,0.0445
2000,1610612764,93.034,0.2959,0.2882,0.2847,0.0275,0.1038,0.3085,0.5858,0.3345,0.1699,0.077,0.0502,0.3439,0.5729,0.1312,102.4652,105.789,-3.3239,14366.0,WAS,-0.2268,-0.0659,1.0997,-0.1977,-1.0104,-0.76,0.0332,-0.4454,0.6797,-0.7688,-0.4447,0.7407,-0.9428,Washington Wizards,1999-2007,Washington Wizards_2000,0.0,1.028,0.965,0.0,0.2738,0.0,0.0,0.0,0.9536,1.1395,0.0,0.1233,0.456,0.0608
2000,1610612765,96.1971,0.3514,0.1542,0.3091,0.0456,0.1397,0.379,0.5643,0.2993,0.1622,0.084,0.0352,0.3388,0.4633,0.1853,106.288,105.5313,0.7567,15127.0,DET,1.1097,1.6543,-2.0632,0.3603,0.4057,0.4334,2.3012,-0.8905,-0.8604,-0.0137,-1.8849,-1.3986,0.4803,Detroit Pistons,1999-2007,Detroit Pistons_2000,0.0,0.6194,0.9717,0.0,0.4788,0.0,0.2049,0.0,1.4991,0.5633,0.0,0.0,0.631,0.0319
2000,1610612766,94.5326,0.3046,0.26,0.2826,0.0293,0.1235,0.3783,0.6901,0.2953,0.1555,0.0943,0.0606,0.3606,0.5426,0.1528,103.6959,100.9472,2.7487,15204.0,CHH,0.4064,0.2038,0.4343,-0.2454,-0.8634,-0.1057,2.2789,1.721,-1.0328,1.0861,0.5526,0.1493,-0.3745,Charlotte Hornets,1999-2007,Charlotte Hornets_2000,0.0,2.0074,1.08,0.0,0.4037,0.0,0.1086,0.0,0.7009,0.2464,0.0,0.1511,0.2806,0.0212
2001,1610612737,92.4847,0.2728,0.296,0.2916,0.0334,0.1061,0.2706,0.5427,0.3136,0.1802,0.0834,0.0511,0.3544,0.5877,0.1395,98.164,103.6025,-5.4385,15149.0,ATL,0.4791,-0.6826,1.5698,-0.2571,-0.6974,-0.8192,-1.3296,-1.5251,0.0215,-0.1486,-0.7116,1.1033,-0.8988,Atlanta Hawks,1999-2007,Atlanta Hawks_2001,0.0,1.1508,0.7812,0.0,0.5717,0.0,0.0,0.0,1.0846,0.4202,0.0,0.8036,0.1588,0.0291
2001,1610612738,92.702,0.3325,0.1784,0.2373,0.0674,0.1844,0.3377,0.6159,0.2821,0.1677,0.1004,0.0439,0.3356,0.4157,0.2518,101.266,103.6176,-2.3516,15319.0,BOS,0.5891,1.2792,-1.4119,-1.5739,2.0147,2.1205,1.0002,0.1306,-1.2553,1.822,-1.5822,-2.5935,2.4038,Boston Celtics,1999-2007,Boston Celtics_2001,0.0,0.4727,0.6829,0.0,0.3079,0.0,0.4873,0.0,1.638,0.0368,0.0,0.5384,0.8361,0.0
2001,1610612739,91.3613,0.3169,0.2572,0.325,0.0357,0.0652,0.3123,0.591,0.3303,0.1792,0.0849,0.0577,0.349,0.5822,0.1009,100.3051,104.6441,-4.339,15096.0,CLE,-0.0898,0.7673,0.5856,0.5517,-0.5169,-2.3533,0.1188,-0.4331,0.7006,0.03,0.09,0.9861,-2.0344,Cleveland Cavaliers,1999-2007,Cleveland Cavaliers_2001,0.0,1.1224,1.0028,0.0,0.7167,0.0,0.4431,0.0,0.8505,0.3056,0.0,0.0,0.5252,0.0337
2001,1610612741,89.4787,0.2842,0.2391,0.3285,0.0204,0.1277,0.2978,0.6652,0.3,0.1745,0.0912,0.0512,0.3296,0.5676,0.1482,97.0012,107.0927,-10.0915,14805.0,CHI,-1.0433,-0.3087,0.1274,0.6361,-1.7331,-0.0065,-0.3859,1.2441,-0.528,0.753,-0.6954,0.6723,-0.6436,Chicago Bulls,1999-2007,Chicago Bulls_2001,0.0,1.4917,0.8348,0.0,0.0,0.0,0.2195,0.0,0.6355,0.2168,0.0,0.8125,0.7213,0.0678
2001,1610612742,93.334,0.2704,0.247,0.2805,0.0488,0.1532,0.2909,0.564,0.2685,0.148,0.0803,0.0639,0.356,0.5275,0.2021,106.8889,102.4948,4.3941,15404.0,DAL,0.9092,-0.7628,0.3277,-0.5267,0.5342,0.9493,-0.6227,-1.0431,-1.8039,-0.507,0.8461,-0.1893,0.9406,Dallas Mavericks,1999-2007,Dallas Mavericks_2001,0.0,1.0449,1.2216,0.0,0.0959,0.0,0.6549,0.0,0.9876,0.0,0.0,0.5474,0.3923,0.0554
2001,1610612743,93.0758,0.3046,0.1979,0.2875,0.0641,0.1458,0.2856,0.6613,0.3061,0.148,0.072,0.0702,0.3667,0.4854,0.21,103.1392,105.9361,-2.7968,15342.0,DEN,0.7785,0.3638,-0.9176,-0.3581,1.7545,0.6727,-0.8086,1.1559,-0.2826,-1.4657,1.6043,-1.0958,1.1735,Denver Nuggets,1999-2007,Denver Nuggets_2001,0.0,1.5232,0.3794,0.0,0.1363,0.0,0.1918,0.0,0.6703,0.0,0.0,0.8539,1.1311,0.1139
2001,1610612744,94.8049,0.2744,0.279,0.3122,0.0277,0.1066,0.2821,0.6088,0.3674,0.1665,0.0949,0.0524,0.3287,0.5912,0.1344,97.1311,106.4842,-9.3531,15627.0,GSW,1.6542,-0.6303,1.1391,0.241,-1.1503,-0.7995,-0.9301,-0.0312,2.2034,1.1817,-0.546,1.1798,-1.0502,Golden State Warriors,1999-2007,Golden State Warriors_2001,0.0,1.2165,1.4027,0.0,0.309,0.0,1.1082,0.0,0.5691,0.0,0.0,0.0704,0.0953,0.2287
2001,1610612745,90.6929,0.3191,0.2019,0.2616,0.0559,0.1615,0.3212,0.5481,0.3016,0.1607,0.0783,0.0478,0.3629,0.4635,0.2174,106.421,103.842,2.579,14987.0,HOU,-0.4284,0.8385,-0.8169,-0.9847,1.0977,1.2614,0.4281,-1.4034,-0.463,-0.7376,-1.1125,-1.5663,1.3928,Houston Rockets,1999-2007,Houston Rockets_2001,0.0,0.892,1.2237,0.0,0.117,0.0,0.0,0.0,0.7557,0.2907,0.0,1.0625,0.6488,0.0097
2001,1610612746,89.6136,0.2881,0.3043,0.2432,0.0261,0.1382,0.3187,0.5473,0.3262,0.173,0.0655,0.0685,0.3695,0.5475,0.1644,101.4316,104.4629,-3.0312,14958.0,LAC,-0.975,-0.1811,1.7803,-1.4305,-1.2782,0.3872,0.3404,-1.4209,0.5355,-2.2227,1.4053,0.2408,-0.1675,Los Angeles Clippers,1999-2007,Los Angeles Clippers_2001,0.0,0.0,0.3143,0.0,0.7211,0.0,0.6635,0.0,0.7022,0.5424,0.0,1.392,0.6219,0.0427
2001,1610612747,91.7806,0.2988,0.2531,0.2572,0.0338,0.1571,0.3478,0.607,0.3528,0.1552,0.0739,0.0642,0.37,0.5103,0.1909,108.3213,104.9167,3.4046,15270.0,LAL,0.1225,0.172,0.4807,-1.0913,-0.6638,1.0942,1.352,-0.0719,1.6138,-1.2422,0.8844,-0.5605,0.6129,Los Angeles Lakers,1999-2007,Los Angeles Lakers_2001,0.0,0.0,0.295,0.0,0.7092,0.0,0.0,0.0,1.0065,0.8919,0.0,0.8311,1.2547,0.0116
2001,1610612748,87.3984,0.2646,0.214,0.3003,0.0481,0.1731,0.2995,0.605,0.2696,0.1547,0.0875,0.042,0.3652,0.5142,0.2212,100.6212,98.1479,2.4733,14479.0,MIA,-2.0969,-0.9529,-0.5104,-0.0484,0.4751,1.6939,-0.3273,-0.1156,-1.7586,0.3248,-1.8079,-0.4758,1.5023,Miami Heat,1999-2007,Miami Heat_2001,0.0,1.5099,1.07,0.0,0.3546,0.0,0.0952,0.0,0.7112,0.0,0.0,0.0,1.1037,0.1553
2001,1610612749,92.7422,0.2357,0.2673,0.2792,0.0628,0.155,0.2757,0.5925,0.2984,0.147,0.0879,0.0505,0.3545,0.5465,0.2179,108.1152,103.8577,4.2575,15287.0,MIL,0.6095,-1.9059,0.8415,-0.5588,1.6496,1.0179,-1.153,-0.3983,-0.5918,0.3695,-0.7833,0.2179,1.4053,Milwaukee Bucks,1999-2007,Milwaukee Bucks_2001,0.0,0.3213,0.0711,0.0,0.3037,0.0,0.3678,0.0,2.211,0.6918,0.0,0.5241,0.4979,0.0114
2001,1610612750,91.8971,0.2473,0.2368,0.3848,0.0357,0.0955,0.2528,0.6617,0.3135,0.1496,0.0899,0.0601,0.3501,0.6216,0.1311,105.0401,103.7432,1.2969,15186.0,MIN,0.1815,-1.5238,0.0683,2.0009,-0.518,-1.2178,-1.9467,1.1648,0.0174,0.6024,0.3826,1.833,-1.145,Minnesota Timberwolves,1999-2007,Minnesota Timberwolves_2001,0.0,1.2898,0.5643,0.0,0.9696,0.0,0.5233,0.0,0.7126,0.1731,0.0,0.1169,0.627,0.0234
2001,1610612751,92.1764,0.3293,0.2027,0.3024,0.0362,0.1293,0.3276,0.5764,0.2913,0.1592,0.0857,0.0537,0.3359,0.5052,0.1655,99.6306,105.1756,-5.545,15154.0,NJN,0.323,1.1757,-0.7948,0.0046,-0.476,0.0522,0.6507,-0.763,-0.8797,0.1162,-0.3885,-0.67,-0.1345,New Jersey Nets,1999-2007,New Jersey Nets_2001,0.0,1.0862,0.3888,0.0,0.0502,0.0,0.5851,0.0,1.4048,0.3963,0.0,0.4264,0.5223,0.14
2001,1610612752,86.7904,0.2841,0.2588,0.2772,0.0428,0.1371,0.2786,0.5517,0.2681,0.1654,0.0755,0.048,0.3782,0.536,0.1799,101.1963,97.9464,3.2498,14396.0,NYK,-2.4048,-0.3112,0.6262,-0.6076,0.0487,0.346,-1.0499,-1.3211,-1.8218,-1.0646,-1.0822,-0.008,0.289,New York Knicks,1999-2007,New York Knicks_2001,0.0,0.5352,0.9252,0.0,0.0652,0.0,0.2119,0.0,1.5808,0.5338,0.0,0.569,0.5507,0.0281
2001,1610612753,93.0413,0.3079,0.1631,0.3332,0.0326,0.1632,0.3009,0.5984,0.3225,0.1607,0.0871,0.0622,0.3422,0.4963,0.1958,103.3493,102.2225,1.1268,15472.0,ORL,0.761,0.4702,-1.8,0.7498,-0.7627,1.3257,-0.2777,-0.2658,0.3855,0.2786,0.6309,-0.8614,0.7578,Orlando Magic,1999-2007,Orlando Magic_2001,0.0,0.0,1.0218,0.0,0.3451,0.0,0.0,0.0,0.7752,1.0507,0.0,0.7234,0.9992,0.0845
2001,1610612754,89.8919,0.2609,0.2466,0.3122,0.062,0.1182,0.3124,0.6234,0.2998,0.1663,0.0752,0.0651,0.3718,0.5589,0.1802,101.4568,101.6299,-0.1731,14967.0,IND,-0.8341,-1.0746,0.3175,0.242,1.5882,-0.3657,0.1217,0.2994,-0.5382,-1.0953,0.9835,0.4839,0.2985,Indiana Pacers,1999-2007,Indiana Pacers_2001,0.0,0.4731,0.6806,0.0,0.1504,0.0,0.8433,0.0,0.7353,0.292,0.0,0.7205,1.0405,0.0643
2001,1610612755,91.2136,0.3025,0.3024,0.2712,0.0304,0.0934,0.3505,0.5829,0.3488,0.1712,0.0915,0.054,0.3732,0.5736,0.1238,102.8363,98.2887,4.5476,15083.0,PHI,-0.1646,0.2949,1.7315,-0.7517,-0.9394,-1.2939,1.4444,-0.6162,1.4488,0.7928,-0.3574,0.8016,-1.3599,Philadelphia 76ers,1999-2007,Philadelphia 76ers_2001,0.0,0.1884,1.261,0.0,0.3641,0.0,1.0397,0.0,1.0076,0.3691,0.0,0.6652,0.0957,0.0091
2001,1610612756,93.3946,0.2736,0.2486,0.3217,0.0448,0.1111,0.292,0.6471,0.3013,0.1624,0.1005,0.0556,0.3528,0.5704,0.156,100.0649,97.6651,2.3998,15414.0,PHX,0.9399,-0.6561,0.3685,0.4723,0.2152,-0.6297,-0.5864,0.8345,-0.4738,1.8336,-0.1568,0.7315,-0.4141,Phoenix Suns,1999-2007,Phoenix Suns_2001,0.0,1.4076,0.8932,0.0,0.2914,0.0,0.0983,0.0,0.7201,0.5351,0.0,0.6361,0.3728,0.0455
2001,1610612757,89.3224,0.3192,0.2102,0.3059,0.0371,0.1276,0.2959,0.6535,0.3279,0.1705,0.0914,0.057,0.367,0.5161,0.1647,106.1457,101.7549,4.3908,14722.0,POR,-1.1225,0.8414,-0.6053,0.0885,-0.4037,-0.011,-0.4496,0.9788,0.6013,0.7789,0.0067,-0.4348,-0.1573,Portland Trail Blazers,1999-2007,Portland Trail Blazers_2001,0.0,1.0677,0.7629,0.0,0.3743,0.0,0.5389,0.0,0.6426,0.0,0.0,1.3463,0.2159,0.0516
2001,1610612758,94.5418,0.3253,0.2013,0.2792,0.0518,0.1423,0.2977,0.5913,0.306,0.1544,0.1003,0.0546,0.3659,0.4806,0.1941,105.4741,99.4437,6.0303,15820.0,SAC,1.5209,1.0436,-0.831,-0.5579,0.7707,0.5413,-0.3867,-0.4261,-0.2861,1.8014,-0.2822,-1.1996,0.708,Sacramento Kings,1999-2007,Sacramento Kings_2001,0.0,1.4874,1.7223,0.0,0.0,0.0,0.0,0.0,0.0449,0.3997,0.0,0.3078,1.0158,0.0221
2001,1610612759,89.9728,0.2811,0.2477,0.2966,0.0618,0.1129,0.3737,0.6165,0.3076,0.154,0.0763,0.0774,0.3901,0.5442,0.1747,106.1659,97.4462,8.7196,14868.0,SAS,-0.7931,-0.412,0.3445,-0.1382,1.5689,-0.5637,2.249,0.1434,-0.2209,-0.9649,2.4801,0.1695,0.1363,San Antonio Spurs,1999-2007,San Antonio Spurs_2001,0.0,1.7023,1.2648,0.0,0.0999,0.0,0.2435,0.0,0.7253,0.0361,0.0,0.0,0.8978,0.0303
2001,1610612760,91.5223,0.3534,0.2551,0.2157,0.0423,0.1336,0.2987,0.5916,0.3229,0.1659,0.0869,0.0541,0.3482,0.4707,0.1758,105.6969,105.5445,0.1523,15105.0,SEA,-0.0083,1.9695,0.5319,-2.0986,0.0093,0.2113,-0.3539,-0.4193,0.4013,0.261,-0.3418,-1.4106,0.169,Seattle SuperSonics,1999-2007,Seattle SuperSonics_2001,0.0,1.0661,0.6361,0.0,0.3828,0.0,0.0796,0.0,0.8214,0.3371,0.0,0.5214,1.1425,0.0129
2001,1610612761,91.1591,0.2747,0.1898,0.3686,0.0387,0.1282,0.2847,0.6575,0.34,0.1425,0.079,0.0685,0.3637,0.5584,0.167,105.6611,103.179,2.4821,15159.0,TOR,-0.1923,-0.6223,-1.1241,1.6086,-0.273,0.0114,-0.8391,1.0697,1.0916,-0.6561,1.395,0.4736,-0.0916,Toronto Raptors,1999-2007,Toronto Raptors_2001,0.0,1.0943,1.1873,0.0,0.6903,0.0,0.2976,0.0,0.7468,0.0,0.0,0.1294,0.8114,0.0428
2001,1610612762,90.0667,0.3646,0.1859,0.314,0.0375,0.0979,0.3625,0.7132,0.3352,0.1745,0.0892,0.0625,0.3475,0.4999,0.1355,107.0766,102.1719,4.9047,14846.0,UTA,-0.7455,2.337,-1.2225,0.2857,-0.3688,-1.1249,1.8622,2.3287,0.9001,0.5188,0.6679,-0.7833,-1.0173,Utah Jazz,1999-2007,Utah Jazz_2001,0.0,0.7359,1.0815,0.0,0.5428,0.0,0.4058,0.0,0.0,0.367,0.0,0.7054,1.1617,0.0
2001,1610612763,92.2326,0.2505,0.2185,0.3861,0.0395,0.1054,0.2893,0.6617,0.2892,0.1698,0.0771,0.0472,0.3449,0.6047,0.1448,98.9997,105.0888,-6.089,15203.0,VAN,0.3514,-1.4176,-0.3946,2.0334,-0.2148,-0.8465,-0.6784,1.1644,-0.9666,-0.8827,-1.1795,1.4692,-0.7424,Vancouver Grizzlies,1999-2007,Vancouver Grizzlies_2001,0.0,1.2838,0.8118,0.0,0.7539,0.0,0.5224,0.0,0.892,0.3281,0.0,0.0,0.3559,0.0521
2001,1610612764,92.9536,0.2904,0.2947,0.2834,0.0301,0.1013,0.3479,0.5814,0.3354,0.1825,0.0826,0.0502,0.3349,0.5782,0.1314,100.3149,107.4643,-7.1493,15244.0,WAS,0.7166,-0.1044,1.5377,-0.4561,-0.9644,-0.9973,1.3541,-0.6511,0.9051,-0.2359,-0.8117,0.8994,-1.1368,Washington Wizards,1999-2007,Washington Wizards_2001,0.0,0.665,0.9105,0.0,0.2651,0.0,0.2306,0.0,1.182,0.8105,0.0,0.4696,0.4201,0.0465
2001,1610612765,95.0016,0.3068,0.1713,0.3601,0.0464,0.1153,0.3224,0.559,0.3316,0.166,0.0781,0.0566,0.3655,0.5315,0.1617,99.9102,101.2929,-1.3827,15605.0,DET,1.7538,0.4365,-1.5909,1.4024,0.3384,-0.4735,0.4676,-1.1558,0.7543,-0.7635,-0.0441,-0.1051,-0.2463,Detroit Pistons,1999-2007,Detroit Pistons_2001,0.0,0.6897,0.9155,0.0,0.5028,0.0,0.1434,0.0,1.0865,0.9806,0.0,0.4228,0.2267,0.032
2001,1610612766,89.9759,0.2801,0.22,0.3486,0.0283,0.1231,0.3301,0.6786,0.3202,0.1585,0.0892,0.0611,0.3771,0.5685,0.1514,101.0319,98.9656,2.0663,14906.0,CHH,-0.7915,-0.4432,-0.3583,1.1224,-1.1049,-0.1826,0.7364,1.5464,0.29,0.5225,0.5062,0.6919,-0.5501,Charlotte Hornets,1999-2007,Charlotte Hornets_2001,0.0,1.6236,0.8041,0.0,0.463,0.0,0.0,0.0,1.5446,0.2796,0.0,0.0,0.2711,0.014
2002,1610612737,92.2568,0.3424,0.2182,0.2589,0.0489,0.1318,0.2938,0.5705,0.3006,0.1675,0.0876,0.0459,0.345,0.477,0.1806,101.3805,106.0124,-4.6319,15207.0,ATL,0.6983,1.2105,0.0127,-0.9189,0.2934,-0.1624,0.0112,-1.0546,-0.592,0.2899,-1.1472,-0.7834,-0.017,Atlanta Hawks,1999-2007,Atlanta Hawks_2002,0.0,0.7502,1.0365,0.0,0.4935,0.0,0.6533,0.0,1.0483,0.0,0.0,0.4879,0.4404,0.0899
2002,1610612738,92.6233,0.3178,0.1541,0.239,0.0634,0.2257,0.2912,0.6038,0.2715,0.1455,0.1037,0.0382,0.3628,0.3931,0.2891,103.1732,100.9414,2.2317,15306.0,BOS,0.8956,0.488,-1.5185,-1.3628,1.2453,2.7727,-0.071,-0.0705,-1.6458,2.1155,-1.9418,-2.4074,2.6076,Boston Celtics,1999-2007,Boston Celtics_2002,0.0,0.0,1.1561,0.0,0.0,0.0,0.8975,0.0,1.6862,0.0,0.0,0.668,0.5805,0.0117
2002,1610612739,90.4884,0.2764,0.2235,0.3443,0.0383,0.1176,0.3008,0.6415,0.3134,0.1599,0.0764,0.0628,0.3551,0.5678,0.1559,104.4106,107.9439,-3.5333,14972.0,CLE,-0.2537,-0.7297,0.1401,0.9954,-0.3976,-0.6056,0.2324,1.0429,-0.1291,-0.9886,0.5822,0.9733,-0.616,Cleveland Cavaliers,1999-2007,Cleveland Cavaliers_2002,0.0,0.3283,0.9288,0.0,0.7188,0.0,0.6196,0.0,1.2051,0.2764,0.0,0.0,0.8724,0.0506
2002,1610612741,90.6438,0.3052,0.1833,0.3778,0.0257,0.108,0.3016,0.6464,0.2959,0.1672,0.0847,0.0483,0.3448,0.5611,0.1337,97.9829,107.506,-9.5231,14960.0,CHI,-0.1701,0.1179,-0.8193,1.7458,-1.2179,-0.9056,0.2585,1.1888,-0.7617,-0.0426,-0.9021,0.8441,-1.1521,Chicago Bulls,1999-2007,Chicago Bulls_2002,0.0,0.839,0.8541,0.0,0.8929,0.0,0.1607,0.0,0.4616,0.6522,0.0,0.2102,0.9131,0.0162
2002,1610612742,93.2368,0.2892,0.198,0.2756,0.0398,0.1975,0.2866,0.5653,0.28,0.1281,0.0754,0.0507,0.356,0.4736,0.2372,111.6068,107.3072,4.2996,15402.0,DAL,1.2258,-0.3533,-0.4681,-0.5443,-0.3,1.8907,-0.2168,-1.2093,-1.3376,-1.0972,-0.6548,-0.8493,1.3524,Dallas Mavericks,1999-2007,Dallas Mavericks_2002,0.0,1.3458,1.0757,0.0,0.1393,0.0,0.185,0.0,0.8759,0.4558,0.0,0.5797,0.3372,0.0056
2002,1610612743,90.2991,0.3097,0.2003,0.3022,0.0591,0.1286,0.2558,0.6231,0.3341,0.1614,0.0825,0.0624,0.3405,0.5025,0.1878,101.731,107.5834,-5.8524,14682.0,DEN,-0.3556,0.2512,-0.4133,0.0523,0.9643,-0.2608,-1.187,0.5014,0.6181,-0.2913,0.5416,-0.2897,0.1553,Denver Nuggets,1999-2007,Denver Nuggets_2002,0.0,0.6694,0.5908,0.0,0.5966,0.0,0.102,0.0,0.8592,0.5113,0.0,1.1027,0.4648,0.1032
2002,1610612744,94.817,0.3274,0.2634,0.267,0.0279,0.1143,0.3354,0.569,0.3896,0.1764,0.0832,0.0669,0.3436,0.5304,0.1422,102.4955,108.151,-5.6555,15629.0,GSW,2.0765,0.7699,1.094,-0.7365,-1.0759,-0.7078,1.3213,-1.0974,2.6246,-0.2154,1.0108,0.2502,-0.9465,Golden State Warriors,1999-2007,Golden State Warriors_2002,0.0,1.3828,1.4511,0.0,0.3616,0.0,0.8143,0.0,0.6704,0.0,0.0,0.0,0.3014,0.0184
2002,1610612745,88.4805,0.3043,0.1575,0.315,0.0555,0.1677,0.2856,0.5224,0.3159,0.1568,0.0729,0.0604,0.3542,0.4725,0.2233,102.7827,108.2553,-5.4726,14732.0,HOU,-1.3347,0.0908,-1.4367,0.339,0.7277,0.9621,-0.2483,-2.4767,-0.0388,-1.3813,0.3429,-0.8712,1.0143,Houston Rockets,1999-2007,Houston Rockets_2002,0.0,0.2142,0.659,0.0,0.1994,0.0,0.0,0.0,1.3689,0.4798,0.0,0.62,1.4588,0.0
2002,1610612746,90.1833,0.2749,0.3328,0.2203,0.0202,0.1518,0.3038,0.5771,0.3456,0.1631,0.0686,0.0726,0.3617,0.5531,0.172,105.3862,105.982,-0.5958,14884.0,LAC,-0.418,-0.7728,2.7513,-1.7828,-1.576,0.4627,0.3275,-0.8592,1.0332,-1.8761,1.593,0.6893,-0.2256,Los Angeles Clippers,1999-2007,Los Angeles Clippers_2002,0.0,0.7949,0.2511,0.0,0.184,0.0,0.6406,0.0,0.9573,0.046,0.0,1.061,0.9817,0.0834
2002,1610612747,92.2447,0.2911,0.2307,0.2678,0.055,0.1554,0.3126,0.5975,0.3157,0.1366,0.0823,0.063,0.3732,0.4985,0.2104,109.0909,101.6726,7.4183,15205.0,LAL,0.6917,-0.2969,0.3125,-0.7176,0.6922,0.5765,0.6027,-0.2575,-0.0464,-0.3132,0.603,-0.3666,0.7027,Los Angeles Lakers,1999-2007,Los Angeles Lakers_2002,0.0,0.1846,0.0,0.0,0.0,0.0,0.4119,0.0,0.9613,0.8022,0.0,0.0,2.6365,0.0034
2002,1610612748,87.3718,0.252,0.207,0.4002,0.045,0.0959,0.2676,0.5941,0.2924,0.168,0.0753,0.0617,0.3788,0.6072,0.1409,98.6343,100.1928,-1.5585,14511.0,MIA,-1.9315,-1.447,-0.2541,2.2485,0.039,-1.2838,-0.8133,-0.3576,-0.8899,-1.1073,0.4734,1.7363,-0.9793,Miami Heat,1999-2007,Miami Heat_2002,0.0,0.8158,0.8385,0.0,1.3408,0.0,0.2222,0.0,1.558,0.0812,0.0,0.0,0.0,0.1434
2002,1610612749,90.4295,0.2489,0.2598,0.2506,0.0669,0.1738,0.2687,0.6074,0.2811,0.1543,0.0794,0.0517,0.3666,0.5104,0.2407,106.6702,106.7964,-0.1262,15000.0,MIL,-0.2854,-1.537,1.0087,-1.1045,1.4714,1.1509,-0.7807,0.0353,-1.2971,-0.6414,-0.5523,-0.1367,1.436,Milwaukee Bucks,1999-2007,Milwaukee Bucks_2002,0.0,0.7878,0.2851,0.0,0.0,0.0,0.4762,0.0,1.8899,0.5936,0.0,0.1108,0.8492,0.0074
2002,1610612750,90.8437,0.2448,0.2561,0.347,0.0334,0.1186,0.2547,0.6277,0.3394,0.146,0.07,0.057,0.3713,0.6032,0.152,108.4843,105.1169,3.3674,14993.0,MIN,-0.0624,-1.6572,0.9201,1.0572,-0.717,-0.5732,-1.2211,0.6369,0.8109,-1.7114,-0.0036,1.6586,-0.7093,Minnesota Timberwolves,1999-2007,Minnesota Timberwolves_2002,0.0,1.3648,0.6576,0.0,0.1852,0.0,1.009,0.0,1.0389,0.0,0.0,0.1471,0.5218,0.0756
2002,1610612751,92.1638,0.3349,0.1978,0.2921,0.0352,0.14,0.2798,0.6542,0.3198,0.1561,0.094,0.0644,0.3608,0.4899,0.1752,103.5846,99.1332,4.4514,15230.0,NJN,0.6482,0.9926,-0.4743,-0.1736,-0.5984,0.0937,-0.4304,1.4189,0.1018,1.019,0.747,-0.5343,-0.1491,New Jersey Nets,1999-2007,New Jersey Nets_2002,0.0,1.2663,0.8693,0.0,0.0496,0.0,0.7276,0.0,0.0607,0.3872,0.0,0.5787,1.0459,0.0148
2002,1610612752,89.85,0.2572,0.2598,0.2768,0.0572,0.1489,0.2739,0.6106,0.2881,0.1609,0.0752,0.0388,0.3584,0.5367,0.2061,101.4035,105.6881,-4.2846,14829.0,NYK,-0.5974,-1.2927,1.008,-0.5158,0.8384,0.3738,-0.6149,0.1303,-1.0429,-1.1199,-1.8761,0.3712,0.5999,New York Knicks,1999-2007,New York Knicks_2002,0.0,1.1401,1.0185,0.0,0.1065,0.0,0.6413,0.0,1.6298,0.0639,0.0,0.3968,0.0,0.003
2002,1610612753,93.4463,0.3089,0.1505,0.2998,0.0473,0.1936,0.2781,0.5844,0.2909,0.1446,0.0859,0.0496,0.342,0.4502,0.2409,106.6667,105.1056,1.5611,15442.0,ORL,1.3386,0.2272,-1.6045,-0.002,0.1913,1.7689,-0.4819,-0.6439,-0.9421,0.096,-0.7655,-1.3017,1.4401,Orlando Magic,1999-2007,Orlando Magic_2002,0.0,0.2234,0.6908,0.0,0.5494,0.0,0.0,0.0,1.2033,0.5164,0.0,0.3235,1.2986,0.1944
2002,1610612754,92.3165,0.2672,0.2643,0.2869,0.0547,0.1269,0.3275,0.6419,0.3026,0.1631,0.0859,0.0569,0.3645,0.5512,0.1816,103.6834,103.3825,0.3009,15313.0,IND,0.7304,-0.9998,1.1148,-0.2897,0.6753,-0.3147,1.0732,1.0564,-0.5202,0.0983,-0.0145,0.653,0.0066,Indiana Pacers,1999-2007,Indiana Pacers_2002,0.0,1.2206,1.0027,0.0,0.0524,0.0,0.0232,0.0,0.493,0.5284,0.0,0.6163,1.0503,0.0129
2002,1610612755,89.4464,0.3171,0.26,0.3118,0.0277,0.0835,0.3264,0.5844,0.3487,0.1709,0.0957,0.0494,0.3729,0.5718,0.1111,101.4558,99.6736,1.7821,14704.0,PHI,-0.8146,0.4669,1.013,0.2673,-1.0913,-1.6724,1.038,-0.6443,1.1442,1.2114,-0.7932,1.0516,-1.6989,Philadelphia 76ers,1999-2007,Philadelphia 76ers_2002,0.0,0.5184,0.3879,0.0,1.0979,0.0,1.0884,0.0,1.7377,0.081,0.0,0.0,0.0,0.0887
2002,1610612756,91.7761,0.3385,0.2192,0.2843,0.0362,0.1219,0.2351,0.5935,0.3245,0.159,0.088,0.0529,0.3493,0.5035,0.1581,102.9423,103.5719,-0.6296,15166.0,PHX,0.4395,1.0964,0.0379,-0.3497,-0.534,-0.4721,-1.8389,-0.3752,0.27,0.3382,-0.4344,-0.2713,-0.5632,Phoenix Suns,1999-2007,Phoenix Suns_2002,0.0,0.9112,0.8704,0.0,0.2874,0.0,0.1136,0.0,0.6537,1.0596,0.0,0.3195,0.7663,0.0183
2002,1610612757,89.4221,0.3209,0.1775,0.304,0.0427,0.1548,0.285,0.6411,0.3452,0.1587,0.095,0.0498,0.3591,0.4815,0.1976,107.3267,103.8821,3.4446,14777.0,POR,-0.8278,0.5809,-0.959,0.0929,-0.1078,0.559,-0.2671,1.0338,1.0205,1.1233,-0.7505,-0.6967,0.3927,Portland Trail Blazers,1999-2007,Portland Trail Blazers_2002,0.0,1.4213,1.3457,0.0,0.3117,0.0,0.0804,0.0,0.0,0.0618,0.0,1.0365,0.6632,0.0794
2002,1610612758,95.7813,0.3287,0.1706,0.335,0.0544,0.1112,0.3076,0.5996,0.3134,0.1431,0.094,0.0475,0.3669,0.5056,0.1656,108.8441,100.8495,7.9946,15768.0,SAC,2.5956,0.8094,-1.1225,0.7876,0.6553,-0.8042,0.4455,-0.1933,-0.1288,1.0093,-0.9796,-0.2291,-0.3798,Sacramento Kings,1999-2007,Sacramento Kings_2002,0.0,0.7063,0.7761,0.0,0.0193,0.0,0.6105,0.0,1.7871,0.467,0.0,0.1138,0.4947,0.0251
2002,1610612759,90.21,0.3357,0.2425,0.2315,0.0715,0.1188,0.3534,0.564,0.3078,0.1581,0.0835,0.072,0.372,0.474,0.1903,106.2701,99.4774,6.7927,14926.0,SAS,-0.4036,1.0145,0.5942,-1.532,1.7724,-0.5675,1.8905,-1.2458,-0.3316,-0.1794,1.5287,-0.8418,0.2173,San Antonio Spurs,1999-2007,San Antonio Spurs_2002,0.0,1.844,0.9607,0.0,0.0,0.0,0.1568,0.0,0.0,0.0,0.0,0.2936,1.7224,0.0223
2002,1610612760,89.3132,0.2988,0.2438,0.264,0.0522,0.1411,0.2503,0.6151,0.3192,0.1522,0.0946,0.0493,0.3437,0.5079,0.1934,108.5467,105.2874,3.2592,14759.0,SEA,-0.8864,-0.0713,0.626,-0.8028,0.5137,0.1306,-1.3604,0.2651,0.0778,1.0865,-0.7944,-0.1862,0.2914,Seattle SuperSonics,1999-2007,Seattle SuperSonics_2002,0.0,0.4291,0.3917,0.0,0.9046,0.0,0.238,0.0,0.8346,0.3019,0.0,0.0,1.74,0.1601
2002,1610612761,89.0266,0.293,0.2108,0.3314,0.0358,0.129,0.2552,0.6095,0.3356,0.1602,0.0939,0.0625,0.3492,0.5421,0.1649,102.2792,102.7425,-0.4633,14656.0,TOR,-1.0407,-0.2406,-0.1632,0.7059,-0.5583,-0.248,-1.2036,0.0971,0.6724,1.0004,0.5556,0.4774,-0.3988,Toronto Raptors,1999-2007,Toronto Raptors_2002,0.0,1.6478,1.2366,0.0,0.0,0.0,0.1963,0.0,0.6204,0.0,0.0,0.412,0.853,0.034
2002,1610612762,90.7485,0.3928,0.1481,0.327,0.0287,0.1034,0.3812,0.6968,0.3695,0.1808,0.0997,0.0696,0.3361,0.4751,0.1321,105.1851,103.7934,1.3917,14996.0,UTA,-0.1137,2.6947,-1.661,0.6073,-1.0231,-1.0496,2.7659,2.6777,1.8962,1.6617,1.2871,-0.8212,-1.1914,Utah Jazz,1999-2007,Utah Jazz_2002,0.0,0.7693,0.9855,0.0,0.4093,0.0,0.5106,0.0,0.0,0.2725,0.0,1.3166,0.7362,0.0
2002,1610612763,91.5713,0.3071,0.2283,0.2969,0.0381,0.1296,0.2881,0.6261,0.3105,0.1783,0.0856,0.0646,0.345,0.5252,0.1677,97.72,105.7219,-8.0018,15094.0,MEM,0.3292,0.1744,0.2553,-0.067,-0.4096,-0.23,-0.1671,0.589,-0.2338,0.0561,0.7759,0.1489,-0.3297,Memphis Grizzlies,1999-2007,Memphis Grizzlies_2002,0.0,1.0763,1.1772,0.0,1.0001,0.0,0.3089,0.0,0.0,0.4535,0.0,0.8639,0.0,0.1202
2002,1610612764,88.817,0.239,0.2489,0.3941,0.0218,0.0962,0.28,0.5837,0.3293,0.1465,0.078,0.0484,0.3548,0.643,0.1179,104.3615,105.6346,-1.273,14603.0,WAS,-1.1535,-1.8266,0.7484,2.1112,-1.4771,-1.2746,-0.4232,-0.6633,0.4447,-0.8084,-0.8905,2.4298,-1.5339,Washington Wizards,1999-2007,Washington Wizards_2002,0.0,0.6929,0.3695,0.0,1.0883,0.0,0.0,0.0,1.089,0.8106,0.0,0.0881,0.8616,0.0
2002,1610612765,90.2744,0.2944,0.1949,0.2712,0.0792,0.1603,0.3101,0.6204,0.2743,0.1612,0.0875,0.0763,0.349,0.4661,0.2395,104.5129,102.107,2.4059,14805.0,DET,-0.3689,-0.1994,-0.5431,-0.6416,2.2745,0.7291,0.5251,0.4202,-1.543,0.2785,1.9751,-0.9942,1.4069,Detroit Pistons,1999-2007,Detroit Pistons_2002,0.0,0.4309,1.2392,0.0,0.4799,0.0,0.2967,0.0,0.6867,0.7918,0.0,0.0,1.002,0.0727
2002,1610612766,89.7494,0.3161,0.2093,0.3236,0.0249,0.1261,0.3199,0.608,0.3382,0.1555,0.0885,0.0618,0.3689,0.5328,0.1511,104.1103,103.2796,0.8308,14775.0,CHH,-0.6515,0.4388,-0.1996,0.5312,-1.2704,-0.3384,0.8338,0.0546,0.7666,0.3892,0.4843,0.2971,-0.7326,Charlotte Hornets,1999-2007,Charlotte Hornets_2002,0.0,1.1873,1.0345,0.0,0.8173,0.0,0.0,0.0,0.4033,0.5656,0.0,0.226,0.7238,0.0422
2003,1610612737,91.575,0.2796,0.2439,0.2992,0.05,0.1273,0.3126,0.5873,0.3049,0.18,0.0804,0.0622,0.3664,0.5431,0.1773,101.6739,105.3005,-3.6266,15190.0,ATL,0.1265,-0.6169,0.9593,-0.0636,0.1235,-0.1646,0.302,-0.3657,-0.3259,-0.7065,0.781,0.5459,-0.0915,Atlanta Hawks,1999-2007,Atlanta Hawks_2003,0.0,0.7702,1.151,0.0,0.0,0.0,1.117,0.0,1.1347,0.2283,0.0,0.4846,0.0,0.1142
2003,1610612738,91.056,0.2904,0.1791,0.1994,0.0785,0.2526,0.3063,0.5833,0.2628,0.1523,0.0958,0.0403,0.3559,0.3786,0.3311,100.9029,101.5301,-0.6271,15047.0,BOS,-0.1248,-0.3067,-1.1968,-2.0883,2.0709,3.2319,0.108,-0.4653,-1.9285,1.1427,-1.4169,-2.9536,3.2057,Boston Celtics,1999-2007,Boston Celtics_2003,0.0,0.0,0.2972,0.0,0.1209,0.0,0.5874,0.0,1.642,0.2391,0.0,0.759,1.3431,0.0113
2003,1610612739,94.4932,0.3301,0.2271,0.3098,0.046,0.087,0.2983,0.6007,0.3329,0.1926,0.0813,0.0666,0.3521,0.5369,0.133,96.1637,105.92,-9.7562,15615.0,CLE,1.5392,0.8396,0.4009,0.1519,-0.1566,-1.2566,-0.1447,-0.0257,0.7404,-0.5919,1.2229,0.4153,-1.0432,Cleveland Cavaliers,1999-2007,Cleveland Cavaliers_2003,0.0,1.1316,0.7817,0.0,0.0,0.0,0.7187,0.0,1.2673,0.0,0.0,0.5064,0.5511,0.0432
2003,1610612740,89.7061,0.2917,0.2133,0.3344,0.0421,0.1184,0.2853,0.6201,0.3459,0.1627,0.0883,0.053,0.3621,0.5477,0.1606,103.3562,101.2784,2.0777,14880.0,NOH,-0.7783,-0.2679,-0.059,0.6514,-0.4189,-0.4044,-0.5494,0.4654,1.2366,0.242,-0.1415,0.6453,-0.4512,New Orleans Hornets,1999-2007,New Orleans Hornets_2003,0.0,0.8249,0.6942,0.0,0.3429,0.0,0.0,0.0,0.835,0.9843,0.0,0.5926,0.6866,0.0396
2003,1610612741,93.859,0.3326,0.248,0.2709,0.0398,0.1087,0.3,0.5958,0.3113,0.178,0.0777,0.0592,0.3544,0.5189,0.1485,99.8461,105.3801,-5.534,15586.0,CHI,1.2321,0.9107,1.0968,-0.6372,-0.5799,-0.6679,-0.091,-0.1501,-0.0818,-1.0276,0.478,0.0325,-0.7101,Chicago Bulls,1999-2007,Chicago Bulls_2003,0.0,0.7976,0.9965,0.0,0.6966,0.0,0.2059,0.0,0.8416,1.026,0.0,0.3397,0.0,0.0961
2003,1610612742,92.6936,0.2657,0.1952,0.3002,0.0592,0.1797,0.2568,0.5811,0.2711,0.1238,0.0874,0.0589,0.3584,0.4954,0.2389,110.2638,102.4275,7.8363,15279.0,DAL,0.668,-1.0184,-0.6612,-0.0431,0.7465,1.2575,-1.4386,-0.5206,-1.6112,0.1355,0.4501,-0.4675,1.2288,Dallas Mavericks,1999-2007,Dallas Mavericks_2003,0.0,0.0,0.1073,0.0,0.349,0.0,0.0558,0.0,2.6533,0.4323,0.0,0.6843,0.5954,0.1226
2003,1610612743,91.2643,0.3118,0.227,0.3353,0.0315,0.0944,0.2805,0.6471,0.3399,0.2018,0.095,0.0562,0.3397,0.5623,0.1259,91.9684,100.9917,-9.0233,14920.0,DEN,-0.0239,0.311,0.3993,0.6687,-1.1476,-1.056,-0.6997,1.1491,1.0081,1.0491,0.1726,0.956,-1.1951,Denver Nuggets,1999-2007,Denver Nuggets_2003,0.0,0.8495,0.7935,0.0,0.3511,0.0,0.626,0.0,0.4013,0.8006,0.0,0.5325,0.5359,0.1095
2003,1610612744,94.8823,0.2956,0.2503,0.2762,0.0395,0.1385,0.3432,0.5593,0.3799,0.1659,0.076,0.0647,0.3534,0.5264,0.1779,107.6233,108.6756,-1.0523,15620.0,GSW,1.7275,-0.1548,1.1722,-0.5305,-0.5999,0.138,1.2579,-1.0736,2.5293,-1.2284,1.0354,0.1925,-0.0789,Golden State Warriors,1999-2007,Golden State Warriors_2003,0.0,0.8168,0.7339,0.0,0.7642,0.0,0.4464,0.0,1.0159,0.4969,0.0,0.2823,0.3346,0.109
2003,1610612745,89.4431,0.314,0.2153,0.2746,0.0481,0.148,0.3164,0.5303,0.3242,0.1718,0.0799,0.0663,0.3749,0.4899,0.1961,103.5839,101.8028,1.7812,14855.0,HOU,-0.9056,0.3758,0.0076,-0.5632,-0.0074,0.3958,0.4207,-1.8078,0.4098,-0.7603,1.1938,-0.5856,0.3108,Houston Rockets,1999-2007,Houston Rockets_2003,0.0,1.4163,1.1744,0.0,0.3265,0.0,0.0,0.0,0.7662,0.3112,0.0,0.5666,0.382,0.0568
2003,1610612746,91.6932,0.3311,0.2649,0.2225,0.0293,0.1522,0.3354,0.5661,0.3163,0.1713,0.076,0.061,0.3533,0.4874,0.1815,102.0562,106.2723,-4.2161,15095.0,LAC,0.1837,0.8685,1.6591,-1.6199,-1.2978,0.5116,1.0163,-0.9004,0.1075,-1.2346,0.6596,-0.6387,-0.0021,Los Angeles Clippers,1999-2007,Los Angeles Clippers_2003,0.0,0.6226,1.3316,0.0,0.4961,0.0,0.5475,0.0,0.0,0.122,0.0,1.1923,0.6878,0.0
2003,1610612747,92.7065,0.2891,0.2284,0.2831,0.0499,0.1495,0.3105,0.6176,0.3299,0.1546,0.0831,0.0611,0.3595,0.5115,0.1994,106.7583,104.5656,2.1928,15397.0,LAL,0.6742,-0.3435,0.4447,-0.3899,0.1123,0.4376,0.2387,0.4019,0.6253,-0.3766,0.6728,-0.1248,0.3813,Los Angeles Lakers,1999-2007,Los Angeles Lakers_2003,0.0,0.1565,0.086,0.0,0.0,0.0,0.3047,0.0,0.8535,0.8352,0.0,0.5849,2.1597,0.0195
2003,1610612748,87.9939,0.2616,0.197,0.3726,0.0476,0.1212,0.2592,0.5584,0.2954,0.1607,0.0812,0.0445,0.3667,0.5696,0.1688,96.5992,102.0885,-5.4893,14541.0,MIA,-1.6071,-1.1354,-0.601,1.4253,-0.0462,-0.3292,-1.3648,-1.096,-0.6882,-0.6058,-0.995,1.1104,-0.2749,Miami Heat,1999-2007,Miami Heat_2003,0.0,0.6672,1.1211,0.0,0.6456,0.0,0.3892,0.0,1.093,0.0,0.0,0.8464,0.1969,0.0406
2003,1610612749,90.6888,0.2786,0.2405,0.2522,0.0631,0.1657,0.2864,0.5987,0.2825,0.139,0.0826,0.0457,0.3394,0.4927,0.2288,108.5418,108.1307,0.411,15043.0,MIL,-0.3025,-0.6471,0.8466,-1.0177,1.0179,0.8758,-0.516,-0.0767,-1.1791,-0.4342,-0.8761,-0.5262,1.0118,Milwaukee Bucks,1999-2007,Milwaukee Bucks_2003,0.0,0.6442,0.2752,0.0,0.2407,0.0,0.5075,0.0,1.383,0.3303,0.0,1.0199,0.5851,0.0139
2003,1610612750,92.0737,0.2569,0.2337,0.3914,0.0294,0.0887,0.2682,0.6526,0.3107,0.1478,0.0729,0.057,0.3731,0.6251,0.1181,105.7849,103.7681,2.0168,15196.0,MIN,0.3679,-1.2726,0.6195,1.8074,-1.2912,-1.2107,-1.0836,1.2872,-0.1051,-1.6057,0.2627,2.2904,-1.3625,Minnesota Timberwolves,1999-2007,Minnesota Timberwolves_2003,0.0,1.6826,1.0459,0.0,0.524,0.0,0.6791,0.0,0.4614,0.0379,0.0,0.0,0.5692,0.0
2003,1610612751,91.9241,0.3488,0.1815,0.3116,0.0313,0.1268,0.3333,0.6493,0.3213,0.1603,0.0947,0.0494,0.3647,0.4931,0.1581,103.4392,97.6099,5.8292,15133.0,NJN,0.2955,1.3788,-1.119,0.1885,-1.1605,-0.1779,0.9506,1.2053,0.298,1.0088,-0.5064,-0.5169,-0.5044,New Jersey Nets,1999-2007,New Jersey Nets_2003,0.0,0.664,1.0426,0.0,0.0,0.0,1.0117,0.0,0.0,0.0,0.0,1.2415,0.9927,0.0476
2003,1610612752,91.0501,0.2232,0.2351,0.3065,0.0644,0.1709,0.2409,0.6067,0.2749,0.1525,0.0769,0.0339,0.3427,0.5416,0.2352,104.3409,105.8285,-1.4876,15065.0,NYK,-0.1276,-2.2434,0.6672,0.084,1.1047,1.0164,-1.9353,0.1254,-1.4685,-1.1248,-2.0651,0.5142,1.1503,New York Knicks,1999-2007,New York Knicks_2003,0.0,1.2608,0.9778,0.0,0.3326,0.0,0.4626,0.0,1.5065,0.0,0.0,0.4341,0.0,0.0258
2003,1610612753,93.3704,0.3015,0.1144,0.349,0.0458,0.1893,0.3074,0.5687,0.2956,0.1527,0.0904,0.0389,0.3375,0.4634,0.2351,104.8138,104.7254,0.0884,15410.0,ORL,0.9956,0.0141,-3.3517,0.9462,-0.1646,1.5156,0.1412,-0.8352,-0.6798,0.4907,-1.5542,-1.1485,1.1473,Orlando Magic,1999-2007,Orlando Magic_2003,0.0,0.1389,1.022,0.0,0.6099,0.0,0.0816,0.0,0.9664,0.4756,0.0,0.2522,1.4323,0.0212
2003,1610612754,91.786,0.306,0.2349,0.2898,0.0395,0.1298,0.3437,0.6561,0.3173,0.1588,0.0915,0.0583,0.3695,0.5247,0.1693,104.1721,100.6708,3.5013,15225.0,IND,0.2286,0.1439,0.6597,-0.2542,-0.5984,-0.0955,1.2734,1.377,0.1457,0.6331,0.3849,0.1548,-0.2631,Indiana Pacers,1999-2007,Indiana Pacers_2003,0.0,2.1093,0.8883,0.0,0.4139,0.0,0.2261,0.0,0.0,0.0,0.0,0.5881,0.6918,0.0825
2003,1610612755,92.0896,0.3794,0.2244,0.2777,0.034,0.0845,0.3393,0.5953,0.3353,0.1589,0.1107,0.0373,0.3414,0.5021,0.1185,104.2673,101.7189,2.5484,15237.0,PHI,0.3756,2.2594,0.3109,-0.4995,-0.9721,-1.3251,1.137,-0.1626,0.8329,2.9342,-1.7229,-0.3251,-1.3529,Philadelphia 76ers,1999-2007,Philadelphia 76ers_2003,0.0,1.0219,0.8005,0.0,0.0382,0.0,0.1572,0.0,1.4789,0.5506,0.0,0.9338,0.0,0.019
2003,1610612756,91.6556,0.3357,0.2116,0.2831,0.0618,0.1077,0.2845,0.572,0.3238,0.1598,0.0879,0.0534,0.3521,0.4947,0.1696,103.6106,102.313,1.2977,15127.0,PHX,0.1655,1.0017,-0.1144,-0.391,0.9302,-0.6949,-0.5729,-0.7509,0.3933,0.1958,-0.1038,-0.483,-0.2582,Phoenix Suns,1999-2007,Phoenix Suns_2003,0.0,0.0,0.4498,0.0,0.5289,0.0,0.1376,0.0,2.2442,1.3395,0.0,0.0,0.2918,0.0081
2003,1610612757,89.3717,0.3338,0.2203,0.2687,0.0436,0.1336,0.3,0.6227,0.3328,0.1689,0.0981,0.0428,0.3533,0.489,0.1772,105.5315,102.6789,2.8526,14785.0,POR,-0.9401,0.947,0.1746,-0.6828,-0.3177,0.0056,-0.0915,0.5309,0.735,1.4179,-1.172,-0.6043,-0.0952,Portland Trail Blazers,1999-2007,Portland Trail Blazers_2003,0.0,1.3043,0.8097,0.0,0.0,0.0,0.0,0.0,0.333,0.5655,0.0,1.1119,0.8676,0.008
2003,1610612758,95.7761,0.2931,0.1777,0.3449,0.0687,0.1156,0.2621,0.6274,0.2834,0.1505,0.093,0.0578,0.3755,0.5226,0.1843,105.4081,98.6857,6.7224,15827.0,SAC,2.1602,-0.2269,-1.2452,0.8643,1.3978,-0.4818,-1.2736,0.6497,-1.146,0.8091,0.3334,0.1109,0.057,Sacramento Kings,1999-2007,Sacramento Kings_2003,0.0,1.3236,0.6914,0.0,0.0,0.0,0.4392,0.0,1.2069,0.0804,0.0,0.1453,1.0978,0.0154
2003,1610612759,90.5053,0.3479,0.2307,0.2196,0.0829,0.1188,0.3484,0.5626,0.3202,0.1729,0.0843,0.0709,0.3715,0.4504,0.2017,104.8725,99.29,5.5825,14956.0,SAS,-0.3914,1.3534,0.5224,-1.6781,2.3713,-0.3952,1.4215,-0.9903,0.255,-0.2396,1.6493,-1.4257,0.4306,San Antonio Spurs,1999-2007,San Antonio Spurs_2003,0.0,1.2882,0.8181,0.0,0.0,0.0,0.2116,0.0,0.0,0.4167,0.0,0.9373,1.2953,0.033
2003,1610612760,88.1612,0.2719,0.2231,0.3094,0.053,0.1426,0.2697,0.6148,0.3117,0.1486,0.0929,0.0404,0.3551,0.5325,0.1956,103.6778,103.6301,0.0476,14587.0,SEA,-1.5261,-0.8403,0.2665,0.1444,0.3282,0.2503,-1.0348,0.3317,-0.0672,0.7929,-1.4072,0.3215,0.3009,Seattle SuperSonics,1999-2007,Seattle SuperSonics_2003,0.0,0.8089,0.9943,0.0,0.9572,0.0,0.4343,0.0,0.8382,0.3399,0.0,0.1137,0.4863,0.0271
2003,1610612761,89.9652,0.289,0.1996,0.3324,0.0501,0.1289,0.282,0.556,0.316,0.1591,0.082,0.0528,0.3458,0.532,0.179,100.4312,106.8264,-6.3952,14848.0,TOR,-0.6528,-0.3456,-0.5158,0.6099,0.1285,-0.121,-0.6532,-1.1564,0.0951,-0.5106,-0.1657,0.31,-0.0554,Toronto Raptors,1999-2007,Toronto Raptors_2003,0.0,0.4771,0.4877,0.0,0.133,0.0,0.7897,0.0,1.5275,0.0,0.0,0.5891,0.9157,0.0801
2003,1610612762,89.7573,0.35,0.1666,0.3799,0.021,0.0826,0.3795,0.7267,0.3633,0.186,0.0955,0.0631,0.3494,0.5465,0.1036,105.0196,102.188,2.8316,14795.0,UTA,-0.7535,1.412,-1.6149,1.5735,-1.8638,-1.3772,2.3932,3.1622,1.8966,1.1059,0.8675,0.6183,-1.6736,Utah Jazz,1999-2007,Utah Jazz_2003,0.0,0.7461,1.0185,0.0,0.7799,0.0,0.4293,0.0,0.0,0.4765,0.0,1.5497,0.0,0.0
2003,1610612763,92.9413,0.2947,0.2364,0.2793,0.0506,0.1391,0.2871,0.6205,0.2948,0.1636,0.0843,0.0647,0.3404,0.5156,0.1897,103.6696,106.9394,-3.2698,15436.0,MEM,0.7879,-0.1824,0.7105,-0.4682,0.1593,0.1557,-0.4924,0.4761,-0.7101,-0.2368,1.034,-0.0371,0.1731,Memphis Grizzlies,1999-2007,Memphis Grizzlies_2003,0.0,1.5704,1.1763,0.0,0.3079,0.0,0.0301,0.0,0.0,0.3688,0.0,0.0,1.4839,0.0626
2003,1610612764,88.466,0.2498,0.2116,0.4118,0.0368,0.0901,0.3248,0.5724,0.3035,0.1499,0.0849,0.0533,0.3572,0.6234,0.1268,102.7108,103.691,-0.9802,14619.0,WAS,-1.3786,-1.4773,-0.1152,2.2213,-0.7862,-1.1734,0.6853,-0.7409,-0.3782,-0.1636,-0.112,2.2551,-1.1746,Washington Wizards,1999-2007,Washington Wizards_2003,0.0,0.0,0.0,0.0,0.7793,0.0,0.4458,0.0,2.6699,0.6121,0.0,0.0742,0.3486,0.0703
2003,1610612765,87.15,0.2755,0.2054,0.2821,0.0617,0.1754,0.322,0.6,0.2888,0.1525,0.077,0.0648,0.3672,0.4875,0.2371,103.5665,99.5569,4.0096,14456.0,DET,-2.0157,-0.7368,-0.3235,-0.4096,0.9177,1.1397,0.5958,-0.0435,-0.939,-1.111,1.0409,-0.636,1.1892,Detroit Pistons,1999-2007,Detroit Pistons_2003,0.0,0.8535,0.3711,0.0,0.3903,0.0,0.1215,0.0,1.2535,0.7173,0.0,0.0,1.2563,0.0365
2004,1610612737,91.5991,0.3167,0.2129,0.2791,0.0574,0.1339,0.3026,0.5825,0.3103,0.1776,0.0826,0.0537,0.3591,0.492,0.1913,100.1447,105.241,-5.0962,15194.0,ATL,0.5368,0.1333,0.1606,-0.3686,0.4079,-0.088,-0.025,-0.6758,-0.2181,-0.523,-0.1794,-0.224,0.118,Atlanta Hawks,1999-2007,Atlanta Hawks_2004,0.0,0.7131,1.1131,0.0,0.0,0.0,0.6516,0.0,1.108,0.0919,0.0,0.7229,0.4701,0.1292
2004,1610612738,93.4605,0.3101,0.164,0.2767,0.0672,0.1821,0.3266,0.592,0.2819,0.1736,0.1004,0.0431,0.3435,0.4407,0.2493,101.7852,103.3494,-1.5642,15347.0,BOS,1.4102,-0.0626,-1.4219,-0.431,0.9801,1.6147,0.8176,-0.4278,-1.3967,1.5488,-1.2174,-1.4986,1.6519,Boston Celtics,1999-2007,Boston Celtics_2004,0.0,0.3732,1.533,0.0,0.0,0.0,0.6276,0.0,1.219,0.3427,0.0,0.129,0.6802,0.0953
2004,1610612739,91.0986,0.3427,0.2523,0.2897,0.0341,0.0813,0.2993,0.6198,0.3419,0.1619,0.078,0.0713,0.3713,0.542,0.1154,101.5044,103.6303,-2.1259,14910.0,CLE,0.3019,0.8925,1.435,-0.0882,-0.9604,-1.9463,-0.1441,0.3038,1.0963,-1.0589,1.5399,1.0193,-1.8915,Cleveland Cavaliers,1999-2007,Cleveland Cavaliers_2004,0.0,1.6416,0.3425,0.0,0.309,0.0,0.1965,0.0,1.4605,0.0978,0.0,0.5714,0.3472,0.0335
2004,1610612740,89.531,0.301,0.1726,0.2742,0.0607,0.1915,0.2933,0.619,0.3324,0.1658,0.0957,0.0468,0.3532,0.4468,0.2522,101.6745,102.0298,-0.3552,14795.0,NOH,-0.4336,-0.3283,-1.1434,-0.4972,0.6001,1.9484,-0.3556,0.2832,0.7008,1.0034,-0.8565,-1.347,1.7306,New Orleans Hornets,1999-2007,New Orleans Hornets_2004,0.0,0.0,1.3083,0.0,0.7763,0.0,0.2361,0.0,0.0,0.933,0.0,0.3574,1.1632,0.2257
2004,1610612741,92.3082,0.2934,0.1964,0.3262,0.0408,0.1432,0.2691,0.6406,0.3052,0.1744,0.0861,0.0514,0.3579,0.5226,0.184,96.571,103.0416,-6.4705,15024.0,CHI,0.8695,-0.5512,-0.3737,0.875,-0.5674,0.2425,-1.2055,0.8487,-0.4307,-0.1151,-0.4074,0.5375,-0.0742,Chicago Bulls,1999-2007,Chicago Bulls_2004,0.0,0.7012,0.9729,0.0,0.7977,0.0,0.5801,0.0,0.8432,0.1982,0.0,0.8239,0.0618,0.0209
2004,1610612742,93.4007,0.2996,0.218,0.2811,0.0361,0.1653,0.2564,0.5909,0.337,0.1296,0.0852,0.0567,0.3522,0.499,0.2014,111.8227,107.2848,4.5379,15415.0,DAL,1.3821,-0.3693,0.3251,-0.3161,-0.844,1.0217,-1.6526,-0.4559,0.8931,-0.218,0.1166,-0.0481,0.3849,Dallas Mavericks,1999-2007,Dallas Mavericks_2004,0.0,1.3359,0.8588,0.0,0.2558,0.0,0.0,0.0,0.2634,0.1569,0.0,1.2998,0.8294,0.0
2004,1610612743,93.701,0.3555,0.1615,0.3374,0.0294,0.1162,0.3192,0.5994,0.3289,0.1657,0.0968,0.0676,0.3376,0.4989,0.1456,103.358,102.4828,0.8752,15406.0,DEN,1.523,1.2676,-1.5036,1.171,-1.2357,-0.7112,0.5591,-0.2329,0.5568,1.1398,1.18,-0.0516,-1.0902,Denver Nuggets,1999-2007,Denver Nuggets_2004,0.0,0.0,0.7226,0.0,0.5108,0.0,0.7648,0.0,0.4647,0.8975,0.0,0.7627,0.8466,0.0304
2004,1610612744,89.9622,0.3035,0.2287,0.2708,0.051,0.1461,0.3115,0.5847,0.3177,0.1627,0.0774,0.0523,0.3646,0.4995,0.1971,102.7815,103.5738,-0.7923,14885.0,GSW,-0.2313,-0.255,0.6716,-0.5872,0.0297,0.3427,0.2857,-0.6191,0.089,-1.126,-0.3228,-0.0374,0.2702,Golden State Warriors,1999-2007,Golden State Warriors_2004,0.0,0.0,0.5598,0.0,0.6695,0.0,0.1424,0.0,1.0624,0.6013,0.0,0.5995,1.3218,0.0433
2004,1610612745,87.8616,0.2762,0.2297,0.2672,0.0743,0.1527,0.2864,0.5767,0.2959,0.1881,0.0768,0.0608,0.3919,0.4969,0.227,100.8355,99.0398,1.7957,14591.0,HOU,-1.2169,-1.0546,0.7043,-0.6828,1.3948,0.5774,-0.5987,-0.8291,-0.8145,-1.1924,0.5109,-0.1023,1.0617,Houston Rockets,1999-2007,Houston Rockets_2004,0.0,1.191,1.0844,0.0,0.0,0.0,0.0,0.0,0.8126,0.4355,0.0,0.1636,1.2315,0.0814
2004,1610612746,91.4955,0.3512,0.2159,0.2777,0.0219,0.1333,0.3491,0.5868,0.3611,0.178,0.0789,0.0498,0.347,0.4936,0.1552,102.9973,107.8322,-4.8349,15073.0,LAC,0.4882,1.1423,0.2583,-0.4047,-1.6766,-0.1082,1.6092,-0.564,1.8956,-0.9554,-0.5662,-0.1829,-0.8372,Los Angeles Clippers,1999-2007,Los Angeles Clippers_2004,0.0,0.6778,1.281,0.0,0.2396,0.0,0.923,0.0,1.2698,0.0,0.0,0.5275,0.0,0.0813
2004,1610612747,92.2589,0.3363,0.203,0.2937,0.0416,0.1254,0.3522,0.6433,0.3221,0.1482,0.0894,0.0497,0.3641,0.4967,0.167,105.4203,101.3767,4.0436,15265.0,LAL,0.8463,0.7056,-0.1608,0.0186,-0.5188,-0.3879,1.7184,0.9209,0.2734,0.2753,-0.5749,-0.106,-0.5246,Los Angeles Lakers,1999-2007,Los Angeles Lakers_2004,0.0,0.3586,0.4519,0.0,0.7407,0.0,0.0,0.0,1.3462,0.6219,0.0,0.1777,1.2524,0.0506
2004,1610612748,88.3645,0.311,0.1879,0.2895,0.0503,0.1611,0.2984,0.5735,0.3021,0.1563,0.0811,0.043,0.3688,0.4775,0.2115,101.7597,101.1825,0.5772,14547.0,MIA,-0.9809,-0.0335,-0.647,-0.0921,-0.0087,0.8752,-0.1737,-0.9139,-0.5593,-0.6911,-1.2274,-0.5839,0.6518,Miami Heat,1999-2007,Miami Heat_2004,0.0,1.2136,1.1992,0.0,1.2907,0.0,0.1059,0.0,0.0922,0.1219,0.0,0.0,0.9333,0.0432
2004,1610612749,92.1901,0.3368,0.235,0.2559,0.0472,0.125,0.3296,0.6303,0.3068,0.1459,0.073,0.0505,0.3557,0.491,0.1722,105.6929,104.7694,0.9234,15196.0,MIL,0.8141,0.7221,0.877,-0.9785,-0.1916,-0.4024,0.9249,0.5788,-0.3626,-1.6382,-0.4995,-0.2484,-0.388,Milwaukee Bucks,1999-2007,Milwaukee Bucks_2004,0.0,0.5671,1.1383,0.0,0.0,0.0,0.6425,0.0,1.1031,0.3171,0.0,1.2178,0.0,0.0142
2004,1610612750,89.2331,0.215,0.2549,0.3935,0.0361,0.1004,0.2653,0.6231,0.2914,0.1418,0.0764,0.0629,0.3858,0.6485,0.1365,105.5261,99.4553,6.0708,14690.0,MIN,-0.5734,-2.846,1.52,2.6515,-0.8459,-1.2685,-1.3418,0.3908,-1.0021,-1.2412,0.7215,3.6665,-1.332,Minnesota Timberwolves,1999-2007,Minnesota Timberwolves_2004,0.0,1.0796,0.0972,0.0,0.7318,0.0,0.4713,0.0,1.6389,0.4398,0.0,0.0,0.455,0.0863
2004,1610612751,89.9041,0.3399,0.1612,0.3227,0.0344,0.1419,0.2913,0.7142,0.2849,0.1638,0.096,0.0436,0.3662,0.4838,0.1762,100.3662,97.388,2.9781,14763.0,NJN,-0.2585,0.8124,-1.5131,0.7816,-0.9456,0.1948,-0.4256,2.7819,-1.2721,1.0364,-1.1742,-0.4259,-0.2805,New Jersey Nets,1999-2007,New Jersey Nets_2004,0.0,0.5733,0.6946,0.0,0.2293,0.0,0.3421,0.0,0.0,0.0,0.0,1.8746,1.2096,0.0765
2004,1610612752,90.2947,0.2685,0.2453,0.3147,0.0472,0.1242,0.2667,0.5886,0.2998,0.1724,0.0818,0.0524,0.372,0.56,0.1714,101.1727,102.0205,-0.8478,14843.0,NYK,-0.0753,-1.2785,1.2096,0.5715,-0.1906,-0.4291,-1.2914,-0.5175,-0.6531,-0.6165,-0.3097,1.4678,-0.4075,New York Knicks,1999-2007,New York Knicks_2004,0.0,0.182,1.1413,0.0,0.8161,0.0,0.8832,0.0,0.9493,0.0,0.0,0.9555,0.0702,0.0024
2004,1610612753,91.1917,0.2683,0.207,0.3403,0.0359,0.1484,0.2954,0.5455,0.3122,0.1489,0.0726,0.0409,0.3371,0.5473,0.1844,102.3497,110.0106,-7.661,15065.0,ORL,0.3456,-1.2848,-0.0309,1.2477,-0.8542,0.4265,-0.2808,-1.6498,-0.1388,-1.6809,-1.4375,1.152,-0.0657,Orlando Magic,1999-2007,Orlando Magic_2004,0.0,1.2843,1.0456,0.0,0.3045,0.0,0.3873,0.0,0.6804,0.3653,0.0,0.0704,0.8151,0.0472
2004,1610612754,87.6627,0.3138,0.2233,0.2602,0.0683,0.1343,0.3186,0.6444,0.3194,0.1634,0.1003,0.0568,0.3635,0.4835,0.2026,103.5946,97.0422,6.5525,14468.0,IND,-1.3102,0.0478,0.4987,-0.8661,1.0473,-0.0729,0.5356,0.9487,0.1622,1.548,0.1226,-0.433,0.4178,Indiana Pacers,1999-2007,Indiana Pacers_2004,0.0,1.3152,1.3583,0.0,0.0,0.0,0.1694,0.0,0.6872,0.4963,0.0,0.0679,0.8395,0.0661
2004,1610612755,88.315,0.3314,0.222,0.2889,0.0519,0.1058,0.32,0.6114,0.315,0.179,0.0896,0.0491,0.3582,0.5109,0.1577,98.7639,101.5912,-2.8273,14571.0,PHI,-1.0041,0.5614,0.456,-0.1097,0.0854,-1.0791,0.5851,0.0813,-0.0218,0.2935,-0.6321,0.2469,-0.77,Philadelphia 76ers,1999-2007,Philadelphia 76ers_2004,0.0,1.035,0.7476,0.0,0.0,0.0,0.1575,0.0,1.0688,0.6709,0.0,0.0,1.3202,0.0
2004,1610612756,92.7947,0.3346,0.2123,0.273,0.0619,0.1183,0.2796,0.5362,0.2963,0.1637,0.0961,0.0502,0.3416,0.4852,0.1802,101.2056,105.2977,-4.0921,15257.0,PHX,1.0978,0.6559,0.14,-0.5292,0.6705,-0.6387,-0.8378,-1.8936,-0.8006,1.0557,-0.5229,-0.3911,-0.1762,Phoenix Suns,1999-2007,Phoenix Suns_2004,0.0,1.4521,0.9318,0.0,0.201,0.0,0.1127,0.0,1.0665,0.6251,0.0,0.1457,0.4633,0.002
2004,1610612757,86.5706,0.3176,0.2304,0.2816,0.0332,0.1372,0.2672,0.6101,0.3351,0.1682,0.0851,0.0615,0.3542,0.512,0.1704,103.1757,104.7341,-1.5584,14414.0,POR,-1.8226,0.1588,0.727,-0.3021,-1.0115,0.0283,-1.2733,0.0475,0.8144,-0.2273,0.5828,0.2738,-0.435,Portland Trail Blazers,1999-2007,Portland Trail Blazers_2004,0.0,1.3746,0.8538,0.0,0.0,0.0,0.7796,0.0,0.4213,0.0,0.0,0.8789,0.6116,0.0801
2004,1610612758,93.2457,0.2904,0.1548,0.3315,0.0708,0.1524,0.3046,0.6935,0.2896,0.148,0.0922,0.0423,0.352,0.4864,0.2232,109.8047,104.3173,5.4874,15370.0,SAC,1.3094,-0.6378,-1.7186,1.0159,1.1909,0.5679,0.0428,2.2393,-1.0758,0.599,-1.3032,-0.363,0.9626,Sacramento Kings,1999-2007,Sacramento Kings_2004,0.0,0.8759,0.7113,0.0,0.0805,0.0,0.1915,0.0,1.0564,0.0,0.0,0.9111,1.1732,0.0
2004,1610612759,89.3447,0.3138,0.2378,0.2712,0.0665,0.1107,0.3216,0.5897,0.3305,0.1635,0.09,0.0731,0.3878,0.509,0.1772,101.9158,94.0384,7.8774,14707.0,SAS,-0.521,0.0472,0.9664,-0.5756,0.9411,-0.9075,0.6414,-0.487,0.621,0.3394,1.7188,0.2,-0.2555,San Antonio Spurs,1999-2007,San Antonio Spurs_2004,0.0,1.0517,1.5043,0.0,0.2935,0.0,0.5926,0.0,0.0,0.0,0.0,0.3259,1.1824,0.0496
2004,1610612760,90.3348,0.2721,0.2036,0.2305,0.0818,0.212,0.2704,0.6063,0.2969,0.1592,0.0886,0.0519,0.3393,0.4341,0.2938,106.9137,107.4531,-0.5394,14909.0,SEA,-0.0565,-1.175,-0.1389,-1.6496,1.837,2.6713,-1.1603,-0.0509,-0.7736,0.1806,-0.3608,-1.6613,2.83,Seattle SuperSonics,1999-2007,Seattle SuperSonics_2004,0.0,0.0,1.1212,0.0,0.0,0.0,0.6565,0.0,1.0569,0.5613,0.0,0.1482,1.4551,0.0009
2004,1610612761,87.1231,0.2593,0.1977,0.3392,0.0933,0.1106,0.2599,0.5931,0.261,0.1606,0.0833,0.0554,0.3605,0.5369,0.2038,96.5812,100.0138,-3.4326,14506.0,TOR,-1.5634,-1.5495,-0.3311,1.2168,2.5099,-0.9102,-1.5296,-0.3992,-2.2676,-0.4389,-0.0121,0.8923,0.45,Toronto Raptors,1999-2007,Toronto Raptors_2004,0.0,0.7647,0.8211,0.0,0.3754,0.0,0.222,0.0,1.2544,0.0611,0.0,0.7453,0.7373,0.0186
2004,1610612762,87.1911,0.3696,0.1308,0.3723,0.0297,0.0977,0.3558,0.6212,0.3722,0.19,0.0808,0.0687,0.3451,0.5031,0.1273,101.2251,102.5316,-1.3065,14372.0,UTA,-1.5315,1.6808,-2.4974,2.0917,-1.2225,-1.3654,1.8467,0.3394,2.3562,-0.7265,1.29,0.0525,-1.5744,Utah Jazz,1999-2007,Utah Jazz_2004,0.0,0.2862,0.9155,0.0,1.0252,0.0,0.0958,0.0,0.1992,1.1571,0.0,1.0237,0.1551,0.1422
2004,1610612763,91.5996,0.3521,0.2115,0.239,0.0559,0.1415,0.3219,0.6463,0.3284,0.1617,0.1047,0.0744,0.3388,0.4505,0.1974,104.6174,101.7775,2.8399,15175.0,MEM,0.537,1.1693,0.1156,-1.4255,0.3167,0.1819,0.6535,0.9991,0.5343,2.0522,1.8463,-1.2545,0.2791,Memphis Grizzlies,1999-2007,Memphis Grizzlies_2004,0.0,1.4281,0.9517,0.0,0.0,0.0,0.0,0.0,0.3657,0.5296,0.0,0.6932,1.0188,0.0129
2004,1610612764,92.9622,0.3233,0.2141,0.2689,0.0429,0.1508,0.3372,0.5571,0.3425,0.1873,0.0953,0.0528,0.3363,0.483,0.1937,98.0727,103.9958,-5.9232,15362.0,WAS,1.1763,0.3259,0.2002,-0.6374,-0.4476,0.5112,1.1916,-1.3443,1.1237,0.9574,-0.2659,-0.4468,0.1812,Washington Wizards,1999-2007,Washington Wizards_2004,0.0,0.0,1.026,0.0,0.2475,0.0,0.034,0.0,1.092,1.4108,0.0,0.6238,0.5154,0.0506
2004,1610612765,88.1982,0.3499,0.2455,0.2513,0.0421,0.1112,0.3285,0.6196,0.3317,0.1707,0.0907,0.0784,0.3728,0.4968,0.1533,101.6371,95.0475,6.5896,14538.0,DET,-1.059,1.1033,1.2151,-1.0997,-0.4903,-0.8892,0.8845,0.2973,0.6707,0.4198,2.2407,-0.1028,-0.8873,Detroit Pistons,1999-2007,Detroit Pistons_2004,0.0,1.1894,0.4819,0.0,0.0,0.0,0.0942,0.0,1.4133,0.8936,0.0,0.9223,0.0,0.0052
2005,1610612737,91.8388,0.384,0.1938,0.2773,0.0395,0.1053,0.2967,0.5489,0.3347,0.173,0.0831,0.0441,0.3293,0.4712,0.1448,100.3862,110.032,-9.6458,15015.0,ATL,0.2397,1.8264,0.2197,-0.3921,-0.8441,-0.9801,-0.9889,-1.1234,0.8109,0.1579,-0.8472,-0.2618,-1.0293,Atlanta Hawks,1999-2007,Atlanta Hawks_2005,0.0,0.0,0.772,0.0,0.7903,0.0,0.2655,0.0,0.3401,0.5197,0.0,2.1827,0.0683,0.0613
2005,1610612738,93.6058,0.3846,0.1564,0.2668,0.0582,0.1341,0.3568,0.5942,0.3062,0.1674,0.086,0.0545,0.3445,0.4231,0.1923,107.1484,106.1501,0.9983,15506.0,BOS,0.9646,1.8422,-1.2777,-0.6072,0.1846,-0.1872,1.1515,0.0521,-0.5406,0.4856,0.1592,-1.1753,-0.0694,Boston Celtics,1999-2007,Boston Celtics_2005,0.0,0.5368,0.931,0.0,0.0528,0.0,0.0,0.0,1.4245,0.3937,0.0,1.1124,0.5489,0.0
2005,1610612739,89.9743,0.3303,0.2245,0.31,0.0401,0.0951,0.3251,0.6191,0.3511,0.153,0.088,0.062,0.3432,0.5345,0.1352,106.1427,105.6251,0.5176,14887.0,CLE,-0.5251,0.3108,1.444,0.2725,-0.8119,-1.2613,0.0228,0.6969,1.5893,0.7158,0.882,0.9417,-1.2237,Cleveland Cavaliers,1999-2007,Cleveland Cavaliers_2005,0.0,1.2909,0.4581,0.0,0.7479,0.0,0.4122,0.0,1.5233,0.2227,0.0,0.0,0.2686,0.0764
2005,1610612740,87.8956,0.3104,0.1489,0.34,0.0467,0.1541,0.2791,0.6343,0.3205,0.1667,0.0754,0.0425,0.3403,0.4889,0.2007,99.3561,107.3024,-7.9463,14598.0,NOH,-1.3779,-0.2521,-1.5766,0.8828,-0.4493,0.3633,-1.6155,1.0922,0.1367,-0.7325,-1.004,0.0746,0.1012,New Orleans Hornets,1999-2007,New Orleans Hornets_2005,0.0,0.8488,1.0014,0.0,0.802,0.0,0.1767,0.0,0.0,0.5199,0.0,0.0,1.5784,0.0729
2005,1610612741,92.466,0.3046,0.2115,0.2665,0.0519,0.1655,0.3107,0.6118,0.3171,0.1795,0.0754,0.0483,0.3684,0.478,0.2174,101.4142,100.1963,1.2179,15280.0,CHI,0.497,-0.4156,0.9247,-0.6121,-0.1632,0.6788,-0.4914,0.5082,-0.0224,-0.7313,-0.4441,-0.1319,0.4378,Chicago Bulls,1999-2007,Chicago Bulls_2005,0.0,0.7764,1.3623,0.0,0.1681,0.0,0.0,0.0,0.5127,1.0067,0.0,0.9016,0.2156,0.0566
2005,1610612742,93.1171,0.2971,0.1952,0.3174,0.0469,0.1433,0.3458,0.5265,0.3121,0.144,0.0924,0.0602,0.3546,0.5126,0.1903,109.8549,103.5905,6.2644,15310.0,DAL,0.7641,-0.6273,0.2741,0.4238,-0.4354,0.0676,0.7615,-1.7061,-0.259,1.2228,0.704,0.5264,-0.1105,Dallas Mavericks,1999-2007,Dallas Mavericks_2005,0.0,0.7664,1.0628,0.0,0.0707,0.0,0.2222,0.0,0.4116,0.6999,0.0,1.1513,0.5987,0.0164
2005,1610612743,93.6856,0.3734,0.1488,0.3358,0.0437,0.0984,0.3497,0.6445,0.3114,0.1587,0.0973,0.0634,0.3447,0.4845,0.1421,105.8221,103.6831,2.139,15423.0,DEN,0.9974,1.5264,-1.5813,0.7964,-0.6135,-1.1702,0.8977,1.3573,-0.2925,1.7747,1.0149,-0.0083,-1.0839,Denver Nuggets,1999-2007,Denver Nuggets_2005,0.0,1.0759,0.7187,0.0,0.0389,0.0,0.2366,0.0,0.5474,0.3342,0.0,1.1268,0.8977,0.0238
2005,1610612744,93.5584,0.2936,0.1635,0.2908,0.0636,0.1884,0.2777,0.5979,0.306,0.1433,0.0828,0.0541,0.3405,0.4543,0.252,104.2772,106.6263,-2.349,15519.0,GSW,0.9452,-0.7251,-0.9913,-0.1182,0.4834,1.3092,-1.6653,0.1472,-0.551,0.1156,0.1212,-0.5821,1.1381,Golden State Warriors,1999-2007,Golden State Warriors_2005,0.0,0.6013,1.1891,0.0,0.249,0.0,0.4239,0.0,0.686,0.2388,0.0,0.6021,0.9598,0.0501
2005,1610612745,89.104,0.2614,0.1993,0.3024,0.0682,0.1687,0.3094,0.6089,0.2936,0.1539,0.0764,0.0513,0.3829,0.5016,0.237,105.7085,101.3165,4.392,14743.0,HOU,-0.8822,-1.6354,0.4365,0.1174,0.7357,0.7674,-0.5372,0.4337,-1.1391,-0.6113,-0.1527,0.3174,0.8334,Houston Rockets,1999-2007,Houston Rockets_2005,0.0,0.6257,0.8681,0.0,0.9128,0.0,0.0037,0.0,0.8042,0.2981,0.0,0.0,1.3429,0.1445
2005,1610612746,89.6375,0.3112,0.2224,0.3613,0.0323,0.0727,0.3571,0.6501,0.3351,0.1723,0.08,0.0564,0.3588,0.5837,0.1051,104.9472,105.733,-0.7858,14962.0,LAC,-0.6633,-0.2284,1.3599,1.3171,-1.2367,-1.8787,1.1628,1.5035,0.8292,-0.1952,0.3381,1.8777,-1.8328,Los Angeles Clippers,1999-2007,Los Angeles Clippers_2005,0.0,0.7502,1.2214,0.0,1.1058,0.0,0.6331,0.0,0.62,0.5425,0.0,0.0,0.0,0.127
2005,1610612747,91.2922,0.3396,0.1561,0.2308,0.0714,0.2021,0.3222,0.5775,0.3198,0.1565,0.0675,0.0457,0.3622,0.3869,0.2735,107.632,110.7745,-3.1426,15048.0,LAL,0.0155,0.5713,-1.2864,-1.3393,0.907,1.6885,-0.0801,-0.3807,0.1028,-1.6321,-0.6926,-1.8634,1.5721,Los Angeles Lakers,1999-2007,Los Angeles Lakers_2005,0.0,0.5836,1.0033,0.0,0.3951,0.0,0.0,0.0,0.6808,0.4728,0.0,0.8923,0.8563,0.116
2005,1610612748,90.7748,0.3489,0.1801,0.2731,0.052,0.1459,0.3872,0.5783,0.3121,0.1491,0.0699,0.0628,0.3778,0.4532,0.1979,110.0727,103.219,6.8537,15114.0,MIA,-0.1967,0.8357,-0.328,-0.4789,-0.1578,0.1381,2.2372,-0.3612,-0.2591,-1.3515,0.9546,-0.6035,0.0433,Miami Heat,1999-2007,Miami Heat_2005,0.0,0.6669,0.2872,0.0,0.5347,0.0,0.0,0.0,0.748,0.6874,0.0,0.3126,1.7461,0.0171
2005,1610612749,91.1041,0.3479,0.2008,0.3108,0.0389,0.1017,0.3388,0.5803,0.3252,0.151,0.0703,0.0384,0.3473,0.5116,0.1406,106.3634,109.2674,-2.904,15017.0,MIL,-0.0616,0.8058,0.4968,0.2885,-0.8763,-1.0804,0.5091,-0.3094,0.3617,-1.3065,-1.3939,0.5059,-1.1147,Milwaukee Bucks,1999-2007,Milwaukee Bucks_2005,0.0,0.7997,0.8723,0.0,0.0478,0.0,0.3467,0.0,1.7205,0.4464,0.0,0.2079,0.4195,0.1393
2005,1610612750,89.3667,0.2325,0.2346,0.3602,0.038,0.1347,0.2746,0.6299,0.3147,0.1466,0.0626,0.0608,0.3735,0.5948,0.1727,107.8282,106.2687,1.5595,14712.0,MIN,-0.7744,-2.4527,1.848,1.2947,-0.9253,-0.1699,-1.7788,0.9778,-0.136,-2.1973,0.7611,2.0889,-0.4649,Minnesota Timberwolves,1999-2007,Minnesota Timberwolves_2005,0.0,1.1716,0.6187,0.0,0.5191,0.0,0.3049,0.0,1.0164,0.3825,0.0,0.0,0.9735,0.0135
2005,1610612751,89.3597,0.2853,0.1725,0.3556,0.0535,0.1332,0.3177,0.6439,0.2915,0.1567,0.088,0.0414,0.3545,0.5281,0.1866,101.5001,102.5624,-1.0623,14670.0,NJN,-0.7773,-0.96,-0.6341,1.2004,-0.0769,-0.2127,-0.2406,1.341,-1.238,0.7201,-1.104,0.8198,-0.1843,New Jersey Nets,1999-2007,New Jersey Nets_2005,0.0,0.0123,0.9906,0.0,1.1539,0.0,0.5301,0.0,0.9091,0.1153,0.0,0.5955,0.5714,0.1219
2005,1610612752,91.0684,0.3108,0.1865,0.3147,0.0503,0.1376,0.3122,0.5591,0.3101,0.1594,0.0834,0.0345,0.3395,0.5013,0.1879,105.6696,108.477,-2.8074,15087.0,NYK,-0.0763,-0.2408,-0.0713,0.3689,-0.2495,-0.0903,-0.4383,-0.8596,-0.3541,0.1934,-1.7731,0.3108,-0.158,New York Knicks,1999-2007,New York Knicks_2005,0.0,0.0,0.9657,0.0,0.9989,0.0,0.0487,0.0,0.6818,1.0598,0.0,0.3504,0.8499,0.0447
2005,1610612753,95.1718,0.3369,0.1737,0.3523,0.029,0.1081,0.3496,0.5218,0.3298,0.1691,0.081,0.0565,0.3517,0.526,0.1371,104.3879,106.8237,-2.4358,15628.0,ORL,1.6071,0.4953,-0.5853,1.1332,-1.4182,-0.9033,0.8957,-1.829,0.5774,-0.0817,0.3443,0.7802,-1.1841,Orlando Magic,1999-2007,Orlando Magic_2005,0.0,0.0,0.59,0.0,0.0,0.0,0.4767,0.0,1.9817,1.2096,0.0,0.1652,0.5221,0.0547
2005,1610612754,87.7726,0.2931,0.1879,0.2637,0.0708,0.1845,0.3576,0.5581,0.2848,0.1612,0.0845,0.049,0.357,0.4516,0.2553,104.8103,103.8726,0.9378,14558.0,IND,-1.4283,-0.7413,-0.0181,-0.6691,0.8787,1.2015,1.1805,-0.8857,-1.5573,0.3091,-0.3723,-0.6337,1.2044,Indiana Pacers,1999-2007,Indiana Pacers_2005,0.0,0.3865,1.5982,0.0,0.0,0.0,0.2482,0.0,0.4524,0.7672,0.0,0.4631,0.8632,0.2211
2005,1610612755,95.4621,0.3325,0.1799,0.2718,0.0563,0.1594,0.3257,0.5804,0.2834,0.1613,0.0957,0.0406,0.3503,0.4518,0.2157,102.9382,103.6714,-0.7332,15795.0,PHI,1.7262,0.3729,-0.3356,-0.5045,0.0778,0.5117,0.0444,-0.3055,-1.6236,1.5967,-1.1807,-0.6311,0.4039,Philadelphia 76ers,1999-2007,Philadelphia 76ers_2005,0.0,0.9411,0.2449,0.0,0.3701,0.0,0.0,0.0,1.0705,0.5132,0.0,0.6749,1.167,0.0182
2005,1610612756,96.3883,0.3075,0.1821,0.2217,0.0918,0.1969,0.2964,0.5751,0.3049,0.1416,0.072,0.057,0.3624,0.4038,0.2887,113.9728,106.6213,7.3515,15888.0,PHX,2.1061,-0.3342,-0.2487,-1.5242,2.0289,1.5447,-1.0009,-0.4455,-0.6034,-1.1156,0.3988,-1.5424,1.8791,Phoenix Suns,1999-2007,Phoenix Suns_2005,0.0,1.5221,0.9252,0.0,0.0304,0.0,0.0,0.0,0.8187,0.3717,0.0,0.0553,1.2548,0.0217
2005,1610612757,89.9726,0.3583,0.196,0.2649,0.0397,0.1411,0.3027,0.5946,0.3287,0.1768,0.0788,0.0736,0.3527,0.4609,0.1808,103.0143,107.4915,-4.4772,14793.0,POR,-0.5258,1.1002,0.3084,-0.646,-0.8323,0.0056,-0.7754,0.0622,0.5268,-0.3338,1.993,-0.4568,-0.302,Portland Trail Blazers,1999-2007,Portland Trail Blazers_2005,0.0,0.8795,0.3437,0.0,0.0,0.0,0.4247,0.0,1.104,0.4714,0.0,1.2751,0.4384,0.0633
2005,1610612758,93.5583,0.2704,0.149,0.3805,0.0529,0.1472,0.2872,0.626,0.3123,0.1386,0.0871,0.0408,0.3461,0.5295,0.2001,109.8837,107.5969,2.2868,15480.0,SAC,0.9452,-1.381,-1.5698,1.7067,-0.1083,0.1737,-1.3285,0.8763,-0.2505,0.6095,-1.1625,0.8476,0.0876,Sacramento Kings,1999-2007,Sacramento Kings_2005,0.0,1.0681,0.2503,0.0,0.6207,0.0,0.0,0.0,1.4784,0.3151,0.0,0.6136,0.6417,0.0121
2005,1610612759,89.0321,0.3284,0.2296,0.2257,0.0961,0.1202,0.3287,0.6055,0.3238,0.153,0.0835,0.074,0.3668,0.4553,0.2163,107.2759,98.7331,8.5428,14694.0,SAS,-0.9117,0.2552,1.6497,-1.4424,2.2685,-0.571,0.1502,0.3459,0.2937,0.2002,2.0321,-0.5627,0.4155,San Antonio Spurs,1999-2007,San Antonio Spurs_2005,0.0,0.6139,1.0525,0.0,0.2213,0.0,0.6202,0.0,0.0,0.1058,0.0,0.91,1.4155,0.0609
2005,1610612760,88.3402,0.3024,0.1996,0.2173,0.0686,0.2121,0.3279,0.516,0.3482,0.1531,0.0761,0.0465,0.3477,0.4169,0.2807,111.5649,108.9946,2.5703,14543.0,SEA,-1.1955,-0.4781,0.4504,-1.6141,0.7577,1.962,0.124,-1.9794,1.4508,-0.652,-0.617,-1.2938,1.7177,Seattle SuperSonics,1999-2007,Seattle SuperSonics_2005,0.0,0.0853,0.648,0.0,0.0,0.0,0.3265,0.0,1.5234,1.0829,0.0,0.1303,1.1656,0.0378
2005,1610612761,92.928,0.2936,0.1812,0.2727,0.0998,0.1528,0.3157,0.5657,0.2659,0.1418,0.081,0.0413,0.342,0.4539,0.2526,106.6649,108.3572,-1.6923,15337.0,TOR,0.6866,-0.7274,-0.2852,-0.487,2.4683,0.3285,-0.3141,-0.6878,-2.4515,-0.0903,-1.114,-0.5907,1.1488,Toronto Raptors,1999-2007,Toronto Raptors_2005,0.0,0.7588,1.0707,0.0,0.3885,0.0,0.4065,0.0,0.8425,0.0818,0.0,0.1489,1.2831,0.0192
2005,1610612762,88.8599,0.3453,0.1562,0.3777,0.0313,0.0895,0.3607,0.6457,0.3561,0.1764,0.0739,0.0511,0.3356,0.5339,0.1208,104.0956,108.9642,-4.8686,14643.0,UTA,-0.9823,0.733,-1.2831,1.6497,-1.2957,-1.4148,1.2909,1.388,1.8265,-0.8956,-0.1716,0.9307,-1.5143,Utah Jazz,1999-2007,Utah Jazz_2005,0.0,1.0401,1.0281,0.0,1.1101,0.0,0.5362,0.0,0.4182,0.2108,0.0,0.565,0.0,0.0914
2005,1610612763,88.7044,0.3692,0.1756,0.2183,0.0748,0.1622,0.3228,0.6124,0.3041,0.1645,0.0959,0.0653,0.3431,0.3939,0.237,105.2914,102.5103,2.7811,14566.0,MEM,-1.0461,1.4068,-0.5097,-1.5936,1.0959,0.587,-0.061,0.5245,-0.6394,1.6169,1.196,-1.7315,0.8336,Memphis Grizzlies,1999-2007,Memphis Grizzlies_2005,0.0,1.0275,1.0112,0.0,0.0,0.0,0.1502,0.0,0.0,0.328,0.0,1.3779,1.0984,0.0068
2005,1610612764,93.6946,0.3004,0.2215,0.2576,0.0474,0.1731,0.3644,0.527,0.3459,0.1514,0.0928,0.045,0.3355,0.4791,0.2205,106.6244,107.1679,-0.5435,15444.0,WAS,1.0011,-0.5342,1.3263,-0.7944,-0.4098,0.888,1.4244,-1.6936,1.3415,1.2647,-0.7624,-0.1111,0.5006,Washington Wizards,1999-2007,Washington Wizards_2005,0.0,0.6658,0.0,0.0,0.0,0.0,0.2235,0.0,1.6986,1.0276,0.0,0.6186,0.6873,0.0785
2005,1610612765,87.4668,0.3299,0.2092,0.297,0.0466,0.1174,0.3348,0.6268,0.3459,0.1557,0.0791,0.0684,0.3737,0.5062,0.164,105.1381,100.9634,4.1747,14545.0,DET,-1.5538,0.2971,0.8323,0.0077,-0.4553,-0.6462,0.3696,0.8977,1.3446,-0.2996,1.4954,0.4033,-0.6414,Detroit Pistons,1999-2007,Detroit Pistons_2005,0.0,1.2702,1.1792,0.0,0.0,0.0,0.0,0.0,0.7375,0.7388,0.0,0.9939,0.0135,0.0669
2005,1610612766,92.4303,0.2965,0.2136,0.3636,0.0453,0.081,0.299,0.6062,0.3329,0.1546,0.0926,0.057,0.3292,0.5772,0.1263,101.7522,107.1632,-5.4109,14747.0,CHA,0.4824,-0.6455,1.0114,1.3633,-0.5269,-1.6496,-0.9064,0.3624,0.7255,1.2434,0.3972,1.755,-1.4037,Charlotte Bobcats,1999-2007,Charlotte Bobcats_2005,0.0,1.2521,0.9691,0.0,0.1913,0.0,0.4092,0.0,0.6422,0.0764,0.0,0.6249,0.7374,0.0972
2006,1610612737,90.5131,0.3573,0.1732,0.2919,0.0519,0.1258,0.3397,0.5516,0.3462,0.1714,0.0782,0.0525,0.3221,0.4651,0.1776,106.421,111.4339,-5.0129,14995.0,ATL,-0.0608,0.9401,-0.2409,-0.0392,-0.258,-0.6073,0.17,-0.5376,1.5664,-0.0244,0.0941,-0.2076,-0.5459,Atlanta Hawks,1999-2007,Atlanta Hawks_2006,0.0,0.0,0.3104,0.0,0.7454,0.0,0.0758,0.0,0.8379,0.1267,0.0,2.5392,0.3196,0.0449
2006,1610612738,92.1813,0.3644,0.1495,0.2831,0.0566,0.1465,0.3479,0.5811,0.2898,0.1779,0.0758,0.0554,0.3468,0.4326,0.203,105.1659,106.797,-1.6312,15248.0,BOS,0.6727,1.1419,-0.9828,-0.257,-0.0048,0.0534,0.3911,0.1363,-0.6563,-0.3325,0.3728,-0.9344,0.0363,Boston Celtics,1999-2007,Boston Celtics_2006,0.0,0.2749,0.99,0.0,0.0748,0.0,0.2983,0.0,1.611,0.3328,0.0,0.5918,0.7448,0.0816
2006,1610612739,89.8396,0.3668,0.158,0.2467,0.0862,0.1422,0.3615,0.5365,0.3159,0.1533,0.0763,0.0528,0.3649,0.4047,0.2285,107.8582,105.278,2.5802,14846.0,CLE,-0.3569,1.2105,-0.7164,-1.1589,1.5904,-0.0815,0.7592,-0.8838,0.3734,-0.2679,0.1208,-1.5572,0.6194,Cleveland Cavaliers,1999-2007,Cleveland Cavaliers_2006,0.0,1.1036,0.7257,0.0,0.0304,0.0,0.0,0.0,1.4318,0.3299,0.0,0.0915,1.2723,0.0148
2006,1610612740,89.232,0.3356,0.1847,0.342,0.0339,0.1038,0.3386,0.5366,0.3026,0.1486,0.083,0.0422,0.3455,0.5267,0.1377,103.3542,106.5055,-3.1513,14727.0,NOK,-0.6241,0.3242,0.119,1.204,-1.224,-1.3095,0.1382,-0.8813,-0.1533,0.591,-0.9037,1.1707,-1.4617,New Orleans/Oklahoma City Hornets,1999-2007,New Orleans/Oklahoma City Hornets_2006,0.0,1.2467,1.2734,0.0,0.746,0.0,0.1724,0.0,0.0,0.244,0.0,0.1209,1.149,0.0477
2006,1610612741,92.8048,0.301,0.1575,0.3223,0.0652,0.1541,0.292,0.6005,0.303,0.1591,0.066,0.0448,0.3652,0.4797,0.2192,104.2642,103.4536,0.8105,15394.0,CHI,0.9469,-0.6585,-0.7319,0.7143,0.4565,0.2967,-1.1235,0.5812,-0.137,-1.6114,-0.6554,0.1208,0.4075,Chicago Bulls,1999-2007,Chicago Bulls_2006,0.0,0.2042,1.4478,0.0,1.1725,0.0,0.3403,0.0,0.6238,0.5317,0.0,0.0,0.6352,0.0444
2006,1610612742,88.1348,0.2957,0.2317,0.298,0.0417,0.1329,0.3642,0.4997,0.344,0.152,0.0814,0.067,0.3568,0.5297,0.1746,111.1415,104.7488,6.3927,14601.0,DAL,-1.1065,-0.8101,1.5891,0.1138,-0.8041,-0.3807,0.8329,-1.7248,1.4811,0.3849,1.5006,1.2387,-0.616,Dallas Mavericks,1999-2007,Dallas Mavericks_2006,0.0,0.4826,0.4858,0.0,0.0,0.0,0.0621,0.0,1.8622,0.8546,0.0,1.2012,0.0,0.0516
2006,1610612743,93.8806,0.3754,0.1302,0.333,0.0508,0.1105,0.3465,0.6241,0.2963,0.1561,0.0895,0.0593,0.3463,0.4633,0.1613,105.6098,105.2038,0.406,15592.0,DEN,1.4199,1.4558,-1.5841,0.9817,-0.3155,-1.0962,0.3534,1.1201,-0.3989,1.4295,0.7587,-0.2473,-0.9213,Denver Nuggets,1999-2007,Denver Nuggets_2006,0.0,0.8586,1.0491,0.0,0.522,0.0,0.0,0.0,1.1281,0.151,0.0,0.5478,0.7326,0.0107
2006,1610612744,93.4584,0.3214,0.1567,0.2519,0.0752,0.1948,0.3228,0.5764,0.298,0.1494,0.0784,0.0461,0.3467,0.4085,0.27,104.3815,106.2281,-1.8466,15444.0,GSW,1.2342,-0.0784,-0.7575,-1.0311,0.9945,1.5987,-0.2896,0.0292,-0.3341,-0.0056,-0.5321,-1.4713,1.5714,Golden State Warriors,1999-2007,Golden State Warriors_2006,0.0,0.6333,1.1482,0.0,0.1109,0.0,0.7121,0.0,0.7288,0.2501,0.0,0.6519,0.6572,0.1075
2006,1610612745,88.115,0.2897,0.2089,0.2753,0.0609,0.1652,0.3167,0.5835,0.2878,0.1639,0.0807,0.0439,0.3757,0.4842,0.2262,101.4977,103.213,-1.7153,14561.0,HOU,-1.1152,-0.9811,0.8761,-0.4509,0.2294,0.6529,-0.454,0.1908,-0.7345,0.3004,-0.7385,0.2198,0.5664,Houston Rockets,1999-2007,Houston Rockets_2006,0.0,0.4957,0.7288,0.0,0.8166,0.0,0.0718,0.0,0.4425,0.7007,0.0,0.0,1.7134,0.0305
2006,1610612746,91.8617,0.2575,0.2809,0.3307,0.0303,0.1006,0.3325,0.5707,0.2823,0.1566,0.0703,0.0663,0.3818,0.6117,0.1308,105.2979,103.2798,2.0182,15161.0,LAC,0.5322,-1.8953,3.1294,0.925,-1.4205,-1.4119,-0.0275,-0.1016,-0.9509,-1.0448,1.4303,3.0714,-1.619,Los Angeles Clippers,1999-2007,Los Angeles Clippers_2006,0.0,0.8234,0.4113,0.0,0.3793,0.0,0.9069,0.0,1.6694,0.0,0.0,0.1881,0.5952,0.0263
2006,1610612747,91.2012,0.3138,0.1725,0.2741,0.0471,0.1925,0.3287,0.5795,0.3156,0.1513,0.0833,0.0464,0.3569,0.4466,0.2396,107.9285,105.4944,2.4342,15090.0,LAL,0.2418,-0.2967,-0.2609,-0.4799,-0.5166,1.5246,-0.1279,0.1014,0.3618,0.6379,-0.4944,-0.6192,0.8742,Los Angeles Lakers,1999-2007,Los Angeles Lakers_2006,0.0,0.0341,0.7072,0.0,0.3865,0.0,0.39,0.0,0.8304,0.6187,0.0,1.2182,0.7648,0.0501
2006,1610612748,91.5535,0.3556,0.1956,0.222,0.0664,0.1603,0.3635,0.5568,0.3022,0.1574,0.0693,0.0587,0.3781,0.4176,0.2268,108.6772,104.499,4.1782,15072.0,MIA,0.3967,0.8927,0.4601,-1.7714,0.5233,0.497,0.8129,-0.4195,-0.1686,-1.182,0.6922,-1.2683,0.5798,Miami Heat,1999-2007,Miami Heat_2006,0.0,0.106,0.4749,0.0,0.9161,0.0,0.0,0.0,0.7341,0.7836,0.0,0.0,1.9109,0.0744
2006,1610612749,91.3825,0.3593,0.1748,0.2626,0.0623,0.141,0.3221,0.5944,0.307,0.1582,0.079,0.0357,0.3472,0.4374,0.2033,106.0145,107.2799,-1.2654,15120.0,MIL,0.3215,0.9963,-0.1891,-0.766,0.302,-0.1199,-0.3074,0.4415,0.0203,0.0785,-1.5355,-0.8259,0.0426,Milwaukee Bucks,1999-2007,Milwaukee Bucks_2006,0.0,0.2245,0.6915,0.0,0.0,0.0,0.0,0.0,1.1804,1.4202,0.0,0.0,1.447,0.0364
2006,1610612750,88.4815,0.2942,0.1834,0.3738,0.0303,0.1183,0.2989,0.5942,0.2865,0.1624,0.0764,0.0644,0.3561,0.5573,0.1486,102.7455,104.8777,-2.1322,14640.0,MIN,-0.9541,-0.8534,0.0799,1.9933,-1.4195,-0.8459,-0.936,0.436,-0.7861,-0.2635,1.2455,1.8544,-1.2123,Minnesota Timberwolves,1999-2007,Minnesota Timberwolves_2006,0.0,1.0387,0.9896,0.0,0.8116,0.0,0.5191,0.0,0.962,0.2359,0.0,0.0,0.4051,0.038
2006,1610612751,89.9757,0.3081,0.1488,0.3141,0.0652,0.1638,0.3462,0.6782,0.2744,0.1508,0.0753,0.0375,0.3719,0.4629,0.2291,103.7082,102.2117,1.4965,14831.0,NJN,-0.2971,-0.4587,-1.0035,0.5115,0.4596,0.6087,0.3449,2.3563,-1.2641,-0.4089,-1.365,-0.2563,0.6328,New Jersey Nets,1999-2007,New Jersey Nets_2006,0.0,0.6215,0.7606,0.0,1.3719,0.0,0.0,0.0,0.8602,0.0,0.0,1.0253,0.3453,0.0153
2006,1610612752,91.017,0.3975,0.2075,0.2548,0.0543,0.0859,0.4112,0.524,0.351,0.1894,0.0742,0.0363,0.3407,0.4623,0.1402,103.9345,110.2779,-6.3434,14537.0,NYK,0.1608,2.0821,0.8331,-0.9585,-0.1277,-1.8812,2.1043,-1.1684,1.7574,-0.5502,-1.4786,-0.2687,-1.4048,New York Knicks,1999-2007,New York Knicks_2006,0.0,0.3986,1.1075,0.0,0.0,0.0,0.7725,0.0,0.8319,0.7499,0.0,0.7376,0.3577,0.0442
2006,1610612753,88.2291,0.3717,0.1797,0.3196,0.0259,0.1031,0.3692,0.5136,0.332,0.1694,0.0725,0.0494,0.3555,0.4993,0.1291,106.4551,107.4969,-1.0418,14635.0,ORL,-1.0651,1.3481,-0.0382,0.6487,-1.6529,-1.3303,0.968,-1.4069,1.007,-0.7635,-0.2045,0.5576,-1.6594,Orlando Magic,1999-2007,Orlando Magic_2006,0.0,0.0,1.3235,0.0,0.7149,0.0,0.867,0.0,0.8146,0.8114,0.0,0.1677,0.301,0.0
2006,1610612754,89.8571,0.3118,0.1873,0.2561,0.0607,0.1841,0.3441,0.5854,0.305,0.1696,0.081,0.0554,0.3743,0.4434,0.2448,104.1244,102.2361,1.8883,14774.0,IND,-0.3492,-0.3534,0.2001,-0.9255,0.2179,1.2554,0.2883,0.2358,-0.0553,0.3399,0.3781,-0.6915,0.994,Indiana Pacers,1999-2007,Indiana Pacers_2006,0.0,0.4539,1.6888,0.0,0.0,0.0,0.1923,0.0,0.8912,0.6594,0.0,0.4486,0.6548,0.011
2006,1610612755,92.6843,0.3407,0.218,0.2838,0.0438,0.1137,0.3559,0.5508,0.2914,0.151,0.0846,0.0525,0.3381,0.5018,0.1575,106.1084,107.9392,-1.8308,15374.0,PHI,0.8939,0.4677,1.1609,-0.2384,-0.6902,-0.9941,0.6084,-0.5554,-0.5932,0.7989,0.0931,0.615,-1.0078,Philadelphia 76ers,1999-2007,Philadelphia 76ers_2006,0.0,0.7294,0.5172,0.0,0.3214,0.0,0.0881,0.0,0.7894,0.9177,0.0,0.9498,0.6477,0.0393
2006,1610612756,95.8497,0.2616,0.1337,0.3121,0.0879,0.2047,0.2058,0.6353,0.2435,0.1365,0.0688,0.0517,0.3593,0.4458,0.2926,111.5631,105.7311,5.832,15939.0,PHX,2.2857,-1.778,-1.477,0.4632,1.6795,1.9131,-3.4562,1.3754,-2.4803,-1.2373,0.0127,-0.6383,2.0892,Phoenix Suns,1999-2007,Phoenix Suns_2006,0.0,0.8206,0.7024,0.0,0.4107,0.0,0.088,0.0,0.0,0.0,0.0,0.7182,2.204,0.0562
2006,1610612757,87.6279,0.3279,0.1782,0.3292,0.0495,0.1153,0.3089,0.5341,0.3046,0.1674,0.0731,0.0606,0.3349,0.5074,0.1647,101.2692,111.3876,-10.1184,14204.0,POR,-1.3294,0.1043,-0.0838,0.886,-0.3883,-0.9419,-0.6651,-0.9374,-0.0728,-0.6867,0.8801,0.739,-0.8416,Portland Trail Blazers,1999-2007,Portland Trail Blazers_2006,0.0,0.6358,1.2768,0.0,0.2967,0.0,0.1323,0.0,0.4915,0.7304,0.0,0.9673,0.4692,0.0
2006,1610612758,92.2905,0.2903,0.1435,0.3495,0.0552,0.1614,0.3343,0.6178,0.2862,0.1573,0.0797,0.0392,0.3543,0.4931,0.2166,106.378,104.5735,1.8045,15251.0,SAC,0.7207,-0.9629,-1.1683,1.3911,-0.0777,0.5302,0.0227,0.976,-0.7965,0.1632,-1.2007,0.4191,0.3474,Sacramento Kings,1999-2007,Sacramento Kings_2006,0.0,0.0,0.2019,0.0,0.739,0.0,0.2075,0.0,1.2032,0.0,0.0,1.4918,1.146,0.0106
2006,1610612759,88.4262,0.3195,0.2189,0.2469,0.09,0.1247,0.2982,0.5737,0.2941,0.1542,0.0745,0.064,0.3754,0.4658,0.2148,107.3415,99.7943,7.5471,14594.0,SAS,-0.9784,-0.1348,1.1878,-1.1539,1.7942,-0.6407,-0.9556,-0.0329,-0.486,-0.5121,1.2145,-0.1913,0.3049,San Antonio Spurs,1999-2007,San Antonio Spurs_2006,0.0,0.6951,0.8377,0.0,0.0467,0.0,0.8554,0.0,0.708,0.0,0.0,0.0,1.8271,0.0299
2006,1610612760,91.9395,0.2985,0.2171,0.2414,0.0533,0.1897,0.3135,0.5512,0.3365,0.1591,0.0818,0.0403,0.3162,0.4585,0.243,110.8023,113.9042,-3.102,15193.0,SEA,0.5664,-0.7312,1.133,-1.2911,-0.1791,1.4341,-0.5402,-0.5469,1.186,0.4407,-1.0967,-0.3541,0.9531,Seattle SuperSonics,1999-2007,Seattle SuperSonics_2006,0.0,0.0,0.9163,0.0,0.0,0.0,1.1316,0.0,1.7562,0.511,0.0,0.3873,0.2768,0.0208
2006,1610612761,91.3155,0.2878,0.1925,0.2756,0.0878,0.1562,0.3147,0.5287,0.2766,0.1412,0.0696,0.0358,0.3265,0.4681,0.244,109.2263,112.2927,-3.0664,15185.0,TOR,0.292,-1.0329,0.3633,-0.4416,1.6748,0.3645,-0.5093,-1.0608,-1.1758,-1.1371,-1.5296,-0.1385,0.9755,Toronto Raptors,1999-2007,Toronto Raptors_2006,0.0,1.2778,0.461,0.0,0.0,0.0,0.2211,0.0,1.0433,0.2296,0.0,0.4835,1.213,0.0707
2006,1610612762,88.2072,0.3575,0.1439,0.3496,0.0201,0.1289,0.3973,0.6458,0.3621,0.1765,0.0718,0.0674,0.3512,0.4935,0.149,103.5978,106.6548,-3.057,14613.0,UTA,-1.0747,0.9459,-1.1579,1.3928,-1.9652,-0.5077,1.7279,1.6154,2.1937,-0.8619,1.5387,0.428,-1.2021,Utah Jazz,1999-2007,Utah Jazz_2006,0.0,1.1609,1.2375,0.0,0.7348,0.0,0.4811,0.0,0.0,0.2,0.0,1.0812,0.1046,0.0
2006,1610612763,86.3541,0.3404,0.1842,0.2178,0.0798,0.1778,0.3391,0.5776,0.2986,0.1588,0.084,0.0619,0.3599,0.402,0.2576,105.8247,101.5253,4.2994,14288.0,MEM,-1.8895,0.4604,0.1025,-1.8764,1.2457,1.0543,0.1525,0.0562,-0.309,0.7179,1.0025,-1.6187,1.2878,Memphis Grizzlies,1999-2007,Memphis Grizzlies_2006,0.0,0.7882,0.6564,0.0,0.1011,0.0,0.4141,0.0,0.4471,0.4192,0.0,0.9605,1.1844,0.029
2006,1610612764,92.6112,0.314,0.1861,0.2904,0.0395,0.1699,0.375,0.5119,0.3336,0.1491,0.0861,0.0444,0.3329,0.4766,0.2094,108.7541,107.1344,1.6196,15304.0,WAS,0.8617,-0.2898,0.1646,-0.0753,-0.9231,0.8028,1.1244,-1.4443,1.0702,0.9991,-0.6958,0.0498,0.1828,Washington Wizards,1999-2007,Washington Wizards_2006,0.0,0.0,0.2548,0.0,0.093,0.0,0.0,0.0,2.1155,1.0029,0.0,0.5344,0.965,0.0344
2006,1610612765,87.0257,0.2733,0.1706,0.3349,0.0691,0.1522,0.2973,0.6607,0.3208,0.1293,0.0808,0.0683,0.355,0.5055,0.2213,110.2457,103.0092,7.2365,14381.0,DET,-1.5942,-1.4474,-0.3208,1.027,0.6669,0.2362,-0.9779,1.9576,0.5671,0.309,1.6256,0.6967,0.4538,Detroit Pistons,1999-2007,Detroit Pistons_2006,0.0,0.047,0.2427,0.0,0.4359,0.0,0.0952,0.0,1.5386,0.7233,0.0,0.1891,1.7064,0.0218
2006,1610612766,93.4898,0.338,0.159,0.3202,0.0591,0.1237,0.3176,0.5791,0.3056,0.15,0.107,0.0461,0.318,0.4791,0.1828,103.1329,106.4495,-3.3166,15084.0,CHA,1.2481,0.393,-0.6858,0.6628,0.1326,-0.6738,-0.429,0.0923,-0.0317,3.6988,-0.5297,0.1073,-0.4271,Charlotte Bobcats,1999-2007,Charlotte Bobcats_2006,0.0,0.3143,1.2831,0.0,0.7446,0.0,0.3607,0.0,0.0,0.0,0.0,0.813,1.4842,0.0
2007,1610612737,90.1109,0.3674,0.133,0.3386,0.0439,0.1171,0.3452,0.556,0.3262,0.1755,0.0821,0.0601,0.3339,0.4716,0.161,103.341,107.6965,-4.3555,14730.0,ATL,-0.7153,1.0988,-1.3947,1.3275,-0.8251,-1.2484,0.5494,-0.7065,0.8872,0.7347,1.1648,0.2245,-1.2667,Atlanta Hawks,1999-2007,Atlanta Hawks_2007,0.0,0.0,0.4538,0.0,0.6825,0.0,0.255,0.0,0.9633,0.1679,0.0,2.1189,0.2639,0.0947
2007,1610612738,91.8606,0.3394,0.1832,0.2792,0.0559,0.1423,0.3368,0.57,0.3055,0.1776,0.0777,0.0502,0.3413,0.4623,0.1982,103.5224,107.0825,-3.56,15148.0,BOS,-0.0068,0.3122,0.1965,-0.0875,-0.1894,-0.3554,0.2899,-0.3305,0.0788,-0.0716,0.0514,0.048,-0.3392,Boston Celtics,1999-2007,Boston Celtics_2007,0.0,0.5744,1.4194,0.0,0.5696,0.0,0.4501,0.0,0.6748,0.1804,0.0,0.2083,0.8865,0.0365
2007,1610612739,90.5734,0.3372,0.1738,0.2782,0.0743,0.1365,0.3204,0.5735,0.3312,0.1569,0.0833,0.0471,0.3615,0.4519,0.2109,105.7444,101.5729,4.1715,15005.0,CLE,-0.528,0.2488,-0.101,-0.1114,0.7841,-0.5598,-0.2206,-0.2362,1.0827,0.9511,-0.3029,-0.1496,-0.0244,Cleveland Cavaliers,1999-2007,Cleveland Cavaliers_2007,0.0,1.0767,0.4839,0.0,0.0,0.0,0.0263,0.0,1.4574,0.4892,0.0,0.3885,1.0398,0.0383
2007,1610612740,90.1388,0.3277,0.212,0.2721,0.0426,0.1456,0.2908,0.5173,0.3238,0.1588,0.07,0.0465,0.3614,0.4841,0.1882,104.8173,106.7292,-1.9119,14933.0,NOK,-0.704,-0.0183,1.1115,-0.2556,-0.8963,-0.2373,-1.1379,-1.7458,0.7919,-1.4779,-0.3635,0.4624,-0.589,New Orleans/Oklahoma City Hornets,1999-2007,New Orleans/Oklahoma City Hornets_2007,0.0,0.5199,0.5943,0.0,0.4366,0.0,0.1351,0.0,0.7629,0.792,0.0,0.652,0.9732,0.134
2007,1610612741,93.6036,0.3087,0.1538,0.3518,0.0428,0.1429,0.3126,0.6014,0.3174,0.1698,0.0828,0.0577,0.3597,0.5056,0.1857,105.0039,99.663,5.3409,15429.0,CHI,0.699,-0.5515,-0.7333,1.6406,-0.8846,-0.335,-0.4611,0.5134,0.5423,0.8627,0.8895,0.8715,-0.6522,Chicago Bulls,1999-2007,Chicago Bulls_2007,0.0,0.0,1.1985,0.0,1.3569,0.0,0.0,0.0,0.6858,1.0255,0.0,0.3675,0.3579,0.008
2007,1610612742,89.4943,0.2782,0.1726,0.3313,0.0737,0.1442,0.3174,0.5422,0.3103,0.1546,0.0761,0.0554,0.3638,0.5039,0.2179,111.2453,103.3691,7.8761,14733.0,DAL,-0.965,-1.4102,-0.1377,1.1521,0.7517,-0.2879,-0.3112,-1.0781,0.2665,-0.3664,0.6367,0.8383,0.1515,Dallas Mavericks,1999-2007,Dallas Mavericks_2007,0.0,0.711,0.6706,0.0,0.0,0.0,0.0208,0.0,1.7982,0.8511,0.0,0.0566,0.8625,0.0292
2007,1610612743,97.1041,0.3813,0.1402,0.2669,0.0557,0.1559,0.3599,0.6068,0.3271,0.169,0.0847,0.0543,0.3434,0.4071,0.2116,107.9875,106.2453,1.7422,16006.0,DEN,2.1164,1.4899,-1.1658,-0.3802,-0.2017,0.1263,1.0067,0.6579,0.9212,1.2016,0.514,-1.0032,-0.0062,Denver Nuggets,1999-2007,Denver Nuggets_2007,0.0,0.6428,0.6201,0.0,0.0,0.0,0.0,0.0,1.3898,0.7392,0.0,0.4195,1.153,0.0356
2007,1610612744,99.0008,0.3767,0.1349,0.2094,0.0965,0.1825,0.2998,0.598,0.2873,0.1606,0.0921,0.0572,0.3247,0.3444,0.2789,107.1762,107.5988,-0.4227,16298.0,GSW,2.8844,1.3596,-1.3326,-1.747,1.9539,1.0658,-0.8593,0.4202,-0.6309,2.5462,0.8363,-2.1957,1.6699,Golden State Warriors,1999-2007,Golden State Warriors_2007,0.0,0.0,1.4037,0.0,0.1647,0.0,0.1301,0.0,0.33,0.7178,0.0,0.8341,1.3798,0.0397
2007,1610612745,90.6391,0.2811,0.2048,0.2241,0.0809,0.2091,0.292,0.5864,0.2841,0.1548,0.0778,0.045,0.3813,0.4289,0.29,105.9552,100.8544,5.1009,14997.0,HOU,-0.5014,-1.3281,0.883,-1.3974,1.1295,2.0084,-1.1024,0.1086,-0.7557,-0.0477,-0.5349,-0.5873,1.9446,Houston Rockets,1999-2007,Houston Rockets_2007,0.0,0.414,0.8416,0.0,0.5274,0.0,0.0,0.0,0.7377,0.7827,0.0,0.2833,1.4133,0.0
2007,1610612746,90.7451,0.2621,0.2574,0.3376,0.0274,0.1155,0.3553,0.6118,0.3022,0.1662,0.0798,0.0632,0.3613,0.595,0.1429,105.2046,105.5727,-0.3681,14920.0,LAC,-0.4585,-1.8619,2.5492,1.303,-1.6981,-1.3024,0.8655,0.7917,-0.0495,0.3188,1.5122,2.5706,-1.7158,Los Angeles Clippers,1999-2007,Los Angeles Clippers_2007,0.0,0.7838,0.7749,0.0,0.4345,0.0,0.6761,0.0,0.3613,0.0,0.0,0.6829,1.239,0.0475
2007,1610612747,93.5617,0.3361,0.1673,0.2378,0.0611,0.1976,0.3333,0.5962,0.2971,0.1628,0.0769,0.054,0.344,0.4052,0.2587,108.3909,108.7319,-0.341,15617.0,LAL,0.682,0.2191,-0.3058,-1.0707,0.0826,1.6025,0.1806,0.3724,-0.2484,-0.2104,0.4744,-1.0392,1.1661,Los Angeles Lakers,1999-2007,Los Angeles Lakers_2007,0.0,0.0,0.8899,0.0,0.2539,0.0,0.0,0.0,0.7892,0.9962,0.0,1.3027,0.7361,0.032
2007,1610612748,89.6177,0.3174,0.1797,0.2581,0.0673,0.1775,0.3211,0.5759,0.279,0.162,0.0763,0.0596,0.3655,0.4378,0.2448,104.6534,105.665,-1.0116,14828.0,MIA,-0.915,-0.3067,0.0871,-0.5885,0.4101,0.8895,-0.1982,-0.1732,-0.9538,-0.3181,1.1069,-0.4181,0.8188,Miami Heat,1999-2007,Miami Heat_2007,0.0,0.0,0.9457,0.0,1.1844,0.0,0.0,0.0,0.4966,0.6726,0.0,0.4547,1.1885,0.0575
2007,1610612749,92.2528,0.378,0.1583,0.2444,0.0593,0.16,0.2858,0.5674,0.3073,0.1623,0.0769,0.0293,0.3215,0.4027,0.2192,107.1457,111.7062,-4.5605,15264.0,MIL,0.152,1.3965,-0.5909,-0.9144,-0.0123,0.2696,-1.2935,-0.3998,0.1475,-0.2232,-2.2919,-1.0853,0.1839,Milwaukee Bucks,1999-2007,Milwaukee Bucks_2007,0.0,0.2497,0.2545,0.0,0.0,0.0,1.0102,0.0,1.434,0.2098,0.0,0.6707,1.1614,0.0097
2007,1610612750,91.1352,0.2751,0.1927,0.3647,0.0454,0.1221,0.291,0.6166,0.2816,0.1683,0.07,0.0428,0.3545,0.5574,0.1675,103.7403,107.6053,-3.865,15193.0,MIN,-0.3006,-1.4954,0.4993,1.9466,-0.7473,-1.0697,-1.133,0.9209,-0.8531,-1.473,-0.7845,1.8555,-1.1044,Minnesota Timberwolves,1999-2007,Minnesota Timberwolves_2007,0.0,0.7439,1.514,0.0,1.2737,0.0,0.3816,0.0,0.7595,0.1166,0.0,0.0,0.1377,0.0731
2007,1610612751,91.5513,0.34,0.1151,0.2822,0.0749,0.1878,0.3375,0.6735,0.2773,0.1599,0.0658,0.036,0.3599,0.3972,0.2627,105.5819,106.2591,-0.6771,15167.0,NJN,-0.1321,0.3284,-1.9625,-0.0159,0.8151,1.2548,0.312,2.4496,-1.0221,-2.2465,-1.5465,-1.1899,1.2665,New Jersey Nets,1999-2007,New Jersey Nets_2007,0.0,0.2145,1.0734,0.0,0.2376,0.0,0.0,0.0,0.7859,1.1414,0.0,0.9133,0.6323,0.0016
2007,1610612752,90.8113,0.4053,0.1652,0.214,0.0581,0.1575,0.377,0.5277,0.3394,0.1853,0.0716,0.0344,0.3596,0.3792,0.2155,105.4896,108.8216,-3.332,15139.0,NYK,-0.4317,2.1632,-0.373,-1.6387,-0.0769,0.182,1.5373,-1.4666,1.401,-1.1905,-1.7245,-1.5335,0.0918,New York Knicks,1999-2007,New York Knicks_2007,0.0,0.0,1.191,0.0,0.6716,0.0,0.0675,0.0,0.8964,1.4111,0.0,0.3198,0.407,0.0357
2007,1610612753,89.5996,0.3722,0.1985,0.2713,0.047,0.111,0.3929,0.5304,0.3443,0.1883,0.0765,0.0564,0.3521,0.4698,0.158,105.1841,104.4167,0.7673,14769.0,ORL,-0.9224,1.2344,0.6836,-0.2755,-0.6632,-1.4631,2.0334,-1.3939,1.5924,-0.2806,0.7415,0.1898,-1.3414,Orlando Magic,1999-2007,Orlando Magic_2007,0.0,0.0,0.5965,0.0,0.0,0.0,0.8725,0.0,1.7747,0.8803,0.0,0.322,0.5522,0.0019
2007,1610612754,92.2958,0.2998,0.2133,0.2761,0.0605,0.1503,0.3232,0.585,0.3178,0.1741,0.0789,0.059,0.3447,0.4894,0.2108,103.2551,105.4344,-2.1792,15151.0,IND,0.1694,-0.8023,1.1512,-0.1603,0.0544,-0.073,-0.1328,0.0705,0.5582,0.1545,1.0344,0.5624,-0.0257,Indiana Pacers,1999-2007,Indiana Pacers_2007,0.0,0.6149,1.2121,0.0,0.2998,0.0,0.2028,0.0,0.5011,0.5348,0.0,0.3992,1.2353,0.0
2007,1610612755,90.6519,0.3327,0.1957,0.3432,0.0292,0.0993,0.3332,0.5692,0.3032,0.1677,0.0785,0.0519,0.3396,0.5389,0.1284,103.7585,106.8929,-3.1344,15018.0,PHI,-0.4963,0.1228,0.5939,1.4353,-1.6029,-1.8789,0.1773,-0.3517,-0.0101,0.0767,0.2404,1.5035,-2.0765,Philadelphia 76ers,1999-2007,Philadelphia 76ers_2007,0.0,0.477,1.707,0.0,0.0,0.0,0.6307,0.0,0.633,0.5027,0.0,0.3835,0.5804,0.0857
2007,1610612756,95.3308,0.317,0.1504,0.246,0.0922,0.1945,0.2665,0.6263,0.2524,0.1504,0.0699,0.0498,0.352,0.3964,0.2867,114.2911,106.7291,7.5621,15813.0,PHX,1.3983,-0.3189,-0.8421,-0.8778,1.7274,1.4902,-1.8929,1.1817,-1.9923,-1.4827,0.0092,-1.2067,1.8617,Phoenix Suns,1999-2007,Phoenix Suns_2007,0.0,0.0411,0.8056,0.0,0.2971,0.0,0.0,0.0,0.6573,0.6787,0.0,1.3269,1.1365,0.0569
2007,1610612757,88.2967,0.3162,0.1949,0.2962,0.0727,0.12,0.3138,0.5264,0.3164,0.1686,0.0755,0.0517,0.3371,0.4911,0.1927,105.2366,109.7823,-4.5457,14683.0,POR,-1.4499,-0.3419,0.5698,0.3166,0.6995,-1.1449,-0.4236,-1.5011,0.5027,-0.4695,0.2185,0.5949,-0.4758,Portland Trail Blazers,1999-2007,Portland Trail Blazers_2007,0.0,0.9554,0.9918,0.0,0.4792,0.0,0.0,0.0,0.506,0.588,0.0,0.0,1.4061,0.0735
2007,1610612758,94.8488,0.3071,0.1724,0.2889,0.0485,0.1831,0.3786,0.5661,0.2679,0.1528,0.0856,0.0338,0.3338,0.4613,0.2316,106.2308,107.8209,-1.5901,15654.0,SAC,1.2031,-0.597,-0.1452,0.1438,-0.5804,1.0883,1.588,-0.4351,-1.3875,1.3695,-1.7893,0.0278,0.4922,Sacramento Kings,1999-2007,Sacramento Kings_2007,0.0,0.3303,0.561,0.0,0.4525,0.0,0.3525,0.0,2.0937,0.0848,0.0,0.5039,0.5925,0.0287
2007,1610612759,89.3751,0.3077,0.1901,0.2555,0.0972,0.1495,0.3129,0.6049,0.2779,0.154,0.0799,0.0567,0.3732,0.4456,0.2467,109.4419,100.517,8.9249,14732.0,SAS,-1.0132,-0.5808,0.4168,-0.6499,1.9912,-0.1009,-0.4526,0.6053,-0.9988,0.3233,0.7834,-0.2694,0.8668,San Antonio Spurs,1999-2007,San Antonio Spurs_2007,0.0,0.6844,0.189,0.0,0.0,0.0,0.6966,0.0,1.4023,0.0,0.0,0.0,1.9665,0.0613
2007,1610612760,91.7337,0.3097,0.2459,0.2254,0.053,0.166,0.2883,0.5563,0.3041,0.1674,0.0832,0.0397,0.3298,0.4713,0.2189,107.3126,110.3389,-3.0263,15159.0,SEA,-0.0582,-0.5227,2.1866,-1.3666,-0.3464,0.4819,-1.2158,-0.6996,0.0244,0.9332,-1.1289,0.2193,0.1758,Seattle SuperSonics,1999-2007,Seattle SuperSonics_2007,0.0,0.0,1.2096,0.0,0.0,0.0,1.0831,0.0,1.6675,0.655,0.0,0.3114,0.0,0.0734
2007,1610612761,92.8231,0.2858,0.1598,0.3308,0.0765,0.1471,0.3029,0.6009,0.2469,0.1445,0.076,0.042,0.3504,0.4906,0.2236,106.8369,105.6239,1.2131,15281.0,TOR,0.3829,-1.1964,-0.5451,1.142,0.8991,-0.186,-0.7635,0.4994,-2.2043,-0.3826,-0.8721,0.5858,0.2927,Toronto Raptors,1999-2007,Toronto Raptors_2007,0.0,0.6887,1.0356,0.0,0.3383,0.0,0.4133,0.0,0.0,0.1696,0.0,0.0,2.2898,0.0647
2007,1610612762,91.7344,0.3724,0.1521,0.3123,0.0266,0.1366,0.3805,0.6595,0.3627,0.1688,0.0762,0.0448,0.3486,0.4644,0.1632,109.9339,106.8296,3.1044,15140.0,UTA,-0.0579,1.2395,-0.7894,0.7013,-1.7405,-0.5569,1.6461,2.0727,2.3099,-0.3399,-0.5579,0.087,-1.2114,Utah Jazz,1999-2007,Utah Jazz_2007,0.0,1.3274,1.4411,0.0,0.4935,0.0,0.2889,0.0,0.0,0.3655,0.0,0.788,0.2917,0.0039
2007,1610612763,93.7718,0.3565,0.1852,0.2471,0.0352,0.176,0.3738,0.5604,0.2945,0.1723,0.0721,0.0521,0.3254,0.4322,0.2112,106.8762,111.9596,-5.0834,15613.0,MEM,0.767,0.7929,0.2604,-0.8516,-1.2846,0.8379,1.4377,-0.5898,-0.3504,-1.0831,0.2588,-0.5245,-0.0156,Memphis Grizzlies,1999-2007,Memphis Grizzlies_2007,0.0,1.076,1.0287,0.0,0.0,0.0,0.0,0.0,0.2472,0.7491,0.0,0.944,0.908,0.0469
2007,1610612764,94.1725,0.3179,0.1378,0.3076,0.0501,0.1865,0.3556,0.5407,0.3139,0.1454,0.0817,0.0483,0.3291,0.4455,0.2367,109.7908,110.6706,-0.8798,15562.0,WAS,0.9293,-0.2938,-1.2407,0.5896,-0.4949,1.209,0.8729,-1.1178,0.405,0.6641,-0.1666,-0.2729,0.6173,Washington Wizards,1999-2007,Washington Wizards_2007,0.0,0.0,0.0909,0.0,0.1747,0.0,0.2683,0.0,1.8182,0.809,0.0,0.0,1.8223,0.0166
2007,1610612765,87.495,0.299,0.1969,0.3027,0.0672,0.134,0.3066,0.601,0.3052,0.138,0.0805,0.0652,0.353,0.4997,0.2013,108.5194,104.005,4.5145,14495.0,DET,-1.7746,-0.8236,0.6337,0.4735,0.4086,-0.6484,-0.6481,0.5001,0.0669,0.4417,1.7317,0.7586,-0.2636,Detroit Pistons,1999-2007,Detroit Pistons_2007,0.0,0.918,1.1992,0.0,0.4324,0.0,0.1959,0.0,0.6935,0.3567,0.0,0.0,1.1036,0.1007
2007,1610612766,91.9941,0.3441,0.1718,0.292,0.0697,0.1224,0.3194,0.6218,0.3004,0.1593,0.084,0.0485,0.3329,0.4638,0.1921,103.919,107.2023,-3.2834,15120.0,CHA,0.0472,0.4433,-0.1628,0.217,0.5372,-1.0587,-0.2503,1.0613,-0.1217,1.0855,-0.1407,0.0758,-0.4917,Charlotte Bobcats,1999-2007,Charlotte Bobcats_2007,0.0,0.2094,1.2042,0.0,0.2088,0.0,0.3771,0.0,0.0,0.627,0.0,0.724,1.5871,0.0625
2008,1610612737,91.3281,0.3492,0.19,0.2962,0.0441,0.1204,0.3399,0.6064,0.324,0.1621,0.0793,0.0592,0.3474,0.4863,0.1645,106.732,108.4336,-1.7015,15111.0,ATL,-0.3622,0.7776,0.5464,0.2644,-0.8259,-1.285,1.041,0.5592,0.9999,0.1215,1.071,0.4784,-1.3421,Atlanta Hawks,2008-2015,Atlanta Hawks_2008,0.0,0.7294,0.7808,0.6955,0.0,0.0,0.9732,0.0,0.9733,0.1111,0.0,0.574,0.1263,0.0364
2008,1610612738,90.861,0.3425,0.1534,0.2553,0.0646,0.1842,0.3462,0.6139,0.3009,0.1663,0.0932,0.0508,0.3751,0.4087,0.2488,110.0214,99.1961,10.8252,14958.0,BOS,-0.515,0.6051,-0.8588,-0.5713,0.1877,0.7284,1.2359,0.7425,0.1121,1.6231,-0.0118,-0.8859,0.6283,Boston Celtics,2008-2015,Boston Celtics_2008,0.0,0.5872,0.5864,0.0,0.0,0.0,0.2354,0.0,0.801,0.7314,0.0,0.3478,1.634,0.0767
2008,1610612739,90.0699,0.3304,0.1547,0.2844,0.0817,0.1488,0.3069,0.5584,0.3374,0.1537,0.0777,0.0571,0.364,0.4391,0.2305,106.0687,106.4624,-0.3937,14891.0,CLE,-0.7737,0.2933,-0.8057,0.0223,1.0348,-0.3904,0.0162,-0.617,1.5148,-0.057,0.7992,-0.3505,0.1996,Cleveland Cavaliers,2008-2015,Cleveland Cavaliers_2008,0.0,0.9561,0.2041,0.1458,0.0,0.0,0.3242,0.0,1.2703,0.2621,0.0,0.6859,1.117,0.0346
2008,1610612740,89.9409,0.2893,0.1973,0.2749,0.0709,0.1676,0.2512,0.5642,0.2957,0.131,0.086,0.0433,0.3613,0.4722,0.2385,111.2008,105.8053,5.3954,14844.0,NOH,-0.8159,-0.765,0.8263,-0.1722,0.5013,0.2039,-1.7182,-0.4757,-0.0879,0.8421,-0.9658,0.2309,0.3878,New Orleans Hornets,2008-2015,New Orleans Hornets_2008,0.0,0.7283,0.7643,0.0,0.0,0.0,0.1539,0.0,0.4202,0.8859,0.0,0.4301,1.5893,0.028
2008,1610612741,93.2128,0.3129,0.1613,0.3355,0.0456,0.1446,0.2957,0.6063,0.3258,0.1557,0.0825,0.0557,0.3445,0.4969,0.1902,103.8381,106.9628,-3.1247,15384.0,CHI,0.2541,-0.1564,-0.5525,1.0666,-0.7511,-0.5224,-0.3326,0.5569,1.067,0.4638,0.6232,0.6648,-0.7418,Chicago Bulls,2008-2015,Chicago Bulls_2008,0.0,0.4778,0.9739,0.2844,0.0,0.0,0.1552,0.0,1.332,0.7877,0.0,0.4207,0.5151,0.0531
2008,1610612742,90.26,0.2704,0.1979,0.3171,0.0623,0.1523,0.3177,0.5692,0.2904,0.1395,0.0661,0.0541,0.3782,0.5151,0.2145,110.9955,105.7877,5.2078,14798.0,DAL,-0.7115,-1.2518,0.85,0.691,0.0739,-0.2802,0.3522,-0.352,-0.2936,-1.2996,0.4132,0.985,-0.1727,Dallas Mavericks,2008-2015,Dallas Mavericks_2008,0.0,1.0956,0.6822,0.2885,0.0,0.0,0.0024,0.0,1.7585,0.6735,0.0,0.0,0.4993,0.0
2008,1610612743,99.4208,0.3689,0.1489,0.2542,0.0585,0.1695,0.3579,0.612,0.2908,0.1463,0.0914,0.067,0.3537,0.4031,0.228,110.3624,106.5873,3.7752,16450.0,DEN,2.2842,1.2835,-1.0294,-0.5945,-0.1117,0.2641,1.6013,0.6976,-0.2761,1.4235,2.0644,-0.9842,0.1429,Denver Nuggets,2008-2015,Denver Nuggets_2008,0.0,0.0,0.4956,0.0,0.0,0.0,1.2405,0.0,1.5663,0.0,0.0,0.9463,0.6096,0.1416
2008,1610612744,98.9727,0.3755,0.1269,0.2025,0.0741,0.2209,0.276,0.5386,0.2975,0.1325,0.0913,0.0463,0.3305,0.3295,0.295,111.5399,109.4835,2.0564,16314.0,GSW,2.1376,1.4547,-1.8719,-1.6495,0.6599,1.8861,-0.9465,-1.1011,-0.0179,1.4108,-0.5921,-2.2791,1.709,Golden State Warriors,2008-2015,Golden State Warriors_2008,0.0,0.0,0.8088,0.0,0.0,0.0,0.1542,0.0,1.5921,0.5218,0.0,1.1296,0.7266,0.067
2008,1610612745,90.4592,0.3207,0.1827,0.2417,0.0539,0.201,0.2759,0.5851,0.3196,0.1513,0.0804,0.0565,0.3815,0.4245,0.2549,106.6568,101.4791,5.1777,14873.0,HOU,-0.6464,0.0435,0.2675,-0.8494,-0.3415,1.2566,-0.9492,0.0371,0.8311,0.2396,0.7189,-0.6086,0.7696,Houston Rockets,2008-2015,Houston Rockets_2008,0.0,1.0286,0.7991,0.0,0.0,0.0,0.3999,0.0,0.7577,0.3352,0.0,0.3071,1.2783,0.0942
2008,1610612746,92.1828,0.2712,0.2034,0.358,0.0262,0.1412,0.3379,0.6142,0.2577,0.155,0.0733,0.0524,0.3536,0.5614,0.1674,101.051,109.0239,-7.973,15214.0,LAC,-0.0828,-1.2302,1.0598,1.5247,-1.7112,-0.6294,0.98,0.7503,-1.5499,-0.5297,0.1905,1.7991,-1.2746,Los Angeles Clippers,2008-2015,Los Angeles Clippers_2008,0.0,0.0,0.7861,0.7328,0.0,0.0,0.6632,0.0,2.1098,0.0,0.0,0.0854,0.4922,0.1305
2008,1610612747,95.6178,0.3388,0.1549,0.2495,0.0739,0.1829,0.3329,0.6167,0.2986,0.1466,0.083,0.0556,0.3692,0.4044,0.2568,112.9376,105.4843,7.4533,15761.0,LAL,1.0405,0.5099,-0.8002,-0.6906,0.6497,0.6867,0.8247,0.8117,0.0233,0.5217,0.6074,-0.9618,0.8156,Los Angeles Lakers,2008-2015,Los Angeles Lakers_2008,0.0,0.2305,0.4215,0.3627,0.0,0.0,0.1206,0.0,1.3846,0.3884,0.0,1.3403,0.7319,0.0195
2008,1610612748,90.2886,0.2765,0.1587,0.3482,0.05,0.1666,0.3005,0.5859,0.2575,0.1616,0.0787,0.0473,0.3373,0.507,0.2166,100.6051,109.8123,-9.2072,14897.0,MIA,-0.7022,-1.0948,-0.6536,1.3265,-0.5367,0.1728,-0.1841,0.0583,-1.555,0.054,-0.4552,0.8422,-0.1255,Miami Heat,2008-2015,Miami Heat_2008,0.0,0.0,1.4324,1.4904,0.0,0.0,0.0,0.0,0.7459,0.4564,0.0,0.1908,0.3615,0.3226
2008,1610612749,91.5397,0.3444,0.1982,0.2627,0.0523,0.1423,0.2936,0.5816,0.3313,0.16,0.0718,0.0477,0.3366,0.4609,0.1947,105.0991,112.4736,-7.3745,15146.0,MIL,-0.2931,0.654,0.8608,-0.4205,-0.4188,-0.5937,-0.4004,-0.0476,1.2788,-0.6875,-0.4127,0.0329,-0.6376,Milwaukee Bucks,2008-2015,Milwaukee Bucks_2008,0.0,0.8972,0.5997,0.4733,0.0,0.0,0.783,0.0,0.6863,0.2925,0.0,0.3599,0.7916,0.1166
2008,1610612750,91.7486,0.3191,0.2379,0.2583,0.0362,0.1485,0.2483,0.5299,0.3074,0.1577,0.0815,0.0405,0.3427,0.4963,0.1847,104.0898,111.1332,-7.0434,15085.0,MIN,-0.2247,0.0014,2.3829,-0.5101,-1.2158,-0.4004,-1.8061,-1.3151,0.3617,0.3622,-1.3286,0.6541,-0.8709,Minnesota Timberwolves,2008-2015,Minnesota Timberwolves_2008,0.0,0.7356,1.3626,0.5226,0.0,0.0,0.6244,0.0,1.2201,0.0,0.0,0.4031,0.1315,0.0
2008,1610612751,91.9119,0.3537,0.1252,0.2993,0.0591,0.1627,0.3464,0.6739,0.2999,0.1617,0.0687,0.0513,0.356,0.4244,0.2218,103.5874,108.9615,-5.3741,15170.0,NJN,-0.1713,0.8935,-1.9382,0.3259,-0.0836,0.0504,1.2437,2.214,0.0739,-1.0264,0.0508,-0.6087,-0.0022,New Jersey Nets,2008-2015,New Jersey Nets_2008,0.0,0.0,1.0497,0.4659,0.0,0.0,0.0738,0.0,1.5613,1.1036,0.0,0.0,0.708,0.0378
2008,1610612752,91.7686,0.3647,0.1801,0.24,0.0552,0.16,0.31,0.5157,0.3177,0.1561,0.0686,0.028,0.3472,0.4202,0.2152,104.5239,111.7252,-7.2013,15203.0,NYK,-0.2182,1.1754,0.1666,-0.8834,-0.2769,-0.0365,0.1127,-1.664,0.7564,-1.0371,-2.9289,-0.6842,-0.1578,New York Knicks,2008-2015,New York Knicks_2008,0.0,0.5608,0.3633,0.3014,0.0,0.0,0.9688,0.0,1.2779,0.2356,0.0,0.3327,0.9115,0.048
2008,1610612753,93.0273,0.3335,0.1798,0.1649,0.1115,0.2102,0.3549,0.5579,0.2733,0.1528,0.0679,0.0435,0.3739,0.3447,0.3217,111.6221,106.006,5.6161,15334.0,ORL,0.1934,0.3743,0.1548,-2.4181,2.5116,1.5486,1.5091,-0.6296,-0.9481,-1.109,-0.9478,-2.011,2.3337,Orlando Magic,2008-2015,Orlando Magic_2008,0.0,0.0,0.8207,0.0,0.0,0.0,0.2258,0.0,1.1699,0.7888,0.0,0.0297,1.9533,0.0117
2008,1610612754,97.7008,0.2764,0.1776,0.257,0.0575,0.2315,0.292,0.6009,0.2755,0.1537,0.0774,0.0512,0.3498,0.4346,0.289,106.0572,107.4341,-1.3769,16084.0,IND,1.7217,-1.0963,0.0707,-0.5377,-0.1638,2.2211,-0.4484,0.4248,-0.864,-0.0794,0.0448,-0.4306,1.568,Indiana Pacers,2008-2015,Indiana Pacers_2008,0.0,0.3831,0.907,0.0,0.0,0.0,0.6478,0.0,1.9013,0.0,0.0,0.2471,0.9105,0.0032
2008,1610612755,90.4966,0.3703,0.1892,0.2972,0.0391,0.1041,0.3215,0.5474,0.3513,0.1573,0.0956,0.0537,0.3415,0.4865,0.1432,106.3347,105.9353,0.3994,14898.0,PHI,-0.6342,1.3216,0.5162,0.2846,-1.0734,-1.8004,0.4673,-0.8853,2.0497,1.8776,0.3647,0.4819,-1.8408,Philadelphia 76ers,2008-2015,Philadelphia 76ers_2008,0.0,0.0,0.4775,0.3361,0.0,0.0,0.6836,0.0,2.1481,0.4656,0.0,0.6675,0.1976,0.0239
2008,1610612756,96.6734,0.3158,0.166,0.258,0.0861,0.174,0.2915,0.645,0.2496,0.1487,0.0667,0.065,0.3597,0.4241,0.2601,113.3777,108.001,5.3767,15935.0,PHX,1.3857,-0.0815,-0.3731,-0.516,1.2529,0.4056,-0.464,1.5067,-1.8611,-1.2359,1.8072,-0.6155,0.8923,Phoenix Suns,2008-2015,Phoenix Suns_2008,0.0,0.6747,0.7831,0.214,0.0,0.0,0.0,0.0,0.5625,0.1999,0.0,1.0867,1.3933,0.0858
2008,1610612757,87.9699,0.224,0.1991,0.3592,0.0843,0.1335,0.2812,0.5905,0.2919,0.1447,0.0624,0.0493,0.3613,0.5582,0.2178,107.182,108.2785,-1.0965,14592.0,POR,-1.4604,-2.4471,0.8927,1.5492,1.1646,-0.8717,-0.7832,0.1689,-0.2346,-1.7051,-0.1958,1.7435,-0.0957,Portland Trail Blazers,2008-2015,Portland Trail Blazers_2008,0.0,0.663,1.3289,0.8875,0.0,0.0,0.0752,0.0,0.7017,0.4509,0.0,0.0,0.8725,0.0204
2008,1610612758,94.6384,0.3393,0.1688,0.2835,0.0573,0.1511,0.3464,0.515,0.2882,0.1684,0.0833,0.0427,0.3393,0.4523,0.2084,107.5054,109.913,-2.4076,15639.0,SAC,0.7203,0.5221,-0.2668,0.0035,-0.1713,-0.3164,1.2447,-1.6817,-0.3765,0.5479,-1.0448,-0.1194,-0.3153,Sacramento Kings,2008-2015,Sacramento Kings_2008,0.0,0.0,0.7488,0.867,0.0,0.0,0.7594,0.0,1.9694,0.0298,0.0,0.5771,0.0,0.0485
2008,1610612759,88.8353,0.269,0.2,0.2804,0.1082,0.1424,0.2762,0.5848,0.2622,0.1415,0.0714,0.0462,0.3787,0.4804,0.2506,106.9329,101.8374,5.0955,14606.0,SAS,-1.1774,-1.2876,0.9302,-0.0601,2.3456,-0.5903,-0.9415,0.029,-1.3756,-0.7271,-0.5976,0.375,0.6707,San Antonio Spurs,2008-2015,San Antonio Spurs_2008,0.0,0.6648,1.2834,0.2679,0.0,0.0,0.415,0.0,0.2868,0.0,0.0,0.005,2.0212,0.0559
2008,1610612760,96.2723,0.3026,0.2211,0.3427,0.0333,0.1003,0.2654,0.5594,0.301,0.1649,0.0667,0.0503,0.3611,0.5639,0.1335,100.6164,109.5238,-8.9075,15909.0,SEA,1.2546,-0.4219,1.7389,1.2136,-1.3621,-1.9214,-1.2772,-0.5933,0.1155,-1.2359,-0.0784,1.8428,-2.0669,Seattle SuperSonics,2008-2015,Seattle SuperSonics_2008,0.0,0.3335,1.0609,0.3323,0.0,0.0,0.9981,0.0,1.5825,0.0,0.0,0.5932,0.0459,0.0536
2008,1610612761,90.3116,0.2794,0.1384,0.3653,0.0687,0.1482,0.2465,0.6204,0.2596,0.1285,0.0764,0.045,0.3568,0.5037,0.2169,110.1059,106.8873,3.2186,14924.0,TOR,-0.6946,-1.0205,-1.4314,1.6748,0.3906,-0.4074,-1.8635,0.9025,-1.4736,-0.1949,-0.7498,0.7853,-0.1173,Toronto Raptors,2008-2015,Toronto Raptors_2008,0.0,1.2088,1.0421,0.6551,0.0,0.0,0.0,0.0,0.0,0.0,0.0,0.0,2.0101,0.084
2008,1610612762,93.4423,0.3826,0.1443,0.307,0.0329,0.1332,0.3486,0.6603,0.332,0.1564,0.0935,0.0463,0.3414,0.4513,0.1661,113.4853,106.2198,7.2655,15344.0,UTA,0.3291,1.6369,-1.2072,0.4849,-1.3798,-0.882,1.3118,1.8796,1.3077,1.6496,-0.5872,-0.1364,-1.3052,Utah Jazz,2008-2015,Utah Jazz_2008,0.0,1.3261,0.9247,0.5177,0.0,0.0,0.4261,0.0,0.153,0.0,0.0,1.2821,0.3417,0.0287
2008,1610612763,95.2002,0.3326,0.1928,0.2105,0.0545,0.2096,0.3113,0.5144,0.2739,0.1595,0.0639,0.0491,0.3505,0.4033,0.2641,105.2652,111.4133,-6.1481,15712.0,MEM,0.904,0.3511,0.6536,-1.4873,-0.3129,1.529,0.1506,-1.6957,-0.9271,-1.5362,-0.232,-0.9807,0.985,Memphis Grizzlies,2008-2015,Memphis Grizzlies_2008,0.0,0.356,1.0349,0.4435,0.0,0.0,0.6309,0.0,0.7525,0.1729,0.0,0.1626,1.422,0.0247
2008,1610612764,89.7543,0.3019,0.1888,0.2683,0.0465,0.1946,0.2974,0.5382,0.3163,0.1454,0.0849,0.0525,0.3483,0.4571,0.2411,108.9101,109.1849,-0.2748,14888.0,WAS,-0.8769,-0.4412,0.4996,-0.3072,-0.7099,1.0567,-0.2811,-1.1125,0.7019,0.7199,0.2097,-0.0353,0.4475,Washington Wizards,2008-2015,Washington Wizards_2008,0.0,0.7706,0.54,0.3895,0.0,0.0,1.147,0.0,0.8771,0.0,0.0,0.0,1.1527,0.123
2008,1610612765,87.5155,0.2684,0.1685,0.3601,0.0551,0.1479,0.3,0.6105,0.3215,0.1328,0.0811,0.0657,0.3657,0.5286,0.203,111.0,102.7403,8.2597,14389.0,DET,-1.609,-1.3039,-0.2775,1.5686,-0.2816,-0.4173,-0.2012,0.6609,0.9036,0.3137,1.8963,1.2233,-0.4422,Detroit Pistons,2008-2015,Detroit Pistons_2008,0.0,0.5911,1.1181,0.595,0.0,0.0,0.56,0.0,1.2858,0.2025,0.0,0.2529,0.3854,0.009
2008,1610612766,91.6539,0.3462,0.1666,0.267,0.0801,0.1401,0.3227,0.5905,0.2913,0.1585,0.0809,0.053,0.3414,0.4336,0.2202,104.834,109.5627,-4.7287,15184.0,CHA,-0.2557,0.7002,-0.3506,-0.3327,0.9556,-0.665,0.5063,0.1708,-0.2564,0.2898,0.267,-0.4473,-0.0413,Charlotte Bobcats,2008-2015,Charlotte Bobcats_2008,0.0,0.0,1.2482,0.1877,0.0,0.0,1.0398,0.0,0.8932,0.1336,0.0,0.9424,0.5551,0.0
2009,1610612737,89.4961,0.2917,0.1978,0.2573,0.0783,0.1749,0.3231,0.5606,0.291,0.1428,0.0821,0.0512,0.3539,0.4551,0.2531,109.5141,107.7289,1.7851,14696.0,ATL,-0.7563,-0.9682,0.9068,-0.3863,0.7245,0.4879,0.5893,-0.1646,-0.3206,0.4751,-0.1081,0.1273,0.6954,Atlanta Hawks,2008-2015,Atlanta Hawks_2009,0.0,0.5611,0.1426,0.0254,0.0,0.0,0.3662,0.0,1.9933,0.2488,0.0,1.1443,0.4644,0.0538
2009,1610612738,90.2233,0.3502,0.1666,0.2692,0.0668,0.1472,0.3272,0.6055,0.3118,0.1717,0.0832,0.0518,0.3715,0.4358,0.214,110.6417,102.5713,8.0704,14947.0,BOS,-0.5104,0.6512,-0.357,-0.1113,0.1389,-0.4081,0.7303,1.4781,0.611,0.6324,-0.0226,-0.3057,-0.2347,Boston Celtics,2008-2015,Boston Celtics_2009,0.0,0.4502,0.8657,0.5433,0.0,0.0,0.5625,0.0,0.7634,0.3611,0.0,0.2269,1.2251,0.0019
2009,1610612739,88.7685,0.2879,0.1429,0.3105,0.0959,0.1628,0.3117,0.5503,0.303,0.1427,0.0811,0.0595,0.3767,0.4534,0.2588,112.3054,102.4761,9.8293,14632.0,CLE,-1.0023,-1.0749,-1.3179,0.8427,1.6229,0.0992,0.203,-0.5392,0.2172,0.3438,0.965,0.0878,0.8287,Cleveland Cavaliers,2008-2015,Cleveland Cavaliers_2009,0.0,0.0,0.5461,0.6525,0.0,0.0,0.7596,0.0,1.4837,0.3315,0.0,0.3435,0.8409,0.0422
2009,1610612740,87.7509,0.2846,0.2081,0.2675,0.0806,0.1591,0.2879,0.5527,0.2718,0.1422,0.0823,0.0469,0.3602,0.4757,0.2397,108.5671,107.2271,1.34,14446.0,NOH,-1.3463,-1.1648,1.3254,-0.1508,0.8418,-0.0211,-0.6107,-0.4504,-1.1784,0.5043,-0.6582,0.5876,0.3766,New Orleans Hornets,2008-2015,New Orleans Hornets_2009,0.0,0.7574,0.9653,0.2119,0.0,0.0,0.0936,0.0,0.2207,0.6346,0.0,0.2496,1.8669,0.0
2009,1610612741,93.1219,0.3376,0.1339,0.3396,0.0481,0.1408,0.2997,0.5541,0.3145,0.1541,0.0796,0.0586,0.3426,0.4736,0.1889,108.2849,108.6945,-0.4097,15466.0,CHI,0.4696,0.3007,-1.6787,1.5154,-0.8161,-0.6137,-0.2074,-0.4017,0.7302,0.1248,0.8496,0.5407,-0.8304,Chicago Bulls,2008-2015,Chicago Bulls_2009,0.0,0.7743,0.4035,0.1867,0.0,0.0,0.1838,0.0,2.3713,0.48,0.0,0.1854,0.3868,0.0283
2009,1610612742,91.4496,0.2746,0.1674,0.317,0.0715,0.1696,0.2736,0.5687,0.2872,0.1385,0.0782,0.0568,0.3633,0.4843,0.2411,110.6499,108.3146,2.3353,15093.0,DAL,-0.0958,-1.4428,-0.3259,0.9925,0.3784,0.3169,-1.102,0.1341,-0.4896,-0.062,0.6166,0.7824,0.4087,Dallas Mavericks,2008-2015,Dallas Mavericks_2009,0.0,1.1686,1.1329,0.0,0.0,0.0,0.3368,0.0,1.1496,0.5248,0.0,0.0,0.6012,0.0861
2009,1610612743,94.3335,0.3833,0.1367,0.2531,0.045,0.1819,0.382,0.5952,0.3134,0.1621,0.0916,0.0634,0.352,0.3899,0.2269,110.3159,106.7054,3.6106,15510.0,DEN,0.8792,1.5656,-1.5667,-0.4828,-0.9716,0.715,2.6048,1.0994,0.6822,1.8165,1.4711,-1.3359,0.0721,Denver Nuggets,2008-2015,Denver Nuggets_2009,0.0,0.0,1.1369,0.0618,0.0,0.0,0.0,0.0,1.1892,1.2009,0.0,1.3583,0.0303,0.0226
2009,1610612744,98.6079,0.3406,0.1583,0.2926,0.0485,0.16,0.3366,0.5296,0.2902,0.1471,0.0783,0.0644,0.3273,0.4509,0.2085,109.1479,112.7537,-3.6057,16264.0,GSW,2.3244,0.3844,-0.6938,0.4295,-0.7918,0.0065,1.0526,-1.2948,-0.3564,-0.0486,1.6,0.0325,-0.3641,Golden State Warriors,2008-2015,Golden State Warriors_2009,0.0,0.0,0.5871,0.5267,0.0,0.0,0.4535,0.0,1.9023,0.4654,0.0,0.5978,0.3805,0.0866
2009,1610612745,90.3348,0.3203,0.2196,0.2064,0.0518,0.202,0.2916,0.5617,0.2952,0.1551,0.0736,0.0477,0.3796,0.426,0.2538,108.0755,104.0312,4.0444,14909.0,HOU,-0.4727,-0.1786,1.7889,-1.563,-0.6257,1.365,-0.4854,-0.1236,-0.1322,-0.7129,-0.5532,-0.5259,0.71,Houston Rockets,2008-2015,Houston Rockets_2009,0.0,1.6446,1.0629,0.0,0.0,0.0,0.2164,0.0,1.2303,0.0,0.0,0.0,0.8175,0.0282
2009,1610612746,92.1765,0.3477,0.1681,0.259,0.0436,0.1817,0.2734,0.584,0.2781,0.1603,0.0751,0.0633,0.3415,0.4271,0.2253,102.4657,111.1747,-8.7091,15011.0,LAC,0.15,0.5799,-0.2974,-0.3477,-1.0448,0.7101,-1.1068,0.6924,-0.895,-0.5034,1.4484,-0.502,0.0343,Los Angeles Clippers,2008-2015,Los Angeles Clippers_2009,0.0,0.8314,0.9664,0.0781,0.0,0.0,0.4399,0.0,1.4645,0.1923,0.0,0.0,0.9215,0.1059
2009,1610612747,94.5015,0.3299,0.2091,0.2438,0.0622,0.155,0.2987,0.577,0.3283,0.1416,0.0923,0.054,0.3593,0.4529,0.2172,112.4824,104.6004,7.882,15577.0,LAL,0.936,0.0882,1.366,-0.6987,-0.0968,-0.1548,-0.2439,0.4345,1.3437,1.9167,0.2529,0.0784,-0.1587,Los Angeles Lakers,2008-2015,Los Angeles Lakers_2009,0.0,0.7549,0.3055,0.1805,0.0,0.0,0.992,0.0,0.7476,0.0,0.0,0.8349,1.15,0.0347
2009,1610612748,89.764,0.2841,0.1697,0.3008,0.0719,0.1735,0.2815,0.5508,0.2741,0.1374,0.0873,0.0604,0.3457,0.4705,0.2454,107.9695,107.7604,0.2091,14927.0,MIA,-0.6657,-1.1802,-0.2299,0.618,0.4003,0.4436,-0.8298,-0.5224,-1.0754,1.2094,1.0859,0.4723,0.512,Miami Heat,2008-2015,Miami Heat_2009,0.0,1.0872,1.4807,0.7042,0.0,0.0,0.0,0.0,0.0,0.4283,0.0,0.0,1.2717,0.0279
2009,1610612749,92.9909,0.3134,0.1788,0.2993,0.0656,0.1429,0.3058,0.5989,0.3062,0.1508,0.0794,0.0402,0.3299,0.4782,0.2084,106.3071,107.3142,-1.0071,15328.0,MIL,0.4253,-0.3685,0.1387,0.5845,0.0771,-0.5475,0.0014,1.2349,0.3585,0.1008,-1.5236,0.6439,-0.3658,Milwaukee Bucks,2008-2015,Milwaukee Bucks_2009,0.0,0.5339,1.0628,1.107,0.0,0.0,0.514,0.0,1.1421,0.0,0.0,0.0,0.5793,0.0609
2009,1610612750,91.7102,0.3444,0.1877,0.2405,0.0696,0.1578,0.2892,0.5606,0.3127,0.1541,0.0676,0.0425,0.349,0.4282,0.2275,106.0855,111.1522,-5.0667,15136.0,MIN,-0.0077,0.4889,0.498,-0.7759,0.2826,-0.0624,-0.5661,-0.1624,0.649,-1.5688,-1.2226,-0.477,0.0858,Minnesota Timberwolves,2008-2015,Minnesota Timberwolves_2009,0.0,0.9816,0.5927,0.1029,0.0,0.0,0.4172,0.0,1.6673,0.0,0.0,0.0,1.1294,0.1089
2009,1610612751,90.0151,0.3334,0.1443,0.2569,0.0848,0.1807,0.3029,0.5593,0.2844,0.1446,0.0751,0.0526,0.3518,0.4012,0.2655,108.1764,110.8213,-2.6449,14875.0,NJN,-0.5808,0.1848,-1.2603,-0.3965,1.0547,0.6767,-0.098,-0.2098,-0.6144,-0.4999,0.0716,-1.0825,0.9878,New Jersey Nets,2008-2015,New Jersey Nets_2009,0.0,0.0,1.158,0.6582,0.0,0.0,0.7287,0.0,0.8897,0.2407,0.0,0.411,0.8979,0.0159
2009,1610612752,96.7756,0.3548,0.1317,0.1914,0.0809,0.2412,0.2679,0.5505,0.2728,0.1472,0.0763,0.0255,0.3393,0.3231,0.3221,108.0942,110.6495,-2.5553,15972.0,NYK,1.7049,0.7782,-1.769,-1.9105,0.8603,2.6331,-1.2938,-0.531,-1.1351,-0.3318,-3.4048,-2.8331,2.3326,New York Knicks,2008-2015,New York Knicks_2009,0.0,0.8158,1.3162,0.0406,0.0,0.0,0.0814,0.0,1.5656,0.0,0.0,0.3245,0.8367,0.0192
2009,1610612753,92.0649,0.2901,0.182,0.1933,0.1047,0.2299,0.3512,0.5439,0.2776,0.151,0.0753,0.058,0.3844,0.3753,0.3346,109.5452,102.1656,7.3796,15137.0,ORL,0.1122,-1.0147,0.2689,-1.8666,2.0729,2.2688,1.5497,-0.774,-0.9184,-0.4826,0.7672,-1.6621,2.6302,Orlando Magic,2008-2015,Orlando Magic_2009,0.0,0.0,0.9235,0.2982,0.0,0.0,0.2,0.0,0.7445,0.7129,0.0,0.0,2.0814,0.0394
2009,1610612754,96.4054,0.3199,0.175,0.2614,0.0449,0.1987,0.2669,0.5512,0.2847,0.1495,0.0718,0.0544,0.3545,0.4364,0.2436,108.3491,109.1502,-0.8011,15931.0,IND,1.5798,-0.1881,-0.0164,-0.2912,-0.9763,1.2604,-1.3279,-0.5047,-0.6008,-0.9689,0.3081,-0.2916,0.47,Indiana Pacers,2008-2015,Indiana Pacers_2009,0.0,0.0,1.2582,0.3022,0.0,0.0,0.7806,0.0,1.2159,0.0556,0.0,0.0,1.2574,0.1302
2009,1610612755,90.1989,0.3902,0.1774,0.2682,0.0478,0.1164,0.3393,0.5495,0.3443,0.1556,0.0888,0.056,0.3385,0.4457,0.1641,107.4243,107.6477,-0.2233,14849.0,PHI,-0.5186,1.7587,0.0822,-0.1346,-0.831,-1.4052,1.143,-0.5666,2.0591,1.4208,0.5107,-0.085,-1.4181,Philadelphia 76ers,2008-2015,Philadelphia 76ers_2009,0.0,0.2369,0.7496,0.3198,0.0,0.0,0.5107,0.0,1.7708,0.4293,0.0,0.6566,0.3263,0.0
2009,1610612756,95.8542,0.3722,0.213,0.199,0.0663,0.1495,0.3362,0.5648,0.3134,0.1633,0.0746,0.0532,0.3431,0.4119,0.2158,113.7822,111.6939,2.0883,15780.0,PHX,1.3934,1.26,1.5221,-1.7352,0.1146,-0.3321,1.0394,-0.0103,0.6788,-0.5736,0.1553,-0.8407,-0.1903,Phoenix Suns,2008-2015,Phoenix Suns_2009,0.0,0.4876,0.8465,0.0,0.0,0.0,0.0,0.0,0.5054,0.9888,0.0,0.9342,1.199,0.0386
2009,1610612757,86.8805,0.3055,0.1805,0.2746,0.0986,0.1409,0.3061,0.5524,0.3498,0.147,0.0766,0.056,0.3519,0.455,0.2395,113.6307,107.4213,6.2093,14357.0,POR,-1.6406,-0.5868,0.2053,0.012,1.7577,-0.6109,0.0111,-0.4642,2.3072,-0.2973,0.5105,0.1253,0.3705,Portland Trail Blazers,2008-2015,Portland Trail Blazers_2009,0.0,0.7738,1.0261,0.1884,0.0,0.0,0.0,0.0,1.3045,0.8147,0.0,0.3663,0.5043,0.0219
2009,1610612758,94.2336,0.3058,0.177,0.2788,0.0666,0.1719,0.3152,0.5415,0.2771,0.1621,0.0728,0.0446,0.3257,0.4558,0.2384,105.6082,114.6401,-9.0319,15631.0,SAC,0.8455,-0.58,0.0631,0.1107,0.1273,0.3915,0.3205,-0.8616,-0.9394,-0.8376,-0.9492,0.1424,0.3466,Sacramento Kings,2008-2015,Sacramento Kings_2009,0.0,0.6082,0.7812,0.5226,0.0,0.0,0.6545,0.0,2.0351,0.0,0.0,0.0,0.3624,0.0362
2009,1610612759,88.186,0.2726,0.1737,0.3058,0.0983,0.1495,0.251,0.5707,0.2506,0.1316,0.0649,0.0449,0.3841,0.4796,0.2478,108.6268,104.7958,3.831,14624.0,SAS,-1.1992,-1.4976,-0.0677,0.7347,1.7433,-0.331,-1.8718,0.2051,-2.1224,-1.9391,-0.908,0.6753,0.5691,San Antonio Spurs,2008-2015,San Antonio Spurs_2009,0.0,0.7118,0.9977,0.3492,0.0,0.0,0.169,0.0,0.3184,0.0053,0.0,0.0,2.33,0.1186
2009,1610612760,94.0611,0.351,0.194,0.3137,0.0317,0.1096,0.3081,0.5545,0.3099,0.1714,0.0783,0.0478,0.3456,0.5077,0.1413,102.5006,108.8334,-6.3327,15524.0,OKC,0.7871,0.6712,0.7535,0.9172,-1.6491,-1.624,0.0774,-0.3851,0.5253,-0.0559,-0.5442,1.3071,-1.9596,Oklahoma City Thunder,2008-2015,Oklahoma City Thunder_2009,0.0,0.0,1.1262,0.6225,0.0,0.0,0.9986,0.0,1.4537,0.0,0.0,0.4763,0.2349,0.0878
2009,1610612761,92.2676,0.2699,0.1893,0.3477,0.0493,0.1439,0.2789,0.6009,0.2644,0.1443,0.0686,0.0512,0.356,0.5369,0.1932,106.7429,109.6063,-2.8634,15228.0,TOR,0.1808,-1.573,0.5614,1.7015,-0.7526,-0.515,-0.92,1.3072,-1.5064,-1.4188,-0.1058,1.9617,-0.7284,Toronto Raptors,2008-2015,Toronto Raptors_2009,0.0,1.3511,0.9639,1.106,0.0,0.0,0.0,0.0,0.6843,0.0699,0.0,0.0,0.8051,0.0198
2009,1610612762,93.4044,0.3921,0.1389,0.2996,0.0367,0.1327,0.3548,0.644,0.3175,0.1565,0.093,0.0484,0.3365,0.4385,0.1694,109.6449,107.0643,2.5806,15474.0,UTA,0.5651,1.8109,-1.4777,0.5898,-1.3955,-0.8756,1.6752,2.8822,0.8647,2.0243,-0.4649,-0.246,-1.2924,Utah Jazz,2008-2015,Utah Jazz_2009,0.0,0.9171,1.0514,0.2155,0.0,0.0,0.7122,0.0,0.0,0.0388,0.0,1.1852,0.8798,0.0
2009,1610612763,90.2378,0.3435,0.2185,0.2627,0.0455,0.1298,0.3291,0.4967,0.2934,0.1682,0.0826,0.0517,0.3364,0.4812,0.1752,103.4121,109.357,-5.9448,14893.0,MEM,-0.5055,0.4656,1.7453,-0.2617,-0.9477,-0.9709,0.7963,-2.4975,-0.2136,0.5471,-0.041,0.7125,-1.1537,Memphis Grizzlies,2008-2015,Memphis Grizzlies_2009,0.0,0.588,1.0551,0.369,0.0,0.0,0.892,0.0,1.5362,0.0,0.0,0.2331,0.2946,0.0319
2009,1610612764,91.1342,0.3421,0.192,0.2858,0.037,0.1431,0.2926,0.5481,0.3073,0.1534,0.0827,0.0487,0.3351,0.4778,0.18,105.3497,113.3681,-8.0183,14965.0,WAS,-0.2024,0.4275,0.6734,0.2717,-1.3815,-0.5413,-0.4526,-0.6197,0.4076,0.5618,-0.4192,0.6365,-1.0406,Washington Wizards,2008-2015,Washington Wizards_2009,0.0,1.2904,0.6801,0.3864,0.0,0.0,0.3651,0.0,1.1211,0.0,0.0,0.8102,0.2259,0.1207
2009,1610612765,86.9872,0.2882,0.1715,0.3758,0.0648,0.0997,0.2819,0.5666,0.3069,0.1349,0.0683,0.0522,0.3669,0.5473,0.1645,107.1409,107.6209,-0.48,14429.0,DET,-1.6045,-1.0674,-0.1573,2.352,0.0371,-1.9437,-0.8168,0.0558,0.389,-1.4646,0.0301,2.1948,-1.4088,Detroit Pistons,2008-2015,Detroit Pistons_2009,0.0,0.5369,0.8475,0.4596,0.0,0.0,0.0,0.0,1.8491,0.8226,0.0,0.0,0.4782,0.0061
2009,1610612766,88.0521,0.3798,0.1585,0.2498,0.065,0.1469,0.3099,0.6078,0.3133,0.1751,0.0793,0.0542,0.3474,0.4084,0.2118,104.9266,106.2706,-1.344,14575.0,CHA,-1.2445,1.4696,-0.6835,-0.5593,0.0462,-0.4176,0.1388,1.5599,0.6746,0.0879,0.2823,-0.921,-0.2849,Charlotte Bobcats,2008-2015,Charlotte Bobcats_2009,0.0,0.0,1.3004,0.2275,0.0,0.0,0.9014,0.0,0.0,0.0472,0.0,1.4274,1.0483,0.0478
2010,1610612737,89.7688,0.3164,0.197,0.2726,0.0854,0.1285,0.2814,0.5624,0.3141,0.1317,0.0798,0.0557,0.3515,0.4696,0.2139,112.085,107.3105,4.7745,14853.0,ATL,-1.1122,-0.5219,0.6402,0.1829,1.6604,-0.9976,-0.63,-0.0291,0.7197,0.2874,0.4897,0.5194,-0.1876,Atlanta Hawks,2008-2015,Atlanta Hawks_2010,0.0,0.7089,0.1906,0.1788,0.0,0.0,1.0281,0.0,1.3444,0.0386,0.0,0.6137,0.8868,0.01
2010,1610612738,91.2922,0.3605,0.1878,0.224,0.0523,0.1754,0.3321,0.6351,0.2697,0.1619,0.0933,0.0535,0.3508,0.4118,0.2277,108.0335,104.2437,3.7897,15048.0,BOS,-0.5056,0.9589,0.29,-1.1439,-0.4417,0.3693,1.0132,1.9509,-1.1075,1.8955,0.1805,-0.7545,0.1331,Boston Celtics,2008-2015,Boston Celtics_2010,0.0,0.5282,0.8689,0.0,0.0,0.0,0.7766,0.0,0.6144,0.1497,0.0,0.9311,1.1252,0.006
2010,1610612739,90.8554,0.3491,0.1546,0.2488,0.0843,0.1632,0.3409,0.5917,0.2884,0.152,0.0753,0.0567,0.381,0.4034,0.2475,111.8338,104.6602,7.1737,14976.0,CLE,-0.6796,0.5753,-0.9697,-0.4676,1.5912,0.0135,1.3016,0.7704,-0.3366,-0.257,0.6348,-0.9405,0.5968,Cleveland Cavaliers,2008-2015,Cleveland Cavaliers_2010,0.0,0.2079,0.6144,0.3332,0.0,0.0,1.313,0.0,1.1285,0.059,0.0,0.03,1.3095,0.0045
2010,1610612740,92.5204,0.3246,0.1825,0.2631,0.0471,0.1827,0.2428,0.5752,0.2721,0.1441,0.0819,0.0393,0.3388,0.4456,0.2298,107.3668,110.3367,-2.9699,15289.0,NOH,-0.0166,-0.2468,0.0908,-0.0773,-0.772,0.5818,-1.8847,0.3197,-1.0099,0.5312,-1.7882,-0.0096,0.1817,New Orleans Hornets,2008-2015,New Orleans Hornets_2010,0.0,0.7424,1.043,0.3536,0.0,0.0,0.7222,0.0,0.4739,0.0,0.0,0.2243,1.4162,0.0245
2010,1610612741,92.9495,0.3355,0.1563,0.3519,0.0492,0.107,0.2875,0.5531,0.3026,0.1524,0.0689,0.062,0.3754,0.5083,0.1562,103.684,105.4222,-1.7382,15418.0,CHI,0.1543,0.12,-0.9035,2.3493,-0.6345,-1.6258,-0.4338,-0.2834,0.2471,-1.0283,1.3647,1.3708,-1.5359,Chicago Bulls,2008-2015,Chicago Bulls_2010,0.0,0.3091,0.0347,0.4904,0.0,0.0,1.0396,0.0,2.1867,0.0,0.0,0.1937,0.6512,0.0947
2010,1610612742,92.4628,0.2891,0.196,0.2933,0.051,0.1706,0.2765,0.6105,0.2663,0.1384,0.0815,0.0586,0.358,0.4893,0.2216,109.1763,106.321,2.8553,15318.0,DAL,-0.0396,-1.4415,0.6013,0.7491,-0.5201,0.2281,-0.7906,1.2816,-1.2492,0.4847,0.8972,0.9537,-0.0088,Dallas Mavericks,2008-2015,Dallas Mavericks_2010,0.0,1.6968,1.294,0.1293,0.0,0.0,0.0,0.0,1.1122,0.505,0.0,0.1247,0.0678,0.0702
2010,1610612743,94.5925,0.3579,0.155,0.26,0.0505,0.1767,0.3756,0.5503,0.3084,0.1456,0.0877,0.0535,0.3456,0.4149,0.2272,111.9103,107.7259,4.1844,15592.0,DEN,0.8084,0.8712,-0.9547,-0.1626,-0.5563,0.407,2.4249,-0.36,0.4847,1.2236,0.1857,-0.6857,0.1212,Denver Nuggets,2008-2015,Denver Nuggets_2010,0.0,0.5073,1.1821,0.1119,0.0,0.0,0.1083,0.0,1.1909,1.1215,0.0,0.1932,0.5609,0.0239
2010,1610612744,100.4034,0.3194,0.1431,0.2997,0.0623,0.1755,0.2939,0.5524,0.2441,0.146,0.0921,0.0412,0.3101,0.4428,0.2378,108.1979,111.5589,-3.361,16508.0,GSW,3.1222,-0.4211,-1.4065,0.9224,0.1944,0.3721,-0.2249,-0.3011,-2.1642,1.7579,-1.5314,-0.0726,0.3696,Golden State Warriors,2008-2015,Golden State Warriors_2010,0.0,0.1909,0.7567,0.1029,0.0,0.0,0.1968,0.0,1.9298,0.4095,0.0,0.1925,1.0591,0.162
2010,1610612745,93.896,0.3536,0.1793,0.2016,0.0662,0.1993,0.2919,0.5785,0.3043,0.1527,0.0749,0.0408,0.3407,0.3809,0.2655,107.7802,108.207,-0.4268,15575.0,HOU,0.5311,0.7271,-0.034,-1.7549,0.4385,1.0669,-0.2893,0.4106,0.3146,-0.3089,-1.5744,-1.4357,1.016,Houston Rockets,2008-2015,Houston Rockets_2010,0.0,1.0202,1.1813,0.2214,0.0,0.0,0.5436,0.0,0.2318,0.004,0.0,0.8251,0.9143,0.0582
2010,1610612746,92.3705,0.3492,0.17,0.2601,0.0517,0.1691,0.2827,0.6029,0.2995,0.1696,0.0701,0.0614,0.3515,0.4301,0.2207,103.5352,110.3203,-6.7851,15168.0,LAC,-0.0763,0.5788,-0.3862,-0.1584,-0.4806,0.1845,-0.5892,1.0751,0.1198,-0.8796,1.2835,-0.3521,-0.0292,Los Angeles Clippers,2008-2015,Los Angeles Clippers_2010,0.0,0.8488,1.1502,0.3494,0.0,0.0,0.711,0.0,0.8221,0.2886,0.0,0.0,0.786,0.0439
2010,1610612747,92.6536,0.3197,0.2205,0.2326,0.0548,0.1724,0.2887,0.5503,0.3104,0.1431,0.08,0.0523,0.3722,0.4531,0.2272,108.8784,103.9205,4.9579,15311.0,LAL,0.0364,-0.4116,1.5308,-0.9101,-0.2791,0.2806,-0.3931,-0.36,0.5666,0.303,0.0132,0.1548,0.122,Los Angeles Lakers,2008-2015,Los Angeles Lakers_2010,0.0,0.6066,0.0,0.2344,0.0,0.0,0.4967,0.0,1.2087,0.0,0.0,1.3097,1.1438,0.0
2010,1610612748,89.2877,0.2808,0.1698,0.3306,0.0601,0.1586,0.2963,0.5188,0.2898,0.146,0.0817,0.0617,0.3649,0.5005,0.2188,107.0907,104.3907,2.7,14792.0,MIA,-1.3038,-1.7201,-0.3914,1.7671,0.0572,-0.1195,-0.1488,-1.2179,-0.2828,0.5136,1.3278,1.1985,-0.0746,Miami Heat,2008-2015,Miami Heat_2010,0.0,1.0899,1.3369,0.5429,0.0,0.0,0.0,0.0,0.3904,0.4181,0.0,0.0,1.1986,0.0233
2010,1610612749,91.6697,0.2954,0.1849,0.2606,0.076,0.1831,0.2394,0.5705,0.2938,0.1422,0.076,0.0504,0.3556,0.4456,0.2591,104.9672,103.1049,1.8623,15263.0,MIL,-0.3553,-1.2293,0.1804,-0.1438,1.064,0.5922,-1.9954,0.1913,-0.1154,-0.176,-0.2417,-0.0112,0.8662,Milwaukee Bucks,2008-2015,Milwaukee Bucks_2010,0.0,0.2615,1.1093,0.7558,0.0,0.0,0.6362,0.0,0.4842,0.0,0.0,0.485,1.1012,0.1667
2010,1610612750,96.0,0.3172,0.2492,0.263,0.0386,0.132,0.2781,0.5235,0.3015,0.1687,0.0754,0.0387,0.3417,0.5122,0.1706,101.8212,111.6332,-9.812,15824.0,MIN,1.3689,-0.4957,2.6181,-0.0785,-1.3106,-0.8952,-0.7394,-1.0889,0.2029,-0.2454,-1.8787,1.4573,-1.1997,Minnesota Timberwolves,2008-2015,Minnesota Timberwolves_2010,0.0,1.0515,1.0319,0.1816,0.0,0.0,0.5703,0.0,0.0,0.0,0.0,1.0228,1.1337,0.0082
2010,1610612751,91.6764,0.3526,0.1907,0.2761,0.0594,0.1212,0.3055,0.5477,0.2794,0.1566,0.076,0.0521,0.3337,0.4668,0.1806,100.212,110.0636,-9.8517,15090.0,NJN,-0.3527,0.6925,0.4007,0.2775,0.0101,-1.2096,0.1526,-0.4309,-0.7107,-0.1773,-0.0098,0.4566,-0.9651,New Jersey Nets,2008-2015,New Jersey Nets_2010,0.0,0.9911,1.0602,0.6959,0.0,0.0,0.0595,0.0,1.4842,0.2622,0.0,0.0512,0.3609,0.0349
2010,1610612752,94.0141,0.3354,0.1166,0.236,0.0666,0.2453,0.2558,0.5667,0.2617,0.1475,0.0752,0.0392,0.3366,0.3527,0.312,107.553,111.5019,-3.9489,15575.0,NYK,0.5781,0.1145,-2.4095,-0.8157,0.4672,2.408,-1.4612,0.0874,-1.4399,-0.2673,-1.809,-2.0577,2.1009,New York Knicks,2008-2015,New York Knicks_2010,0.0,0.7606,1.116,0.0,0.0,0.0,0.0799,0.0,1.5013,0.0,0.0,0.3946,1.0473,0.1002
2010,1610612753,91.4688,0.3098,0.1637,0.1759,0.1024,0.248,0.3403,0.5374,0.2844,0.1535,0.0681,0.0607,0.3866,0.3397,0.3505,111.9734,103.9659,8.0075,15039.0,ORL,-0.4353,-0.7437,-0.6224,-2.4567,2.7388,2.4867,1.2812,-0.7092,-0.5014,-1.1172,1.1815,-2.3438,3.0005,Orlando Magic,2008-2015,Orlando Magic_2010,0.0,0.1648,1.0054,0.0,0.0,0.0,0.2781,0.0,0.5834,0.715,0.0,0.5312,1.7221,0.0
2010,1610612754,96.7308,0.3044,0.1697,0.248,0.0542,0.2237,0.2959,0.5728,0.2466,0.1551,0.0736,0.0553,0.3516,0.4177,0.2779,104.0549,107.1384,-3.0835,15884.0,IND,1.6598,-0.9255,-0.3958,-0.4895,-0.3177,1.7758,-0.16,0.2555,-2.0588,-0.4562,0.4291,-0.6249,1.3054,Indiana Pacers,2008-2015,Indiana Pacers_2010,0.0,0.1296,1.1107,0.1739,0.0,0.0,0.6481,0.0,1.2661,0.0,0.0,0.0,1.6005,0.0711
2010,1610612755,91.6375,0.3214,0.1985,0.2742,0.0534,0.1525,0.2696,0.5581,0.2993,0.1575,0.0883,0.0581,0.3391,0.4727,0.2059,105.8792,110.3111,-4.4318,15124.0,PHI,-0.3682,-0.3563,0.6951,0.2272,-0.3711,-0.2969,-1.0136,-0.145,0.1085,1.2994,0.8233,0.5871,-0.3745,Philadelphia 76ers,2008-2015,Philadelphia 76ers_2010,0.0,0.8304,0.9351,0.1789,0.0,0.0,0.5311,0.0,1.3943,0.0,0.0,0.6042,0.5253,0.0009
2010,1610612756,95.2276,0.3189,0.1867,0.2336,0.0697,0.1911,0.3119,0.5726,0.312,0.1548,0.0611,0.0533,0.357,0.4203,0.2608,115.603,110.1939,5.4091,15657.0,PHX,1.0613,-0.4372,0.2465,-0.881,0.662,0.826,0.3581,0.2495,0.6326,-1.96,0.1598,-0.5677,0.9054,Phoenix Suns,2008-2015,Phoenix Suns_2010,0.0,0.7187,1.0395,0.0984,0.0,0.0,0.3172,0.0,0.8212,0.2928,0.0,0.0,1.6839,0.0283
2010,1610612757,87.5024,0.2949,0.1762,0.3138,0.0745,0.1406,0.315,0.5629,0.3055,0.1398,0.0722,0.0483,0.3526,0.49,0.2151,111.1648,107.3609,3.804,14478.0,POR,-2.0146,-1.245,-0.1501,1.3079,0.97,-0.6466,0.461,-0.0161,0.3678,-0.6268,-0.5337,0.9681,-0.1607,Portland Trail Blazers,2008-2015,Portland Trail Blazers_2010,0.0,0.7286,0.9764,0.5851,0.0,0.0,0.2853,0.0,1.001,0.2952,0.0,0.0,1.1078,0.0207
2010,1610612758,93.8921,0.342,0.1909,0.2685,0.0521,0.1465,0.2843,0.5358,0.309,0.1568,0.0727,0.0472,0.3492,0.4594,0.1986,105.8839,109.949,-4.0651,15314.0,SAC,0.5296,0.3363,0.4088,0.071,-0.4518,-0.474,-0.538,-0.7546,0.5114,-0.5714,-0.6921,0.2948,-0.5461,Sacramento Kings,2008-2015,Sacramento Kings_2010,0.0,0.8578,0.8118,0.0789,0.0,0.0,0.5852,0.0,0.8181,0.1589,0.0,1.1463,0.5156,0.0274
2010,1610612759,91.3771,0.3316,0.1864,0.2497,0.0868,0.1455,0.2957,0.5806,0.3024,0.1482,0.0685,0.0506,0.3729,0.4361,0.2323,110.3998,104.8055,5.5943,15062.0,SAS,-0.4718,-0.0127,0.2356,-0.4417,1.7473,-0.5019,-0.1672,0.4677,0.2367,-1.0741,-0.2224,-0.2195,0.2415,San Antonio Spurs,2008-2015,San Antonio Spurs_2010,0.0,0.6102,1.0383,0.4033,0.0,0.0,0.4266,0.0,0.572,0.0442,0.0,0.7139,1.1732,0.0183
2010,1610612760,93.0735,0.3405,0.1922,0.2819,0.0439,0.1415,0.3334,0.5351,0.3169,0.1598,0.0851,0.0626,0.3579,0.4741,0.1854,108.4017,104.5809,3.8208,15361.0,OKC,0.2036,0.286,0.4564,0.4378,-0.9726,-0.619,1.0561,-0.773,0.8348,0.9187,1.4469,0.6183,-0.854,Oklahoma City Thunder,2008-2015,Oklahoma City Thunder_2010,0.0,0.0,0.9439,0.4422,0.0,0.0,0.7948,0.0,0.9213,0.0,0.0,1.7994,0.0,0.0984
2010,1610612761,92.8817,0.3241,0.1745,0.2908,0.0452,0.1654,0.3194,0.5639,0.2815,0.1439,0.0612,0.0501,0.3487,0.4652,0.2107,111.6431,113.2272,-1.5841,15310.0,TOR,0.1273,-0.2646,-0.2151,0.6784,-0.8874,0.0787,0.6026,0.0125,-0.6242,-1.952,-0.2899,0.4225,-0.2638,Toronto Raptors,2008-2015,Toronto Raptors_2010,0.0,1.3432,1.0892,0.4545,0.0,0.0,0.0,0.0,0.569,0.4688,0.0,0.4217,0.6395,0.0141
2010,1610612762,93.6553,0.3967,0.1568,0.263,0.0389,0.1446,0.3396,0.6777,0.3166,0.1614,0.0877,0.0519,0.3566,0.4198,0.1836,110.7411,105.3117,5.4294,15418.0,UTA,0.4353,2.1734,-0.8857,-0.0804,-1.2872,-0.5275,1.2585,3.1127,0.8235,1.2246,-0.0321,-0.5793,-0.8966,Utah Jazz,2008-2015,Utah Jazz_2010,0.0,1.794,1.0619,0.0,0.0,0.0,0.0453,0.0,0.0,0.1023,0.0,1.735,0.2422,0.0193
2010,1610612763,93.2992,0.3769,0.2281,0.2467,0.0337,0.1146,0.3203,0.4787,0.3571,0.1614,0.0833,0.0515,0.3421,0.4748,0.1484,108.6912,110.124,-1.4328,15476.0,MEM,0.2935,1.5089,1.8178,-0.5248,-1.6162,-1.4026,0.6312,-2.3082,2.4903,0.7002,-0.091,0.6323,-1.7187,Memphis Grizzlies,2008-2015,Memphis Grizzlies_2010,0.0,0.7621,1.0285,0.3233,0.0,0.0,0.6712,0.0,1.5957,0.2636,0.0,0.354,0.0,0.0017
2010,1610612764,91.4264,0.302,0.192,0.3232,0.0442,0.1385,0.2825,0.5175,0.3067,0.1614,0.0653,0.0557,0.3482,0.5152,0.1827,104.4209,109.7561,-5.3352,15099.0,WAS,-0.4522,-1.0055,0.4493,1.5653,-0.9539,-0.705,-0.5961,-1.2535,0.415,-1.4518,0.4853,1.5239,-0.916,Washington Wizards,2008-2015,Washington Wizards_2010,0.0,0.9736,0.3052,0.4212,0.0,0.0,0.4656,0.0,1.7159,0.4084,0.0,0.0,0.6084,0.1018
2010,1610612765,88.453,0.3257,0.1983,0.2958,0.0603,0.12,0.3026,0.5412,0.3422,0.1509,0.0817,0.0429,0.3306,0.4941,0.1802,105.7766,111.4646,-5.688,14580.0,DET,-1.6361,-0.2117,0.6873,0.8167,0.0663,-1.2468,0.0582,-0.6079,1.8764,0.5134,-1.2853,1.0582,-0.9742,Detroit Pistons,2008-2015,Detroit Pistons_2010,0.0,0.4702,0.5871,0.2367,0.0,0.0,0.5032,0.0,1.8786,0.6589,0.0,0.5586,0.1067,0.0
2010,1610612766,89.8249,0.4137,0.1373,0.2379,0.0622,0.1489,0.3457,0.5801,0.3124,0.1734,0.0849,0.0599,0.358,0.3752,0.2111,105.0276,103.3727,1.6548,14881.0,CHA,-1.0899,2.7472,-1.6245,-0.7658,0.1854,-0.4031,1.4559,0.4538,0.6483,0.8961,1.0765,-1.5615,-0.2546,Charlotte Bobcats,2008-2015,Charlotte Bobcats_2010,0.0,0.1365,1.0441,0.0,0.0,0.0,0.4023,0.0,1.0408,0.354,0.0,1.977,0.0,0.0454
2011,1610612737,89.1272,0.2615,0.2031,0.3134,0.0793,0.1426,0.2686,0.6065,0.2646,0.1526,0.0678,0.0465,0.36,0.5166,0.222,106.3046,107.2482,-0.9436,14654.0,ATL,-1.2112,-1.6067,0.0692,1.5824,1.0709,-0.547,-1.1443,0.9199,-1.3517,-1.3818,-0.9408,1.2055,0.0078,Atlanta Hawks,2008-2015,Atlanta Hawks_2011,0.0,1.3505,0.421,0.3177,0.0,0.0,0.3323,0.0,1.2733,0.0,0.0,0.1743,1.1032,0.0278
2011,1610612738,90.0728,0.3436,0.1712,0.3052,0.0481,0.1319,0.3047,0.6355,0.2425,0.1607,0.0912,0.0464,0.368,0.4764,0.1799,106.4004,100.8502,5.5502,14847.0,BOS,-0.7976,0.9151,-1.023,1.3219,-0.8342,-0.889,0.1638,1.8315,-2.2956,1.4766,-0.9602,0.2757,-1.0005,Boston Celtics,2008-2015,Boston Celtics_2011,0.0,0.5671,0.7976,0.8201,0.0,0.0,0.185,0.0,1.4852,0.324,0.0,0.3856,0.4275,0.0079
2011,1610612739,92.8654,0.3212,0.2097,0.2451,0.0545,0.1696,0.3122,0.596,0.2832,0.1526,0.0712,0.0446,0.3469,0.4548,0.224,102.4074,112.0617,-9.6543,15287.0,CLE,0.424,0.2267,0.2944,-0.5809,-0.4451,0.3069,0.4342,0.5875,-0.5593,-0.9753,-1.2472,-0.2261,0.0569,Cleveland Cavaliers,2008-2015,Cleveland Cavaliers_2011,0.0,1.0458,0.9083,0.2473,0.0,0.0,0.473,0.0,0.4716,0.3105,0.0,0.7221,0.8215,0.0
2011,1610612740,88.3994,0.2706,0.23,0.3074,0.063,0.1291,0.2957,0.5744,0.2771,0.1463,0.0855,0.0492,0.3594,0.5374,0.192,106.4988,105.6446,0.8542,14608.0,NOH,-1.5296,-1.3273,0.9907,1.3904,0.0735,-0.9779,-0.1641,-0.0929,-0.8195,0.7754,-0.5234,1.6884,-0.7105,New Orleans Hornets,2008-2015,New Orleans Hornets_2011,0.0,0.7659,0.7693,0.3367,0.0,0.0,0.215,0.0,0.9511,0.5744,0.0,0.6613,0.7123,0.014
2011,1610612741,90.1483,0.3507,0.1567,0.2778,0.06,0.1549,0.3047,0.6006,0.3289,0.1561,0.0794,0.0628,0.3795,0.4345,0.2148,108.6524,100.4427,8.2097,14897.0,CHI,-0.7646,1.132,-1.5222,0.4556,-0.1095,-0.1594,0.1631,0.7328,1.3932,0.0335,1.6284,-0.6965,-0.1636,Chicago Bulls,2008-2015,Chicago Bulls_2011,0.0,0.4741,1.0405,0.2948,0.0,0.0,0.835,0.0,0.811,0.2482,0.0,0.4808,0.7891,0.0266
2011,1610612742,91.1586,0.2658,0.2092,0.2514,0.0829,0.1906,0.2862,0.6367,0.2675,0.153,0.0744,0.047,0.371,0.4606,0.2736,109.805,105.2118,4.5932,14969.0,DAL,-0.3226,-1.4732,0.2763,-0.3796,1.2907,0.9755,-0.5056,1.8702,-1.2268,-0.5758,-0.8627,-0.091,1.2455,Dallas Mavericks,2008-2015,Dallas Mavericks_2011,0.0,1.2058,1.226,0.019,0.0,0.0,0.0,0.0,0.8685,0.9828,0.0,0.0392,0.625,0.0337
2011,1610612743,95.117,0.3898,0.127,0.2255,0.0758,0.1819,0.3672,0.5765,0.2811,0.1482,0.0775,0.0451,0.365,0.3525,0.2577,112.7736,107.8786,4.895,15619.0,DEN,1.409,2.3336,-2.5376,-1.2015,0.8534,0.6992,2.4274,-0.0273,-0.6459,-0.2007,-1.1707,-2.5969,0.8644,Denver Nuggets,2008-2015,Denver Nuggets_2011,0.0,0.0,1.161,0.0,0.0,0.0,0.6258,0.0,0.9488,0.7624,0.0,0.2071,1.2834,0.0115
2011,1610612744,94.8381,0.3132,0.184,0.2546,0.0754,0.1728,0.2405,0.5681,0.2919,0.1528,0.0941,0.0518,0.3245,0.4386,0.2482,108.1388,110.66,-2.5212,15672.0,GSW,1.287,-0.0194,-0.5846,-0.2801,0.8285,0.4113,-2.1628,-0.29,-0.1873,1.8263,-0.1046,-0.6007,0.637,Golden State Warriors,2008-2015,Golden State Warriors_2011,0.0,0.6679,0.8615,0.0779,0.0,0.0,0.9549,0.0,0.8132,0.0,0.0,0.0848,1.4981,0.0417
2011,1610612745,94.1869,0.3025,0.2208,0.2128,0.0629,0.201,0.2991,0.6167,0.3015,0.1424,0.0746,0.0475,0.348,0.4336,0.2639,111.3421,109.0629,2.2792,15584.0,HOU,1.0021,-0.3469,0.6745,-1.603,0.0685,1.3048,-0.0408,1.2395,0.222,-0.5578,-0.7905,-0.7173,1.0136,Houston Rockets,2008-2015,Houston Rockets_2011,0.0,0.6137,1.047,0.213,0.0,0.0,0.7986,0.0,1.0923,0.0013,0.0,0.3055,0.898,0.0305
2011,1610612746,92.3012,0.3703,0.1777,0.2216,0.062,0.1683,0.3317,0.6013,0.3291,0.1757,0.0766,0.0527,0.3507,0.3993,0.2304,105.8908,109.341,-3.4502,15272.0,LAC,0.1772,1.735,-0.8008,-1.3249,0.0161,0.2684,1.1409,0.7559,1.403,-0.3062,0.0274,-1.512,0.2092,Los Angeles Clippers,2008-2015,Los Angeles Clippers_2011,0.0,0.996,0.9644,0.1511,0.0,0.0,0.2636,0.0,0.9259,0.512,0.0,0.3656,0.7877,0.0337
2011,1610612747,90.6808,0.3062,0.2295,0.2442,0.0651,0.155,0.2927,0.5758,0.3207,0.1433,0.0804,0.0563,0.3751,0.4737,0.2201,111.0355,104.3919,6.6436,14985.0,LAL,-0.5316,-0.2337,0.9732,-0.6088,0.2046,-0.1563,-0.2704,-0.0495,1.0447,0.1487,0.6078,0.2128,-0.0377,Los Angeles Lakers,2008-2015,Los Angeles Lakers_2011,0.0,1.4603,0.0,0.0,0.0,0.0,0.4282,0.0,1.0974,0.0,0.0,0.8657,1.1136,0.0348
2011,1610612748,90.6249,0.2838,0.17,0.3115,0.0787,0.156,0.3631,0.5407,0.2887,0.1527,0.0728,0.0576,0.3828,0.4815,0.2347,112.0798,103.8281,8.2517,14938.0,MIA,-0.5561,-0.9224,-1.0667,1.5227,1.0337,-0.1227,2.281,-1.153,-0.3239,-0.7738,0.8011,0.3931,0.3139,Miami Heat,2008-2015,Miami Heat_2011,0.0,0.7083,0.3989,0.4356,0.0,0.0,0.0,0.0,1.749,0.5706,0.0,0.0,0.9935,0.144
2011,1610612749,89.6939,0.2959,0.2022,0.286,0.0668,0.1492,0.2875,0.549,0.2784,0.149,0.0832,0.0538,0.3561,0.4882,0.216,101.7558,102.5088,-0.753,14818.0,MIL,-0.9633,-0.5502,0.0369,0.713,0.3065,-0.3397,-0.4607,-0.8917,-0.7646,0.498,0.2095,0.5471,-0.1363,Milwaukee Bucks,2008-2015,Milwaukee Bucks_2011,0.0,0.2145,1.23,0.6259,0.0,0.0,0.7458,0.0,1.2267,0.0,0.0,0.5206,0.4005,0.0361
2011,1610612750,96.3943,0.2806,0.2462,0.2501,0.0463,0.1768,0.2819,0.534,0.3321,0.1759,0.0745,0.0531,0.3449,0.4963,0.2231,104.3303,111.1643,-6.8339,15889.0,MIN,1.9677,-1.0201,1.5445,-0.4227,-0.9405,0.5366,-0.6644,-1.3662,1.5275,-0.5664,0.0985,0.7357,0.0357,Minnesota Timberwolves,2008-2015,Minnesota Timberwolves_2011,0.0,0.7766,0.99,0.0,0.0,0.0,0.7348,0.0,0.5989,0.0,0.0,0.6875,1.2051,0.0072
2011,1610612751,89.6671,0.2809,0.2375,0.2819,0.055,0.1447,0.2819,0.5908,0.2946,0.1541,0.0617,0.0512,0.3548,0.5194,0.1997,103.4074,110.2052,-6.7978,14833.0,NJN,-0.975,-1.009,1.2461,0.5832,-0.4139,-0.4807,-0.6648,0.4257,-0.0695,-2.1335,-0.2107,1.2703,-0.5264,New Jersey Nets,2008-2015,New Jersey Nets_2011,0.0,0.7214,1.1954,0.7235,0.0,0.0,0.8721,0.0,0.0,0.0,0.0,0.0,1.4507,0.0369
2011,1610612752,95.4601,0.3067,0.1692,0.2211,0.084,0.219,0.3039,0.5596,0.2715,0.1427,0.0795,0.0604,0.3343,0.3903,0.303,110.9643,110.2492,0.7151,15735.0,NYK,1.559,-0.2188,-1.0927,-1.341,1.3573,1.8763,0.135,-0.5604,-1.056,0.0403,1.2513,-1.7213,1.9528,New York Knicks,2008-2015,New York Knicks_2011,0.0,0.7568,1.2716,0.0,0.0,0.0,0.1657,0.0,0.2444,0.3094,0.0,0.7575,1.4829,0.0115
2011,1610612753,90.6747,0.2884,0.1789,0.2046,0.0827,0.2454,0.3276,0.5535,0.3036,0.1635,0.0732,0.0513,0.38,0.3836,0.328,108.5535,102.6302,5.9233,14984.0,ORL,-0.5343,-0.7798,-0.7606,-1.8603,1.2747,2.712,0.9921,-0.7527,0.3135,-0.7311,-0.1937,-1.8769,2.5522,Orlando Magic,2008-2015,Orlando Magic_2011,0.0,0.4927,1.0936,0.0998,0.0,0.0,0.0958,0.0,0.6454,0.7408,0.0,0.0,1.7869,0.045
2011,1610612754,94.5379,0.2917,0.2002,0.2645,0.0516,0.192,0.2998,0.5365,0.292,0.162,0.0748,0.0585,0.3632,0.4647,0.2436,105.0584,106.1201,-1.0617,15583.0,IND,1.1557,-0.6777,-0.0303,0.0332,-0.6214,1.0187,-0.0129,-1.288,-0.1816,-0.5311,0.9515,0.0038,0.5257,Indiana Pacers,2008-2015,Indiana Pacers_2011,0.0,0.3872,0.9922,0.0,0.0,0.0,1.3426,0.0,0.8461,0.0,0.0,0.3224,1.0796,0.03
2011,1610612755,91.707,0.2909,0.2345,0.2904,0.0466,0.1375,0.2732,0.5955,0.272,0.1395,0.0816,0.0466,0.364,0.5249,0.1842,106.5346,105.0723,1.4623,15231.0,PHI,-0.0827,-0.704,1.1432,0.8549,-0.9222,-0.7085,-0.9796,0.5729,-1.0369,0.3002,-0.9246,1.3996,-0.8986,Philadelphia 76ers,2008-2015,Philadelphia 76ers_2011,0.0,1.1251,0.7287,0.2796,0.0,0.0,0.0,0.0,1.5097,0.0,0.0,0.5361,0.7865,0.0343
2011,1610612756,94.2484,0.2823,0.2028,0.2436,0.0731,0.1983,0.2833,0.6042,0.2706,0.1488,0.0694,0.0454,0.3412,0.4464,0.2713,109.6384,110.5116,-0.8732,15712.0,PHX,1.029,-0.9676,0.0577,-0.6284,0.6886,1.2182,-0.6119,0.8472,-1.0949,-1.1966,-1.1172,-0.4211,1.1921,Phoenix Suns,2008-2015,Phoenix Suns_2011,0.0,0.3537,1.0307,0.0639,0.0,0.0,0.6806,0.0,1.1116,0.0,0.0,0.7499,1.0092,0.0004
2011,1610612757,88.0929,0.3176,0.2003,0.2543,0.0744,0.1534,0.2781,0.5883,0.3183,0.1472,0.0908,0.0493,0.3302,0.4546,0.2278,108.5958,106.9207,1.675,14539.0,POR,-1.6637,0.117,-0.027,-0.2895,0.7708,-0.2068,-0.8019,0.3446,0.9383,1.4254,-0.512,-0.2302,0.1469,Portland Trail Blazers,2008-2015,Portland Trail Blazers_2011,0.0,0.8055,0.9358,0.3526,0.0,0.0,0.3801,0.0,1.0286,0.1114,0.0,0.2414,1.1026,0.0422
2011,1610612758,94.755,0.3234,0.2215,0.2721,0.0536,0.1294,0.2839,0.5345,0.3332,0.1691,0.0775,0.0498,0.3422,0.4936,0.183,104.073,109.4698,-5.3968,15678.0,SAC,1.2506,0.2942,0.6986,0.2746,-0.4983,-0.9672,-0.5924,-1.3511,1.5744,-0.2023,-0.4206,0.6738,-0.9274,Sacramento Kings,2008-2015,Sacramento Kings_2011,0.0,0.923,0.6645,0.1267,0.0,0.0,0.9231,0.0,1.1767,0.0,0.0,0.3937,0.7845,0.0077
2011,1610612759,92.4813,0.2984,0.2301,0.2109,0.0991,0.1614,0.2992,0.5832,0.2776,0.1444,0.079,0.0489,0.3663,0.441,0.2606,111.3994,105.5439,5.8555,15244.0,SAS,0.256,-0.4722,0.9918,-1.6617,2.2779,0.0495,-0.0365,0.1856,-0.7976,-0.0235,-0.5732,-0.5455,0.9337,San Antonio Spurs,2008-2015,San Antonio Spurs_2011,0.0,0.548,1.2713,0.3456,0.0,0.0,0.6264,0.0,0.5386,0.0,0.0,0.0373,1.5958,0.0372
2011,1610612760,92.9288,0.3221,0.189,0.2766,0.0413,0.171,0.3631,0.5453,0.2989,0.1494,0.0844,0.0629,0.3582,0.4656,0.2123,111.0021,106.9308,4.0712,15492.0,OKC,0.4518,0.2555,-0.4156,0.4167,-1.2471,0.3522,2.2818,-1.0084,0.1121,0.6432,1.6395,0.0238,-0.2243,Oklahoma City Thunder,2008-2015,Oklahoma City Thunder_2011,0.0,0.0,1.0123,0.3112,0.0,0.0,1.131,0.0,0.767,0.0,0.0,1.518,0.1964,0.0641
2011,1610612761,92.7449,0.357,0.1825,0.2999,0.0377,0.1229,0.2919,0.5702,0.313,0.1579,0.0763,0.0457,0.3331,0.4823,0.1606,106.378,112.9236,-6.5456,15234.0,TOR,0.3713,1.3268,-0.6393,1.1538,-1.4665,-1.1724,-0.3019,-0.2235,0.7156,-0.3471,-1.0739,0.4122,-1.4635,Toronto Raptors,2008-2015,Toronto Raptors_2011,0.0,0.599,0.8921,0.1059,0.0,0.0,0.8692,0.0,1.5281,0.326,0.0,0.6296,0.0058,0.0441
2011,1610612762,90.9779,0.3349,0.208,0.2665,0.0367,0.1539,0.3127,0.627,0.306,0.1559,0.0835,0.0642,0.3362,0.4745,0.1906,108.173,110.1924,-2.0194,15072.0,UTA,-0.4017,0.6473,0.237,0.0962,-1.5266,-0.1906,0.4551,1.5636,0.4157,0.5293,1.8576,0.2308,-0.7448,Utah Jazz,2008-2015,Utah Jazz_2011,0.0,1.3983,1.0312,0.1497,0.0,0.0,0.2262,0.0,0.4948,0.1164,0.0,0.9871,0.5314,0.0649
2011,1610612763,91.3944,0.3538,0.2657,0.2444,0.0375,0.0987,0.2913,0.5284,0.3335,0.1513,0.1017,0.0582,0.3374,0.5101,0.1362,108.3708,105.5944,2.7764,15141.0,MEM,-0.2195,1.2265,2.2114,-0.6029,-1.4795,-1.942,-0.3231,-1.5409,1.5897,2.7599,0.9009,1.055,-2.0506,Memphis Grizzlies,2008-2015,Memphis Grizzlies_2011,0.0,0.6797,1.0231,0.4067,0.0,0.0,0.721,0.0,1.1512,0.0935,0.0,0.7762,0.1378,0.0107
2011,1610612764,93.494,0.3149,0.2086,0.3063,0.0526,0.1175,0.2886,0.5235,0.3125,0.1615,0.0859,0.065,0.3314,0.515,0.1701,102.8285,110.1905,-7.362,15336.0,WAS,0.699,0.0324,0.2574,1.3584,-0.5585,-1.343,-0.4214,-1.6961,0.6912,0.82,1.9755,1.1689,-1.2353,Washington Wizards,2008-2015,Washington Wizards_2011,0.0,0.5466,1.2463,0.5408,0.0,0.0,0.5256,0.0,0.734,0.5498,0.0,0.0305,0.5779,0.2487
2011,1610612765,88.8048,0.3289,0.201,0.2812,0.0707,0.1182,0.2789,0.5661,0.3141,0.1452,0.0808,0.0445,0.3251,0.4822,0.189,108.2358,111.9468,-3.711,14712.0,DET,-1.3522,0.4622,-0.0044,0.5619,0.5454,-1.3206,-0.771,-0.3541,0.7617,0.1992,-1.26,0.4084,-0.784,Detroit Pistons,2008-2015,Detroit Pistons_2011,0.0,0.0,0.8373,0.0,0.0,0.0,1.0421,0.0,1.9729,0.3032,0.0,0.0,0.8445,0.0
2011,1610612766,89.3037,0.3667,0.1661,0.2782,0.0356,0.1534,0.3128,0.6017,0.2894,0.1619,0.0712,0.0584,0.3588,0.4443,0.189,103.82,108.2054,-4.3854,14717.0,CHA,-1.134,1.6246,-1.1979,0.4664,-1.5976,-0.2055,0.4561,0.769,-0.2915,-0.9729,0.9371,-0.4691,-0.784,Charlotte Bobcats,2008-2015,Charlotte Bobcats_2011,0.0,0.2189,0.7482,0.436,0.0,0.0,0.6432,0.0,1.3433,0.1419,0.0,1.1789,0.2422,0.0473
2012,1610612737,89.8757,0.3061,0.1623,0.2829,0.0868,0.1619,0.259,0.6097,0.2706,0.1524,0.0884,0.05,0.365,0.4452,0.2487,105.4765,101.4019,4.0746,12107.0,ATL,-0.8181,-0.4799,-0.9726,0.5758,1.6774,-0.0908,-0.5912,0.9302,-1.126,0.5321,-0.6279,-0.1377,0.52,Atlanta Hawks,2008-2015,Atlanta Hawks_2012,0.0,0.7231,0.8901,0.0935,0.0,0.0,0.793,0.0,1.0006,0.0,0.0,0.4646,0.9036,0.1315
2012,1610612738,90.1656,0.305,0.1656,0.3352,0.0633,0.1309,0.2572,0.6651,0.2291,0.1631,0.0833,0.0606,0.3695,0.5008,0.1943,101.0165,98.6613,2.3552,11977.0,BOS,-0.6473,-0.5149,-0.876,1.7665,0.1688,-1.0153,-0.6539,2.4234,-2.677,-0.0101,0.6097,0.8974,-0.7089,Boston Celtics,2008-2015,Boston Celtics_2012,0.0,0.5801,0.7271,0.6783,0.0,0.0,0.5658,0.0,0.6594,0.0499,0.0,0.7389,0.9868,0.0135
2012,1610612739,91.3699,0.3588,0.2043,0.1994,0.0584,0.1791,0.3069,0.5785,0.3278,0.1676,0.0765,0.043,0.3464,0.4037,0.2375,101.2032,108.6385,-7.4353,12156.0,CLE,0.0621,1.1362,0.2764,-1.3236,-0.1474,0.4217,1.0808,0.0888,1.0121,-0.7373,-1.439,-0.9103,0.2673,Cleveland Cavaliers,2008-2015,Cleveland Cavaliers_2012,0.0,0.6816,0.9951,0.0919,0.0,0.0,0.9436,0.0,0.1401,0.2168,0.0,0.9913,0.7676,0.1719
2012,1610612740,88.323,0.3149,0.2393,0.2939,0.0418,0.11,0.2743,0.5948,0.302,0.1749,0.0831,0.0536,0.3636,0.5332,0.1519,100.8541,105.1895,-4.3354,11712.0,NOH,-1.7327,-0.2088,1.3176,0.8262,-1.212,-1.6398,-0.0578,0.5273,0.0448,-0.0314,-0.2045,1.5012,-1.666,New Orleans Hornets,2008-2015,New Orleans Hornets_2012,0.0,0.7419,1.0342,0.2956,0.0,0.0,0.8699,0.0,0.0,0.0,0.0,1.1225,0.6161,0.3198
2012,1610612741,89.0063,0.3308,0.165,0.2997,0.0546,0.1499,0.2552,0.619,0.3609,0.1561,0.0771,0.0656,0.3928,0.4647,0.2045,107.5609,98.4436,9.1173,11823.0,CHI,-1.3302,0.279,-0.8936,0.9581,-0.3942,-0.4484,-0.7222,1.1797,2.2487,-0.6718,1.2011,0.2246,-0.4776,Chicago Bulls,2008-2015,Chicago Bulls_2012,0.0,0.6141,0.8017,0.0,0.0,0.0,1.0144,0.0,1.1116,0.2965,0.0,0.6682,0.4561,0.0376
2012,1610612742,91.4136,0.2668,0.2291,0.2336,0.0623,0.2082,0.2465,0.5755,0.2631,0.1512,0.0924,0.0551,0.376,0.4627,0.2705,103.25,102.3549,0.8952,12238.0,DAL,0.0879,-1.6851,1.015,-0.5473,0.1018,1.2911,-1.0267,0.0072,-1.4077,0.9588,-0.0283,0.1876,1.0126,Dallas Mavericks,2008-2015,Dallas Mavericks_2012,0.0,0.597,1.2078,0.0685,0.0,0.0,0.2487,0.0,1.7404,0.7052,0.0,0.3152,0.0897,0.0275
2012,1610612743,94.0249,0.4386,0.1634,0.1554,0.0772,0.1654,0.3253,0.6147,0.3185,0.1619,0.0859,0.0525,0.3579,0.3188,0.2426,109.4093,106.2828,3.1265,12568.0,DEN,1.6262,3.5845,-0.9401,-2.3248,1.0601,0.0137,1.7231,1.0645,0.6628,0.2634,-0.3344,-2.4915,0.3824,Denver Nuggets,2008-2015,Denver Nuggets_2012,0.0,0.2579,1.2774,0.0,0.0,0.0,0.4605,0.0,0.421,0.603,0.0,1.036,0.8768,0.0676
2012,1610612744,92.6296,0.2954,0.1813,0.275,0.0693,0.1789,0.2269,0.5906,0.2522,0.149,0.0859,0.0589,0.3402,0.4564,0.2482,105.0806,108.6914,-3.6108,12285.0,GSW,0.8042,-0.8073,-0.4065,0.3966,0.5518,0.4169,-1.7102,0.4148,-1.8152,0.2683,0.4164,0.0701,0.5091,Golden State Warriors,2008-2015,Golden State Warriors_2012,0.0,0.6661,0.9097,0.0,0.0,0.0,0.506,0.0,0.9356,0.2886,0.0,0.3522,1.2412,0.1006
2012,1610612745,91.9216,0.2905,0.2315,0.2381,0.07,0.1699,0.2347,0.5641,0.297,0.1551,0.0805,0.0519,0.3518,0.4696,0.2399,105.1486,105.0415,0.1071,12306.0,HOU,0.3871,-0.9597,1.0847,-0.443,0.599,0.1483,-1.4377,-0.3001,-0.1413,-0.3129,-0.4057,0.3166,0.3224,Houston Rockets,2008-2015,Houston Rockets_2012,0.0,1.1051,1.114,0.0,0.0,0.0,0.7304,0.0,0.3981,0.0076,0.0,0.567,0.9478,0.13
2012,1610612746,88.8218,0.3034,0.1521,0.276,0.0796,0.189,0.2864,0.5679,0.3256,0.1487,0.0941,0.0534,0.3545,0.4281,0.2685,108.7684,106.2903,2.4781,11817.0,LAC,-1.4389,-0.5628,-1.2771,0.4185,1.2151,0.716,0.3667,-0.1984,0.9277,1.141,-0.2271,-0.457,0.9681,Los Angeles Clippers,2008-2015,Los Angeles Clippers_2012,0.0,0.7878,0.8255,0.2916,0.0,0.0,0.0305,0.0,0.8143,0.795,0.0,0.0,1.4249,0.0305
2012,1610612747,90.592,0.3014,0.2422,0.2474,0.0605,0.1485,0.2987,0.6114,0.3204,0.1644,0.0643,0.0578,0.398,0.4896,0.2091,105.9736,104.2848,1.6888,12128.0,LAL,-0.3961,-0.6248,1.4026,-0.2319,-0.0096,-0.4908,0.7961,0.9746,0.7343,-2.0481,0.2909,0.6885,-0.3747,Los Angeles Lakers,2008-2015,Los Angeles Lakers_2012,0.0,0.7589,0.9525,0.0204,0.0,0.0,0.9016,0.0,0.8284,0.0,0.0,1.1095,0.3719,0.0568
2012,1610612748,91.1222,0.3344,0.2011,0.2669,0.0672,0.1305,0.3066,0.5384,0.2954,0.1644,0.0961,0.0583,0.363,0.468,0.1976,106.6623,100.3122,6.3501,12180.0,MIA,-0.0838,0.3892,0.1807,0.2112,0.416,-1.0296,1.0703,-0.9917,-0.2017,1.3572,0.3476,0.286,-0.633,Miami Heat,2008-2015,Miami Heat_2012,0.0,0.6878,0.9613,0.4901,0.0,0.0,0.1057,0.0,1.2453,0.4198,0.0,0.0985,0.8982,0.0933
2012,1610612749,93.8519,0.3365,0.1773,0.2624,0.0573,0.1665,0.25,0.6195,0.3076,0.15,0.0884,0.054,0.3448,0.4397,0.2238,105.2674,105.1129,0.1545,12408.0,MIL,1.5242,0.4535,-0.527,0.1088,-0.2163,0.0452,-0.9043,1.1941,0.256,0.5302,-0.1542,-0.241,-0.0417,Milwaukee Bucks,2008-2015,Milwaukee Bucks_2012,0.0,1.1403,1.0766,0.1752,0.0,0.0,0.223,0.0,0.8069,0.198,0.0,0.3191,0.9373,0.1235
2012,1610612750,93.5533,0.3349,0.1792,0.224,0.0681,0.1938,0.3057,0.5478,0.3098,0.1613,0.0701,0.0471,0.3612,0.4032,0.2619,104.0734,106.3224,-2.249,12427.0,MIN,1.3484,0.4048,-0.4687,-0.7656,0.4763,0.8596,1.0377,-0.7399,0.3391,-1.4205,-0.9594,-0.9202,0.8175,Minnesota Timberwolves,2008-2015,Minnesota Timberwolves_2012,0.0,0.8375,1.3158,0.0,0.0,0.0,0.5387,0.0,0.3418,0.0,0.0,0.4472,1.3981,0.1209
2012,1610612751,90.4193,0.2879,0.1648,0.2707,0.0787,0.1979,0.2652,0.5808,0.3104,0.1669,0.0829,0.0436,0.3397,0.4355,0.2766,102.9172,109.0061,-6.0889,11792.0,NJN,-0.4978,-1.0393,-0.8985,0.2984,1.1577,0.9838,-0.3742,0.1507,0.36,-0.0524,-1.3735,-0.3184,1.1506,New Jersey Nets,2008-2015,New Jersey Nets_2012,0.0,0.6834,1.1376,0.2911,0.0,0.0,0.2034,0.0,0.7734,0.3939,0.0,0.1828,0.9782,0.3562
2012,1610612752,92.9435,0.3477,0.1436,0.2204,0.0716,0.2167,0.3063,0.5615,0.3044,0.1709,0.1008,0.0447,0.353,0.364,0.2883,104.5322,101.2808,3.2514,12346.0,NYK,0.9891,0.7967,-1.5296,-0.8459,0.7023,1.543,1.0591,-0.3691,0.1349,1.8619,-1.2383,-1.6501,1.4139,New York Knicks,2008-2015,New York Knicks_2012,0.0,0.4851,1.2212,0.0,0.0,0.0,0.0,0.0,0.8866,0.6814,0.0,0.9956,0.6887,0.0414
2012,1610612753,88.8819,0.321,0.1532,0.18,0.0775,0.2683,0.2921,0.5807,0.3065,0.1665,0.0763,0.0465,0.3718,0.3332,0.3458,105.143,104.2103,0.9326,11825.0,ORL,-1.4035,-0.0226,-1.2424,-1.7666,1.081,3.0834,0.5656,0.1468,0.2159,-0.7664,-1.0337,-2.2239,2.7123,Orlando Magic,2008-2015,Orlando Magic_2012,0.0,0.4397,1.4929,0.1751,0.0,0.0,0.0,0.0,0.1468,0.6475,0.0,0.0,1.9393,0.1586
2012,1610612754,90.7692,0.3185,0.2454,0.2381,0.0571,0.1408,0.3206,0.5217,0.3257,0.153,0.0865,0.0591,0.3658,0.4835,0.198,106.5774,103.094,3.4834,12095.0,IND,-0.2917,-0.0989,1.4991,-0.4429,-0.2297,-0.7202,1.5572,-1.4437,0.9325,0.3319,0.4336,0.5761,-0.6255,Indiana Pacers,2008-2015,Indiana Pacers_2012,0.0,1.0476,0.9077,0.0,0.0,0.0,0.8744,0.0,1.178,0.0,0.0,0.943,0.0,0.0493
2012,1610612755,89.7568,0.269,0.248,0.3084,0.0368,0.1378,0.2172,0.588,0.2713,0.1242,0.0882,0.057,0.383,0.5564,0.1746,103.9879,98.9767,5.0112,11904.0,PHI,-0.8881,-1.617,1.5768,1.1553,-1.5365,-0.8114,-2.049,0.3453,-1.1027,0.5145,0.1966,1.933,-1.1531,Philadelphia 76ers,2008-2015,Philadelphia 76ers_2012,0.0,2.1763,0.687,0.2838,0.0,0.0,0.0,0.0,0.5319,0.0,0.0,0.7356,0.5206,0.0648
2012,1610612756,92.4848,0.283,0.1998,0.2793,0.0584,0.1794,0.2564,0.5956,0.2905,0.1521,0.0705,0.0599,0.3583,0.4792,0.2378,106.5135,106.4616,0.0519,12208.0,PHX,0.7189,-1.1881,0.1433,0.4946,-0.1469,0.4314,-0.6816,0.5494,-0.3835,-1.3816,0.5276,0.4945,0.2748,Phoenix Suns,2008-2015,Phoenix Suns_2012,0.0,1.2164,1.0682,0.0,0.0,0.0,0.276,0.0,1.1199,0.0,0.0,0.1515,1.168,0.0
2012,1610612757,91.1669,0.3247,0.1612,0.259,0.0796,0.1756,0.2627,0.5616,0.2896,0.1538,0.0872,0.0532,0.3471,0.4202,0.2551,105.6315,106.605,-0.9735,12129.0,POR,-0.0574,0.0915,-1.0066,0.0318,1.2144,0.3158,-0.4615,-0.3666,-0.4192,0.4018,-0.2549,-0.6043,0.6652,Portland Trail Blazers,2008-2015,Portland Trail Blazers_2012,0.0,0.8072,0.8542,0.2519,0.0,0.0,0.4582,0.0,0.505,0.1721,0.0,0.5217,1.428,0.0017
2012,1610612758,94.673,0.3655,0.2027,0.204,0.0632,0.1646,0.2682,0.5104,0.3203,0.1518,0.0893,0.0514,0.3319,0.4067,0.2278,103.9388,109.6738,-5.7351,12556.0,SAC,2.0079,1.3442,0.23,-1.2208,0.1617,-0.0122,-0.2691,-1.7463,0.7299,0.6236,-0.4625,-0.8552,0.0476,Sacramento Kings,2008-2015,Sacramento Kings_2012,0.0,0.8145,1.3195,0.0,0.0,0.0,0.8378,0.0,0.5608,0.0,0.0,0.1571,1.2467,0.0636
2012,1610612759,92.817,0.3151,0.2214,0.2064,0.083,0.1741,0.2613,0.5852,0.2856,0.1451,0.0796,0.0476,0.3739,0.4278,0.2571,110.8752,103.4108,7.4645,12327.0,SAS,0.9146,-0.2023,0.785,-1.1658,1.4324,0.2736,-0.5098,0.2697,-0.5664,-0.4109,-0.9066,-0.4627,0.7097,San Antonio Spurs,2008-2015,San Antonio Spurs_2012,0.0,0.5067,0.8514,0.0,0.0,0.0,0.7779,0.0,0.6216,0.0,0.0,0.6116,1.4452,0.1856
2012,1610612760,93.1782,0.3266,0.1838,0.2377,0.0484,0.2035,0.3335,0.4972,0.3086,0.1735,0.0804,0.087,0.3734,0.4215,0.2519,109.3745,103.2435,6.131,12416.0,OKC,1.1274,0.1505,-0.3337,-0.4526,-0.7914,1.149,2.0095,-2.1044,0.2941,-0.3278,3.6923,-0.5794,0.5916,Oklahoma City Thunder,2008-2015,Oklahoma City Thunder_2012,0.0,0.0,1.6173,0.0,0.0,0.0,1.7216,0.0,0.804,0.0548,0.0,0.3359,0.4203,0.0462
2012,1610612761,89.1901,0.3027,0.1702,0.3186,0.0514,0.1572,0.2736,0.6093,0.2831,0.1688,0.0723,0.0541,0.3705,0.4887,0.2086,100.9444,104.5148,-3.5705,11866.0,TOR,-1.2219,-0.5848,-0.7389,1.3877,-0.5964,-0.2332,-0.0819,0.9203,-0.6607,-1.1928,-0.149,0.6732,-0.3857,Toronto Raptors,2008-2015,Toronto Raptors_2012,0.0,0.0,0.8502,0.0,0.0,0.0,1.2146,0.0,1.5361,0.1143,0.0,0.494,0.4775,0.3134
2012,1610612762,91.494,0.3446,0.2547,0.2479,0.0304,0.1224,0.3014,0.5704,0.3324,0.1519,0.0885,0.0625,0.357,0.5026,0.1528,106.631,106.1556,0.4754,12325.0,UTA,0.1352,0.7016,1.7773,-0.2214,-1.95,-1.2703,0.8886,-0.131,1.184,0.5441,0.838,0.9316,-1.6455,Utah Jazz,2008-2015,Utah Jazz_2012,0.0,1.2897,1.017,0.0,0.0,0.0,0.6928,0.0,1.5821,0.0689,0.0,0.0,0.3398,0.0097
2012,1610612763,90.8281,0.3309,0.2429,0.2696,0.0369,0.1197,0.2774,0.532,0.3297,0.1586,0.1044,0.0571,0.3455,0.5125,0.1566,104.1016,101.539,2.5627,12065.0,MEM,-0.257,0.2804,1.4249,0.2739,-1.5311,-1.351,0.0512,-1.1662,1.0799,2.2442,0.2029,1.1164,-1.5595,Memphis Grizzlies,2008-2015,Memphis Grizzlies_2012,0.0,1.3847,0.8903,0.3557,0.0,0.0,0.0,0.0,1.3183,0.0653,0.0,0.8699,0.0,0.1157
2012,1610612764,92.5206,0.3293,0.1995,0.2749,0.0595,0.1368,0.253,0.5228,0.2986,0.1645,0.0862,0.0682,0.3469,0.4743,0.1963,100.9804,106.2991,-5.3187,12232.0,WAS,0.74,0.2325,0.1324,0.3933,-0.0735,-0.8406,-0.8007,-1.4135,-0.0812,0.2989,1.503,0.4048,-0.6618,Washington Wizards,2008-2015,Washington Wizards_2012,0.0,0.0867,0.9975,0.1977,0.0,0.0,0.7615,0.0,0.946,0.6953,0.0,0.4509,0.6063,0.2582
2012,1610612765,89.2502,0.3536,0.2068,0.2645,0.0445,0.1305,0.2792,0.5378,0.3155,0.1738,0.0775,0.0468,0.3408,0.4713,0.1751,100.9936,106.3511,-5.3575,11874.0,DET,-1.1865,0.9774,0.3511,0.1575,-1.0391,-1.0274,0.1159,-1.0098,0.552,-0.6345,-0.9948,0.3488,-1.142,Detroit Pistons,2008-2015,Detroit Pistons_2012,0.0,0.0,0.9474,0.7495,0.0,0.0,0.6979,0.0,1.7916,0.2975,0.0,0.4571,0.0,0.0591
2012,1610612766,90.8874,0.3144,0.1585,0.3586,0.0274,0.1411,0.2762,0.6047,0.2706,0.1592,0.0659,0.0599,0.3418,0.5171,0.1685,95.475,110.508,-15.033,12035.0,CHA,-0.2221,-0.2258,-1.0854,2.2979,-2.1417,-0.7115,0.0102,0.7937,-1.1259,-1.8736,0.534,1.2013,-1.2899,Charlotte Bobcats,2008-2015,Charlotte Bobcats_2012,0.0,0.0,1.0107,1.1233,0.0,0.0,0.5569,0.0,0.9993,0.0,0.0,0.8553,0.4159,0.0386
2013,1610612737,92.4425,0.308,0.17,0.2361,0.0785,0.2074,0.2435,0.651,0.2511,0.1594,0.087,0.0484,0.3622,0.4061,0.2859,105.0785,104.4698,0.6087,15269.0,ATL,0.2386,-0.4909,-0.6778,-0.0961,0.606,0.9974,-0.8032,2.0466,-1.4604,0.3384,-0.7506,-0.4332,1.0168,Atlanta Hawks,2008-2015,Atlanta Hawks_2013,0.0,1.5539,1.3954,0.0,0.0,0.0,0.2809,0.0,0.0735,0.0,0.0,0.359,1.3374,0.0
2013,1610612738,91.5786,0.3141,0.1702,0.3005,0.0745,0.1407,0.2627,0.6141,0.2287,0.1561,0.0881,0.0482,0.3605,0.4707,0.2152,103.2215,103.5549,-0.3334,15141.0,BOS,-0.1869,-0.3296,-0.672,1.464,0.3896,-1.1424,-0.236,0.6777,-2.1637,0.4711,-0.7648,0.7444,-0.6789,Boston Celtics,2008-2015,Boston Celtics_2013,0.0,0.5006,0.5129,0.5633,0.0,0.0,0.2209,0.0,1.1444,0.2973,0.0,0.647,1.0217,0.0921
2013,1610612739,92.2413,0.3195,0.2223,0.2291,0.0503,0.1788,0.2646,0.566,0.3206,0.1515,0.0854,0.0441,0.3364,0.4514,0.2291,104.3106,109.4591,-5.1485,15166.0,CLE,0.1395,-0.1878,1.1146,-0.2667,-0.9055,0.0807,-0.181,-1.11,0.7326,0.1374,-1.2108,0.3927,-0.3455,Cleveland Cavaliers,2008-2015,Cleveland Cavaliers_2013,0.0,0.4112,0.7033,0.622,0.0,0.0,0.6476,0.0,0.7279,0.0,0.0,0.9885,0.829,0.0705
2013,1610612740,88.4894,0.3421,0.2193,0.2149,0.0404,0.1833,0.2483,0.5824,0.3239,0.1637,0.0713,0.0603,0.3504,0.4342,0.2237,105.8452,110.0438,-4.1986,14586.0,NOH,-1.7082,0.4069,1.0124,-0.6107,-1.4363,0.226,-0.6624,-0.5004,0.8354,-1.55,0.5238,0.0793,-0.4749,New Orleans Hornets,2008-2015,New Orleans Hornets_2013,0.0,0.4717,1.3672,0.2569,0.0,0.0,1.228,0.0,0.3278,0.0511,0.0,0.1854,1.1106,0.0013
2013,1610612741,89.3071,0.3365,0.1807,0.294,0.0437,0.1451,0.2595,0.6446,0.3269,0.1585,0.0797,0.0565,0.3676,0.4746,0.1889,103.5226,103.2262,0.2963,14758.0,CHI,-1.3055,0.2602,-0.3122,1.3055,-1.2556,-1.0015,-0.3321,1.8081,0.9299,-0.5385,0.1215,0.8166,-1.311,Chicago Bulls,2008-2015,Chicago Bulls_2013,0.0,0.6413,1.0724,0.0,0.0,0.0,1.1497,0.0,1.0136,0.0003,0.0,0.5724,0.5418,0.0084
2013,1610612742,93.9236,0.2703,0.2444,0.2498,0.0555,0.1799,0.2421,0.5989,0.2453,0.1461,0.0829,0.0575,0.3635,0.4943,0.2354,106.117,106.6752,-0.5583,15603.0,DAL,0.968,-1.4842,1.8737,0.2355,-0.6236,0.1148,-0.8448,0.111,-1.6406,-0.157,0.2284,1.1749,-0.1937,Dallas Mavericks,2008-2015,Dallas Mavericks_2013,0.0,1.2239,1.0328,0.0,0.0,0.0,0.2871,0.0,1.6886,0.1165,0.0,0.1591,0.3967,0.0952
2013,1610612743,94.8606,0.4563,0.1761,0.1502,0.0763,0.1411,0.3076,0.5996,0.3488,0.1593,0.0968,0.0677,0.3551,0.3264,0.2174,110.6534,105.312,5.3415,15735.0,DEN,1.4294,3.4154,-0.4667,-2.1782,0.4892,-1.132,1.0886,0.1375,1.6206,1.5108,1.3195,-1.8884,-0.6266,Denver Nuggets,2008-2015,Denver Nuggets_2013,0.0,0.0,1.172,0.0,0.0,0.0,1.0978,0.0,0.0,0.4502,0.0,1.6888,0.5767,0.0144
2013,1610612744,94.6306,0.2732,0.2129,0.2753,0.0556,0.183,0.255,0.5895,0.2782,0.1583,0.0726,0.0443,0.3791,0.4882,0.2386,106.2636,105.2746,0.989,15618.0,GSW,1.3162,-1.4071,0.7917,0.8529,-0.6232,0.2165,-0.4652,-0.2385,-0.6058,-1.39,-1.1858,1.0637,-0.1175,Golden State Warriors,2008-2015,Golden State Warriors_2013,0.0,1.2017,1.3465,0.0,0.0,0.0,0.2142,0.0,0.1462,0.4031,0.0,0.9352,0.7412,0.0118
2013,1610612745,96.1031,0.3857,0.1424,0.1225,0.1026,0.2467,0.3077,0.6088,0.3007,0.1701,0.0858,0.0454,0.3589,0.265,0.3493,109.6278,106.1521,3.4757,15841.0,HOU,2.0413,1.5569,-1.6217,-2.8493,1.8973,2.2606,1.0922,0.4812,0.1049,0.1876,-1.0731,-3.0087,2.5393,Houston Rockets,2008-2015,Houston Rockets_2013,0.0,0.0,1.8477,0.3098,0.0,0.0,0.1174,0.0,0.0,0.8994,0.0,0.5027,1.2445,0.0785
2013,1610612746,90.7876,0.3296,0.171,0.2343,0.091,0.1742,0.2856,0.6196,0.3231,0.1602,0.1052,0.0619,0.3552,0.4053,0.2651,110.86,104.1611,6.6989,14927.0,LAC,-0.5764,0.0779,-0.6427,-0.1415,1.2721,-0.068,0.4379,0.8817,0.8102,2.5157,0.6936,-0.4488,0.5193,Los Angeles Clippers,2008-2015,Los Angeles Clippers_2013,0.0,0.6565,0.9977,0.1091,0.0,0.0,0.4111,0.0,0.571,0.8521,0.0,0.5256,0.8752,0.0017
2013,1610612747,94.0805,0.3236,0.1774,0.1955,0.0821,0.2214,0.3446,0.5978,0.3156,0.1593,0.0743,0.0554,0.3745,0.3729,0.3035,108.3096,106.9161,1.3935,15488.0,LAL,1.0452,-0.079,-0.4233,-1.0813,0.7971,1.4481,2.1802,0.0725,0.5756,-1.1827,-0.0038,-1.0395,1.4391,Los Angeles Lakers,2008-2015,Los Angeles Lakers_2013,0.0,0.4183,0.8864,0.0,0.0,0.0,0.169,0.0,0.7656,0.6829,0.0,0.3459,1.6781,0.0538
2013,1610612748,90.2535,0.3207,0.1634,0.2309,0.1129,0.172,0.2973,0.6004,0.2537,0.1528,0.095,0.059,0.3556,0.3943,0.285,112.7657,104.2832,8.4824,14952.0,MIA,-0.8394,-0.1558,-0.9048,-0.222,2.4501,-0.1374,0.7832,0.1672,-1.3755,1.2952,0.3889,-0.6489,0.9954,Miami Heat,2008-2015,Miami Heat_2013,0.0,0.6164,0.9178,0.3569,0.0,0.0,0.142,0.0,1.3346,0.1538,0.0,0.0071,1.4375,0.0339
2013,1610612749,94.711,0.351,0.1752,0.2418,0.057,0.1751,0.2362,0.5997,0.3079,0.1477,0.0875,0.0703,0.348,0.417,0.232,103.6034,105.1885,-1.5851,15651.0,MIL,1.3558,0.6413,-0.4986,0.0404,-0.5475,-0.0394,-1.0191,0.1436,0.3327,0.3986,1.5924,-0.2351,-0.2748,Milwaukee Bucks,2008-2015,Milwaukee Bucks_2013,0.0,0.5963,1.7259,0.0,0.0,0.0,1.2551,0.0,0.0,0.0,0.0,0.606,0.7609,0.0557
2013,1610612750,92.8981,0.3581,0.1544,0.2674,0.0513,0.1688,0.3045,0.6239,0.3144,0.1592,0.0916,0.0507,0.3446,0.4218,0.2201,102.8425,105.301,-2.4585,15274.0,MIN,0.4629,0.829,-1.2107,0.6612,-0.8496,-0.2423,0.998,1.0389,0.5378,0.8871,-0.5062,-0.1468,-0.5618,Minnesota Timberwolves,2008-2015,Minnesota Timberwolves_2013,0.0,0.4863,1.335,0.812,0.0,0.0,0.4937,0.0,0.6291,0.1118,0.0,0.5153,0.2896,0.3272
2013,1610612751,88.8925,0.3117,0.2231,0.1962,0.0961,0.1728,0.2992,0.567,0.3451,0.1639,0.0815,0.0532,0.3581,0.4193,0.2689,107.9935,106.0664,1.9271,14708.0,BKN,-1.5097,-0.3929,1.1426,-1.0637,1.5489,-0.1115,0.8407,-1.0739,1.5037,-0.327,-0.236,-0.1924,0.6109,Brooklyn Nets,2008-2015,Brooklyn Nets_2013,0.0,0.9561,0.7801,0.0,0.0,0.0,0.301,0.0,0.8901,0.4895,0.0,0.5224,1.0003,0.0606
2013,1610612752,89.8267,0.3063,0.1091,0.2301,0.0858,0.2687,0.2585,0.527,0.2819,0.1338,0.0911,0.0399,0.3536,0.3392,0.3545,110.8466,106.4271,4.4195,14769.0,NYK,-1.0497,-0.5355,-2.7629,-0.2429,0.997,2.9661,-0.3615,-2.5565,-0.4886,0.8268,-1.6596,-1.6539,2.663,New York Knicks,2008-2015,New York Knicks_2013,0.0,0.0747,0.9043,0.0995,0.0,0.0,0.2334,0.0,1.3068,0.5502,0.0,0.2985,1.4039,0.1288
2013,1610612753,91.9647,0.3163,0.2056,0.2556,0.052,0.1705,0.1967,0.605,0.2834,0.157,0.0697,0.0473,0.3644,0.4611,0.2225,101.8355,109.2544,-7.4189,15137.0,ORL,0.0032,-0.272,0.5416,0.3752,-0.8112,-0.1868,-2.1848,0.3381,-0.44,-1.7391,-0.8616,0.5708,-0.5031,Orlando Magic,2008-2015,Orlando Magic_2013,0.0,1.4697,0.7835,0.0,0.0,0.0,0.3094,0.0,1.0079,0.0,0.0,0.8782,0.4766,0.0747
2013,1610612754,89.9234,0.307,0.2234,0.2245,0.0633,0.1818,0.2935,0.5782,0.3332,0.1675,0.0789,0.0698,0.3865,0.448,0.2451,104.6645,100.0,4.6645,14680.0,IND,-1.002,-0.5184,1.1544,-0.3776,-0.2087,0.1754,0.6719,-0.6562,1.1275,-0.6311,1.5419,0.3304,0.0375,Indiana Pacers,2008-2015,Indiana Pacers_2013,0.0,0.6259,1.0328,0.1015,0.0,0.0,1.2527,0.0,0.7588,0.0,0.0,0.7604,0.4331,0.0349
2013,1610612755,90.9704,0.2988,0.1912,0.3015,0.065,0.1436,0.1997,0.6103,0.2815,0.1429,0.0813,0.0513,0.3579,0.4927,0.2086,102.0435,105.675,-3.6314,14976.0,PHI,-0.4864,-0.7346,0.0477,1.4885,-0.1188,-1.0509,-2.0966,0.5367,-0.4993,-0.3456,-0.4399,1.1461,-0.8384,Philadelphia 76ers,2008-2015,Philadelphia 76ers_2013,0.0,0.5649,0.8381,0.4136,0.0,0.0,0.1373,0.0,1.4077,0.0677,0.0,0.6694,0.8647,0.0367
2013,1610612756,93.5279,0.3105,0.1897,0.2894,0.059,0.1514,0.2339,0.606,0.3019,0.1658,0.0853,0.0562,0.339,0.4791,0.2104,101.2716,107.8406,-6.569,15436.0,PHX,0.7731,-0.4244,-0.0029,1.1955,-0.4395,-0.8009,-1.0868,0.3763,0.1413,0.1263,0.0814,0.8986,-0.7953,Phoenix Suns,2008-2015,Phoenix Suns_2013,0.0,0.8032,1.0308,0.4624,0.0,0.0,0.5317,0.0,0.7426,0.0,0.0,0.5789,0.7947,0.0556
2013,1610612757,91.3463,0.3106,0.1552,0.2506,0.0691,0.2144,0.2502,0.5929,0.286,0.1591,0.0712,0.0467,0.3525,0.4058,0.2835,105.754,109.2799,-3.5259,15114.0,POR,-0.3013,-0.4215,-1.1852,0.2552,0.1021,1.2252,-0.6065,-0.111,-0.3581,-1.5538,-0.9257,-0.4389,0.9611,Portland Trail Blazers,2008-2015,Portland Trail Blazers_2013,0.0,0.6991,1.1446,0.2057,0.0,0.0,0.8879,0.0,0.0,0.0,0.0,0.5623,1.5005,0.0
2013,1610612758,93.6884,0.3446,0.1986,0.2134,0.0669,0.1766,0.2707,0.5535,0.3002,0.1549,0.0866,0.0442,0.3314,0.4119,0.2435,106.2435,111.2703,-5.0268,15482.0,SAC,0.8521,0.4727,0.3022,-0.6482,-0.0148,0.0085,-0.0005,-1.575,0.0874,0.2892,-1.2013,-0.3271,-0.0003,Sacramento Kings,2008-2015,Sacramento Kings_2013,0.0,1.1565,0.8765,0.1418,0.0,0.0,0.5439,0.0,0.3564,0.0,0.0,0.7287,1.1878,0.0083
2013,1610612759,94.3947,0.3339,0.1974,0.2044,0.0951,0.1691,0.2558,0.6407,0.2324,0.1541,0.089,0.0572,0.3737,0.4018,0.2643,107.98,101.5196,6.4603,15547.0,SAS,1.1999,0.1921,0.2632,-0.8661,1.4948,-0.2297,-0.4398,1.665,-2.0492,0.572,0.1913,-0.5119,0.4983,San Antonio Spurs,2008-2015,San Antonio Spurs_2013,0.0,0.5175,1.235,0.0,0.0,0.0,0.7172,0.0,0.3731,0.0,0.0,1.1735,0.9464,0.0374
2013,1610612760,93.652,0.3198,0.1937,0.2423,0.0624,0.1817,0.3376,0.5608,0.2916,0.1618,0.0878,0.0807,0.3764,0.436,0.2442,111.9303,102.3671,9.5632,15476.0,OKC,0.8342,-0.1803,0.1359,0.0536,-0.2554,0.1745,1.9753,-1.3034,-0.1826,0.4331,2.7069,0.1127,0.0159,Oklahoma City Thunder,2008-2015,Oklahoma City Thunder_2013,0.0,0.0,1.0726,0.6988,0.0,0.0,0.8905,0.0,0.7833,0.1921,0.0,0.11,1.2254,0.0273
2013,1610612761,90.3327,0.28,0.1955,0.2754,0.0531,0.196,0.2739,0.5925,0.2903,0.1496,0.0791,0.0521,0.3454,0.4709,0.2491,106.0679,107.5512,-1.4833,15037.0,TOR,-0.8005,-1.2284,0.1971,0.8553,-0.7545,0.6315,0.0935,-0.1262,-0.222,-0.611,-0.3502,0.7489,0.1337,Toronto Raptors,2008-2015,Toronto Raptors_2013,0.0,0.0,0.8783,0.057,0.0,0.0,1.3459,0.0,1.8786,0.0844,0.0,0.2601,0.4002,0.0954
2013,1610612762,90.9658,0.3151,0.2085,0.27,0.0469,0.1595,0.2805,0.6103,0.3207,0.1607,0.0916,0.0684,0.3479,0.4785,0.2064,106.6614,106.7826,-0.1212,15070.0,UTA,-0.4887,-0.3055,0.642,0.7257,-1.0843,-0.5408,0.2878,0.5359,0.7346,0.8826,1.386,0.8882,-0.89,Utah Jazz,2008-2015,Utah Jazz_2013,0.0,1.2383,0.8709,0.0,0.0,0.0,0.7204,0.0,0.8263,0.0584,0.0,0.2796,0.9917,0.0144
2013,1610612763,88.5958,0.3393,0.2385,0.2565,0.0491,0.1166,0.2613,0.5786,0.3381,0.1566,0.0962,0.0596,0.3613,0.495,0.1657,104.7456,100.1231,4.6225,14622.0,MEM,-1.6558,0.3328,1.6705,0.3968,-0.9684,-1.9164,-0.2793,-0.6413,1.2831,1.4311,0.4547,1.1882,-1.8658,Memphis Grizzlies,2008-2015,Memphis Grizzlies_2013,0.0,1.4991,1.2146,0.2716,0.0,0.0,0.16,0.0,0.6838,0.0,0.0,0.5279,0.5735,0.0696
2013,1610612764,92.1389,0.2698,0.22,0.2884,0.0754,0.1464,0.2596,0.6104,0.2734,0.1621,0.0788,0.0488,0.3694,0.5084,0.2218,100.4482,102.9947,-2.5465,15166.0,WAS,0.0891,-1.4974,1.0352,1.1714,0.4381,-0.9605,-0.3283,0.5394,-0.7574,-0.6518,-0.7031,1.4331,-0.5213,Washington Wizards,2008-2015,Washington Wizards_2013,0.0,1.3708,1.0729,0.2334,0.0,0.0,0.22,0.0,0.5209,0.162,0.0,0.6582,0.7312,0.0305
2013,1610612765,90.7771,0.4004,0.1826,0.2001,0.0606,0.1564,0.2817,0.5848,0.3239,0.1658,0.0766,0.0534,0.3513,0.3826,0.2169,103.8867,108.1388,-4.252,14982.0,DET,-0.5816,1.9442,-0.2459,-0.9704,-0.3552,-0.6401,0.3242,-0.4129,0.8346,-0.9121,-0.2161,-0.8615,-0.6374,Detroit Pistons,2008-2015,Detroit Pistons_2013,0.0,0.6753,1.1336,0.4444,0.0,0.0,0.0,0.0,0.9088,0.3712,0.0,0.2275,1.1766,0.0626
2013,1610612766,91.4375,0.3462,0.1811,0.2623,0.0442,0.1662,0.3098,0.5622,0.299,0.153,0.0782,0.0634,0.3415,0.4434,0.2104,101.6317,111.4524,-9.8207,15091.0,CHA,-0.2564,0.5158,-0.2975,0.5379,-1.2303,-0.3247,1.1541,-1.2519,0.0512,-0.7132,0.8582,0.2466,-0.794,Charlotte Bobcats,2008-2015,Charlotte Bobcats_2013,0.0,0.4878,0.7933,0.1482,0.0,0.0,0.4694,0.0,1.3585,0.5467,0.0,0.7086,0.4774,0.0101
2014,1610612737,94.4932,0.2983,0.202,0.1833,0.087,0.2294,0.2664,0.6668,0.2457,0.1603,0.0871,0.0417,0.3538,0.3853,0.3164,106.1115,106.5429,-0.4314,15615.0,ATL,0.271,-0.6565,0.3759,-1.017,1.3697,1.2869,-0.5295,2.2738,-1.599,0.684,-1.1222,-0.7323,1.52,Atlanta Hawks,2008-2015,Atlanta Hawks_2014,0.0,1.2246,1.5438,0.0546,0.0,0.0,0.1075,0.0,0.0,0.0,0.0,0.5884,1.421,0.06
2014,1610612738,93.3239,0.3031,0.1751,0.2707,0.0625,0.1887,0.2479,0.5761,0.3046,0.1642,0.0762,0.0447,0.3506,0.4457,0.2512,102.7738,107.7365,-4.9627,15344.0,BOS,-0.198,-0.524,-0.7004,1.0676,-0.2521,-0.1613,-1.0846,-0.199,0.5365,-0.5913,-0.7055,0.5999,-0.2231,Boston Celtics,2008-2015,Boston Celtics_2014,0.0,1.0896,0.8456,0.7028,0.0,0.0,0.1612,0.0,1.5921,0.0,0.0,0.3577,0.1994,0.0517
2014,1610612739,92.6884,0.2958,0.2137,0.2548,0.0617,0.1741,0.2676,0.5725,0.3098,0.1512,0.0752,0.0395,0.3648,0.4684,0.2358,104.7198,108.0618,-3.342,15394.0,CLE,-0.4528,-0.727,0.8416,0.6885,-0.3043,-0.6819,-0.4958,-0.2982,0.7237,-0.7114,-1.4375,1.1005,-0.6348,Cleveland Cavaliers,2008-2015,Cleveland Cavaliers_2014,0.0,0.8121,0.6268,0.1703,0.0,0.0,0.9091,0.0,1.4174,0.0,0.0,0.2605,0.7843,0.0195
2014,1610612740,92.1383,0.3785,0.1986,0.2304,0.0461,0.1463,0.2824,0.5624,0.2955,0.1485,0.0852,0.0687,0.3453,0.429,0.1925,107.5159,110.189,-2.6731,15111.0,NOP,-0.6735,1.5722,0.2397,0.1067,-1.3311,-1.672,-0.0543,-0.5715,0.2072,0.4695,2.6154,0.2309,-1.7933,New Orleans Pelicans,2008-2015,New Orleans Pelicans_2014,0.0,0.5989,1.1367,0.2098,0.0,0.0,0.4867,0.0,0.9466,0.1731,0.0,0.5158,0.8528,0.0795
2014,1610612741,89.9007,0.335,0.1672,0.276,0.0508,0.1711,0.2901,0.6542,0.3099,0.1641,0.0794,0.0567,0.3802,0.4432,0.2218,103.0319,100.6821,2.3498,14931.0,CHI,-1.5709,0.3618,-1.0128,1.1939,-1.0244,-0.7912,0.1767,1.9319,0.7267,-0.2099,0.9512,0.5443,-1.0083,Chicago Bulls,2008-2015,Chicago Bulls_2014,0.0,1.1323,1.069,0.0167,0.0,0.0,0.8411,0.0,0.2167,0.0007,0.0,0.6538,0.9705,0.0993
2014,1610612742,93.9002,0.2902,0.2108,0.2253,0.0561,0.2176,0.2527,0.5956,0.2652,0.1428,0.0908,0.0459,0.3428,0.4361,0.2737,110.6862,108.3871,2.2991,15517.0,DAL,0.0332,-0.8822,0.7293,-0.0154,-0.6706,0.866,-0.9401,0.3319,-0.8922,1.126,-0.5411,0.3882,0.3784,Dallas Mavericks,2008-2015,Dallas Mavericks_2014,0.0,0.0,1.1672,0.0,0.0,0.0,0.5779,0.0,1.1561,0.4416,0.0,0.6066,1.0418,0.0088
2014,1610612743,97.9059,0.3513,0.1849,0.1855,0.0697,0.2086,0.3044,0.584,0.3116,0.1618,0.0765,0.0566,0.3583,0.3704,0.2783,106.2189,108.3841,-2.1652,16079.0,DEN,1.6398,0.8159,-0.3077,-0.9657,0.2248,0.5486,0.6025,0.017,0.7916,-0.5547,0.9363,-1.0621,0.5026,Denver Nuggets,2008-2015,Denver Nuggets_2014,0.0,0.0,1.1317,0.2906,0.0,0.0,1.4678,0.0,0.0,0.0781,0.0,0.3375,1.6741,0.0202
2014,1610612744,96.23,0.2966,0.21,0.2026,0.0717,0.2191,0.2468,0.5909,0.2778,0.1571,0.0808,0.0512,0.3764,0.4126,0.2908,107.5075,102.5786,4.9289,15902.0,GSW,0.9676,-0.7024,0.6951,-0.5575,0.3551,0.9221,-1.1154,0.2033,-0.4349,-0.0562,0.1876,-0.1315,0.8356,Golden State Warriors,2008-2015,Golden State Warriors_2014,0.0,0.8263,1.1071,0.0,0.0,0.0,0.2188,0.0,0.0044,0.4716,0.0,1.5209,0.8264,0.0244
2014,1610612745,96.351,0.395,0.1901,0.085,0.0786,0.2514,0.386,0.5629,0.3139,0.166,0.0781,0.058,0.3732,0.275,0.33,110.7918,106.3121,4.4797,15922.0,HOU,1.0161,2.029,-0.1012,-3.3641,0.8134,2.0721,3.0409,-0.5601,0.8738,-0.3693,1.1256,-3.1642,1.884,Houston Rockets,2008-2015,Houston Rockets_2014,0.0,0.0,1.9037,0.0,0.0,0.0,0.762,0.0,0.0,0.8441,0.0,1.0683,0.3649,0.057
2014,1610612746,95.4897,0.3071,0.1478,0.2544,0.0874,0.2034,0.3526,0.6284,0.2921,0.1445,0.0895,0.0505,0.3639,0.4022,0.2908,112.5525,105.3583,7.1942,15720.0,LAC,0.6707,-0.4132,-1.7916,0.6794,1.3956,0.3606,2.0429,1.228,0.0852,0.9661,0.0952,-0.3609,0.8354,Los Angeles Clippers,2008-2015,Los Angeles Clippers_2014,0.0,0.7239,1.0868,0.0773,0.0,0.0,0.0,0.0,0.5316,0.8473,0.0,0.1384,1.5617,0.033
2014,1610612747,98.643,0.2905,0.2001,0.2182,0.0729,0.2182,0.2629,0.6391,0.2341,0.1529,0.0755,0.0551,0.3478,0.4183,0.2911,104.2094,110.6336,-6.4242,16198.0,LAL,1.9354,-0.8718,0.3015,-0.1846,0.4383,0.8888,-0.6356,1.5179,-2.0194,-0.6769,0.7261,-0.0042,0.8443,Los Angeles Lakers,2008-2015,Los Angeles Lakers_2014,0.0,0.6668,1.0227,0.0,0.0,0.0,0.6488,0.0,0.5119,0.0,0.0,0.231,1.7465,0.1724
2014,1610612748,90.9718,0.3565,0.1467,0.2052,0.111,0.1806,0.3002,0.5878,0.2399,0.1607,0.097,0.0487,0.339,0.3519,0.2916,111.2143,106.0244,5.1899,15071.0,MIA,-1.1413,0.9605,-1.8346,-0.4948,2.9518,-0.4493,0.4789,0.1212,-1.8063,1.8485,-0.1582,-1.4695,0.8575,Miami Heat,2008-2015,Miami Heat_2014,0.0,0.849,1.0561,0.162,0.0,0.0,0.0096,0.0,1.1897,0.3998,0.0,0.0,1.3162,0.0176
2014,1610612749,91.9257,0.348,0.1908,0.2314,0.0449,0.1848,0.2736,0.5963,0.308,0.1626,0.0712,0.0529,0.3402,0.4222,0.2298,102.9892,111.5425,-8.5533,15192.0,MIL,-0.7587,0.7233,-0.0717,0.1313,-1.4099,-0.2995,-0.3174,0.3511,0.6609,-1.176,0.425,0.0817,-0.7954,Milwaukee Bucks,2008-2015,Milwaukee Bucks_2014,0.0,0.3343,1.3541,0.3731,0.0,0.0,0.9565,0.0,0.4937,0.1462,0.0,0.4779,0.8262,0.038
2014,1610612750,97.2934,0.3691,0.1767,0.2093,0.0559,0.189,0.3206,0.6156,0.3161,0.142,0.0892,0.0369,0.3487,0.3861,0.2449,108.9463,106.1988,2.7476,16098.0,MIN,1.3941,1.3092,-0.6342,-0.396,-0.6871,-0.1519,1.0859,0.8769,0.9531,0.933,-1.7937,-0.7159,-0.3921,Minnesota Timberwolves,2008-2015,Minnesota Timberwolves_2014,0.0,0.7877,1.0343,0.4041,0.0,0.0,0.6248,0.0,0.72,0.1487,0.0,0.9053,0.3722,0.003
2014,1610612751,91.4146,0.29,0.2077,0.2015,0.0751,0.2257,0.3127,0.5848,0.2549,0.1568,0.0932,0.0408,0.3403,0.4092,0.3008,106.786,107.5424,-0.7565,15089.0,BKN,-0.9637,-0.8871,0.6016,-0.5822,0.5838,1.1559,0.8524,0.0387,-1.2633,1.4013,-1.2488,-0.2059,1.1036,Brooklyn Nets,2008-2015,Brooklyn Nets_2014,0.0,0.4094,1.1312,0.2736,0.0,0.0,0.0,0.0,1.1703,0.6373,0.0,0.0811,1.1008,0.1964
2014,1610612752,90.3249,0.2791,0.1395,0.279,0.0637,0.2388,0.2478,0.5421,0.2788,0.1422,0.0845,0.0491,0.3482,0.4185,0.3024,108.1038,109.1335,-1.0297,14945.0,NYK,-1.4008,-1.1891,-2.1222,1.2658,-0.1737,1.6216,-1.0859,-1.1256,-0.3975,0.3835,-0.0958,-0.0015,1.1465,New York Knicks,2008-2015,New York Knicks_2014,0.0,0.6754,1.0727,0.0,0.0,0.0,0.3465,0.0,0.7489,0.4166,0.0,0.1419,1.5973,0.0007
2014,1610612753,93.4442,0.3034,0.1866,0.2748,0.0675,0.1677,0.2527,0.5711,0.257,0.1574,0.081,0.045,0.362,0.4614,0.2353,101.9583,107.4965,-5.5382,15539.0,ORL,-0.1497,-0.5158,-0.239,1.1653,0.0808,-0.9089,-0.9414,-0.3341,-1.1865,-0.0265,-0.6701,0.9449,-0.6493,Orlando Magic,2008-2015,Orlando Magic_2014,0.0,0.9161,1.2679,0.9274,0.0,0.0,0.1783,0.0,0.6396,0.0,0.0,0.4902,0.553,0.0276
2014,1610612754,92.0384,0.2894,0.2218,0.2542,0.0596,0.175,0.29,0.5599,0.2873,0.1632,0.0725,0.0588,0.3948,0.476,0.2346,104.588,99.8154,4.7726,15171.0,IND,-0.7135,-0.9046,1.1676,0.6751,-0.4394,-0.652,0.1729,-0.6421,-0.0922,-1.0237,1.2401,1.2681,-0.667,Indiana Pacers,2008-2015,Indiana Pacers_2014,0.0,0.6339,1.1026,0.3827,0.0,0.0,0.6027,0.0,1.4855,0.3164,0.0,0.0,0.4762,0.0
2014,1610612755,98.7922,0.402,0.1924,0.1473,0.0513,0.207,0.2683,0.5763,0.2934,0.1692,0.0936,0.0404,0.3333,0.3397,0.2583,99.7798,110.2655,-10.4857,16346.0,PHI,1.9953,2.2231,-0.006,-1.8771,-0.9883,0.4896,-0.4757,-0.1948,0.1312,1.4499,-1.3112,-1.7377,-0.0326,Philadelphia 76ers,2008-2015,Philadelphia 76ers_2014,0.0,0.5942,1.1877,0.2434,0.0,0.0,0.2422,0.0,0.4787,0.0841,0.0,1.0388,1.0191,0.1118
2014,1610612756,95.6902,0.3182,0.1851,0.1965,0.0833,0.2169,0.2928,0.4927,0.2943,0.1595,0.0875,0.0476,0.353,0.3816,0.3002,109.394,106.9676,2.4264,15753.0,PHX,0.7511,-0.1039,-0.2996,-0.7025,1.122,0.8443,0.2563,-2.472,0.1635,0.7318,-0.3171,-0.8144,1.0876,Phoenix Suns,2008-2015,Phoenix Suns_2014,0.0,0.5464,1.2862,0.0,0.0,0.0,0.5859,0.0,1.139,0.016,0.0,0.7719,0.6315,0.0231
2014,1610612757,94.7671,0.283,0.172,0.2547,0.0757,0.2146,0.27,0.5937,0.316,0.1433,0.0581,0.0494,0.3777,0.4267,0.2903,111.5032,107.6117,3.8914,15680.0,POR,0.3809,-1.0811,-0.8233,0.6864,0.6214,0.7609,-0.4242,0.281,0.9499,-2.711,-0.0576,0.1799,0.8224,Portland Trail Blazers,2008-2015,Portland Trail Blazers_2014,0.0,0.6279,1.2448,0.2732,0.0,0.0,0.8697,0.0,0.0974,0.0,0.0,0.0,1.861,0.026
2014,1610612758,94.1906,0.3066,0.2399,0.2354,0.0455,0.1725,0.3295,0.5114,0.3191,0.1612,0.0753,0.0408,0.3646,0.4753,0.2181,106.0778,108.7911,-2.7133,15558.0,SAC,0.1497,-0.4252,1.892,0.2251,-1.3711,-0.7385,1.3541,-1.9633,1.0605,-0.6917,-1.2511,1.252,-1.109,Sacramento Kings,2008-2015,Sacramento Kings_2014,0.0,0.5792,0.8684,0.0,0.0,0.0,0.8302,0.0,0.7014,0.124,0.0,0.5744,1.2266,0.0958
2014,1610612759,94.9177,0.3218,0.199,0.2224,0.0782,0.1785,0.2392,0.6203,0.2612,0.1512,0.0775,0.0539,0.3775,0.4214,0.2568,110.4441,102.6545,7.7896,15611.0,SAS,0.4413,-0.0027,0.2561,-0.0843,0.7888,-0.5245,-1.3426,1.0074,-1.0372,-0.4429,0.5568,0.0635,-0.0743,San Antonio Spurs,2008-2015,San Antonio Spurs_2014,0.0,0.5414,0.4738,0.0,0.0,0.0,0.6898,0.0,1.1273,0.0,0.0,1.0132,1.1302,0.0243
2014,1610612760,95.4244,0.3108,0.1917,0.2263,0.0658,0.2054,0.3026,0.5617,0.2943,0.1595,0.0861,0.0636,0.374,0.418,0.2712,110.5116,103.9761,6.5355,15749.0,OKC,0.6445,-0.3085,-0.0365,0.0096,-0.0348,0.4327,0.5488,-0.5923,0.1637,0.5738,1.9122,-0.0112,0.3106,Oklahoma City Thunder,2008-2015,Oklahoma City Thunder_2014,0.0,0.6762,0.9399,0.0,0.0,0.0,0.6882,0.0,0.7957,0.2991,0.0,0.6933,0.8901,0.0175
2014,1610612761,91.7063,0.2734,0.2118,0.2294,0.0786,0.2068,0.3057,0.5805,0.3057,0.1521,0.0757,0.045,0.357,0.4412,0.2854,108.8752,105.471,3.4042,15250.0,TOR,-0.8467,-1.3468,0.7681,0.0824,0.813,0.4812,0.6437,-0.0777,0.5758,-0.6486,-0.6705,0.5,0.6901,Toronto Raptors,2008-2015,Toronto Raptors_2014,0.0,0.0,1.1184,0.0,0.0,0.0,1.2847,0.0,0.9097,0.2462,0.0,0.3914,1.0132,0.0365
2014,1610612762,91.3043,0.3155,0.2049,0.2425,0.0595,0.1775,0.271,0.5639,0.2891,0.1596,0.0756,0.0486,0.3503,0.4474,0.2371,103.7003,111.1716,-7.4713,15050.0,UTA,-1.0079,-0.1774,0.4916,0.395,-0.4464,-0.5599,-0.3922,-0.5323,-0.0248,-0.6573,-0.1774,0.6363,-0.6008,Utah Jazz,2008-2015,Utah Jazz_2014,0.0,0.5365,0.8801,0.0583,0.0,0.0,0.8589,0.0,1.2659,0.1126,0.0,0.0,1.2353,0.0523
2014,1610612763,89.5895,0.3347,0.2593,0.2355,0.0483,0.1223,0.2478,0.574,0.3219,0.1521,0.0853,0.0507,0.3643,0.4947,0.1706,106.6991,104.8398,1.8593,14786.0,MEM,-1.6957,0.354,2.6637,0.2274,-1.1857,-2.5297,-1.0861,-0.2565,1.1614,0.4773,0.1185,1.68,-2.378,Memphis Grizzlies,2008-2015,Memphis Grizzlies_2014,0.0,1.3365,0.9452,0.0,0.0,0.0,0.5833,0.0,0.5313,0.0,0.0,0.5704,0.9642,0.0693
2014,1610612764,93.1099,0.3038,0.1721,0.2779,0.0769,0.1694,0.2478,0.6009,0.28,0.1548,0.0859,0.0485,0.3501,0.45,0.2462,106.0108,104.8232,1.1876,15561.0,WAS,-0.2838,-0.5048,-0.8186,1.2399,0.6996,-0.8513,-1.0853,0.4768,-0.3553,0.549,-0.1874,0.6939,-0.3556,Washington Wizards,2008-2015,Washington Wizards_2014,0.0,1.0585,1.0611,0.095,0.0,0.0,0.5248,0.0,0.6262,0.1134,0.0,0.0619,1.4316,0.0275
2014,1610612765,94.5925,0.3947,0.1941,0.1894,0.0566,0.1652,0.2963,0.5387,0.3559,0.153,0.0881,0.0507,0.3433,0.3835,0.2218,106.258,110.1617,-3.9036,15592.0,DET,0.3109,2.0221,0.0614,-0.8728,-0.6421,-0.9991,0.3624,-1.2202,2.3951,0.8102,0.1162,-0.7725,-1.0096,Detroit Pistons,2008-2015,Detroit Pistons_2014,0.0,0.6802,1.0164,0.0,0.0,0.0,0.0,0.0,0.4894,0.6763,0.0,0.9591,1.1015,0.0771
2014,1610612766,91.9608,0.3166,0.1854,0.2793,0.0467,0.1719,0.2972,0.5974,0.2608,0.1325,0.0654,0.0552,0.3844,0.4648,0.2186,104.171,104.325,-0.154,15254.0,CHA,-0.7446,-0.1469,-0.286,1.2747,-1.297,-0.7603,0.3879,0.3831,-1.0509,-1.8563,0.7392,1.0199,-1.0954,Charlotte Bobcats,2008-2015,Charlotte Bobcats_2014,0.0,0.641,1.144,0.365,0.0,0.0,0.0667,0.0,0.7405,0.2659,0.0,0.529,1.1723,0.0755
2015,1610612737,93.7131,0.32,0.1767,0.182,0.0897,0.2315,0.259,0.6764,0.2552,0.1514,0.0966,0.0493,0.3622,0.3587,0.3212,109.1228,103.4017,5.721,15408.0,ATL,-0.0033,-0.029,-0.5903,-0.7749,1.0542,0.9843,-0.4847,2.5027,-1.6019,1.452,-0.1981,-0.9702,1.1211,Atlanta Hawks,2008-2015,Atlanta Hawks_2015,0.0,0.5846,1.1558,0.2538,0.0,0.0,0.0,0.0,0.0,0.0,0.0,1.7477,1.258,0.0
2015,1610612738,95.631,0.3089,0.1693,0.2426,0.0601,0.2191,0.2309,0.6291,0.2807,0.1425,0.086,0.0372,0.3638,0.4119,0.2792,105.2149,104.435,0.78,15481.0,BOS,1.035,-0.4063,-0.8825,0.4714,-0.5217,0.6235,-1.4442,1.1778,-0.3014,0.3906,-1.7973,0.0065,0.2427,Boston Celtics,2008-2015,Boston Celtics_2015,0.0,0.878,1.5162,0.0028,0.0,0.0,0.4643,0.0,0.3274,0.0,0.0,0.5562,1.255,0.0
2015,1610612739,92.36,0.3193,0.1855,0.1609,0.0985,0.2358,0.287,0.5872,0.3082,0.1537,0.0793,0.0447,0.3687,0.3463,0.3343,111.028,106.3494,4.6785,15224.0,CLE,-0.7359,-0.0532,-0.2487,-1.2086,1.5227,1.1083,0.4707,0.0069,1.098,-0.2809,-0.8116,-1.1974,1.3942,Cleveland Cavaliers,2008-2015,Cleveland Cavaliers_2015,0.0,0.7981,1.3248,0.0,0.0,0.0,0.0941,0.0,0.2199,0.8423,0.0,0.5085,1.1909,0.0215
2015,1610612740,91.4014,0.3887,0.1657,0.2127,0.0571,0.1759,0.2634,0.5811,0.3068,0.1444,0.0734,0.0677,0.3696,0.3784,0.233,108.2226,107.2168,1.0059,15066.0,NOP,-1.2548,2.2984,-1.0213,-0.1445,-0.6788,-0.6343,-0.3333,-0.1656,1.0234,-0.8716,2.2233,-0.6093,-0.7222,New Orleans Pelicans,2008-2015,New Orleans Pelicans_2015,0.0,0.6243,1.8266,0.4114,0.0,0.0,0.2379,0.0,0.0,0.5635,0.0,0.2227,1.0208,0.0929
2015,1610612741,92.8068,0.3459,0.1799,0.2057,0.0597,0.2088,0.3041,0.5935,0.3048,0.1491,0.0668,0.0619,0.3901,0.3856,0.2685,107.6312,104.197,3.4342,15375.0,CHI,-0.4939,0.8474,-0.4657,-0.2878,-0.539,0.3225,1.0549,0.1812,0.9237,-1.529,1.4558,-0.4762,0.0198,Chicago Bulls,2008-2015,Chicago Bulls_2015,0.0,0.6808,0.8626,0.0,0.0,0.0,0.9657,0.0,0.631,0.0,0.0,0.5416,1.3017,0.0165
2015,1610612742,95.333,0.3173,0.1633,0.2236,0.0695,0.2263,0.262,0.5671,0.268,0.1345,0.084,0.0469,0.3484,0.3869,0.2958,109.2844,106.2833,3.0011,15789.0,DAL,0.8737,-0.1232,-1.1144,0.0803,-0.0194,0.8322,-0.3829,-0.5563,-0.9495,0.191,-0.5241,-0.4521,0.59,Dallas Mavericks,2008-2015,Dallas Mavericks_2015,0.0,0.0,1.3143,0.058,0.0,0.0,0.2207,0.0,1.25,0.6631,0.0,0.3447,1.1069,0.0422
2015,1610612743,96.0401,0.3385,0.185,0.1952,0.0687,0.2126,0.2778,0.5758,0.3012,0.1453,0.0821,0.0459,0.3533,0.3802,0.2813,105.5969,108.1486,-2.5518,15335.0,DEN,1.2565,0.5968,-0.2691,-0.502,-0.0648,0.4348,0.1575,-0.3127,0.7426,0.006,-0.6534,-0.5753,0.2868,Denver Nuggets,2008-2015,Denver Nuggets_2015,0.0,0.0,0.9668,0.2492,0.0,0.0,1.2778,0.0,0.5404,0.2231,0.0,0.4746,1.2644,0.0036
2015,1610612744,98.1591,0.312,0.1882,0.1892,0.0712,0.2395,0.2393,0.6592,0.2686,0.147,0.0944,0.0615,0.373,0.3773,0.3106,111.7363,101.4622,10.2741,16139.0,GSW,2.4037,-0.3008,-0.1438,-0.6272,0.0692,1.2148,-1.1562,2.0226,-0.9194,1.2345,1.4045,-0.6283,0.8996,Golden State Warriors,2008-2015,Golden State Warriors_2015,0.0,0.0,0.6733,0.3082,0.0,0.0,0.624,0.0,1.2351,0.1258,0.0,1.7424,0.237,0.0543
2015,1610612745,96.2363,0.3454,0.1767,0.0856,0.1314,0.2608,0.3121,0.6003,0.3076,0.172,0.0979,0.0513,0.3563,0.2623,0.3923,107.2219,103.8437,3.3782,15883.0,HOU,1.3627,0.832,-0.5932,-2.7539,3.2714,1.8364,1.3264,0.3714,1.0681,1.5842,0.0602,-2.7408,2.6042,Houston Rockets,2008-2015,Houston Rockets_2015,0.0,0.0,0.9629,0.0,0.0,0.0,0.7297,0.0,0.0,0.6182,0.0,1.0055,1.6114,0.0723
2015,1610612746,94.3274,0.269,0.1452,0.2634,0.0876,0.2348,0.3026,0.6292,0.2707,0.1304,0.0826,0.0528,0.3712,0.4086,0.3224,112.7416,105.9894,6.7521,15509.0,LAC,0.3293,-1.7618,-1.8209,0.8978,0.9395,1.0808,1.0047,1.1811,-0.8124,0.0535,0.2588,-0.0534,1.1453,Los Angeles Clippers,2008-2015,Los Angeles Clippers_2015,0.0,0.5975,0.8921,0.0325,0.0,0.0,0.0337,0.0,0.4305,0.7117,0.0,0.746,1.4615,0.0946
2015,1610612747,93.9047,0.2999,0.1846,0.2953,0.0415,0.1788,0.2756,0.5616,0.2854,0.1392,0.0741,0.0469,0.3606,0.4799,0.2202,103.5,110.7491,-7.2491,15596.0,LAL,0.1004,-0.7138,-0.2828,1.5532,-1.5103,-0.5497,0.0835,-0.7122,-0.0621,-0.7937,-0.5141,1.2556,-0.9882,Los Angeles Lakers,2008-2015,Los Angeles Lakers_2015,0.0,1.1835,1.095,0.0,0.0,0.0,0.0,0.0,0.5614,0.6547,0.0,0.0,1.2889,0.2165
2015,1610612748,90.6201,0.3186,0.1893,0.2299,0.0857,0.1766,0.3041,0.5637,0.2704,0.1627,0.0868,0.0498,0.3535,0.4192,0.2622,104.2948,106.8219,-2.5271,14769.0,MIA,-1.6778,-0.0788,-0.0998,0.2098,0.8385,-0.6139,1.0544,-0.6535,-0.829,0.4684,-0.1356,0.1406,-0.1114,Miami Heat,2008-2015,Miami Heat_2015,0.0,0.1314,1.3746,0.2513,0.0,0.0,0.0,0.0,0.8931,0.5789,0.0,1.1087,0.5451,0.117
2015,1610612749,93.8318,0.3629,0.1648,0.2493,0.0734,0.1496,0.2577,0.6266,0.2858,0.1762,0.1011,0.0518,0.3514,0.4141,0.223,102.9941,102.466,0.5281,15568.0,MIL,0.061,1.4232,-1.0557,0.6074,0.1877,-1.3968,-0.5274,1.1095,-0.0454,1.9,0.122,0.0467,-0.9293,Milwaukee Bucks,2008-2015,Milwaukee Bucks_2015,0.0,0.4333,1.2379,0.0915,0.0,0.0,0.0475,0.0,1.0277,0.4532,0.0,1.2224,0.4595,0.027
2015,1610612750,94.3839,0.3149,0.2158,0.2908,0.0406,0.138,0.3094,0.5928,0.3051,0.1578,0.0857,0.0421,0.3305,0.5065,0.1786,102.9329,112.138,-9.2051,15543.0,MIN,0.3599,-0.2049,0.9349,1.4598,-1.5572,-1.7345,1.2364,0.1612,0.938,0.3647,-1.156,1.7446,-1.8575,Minnesota Timberwolves,2008-2015,Minnesota Timberwolves_2015,0.0,0.425,1.0807,0.4313,0.0,0.0,0.5518,0.0,1.1423,0.0,0.0,0.7166,0.5505,0.1017
2015,1610612751,92.7125,0.3004,0.2581,0.2015,0.0695,0.1705,0.267,0.5591,0.2734,0.1473,0.0747,0.0441,0.3634,0.4596,0.24,104.5118,107.3569,-2.8452,15398.0,BKN,-0.545,-0.695,2.5871,-0.3736,-0.019,-0.7906,-0.2098,-0.78,-0.6762,-0.7341,-0.8883,0.8822,-0.5752,Brooklyn Nets,2008-2015,Brooklyn Nets_2015,0.0,0.5259,1.1713,0.2107,0.0,0.0,0.1368,0.0,0.6941,0.5279,0.0,0.5705,1.1287,0.034
2015,1610612752,91.1191,0.274,0.1814,0.3065,0.0447,0.1934,0.2312,0.6057,0.2708,0.1575,0.0784,0.0506,0.3525,0.4879,0.2381,100.4999,109.1533,-8.6535,13994.0,NYK,-1.4076,-1.5892,-0.4097,1.783,-1.3355,-0.1258,-1.4324,0.5234,-0.8048,-0.3703,-0.0274,1.4014,-0.6151,New York Knicks,2008-2015,New York Knicks_2015,0.0,0.202,0.7635,1.2063,0.0,0.0,0.8143,0.0,1.0578,0.0,0.0,0.3212,0.5768,0.058
2015,1610612753,93.5263,0.3445,0.2125,0.2082,0.0629,0.1719,0.2304,0.5501,0.2636,0.1586,0.0842,0.0409,0.3594,0.4206,0.2348,102.1313,107.9064,-5.7752,15300.0,ORL,-0.1044,0.8016,0.8052,-0.2366,-0.3693,-0.7496,-1.4612,-1.0327,-1.1722,0.2083,-1.3128,0.167,-0.6834,Orlando Magic,2008-2015,Orlando Magic_2015,0.0,0.6455,1.4604,0.3272,0.0,0.0,0.0,0.0,0.7968,0.211,0.0,0.3718,1.1308,0.0565
2015,1610612754,92.7605,0.2761,0.2074,0.2616,0.0692,0.1858,0.2661,0.5861,0.2773,0.1494,0.0658,0.0489,0.3899,0.4689,0.255,103.987,103.7143,0.2726,15348.0,IND,-0.519,-1.5201,0.6055,0.8605,-0.0376,-0.345,-0.2415,-0.0263,-0.475,-1.6262,-0.2595,1.0539,-0.2625,Indiana Pacers,2008-2015,Indiana Pacers_2015,0.0,0.9261,0.9588,0.7481,0.0,0.0,0.0,0.0,0.518,0.2866,0.0,0.5945,0.9453,0.0225
2015,1610612755,95.5465,0.3658,0.1697,0.1504,0.0603,0.2539,0.2799,0.6098,0.2943,0.1843,0.102,0.0632,0.3511,0.32,0.3141,96.3341,104.1139,-7.7799,14524.0,PHI,0.9893,1.5232,-0.8666,-1.4238,-0.51,1.6338,0.2274,0.6396,0.39,1.9875,1.628,-1.6803,0.9729,Philadelphia 76ers,2008-2015,Philadelphia 76ers_2015,0.0,0.3525,0.9662,0.0,0.0,0.0,0.713,0.0,0.0,0.1284,0.0,1.5828,0.9991,0.2581
2015,1610612756,96.1811,0.3204,0.1804,0.2082,0.0878,0.2032,0.2511,0.522,0.2684,0.1554,0.0879,0.0483,0.3561,0.3886,0.291,105.3973,106.3261,-0.9288,15934.0,PHX,1.3328,-0.0169,-0.4456,-0.2369,0.953,0.1601,-0.7553,-1.8191,-0.9289,0.5784,-0.332,-0.4213,0.4894,Phoenix Suns,2008-2015,Phoenix Suns_2015,0.0,0.648,1.5491,0.0,0.0,0.0,0.8726,0.0,0.375,0.0,0.0,0.8839,0.6214,0.05
2015,1610612757,93.9555,0.2734,0.1707,0.2395,0.0806,0.2359,0.2254,0.5666,0.2726,0.1436,0.0676,0.0479,0.3937,0.4101,0.3165,108.328,104.0701,4.2579,15545.0,POR,0.1279,-1.6121,-0.8278,0.4063,0.5688,1.112,-1.6304,-0.5707,-0.7155,-1.4458,-0.3863,-0.026,1.022,Portland Trail Blazers,2008-2015,Portland Trail Blazers_2015,0.0,0.9777,1.1207,0.1548,0.0,0.0,0.509,0.0,0.433,0.0,0.0,0.1161,1.6514,0.0373
2015,1610612758,95.2083,0.3567,0.2155,0.2238,0.0617,0.1424,0.3627,0.5538,0.3111,0.1695,0.0697,0.0411,0.3714,0.4393,0.204,105.6714,109.19,-3.5186,15753.0,SAC,0.8062,1.2127,0.9239,0.0848,-0.4366,-1.6085,3.0547,-0.9289,1.2427,-1.236,-1.2909,0.5101,-1.3266,Sacramento Kings,2008-2015,Sacramento Kings_2015,0.0,0.5089,1.0747,0.2968,0.0,0.0,0.681,0.0,0.6086,0.1113,0.0,0.7314,0.9578,0.0295
2015,1610612759,93.5886,0.3081,0.2378,0.1851,0.0789,0.19,0.2557,0.6239,0.2656,0.1467,0.0849,0.0573,0.381,0.4229,0.269,108.4606,102.4022,6.0585,15532.0,SAS,-0.0707,-0.4328,1.796,-0.7113,0.4815,-0.2224,-0.5983,1.0334,-1.0709,0.2773,0.8599,0.2084,0.0295,San Antonio Spurs,2008-2015,San Antonio Spurs_2015,0.0,0.5565,0.8892,0.0,0.0,0.0,0.6451,0.0,0.8694,0.0,0.0,0.5829,1.4569,0.0
2015,1610612760,95.6451,0.3341,0.1886,0.2157,0.0656,0.1959,0.2836,0.528,0.3221,0.1521,0.0758,0.0575,0.3816,0.4044,0.2616,107.8032,105.7197,2.0835,15792.0,OKC,1.0427,0.447,-0.1265,-0.0811,-0.2253,-0.051,0.356,-1.6531,1.8022,-0.6238,0.8743,-0.132,-0.1251,Oklahoma City Thunder,2008-2015,Oklahoma City Thunder_2015,0.0,0.2103,1.151,0.6363,0.0,0.0,0.3684,0.0,0.754,0.4394,0.0,0.7589,0.5982,0.0835
2015,1610612761,92.6275,0.293,0.2158,0.1895,0.0821,0.2195,0.2948,0.5473,0.2921,0.138,0.0803,0.0466,0.3521,0.4053,0.3017,111.2024,108.0569,3.1455,15326.0,TOR,-0.591,-0.9459,0.9371,-0.6204,0.6522,0.6347,0.7364,-1.1115,0.2789,-0.177,-0.5576,-0.1141,0.7121,Toronto Raptors,2008-2015,Toronto Raptors_2015,0.0,0.0,1.1127,0.0,0.0,0.0,1.0901,0.0,1.0403,0.2618,0.0,0.3999,1.0662,0.029
2015,1610612762,90.0259,0.3376,0.1835,0.2046,0.0773,0.197,0.2971,0.5628,0.3285,0.1699,0.0843,0.0662,0.3766,0.388,0.2743,105.5473,105.2895,0.2578,14783.0,UTA,-1.9995,0.5679,-0.3281,-0.3108,0.3959,-0.0194,0.817,-0.6786,2.1306,0.2202,2.0244,-0.4321,0.1417,Utah Jazz,2008-2015,Utah Jazz_2015,0.0,0.9099,1.0047,0.0,0.0,0.0,0.4609,0.0,0.8967,0.5468,0.0,0.2358,0.8483,0.0968
2015,1610612763,91.7076,0.3351,0.2528,0.2279,0.0494,0.1349,0.2764,0.5738,0.2864,0.1438,0.092,0.0456,0.3704,0.4807,0.1842,106.065,102.4307,3.6343,15212.0,MEM,-1.089,0.4801,2.3825,0.1678,-1.0887,-1.8269,0.1079,-0.37,-0.0117,0.9894,-0.6932,1.2701,-1.7397,Memphis Grizzlies,2008-2015,Memphis Grizzlies_2015,0.0,1.2473,0.7694,0.209,0.0,0.0,0.3745,0.0,0.8693,0.0,0.0,0.4818,1.0019,0.0468
2015,1610612764,93.1556,0.3108,0.1918,0.2941,0.0577,0.1457,0.2589,0.6273,0.2813,0.1591,0.0776,0.0488,0.386,0.4859,0.2034,104.285,103.5903,0.6946,15491.0,WAS,-0.3051,-0.3443,-0.004,1.5287,-0.6453,-1.5127,-0.4875,1.1276,-0.2724,-0.4459,-0.2667,1.3648,-1.3398,Washington Wizards,2008-2015,Washington Wizards_2015,0.0,1.0473,1.0072,0.5463,0.0,0.0,0.3449,0.0,0.6175,0.0,0.0,0.542,0.8634,0.0313
2015,1610612765,92.593,0.3519,0.2013,0.1564,0.0732,0.2171,0.2612,0.5824,0.3135,0.1437,0.0814,0.05,0.3626,0.3578,0.2903,105.6231,106.5979,-0.9747,15301.0,DET,-0.6097,1.0529,0.3704,-1.2993,0.1753,0.565,-0.411,-0.1294,1.366,-0.0683,-0.1054,-0.9875,0.4746,Detroit Pistons,2008-2015,Detroit Pistons_2015,0.0,0.5365,1.0234,0.0,0.0,0.0,0.102,0.0,0.1412,0.6298,0.0,0.404,2.1483,0.0148
2015,1610612766,92.4732,0.2839,0.1984,0.2918,0.0407,0.1852,0.2693,0.5678,0.26,0.1273,0.065,0.0584,0.3906,0.4902,0.2259,100.7043,104.0276,-3.3233,15339.0,CHA,-0.6745,-1.255,0.2539,1.482,-1.5513,-0.362,-0.1319,-0.5375,-1.3554,-1.7036,0.999,1.4443,-0.8696,Charlotte Hornets,2008-2015,Charlotte Hornets_2015,0.0,0.8985,0.6098,0.3738,0.0,0.0,0.2867,0.0,1.6744,0.3068,0.0,0.1072,0.7248,0.0182
2016,1610612737,96.5628,0.3491,0.146,0.1689,0.0832,0.2528,0.2366,0.6629,0.2264,0.1535,0.0937,0.061,0.3698,0.3149,0.336,105.6105,102.0697,3.5408,15957.0,ATL,0.4833,0.8627,-1.6727,-0.8556,0.6781,1.0244,-1.3896,2.0521,-1.7451,1.2912,1.0633,-1.5252,1.0651,Atlanta Hawks,2016-present,Atlanta Hawks_2016,1.2572,1.5494,0.0,0.0,0.0,0.0461,0.1455,0.9756,0.0,0.0,0.2334,0.0,0.7738,0.019
2016,1610612738,98.36,0.3412,0.1764,0.1897,0.0696,0.2231,0.2636,0.616,0.2862,0.1389,0.0929,0.043,0.3626,0.3661,0.2927,106.8269,103.8034,3.0235,16213.0,BOS,1.3414,0.6019,-0.495,-0.3411,-0.2481,0.2946,-0.4407,0.8624,0.4937,1.2023,-0.9694,-0.5211,0.1715,Boston Celtics,2016-present,Boston Celtics_2016,1.2355,0.6609,0.0,0.0,0.0,0.4279,0.5668,1.2458,0.0,0.0,0.7174,0.0,0.1299,0.0158
2016,1610612739,92.9539,0.2973,0.1866,0.1636,0.0961,0.2564,0.2589,0.5869,0.2892,0.1448,0.0717,0.0412,0.3825,0.3502,0.3525,111.1905,104.905,6.2855,15380.0,CLE,-1.2397,-0.8445,-0.1018,-0.9851,1.5542,1.1133,-0.6073,0.1242,0.6063,-1.0366,-1.1649,-0.8331,1.4061,Cleveland Cavaliers,2016-present,Cleveland Cavaliers_2016,0.0912,0.6843,0.0,0.0,0.0,0.469,0.3323,1.3187,0.0,0.5964,0.9296,0.0,0.5639,0.0146
2016,1610612740,96.5962,0.3291,0.1757,0.2181,0.0649,0.2121,0.2566,0.5768,0.2461,0.1383,0.0796,0.0432,0.3639,0.3938,0.277,105.737,109.6538,-3.9168,15845.0,NOP,0.4993,0.2042,-0.5224,0.3617,-0.5609,0.0225,-0.6853,-0.1319,-1.0086,-0.1994,-0.9422,0.0227,-0.1518,New Orleans Pelicans,2016-present,New Orleans Pelicans_2016,0.6985,0.7664,0.0,0.0,0.0,0.6258,0.1369,0.9266,0.0,0.2927,0.8887,0.0,0.4964,0.168
2016,1610612741,95.578,0.3222,0.1987,0.2346,0.0558,0.1887,0.2399,0.5908,0.2777,0.1439,0.0624,0.0593,0.3903,0.4333,0.2445,105.0939,106.7272,-1.6333,15854.0,CHI,0.0132,-0.0255,0.3707,0.7693,-1.1824,-0.5539,-1.2741,0.2245,0.1738,-2.024,0.8777,0.798,-0.824,Chicago Bulls,2016-present,Chicago Bulls_2016,0.4162,0.8522,0.0,0.0,0.0,0.2753,0.5595,1.1497,0.0,0.1588,1.2555,0.0,0.305,0.0278
2016,1610612742,94.3159,0.2696,0.1896,0.2014,0.0753,0.2641,0.2651,0.5921,0.2305,0.1332,0.0714,0.039,0.375,0.391,0.3394,106.7108,106.9708,-0.26,15700.0,DAL,-0.5894,-1.7588,0.0178,-0.0513,0.1422,1.3026,-0.3882,0.2565,-1.5886,-1.0708,-1.4189,-0.0317,1.1352,Dallas Mavericks,2016-present,Dallas Mavericks_2016,0.2317,0.8374,0.0,0.0,0.0,0.3282,0.6018,1.491,0.0,0.1899,1.1492,0.0,0.1709,0.0
2016,1610612743,95.4433,0.3817,0.1639,0.1769,0.0604,0.217,0.2819,0.6007,0.2992,0.1525,0.0772,0.0501,0.3658,0.3409,0.2775,106.0279,109.0851,-3.0572,15772.0,DEN,-0.0512,1.9362,-0.979,-0.6562,-0.8692,0.1443,0.2021,0.475,0.9812,-0.4573,-0.1698,-1.0159,-0.1434,Denver Nuggets,2016-present,Denver Nuggets_2016,0.1179,0.6428,0.0,0.0,0.0,0.4959,0.9968,0.5289,0.0,0.0778,1.9665,0.0,0.1714,0.0018
2016,1610612744,99.2656,0.3257,0.1612,0.151,0.0853,0.2767,0.25,0.6801,0.2651,0.1515,0.0838,0.0605,0.3836,0.3122,0.3621,114.6107,103.8176,10.7931,16445.0,GSW,1.7738,0.0921,-1.085,-1.2971,0.8238,1.614,-0.9174,2.49,-0.295,0.2408,1.0163,-1.5781,1.6036,Golden State Warriors,2016-present,Golden State Warriors_2016,1.1517,0.2498,0.0,0.0,0.0,0.1422,0.0462,1.064,0.0,0.6206,1.4555,0.0,0.2644,0.0056
2016,1610612745,97.3495,0.3591,0.1653,0.1056,0.1165,0.2534,0.3514,0.5886,0.2998,0.1626,0.1021,0.0535,0.3462,0.2709,0.3699,108.6286,108.4162,0.2124,16087.0,HOU,0.8589,1.1927,-0.9248,-2.4196,2.9413,1.0396,2.6459,0.1667,1.0009,2.1752,0.215,-2.3876,1.7663,Houston Rockets,2016-present,Houston Rockets_2016,0.8615,0.0924,0.0,0.0,0.0,0.81,0.1384,0.7868,0.0,1.0338,0.5398,0.0,0.7158,0.0214
2016,1610612746,95.643,0.2771,0.1403,0.2586,0.0781,0.2459,0.3184,0.5963,0.2358,0.1344,0.0898,0.0582,0.3684,0.3989,0.324,108.3586,104.0648,4.2938,15805.0,LAC,0.0442,-1.5108,-1.8967,1.3634,0.3331,0.8548,1.4856,0.3633,-1.3934,0.8765,0.7567,0.1221,0.818,Los Angeles Clippers,2016-present,Los Angeles Clippers_2016,0.4325,0.2983,0.0,0.0,0.0,0.3761,0.1972,0.6135,0.0,0.6545,1.9663,0.0,0.424,0.0376
2016,1610612747,95.5682,0.2865,0.201,0.2227,0.0579,0.2319,0.2915,0.5132,0.261,0.143,0.0754,0.0429,0.3597,0.4237,0.2898,101.6427,111.5267,-9.884,15713.0,LAL,0.0085,-1.2009,0.4573,0.4751,-1.0366,0.5098,0.5419,-1.7452,-0.4478,-0.6393,-0.9805,0.6083,0.112,Los Angeles Lakers,2016-present,Los Angeles Lakers_2016,0.1451,1.4947,0.0,0.0,0.0,0.2164,0.0826,1.5385,0.0,0.4638,0.9068,0.0,0.152,0.0
2016,1610612748,93.2224,0.3306,0.2137,0.2347,0.085,0.136,0.2821,0.5425,0.2746,0.15,0.0717,0.0688,0.3837,0.4484,0.221,106.7118,104.5614,2.1504,15405.0,MIA,-1.1115,0.252,0.9496,0.7729,0.7977,-1.8513,0.2087,-1.0007,0.0595,-1.0396,1.9498,1.0937,-1.3092,Miami Heat,2016-present,Miami Heat_2016,0.7272,0.507,0.0,0.0,0.0,0.0298,0.1921,1.3179,0.0,0.5302,1.6914,0.0,0.0,0.0043
2016,1610612749,94.0817,0.4002,0.216,0.1942,0.0564,0.1332,0.2764,0.6025,0.2842,0.1605,0.0864,0.0611,0.3493,0.4102,0.1896,104.5572,108.8186,-4.2615,15547.0,MIL,-0.7012,2.5474,1.0394,-0.2295,-1.1428,-1.9207,0.0083,0.5215,0.4189,0.5176,1.0744,0.3438,-1.9577,Milwaukee Bucks,2016-present,Milwaukee Bucks_2016,0.0527,1.5314,0.0,0.0,0.0,0.9758,0.583,0.7252,0.0,0.46,0.3749,0.0,0.2914,0.0057
2016,1610612750,95.0946,0.3275,0.1911,0.2794,0.0426,0.1594,0.3319,0.6191,0.2771,0.1566,0.0831,0.0475,0.3478,0.4705,0.202,106.8176,110.0862,-3.2686,15754.0,MIN,-0.2177,0.1511,0.0729,1.877,-2.078,-1.2752,1.96,0.9406,0.1523,0.1724,-0.4561,1.5261,-1.7012,Minnesota Timberwolves,2016-present,Minnesota Timberwolves_2016,0.6932,1.4783,0.0,0.0,0.0,0.2109,0.0,0.5867,0.0,0.0,1.8759,0.0,0.0704,0.0846
2016,1610612751,95.1435,0.3152,0.2477,0.2192,0.0682,0.1497,0.2455,0.5832,0.2738,0.155,0.0799,0.0423,0.3511,0.4669,0.2179,103.4664,110.7967,-7.3303,15663.0,BKN,-0.1943,-0.2563,2.2682,0.3894,-0.3394,-1.5143,-1.0761,0.0315,0.0291,-0.1658,-1.0433,1.4565,-1.3727,Brooklyn Nets,2016-present,Brooklyn Nets_2016,0.251,1.3831,0.0,0.0,0.0,0.7762,0.2313,0.2625,0.0,0.1071,1.9209,0.0,0.0,0.0679
2016,1610612752,93.1946,0.2726,0.2113,0.2602,0.0608,0.195,0.2544,0.5566,0.2694,0.1432,0.0607,0.0605,0.3871,0.4715,0.2559,104.9857,107.6633,-2.6777,15381.0,NYK,-1.1248,-1.6601,0.8574,1.4034,-0.839,-0.398,-0.7629,-0.6444,-0.1346,-2.203,1.014,1.5473,-0.5888,New York Knicks,2016-present,New York Knicks_2016,0.0,1.2071,0.0,0.0,0.0,0.322,0.6061,0.6383,0.0,0.0,2.1846,0.0,0.0,0.0417
2016,1610612753,95.7046,0.3147,0.1879,0.242,0.0635,0.1919,0.2316,0.5962,0.2641,0.1455,0.0847,0.0525,0.3602,0.4299,0.2553,105.5492,106.9972,-1.448,15875.0,ORL,0.0736,-0.2704,-0.0489,0.9524,-0.6601,-0.4763,-1.5655,0.3615,-0.335,0.3389,0.1046,0.7309,-0.6001,Orlando Magic,2016-present,Orlando Magic_2016,1.0493,1.0107,0.0,0.0,0.0,0.8081,0.0,0.6006,0.0,0.1769,1.1657,0.0,0.1817,0.0071
2016,1610612754,96.4588,0.2991,0.1678,0.2627,0.0773,0.1931,0.268,0.5541,0.2639,0.1526,0.0927,0.0489,0.3685,0.4305,0.2704,104.8567,103.0785,1.7782,15980.0,IND,0.4337,-0.7871,-0.8294,1.4644,0.2782,-0.4449,-0.2857,-0.7073,-0.3424,1.1882,-0.2964,0.7423,-0.2883,Indiana Pacers,2016-present,Indiana Pacers_2016,0.4013,1.1101,0.0,0.0,0.0,0.06,0.4589,1.8232,0.0,0.0,1.1345,0.0,0.0,0.012
2016,1610612755,97.4333,0.3476,0.1905,0.1366,0.0788,0.2465,0.2647,0.5926,0.2426,0.1673,0.0848,0.0625,0.3458,0.3271,0.3253,99.4406,109.3491,-9.9085,15717.0,PHI,0.8989,0.811,0.0518,-1.6532,0.3804,0.8702,-0.4004,0.2691,-1.1389,0.353,1.2414,-1.2855,0.8452,Philadelphia 76ers,2016-present,Philadelphia 76ers_2016,0.6572,0.5369,0.0,0.0,0.0,0.567,0.6979,0.4131,0.0,0.4959,0.4945,0.0,1.0062,0.1313
2016,1610612756,98.4779,0.33,0.1742,0.1942,0.0706,0.2311,0.2704,0.5582,0.2922,0.1741,0.0787,0.0383,0.3576,0.3683,0.3016,102.4759,108.8986,-6.4227,15987.0,PHX,1.3977,0.233,-0.5825,-0.2296,-0.1781,0.4894,-0.2021,-0.6034,0.7196,-0.2927,-1.4978,-0.4769,0.356,Phoenix Suns,2016-present,Phoenix Suns_2016,0.6945,0.5717,0.0,0.0,0.0,0.728,0.4583,0.767,0.0,0.4058,0.8787,0.0,0.4318,0.0643
2016,1610612757,95.9091,0.3119,0.1544,0.2018,0.0814,0.2504,0.2683,0.5519,0.2876,0.1515,0.0711,0.0481,0.3761,0.3562,0.3318,108.8499,108.1689,0.6809,15829.0,POR,0.1712,-0.3632,-1.3483,-0.0401,0.5553,0.9665,-0.2745,-0.7622,0.5472,-1.1023,-0.3955,-0.714,0.9791,Portland Trail Blazers,2016-present,Portland Trail Blazers_2016,0.9656,0.3334,0.0,0.0,0.0,0.0665,0.2906,1.3859,0.0,0.946,0.9642,0.0,0.0,0.0477
2016,1610612758,99.7687,0.3501,0.207,0.1833,0.0613,0.1984,0.2949,0.6119,0.2795,0.1611,0.089,0.0447,0.3565,0.3902,0.2596,106.1581,108.6238,-2.4657,16466.0,SAC,2.014,0.896,0.6898,-0.4997,-0.8101,-0.316,0.6609,0.7599,0.2419,0.7973,-0.7746,-0.0475,-0.5113,Sacramento Kings,2016-present,Sacramento Kings_2016,0.6953,1.1717,0.0,0.0,0.0,0.6459,0.3686,0.557,0.0,0.3535,0.9622,0.0,0.1832,0.0626
2016,1610612759,93.6131,0.2892,0.2273,0.2603,0.0653,0.158,0.245,0.6113,0.2544,0.139,0.0882,0.0631,0.3886,0.4875,0.2233,110.19,99.2947,10.8953,15340.0,SAS,-0.925,-1.1135,1.4764,1.4045,-0.5374,-1.3103,-1.0961,0.7444,-0.6952,0.7057,1.3034,1.8613,-1.2619,San Antonio Spurs,2016-present,San Antonio Spurs_2016,0.5668,2.2298,0.0,0.0,0.0,0.3383,0.1277,0.4977,0.0,0.0,0.5604,0.0,0.6793,0.0
2016,1610612760,96.5446,0.3563,0.1728,0.1963,0.0823,0.1923,0.2916,0.5584,0.3485,0.1639,0.0756,0.061,0.3866,0.3691,0.2746,113.3149,105.8035,7.5115,15954.0,OKC,0.4747,1.0977,-0.6338,-0.1779,0.6184,-0.4648,0.5433,-0.5978,2.8252,-0.6248,1.0723,-0.4618,-0.2015,Oklahoma City Thunder,2016-present,Oklahoma City Thunder_2016,0.6369,0.632,0.0,0.0,0.0,0.3014,0.6207,1.3569,0.0,0.5056,0.9208,0.0,0.0,0.0257
2016,1610612761,92.4631,0.3198,0.2104,0.1826,0.0867,0.2005,0.3284,0.511,0.2913,0.1407,0.0835,0.059,0.3828,0.393,0.2871,110.409,105.7796,4.6294,15241.0,TOR,-1.474,-0.1026,0.8217,-0.515,0.9135,-0.2638,1.837,-1.8014,0.6841,0.2167,0.839,0.0071,0.0568,Toronto Raptors,2016-present,Toronto Raptors_2016,0.4344,0.4151,0.0,0.0,0.0,0.5185,0.4665,1.491,0.0,0.5116,0.6227,0.0,0.5057,0.0346
2016,1610612762,90.5998,0.3202,0.2117,0.1714,0.0959,0.2008,0.2859,0.5255,0.2959,0.1624,0.0838,0.0564,0.3756,0.3831,0.2967,106.2898,104.4223,1.8675,15066.0,UTA,-2.3636,-0.091,0.8745,-0.7929,1.5372,-0.2554,0.3437,-1.4322,0.8576,0.2439,0.5523,-0.1867,0.2535,Utah Jazz,2016-present,Utah Jazz_2016,0.264,0.8394,0.0,0.0,0.0,0.5916,0.4114,1.279,0.0,0.643,0.6253,0.0,0.3149,0.0313
2016,1610612763,93.1367,0.3478,0.22,0.2112,0.0621,0.1589,0.2922,0.5628,0.2904,0.141,0.0946,0.0455,0.3474,0.4312,0.221,105.8963,107.7116,-1.8153,15184.0,MEM,-1.1524,0.8195,1.1946,0.1902,-0.7512,-1.2883,0.5632,-0.488,0.6501,1.3911,-0.6864,0.7553,-1.3085,Memphis Grizzlies,2016-present,Memphis Grizzlies_2016,1.0611,1.3259,0.0,0.0,0.0,0.4943,0.0954,0.4729,0.0,0.1005,1.0753,0.0,0.0938,0.2807
2016,1610612764,98.1017,0.3107,0.1712,0.2362,0.0729,0.209,0.2629,0.6192,0.2414,0.1468,0.0876,0.04,0.3571,0.4074,0.282,105.6319,106.2446,-0.6127,16150.0,WAS,1.2181,-0.4045,-0.6974,0.8085,-0.0182,-0.0536,-0.465,0.9443,-1.1837,0.6456,-1.3032,0.2886,-0.0504,Washington Wizards,2016-present,Washington Wizards_2016,0.1724,0.6533,0.0,0.0,0.0,0.0,0.6237,1.1266,0.0,0.0466,1.2736,0.0,1.0558,0.048
2016,1610612765,94.7686,0.3138,0.226,0.157,0.0806,0.2225,0.2955,0.5124,0.3111,0.1415,0.0732,0.0387,0.3732,0.3831,0.3031,106.4553,105.9266,0.5287,15700.0,DET,-0.3733,-0.3011,1.4292,-1.1475,0.4996,0.2791,0.6799,-1.7659,1.4258,-0.8812,-1.4472,-0.1874,0.3859,Detroit Pistons,2016-present,Detroit Pistons_2016,0.5901,0.0,0.0,0.0,0.0,0.779,0.3097,0.6128,0.0,0.6692,1.5178,0.0,0.4395,0.0818
2016,1610612766,95.1599,0.2924,0.1697,0.1897,0.0614,0.2868,0.2804,0.5856,0.2313,0.1306,0.0756,0.0557,0.3913,0.3594,0.3482,107.6288,104.9447,2.6841,15745.0,CHA,-0.1865,-1.0069,-0.7534,-0.3407,-0.8016,1.8616,0.1504,0.0927,-1.5588,-0.6196,0.4658,-0.6515,1.3167,Charlotte Hornets,2016-present,Charlotte Hornets_2016,0.4554,0.5362,0.0,0.0,0.0,0.0,0.0,1.8614,0.0,0.5341,0.6037,0.0,0.9414,0.0678
2017,1610612737,96.7419,0.3517,0.146,0.1933,0.0741,0.235,0.2938,0.6208,0.2792,0.1612,0.0839,0.0493,0.3729,0.3393,0.309,105.5181,106.4924,-0.9743,16004.0,ATL,0.3318,1.0006,-1.2935,0.2521,-0.0399,-0.1533,1.0602,0.8887,0.4164,0.6702,0.0324,-0.4242,-0.1504,Atlanta Hawks,2016-present,Atlanta Hawks_2017,0.9005,1.0737,0.0,0.0,0.0,0.0,0.0,0.9375,0.0,0.5509,1.1033,0.0,0.3427,0.0914
2017,1610612738,96.1579,0.3194,0.1499,0.1377,0.0889,0.3041,0.2727,0.6531,0.2457,0.1374,0.078,0.043,0.3652,0.2876,0.3929,111.8732,109.2001,2.6731,15830.0,BOS,0.0783,0.0038,-1.1531,-1.0445,0.9857,1.4725,0.1034,1.5803,-0.8199,-0.2838,-0.8544,-1.29,1.6283,Boston Celtics,2016-present,Boston Celtics_2017,1.0368,0.6865,0.0,0.0,0.0,0.6133,0.4012,0.6539,0.0,0.0359,0.916,0.0,0.652,0.0044
2017,1610612739,95.7766,0.2988,0.1475,0.1546,0.1211,0.2781,0.2748,0.5673,0.259,0.1412,0.0679,0.0412,0.3762,0.3021,0.3992,114.1559,110.7372,3.4187,15861.0,CLE,-0.0872,-0.6345,-1.2385,-0.6517,3.223,0.8607,0.1968,-0.2538,-0.3271,-1.8905,-1.101,-1.0477,1.7601,Cleveland Cavaliers,2016-present,Cleveland Cavaliers_2017,0.1072,0.4775,0.0,0.0,0.0,0.189,0.0001,1.5564,0.0,0.5851,0.5808,0.0,1.4638,0.04
2017,1610612740,97.4585,0.3109,0.1942,0.1876,0.0698,0.2376,0.2525,0.5827,0.2195,0.1299,0.0787,0.056,0.3791,0.3818,0.3073,106.1033,107.7469,-1.6436,16041.0,NOP,0.6428,-0.2605,0.4343,0.1187,-0.3383,-0.0918,-0.8104,0.074,-1.7858,-0.1652,0.981,0.2885,-0.186,New Orleans Pelicans,2016-present,New Orleans Pelicans_2017,0.0065,1.2875,0.0,0.0,0.0,0.382,0.1223,0.6693,0.0,0.1201,1.0279,0.0,1.0633,0.3212
2017,1610612741,95.1143,0.3087,0.2069,0.2279,0.0759,0.1805,0.2588,0.5841,0.302,0.1418,0.0821,0.0502,0.3781,0.4349,0.2564,107.5344,107.2249,0.3095,15678.0,CHI,-0.3746,-0.3265,0.8906,1.0609,0.0861,-1.434,-0.5291,0.1048,1.2612,0.3728,0.1558,1.1789,-1.2664,Chicago Bulls,2016-present,Chicago Bulls_2017,0.0621,1.2023,0.0,0.0,0.0,0.7187,0.0,1.166,0.0,0.2606,0.6991,0.0,0.8889,0.0024
2017,1610612742,92.0709,0.224,0.1723,0.2376,0.0745,0.2915,0.2246,0.5742,0.2017,0.1281,0.0809,0.0404,0.3526,0.41,0.366,105.8358,108.8546,-3.0188,15152.0,DAL,-1.6953,-2.944,-0.3494,1.2871,-0.0094,1.1768,-2.077,-0.1063,-2.4432,0.1831,-1.2174,0.7612,1.0579,Dallas Mavericks,2016-present,Dallas Mavericks_2017,0.1923,0.746,0.0,0.0,0.0,0.2826,0.1455,0.7555,0.0,0.3458,1.8466,0.0,0.5451,0.1407
2017,1610612743,98.1868,0.3679,0.1654,0.1379,0.0645,0.2642,0.2761,0.615,0.3063,0.1516,0.0703,0.04,0.3715,0.3033,0.3287,113.2946,112.8869,0.4077,16164.0,DEN,0.9588,1.5021,-0.5972,-1.0405,-0.7045,0.5355,0.2551,0.7666,1.4171,-1.5087,-1.2728,-1.0269,0.2676,Denver Nuggets,2016-present,Denver Nuggets_2017,0.2146,0.5179,0.0,0.0,0.0,0.5144,0.5327,0.3583,0.0,0.159,2.4658,0.0,0.2,0.0374
2017,1610612744,99.3488,0.3254,0.1466,0.1692,0.0766,0.2822,0.2591,0.7053,0.2636,0.1478,0.096,0.0678,0.3758,0.3158,0.3588,115.9468,104.511,11.4358,16376.0,GSW,1.4631,0.1866,-1.2699,-0.3102,0.1362,0.9579,-0.5132,2.6959,-0.1586,2.5939,2.637,-0.8171,0.905,Golden State Warriors,2016-present,Golden State Warriors_2017,1.2341,0.7335,0.0,0.0,0.0,0.0117,0.322,1.0102,0.0,0.4199,0.9509,0.0,0.2735,0.0443
2017,1610612745,99.5066,0.355,0.1181,0.0646,0.0955,0.3668,0.3044,0.6263,0.2787,0.151,0.0818,0.043,0.3594,0.1827,0.4622,115.1449,109.7338,5.4111,16402.0,HOU,1.5315,1.1025,-2.2905,-2.7507,1.447,2.9455,1.5383,1.0078,0.398,0.3326,-0.8512,-3.048,3.0971,Houston Rockets,2016-present,Houston Rockets_2017,0.6729,0.0,0.0,0.0,0.0,0.5651,0.0,0.9036,0.0,0.9637,0.0325,0.0,1.8232,0.039
2017,1610612746,95.7145,0.3091,0.1273,0.2345,0.0705,0.2587,0.312,0.57,0.2513,0.1345,0.0778,0.0441,0.3792,0.3617,0.3292,112.9691,108.7686,4.2005,15757.0,LAC,-0.1141,-0.3156,-1.9637,1.2128,-0.286,0.4039,1.884,-0.1962,-0.6136,-0.3157,-0.6958,-0.0476,0.2767,Los Angeles Clippers,2016-present,Los Angeles Clippers_2017,0.4516,0.9954,0.0,0.0,0.0,0.9512,0.0,0.4849,0.0,0.6497,1.1056,0.0,0.3528,0.0088
2017,1610612747,98.3141,0.335,0.2125,0.158,0.0678,0.2267,0.2585,0.5323,0.2789,0.1542,0.0834,0.0396,0.3462,0.3705,0.2945,106.3104,113.1344,-6.824,16144.0,LAL,1.0141,0.4849,1.0878,-0.571,-0.4726,-0.3476,-0.5398,-1.0037,0.4082,0.59,-1.3249,0.0988,-0.4577,Los Angeles Lakers,2016-present,Los Angeles Lakers_2017,0.1926,0.3666,0.0,0.0,0.0,0.1606,1.391,0.8199,0.0,0.0,2.0693,0.0,0.0,0.0
2017,1610612748,94.5865,0.3156,0.2053,0.1646,0.0971,0.2174,0.2512,0.544,0.2808,0.1416,0.0754,0.0601,0.3688,0.3699,0.3145,108.6147,107.3186,1.2961,15591.0,MIA,-0.6036,-0.114,0.8332,-0.4182,1.5554,-0.5655,-0.8692,-0.7519,0.4784,-0.7008,1.5515,0.0894,-0.0348,Miami Heat,2016-present,Miami Heat_2017,0.2107,0.0923,0.0,0.0,0.0,0.5346,0.6319,0.9767,0.0,0.2623,0.9631,0.0,1.1379,0.1906
2017,1610612749,94.1436,0.3812,0.1879,0.141,0.0846,0.2052,0.2739,0.6235,0.253,0.1476,0.0858,0.0562,0.3549,0.329,0.2898,109.5398,109.6766,-0.1368,15518.0,MIL,-0.7958,1.9126,0.2096,-0.9673,0.6898,-0.8526,0.1555,0.9476,-0.5477,0.9702,0.9994,-0.5968,-0.5579,Milwaukee Bucks,2016-present,Milwaukee Bucks_2017,0.1384,1.4461,0.0,0.0,0.0,1.0048,0.7448,0.2201,0.0,0.0794,0.0,0.0,1.3346,0.0318
2017,1610612750,94.4489,0.3313,0.1927,0.2271,0.0678,0.1812,0.2869,0.5997,0.3059,0.1477,0.0838,0.0474,0.3444,0.4198,0.2489,111.2725,112.0389,-0.7664,15588.0,MIN,-0.6633,0.3692,0.3809,1.0412,-0.4785,-1.4181,0.7465,0.4383,1.4052,0.6418,-0.2341,0.9262,-1.4244,Minnesota Timberwolves,2016-present,Minnesota Timberwolves_2017,0.7394,1.4326,0.0,0.0,0.0,0.531,0.1339,0.6241,0.0,0.0,1.2133,0.0,0.2601,0.0655
2017,1610612751,100.8779,0.3498,0.1892,0.0924,0.0815,0.2871,0.2872,0.5674,0.2315,0.1632,0.0719,0.0461,0.3692,0.2816,0.3686,104.8431,110.8613,-6.0182,16295.0,BKN,2.1266,0.9432,0.2535,-2.1019,0.4759,1.0724,0.7609,-0.2528,-1.3417,-1.2589,-0.4183,-1.3915,1.112,Brooklyn Nets,2016-present,Brooklyn Nets_2017,0.588,1.0189,0.0,0.0,0.0,1.066,0.5558,0.2681,0.0,0.0,1.139,0.0,0.2924,0.0719
2017,1610612752,95.6797,0.3136,0.1835,0.2243,0.0657,0.213,0.2385,0.5506,0.2967,0.1441,0.0734,0.0575,0.364,0.4077,0.2787,108.1259,111.8591,-3.7332,15831.0,NYK,-0.1292,-0.1771,0.0492,0.9748,-0.6178,-0.6705,-1.4484,-0.6125,1.0635,-1.0188,1.1798,0.7234,-0.793,New York Knicks,2016-present,New York Knicks_2017,0.258,0.9359,0.0,0.0,0.0,0.6326,0.336,1.1667,0.0,0.298,1.3728,0.0,0.0,0.0
2017,1610612753,96.0,0.2889,0.2097,0.2015,0.0572,0.2427,0.2458,0.5798,0.2594,0.1379,0.073,0.0499,0.3652,0.4112,0.2999,104.8583,111.1713,-6.313,15844.0,ORL,0.0098,-0.938,0.9903,0.4428,-1.2111,0.0283,-1.1176,0.013,-0.3134,-1.0715,0.1148,0.7815,-0.3444,Orlando Magic,2016-present,Orlando Magic_2017,0.0,0.9855,0.0,0.0,0.0,0.0,0.0,0.6151,0.0,0.4403,2.8196,0.0,0.0787,0.0607
2017,1610612754,95.722,0.2839,0.2091,0.235,0.073,0.199,0.2613,0.5725,0.2412,0.1428,0.0844,0.0516,0.36,0.4441,0.272,108.9094,108.9716,-0.0622,15838.0,IND,-0.1108,-1.0923,0.9664,1.2262,-0.1141,-0.9996,-0.4141,-0.1433,-0.9834,0.7467,0.3582,1.3331,-0.9359,Indiana Pacers,2016-present,Indiana Pacers_2017,0.5679,1.2299,0.0,0.0,0.0,0.7229,0.0,1.5619,0.0,0.0558,0.3869,0.0,0.4437,0.0312
2017,1610612755,98.0998,0.3427,0.1723,0.1356,0.0581,0.2913,0.2583,0.6312,0.2631,0.1685,0.0854,0.0518,0.3543,0.3079,0.3494,103.6397,109.3881,-5.7484,16211.0,PHI,0.9211,0.7217,-0.3492,-1.0943,-1.1509,1.1723,-0.5498,1.1111,-0.1777,0.8991,0.387,-0.9496,0.7053,Philadelphia 76ers,2016-present,Philadelphia 76ers_2017,1.3495,0.7364,0.0,0.0,0.0,0.9415,0.5816,0.0,0.0,0.1441,0.9675,0.0,0.1373,0.1422
2017,1610612756,99.8366,0.334,0.1982,0.2124,0.0709,0.1844,0.2972,0.4905,0.2987,0.1536,0.0815,0.0483,0.3498,0.4106,0.2554,107.1203,112.5878,-5.4675,16498.0,PHX,1.6748,0.4544,0.5776,0.698,-0.2576,-1.3411,1.2146,-1.8963,1.1396,0.2861,-0.1004,0.7718,-1.2876,Phoenix Suns,2016-present,Phoenix Suns_2017,1.1252,0.5203,0.0,0.0,0.0,0.0,0.574,1.8135,0.0,0.3244,0.2391,0.0,0.3442,0.0593
2017,1610612757,96.2047,0.3265,0.1635,0.1881,0.066,0.2558,0.2748,0.5344,0.2618,0.1409,0.0719,0.0511,0.3676,0.3516,0.3219,110.6513,111.4676,-0.8163,15978.0,POR,0.0986,0.2231,-0.6666,0.1318,-0.5992,0.3379,0.1991,-0.9583,-0.2246,-1.2489,0.2916,-0.2173,0.1216,Portland Trail Blazers,2016-present,Portland Trail Blazers_2017,0.9996,0.0,0.0,0.0,0.0,0.1257,0.4608,1.7967,0.0,0.5758,0.5694,0.0,0.4514,0.0205
2017,1610612758,94.4711,0.3139,0.2003,0.1948,0.0711,0.2199,0.2836,0.5933,0.2456,0.1531,0.0803,0.0411,0.3606,0.3951,0.291,107.9908,111.6219,-3.6312,15571.0,SAC,-0.6537,-0.1669,0.6535,0.2877,-0.2464,-0.5083,0.5987,0.3013,-0.821,0.0823,-1.1172,0.5125,-0.5335,Sacramento Kings,2016-present,Sacramento Kings_2017,0.443,0.8847,0.0,0.0,0.0,0.4357,0.7994,1.0344,0.0,0.0,1.0189,0.0,0.3752,0.0085
2017,1610612759,93.8299,0.2765,0.2041,0.2386,0.0787,0.2021,0.2631,0.6065,0.2757,0.1421,0.0846,0.0625,0.3787,0.4427,0.2807,111.5027,103.9669,7.5358,15485.0,SAS,-0.9319,-1.3217,0.7889,1.3103,0.2792,-0.9265,-0.3316,0.5829,0.2878,0.7819,1.8922,1.3105,-0.7499,San Antonio Spurs,2016-present,San Antonio Spurs_2017,0.261,0.9837,0.0,0.0,0.0,0.4233,0.3794,1.0092,0.0,0.3323,0.8818,0.0,0.6542,0.0752
2017,1610612760,97.1945,0.3766,0.1716,0.1572,0.0759,0.2188,0.2935,0.5315,0.3249,0.1534,0.0809,0.0508,0.3726,0.3287,0.2946,108.8052,108.3427,0.4625,16013.0,OKC,0.5282,1.7707,-0.3772,-0.5907,0.084,-0.5337,1.0457,-1.0191,2.106,0.1884,0.2422,-0.6009,-0.4554,Oklahoma City Thunder,2016-present,Oklahoma City Thunder_2017,1.5876,0.1231,0.0,0.0,0.0,0.3154,1.0199,0.7207,0.0,0.0,0.8285,0.0,0.365,0.0398
2017,1610612761,94.453,0.2962,0.2103,0.205,0.0814,0.2071,0.2931,0.4724,0.2822,0.1337,0.0871,0.0515,0.3638,0.4153,0.2885,112.391,108.2851,4.1059,15569.0,TOR,-0.6616,-0.7142,1.0115,0.5248,0.4673,-0.8072,1.029,-2.2829,0.5276,1.1754,0.3374,0.8503,-0.585,Toronto Raptors,2016-present,Toronto Raptors_2017,0.154,0.1773,0.0,0.0,0.0,0.1861,0.7356,1.7386,0.0,0.4335,0.6581,0.0,0.8767,0.0401
2017,1610612762,91.0979,0.3312,0.1865,0.1556,0.0938,0.2328,0.2878,0.5443,0.2642,0.1491,0.0733,0.0547,0.391,0.3421,0.3266,110.136,105.8141,4.3219,14997.0,UTA,-2.1175,0.3683,0.1579,-0.6263,1.3281,-0.2028,0.7866,-0.7452,-0.1352,-1.0243,0.7883,-0.3761,0.2227,Utah Jazz,2016-present,Utah Jazz_2017,0.2955,0.2977,0.0,0.0,0.0,1.533,0.0,1.0227,0.0,0.802,1.0347,0.0,0.0,0.0143
2017,1610612763,91.9465,0.3189,0.1908,0.1742,0.0633,0.2529,0.2788,0.5847,0.2841,0.1387,0.086,0.0451,0.3695,0.365,0.3161,108.2389,107.4773,0.7616,15169.0,MEM,-1.7493,-0.013,0.3113,-0.1925,-0.7911,0.2676,0.3777,0.1172,0.5997,0.9971,-0.555,0.0074,-0.0004,Memphis Grizzlies,2016-present,Memphis Grizzlies_2017,1.4879,1.0799,0.0,0.0,0.0,0.5748,0.2543,0.5757,0.0,0.0607,0.1694,0.0,0.7519,0.0454
2017,1610612764,96.9247,0.3242,0.1772,0.2141,0.074,0.2105,0.2537,0.5773,0.2713,0.1447,0.0866,0.042,0.3529,0.3913,0.2844,111.4805,109.98,1.5005,16037.0,WAS,0.4111,0.1518,-0.1734,0.7377,-0.0464,-0.7294,-0.7558,-0.0398,0.1253,1.0896,-0.9945,0.4488,-0.6716,Washington Wizards,2016-present,Washington Wizards_2017,0.4612,0.8641,0.0,0.0,0.0,0.2691,0.6435,0.7237,0.0,0.1388,1.8786,0.0,0.0,0.0211
2017,1610612765,94.4973,0.2698,0.2498,0.2174,0.0538,0.2091,0.2178,0.5298,0.2776,0.1249,0.0736,0.0397,0.3841,0.4672,0.263,106.5803,107.7051,-1.1248,15596.0,DET,-0.6423,-1.5278,2.4256,0.8144,-1.4449,-0.7601,-2.3843,-1.0557,0.3589,-0.9848,-1.3067,1.7201,-1.1264,Detroit Pistons,2016-present,Detroit Pistons_2017,0.0,0.4905,0.0,0.0,0.0,0.3454,0.972,0.9942,0.0,0.0,2.0332,0.0,0.1193,0.0454
2017,1610612766,94.9168,0.2983,0.1737,0.1927,0.0466,0.2887,0.279,0.6114,0.2327,0.1201,0.0727,0.0497,0.384,0.3664,0.3353,109.6647,109.4746,0.19,15685.0,CHA,-0.4603,-0.6493,-0.2999,0.2388,-1.9487,1.1107,0.3881,0.6883,-1.3002,-1.1294,0.0949,0.0312,0.4062,Charlotte Hornets,2016-present,Charlotte Hornets_2017,0.542,0.7503,0.0,0.0,0.0,0.0366,0.1719,1.5651,0.0,0.475,0.8375,0.0,0.5772,0.0444
2018,1610612737,97.553,0.3142,0.1629,0.1605,0.096,0.2663,0.2311,0.6211,0.2492,0.159,0.0811,0.0437,0.3573,0.3234,0.3623,106.6294,111.0662,-4.4368,15365.0,ATL,0.4806,-0.0271,-0.9817,0.0951,1.2946,0.095,-0.7517,0.9281,-0.4435,0.2356,-0.7438,-0.459,0.5406,Atlanta Hawks,2016-present,Atlanta Hawks_2018,0.2971,0.3944,0.0,0.0,0.0,1.1111,0.0,0.5349,0.0,0.6862,1.1926,0.0,0.5418,0.2419
2018,1610612738,95.3816,0.2955,0.1908,0.1564,0.0797,0.2776,0.2427,0.5867,0.2514,0.1449,0.0769,0.0473,0.3878,0.3472,0.3573,108.3726,104.5524,3.8202,15701.0,BOS,-0.8389,-0.7642,-0.0035,-0.0185,0.3224,0.3988,-0.3271,0.0088,-0.3375,-0.3604,-0.2796,-0.0145,0.4322,Boston Celtics,2016-present,Boston Celtics_2018,0.7405,0.9427,0.0,0.0,0.0,0.4123,0.3602,0.4926,0.0,0.0,1.6911,0.0,0.2885,0.0721
2018,1610612739,97.62,0.3188,0.1491,0.1528,0.1012,0.2782,0.2744,0.5785,0.238,0.1398,0.0728,0.0389,0.3655,0.3019,0.3793,113.232,112.4454,0.7866,16037.0,CLE,0.5214,0.1501,-1.465,-0.1156,1.6011,0.4149,0.8373,-0.2083,-0.9735,-0.9475,-1.3449,-0.8608,0.9046,Cleveland Cavaliers,2016-present,Cleveland Cavaliers_2018,0.6346,0.4147,0.0,0.0,0.0,0.2265,0.452,1.306,0.0,0.0,0.9491,0.0,0.9268,0.0905
2018,1610612740,100.0712,0.3335,0.2034,0.1438,0.08,0.2393,0.237,0.6271,0.2307,0.1468,0.0789,0.0583,0.375,0.3472,0.3193,110.1744,108.7437,1.4307,16641.0,NOP,2.0109,0.7313,0.4371,-0.3636,0.3382,-0.633,-0.5359,1.0896,-1.3179,-0.073,1.1143,-0.0149,-0.3806,New Orleans Pelicans,2016-present,New Orleans Pelicans_2018,0.3461,1.336,0.0,0.0,0.0,1.4473,0.2362,0.0048,0.0,0.0,1.0116,0.0,0.4846,0.1333
2018,1610612741,97.5351,0.2892,0.1929,0.168,0.0677,0.2822,0.2161,0.6066,0.2437,0.1423,0.0775,0.0358,0.3736,0.3609,0.3499,104.6757,111.6656,-6.99,16138.0,CHI,0.4698,-1.012,0.0673,0.3001,-0.3936,0.5243,-1.3032,0.5415,-0.7011,-0.2706,-1.7471,0.2408,0.2745,Chicago Bulls,2016-present,Chicago Bulls_2018,0.0492,1.6084,0.0,0.0,0.0,0.2243,0.6579,0.9731,0.0,0.0,1.3582,0.0,0.0,0.1289
2018,1610612742,95.1275,0.2701,0.1744,0.1738,0.0667,0.315,0.2173,0.594,0.21,0.128,0.0737,0.0395,0.3686,0.3482,0.3817,106.743,110.1913,-3.4483,15700.0,DAL,-0.9933,-1.765,-0.5795,0.4587,-0.4491,1.4078,-1.2589,0.2041,-2.2947,-0.8121,-1.2692,0.0039,0.9554,Dallas Mavericks,2016-present,Dallas Mavericks_2018,0.3048,0.4796,0.0,0.0,0.0,0.2044,0.662,0.9244,0.0,0.1802,1.7741,0.0,0.2678,0.2027
2018,1610612743,96.3622,0.3285,0.2135,0.101,0.0629,0.2941,0.2577,0.6168,0.2917,0.1533,0.0785,0.0506,0.3635,0.3144,0.3571,113.1318,111.3628,1.769,15964.0,DEN,-0.243,0.5338,0.7884,-1.5349,-0.6756,0.8459,0.2229,0.8143,1.5655,-0.1366,0.1341,-0.6272,0.4283,Denver Nuggets,2016-present,Denver Nuggets_2018,1.1364,0.8933,0.0,0.0,0.0,0.1361,0.1154,0.1933,0.0,0.3642,1.8963,0.0,0.2211,0.044
2018,1610612744,99.1939,0.2932,0.1756,0.1924,0.0576,0.2811,0.2389,0.6845,0.2324,0.1559,0.0807,0.0751,0.3768,0.3681,0.3387,114.4755,107.7362,6.7393,16121.0,GSW,1.4777,-0.8546,-0.5354,0.9684,-0.9917,0.4929,-0.4648,2.6215,-1.2356,0.1836,3.2645,0.3754,0.0346,Golden State Warriors,2016-present,Golden State Warriors_2018,0.996,0.2415,0.0,0.0,0.0,0.2393,0.4358,1.3086,0.0,0.5875,0.8188,0.0,0.3508,0.0216
2018,1610612745,96.8079,0.3186,0.1125,0.0665,0.1186,0.3839,0.2984,0.5567,0.2436,0.1423,0.0878,0.0493,0.3742,0.179,0.5025,115.4077,107.0908,8.317,15937.0,HOU,0.0279,0.1427,-2.7453,-2.4788,2.639,3.2669,1.7177,-0.7916,-0.7093,1.1879,-0.0281,-3.1575,3.5399,Houston Rockets,2016-present,Houston Rockets_2018,0.3982,0.0,0.0,0.0,0.0,0.0312,0.1963,1.1054,0.0,0.6517,0.6768,0.0,1.8258,0.1146
2018,1610612746,98.2608,0.3839,0.1839,0.1191,0.0721,0.2411,0.2995,0.5544,0.2869,0.1493,0.078,0.0458,0.3644,0.303,0.3131,110.8917,110.6642,0.2275,16107.0,LAC,0.9108,2.7143,-0.2474,-1.0384,-0.1323,-0.5862,1.7583,-0.853,1.337,-0.2078,-0.4706,-0.841,-0.5126,Los Angeles Clippers,2016-present,Los Angeles Clippers_2018,0.5203,0.0,0.0,0.0,0.0,1.2223,0.3738,0.9538,0.0,0.7158,0.6755,0.0,0.3808,0.1578
2018,1610612747,99.5424,0.3655,0.1775,0.1282,0.0571,0.2717,0.2636,0.5839,0.276,0.157,0.0764,0.047,0.373,0.3056,0.3288,107.4573,108.8125,-1.3552,16508.0,LAL,1.6895,1.9913,-0.4721,-0.7897,-1.0218,0.2404,0.4386,-0.0659,0.8245,-0.4331,-0.3231,-0.7911,-0.1765,Los Angeles Lakers,2016-present,Los Angeles Lakers_2018,0.8077,0.9344,0.0,0.0,0.0,0.7651,0.9347,0.4312,0.0,0.0,0.6179,0.0,0.3979,0.111
2018,1610612748,94.9343,0.3183,0.1893,0.1342,0.0956,0.2626,0.2288,0.5848,0.2513,0.1497,0.0785,0.0553,0.3755,0.3235,0.3582,107.7373,106.9022,0.835,15767.0,MIA,-1.1107,0.1333,-0.0591,-0.6248,1.2712,-0.0057,-0.8343,-0.0414,-0.3434,-0.1284,0.744,-0.4581,0.4523,Miami Heat,2016-present,Miami Heat_2018,1.4079,0.0,0.0,0.0,0.0,0.0,0.4164,0.7203,0.0,0.3382,1.4221,0.0,0.5427,0.1523
2018,1610612749,95.7546,0.3462,0.1814,0.1752,0.0807,0.2165,0.2815,0.5848,0.2354,0.1437,0.0912,0.056,0.3473,0.3566,0.2972,110.3959,110.6587,-0.2629,15816.0,MIL,-0.6122,1.2293,-0.3342,0.4971,0.3822,-1.2484,1.0964,-0.0423,-1.0948,1.6736,0.8291,0.161,-0.853,Milwaukee Bucks,2016-present,Milwaukee Bucks_2018,0.3815,0.8847,0.0,0.0,0.0,0.8624,0.1261,0.7543,0.0,0.4943,0.4114,0.0,0.9625,0.1228
2018,1610612750,95.5516,0.2968,0.2486,0.1934,0.0626,0.1986,0.2803,0.553,0.2783,0.1295,0.0875,0.0438,0.3505,0.442,0.2612,113.7861,111.6654,2.1207,15770.0,MIN,-0.7355,-0.7155,2.0191,0.9947,-0.697,-1.7309,1.0539,-0.8895,0.9299,1.1457,-0.7275,1.7567,-1.6235,Minnesota Timberwolves,2016-present,Minnesota Timberwolves_2018,0.4866,1.7561,0.0,0.0,0.0,0.4143,0.0137,1.1269,0.0,0.0,1.2,0.0,0.0,0.0024
2018,1610612751,98.2227,0.3052,0.1956,0.0881,0.0887,0.3224,0.259,0.6191,0.2462,0.1528,0.0632,0.048,0.3737,0.2837,0.4111,107.7084,111.4307,-3.7223,16209.0,BKN,0.8876,-0.3823,0.1615,-1.8859,0.8583,1.6083,0.2732,0.8758,-0.584,-2.3121,-0.1892,-1.2014,1.5843,Brooklyn Nets,2016-present,Brooklyn Nets_2018,0.6591,0.4873,0.0,0.0,0.0,0.4738,0.4502,0.8896,0.0,0.3598,0.0473,0.0,1.5093,0.1236
2018,1610612752,96.3693,0.3063,0.2173,0.21,0.0546,0.2118,0.2152,0.5735,0.2769,0.1516,0.0694,0.053,0.3699,0.4273,0.2664,107.7204,110.8956,-3.1751,15866.0,NYK,-0.2387,-0.3384,0.9213,1.4488,-1.1726,-1.3755,-1.3361,-0.3435,0.8668,-1.428,0.4491,1.4809,-1.5125,New York Knicks,2016-present,New York Knicks_2018,0.0757,0.8086,0.0,0.0,0.0,0.5656,0.8666,0.7156,0.0,0.0,1.1822,0.0,0.7139,0.0719
2018,1610612753,97.5304,0.3018,0.2105,0.1469,0.065,0.2757,0.2371,0.6036,0.239,0.1488,0.0776,0.0499,0.3586,0.3575,0.3407,105.864,110.5776,-4.7137,15996.0,ORL,0.4669,-0.5151,0.6857,-0.2766,-0.5524,0.3477,-0.5306,0.4603,-0.9241,-0.2533,0.0489,0.1771,0.0772,Orlando Magic,2016-present,Orlando Magic_2018,0.669,1.0634,0.0,0.0,0.0,1.624,0.0,0.0,0.0,0.5144,0.7998,0.0,0.177,0.1524
2018,1610612754,95.4715,0.3188,0.1662,0.2311,0.0647,0.2191,0.2221,0.5438,0.2606,0.1386,0.0915,0.0433,0.3602,0.3973,0.2838,110.1553,108.7034,1.4519,15717.0,IND,-0.7842,0.1535,-0.8661,2.0277,-0.5725,-1.1776,-1.0812,-1.1365,0.0972,1.72,-0.7951,0.9221,-1.1399,Indiana Pacers,2016-present,Indiana Pacers_2018,0.8005,0.5871,0.0,0.0,0.0,0.0,0.5246,1.1633,0.0,0.0,1.875,0.0,0.0,0.0496
2018,1610612755,99.2961,0.3108,0.2012,0.1434,0.0552,0.2893,0.2632,0.6632,0.2842,0.1652,0.0832,0.0513,0.3898,0.3447,0.3445,110.1137,105.4463,4.6674,16366.0,PHI,1.5399,-0.1614,0.3596,-0.3724,-1.1345,0.7147,0.4259,2.0522,1.2083,0.533,0.2273,-0.0623,0.1592,Philadelphia 76ers,2016-present,Philadelphia 76ers_2018,0.8523,0.4753,0.0,0.0,0.0,1.124,0.6155,0.0,0.0,0.0,0.7266,0.0,1.0896,0.1166
2018,1610612756,99.7708,0.3414,0.1992,0.139,0.0706,0.2498,0.2728,0.5537,0.2677,0.156,0.0697,0.045,0.3649,0.3383,0.3203,104.7073,112.9334,-8.2261,16048.0,PHX,1.8284,1.0414,0.2903,-0.493,-0.2202,-0.3518,0.7778,-0.873,0.4304,-1.3832,-0.5707,-0.1816,-0.3582,Phoenix Suns,2016-present,Phoenix Suns_2018,0.3972,1.0475,0.0,0.0,0.0,0.3591,0.115,1.0761,0.0,0.6474,0.0604,0.0,1.2585,0.0387
2018,1610612757,95.7024,0.3175,0.1895,0.1694,0.0596,0.2641,0.2405,0.4963,0.2709,0.1403,0.0729,0.0538,0.3897,0.3589,0.3237,109.6607,107.522,2.1387,15755.0,POR,-0.644,0.1004,-0.0519,0.338,-0.8745,0.0342,-0.407,-2.4058,0.5828,-0.9256,0.552,0.203,-0.2872,Portland Trail Blazers,2016-present,Portland Trail Blazers_2018,1.1072,0.1849,0.0,0.0,0.0,0.0,0.5806,1.4256,0.0,0.3624,0.9411,0.0,0.3766,0.0216
2018,1610612758,94.3516,0.278,0.2425,0.2014,0.0605,0.2176,0.1928,0.5557,0.2489,0.1443,0.083,0.0438,0.3564,0.4439,0.2781,104.516,111.6051,-7.089,15466.0,SAC,-1.4648,-1.4551,1.804,1.2149,-0.8222,-1.2185,-2.1566,-0.8197,-0.4572,0.5054,-0.7254,1.7923,-1.2621,Sacramento Kings,2016-present,Sacramento Kings_2018,0.0,0.6986,0.0,0.0,0.0,0.0,0.9532,0.7668,0.0,0.0,1.8387,0.0,0.6424,0.1003
2018,1610612759,94.5508,0.2888,0.237,0.1917,0.0683,0.2142,0.2433,0.5837,0.2687,0.1387,0.081,0.0593,0.3799,0.4287,0.2825,108.2807,105.359,2.9217,15497.0,SAS,-1.3438,-1.0286,1.6113,0.9488,-0.3564,-1.311,-0.3053,-0.0701,0.4769,0.2202,1.2443,1.5077,-1.168,San Antonio Spurs,2016-present,San Antonio Spurs_2018,0.151,1.3949,0.0,0.0,0.0,1.2744,0.1396,0.2694,0.0,0.0,0.9204,0.0,0.7264,0.124
2018,1610612760,95.9395,0.3344,0.1392,0.1814,0.0856,0.2594,0.2749,0.535,0.3162,0.1443,0.0939,0.0521,0.3586,0.3206,0.345,111.3854,108.2133,3.1721,15854.0,OKC,-0.4999,0.7677,-1.8119,0.6667,0.6731,-0.092,0.8543,-1.3714,2.7228,2.0617,0.3256,-0.5118,0.1689,Oklahoma City Thunder,2016-present,Oklahoma City Thunder_2018,0.6349,0.0,0.0,0.0,0.0,0.0,0.0401,1.8175,0.0,1.0446,0.6376,0.0,0.7836,0.0418
2018,1610612761,96.7504,0.3305,0.1829,0.1094,0.0969,0.2804,0.2495,0.5897,0.2623,0.1368,0.0784,0.0626,0.3698,0.2922,0.3773,114.3642,106.7151,7.6491,15988.0,TOR,-0.0071,0.6106,-0.2824,-1.305,1.3497,0.4744,-0.0752,0.0899,0.175,-0.1418,1.6735,-1.0417,0.8614,Toronto Raptors,2016-present,Toronto Raptors_2018,0.794,0.5338,0.0,0.0,0.0,1.6391,0.4362,0.6915,0.0,0.4854,0.0012,0.0,0.336,0.0828
2018,1610612762,95.3257,0.3209,0.1817,0.1407,0.102,0.2548,0.2598,0.5859,0.2499,0.1535,0.0901,0.0535,0.3796,0.3223,0.3568,108.8869,104.293,4.5939,15693.0,UTA,-0.8728,0.2338,-0.3235,-0.4488,1.6482,-0.2151,0.3016,-0.0132,-0.4118,1.5171,0.5095,-0.479,0.4217,Utah Jazz,2016-present,Utah Jazz_2018,0.7779,0.0,0.0,0.0,0.0,0.7816,0.5395,1.2394,0.0,0.6681,0.715,0.0,0.1912,0.0872
2018,1610612763,94.538,0.3444,0.1771,0.1599,0.0646,0.254,0.2564,0.5879,0.2599,0.1567,0.0791,0.0521,0.3555,0.337,0.3186,105.9641,110.174,-4.2099,14252.0,MEM,-1.3515,1.1582,-0.4831,0.0772,-0.5774,-0.2362,0.1774,0.0408,0.0614,-0.0392,0.326,-0.2051,-0.3949,Memphis Grizzlies,2016-present,Memphis Grizzlies_2018,0.2706,1.5657,0.0,0.0,0.0,1.1228,0.2331,0.4165,0.0,0.0882,1.0532,0.0,0.0,0.25
2018,1610612764,96.2538,0.2751,0.2153,0.1999,0.0627,0.2469,0.2546,0.6305,0.265,0.1499,0.0811,0.0444,0.3628,0.4152,0.3096,109.6726,109.2898,0.3828,15926.0,WAS,-0.3088,-1.566,0.8529,1.1729,-0.6901,-0.4278,0.1113,1.1801,0.3047,0.2366,-0.6534,1.256,-0.5873,Washington Wizards,2016-present,Washington Wizards_2018,0.5676,0.9183,0.0,0.0,0.0,0.6764,0.5204,1.1117,0.0,0.2853,0.8921,0.0,0.0,0.0281
2018,1610612765,95.5456,0.2972,0.2142,0.1557,0.08,0.2529,0.2274,0.5823,0.2606,0.1394,0.0796,0.0402,0.3702,0.3699,0.3329,107.9274,108.0659,-0.1385,15769.0,DET,-0.7392,-0.6967,0.8141,-0.0369,0.3378,-0.2666,-0.888,-0.1083,0.0977,0.0318,-1.1848,0.4093,-0.0901,Detroit Pistons,2016-present,Detroit Pistons_2018,0.1381,0.085,0.0,0.0,0.0,0.0292,0.0439,1.1369,0.0,0.8649,1.7766,0.0,0.8838,0.0416
2018,1610612766,97.547,0.3045,0.2032,0.178,0.0511,0.2632,0.3118,0.5536,0.2617,0.1291,0.0696,0.0464,0.3789,0.3812,0.3142,110.2634,110.2353,0.0281,16079.0,CHA,0.477,-0.4096,0.4295,0.5738,-1.3817,0.0099,2.2096,-0.8735,0.1476,-1.3993,-0.3897,0.621,-0.4887,Charlotte Hornets,2016-present,Charlotte Hornets_2018,0.2629,0.5652,0.0,0.0,0.0,0.2504,0.2252,1.1976,0.0,0.6243,1.3519,0.0,0.5102,0.0123
2019,1610612737,103.2526,0.364,0.1653,0.068,0.1071,0.2956,0.2532,0.6258,0.2808,0.1637,0.0787,0.0493,0.3534,0.2333,0.4027,109.2027,114.0871,-4.8843,16561.0,ATL,1.7686,1.1063,-0.8576,-1.439,1.4145,0.5244,-0.1925,0.7558,0.8266,0.2991,-0.0179,-1.4257,0.9261,Atlanta Hawks,2016-present,Atlanta Hawks_2019,1.201,0.0,0.0,0.0,0.0,0.521,0.8605,0.8862,0.0,0.0726,0.4552,0.0,0.8569,0.1467
2019,1610612738,99.3549,0.2851,0.1864,0.1474,0.0812,0.2999,0.2153,0.6245,0.2475,0.1285,0.0862,0.0531,0.3728,0.3338,0.3811,112.61,108.0435,4.5665,16377.0,BOS,-0.0934,-1.3884,-0.1137,0.6503,-0.036,0.6424,-1.6826,0.7183,-0.8676,1.2208,0.5202,0.3876,0.472,Boston Celtics,2016-present,Boston Celtics_2019,0.5511,0.4947,0.0,0.0,0.0,0.6422,0.4394,0.5652,0.0,0.0722,2.0659,0.0,0.1498,0.0195
2019,1610612739,96.123,0.3072,0.2183,0.1421,0.0735,0.2589,0.2323,0.5326,0.2711,0.1394,0.0676,0.0246,0.3515,0.3604,0.3324,108.3418,117.9139,-9.5721,15735.0,CLE,-1.6374,-0.6902,1.0071,0.5119,-0.4699,-0.4965,-1.0164,-1.7856,0.3328,-1.0771,-3.5517,0.8667,-0.5513,Cleveland Cavaliers,2016-present,Cleveland Cavaliers_2019,0.401,0.1543,0.0,0.0,0.0,0.2402,1.1282,0.5647,0.0,0.0,2.1667,0.0,0.1493,0.1957
2019,1610612740,102.6604,0.3591,0.2218,0.0956,0.0705,0.2531,0.2493,0.6193,0.2808,0.144,0.0724,0.0526,0.3718,0.3174,0.3235,112.2989,112.5334,-0.2345,16438.0,NOP,1.4857,0.9506,1.1321,-0.7125,-0.6409,-0.6604,-0.3492,0.5783,0.8307,-0.4844,0.4476,0.0914,-0.7391,New Orleans Pelicans,2016-present,New Orleans Pelicans_2019,0.0,0.4743,0.0,0.0,0.0,0.6062,1.0744,0.6139,0.0,0.0,0.9114,0.0,1.2704,0.0495
2019,1610612741,98.3614,0.3466,0.2217,0.1371,0.0682,0.2264,0.2329,0.5494,0.232,0.1422,0.0741,0.043,0.3641,0.3588,0.2946,105.5611,113.9088,-8.3478,16148.0,CHI,-0.5681,0.5559,1.1267,0.3798,-0.7679,-1.4009,-0.9918,-1.3272,-1.6563,-0.2764,-0.9279,0.8374,-1.3463,Chicago Bulls,2016-present,Chicago Bulls_2019,0.2237,1.094,0.0,0.0,0.0,1.3331,0.5915,0.5477,0.0,0.0,0.5802,0.0,0.4726,0.1571
2019,1610612742,98.3208,0.3024,0.186,0.0902,0.0862,0.3352,0.2913,0.6028,0.2614,0.1438,0.0659,0.0434,0.3774,0.2762,0.4214,110.158,111.5285,-1.3705,16195.0,DAL,-0.5875,-0.8395,-0.1301,-0.8544,0.2455,1.624,1.3021,0.1273,-0.1607,-1.2911,-0.8716,-0.6524,1.3193,Dallas Mavericks,2016-present,Dallas Mavericks_2019,0.8753,0.0,0.0,0.0,0.0,0.901,0.0,0.8903,0.0,0.9128,1.1457,0.0,0.2492,0.0257
2019,1610612743,97.2772,0.3204,0.2297,0.1017,0.0712,0.277,0.2321,0.6528,0.3004,0.1376,0.0793,0.0454,0.3782,0.3314,0.3482,113.3808,109.5244,3.8564,15994.0,DEN,-1.086,-0.271,1.4087,-0.5512,-0.5973,0.0045,-1.0215,1.4907,1.8256,0.3771,-0.5766,0.3436,-0.2203,Denver Nuggets,2016-present,Denver Nuggets_2019,0.6889,0.6295,0.0,0.0,0.0,0.0,0.4789,0.6192,0.0,0.4348,1.2156,0.0,0.8232,0.1098
2019,1610612744,100.6776,0.2762,0.1622,0.178,0.0793,0.3043,0.2271,0.6681,0.2526,0.1408,0.0752,0.0631,0.3835,0.3402,0.3836,116.2651,109.6681,6.597,16616.0,GSW,0.5384,-1.6688,-0.9673,1.4549,-0.1425,0.7656,-1.2169,1.906,-0.607,-0.1414,1.957,0.502,0.5252,Golden State Warriors,2016-present,Golden State Warriors_2019,0.6524,0.1969,0.0,0.0,0.0,0.5755,0.1939,1.5274,0.0,0.4757,0.9281,0.0,0.3997,0.0503
2019,1610612745,97.4189,0.3011,0.1407,0.0387,0.1312,0.3882,0.2794,0.541,0.257,0.1356,0.0871,0.0504,0.3499,0.1794,0.5195,115.8645,111.3738,4.4907,16098.0,HOU,-1.0183,-0.8806,-1.7237,-2.2095,2.771,3.101,0.8319,-1.555,-0.3813,1.3366,0.1343,-2.3975,3.3814,Houston Rockets,2016-present,Houston Rockets_2019,0.2375,0.0,0.0,0.0,0.0,0.0394,0.1659,1.1854,0.0,0.7736,0.0295,0.0,2.4699,0.0987
2019,1610612746,101.3979,0.354,0.2152,0.1357,0.0658,0.2293,0.326,0.5822,0.2623,0.1424,0.067,0.046,0.3701,0.3509,0.2951,112.6999,111.8644,0.8355,16756.0,LAC,0.8825,0.7899,0.9001,0.3429,-0.9049,-1.3209,2.6624,-0.4344,-0.1154,-1.1549,-0.5019,0.6961,-1.3373,Los Angeles Clippers,2016-present,Los Angeles Clippers_2019,0.3701,0.4711,0.0,0.0,0.0,1.0792,0.4522,0.5102,0.0,0.5468,0.8714,0.0,0.6404,0.0584
2019,1610612747,102.4099,0.3961,0.1584,0.1044,0.0772,0.2639,0.256,0.6005,0.2688,0.1515,0.0734,0.0523,0.3795,0.2628,0.3411,109.0556,109.7493,-0.6937,16454.0,LAL,1.366,2.1207,-1.1007,-0.4811,-0.2619,-0.3589,-0.0832,0.0647,0.2192,-0.3594,0.4118,-0.8936,-0.3693,Los Angeles Lakers,2016-present,Los Angeles Lakers_2019,0.6993,0.514,0.0,0.0,0.0,1.1498,0.1307,0.4944,0.0,0.7155,0.5129,0.0,0.7405,0.0428
2019,1610612748,97.5874,0.33,0.2085,0.0932,0.1013,0.267,0.2469,0.6124,0.2904,0.1507,0.0781,0.0558,0.3799,0.3017,0.3682,108.1607,108.1683,-0.0076,16045.0,MIA,-0.9378,0.0319,0.663,-0.774,1.0892,-0.2732,-0.4423,0.3905,1.3173,0.2193,0.9052,-0.191,0.2015,Miami Heat,2016-present,Miami Heat_2019,1.0395,0.0,0.0,0.0,0.0,0.4978,0.4821,0.7418,0.0,0.4228,1.604,0.0,0.1457,0.0663
2019,1610612749,102.6134,0.3737,0.134,0.0736,0.0842,0.3345,0.2513,0.6008,0.2407,0.1345,0.0732,0.0582,0.4107,0.2076,0.4187,114.9578,106.21,8.7478,16567.0,MIL,1.4632,1.4132,-1.9612,-1.2906,0.1323,1.6048,-0.2678,0.0737,-1.2113,-0.3815,1.2559,-1.8892,1.2624,Milwaukee Bucks,2016-present,Milwaukee Bucks_2019,0.6308,0.0179,0.0,0.0,0.0,0.6634,0.6165,0.6093,0.0,0.0,0.6989,0.0,1.679,0.0841
2019,1610612750,99.9939,0.321,0.2085,0.1556,0.0728,0.2421,0.2666,0.5913,0.285,0.1303,0.0829,0.0499,0.3564,0.364,0.315,111.9704,113.4636,-1.4933,16474.0,MIN,0.2118,-0.2529,0.6618,0.8653,-0.5077,-0.9638,0.3317,-0.186,1.0432,0.8186,0.0625,0.9321,-0.9185,Minnesota Timberwolves,2016-present,Minnesota Timberwolves_2019,0.8621,0.8992,0.0,0.0,0.0,0.4168,0.4247,0.7682,0.0,0.0,0.8024,0.0,0.6827,0.1439
2019,1610612751,100.4324,0.3422,0.1828,0.072,0.0803,0.3226,0.2838,0.5919,0.2783,0.1478,0.0645,0.0405,0.3718,0.2548,0.403,110.0825,110.1543,-0.0718,16722.0,BKN,0.4213,0.4175,-0.2424,-1.3319,-0.0872,1.2757,1.0054,-0.1676,0.7007,-1.4634,-1.276,-1.0372,0.9315,Brooklyn Nets,2016-present,Brooklyn Nets_2019,0.7592,0.0,0.0,0.0,0.0,0.2651,0.3125,1.333,0.0,0.9102,0.0,0.0,1.3385,0.0815
2019,1610612752,98.978,0.3397,0.1688,0.1569,0.061,0.2736,0.269,0.5262,0.26,0.1403,0.0695,0.052,0.367,0.3257,0.3346,105.9361,113.9576,-8.0215,15765.0,NYK,-0.2735,0.3382,-0.7358,0.9021,-1.1713,-0.09,0.4255,-1.9599,-0.2279,-0.8366,0.367,0.2415,-0.5067,New York Knicks,2016-present,New York Knicks_2019,0.0,0.0,0.0,0.0,0.0,0.6825,0.7274,0.5808,0.0,0.4641,1.9428,0.0,0.3939,0.2084
2019,1610612753,97.632,0.2856,0.1857,0.1683,0.0728,0.2875,0.2155,0.6318,0.2513,0.1344,0.0675,0.0553,0.3817,0.354,0.3603,109.3168,108.6908,0.626,16093.0,ORL,-0.9165,-1.3708,-0.1396,1.2015,-0.5091,0.2989,-1.672,0.918,-0.6724,-1.0867,0.8399,0.7521,0.0352,Orlando Magic,2016-present,Orlando Magic_2019,0.8199,1.2952,0.0,0.0,0.0,1.2249,0.192,0.0,0.0,0.1631,1.1855,0.0,0.0854,0.0341
2019,1610612754,97.5225,0.3483,0.1765,0.1836,0.0709,0.2207,0.242,0.6277,0.2625,0.1401,0.089,0.0504,0.3687,0.3601,0.2917,110.6572,107.166,3.4911,16014.0,IND,-0.9688,0.6094,-0.4656,1.6032,-0.6152,-1.5594,-0.6321,0.8074,-0.1038,1.5723,0.1399,0.8606,-1.4089,Indiana Pacers,2016-present,Indiana Pacers_2019,0.8167,0.6315,0.0,0.0,0.0,0.8789,0.4652,0.8306,0.0,0.0,1.0034,0.0,0.3409,0.0328
2019,1610612755,101.4725,0.3255,0.1986,0.1338,0.065,0.2771,0.3115,0.6478,0.2782,0.1463,0.0721,0.0516,0.3818,0.3324,0.3421,112.9322,110.0764,2.8558,16735.0,PHI,0.9182,-0.1106,0.3128,0.2944,-0.948,0.0087,2.0948,1.3539,0.6948,-0.518,0.3029,0.362,-0.3485,Philadelphia 76ers,2016-present,Philadelphia 76ers_2019,0.3825,0.7809,0.0,0.0,0.0,1.1079,0.2237,0.4565,0.0,0.0,0.605,0.0,1.2821,0.1615
2019,1610612756,99.9707,0.3325,0.2088,0.1244,0.0821,0.2522,0.2594,0.5956,0.2393,0.1539,0.0889,0.0504,0.3334,0.3332,0.3343,107.1043,115.5208,-8.4166,16281.0,PHX,0.2008,0.1101,0.6731,0.0457,0.0142,-0.6842,0.0502,-0.0684,-1.2867,1.5606,0.1381,0.3761,-0.5118,Phoenix Suns,2016-present,Phoenix Suns_2019,0.5123,0.5493,0.0,0.0,0.0,1.1078,0.0,0.8765,0.0,0.3161,0.4491,0.0,1.0836,0.1053
2019,1610612757,98.9252,0.3599,0.1582,0.1426,0.0549,0.2844,0.2577,0.5438,0.302,0.1382,0.0668,0.0506,0.3829,0.3008,0.3393,114.6725,110.8826,3.7899,16368.0,POR,-0.2987,0.9765,-1.1081,0.5243,-1.5125,0.2108,-0.0174,-1.4792,1.9079,-1.1701,0.157,-0.2082,-0.4071,Portland Trail Blazers,2016-present,Portland Trail Blazers_2019,1.4907,0.0,0.0,0.0,0.0,0.0,1.0162,1.1215,0.0,0.0,1.3185,0.0,0.0,0.0531
2019,1610612758,102.7329,0.3212,0.2178,0.1396,0.0682,0.2532,0.2442,0.5883,0.2639,0.1293,0.0804,0.043,0.3549,0.3573,0.3215,110.831,111.9863,-1.1553,16891.0,SAC,1.5203,-0.2464,0.9887,0.4452,-0.7666,-0.6552,-0.5473,-0.2681,-0.0309,0.5098,-0.9255,0.8116,-0.7823,Sacramento Kings,2016-present,Sacramento Kings_2019,0.6226,0.3942,0.0,0.0,0.0,0.1122,0.9347,0.6523,0.0,0.0,1.6886,0.0,0.5522,0.0432
2019,1610612759,97.9147,0.2417,0.2547,0.2179,0.0588,0.227,0.2373,0.5804,0.2357,0.123,0.0619,0.0477,0.3811,0.4725,0.2857,113.4994,111.4296,2.0698,16160.0,SAS,-0.7815,-2.7578,2.2892,2.5043,-1.2969,-1.3864,-0.8181,-0.4807,-1.4667,-1.7801,-0.2525,2.8892,-1.5335,San Antonio Spurs,2016-present,San Antonio Spurs_2019,0.3118,1.256,0.0,0.0,0.0,0.4296,0.0291,0.671,0.0,0.3212,1.5303,0.0,0.4171,0.0338
2019,1610612760,102.2493,0.3606,0.1734,0.1186,0.0942,0.2532,0.2659,0.5482,0.2991,0.1349,0.0906,0.0503,0.3632,0.292,0.3474,110.8919,107.7487,3.1432,16918.0,OKC,1.2893,0.9994,-0.5741,-0.1066,0.6927,-0.6569,0.3039,-1.3598,1.7615,1.7708,0.1171,-0.3671,-0.237,Oklahoma City Thunder,2016-present,Oklahoma City Thunder_2019,1.1212,0.0,0.0,0.0,0.0,0.0,0.6782,1.9656,0.0,0.2603,0.0933,0.0,0.8805,0.0009
2019,1610612761,99.5421,0.3209,0.1912,0.1086,0.109,0.2704,0.2461,0.6026,0.2502,0.1389,0.0831,0.0533,0.3754,0.2998,0.3793,113.8002,108.0249,5.7753,16397.0,TOR,-0.004,-0.2572,0.0554,-0.371,1.5213,-0.1788,-0.4711,0.1215,-0.7294,0.8359,0.5433,-0.226,0.4346,Toronto Raptors,2016-present,Toronto Raptors_2019,0.9813,0.6626,0.0,0.0,0.0,0.9219,0.2956,0.6227,0.0,0.0,0.7206,0.0,0.7268,0.0687
2019,1610612762,99.7783,0.3577,0.1652,0.0833,0.1186,0.2752,0.2954,0.6436,0.2707,0.1509,0.0807,0.0588,0.3881,0.2485,0.3938,111.5563,106.282,5.2743,16426.0,UTA,0.1088,0.9059,-0.8616,-1.0352,2.0625,-0.0441,1.4616,1.2408,0.3145,0.5462,1.3373,-1.1509,0.7391,Utah Jazz,2016-present,Utah Jazz_2019,0.5747,0.0,0.0,0.0,0.0,0.9344,0.0,1.137,0.0,1.1767,0.1739,0.0,0.9609,0.0424
2019,1610612763,96.1349,0.3145,0.2244,0.1214,0.0825,0.2571,0.2722,0.6313,0.2318,0.1441,0.0874,0.0562,0.3654,0.3458,0.3397,107.2238,108.2635,-1.0397,15018.0,MEM,-1.6317,-0.4588,1.2229,-0.0324,0.0373,-0.5465,0.5517,0.905,-1.6667,1.3759,0.9583,0.6041,-0.3991,Memphis Grizzlies,2016-present,Memphis Grizzlies_2019,0.8836,0.45,0.0,0.0,0.0,0.642,0.6924,0.592,0.0,0.1704,0.5633,0.0,0.7938,0.2125
2019,1610612764,101.0156,0.3406,0.1545,0.1352,0.085,0.2847,0.2657,0.6233,0.2488,0.1375,0.0814,0.0452,0.3433,0.2897,0.3697,111.4688,114.2925,-2.8238,16777.0,WAS,0.6999,0.3665,-1.24,0.3309,0.1763,0.2198,0.2976,0.6858,-0.8009,0.6328,-0.6129,-0.4083,0.2321,Washington Wizards,2016-present,Washington Wizards_2019,0.7506,0.398,0.0,0.0,0.0,0.7247,0.497,1.0426,0.0,0.0,0.9134,0.0,0.5752,0.0985
2019,1610612765,96.7313,0.314,0.1918,0.0999,0.1051,0.2892,0.2615,0.5793,0.2781,0.1418,0.0711,0.0413,0.3662,0.2917,0.3943,109.7387,109.8926,-0.1539,16005.0,DET,-1.3468,-0.4728,0.0735,-0.599,1.3062,0.3444,0.1328,-0.5127,0.6895,-0.6465,-1.1617,-0.373,0.7495,Detroit Pistons,2016-present,Detroit Pistons_2019,0.5034,0.0,0.0,0.0,0.0,0.4074,0.322,1.5532,0.0,0.6657,0.5095,0.0,1.0304,0.0085
2019,1610612766,98.0333,0.3282,0.1813,0.1125,0.0778,0.3002,0.2574,0.5778,0.2551,0.1234,0.073,0.05,0.3665,0.2938,0.378,112.0558,113.2782,-1.2224,16200.0,CHA,-0.7248,-0.0261,-0.2937,-0.2681,-0.227,0.6511,-0.0294,-0.553,-0.4795,-0.4082,0.0809,-0.3342,0.407,Charlotte Hornets,2016-present,Charlotte Hornets_2019,0.6208,0.0,0.0,0.0,0.0,0.1811,0.8215,0.9733,0.0,0.193,1.6693,0.0,0.5346,0.0064
2020,1610612737,102.4994,0.3221,0.196,0.0838,0.0859,0.3123,0.2535,0.5881,0.2581,0.1555,0.0756,0.0484,0.3488,0.2798,0.3981,108.6522,115.1414,-6.4892,13222.0,ATL,1.2576,0.0467,0.2306,-0.5968,-0.0486,0.4746,-0.3134,-0.2264,-0.0823,-0.0708,-0.0286,-0.2978,0.3496,Atlanta Hawks,2016-present,Atlanta Hawks_2020,0.611,0.0,0.0,0.0,0.0,0.0,0.7056,0.8282,0.0,0.5002,1.7863,0.0,0.421,0.1477
2020,1610612738,98.9401,0.3221,0.1898,0.1027,0.0746,0.3108,0.2579,0.5571,0.2761,0.1383,0.083,0.0566,0.3788,0.2925,0.3854,113.9652,107.4735,6.4916,14347.0,BOS,-0.3921,0.047,0.0002,-0.0803,-0.7376,0.4287,-0.0909,-1.0159,0.9011,0.795,1.1844,-0.0559,0.0409,Boston Celtics,2016-present,Boston Celtics_2020,0.5465,0.6463,0.0,0.0,0.0,0.9461,0.7619,0.4985,0.0,0.1115,1.1593,0.0,0.2867,0.0431
2020,1610612739,98.2207,0.329,0.2219,0.087,0.0742,0.288,0.2268,0.5727,0.2884,0.1668,0.0694,0.0328,0.3562,0.3088,0.3622,108.0392,115.854,-7.8149,12871.0,CLE,-0.7255,0.3045,1.1946,-0.5106,-0.7646,-0.2825,-1.6733,-0.617,1.581,-0.8056,-2.3407,0.2556,-0.5226,Cleveland Cavaliers,2016-present,Cleveland Cavaliers_2020,0.6553,0.5655,0.0,0.0,0.0,0.8353,0.818,0.6849,0.0,0.0,0.7877,0.0,0.609,0.0444
2020,1610612740,102.988,0.348,0.1572,0.0923,0.1003,0.3022,0.2557,0.6303,0.2777,0.1579,0.0721,0.0479,0.3639,0.2495,0.4025,111.4511,112.8294,-1.3783,14959.0,NOP,1.484,1.0196,-1.2121,-0.3648,0.8365,0.161,-0.2023,0.8478,0.9899,-0.4871,-0.1042,-0.8745,0.4567,New Orleans Pelicans,2016-present,New Orleans Pelicans_2020,0.2345,0.0,0.0,0.0,0.0,1.356,0.6793,0.607,0.0,0.3153,0.9805,0.0,0.7969,0.0305
2020,1610612741,99.4144,0.3717,0.1623,0.0699,0.0927,0.3034,0.2312,0.5869,0.2584,0.1547,0.1005,0.0408,0.3323,0.2322,0.396,106.879,110.1264,-3.2473,12986.0,CHI,-0.1723,1.9127,-1.0223,-0.9756,0.3675,0.1971,-1.4495,-0.2578,-0.0684,2.8656,-1.1461,-1.203,0.2988,Chicago Bulls,2016-present,Chicago Bulls_2020,1.4913,0.0,0.0,0.0,0.0,1.0009,0.5172,0.6653,0.0,0.1934,0.6916,0.0,0.2972,0.1432
2020,1610612742,98.8481,0.2757,0.1895,0.0778,0.0998,0.3573,0.2634,0.5917,0.2683,0.1273,0.0614,0.0486,0.3871,0.2673,0.4571,117.246,112.2692,4.9768,14954.0,DAL,-0.4347,-1.698,-0.0093,-0.7622,0.8025,1.8811,0.191,-0.1338,0.4734,-1.7502,-0.0043,-0.5359,1.78,Dallas Mavericks,2016-present,Dallas Mavericks_2020,0.6121,0.5025,0.0,0.0,0.0,0.4337,0.1156,0.9675,0.0,0.3294,1.0655,0.0,0.9032,0.0705
2020,1610612743,96.656,0.3184,0.209,0.1282,0.0783,0.266,0.2352,0.636,0.2831,0.1407,0.082,0.0471,0.3626,0.3372,0.3443,113.7178,111.4841,2.2337,14293.0,DEN,-1.4507,-0.0911,0.7159,0.6169,-0.513,-0.9691,-1.2443,0.9926,1.2894,0.6778,-0.2155,0.7962,-0.9565,Denver Nuggets,2016-present,Denver Nuggets_2020,1.329,0.9075,0.0,0.0,0.0,0.1191,0.0087,0.5307,0.0,0.3027,1.7248,0.0,0.0219,0.0557
2020,1610612744,100.0468,0.2863,0.2038,0.1568,0.0688,0.2843,0.2627,0.6627,0.24,0.1474,0.0818,0.0454,0.3507,0.3606,0.3531,105.8543,113.9492,-8.0949,12986.0,GSW,0.1208,-1.3002,0.5223,1.3985,-1.0976,-0.3974,0.1549,1.6698,-1.0799,0.6525,-0.4698,1.2418,-0.7439,Golden State Warriors,2016-present,Golden State Warriors_2020,0.0,0.8059,0.0,0.0,0.0,0.7145,0.0826,0.3423,0.0,0.6748,2.045,0.0,0.0,0.335
2020,1610612745,103.0562,0.3337,0.1182,0.0473,0.129,0.3718,0.2881,0.5303,0.2416,0.1414,0.0841,0.0498,0.3592,0.1655,0.5008,113.5019,110.9486,2.5533,14926.0,HOU,1.5156,0.4824,-2.6599,-1.5942,2.5917,2.3338,1.4461,-1.6958,-0.9894,0.9326,0.1746,-2.4721,2.841,Houston Rockets,2016-present,Houston Rockets_2020,0.5135,0.0,0.0,0.0,0.0,0.0,0.0,1.3056,0.0,0.5067,0.5429,0.0,2.0716,0.0597
2020,1610612746,101.0334,0.3114,0.1952,0.1183,0.1005,0.2746,0.2948,0.5709,0.2735,0.1437,0.0699,0.0462,0.3889,0.3135,0.3751,114.4399,108.2046,6.2353,14633.0,LAC,0.5781,-0.354,0.2016,0.3451,0.8494,-0.7029,1.7871,-0.6649,0.7623,-0.7506,-0.3516,0.3437,-0.2096,Los Angeles Clippers,2016-present,Los Angeles Clippers_2020,0.5851,0.0,0.0,0.0,0.0,0.4864,0.5104,1.5714,0.0,0.3732,0.3597,0.0,1.0213,0.0925
2020,1610612747,100.206,0.3597,0.1562,0.1265,0.0984,0.2592,0.2756,0.5998,0.2838,0.1511,0.0857,0.0655,0.3698,0.2827,0.3576,112.9752,107.0148,5.9603,14271.0,LAL,0.1946,1.4602,-1.2494,0.5694,0.7194,-1.1821,0.8131,0.0712,1.3259,1.1173,2.5029,-0.2427,-0.6335,Los Angeles Lakers,2016-present,Los Angeles Lakers_2020,0.51,0.6292,0.0,0.0,0.0,0.6285,0.0,0.6716,0.0,0.7011,0.5009,0.0,1.2501,0.1085
2020,1610612748,97.6566,0.2927,0.1813,0.1065,0.1036,0.3159,0.2987,0.6569,0.2405,0.1504,0.0758,0.046,0.3855,0.2878,0.4195,113.2669,110.3047,2.9622,14441.0,MIA,-0.9869,-1.0586,-0.3133,0.0229,1.0348,0.5888,1.9863,1.5243,-1.0477,-0.0554,-0.3865,-0.1444,0.8678,Miami Heat,2016-present,Miami Heat_2020,1.246,0.0,0.0,0.0,0.0,0.0,0.6726,1.0177,0.0,0.0999,0.9788,0.0,0.8183,0.1667
2020,1610612749,104.2758,0.3166,0.1681,0.0888,0.0914,0.3352,0.2678,0.5973,0.2394,0.1429,0.0685,0.0567,0.4239,0.2568,0.4266,113.3235,103.5873,9.7363,14911.0,MIL,2.0809,-0.1616,-0.8073,-0.4605,0.2902,1.1908,0.4129,0.0072,-1.1094,-0.9106,1.1975,-0.734,1.0404,Milwaukee Bucks,2016-present,Milwaukee Bucks_2020,1.2062,0.5546,0.0,0.0,0.0,0.4338,0.0,1.0088,0.0,0.0,0.3533,0.0,1.3868,0.0567
2020,1610612750,103.0223,0.3478,0.1637,0.0557,0.0781,0.3547,0.2732,0.5901,0.2558,0.146,0.0837,0.0539,0.3522,0.2194,0.4328,109.1547,112.3778,-3.223,13098.0,MIN,1.4999,1.0122,-0.9674,-1.3652,-0.5278,1.8013,0.6889,-0.1762,-0.2121,0.887,0.7902,-1.4463,1.1907,Minnesota Timberwolves,2016-present,Minnesota Timberwolves_2020,2.4214,0.6258,0.0,0.0,0.0,0.4638,0.1108,0.4337,0.0,0.0739,0.6178,0.0,0.2047,0.0481
2020,1610612751,100.833,0.3576,0.1576,0.0622,0.0965,0.3261,0.2665,0.6056,0.2749,0.1495,0.0632,0.044,0.3905,0.2198,0.4226,109.5562,110.1743,-0.6181,14688.0,BKN,0.4852,1.3828,-1.1965,-1.1878,0.6012,0.9072,0.3502,0.2179,0.8396,-1.5393,-0.6806,-1.44,0.9433,Brooklyn Nets,2016-present,Brooklyn Nets_2020,0.4203,0.0,0.0,0.0,0.0,0.1857,0.0,1.1348,0.0,0.8769,0.0566,0.0,2.0849,0.2407
2020,1610612752,98.0595,0.348,0.1832,0.1513,0.07,0.2475,0.2629,0.5519,0.2993,0.1448,0.0772,0.048,0.37,0.3345,0.3175,107.1177,113.5131,-6.3954,13046.0,NYK,-0.8002,1.0214,-0.2448,1.2467,-1.0183,-1.5493,0.1643,-1.1461,2.1753,0.1166,-0.095,0.7434,-1.6077,New York Knicks,2016-present,New York Knicks_2020,0.4631,1.0884,0.0,0.0,0.0,1.4653,0.3158,0.0,0.0,0.4424,0.9993,0.0,0.1724,0.0533
2020,1610612753,98.008,0.2959,0.2047,0.1354,0.0566,0.3074,0.256,0.6085,0.2535,0.1305,0.0835,0.0552,0.3703,0.3401,0.3639,109.1733,110.1435,-0.9702,14350.0,ORL,-0.8241,-0.9374,0.5559,0.8136,-1.8428,0.3218,-0.1847,0.2924,-0.3343,0.854,0.9726,0.8514,-0.4803,Orlando Magic,2016-present,Orlando Magic_2020,0.1425,1.4213,0.0,0.0,0.0,0.2349,0.5054,0.9737,0.0,0.0,1.3984,0.0,0.1028,0.221
2020,1610612754,98.4858,0.3331,0.1928,0.1572,0.0762,0.2407,0.2157,0.614,0.2351,0.1338,0.075,0.052,0.37,0.35,0.3169,110.5744,108.4301,2.1443,14461.0,IND,-0.6026,0.4611,0.1138,1.408,-0.6418,-1.7613,-2.2348,0.4318,-1.3485,-0.1405,0.4975,1.0393,-1.6231,Indiana Pacers,2016-present,Indiana Pacers_2020,0.2651,1.2516,0.0,0.0,0.0,0.4579,0.066,0.8495,0.0,0.0,0.9815,0.0,0.9194,0.209
2020,1610612755,98.4143,0.3043,0.2122,0.1239,0.075,0.2846,0.2553,0.628,0.2751,0.1437,0.0812,0.0539,0.375,0.3361,0.3595,112.0599,109.6175,2.4424,14430.0,PHI,-0.6357,-0.6206,0.8366,0.4982,-0.7177,-0.3904,-0.2239,0.7882,0.8487,0.5879,0.7851,0.7753,-0.5879,Philadelphia 76ers,2016-present,Philadelphia 76ers_2020,0.5903,1.701,0.0,0.0,0.0,0.9963,0.0881,0.0,0.0,0.0653,0.7461,0.0,0.7899,0.023
2020,1610612756,100.7331,0.3266,0.1989,0.1135,0.0904,0.2705,0.2706,0.661,0.2542,0.146,0.0756,0.0392,0.3553,0.3125,0.3609,112.4305,111.9708,0.4597,14770.0,PHX,0.4389,0.2175,0.3417,0.2157,0.2264,-0.8297,0.5591,1.6277,-0.3003,-0.0731,-1.3854,0.3251,-0.5551,Phoenix Suns,2016-present,Phoenix Suns_2020,2.0825,0.349,0.0,0.0,0.0,0.2915,0.1351,1.2907,0.0,0.0,0.4154,0.0,0.358,0.0779
2020,1610612757,100.1177,0.3027,0.1848,0.1384,0.0735,0.3006,0.2418,0.4885,0.2567,0.1271,0.0625,0.0606,0.3738,0.3232,0.3741,114.3241,115.5284,-1.2043,14880.0,POR,0.1537,-0.6821,-0.1855,0.8943,-0.8074,0.1118,-0.908,-2.7599,-0.1618,-1.6198,1.7795,0.5282,-0.2331,Portland Trail Blazers,2016-present,Portland Trail Blazers_2020,0.7226,0.0,0.0,0.0,0.0,0.0,0.2825,0.6986,0.0,0.5595,2.1924,0.0,0.3543,0.1901
2020,1610612758,98.6606,0.299,0.2036,0.1028,0.09,0.3045,0.23,0.5821,0.2464,0.1452,0.0776,0.0409,0.3532,0.3064,0.3946,110.3578,112.6395,-2.2817,14351.0,SAC,-0.5216,-0.8206,0.5166,-0.0789,0.2059,0.2333,-1.5068,-0.38,-0.7254,0.1578,-1.1415,0.2094,0.2629,Sacramento Kings,2016-present,Sacramento Kings_2020,1.5445,0.0,0.0,0.0,0.0,0.4984,0.7194,0.4764,0.0,0.0668,1.2876,0.0,0.2477,0.1592
2020,1610612759,100.1336,0.2581,0.228,0.1956,0.0694,0.2488,0.262,0.5846,0.2259,0.1248,0.0721,0.0543,0.3751,0.4236,0.3183,112.7541,113.8382,-1.0841,14365.0,SAS,0.1611,-2.3586,1.4237,2.4569,-1.055,-1.5067,0.1215,-0.3143,-1.85,-0.4862,0.8423,2.4406,-1.5891,San Antonio Spurs,2016-present,San Antonio Spurs_2020,0.4038,0.93,0.0,0.0,0.0,0.0,0.0826,1.1536,0.0,0.3433,1.4736,0.0,0.4503,0.1628
2020,1610612760,98.3133,0.2994,0.2097,0.1382,0.0733,0.2794,0.2903,0.5425,0.2273,0.1378,0.0771,0.0495,0.3738,0.348,0.3527,111.2355,109.449,1.7864,14280.0,OKC,-0.6826,-0.8072,0.7424,0.8902,-0.8215,-0.5514,1.5582,-1.3847,-1.7726,0.1034,0.1317,1.0002,-0.7542,Oklahoma City Thunder,2016-present,Oklahoma City Thunder_2020,1.1778,0.0,0.0,0.0,0.0,0.0,0.4779,1.9015,0.0,0.3193,0.5211,0.0,0.5225,0.0798
2020,1610612761,100.1289,0.3543,0.1508,0.0742,0.0978,0.3229,0.2638,0.6269,0.2464,0.147,0.0877,0.0494,0.3808,0.2251,0.4206,111.9107,105.8085,6.1022,14502.0,TOR,0.1589,1.2565,-1.4473,-0.8582,0.6797,0.8058,0.2097,0.7591,-0.7287,1.3603,0.1176,-1.3387,0.8956,Toronto Raptors,2016-present,Toronto Raptors_2020,0.927,1.0367,0.0,0.0,0.0,0.5945,0.5543,0.6058,0.0,0.0,0.4315,0.0,0.7792,0.0709
2020,1610612762,98.1227,0.3003,0.2188,0.067,0.115,0.2989,0.2677,0.5596,0.2522,0.1534,0.0618,0.0412,0.3845,0.2858,0.4139,112.8751,110.4766,2.3985,14191.0,UTA,-0.7709,-0.7718,1.0788,-1.0547,1.7352,0.0563,0.409,-0.9512,-0.4104,-1.7092,-1.0976,-0.1828,0.7315,Utah Jazz,2016-present,Utah Jazz_2020,0.201,0.0,0.0,0.0,0.0,0.637,0.0855,1.3227,0.0,0.8623,0.944,0.0,0.8545,0.0929
2020,1610612763,102.3449,0.3187,0.2519,0.0832,0.0776,0.2686,0.2395,0.6326,0.2608,0.1488,0.0767,0.053,0.3742,0.3351,0.3462,109.9198,110.5929,-0.6732,14985.0,MEM,1.186,-0.0826,2.3109,-0.6132,-0.5539,-0.8883,-1.0245,0.9064,0.0624,0.0612,0.6555,0.7554,-0.9099,Memphis Grizzlies,2016-present,Memphis Grizzlies_2020,1.0056,0.4651,0.0,0.0,0.0,0.3355,0.5187,0.9419,0.0,0.0063,0.7351,0.0,0.9045,0.0874
2020,1610612764,102.2965,0.305,0.18,0.1565,0.0645,0.294,0.2704,0.6023,0.2539,0.1378,0.0776,0.0417,0.333,0.3365,0.3585,111.4147,115.9919,-4.5772,14779.0,WAS,1.1635,-0.5966,-0.3619,1.3882,-1.3553,-0.0963,0.5474,0.1358,-0.3123,0.1605,-1.0188,0.7821,-0.612,Washington Wizards,2016-present,Washington Wizards_2020,0.4797,0.7446,0.0,0.0,0.0,0.1741,0.5981,1.3753,0.0,0.0,0.8528,0.0,0.566,0.2093
2020,1610612765,96.7816,0.3372,0.2107,0.0709,0.1133,0.2679,0.2609,0.6123,0.269,0.1566,0.0761,0.0464,0.3502,0.2815,0.3812,109.9751,113.5559,-3.5808,12876.0,DET,-1.3925,0.615,0.7781,-0.9501,1.6301,-0.9095,0.0615,0.3898,0.5151,-0.017,-0.3206,-0.2639,-0.0607,Detroit Pistons,2016-present,Detroit Pistons_2020,0.5478,0.0,0.0,0.0,0.0,0.6838,1.2321,0.5336,0.0,0.0,0.3254,0.0,1.4496,0.2277
2020,1610612766,95.2838,0.3502,0.1928,0.0576,0.0856,0.3138,0.2517,0.6388,0.2736,0.1515,0.0685,0.0429,0.353,0.2504,0.3994,106.8723,114.0342,-7.1619,12506.0,CHA,-2.0866,1.1014,0.1134,-1.3115,-0.0676,0.5236,-0.4049,1.0619,0.7692,-0.9142,-0.8442,-0.8559,0.3801,Charlotte Hornets,2016-present,Charlotte Hornets_2020,1.5274,0.0,0.0,0.0,0.0,0.3819,0.5451,1.3855,0.0,0.3221,0.3751,0.0,0.2612,0.2017
2021,1610612737,97.718,0.2933,0.2351,0.0891,0.0852,0.2973,0.2774,0.5913,0.2755,0.1344,0.0711,0.0483,0.3767,0.3242,0.3825,115.4639,113.2241,2.2398,14159.0,ATL,-0.5389,-0.1862,0.8476,-0.4586,-0.5136,-0.0406,1.3754,-0.2918,0.9732,-0.7724,-0.1331,0.3084,-0.2154,Atlanta Hawks,2016-present,Atlanta Hawks_2021,0.2215,0.5334,0.0,0.0,0.0,0.2889,0.0797,0.7627,0.0,0.7826,1.6047,0.0,0.7135,0.0129
2021,1610612738,97.9819,0.2696,0.2215,0.1033,0.0838,0.3217,0.2308,0.5652,0.2768,0.1404,0.0796,0.0536,0.3639,0.3248,0.4055,115.1691,112.7612,2.4079,13411.0,BOS,-0.3985,-0.8943,0.441,0.0411,-0.607,0.6529,-0.6879,-1.0049,1.0384,0.4403,0.8168,0.321,0.3312,Boston Celtics,2016-present,Boston Celtics_2021,0.803,0.0,0.0,0.0,0.0,0.7119,0.3752,1.6508,0.0,0.2828,0.4959,0.0,0.5274,0.1529
2021,1610612739,96.9346,0.3485,0.235,0.0703,0.0799,0.2662,0.2601,0.6177,0.2767,0.1582,0.081,0.0469,0.3526,0.3053,0.3462,106.8387,114.24,-7.4012,13726.0,CLE,-0.9558,1.467,0.8433,-1.1174,-0.869,-0.9219,0.6108,0.4269,1.0326,0.6407,-0.392,-0.0727,-1.0777,Cleveland Cavaliers,2016-present,Cleveland Cavaliers_2021,1.244,0.1417,0.0,0.0,0.0,0.0,0.3485,1.1286,0.0,0.5264,0.4831,0.0,0.9601,0.1675
2021,1610612740,99.5043,0.3801,0.1792,0.0992,0.0864,0.2551,0.2929,0.6118,0.3055,0.1453,0.0754,0.0436,0.3727,0.2784,0.3415,114.2165,114.428,-0.2115,14453.0,NOP,0.4116,2.4117,-0.8253,-0.1026,-0.4351,-1.2371,2.063,0.2657,2.4833,-0.1543,-0.9893,-0.6155,-1.1878,New Orleans Pelicans,2016-present,New Orleans Pelicans_2021,0.8932,0.0,0.0,0.0,0.0,1.067,0.833,0.5936,0.0,0.7293,0.7723,0.0,0.0661,0.0455
2021,1610612741,98.6274,0.3136,0.1985,0.1058,0.0935,0.2885,0.1935,0.6343,0.2514,0.1528,0.0678,0.0428,0.3789,0.3044,0.382,111.6055,112.5585,-0.953,14112.0,CHI,-0.055,0.4212,-0.2468,0.1313,0.041,-0.2886,-2.3396,0.8802,-0.2423,-1.2456,-1.1279,-0.0911,-0.2267,Chicago Bulls,2016-present,Chicago Bulls_2021,0.8348,0.2388,0.0,0.0,0.0,0.3693,0.7042,0.593,0.0,0.1103,1.0821,0.0,1.0128,0.0548
2021,1610612742,96.8621,0.2608,0.1957,0.1071,0.0939,0.3426,0.243,0.5566,0.2423,0.1243,0.0645,0.0445,0.3764,0.3028,0.4364,115.7759,113.8267,1.9492,13970.0,DAL,-0.9944,-1.1596,-0.3316,0.1746,0.067,1.2455,-0.1481,-1.24,-0.6969,-1.7042,-0.8288,-0.1234,1.0648,Dallas Mavericks,2016-present,Dallas Mavericks_2021,0.3637,0.3832,0.0,0.0,0.0,0.0286,0.0787,1.1445,0.0,0.5374,1.3909,0.0,1.0337,0.0394
2021,1610612743,96.6316,0.2812,0.2194,0.116,0.0877,0.2957,0.2189,0.6207,0.279,0.1377,0.0828,0.0459,0.3686,0.3354,0.3834,117.6036,112.756,4.8477,14076.0,DEN,-1.1171,-0.5476,0.3769,0.4882,-0.35,-0.0853,-1.212,0.5108,1.1505,0.8992,-0.5636,0.5345,-0.195,Denver Nuggets,2016-present,Denver Nuggets_2021,1.5831,0.95,0.0,0.0,0.0,0.6739,0.0504,0.4804,0.0,0.0781,1.0616,0.0,0.1186,0.0038
2021,1610612744,101.8249,0.2858,0.1755,0.0993,0.0988,0.3406,0.2395,0.6697,0.2101,0.1471,0.08,0.0466,0.367,0.2748,0.4394,111.4788,110.5041,0.9747,14684.0,GSW,1.6465,-0.4104,-0.9353,-0.1001,0.397,1.1907,-0.302,1.847,-2.3181,0.5003,-0.4443,-0.6882,1.1356,Golden State Warriors,2016-present,Golden State Warriors_2021,1.1957,0.1978,0.0,0.0,0.0,0.8581,0.5739,0.6334,0.0,0.0,0.9589,0.0,0.5323,0.0499
2021,1610612745,100.8774,0.3384,0.1373,0.0673,0.1116,0.3454,0.2505,0.6038,0.2326,0.1447,0.0763,0.0498,0.3532,0.2047,0.457,108.7394,114.6383,-5.8989,13925.0,HOU,1.1423,1.163,-2.0777,-1.2213,1.2566,1.3262,0.1873,0.0483,-1.1895,-0.0174,0.1341,-2.1023,1.5527,Houston Rockets,2016-present,Houston Rockets_2021,1.4626,0.3881,0.0,0.0,0.0,0.0885,0.1439,0.8891,0.0,0.0,0.3443,0.0,1.5148,0.1687
2021,1610612746,96.7083,0.2602,0.1985,0.1411,0.1178,0.2824,0.2222,0.5836,0.257,0.1363,0.0732,0.0424,0.3794,0.3396,0.4002,117.7762,111.6159,6.1603,13926.0,LAC,-1.0762,-1.1778,-0.2482,1.3711,1.6708,-0.4619,-1.0672,-0.5036,0.0435,-0.4711,-1.1995,0.6197,0.2044,Los Angeles Clippers,2016-present,Los Angeles Clippers_2021,0.3972,0.2734,0.0,0.0,0.0,0.1054,0.1061,1.303,0.0,0.4665,1.2401,0.0,1.0519,0.0564
2021,1610612747,97.7256,0.3329,0.1943,0.1101,0.0947,0.268,0.2709,0.6068,0.2644,0.1538,0.079,0.0542,0.3725,0.3043,0.3628,111.1002,108.0101,3.09,14215.0,LAL,-0.5349,0.9997,-0.374,0.2791,0.124,-0.8711,1.0909,0.1312,0.4125,0.3581,0.9362,-0.092,-0.6843,Los Angeles Lakers,2016-present,Los Angeles Lakers_2021,0.9198,0.3329,0.0,0.0,0.0,0.7223,0.5975,0.9909,0.0,0.0625,0.0193,0.0,1.3135,0.0414
2021,1610612748,96.0737,0.2944,0.1813,0.0923,0.1099,0.322,0.2514,0.6712,0.2241,0.1457,0.0816,0.0411,0.367,0.2737,0.4319,111.9528,111.7579,0.1948,13901.0,MIA,-1.4139,-0.1524,-0.7613,-0.3436,1.1455,0.6612,0.2262,1.8869,-1.6169,0.7392,-1.4341,-0.7107,0.9575,Miami Heat,2016-present,Miami Heat_2021,0.5471,0.613,0.0,0.0,0.0,0.0,0.0,0.9214,0.0,0.216,0.9456,0.0,1.664,0.093
2021,1610612749,101.6849,0.2909,0.19,0.1153,0.0893,0.3145,0.2328,0.5694,0.2662,0.1351,0.0797,0.0455,0.3882,0.3053,0.4038,117.7055,112.103,5.6025,14685.0,MIL,1.572,-0.2572,-0.5017,0.4627,-0.2431,0.4492,-0.5967,-0.8911,0.5026,0.4661,-0.6377,-0.0728,0.2896,Milwaukee Bucks,2016-present,Milwaukee Bucks_2021,0.6452,0.9754,0.0,0.0,0.0,0.6494,0.0,0.653,0.0,0.1599,0.6816,0.0,1.1606,0.0748
2021,1610612750,100.8581,0.341,0.1717,0.0738,0.0929,0.3206,0.2539,0.6296,0.2654,0.1406,0.0864,0.0544,0.3438,0.2455,0.4134,110.5133,115.7672,-5.2538,14624.0,MIN,1.132,1.2428,-1.0483,-0.9946,0.0012,0.6204,0.3379,0.7527,0.4661,1.4116,0.9606,-1.278,0.519,Minnesota Timberwolves,2016-present,Minnesota Timberwolves_2021,1.3585,0.4819,0.0,0.0,0.0,0.7804,0.4722,0.3466,0.0,0.3281,1.2309,0.0,0.0,0.0014
2021,1610612751,99.1748,0.3071,0.2008,0.0795,0.094,0.3187,0.2554,0.6222,0.2441,0.136,0.0682,0.0525,0.3785,0.2802,0.4127,119.0867,114.1829,4.9038,14159.0,BKN,0.2363,0.2259,-0.18,-0.7953,0.0759,0.5675,0.4015,0.5504,-0.6096,-1.1871,0.6211,-0.5779,0.5012,Brooklyn Nets,2016-present,Brooklyn Nets_2021,0.5732,0.0357,0.0,0.0,0.0,0.0655,0.0602,1.3569,0.0,0.6251,0.064,0.0,2.0482,0.1711
2021,1610612752,95.3391,0.2962,0.2268,0.1295,0.1038,0.2437,0.2419,0.5428,0.2563,0.1346,0.0732,0.0527,0.3916,0.3563,0.3475,111.2619,108.9281,2.3339,13848.0,NYK,-1.8049,-0.0984,0.599,0.9614,0.732,-1.5623,-0.1938,-1.617,0.0089,-0.461,0.6631,0.9559,-1.0472,New York Knicks,2016-present,New York Knicks_2021,0.1937,0.0,0.0,0.0,0.0,0.6534,0.2678,1.3897,0.0,0.682,1.0825,0.0,0.6953,0.0355
2021,1610612753,98.2407,0.2499,0.2396,0.1542,0.0582,0.298,0.2398,0.5704,0.2467,0.1302,0.0699,0.0448,0.3727,0.3938,0.3563,105.7203,114.7971,-9.0767,14176.0,ORL,-0.2608,-1.4847,0.9822,1.8284,-2.3269,-0.019,-0.2879,-0.8623,-0.4756,-0.9391,-0.7656,1.712,-0.8382,Orlando Magic,2016-present,Orlando Magic_2021,0.4697,0.6421,0.0,0.0,0.0,0.708,0.6471,0.3663,0.0,0.0,1.6407,0.0,0.1845,0.3416
2021,1610612754,101.0805,0.3598,0.1897,0.0781,0.0818,0.2905,0.2273,0.6334,0.2375,0.1322,0.0831,0.0626,0.3501,0.2679,0.3723,112.9063,112.9932,-0.0869,14703.0,IND,1.2504,1.8058,-0.5101,-0.8428,-0.7459,-0.2318,-0.8394,0.8559,-0.9381,0.9514,2.4415,-0.8278,-0.4574,Indiana Pacers,2016-present,Indiana Pacers_2021,0.9326,0.6363,0.0,0.0,0.0,0.8562,0.2526,0.9625,0.0,0.0,0.2168,0.0,1.0924,0.0506
2021,1610612755,98.9466,0.2867,0.2364,0.1303,0.0956,0.2511,0.2934,0.5723,0.2726,0.1446,0.0911,0.0621,0.3695,0.3666,0.3467,113.9713,108.1607,5.8106,14372.0,PHI,0.1149,-0.383,0.8844,0.9887,0.1811,-1.3526,2.087,-0.8118,0.8266,2.0847,2.3619,1.1641,-1.0666,Philadelphia 76ers,2016-present,Philadelphia 76ers_2021,0.3709,1.0333,0.0,0.0,0.0,0.5518,0.1341,0.4174,0.0,0.3377,1.1218,0.0,0.9182,0.1147
2021,1610612756,96.8718,0.2448,0.2196,0.1439,0.1092,0.2825,0.2119,0.6219,0.2377,0.1277,0.0733,0.0443,0.3677,0.3635,0.3917,117.5304,111.8031,5.7274,14111.0,PHX,-0.9892,-1.6389,0.3829,1.4693,1.0945,-0.4596,-1.5238,0.5416,-0.9288,-0.4468,-0.8653,1.1017,0.0026,Phoenix Suns,2016-present,Phoenix Suns_2021,0.7756,0.0,0.0,0.0,0.0,0.421,0.6,1.2762,0.0,0.0275,0.1283,0.0,1.7575,0.0139
2021,1610612757,97.9486,0.2806,0.1494,0.1218,0.0781,0.3701,0.2376,0.515,0.2653,0.1129,0.0704,0.0515,0.3655,0.2713,0.4482,118.1125,116.8015,1.311,14125.0,POR,-0.4163,-0.567,-1.7151,0.693,-0.9945,2.0271,-0.3866,-2.3766,0.4582,-0.8697,0.4431,-0.7589,1.343,Portland Trail Blazers,2016-present,Portland Trail Blazers_2021,0.4387,0.0,0.0,0.0,0.0,0.0,0.8652,1.1633,0.0,0.0,1.6352,0.0,0.8303,0.0674
2021,1610612758,99.6406,0.2933,0.2468,0.0838,0.0856,0.2905,0.2484,0.5986,0.2465,0.134,0.0756,0.0499,0.3439,0.3306,0.3761,113.9101,117.7437,-3.8336,14369.0,SAC,0.4841,-0.1852,1.1958,-0.6421,-0.492,-0.2329,0.0909,-0.0928,-0.4893,-0.1206,0.1452,0.4379,-0.3686,Sacramento Kings,2016-present,Sacramento Kings_2021,1.0105,0.142,0.0,0.0,0.0,0.9756,0.9874,0.5906,0.0,0.0994,0.7721,0.0,0.3421,0.0802
2021,1610612759,98.4989,0.2866,0.2433,0.1562,0.0669,0.247,0.243,0.5836,0.2369,0.1144,0.0704,0.051,0.3672,0.3995,0.3139,111.4859,113.2283,-1.7424,14348.0,SAS,-0.1234,-0.3868,1.0923,1.8996,-1.7455,-1.4682,-0.1454,-0.5029,-0.9719,-0.8684,0.354,1.8271,-1.8441,San Antonio Spurs,2016-present,San Antonio Spurs_2021,0.7742,0.5438,0.0,0.0,0.0,0.1128,0.5234,1.1989,0.0,0.2184,1.5256,0.0,0.101,0.0018
2021,1610612760,100.6118,0.3286,0.2011,0.0723,0.0832,0.3148,0.2397,0.5686,0.2443,0.1593,0.0697,0.0433,0.3731,0.2734,0.398,104.1115,114.3394,-10.2279,14358.0,OKC,1.0009,0.8723,-0.1717,-1.0457,-0.65,0.4558,-0.2924,-0.9128,-0.5992,-0.9606,-1.0394,-0.7161,0.1513,Oklahoma City Thunder,2016-present,Oklahoma City Thunder_2021,1.0045,0.4395,0.0,0.0,0.0,0.7418,0.5234,0.3356,0.0,0.2697,1.0191,0.0,0.3873,0.279
2021,1610612761,98.7469,0.2948,0.1796,0.0815,0.1062,0.3379,0.2399,0.6088,0.2369,0.1334,0.0882,0.0545,0.3478,0.2611,0.4441,113.151,112.8276,0.3234,13742.0,TOR,0.0086,-0.1407,-0.8138,-0.7232,0.8921,1.1138,-0.2849,0.1845,-0.971,1.6809,0.9744,-0.964,1.2464,Toronto Raptors,2016-present,Toronto Raptors_2021,0.9044,0.5817,0.0,0.0,0.0,0.8344,0.6935,1.0195,0.0,0.0226,0.6482,0.0,0.2258,0.0699
2021,1610612762,98.4754,0.2552,0.2068,0.0497,0.1352,0.3531,0.2437,0.5732,0.2736,0.1436,0.0666,0.0521,0.4025,0.2565,0.4883,117.6586,108.4012,9.2574,14242.0,UTA,-0.1359,-1.3266,0.0004,-1.8427,2.846,1.5445,-0.1155,-0.7868,0.8797,-1.4116,0.5532,-1.0575,2.2968,Utah Jazz,2016-present,Utah Jazz_2021,0.0441,0.0,0.0,0.0,0.0,0.1437,0.2981,1.4674,0.0,0.63,0.6752,0.0,1.6634,0.0781
2021,1610612763,99.7713,0.2881,0.2978,0.0723,0.0928,0.2489,0.2324,0.6282,0.2827,0.1324,0.0904,0.0503,0.3672,0.3702,0.3417,112.8372,111.6128,1.2244,14471.0,MEM,0.5537,-0.3406,2.7217,-1.0459,-0.0075,-1.4133,-0.6137,0.7144,1.3364,1.9966,0.2177,1.2352,-1.184,Memphis Grizzlies,2016-present,Memphis Grizzlies_2021,0.9824,0.6926,0.0,0.0,0.0,0.3016,0.5036,0.9406,0.0,0.0,0.5763,0.0,0.7972,0.2057
2021,1610612764,103.4961,0.2678,0.2608,0.1533,0.0787,0.2394,0.287,0.5913,0.2485,0.1373,0.0707,0.0393,0.363,0.4141,0.3181,112.0474,113.488,-1.4406,14843.0,WAS,2.5358,-0.9508,1.6154,1.7979,-0.9507,-1.684,1.8028,-0.2927,-0.3847,-0.8279,-1.7697,2.1216,-1.7437,Washington Wizards,2016-present,Washington Wizards_2021,0.7331,0.5195,0.0,0.0,0.0,0.4036,0.3818,1.5699,0.0,0.3798,0.027,0.0,0.8,0.1853
2021,1610612765,97.139,0.3273,0.2022,0.0861,0.0934,0.2909,0.2719,0.6266,0.2607,0.1522,0.0752,0.0527,0.3586,0.2883,0.3844,108.8772,112.9822,-4.105,14043.0,DET,-0.847,0.8319,-0.1369,-0.5622,0.0381,-0.2207,1.1314,0.6713,0.2287,-0.1873,0.652,-0.415,-0.1711,Detroit Pistons,2016-present,Detroit Pistons_2021,0.4218,0.6591,0.0,0.0,0.0,1.4259,0.5171,0.1005,0.0,0.5487,0.2118,0.0,1.0612,0.0538
2021,1610612766,97.9291,0.3278,0.1698,0.0808,0.0984,0.3232,0.238,0.6723,0.2679,0.1506,0.0798,0.0486,0.3624,0.2506,0.4216,111.2664,113.2768,-2.0104,14163.0,CHA,-0.4266,0.8469,-1.1053,-0.7485,0.368,0.696,-0.3685,1.9195,0.5907,0.476,-0.0846,-1.1751,0.7118,Charlotte Hornets,2016-present,Charlotte Hornets_2021,1.8518,0.0,0.0,0.0,0.0,0.5567,0.2904,0.0,0.0,0.3849,1.8493,0.0,0.0,0.0669
2022,1610612737,97.6686,0.2791,0.2157,0.1156,0.0916,0.298,0.2526,0.5931,0.2628,0.1209,0.0732,0.0434,0.3679,0.3313,0.3896,116.4527,114.9719,1.4808,16038.0,ATL,-0.0615,-0.3724,0.1517,0.5136,-0.6689,-0.0381,0.3142,-0.451,-0.1404,-0.6565,-0.6572,0.4337,-0.2641,Atlanta Hawks,2016-present,Atlanta Hawks_2022,0.1251,0.4185,0.0,0.0,0.0,0.3626,0.0,0.8968,0.0,0.7689,2.1069,0.0,0.2086,0.1125
2022,1610612738,96.2411,0.2736,0.2026,0.0991,0.1033,0.3215,0.239,0.6094,0.2682,0.1399,0.0741,0.0599,0.3866,0.3017,0.4247,114.7077,107.4232,7.2845,15964.0,BOS,-0.9717,-0.568,-0.2645,-0.0457,0.2716,0.7113,-0.4536,0.0889,0.0887,-0.5379,1.8222,-0.2106,0.7121,Boston Celtics,2016-present,Boston Celtics_2022,0.8066,0.0,0.0,0.0,0.0,0.5836,0.1029,1.5981,0.0,0.4671,0.6994,0.0,0.6595,0.0827
2022,1610612739,95.8474,0.3177,0.2143,0.0822,0.0945,0.2913,0.2603,0.6349,0.2679,0.1489,0.0744,0.0431,0.3788,0.2965,0.3858,112.5471,109.773,2.7741,15363.0,CLE,-1.2228,1.0043,0.1063,-0.6164,-0.4365,-0.2523,0.752,0.93,0.0764,-0.5015,-0.7113,-0.323,-0.3701,Cleveland Cavaliers,2016-present,Cleveland Cavaliers_2022,0.7583,1.021,0.0,0.0,0.0,0.2643,0.0,1.0184,0.0,0.5539,0.0,0.0,1.2623,0.122
2022,1610612740,97.1238,0.3085,0.2129,0.114,0.0918,0.2728,0.2628,0.6216,0.2984,0.1431,0.0857,0.0407,0.3636,0.3269,0.3646,112.9857,112.5592,0.4265,15643.0,NOP,-0.4089,0.6746,0.0615,0.4598,-0.6501,-0.8429,0.8916,0.4914,1.3699,1.0424,-1.0697,0.3373,-0.9572,New Orleans Pelicans,2016-present,New Orleans Pelicans_2022,1.1746,0.0,0.0,0.0,0.0,0.4164,0.7888,0.698,0.0,0.3551,0.8839,0.0,0.653,0.0302
2022,1610612741,97.8128,0.2913,0.1935,0.1841,0.0951,0.2361,0.247,0.5719,0.2394,0.1309,0.0729,0.0417,0.361,0.3775,0.3312,113.8498,114.3053,-0.4555,16054.0,CHI,0.0304,0.0612,-0.5536,2.8309,-0.3823,-2.0186,-0.0011,-1.1492,-1.131,-0.7029,-0.9085,1.4384,-1.8868,Chicago Bulls,2016-present,Chicago Bulls_2022,0.617,0.6114,0.0,0.0,0.0,1.135,0.2627,1.2845,0.0,0.0502,0.4216,0.0,0.3861,0.2315
2022,1610612742,94.7894,0.2457,0.2161,0.0995,0.1206,0.3182,0.2464,0.5947,0.2444,0.1312,0.0711,0.0411,0.3796,0.3156,0.4388,113.9079,110.0395,3.8684,15200.0,DAL,-1.8975,-1.5636,0.1634,-0.032,1.6649,0.6065,-0.0352,-0.3955,-0.9178,-0.9546,-1.0123,0.0914,1.1021,Dallas Mavericks,2016-present,Dallas Mavericks_2022,0.2721,0.2549,0.0,0.0,0.0,0.0,0.1661,1.5003,0.0,0.4917,0.4939,0.0,1.7466,0.0744
2022,1610612743,97.3453,0.2981,0.1884,0.0977,0.1133,0.3025,0.2432,0.6671,0.2555,0.1478,0.0737,0.0379,0.3754,0.2861,0.4158,115.0885,112.6216,2.4669,16044.0,DEN,-0.2676,0.3051,-0.7156,-0.0912,1.0784,0.105,-0.2141,1.994,-0.4493,-0.5922,-1.4833,-0.5487,0.4637,Denver Nuggets,2016-present,Denver Nuggets_2022,1.5127,0.6296,0.0,0.0,0.0,0.2974,0.108,0.0,0.0,0.0,1.6707,0.0,0.5388,0.2428
2022,1610612744,97.7078,0.2654,0.1862,0.093,0.1035,0.3519,0.2328,0.6687,0.2582,0.1503,0.09,0.0455,0.3872,0.2792,0.4554,113.8868,107.4744,6.4124,15642.0,GSW,-0.0365,-0.8622,-0.7851,-0.2503,0.2954,1.6833,-0.8068,2.0486,-0.3345,1.6307,-0.3429,-0.6985,1.5653,Golden State Warriors,2016-present,Golden State Warriors_2022,1.64,0.0,0.0,0.0,0.0,0.0883,0.786,0.5717,0.0,0.0,1.4235,0.0,0.4666,0.0238
2022,1610612745,100.1681,0.3564,0.151,0.0458,0.0816,0.3653,0.283,0.5979,0.258,0.1639,0.0735,0.0464,0.3478,0.1968,0.4469,109.1697,117.5147,-8.345,16366.0,HOU,1.5323,2.3802,-1.9,-1.85,-1.4738,2.112,2.0359,-0.2916,-0.3404,-0.6196,-0.2164,-2.4894,1.327,Houston Rockets,2016-present,Houston Rockets_2022,1.2973,0.5315,0.0,0.0,0.0,1.0163,0.3741,0.1022,0.0,0.0242,0.9704,0.0,0.6647,0.0194
2022,1610612746,97.4665,0.2526,0.216,0.1406,0.0897,0.3011,0.2227,0.5995,0.2429,0.1399,0.0757,0.0505,0.3758,0.3567,0.3907,110.7508,110.6956,0.0552,16040.0,LAC,-0.1904,-1.3162,0.1617,1.3607,-0.8226,0.0594,-1.3742,-0.2398,-0.9816,-0.325,0.4036,0.9844,-0.2324,Los Angeles Clippers,2016-present,Los Angeles Clippers_2022,0.1509,0.1343,0.0,0.0,0.0,0.379,0.3224,0.8628,0.0,0.4631,2.0778,0.0,0.5322,0.0776
2022,1610612747,99.5107,0.3414,0.153,0.1177,0.0956,0.2924,0.2536,0.5792,0.2454,0.1429,0.0767,0.0515,0.3667,0.2706,0.388,111.7327,113.4967,-1.764,15777.0,LAL,1.1131,1.8457,-1.839,0.584,-0.3411,-0.2185,0.3734,-0.9094,-0.8757,-0.1856,0.5631,-0.8848,-0.3077,Los Angeles Lakers,2016-present,Los Angeles Lakers_2022,0.2701,0.3589,0.0,0.0,0.0,0.5293,0.0751,1.2115,0.0,0.339,1.0226,0.0,1.15,0.0435
2022,1610612748,95.3896,0.2657,0.2189,0.0932,0.1317,0.2905,0.2521,0.6439,0.2643,0.1513,0.0768,0.0336,0.3729,0.3121,0.4222,114.3038,109.7212,4.5826,15783.0,MIA,-1.5148,-0.8484,0.2516,-0.2448,2.5623,-0.2792,0.2857,1.2278,-0.0754,-0.1696,-2.1329,0.0152,0.642,Miami Heat,2016-present,Miami Heat_2022,0.9029,0.4582,0.0,0.0,0.0,0.9399,0.4469,1.0282,0.0,0.0,0.0,0.0,0.9077,0.3162
2022,1610612749,99.8321,0.277,0.1925,0.1015,0.1096,0.3194,0.2519,0.5738,0.2611,0.1322,0.0787,0.0393,0.3865,0.294,0.429,117.1328,111.7751,5.3577,14712.0,MIL,1.3181,-0.447,-0.5862,0.0377,0.7793,0.6464,0.2727,-1.0875,-0.2099,0.0864,-1.2692,-0.3774,0.831,Milwaukee Bucks,2016-present,Milwaukee Bucks_2022,0.1786,1.1975,0.0,0.0,0.0,0.1311,0.0659,1.1381,0.0,0.1119,0.6786,0.0,1.287,0.2113
2022,1610612750,100.3984,0.3048,0.1766,0.0646,0.1079,0.3461,0.254,0.6174,0.2775,0.1414,0.0872,0.0556,0.348,0.2412,0.454,114.8188,112.3594,2.4594,16549.0,MIN,1.6792,0.5423,-1.0895,-1.2112,0.6486,1.4974,0.3914,0.3537,0.4838,1.2477,1.1756,-1.524,1.5257,Minnesota Timberwolves,2016-present,Minnesota Timberwolves_2022,0.7113,0.6231,0.0,0.0,0.0,0.6011,0.3085,0.5234,0.0,0.537,0.8663,0.0,0.8029,0.0264
2022,1610612751,98.4532,0.2813,0.219,0.1422,0.0888,0.2687,0.2458,0.6034,0.2718,0.1414,0.0732,0.0547,0.3709,0.3612,0.3575,115.4098,112.8279,2.5819,15301.0,BKN,0.4388,-0.2958,0.2547,1.4151,-0.8879,-0.975,-0.0694,-0.109,0.2442,-0.6604,1.0328,1.0831,-1.1542,Brooklyn Nets,2016-present,Brooklyn Nets_2022,1.3142,0.2644,0.0,0.0,0.0,0.1014,0.0678,1.2329,0.0,0.4811,0.5624,0.0,0.8456,0.1304
2022,1610612752,95.4601,0.2887,0.1833,0.0994,0.0992,0.3293,0.2801,0.5806,0.2859,0.138,0.0725,0.0507,0.3855,0.2828,0.4285,110.9544,111.1238,-0.1694,15735.0,NYK,-1.4698,-0.0296,-0.8754,-0.0328,-0.0572,0.9622,1.8697,-0.8616,0.8384,-0.7621,0.4394,-0.6207,0.8167,New York Knicks,2016-present,New York Knicks_2022,0.3083,0.6487,0.0,0.0,0.0,0.0,0.3765,0.6095,0.0,0.6064,2.0991,0.0,0.3189,0.0325
2022,1610612753,98.9043,0.2852,0.2113,0.0864,0.0929,0.3242,0.2216,0.6195,0.2334,0.1454,0.0683,0.0451,0.3763,0.2977,0.4171,104.9006,112.8877,-7.9871,16194.0,ORL,0.7265,-0.156,0.011,-0.4743,-0.5589,0.7988,-1.4406,0.4233,-1.3832,-1.326,-0.4047,-0.2971,0.5014,Orlando Magic,2016-present,Orlando Magic_2022,1.4525,0.4692,0.0,0.0,0.0,0.6898,0.152,0.5183,0.0,0.0,0.8052,0.0,0.5635,0.3495
2022,1610612754,97.4767,0.3215,0.1898,0.0976,0.1021,0.2889,0.2359,0.6091,0.2941,0.1456,0.0734,0.0573,0.3561,0.2874,0.391,113.9174,116.1802,-2.2628,15173.0,IND,-0.1838,1.1396,-0.6703,-0.0938,0.1808,-0.33,-0.6307,0.079,1.1897,-0.6291,1.4299,-0.5194,-0.2244,Indiana Pacers,2016-present,Indiana Pacers_2022,0.9598,0.0,0.0,0.0,0.0,0.2362,0.924,1.0393,0.0,0.1414,1.1604,0.0,0.4664,0.0724
2022,1610612755,95.6356,0.2809,0.2325,0.1107,0.1009,0.2751,0.2818,0.6028,0.2354,0.1299,0.0803,0.0549,0.3706,0.3432,0.376,114.1697,111.4311,2.7386,15765.0,PHI,-1.3579,-0.309,0.6835,0.3473,0.0786,-0.7706,1.9633,-0.1295,-1.3002,0.3084,1.0714,0.6912,-0.6428,Philadelphia 76ers,2016-present,Philadelphia 76ers_2022,0.4668,1.216,0.0,0.0,0.0,0.0,0.0281,0.2018,0.0,0.4008,1.7163,0.0,0.9384,0.0317
2022,1610612756,99.108,0.2274,0.2818,0.1368,0.0972,0.2569,0.2213,0.6266,0.2574,0.13,0.0861,0.044,0.3776,0.4186,0.354,115.6189,107.9745,7.6444,16295.0,PHX,0.8563,-2.2161,2.247,1.2321,-0.2176,-1.3534,-1.4567,0.6586,-0.3695,1.1019,-0.5634,2.3304,-1.2517,Phoenix Suns,2016-present,Phoenix Suns_2022,0.2352,0.4329,0.0,0.0,0.0,0.2311,0.3917,1.4595,0.0,0.1255,0.7198,0.0,1.282,0.1223
2022,1610612757,97.6074,0.3047,0.1779,0.0943,0.0926,0.3305,0.2459,0.5972,0.2627,0.148,0.0821,0.0452,0.3514,0.2722,0.4231,108.7281,117.5425,-8.8144,15772.0,POR,-0.1005,0.5397,-1.0472,-0.2069,-0.586,0.9993,-0.0659,-0.3149,-0.1435,0.5565,-0.3915,-0.8502,0.6663,Portland Trail Blazers,2016-present,Portland Trail Blazers_2022,1.135,0.0,0.0,0.0,0.0,0.3028,0.7894,0.7521,0.0,0.0899,0.7587,0.0,0.9971,0.175
2022,1610612758,99.0438,0.2901,0.2311,0.1022,0.0865,0.2902,0.2629,0.5854,0.2534,0.1414,0.0722,0.0453,0.3542,0.3332,0.3767,110.6775,116.0776,-5.4001,16296.0,SAC,0.8154,0.0185,0.6394,0.0587,-1.0788,-0.2877,0.8957,-0.7043,-0.5368,-0.8029,-0.3767,0.4757,-0.6226,Sacramento Kings,2016-present,Sacramento Kings_2022,1.3624,0.138,0.0,0.0,0.0,0.1736,0.8339,0.9716,0.0,0.2547,0.9969,0.0,0.1632,0.1056
2022,1610612759,99.609,0.2849,0.2621,0.1077,0.0845,0.2609,0.215,0.6457,0.2793,0.1261,0.0766,0.0484,0.3655,0.3698,0.3453,113.7883,112.4395,1.3488,15686.0,SAS,1.1758,-0.1663,1.6226,0.2462,-1.2389,-1.2261,-1.8131,1.2889,0.5625,-0.1978,0.0953,1.2696,-1.4936,San Antonio Spurs,2016-present,San Antonio Spurs_2022,1.251,0.0,0.0,0.0,0.0,0.2889,0.8715,0.6055,0.0,0.0,1.577,0.0,0.3582,0.0479
2022,1610612760,98.5966,0.2715,0.2513,0.0627,0.0917,0.3229,0.2226,0.578,0.2468,0.1404,0.0778,0.0468,0.3794,0.314,0.4145,105.2556,112.4198,-7.1642,15282.0,OKC,0.5303,-0.6435,1.2796,-1.2761,-0.6608,0.7555,-1.3812,-0.9471,-0.8171,-0.0313,-0.1541,0.0572,0.4286,Oklahoma City Thunder,2016-present,Oklahoma City Thunder_2022,1.637,0.1639,0.0,0.0,0.0,0.8415,0.3533,0.5054,0.0,0.0,0.7721,0.0,0.445,0.2819
2022,1610612761,95.6205,0.2667,0.2349,0.1239,0.097,0.2775,0.2331,0.5428,0.3154,0.1289,0.0935,0.0472,0.3522,0.3588,0.3745,113.4187,111.0773,2.3414,15773.0,TOR,-1.3675,-0.8128,0.759,0.7957,-0.2315,-0.6952,-0.7869,-2.1107,2.0922,2.1104,-0.0893,1.0308,-0.6842,Toronto Raptors,2016-present,Toronto Raptors_2022,0.6109,1.2993,0.0,0.0,0.0,0.2,0.7962,0.6196,0.0,0.0,1.1917,0.0,0.222,0.0604
2022,1610612762,96.5291,0.2638,0.229,0.0392,0.1214,0.3467,0.2711,0.5518,0.2933,0.1446,0.0741,0.0506,0.3885,0.2681,0.4681,117.4631,111.0957,6.3674,15871.0,UTA,-0.7881,-0.9192,0.5715,-2.0719,1.7325,1.5169,1.3621,-1.8127,1.1544,-0.5449,0.4252,-0.9388,1.9169,Utah Jazz,2016-present,Utah Jazz_2022,0.523,0.0,0.0,0.0,0.0,0.8017,0.0,0.578,0.0,0.8306,1.1217,0.0,1.0527,0.0923
2022,1610612763,99.4321,0.3061,0.2788,0.0688,0.0846,0.2617,0.2439,0.5971,0.338,0.132,0.0976,0.065,0.3697,0.3476,0.3463,115.729,109.9841,5.7448,16359.0,MEM,1.063,0.5888,2.1523,-1.0692,-1.2286,-1.1988,-0.1798,-0.3162,3.047,2.6733,2.584,0.7878,-1.4663,Memphis Grizzlies,2016-present,Memphis Grizzlies_2022,0.9723,0.0,0.0,0.0,0.0,0.5121,0.8578,1.09,0.0,0.4959,0.5658,0.0,0.459,0.0472
2022,1610612764,96.7678,0.2849,0.2328,0.1265,0.0925,0.2633,0.2521,0.6168,0.239,0.1345,0.0654,0.0506,0.3729,0.3593,0.3558,111.4701,114.7405,-3.2705,15964.0,WAS,-0.6359,-0.1672,0.6936,0.8842,-0.5938,-1.1479,0.2861,0.3348,-1.1476,-1.7218,0.4266,1.0428,-1.2029,Washington Wizards,2016-present,Washington Wizards_2022,0.5025,0.7871,0.0,0.0,0.0,0.6237,0.4016,0.8539,0.0,0.3648,0.8274,0.0,0.5777,0.0614
2022,1610612765,97.7958,0.3138,0.1956,0.1006,0.1108,0.2793,0.2428,0.615,0.2653,0.1438,0.0791,0.049,0.346,0.2961,0.3901,106.7788,114.2151,-7.4363,15800.0,DET,0.0196,0.8622,-0.4879,0.0053,0.8777,-0.6353,-0.2377,0.2751,-0.0319,0.1376,0.1852,-0.3308,-0.2492,Detroit Pistons,2016-present,Detroit Pistons_2022,0.6958,0.2482,0.0,0.0,0.0,0.9931,0.6778,0.5291,0.0,0.0,1.0644,0.0,0.488,0.3035
2022,1610612766,99.6097,0.3381,0.1795,0.0648,0.124,0.2935,0.2338,0.6562,0.267,0.132,0.0856,0.0487,0.3535,0.2444,0.4175,114.7694,114.0281,0.7413,16502.0,CHA,1.1763,1.7311,-0.9959,-1.2045,1.9449,-0.1843,-0.7469,1.6357,0.0386,1.0265,0.129,-1.4556,0.5114,Charlotte Hornets,2016-present,Charlotte Hornets_2022,1.9064,0.0,0.0,0.0,0.0,0.0,0.1306,0.7469,0.0,0.5583,1.1451,0.0,0.505,0.0077
2023,1610612737,100.4543,0.2923,0.2501,0.1269,0.092,0.2387,0.2443,0.5601,0.2837,0.1276,0.0698,0.0482,0.3438,0.3769,0.3307,116.8592,116.5564,0.3028,16621.0,ATL,0.9883,-0.1732,0.9793,1.3254,-0.3896,-1.483,-1.0291,-1.3168,0.3706,-0.5074,0.1949,1.6513,-1.3536,Atlanta Hawks,2016-present,Atlanta Hawks_2023,0.8427,0.0,0.0,0.0,0.0,0.2803,0.0,1.3274,0.0,0.9086,1.423,0.0,0.1656,0.0525
2023,1610612738,98.0901,0.2677,0.1823,0.0702,0.1131,0.3667,0.2431,0.6318,0.2441,0.134,0.0638,0.0527,0.381,0.2525,0.4798,118.3576,111.9471,6.4105,16332.0,BOS,-0.3534,-0.9774,-1.489,-0.8129,1.1425,2.2148,-1.0868,0.879,-1.1207,-1.2867,0.8059,-1.662,2.2056,Boston Celtics,2016-present,Boston Celtics_2023,0.1421,0.0,0.0,0.0,0.0,0.493,0.043,1.7254,0.0,0.4073,0.7374,0.0,1.4211,0.0308
2023,1610612739,95.2757,0.3162,0.2368,0.0763,0.0946,0.2761,0.264,0.6001,0.2665,0.1386,0.0742,0.0487,0.3475,0.3131,0.3707,116.6519,111.0351,5.6168,15784.0,CLE,-1.9507,0.6042,0.4969,-0.5825,-0.199,-0.4041,-0.0733,-0.0935,-0.2775,0.0766,0.2501,-0.048,-0.3993,Cleveland Cavaliers,2016-present,Cleveland Cavaliers_2023,0.7411,0.0,0.0,0.0,0.0,0.8331,0.7584,1.2248,0.0,0.5555,0.0,0.0,0.8234,0.0638
2023,1610612740,98.4609,0.3185,0.2412,0.0967,0.0836,0.26,0.2782,0.6156,0.2833,0.147,0.0835,0.0414,0.3558,0.3379,0.3436,115.2417,113.1349,2.1068,16260.0,NOP,-0.143,0.6808,0.6567,0.1858,-1.0052,-0.8667,0.6105,0.3816,0.3551,1.2907,-0.7412,0.6111,-1.0463,New Orleans Pelicans,2016-present,New Orleans Pelicans_2023,0.9373,0.0,0.0,0.0,0.0,0.5988,1.2011,1.047,0.0,0.1542,0.3969,0.0,0.6616,0.003
2023,1610612741,98.1404,0.3122,0.1863,0.1689,0.091,0.2415,0.2512,0.5752,0.2326,0.1349,0.079,0.0455,0.3627,0.3552,0.3326,114.0784,112.5568,1.5217,16280.0,CHI,-0.3249,0.4757,-1.3438,2.9105,-0.4606,-1.4014,-0.6921,-0.8542,-1.5527,0.7062,-0.1781,1.0722,-1.3095,Chicago Bulls,2016-present,Chicago Bulls_2023,0.9423,0.6865,0.0,0.0,0.0,0.3929,0.0,1.3643,0.0,0.2138,1.2222,0.0,0.1454,0.0327
2023,1610612742,95.9988,0.2616,0.1835,0.0676,0.1388,0.3486,0.2977,0.5714,0.2164,0.1238,0.0648,0.0382,0.3491,0.2511,0.4874,118.1293,117.1061,1.0232,15569.0,DAL,-1.5403,-1.1756,-1.4479,-0.9109,3.0124,1.6905,1.5527,-0.9723,-2.163,-1.1579,-1.188,-1.7011,2.3858,Dallas Mavericks,2016-present,Dallas Mavericks_2023,0.3878,0.4298,0.0,0.0,0.0,0.2373,0.0,1.243,0.0,0.4538,0.1782,0.0,1.9906,0.0795
2023,1610612743,97.7458,0.3322,0.1984,0.1084,0.0944,0.2665,0.2588,0.6625,0.2808,0.1482,0.0768,0.0457,0.3576,0.3068,0.361,117.964,114.6193,3.3447,16106.0,DEN,-0.5488,1.1278,-0.9016,0.6275,-0.2145,-0.6795,-0.3275,1.8192,0.2596,0.4065,-0.1547,-0.216,-0.632,Denver Nuggets,2016-present,Denver Nuggets_2023,1.6709,0.5936,0.0,0.0,0.0,0.0811,0.2792,0.8416,0.0,0.1465,0.6877,0.0,0.6829,0.0164
2023,1610612744,101.3517,0.2352,0.2032,0.0826,0.1004,0.3786,0.2223,0.6914,0.2676,0.1595,0.0704,0.0387,0.3585,0.2858,0.4791,116.4193,114.7602,1.6591,16696.0,GSW,1.4975,-2.0362,-0.7285,-0.3472,0.2232,2.5582,-2.0896,2.7055,-0.2353,-0.4292,-1.1151,-0.7775,2.1878,Golden State Warriors,2016-present,Golden State Warriors_2023,0.88,0.0,0.0,0.0,0.0,0.0,1.1346,1.1198,0.0,0.0,0.7786,0.0,1.0373,0.0498
2023,1610612745,98.7564,0.3361,0.2348,0.0698,0.0641,0.2952,0.285,0.5516,0.3411,0.1637,0.0738,0.0462,0.3553,0.3047,0.3593,111.6202,119.6923,-8.0721,16266.0,HOU,0.0247,1.254,0.4246,-0.8276,-2.4246,0.1488,0.9424,-1.5779,2.5311,0.0246,-0.0934,-0.2738,-0.6726,Houston Rockets,2016-present,Houston Rockets_2023,0.5978,0.6193,0.0,0.0,0.0,0.5976,1.2863,1.1706,0.0,0.0904,0.471,0.0,0.1534,0.0134
2023,1610612746,97.7813,0.277,0.2079,0.1282,0.1011,0.2858,0.2756,0.5821,0.2647,0.1442,0.0718,0.0454,0.3654,0.3361,0.3869,115.4974,114.7925,0.7048,15959.0,LAC,-0.5287,-0.6717,-0.5567,1.3748,0.27,-0.1234,0.4855,-0.6435,-0.3465,-0.2394,-0.1998,0.5635,-0.0135,Los Angeles Clippers,2016-present,Los Angeles Clippers_2023,0.6609,0.0,0.0,0.0,0.0,0.0,0.05,1.3503,0.0,0.7333,1.5544,0.0,0.6144,0.0367
2023,1610612747,100.7638,0.3343,0.2067,0.1092,0.0898,0.26,0.294,0.59,0.2669,0.1373,0.0642,0.0453,0.3751,0.3159,0.3498,115.5198,114.4494,1.0704,16256.0,LAL,1.1639,1.1951,-0.6007,0.6574,-0.5507,-0.867,1.3747,-0.4005,-0.263,-1.2424,-0.2066,0.025,-0.8974,Los Angeles Lakers,2016-present,Los Angeles Lakers_2023,0.1096,0.6695,0.0,0.0,0.0,0.0067,0.632,1.5041,0.0,0.0431,0.9269,0.0,1.0822,0.0259
2023,1610612748,95.6414,0.2479,0.2637,0.0804,0.1134,0.2947,0.2695,0.6081,0.2601,0.1401,0.083,0.0308,0.3461,0.344,0.4081,113.6905,114.0866,-0.3962,15790.0,MIA,-1.7431,-1.6208,1.4745,-0.4301,1.1645,0.1338,0.1917,0.1525,-0.5176,1.2209,-2.2085,0.774,0.4927,Miami Heat,2016-present,Miami Heat_2023,0.7697,0.6527,0.0,0.0,0.0,0.7118,0.1973,1.1252,0.0,0.0,0.4451,0.0,0.855,0.2432
2023,1610612749,100.4176,0.2786,0.1795,0.0987,0.1064,0.337,0.2456,0.6004,0.2801,0.1448,0.0643,0.0498,0.3955,0.2781,0.4433,115.7792,111.5787,4.2005,15333.0,MIL,0.9674,-0.622,-1.5938,0.2607,0.6538,1.3553,-0.9657,-0.084,0.2338,-1.2268,0.407,-0.9809,1.3348,Milwaukee Bucks,2016-present,Milwaukee Bucks_2023,0.0428,1.6014,0.0,0.0,0.0,0.1563,0.0508,0.7711,0.0,0.0,0.6075,0.0,1.6011,0.1689
2023,1610612750,100.4769,0.3334,0.2156,0.0711,0.0979,0.282,0.27,0.6111,0.2487,0.1506,0.0799,0.0531,0.3473,0.2867,0.3799,114.7893,114.247,0.5423,16228.0,MIN,1.0011,1.1677,-0.277,-0.7792,0.0372,-0.2328,0.2161,0.2457,-0.949,0.813,0.8649,-0.7525,-0.1802,Minnesota Timberwolves,2016-present,Minnesota Timberwolves_2023,0.606,0.2422,0.0,0.0,0.0,0.9794,0.4553,1.1688,0.0,0.5335,0.3849,0.0,0.6038,0.0261
2023,1610612751,97.7405,0.2613,0.2196,0.12,0.1012,0.298,0.2577,0.619,0.2239,0.1393,0.0745,0.063,0.3557,0.3396,0.3991,116.9281,114.5447,2.3834,15316.0,BKN,-0.5519,-1.1855,-0.1297,1.0644,0.276,0.2284,-0.381,0.4884,-1.8804,0.1083,2.2254,0.6565,0.2793,Brooklyn Nets,2016-present,Brooklyn Nets_2023,0.0569,0.1244,0.0,0.0,0.0,0.1839,0.2791,1.2013,0.0,0.7183,0.8759,0.0,1.5159,0.0443
2023,1610612752,96.6953,0.3032,0.232,0.0649,0.1156,0.2843,0.285,0.5459,0.3138,0.1325,0.0655,0.0423,0.3715,0.2969,0.3999,118.2994,115.3961,2.9033,16085.0,NYK,-1.145,0.1811,0.3194,-1.0115,1.3235,-0.1646,0.9416,-1.754,1.5027,-1.064,-0.626,-0.4805,0.2982,New York Knicks,2016-present,New York Knicks_2023,0.1897,0.6836,0.0,0.0,0.0,0.0,0.4116,0.5927,0.0,0.5916,1.304,0.0,1.2245,0.0023
2023,1610612753,98.6359,0.3111,0.2195,0.1088,0.0792,0.2814,0.289,0.574,0.2805,0.1514,0.0745,0.0474,0.3555,0.3283,0.3607,112.8061,114.7029,-1.8968,16016.0,ORL,-0.0437,0.4387,-0.1339,0.6414,-1.3201,-0.2494,1.1339,-0.8936,0.2509,0.112,0.082,0.3549,-0.6393,Orlando Magic,2016-present,Orlando Magic_2023,0.5636,1.4293,0.0,0.0,0.0,0.4049,0.0626,0.8463,0.0,0.0,0.9012,0.0,0.7439,0.0483
2023,1610612754,100.538,0.3231,0.1995,0.065,0.0995,0.3129,0.2636,0.6424,0.2762,0.1478,0.0762,0.0578,0.3298,0.2645,0.4124,115.2906,118.2742,-2.9837,16523.0,IND,1.0358,0.8312,-0.863,-1.0093,0.153,0.6598,-0.0962,1.2028,0.0871,0.3388,1.5158,-1.3432,0.5956,Indiana Pacers,2016-present,Indiana Pacers_2023,0.7887,0.0,0.0,0.0,0.0,0.9561,0.8328,0.4736,0.0,0.2669,0.944,0.0,0.6267,0.1112
2023,1610612755,96.0785,0.3017,0.2215,0.0873,0.1083,0.2811,0.2996,0.6164,0.2472,0.1408,0.0798,0.0489,0.3542,0.3089,0.3894,118.6935,114.2893,4.4042,15917.0,PHI,-1.4951,0.1344,-0.0601,-0.1667,0.7944,-0.2592,1.6439,0.4065,-1.003,0.8054,0.2828,-0.1616,0.0464,Philadelphia 76ers,2016-present,Philadelphia 76ers_2023,0.2605,0.5709,0.0,0.0,0.0,0.9453,0.2109,0.5281,0.0,0.1743,1.1991,0.0,1.0662,0.0447
2023,1610612756,97.682,0.2315,0.2747,0.1343,0.1084,0.2511,0.2359,0.6468,0.2985,0.1378,0.0741,0.0537,0.3542,0.409,0.3595,115.8304,113.2729,2.5575,15680.0,PHX,-0.585,-2.1578,1.8772,1.6054,0.8008,-1.1239,-1.4331,1.3383,0.928,0.0569,0.9386,2.5052,-0.6662,Phoenix Suns,2016-present,Phoenix Suns_2023,0.9805,0.5651,0.0,0.0,0.0,0.0941,0.2483,1.3511,0.0,0.2198,1.3098,0.0,0.2312,0.0
2023,1610612757,98.2562,0.3332,0.1697,0.0838,0.0908,0.3224,0.2887,0.5972,0.2609,0.1467,0.0684,0.0465,0.3378,0.2535,0.4132,115.2292,119.0995,-3.8702,16154.0,POR,-0.2592,1.1615,-1.9496,-0.2984,-0.4756,0.934,1.1176,-0.1803,-0.4899,-0.6882,-0.0442,-1.6355,0.616,Portland Trail Blazers,2016-present,Portland Trail Blazers_2023,1.3002,0.0,0.0,0.0,0.0,0.1076,0.3499,0.5336,0.0,0.3998,1.5613,0.0,0.5188,0.2289
2023,1610612758,99.9668,0.2985,0.2053,0.073,0.1012,0.3219,0.2842,0.6261,0.2632,0.1337,0.0695,0.0333,0.3459,0.2783,0.4231,119.787,117.246,2.541,16520.0,SAC,0.7116,0.0297,-0.6506,-0.7073,0.2792,0.9201,0.8992,0.7041,-0.4022,-0.5428,-1.8615,-0.9747,0.8522,Sacramento Kings,2016-present,Sacramento Kings_2023,1.0488,0.0,0.0,0.0,0.0,0.0558,0.9483,1.0562,0.0,0.0427,0.3619,0.0,1.437,0.0494
2023,1610612759,101.369,0.3149,0.2585,0.0812,0.078,0.2675,0.2247,0.6367,0.2884,0.1464,0.0677,0.0376,0.3311,0.3396,0.3454,111.9044,120.7136,-8.8092,14402.0,SAS,1.5074,0.5641,1.2855,-0.3993,-1.4126,-0.6522,-1.9719,1.029,0.5483,-0.7744,-1.2673,0.6577,-1.0026,San Antonio Spurs,2016-present,San Antonio Spurs_2023,1.1541,0.0772,0.0,0.0,0.0,0.2809,0.9158,0.5151,0.0,0.0,1.606,0.0,0.3327,0.1182
2023,1610612760,100.8056,0.3331,0.2275,0.0721,0.0793,0.2879,0.25,0.5689,0.2804,0.1282,0.0829,0.041,0.338,0.2996,0.3673,115.784,113.5075,2.2765,15415.0,OKC,1.1876,1.1584,0.157,-0.742,-1.3127,-0.0613,-0.7532,-1.0494,0.2478,1.2168,-0.8093,-0.409,-0.4814,Oklahoma City Thunder,2016-present,Oklahoma City Thunder_2023,2.2156,0.6152,0.0,0.0,0.0,0.5852,0.0,0.6228,0.0,0.0,0.2882,0.0,0.6255,0.0476
2023,1610612761,96.6986,0.291,0.2462,0.1124,0.0983,0.2521,0.257,0.5709,0.3094,0.1197,0.0971,0.0533,0.3282,0.3586,0.3504,115.9513,114.5283,1.423,15918.0,TOR,-1.1431,-0.2158,0.838,0.7786,0.0699,-1.097,-0.412,-0.9875,1.3396,3.0729,0.8945,1.162,-0.8838,Toronto Raptors,2016-present,Toronto Raptors_2023,1.41,1.3458,0.0,0.0,0.0,0.0,0.503,0.6402,0.0,0.2053,0.8309,0.0,0.0,0.0648
2023,1610612762,100.0657,0.276,0.2502,0.0525,0.0983,0.323,0.2645,0.612,0.3042,0.1531,0.0605,0.052,0.3606,0.3027,0.4213,116.5115,117.0932,-0.5817,16331.0,UTA,0.7677,-0.7045,0.9844,-1.4827,0.0687,0.9515,-0.0513,0.2718,1.1435,-1.7261,0.7163,-0.3271,0.809,Utah Jazz,2016-present,Utah Jazz_2023,0.5722,0.571,0.0,0.0,0.0,0.8874,0.3116,0.8307,0.0,0.6002,0.2051,0.0,0.8774,0.1443
2023,1610612763,100.3604,0.3197,0.2575,0.0509,0.0969,0.2751,0.2584,0.5959,0.3032,0.1349,0.0823,0.057,0.3653,0.3083,0.3719,115.8824,112.0387,3.8437,16532.0,MEM,0.935,0.7209,1.2485,-1.5422,-0.0379,-0.4325,-0.3465,-0.2219,1.1057,1.1291,1.3973,-0.1761,-0.3699,Memphis Grizzlies,2016-present,Memphis Grizzlies_2023,0.743,0.0436,0.0,0.0,0.0,0.0717,1.031,0.9833,0.0,0.2836,1.0247,0.0,0.7714,0.0476
2023,1610612764,97.9815,0.2746,0.2498,0.1107,0.0842,0.2807,0.2553,0.6016,0.2646,0.1434,0.0699,0.0525,0.3651,0.3605,0.3649,115.1405,116.3875,-1.247,16005.0,WAS,-0.4151,-0.7496,0.9692,0.715,-0.9622,-0.2697,-0.4956,-0.0454,-0.3484,-0.4958,0.7798,1.213,-0.5387,Washington Wizards,2016-present,Washington Wizards_2023,0.5097,1.2907,0.0,0.0,0.0,0.5861,0.277,0.4174,0.0,0.4029,0.8476,0.0,0.5313,0.1372
2023,1610612765,98.7068,0.2794,0.2471,0.1013,0.1042,0.268,0.2933,0.5791,0.2913,0.1519,0.0709,0.0378,0.3378,0.3484,0.3722,111.2937,118.9861,-7.6923,16079.0,DET,-0.0034,-0.5952,0.8698,0.3619,0.4949,-0.6359,1.3396,-0.735,0.656,-0.355,-1.2466,0.8911,-0.3632,Detroit Pistons,2016-present,Detroit Pistons_2023,0.4513,0.0,0.0,0.0,0.0,0.3981,0.6524,1.1266,0.0,0.4198,1.157,0.0,0.5803,0.2144
2023,1610612766,100.451,0.3332,0.2272,0.0796,0.0974,0.2626,0.2605,0.6092,0.2736,0.1402,0.0764,0.0511,0.3507,0.3068,0.36,109.6805,115.7831,-6.1026,16595.0,CHA,0.9864,1.1602,0.1449,-0.459,0.0012,-0.7916,-0.2446,0.1853,-0.0107,0.3574,0.585,-0.2181,-0.6539,Charlotte Hornets,2016-present,Charlotte Hornets_2023,1.4212,0.0,0.0,0.0,0.0,0.5632,0.0,0.8842,0.0,1.0527,1.0257,0.0,0.0,0.053
2024,1610612737,99.7955,0.2913,0.2309,0.0701,0.1146,0.2931,0.2513,0.6177,0.3021,0.1344,0.0745,0.0447,0.3407,0.301,0.4077,117.4982,119.7238,-2.2256,16512.0,ATL,0.9421,-0.1249,0.276,-0.8839,1.0579,-0.0049,0.4142,-0.4829,1.1819,-0.246,-0.9642,-0.4464,0.4613,Atlanta Hawks,2016-present,Atlanta Hawks_2024,0.4824,0.0,0.0,0.0,0.0,0.0995,0.3585,1.2032,0.0,0.6406,1.071,0.0,1.0458,0.099
2024,1610612738,96.9682,0.2658,0.181,0.0823,0.1034,0.3674,0.2236,0.6129,0.2775,0.1221,0.0696,0.0672,0.388,0.2634,0.4708,123.2639,111.9205,11.3434,16024.0,BOS,-0.6764,-1.2228,-2.1493,-0.2012,0.1603,2.8123,-1.0101,-0.6445,0.1069,-1.0692,1.9883,-2.1078,2.6983,Boston Celtics,2016-present,Boston Celtics_2024,0.2268,0.4657,0.0,0.0,0.0,0.6043,0.0,1.3095,0.0,0.324,1.0557,0.0,0.9766,0.0374
2024,1610612739,96.6604,0.3135,0.2054,0.0592,0.1053,0.3166,0.2338,0.6712,0.2683,0.1394,0.0759,0.0477,0.3649,0.2645,0.4219,115.7539,113.3434,2.4105,15953.0,CLE,-0.8526,0.8345,-0.9653,-1.4982,0.314,0.8859,-0.4886,1.2993,-0.292,-0.0177,-0.5775,-2.0564,0.966,Cleveland Cavaliers,2016-present,Cleveland Cavaliers_2024,0.4726,0.0,0.0,0.0,0.0,0.4985,1.0753,1.1344,0.0,0.1358,0.0443,0.0,1.5781,0.0611
2024,1610612740,97.6522,0.3052,0.2342,0.0878,0.1028,0.2701,0.2605,0.635,0.2764,0.133,0.0855,0.0473,0.365,0.322,0.3728,117.5256,113.2014,4.3242,15978.0,NOP,-0.2848,0.4756,0.4383,0.1032,0.1058,-0.88,0.8884,0.0913,0.0609,1.604,-0.6182,0.4788,-0.7756,New Orleans Pelicans,2016-present,New Orleans Pelicans_2024,1.2975,0.0,0.0,0.0,0.0,0.642,1.05,0.531,0.0,0.0845,0.5446,0.0,0.8258,0.0245
2024,1610612741,95.9099,0.3037,0.2156,0.1224,0.103,0.2553,0.2359,0.594,0.2863,0.1256,0.08,0.0494,0.3566,0.3379,0.3584,115.2046,116.8714,-1.6668,15969.0,CHI,-1.2822,0.4121,-0.4695,2.0394,0.1262,-1.438,-0.381,-1.2747,0.4924,0.6693,-0.3506,1.1818,-1.288,Chicago Bulls,2016-present,Chicago Bulls_2024,0.5948,0.6512,0.0,0.0,0.0,0.5129,0.0,0.7451,0.0,0.335,1.4916,0.0,0.5823,0.0871
2024,1610612742,99.5669,0.262,0.202,0.0949,0.1261,0.315,0.2468,0.596,0.2517,0.125,0.0695,0.0502,0.3579,0.2969,0.4411,118.4689,115.8866,2.5823,15950.0,DAL,0.8112,-1.3875,-1.1279,0.5016,1.982,0.826,0.1835,-1.2063,-1.0189,-1.0825,-0.2445,-0.6275,1.6446,Dallas Mavericks,2016-present,Dallas Mavericks_2024,1.1706,0.0,0.0,0.0,0.0,0.2727,0.0584,1.187,0.0,0.6998,0.9566,0.0,0.5994,0.0554
2024,1610612743,96.4141,0.3208,0.2139,0.1136,0.0872,0.2645,0.2237,0.669,0.2886,0.1309,0.0739,0.0577,0.3719,0.3275,0.3517,119.0193,113.4866,5.5328,15832.0,DEN,-0.9936,1.1482,-0.5502,1.5497,-1.1438,-1.0923,-1.009,1.2239,0.5942,-0.3527,0.7407,0.7226,-1.5243,Denver Nuggets,2016-present,Denver Nuggets_2024,1.407,0.6959,0.0,0.0,0.0,0.089,0.0,0.4684,0.0,0.244,0.4614,0.0,1.6208,0.0136
2024,1610612744,98.8112,0.2465,0.2356,0.0932,0.0742,0.3504,0.2182,0.6707,0.306,0.1438,0.0701,0.0462,0.3706,0.3288,0.4246,118.1918,115.818,2.3739,16293.0,GSW,0.3786,-2.0546,0.5065,0.4086,-2.1945,2.1698,-1.2914,1.2803,1.3526,-0.9834,-0.7619,0.7814,1.061,Golden State Warriors,2016-present,Golden State Warriors_2024,1.7572,0.4952,0.0,0.0,0.0,0.0,0.6787,0.9983,0.0,0.2836,0.5804,0.0,0.1951,0.0116
2024,1610612745,98.5252,0.3071,0.2033,0.0924,0.0719,0.3252,0.2566,0.5942,0.285,0.1284,0.0784,0.046,0.3637,0.2957,0.3971,115.1493,113.7267,1.4226,16291.0,HOU,0.2149,0.5594,-1.0649,0.3624,-2.3796,1.2141,0.6845,-1.2683,0.4373,0.4038,-0.7944,-0.6801,0.0865,Houston Rockets,2016-present,Houston Rockets_2024,0.9711,0.604,0.0,0.0,0.0,0.0,1.0595,0.6705,0.0,0.0,0.9737,0.0,0.6647,0.0566
2024,1610612746,96.95,0.2831,0.2314,0.103,0.1013,0.2812,0.2556,0.6038,0.2713,0.1354,0.0804,0.0519,0.3601,0.3344,0.3825,119.0482,115.7868,3.2614,15920.0,LAC,-0.6868,-0.4791,0.3027,0.9544,-0.012,-0.4558,0.6359,-0.9472,-0.1646,0.7485,-0.0195,1.0269,-0.4312,Los Angeles Clippers,2016-present,Los Angeles Clippers_2024,0.1278,0.0894,0.0,0.0,0.0,0.5367,0.7038,1.2052,0.0,0.1736,1.1417,0.0,0.9633,0.0584
2024,1610612747,100.3818,0.3231,0.2257,0.0928,0.0956,0.2628,0.2763,0.6536,0.2338,0.1381,0.0728,0.0545,0.3663,0.3185,0.3584,116.6004,115.9124,0.688,16609.0,LAL,1.2777,1.2487,0.0249,0.3841,-0.4718,-1.1559,1.6994,0.7127,-1.7992,-0.529,0.3233,0.3254,-1.2878,Los Angeles Lakers,2016-present,Los Angeles Lakers_2024,1.07,0.682,0.0,0.0,0.0,0.2187,0.0049,1.9119,0.0,0.221,0.2688,0.0,0.5312,0.0916
2024,1610612748,95.8838,0.2479,0.2768,0.0819,0.1176,0.2758,0.2551,0.6484,0.2507,0.1315,0.0784,0.0356,0.3652,0.3587,0.3934,114.4309,112.6685,1.7624,15734.0,MIA,-1.2971,-1.9975,2.512,-0.2256,1.2992,-0.6609,0.6106,0.5377,-1.0631,0.398,-2.1562,2.1003,-0.0454,Miami Heat,2016-present,Miami Heat_2024,1.4117,0.6095,0.0,0.0,0.0,0.3349,0.1886,1.1198,0.0,0.0,0.7728,0.0,0.483,0.0797
2024,1610612749,99.593,0.2853,0.1817,0.1028,0.1145,0.3157,0.27,0.615,0.2505,0.1287,0.068,0.0503,0.3693,0.2845,0.4301,118.5851,116.2119,2.3732,16437.0,MIL,0.8262,-0.3808,-2.1159,0.9433,1.0508,0.8502,1.3778,-0.5729,-1.0688,-1.3429,-0.2301,-1.1753,1.2571,Milwaukee Bucks,2016-present,Milwaukee Bucks_2024,0.9374,1.1506,0.0,0.0,0.0,0.1294,0.0,1.0361,0.0,0.0397,0.2131,0.0,1.4563,0.0374
2024,1610612750,96.715,0.3031,0.244,0.0684,0.1128,0.2716,0.2697,0.6456,0.2643,0.1455,0.0811,0.0623,0.3721,0.3124,0.3844,116.0321,109.4886,6.5435,15962.0,MIN,-0.8213,0.3864,0.9169,-0.982,0.9182,-0.8221,1.3607,0.4446,-0.4693,0.8584,1.3422,0.0575,-0.3638,Minnesota Timberwolves,2016-present,Minnesota Timberwolves_2024,1.05,0.5083,0.0,0.0,0.0,1.1771,0.0338,0.6993,0.0,0.6435,0.2319,0.0,0.5932,0.0628
2024,1610612751,96.5416,0.2909,0.2174,0.0791,0.1134,0.2991,0.2322,0.6322,0.2818,0.1351,0.0701,0.0534,0.3593,0.2965,0.4125,113.7535,116.603,-2.8494,15686.0,BKN,-0.9206,-0.1388,-0.381,-0.3814,0.9634,0.2237,-0.5678,-0.0016,0.298,-0.9883,0.1744,-0.6462,0.6332,Brooklyn Nets,2016-present,Brooklyn Nets_2024,0.2702,0.0,0.0,0.0,0.0,0.6526,0.2339,0.7582,0.0,0.765,0.9813,0.0,1.1986,0.1402
2024,1610612752,94.8687,0.2884,0.2328,0.0751,0.115,0.2888,0.246,0.5903,0.3275,0.1391,0.0785,0.0431,0.3655,0.3079,0.4037,118.5769,113.7856,4.7913,15598.0,NYK,-1.8782,-0.2502,0.37,-0.6076,1.0884,-0.1695,0.1412,-1.3985,2.2909,0.4198,-1.1763,-0.1435,0.3209,New York Knicks,2016-present,New York Knicks_2024,1.1266,0.4236,0.0,0.0,0.0,0.0155,0.2933,0.8781,0.0,0.8226,0.561,0.0,0.8428,0.0365
2024,1610612753,96.3822,0.3406,0.2081,0.0826,0.1005,0.2682,0.2875,0.6097,0.2905,0.1519,0.0842,0.0531,0.3542,0.2906,0.3688,114.0806,111.8913,2.1893,15887.0,ORL,-1.0118,2.0033,-0.834,-0.1886,-0.0746,-0.949,2.2746,-0.7505,0.6737,1.3755,0.1366,-0.905,-0.9195,Orlando Magic,2016-present,Orlando Magic_2024,1.4945,0.0,0.0,0.0,0.0,1.0447,0.3562,1.1637,0.0,0.2414,0.0,0.0,0.6377,0.0618
2024,1610612754,101.1887,0.3208,0.2298,0.0692,0.0936,0.2866,0.221,0.654,0.2781,0.1276,0.0761,0.0579,0.3329,0.299,0.3802,121.7161,118.7598,2.9563,16587.0,IND,1.7396,1.1473,0.2232,-0.9361,-0.631,-0.2515,-1.1476,0.7262,0.1359,0.0248,0.7668,-0.5355,-0.5128,Indiana Pacers,2016-present,Indiana Pacers_2024,0.9946,0.8501,0.0,0.0,0.0,0.4242,0.2652,0.8938,0.0,0.1964,0.7314,0.0,0.6011,0.0433
2024,1610612755,97.2058,0.3124,0.2244,0.0897,0.0846,0.289,0.2613,0.5999,0.2794,0.1211,0.0869,0.0617,0.3499,0.314,0.3736,117.7282,113.7268,4.0015,15500.0,PHI,-0.5404,0.7847,-0.0403,0.209,-1.3561,-0.1614,0.9257,-1.0758,0.1901,1.832,1.2673,0.1282,-0.748,Philadelphia 76ers,2016-present,Philadelphia 76ers_2024,1.0057,0.3463,0.0,0.0,0.0,0.753,0.3979,0.6667,0.0,0.1805,0.9124,0.0,0.6704,0.0672
2024,1610612756,98.0146,0.2673,0.2317,0.123,0.0974,0.2806,0.2698,0.637,0.2843,0.1514,0.0756,0.061,0.3694,0.3547,0.3779,118.0154,114.8941,3.1213,16062.0,PHX,-0.0774,-1.1576,0.318,2.0746,-0.3283,-0.481,1.3625,0.1603,0.4072,-0.0646,1.175,1.9238,-0.594,Phoenix Suns,2016-present,Phoenix Suns_2024,0.5642,0.1176,0.0,0.0,0.0,0.1372,0.5497,1.7789,0.0,0.2913,0.0,0.0,1.5194,0.0417
2024,1610612757,97.011,0.3038,0.2215,0.1041,0.0937,0.2769,0.2271,0.5855,0.3079,0.1549,0.0785,0.0438,0.3351,0.3256,0.3706,109.048,117.4307,-8.3827,15667.0,POR,-0.6519,0.4149,-0.1784,1.0165,-0.6271,-0.6192,-0.8314,-1.5579,1.4345,0.4286,-1.0829,0.6395,-0.8547,Portland Trail Blazers,2016-present,Portland Trail Blazers_2024,1.0826,0.4496,0.0,0.0,0.0,0.089,0.4225,1.351,0.0,0.1047,0.7317,0.0,0.6269,0.142
2024,1610612758,98.4477,0.2561,0.2359,0.0762,0.1096,0.3222,0.2294,0.6541,0.2783,0.1321,0.0769,0.0421,0.3551,0.3121,0.4318,117.1611,115.7914,1.3697,16289.0,SAC,0.1706,-1.6434,0.5227,-0.5456,0.656,1.0987,-0.7147,0.7282,0.1439,0.1491,-1.3109,0.0439,1.3154,Sacramento Kings,2016-present,Sacramento Kings_2024,0.0479,0.0,0.0,0.0,0.0,0.0,0.7355,1.1512,0.0,0.1985,0.2728,0.0,2.5572,0.0368
2024,1610612759,100.7736,0.3051,0.2149,0.0784,0.0978,0.3037,0.2195,0.7123,0.2576,0.1492,0.0701,0.0624,0.3516,0.2934,0.4016,110.5955,116.7248,-6.1294,16607.0,SAS,1.502,0.4707,-0.5002,-0.4204,-0.2909,0.3979,-1.2222,2.6667,-0.7611,-0.9771,1.362,-0.785,0.2437,San Antonio Spurs,2016-present,San Antonio Spurs_2024,1.1814,0.5301,0.0,0.0,0.0,0.7582,0.4862,0.0,0.0,0.0,1.0497,0.0,0.8695,0.1249
2024,1610612760,99.8805,0.2988,0.2258,0.0927,0.0979,0.2847,0.237,0.6077,0.2401,0.1259,0.0846,0.0656,0.3542,0.3185,0.3827,119.8348,112.1795,7.6553,16224.0,OKC,0.9908,0.2014,0.03,0.3779,-0.2813,-0.3241,-0.3201,-0.8158,-1.5254,1.4398,1.7729,0.3251,-0.4267,Oklahoma City Thunder,2016-present,Oklahoma City Thunder_2024,0.7952,0.6155,0.0,0.0,0.0,0.6264,0.0,1.2231,0.0,0.0198,0.1109,0.0,1.5645,0.0445
2024,1610612761,98.9465,0.3181,0.2386,0.0763,0.0981,0.2689,0.2383,0.6712,0.2756,0.14,0.0782,0.0473,0.342,0.315,0.367,113.4907,118.7213,-5.2305,15671.0,TOR,0.4561,1.0309,0.6527,-0.5375,-0.2687,-0.9249,-0.2537,1.2992,0.0257,0.3774,-0.6181,0.1683,-0.9825,Toronto Raptors,2016-present,Toronto Raptors_2024,1.2623,0.886,0.0,0.0,0.0,0.4105,0.5328,0.7133,0.0,0.0,0.7194,0.0,0.3193,0.1564
2024,1610612762,99.4029,0.2687,0.2742,0.0511,0.1173,0.2888,0.2507,0.6482,0.312,0.1568,0.0654,0.0559,0.3554,0.3253,0.406,115.7297,120.4762,-4.7465,16372.0,UTA,0.7173,-1.1007,2.3853,-1.9507,1.2743,-0.1701,0.3831,0.5303,1.6137,-1.7654,0.5064,0.6255,0.4022,Utah Jazz,2016-present,Utah Jazz_2024,1.0359,0.0227,0.0,0.0,0.0,0.8574,0.6177,1.4613,0.0,0.373,0.1473,0.0,0.3858,0.099
2024,1610612763,97.6905,0.2859,0.2297,0.0542,0.1105,0.3197,0.2305,0.6435,0.2805,0.153,0.0862,0.0604,0.3472,0.2838,0.4303,109.7431,114.2837,-4.5405,13942.0,MEM,-0.2629,-0.3568,0.2171,-1.779,0.7329,1.0049,-0.6588,0.3743,0.2392,1.7119,1.0903,-1.2055,1.2616,Memphis Grizzlies,2016-present,Memphis Grizzlies_2024,1.6667,0.6724,0.0,0.0,0.0,0.9495,0.144,0.4784,0.0,0.194,0.2607,0.0,0.262,0.3723
2024,1610612764,102.0841,0.3109,0.2345,0.066,0.0915,0.2971,0.2202,0.6491,0.2355,0.1364,0.0738,0.0497,0.334,0.3005,0.3886,111.3647,120.1204,-8.7557,16629.0,WAS,2.2522,0.7234,0.4512,-1.1175,-0.8,0.1462,-1.185,0.5609,-1.727,-0.3631,-0.3056,-0.4717,-0.2157,Washington Wizards,2016-present,Washington Wizards_2024,1.5069,0.5792,0.0,0.0,0.0,0.2539,0.2254,1.0942,0.0,0.3051,0.0953,0.0,0.7853,0.1547
2024,1610612765,99.3144,0.2973,0.2435,0.1,0.102,0.2572,0.2383,0.6255,0.2695,0.1499,0.0657,0.0469,0.354,0.3435,0.3592,111.5633,118.3625,-6.7992,15190.0,DET,0.6667,0.136,0.8878,0.7899,0.0422,-1.3672,-0.2571,-0.2252,-0.243,-1.7254,-0.6816,1.4278,-1.2588,Detroit Pistons,2016-present,Detroit Pistons_2024,0.4735,0.0,0.0,0.0,0.0,0.6502,1.2612,1.1313,0.0,0.0,0.6475,0.0,0.6329,0.2034
2024,1610612766,96.9131,0.3015,0.2117,0.0956,0.0901,0.3011,0.2121,0.6198,0.2396,0.142,0.0704,0.0463,0.3394,0.3073,0.3912,109.9673,120.0929,-10.1256,15914.0,CHA,-0.7079,0.317,-0.6584,0.5407,-0.9119,0.2979,-1.6036,-0.4136,-1.5465,-0.9338,-0.7538,-0.1709,-0.1232,Charlotte Hornets,2016-present,Charlotte Hornets_2024,1.1325,0.0,0.0,0.0,0.0,0.7984,0.078,0.4593,0.0,0.4399,1.6853,0.0,0.1447,0.262
2025,1610612737,102.3582,0.2994,0.2498,0.0402,0.1161,0.2945,0.2517,0.6827,0.292,0.151,0.0947,0.0495,0.3395,0.29,0.4106,114.9116,115.9131,-1.0016,16850.0,ATL,1.9491,0.7016,0.6896,-1.4936,0.6582,-0.6263,0.693,1.2573,0.329,1.4216,0.0469,-0.3408,-0.3008,Atlanta Hawks,2016-present,Atlanta Hawks_2025,1.1441,0.3303,0.0,0.0,0.0,0.7735,0.6172,0.6988,0.0,0.2979,0.4253,0.0,0.6573,0.0556
2025,1610612738,95.649,0.2257,0.1682,0.0703,0.1062,0.4296,0.212,0.6282,0.2802,0.1229,0.0746,0.0573,0.3803,0.2386,0.5358,120.4701,111.3406,9.1295,15806.0,BOS,-1.5589,-1.5871,-1.9905,-0.1258,-0.0497,3.6341,-1.9362,-0.2499,-0.1037,-1.0361,1.5136,-1.8098,3.2266,Boston Celtics,2016-present,Boston Celtics_2025,0.159,0.3119,0.0,0.0,0.0,0.0359,0.0,1.2202,0.0,0.5464,1.0531,0.0,1.6425,0.0309
2025,1610612739,99.4862,0.2766,0.2119,0.0547,0.1162,0.3405,0.2407,0.6308,0.29,0.1319,0.082,0.0426,0.3651,0.2666,0.4568,121.9524,112.7449,9.2076,16363.0,CLE,0.4474,-0.0076,-0.5554,-0.8339,0.6706,0.826,-0.0357,-0.1781,0.2544,-0.1302,-1.2483,-1.0079,1.0013,Cleveland Cavaliers,2016-present,Cleveland Cavaliers_2025,0.3997,0.0,0.0,0.0,0.0,0.1295,0.631,1.5028,0.0,0.5822,0.1736,0.0,1.5168,0.0645
2025,1610612740,98.9134,0.3023,0.2363,0.0761,0.1014,0.2839,0.2388,0.6345,0.2987,0.1469,0.0861,0.0523,0.3413,0.3124,0.3853,111.3416,120.0869,-8.7454,15210.0,NOP,0.1479,0.7903,0.2461,0.1361,-0.3951,-0.9604,-0.1617,-0.0741,0.5751,0.374,0.5757,0.2996,-1.0131,New Orleans Pelicans,2016-present,New Orleans Pelicans_2025,0.8755,0.0,0.0,0.0,0.0,0.4321,0.7147,0.2673,0.0,0.5426,1.6803,0.0,0.1595,0.328
2025,1610612741,102.8991,0.3025,0.1903,0.05,0.1177,0.3395,0.2095,0.672,0.2519,0.1404,0.0739,0.0453,0.371,0.2403,0.4572,115.1377,115.2638,-0.1261,16282.0,CHI,2.2319,0.7972,-1.266,-1.0467,0.7738,0.793,-2.1032,0.9608,-1.1351,-1.1301,-0.7454,-1.7597,1.0124,Chicago Bulls,2016-present,Chicago Bulls_2025,1.6804,0.5837,0.0,0.0,0.0,0.6491,0.1363,0.0,0.0,0.0,0.9977,0.0,0.9011,0.0517
2025,1610612742,99.2429,0.274,0.2561,0.0805,0.1052,0.2842,0.2574,0.6064,0.2644,0.1403,0.0797,0.0548,0.3567,0.3366,0.3894,116.0325,115.2713,0.7613,14516.0,DAL,0.3202,-0.0862,0.897,0.3346,-0.1219,-0.9528,1.0704,-0.851,-0.6808,-0.4117,1.049,0.9906,-0.899,Dallas Mavericks,2016-present,Dallas Mavericks_2025,0.9233,0.0658,0.0,0.0,0.0,1.5281,0.0,0.6746,0.0,0.7291,1.018,0.0,0.0,0.0612
2025,1610612743,99.5779,0.3327,0.2214,0.0902,0.0807,0.275,0.2594,0.6826,0.3037,0.1422,0.0795,0.0487,0.3671,0.3116,0.3558,120.4476,116.0872,4.3604,16476.0,DEN,0.4954,1.7329,-0.2457,0.7781,-1.8776,-1.2405,1.2041,1.2541,0.7565,-0.4439,-0.1011,0.2763,-1.8458,Denver Nuggets,2016-present,Denver Nuggets_2025,1.6036,0.6538,0.0,0.0,0.0,0.535,0.0,0.6032,0.0,0.1701,0.194,0.0,1.1379,0.1025
2025,1610612744,98.1568,0.2439,0.2271,0.0607,0.1163,0.352,0.2407,0.7163,0.3035,0.1413,0.0963,0.0484,0.3588,0.2878,0.4683,116.3578,111.8622,4.4956,15492.0,GSW,-0.2477,-1.0205,-0.0563,-0.5629,0.674,1.1864,-0.0341,2.1847,0.7494,1.6241,-0.151,-0.4034,1.3245,Golden State Warriors,2016-present,Golden State Warriors_2025,0.9304,0.4214,0.0,0.0,0.0,0.0615,0.2859,0.9897,0.0,0.2459,0.7635,0.0,1.2275,0.0742
2025,1610612745,98.0763,0.2881,0.2366,0.0917,0.0816,0.302,0.2405,0.5498,0.3576,0.1411,0.0854,0.051,0.3659,0.3283,0.3836,115.7093,111.4335,4.2758,16142.0,HOU,-0.2898,0.3508,0.2547,0.844,-1.8135,-0.3903,-0.0473,-2.4174,2.7238,0.288,0.3262,0.7528,-1.0612,Houston Rockets,2016-present,Houston Rockets_2025,0.7332,0.6,0.0,0.0,0.0,0.2131,0.6904,0.0,0.0,0.1973,2.007,0.0,0.5331,0.0258
2025,1610612746,97.3027,0.2722,0.2731,0.0677,0.0946,0.2924,0.251,0.6055,0.2714,0.1519,0.0963,0.0461,0.3657,0.3408,0.387,115.2677,110.5243,4.7434,16059.0,LAC,-0.6942,-0.1426,1.453,-0.2438,-0.885,-0.6916,0.6486,-0.8782,-0.4238,1.6152,-0.5935,1.1099,-0.9655,Los Angeles Clippers,2016-present,Los Angeles Clippers_2025,0.8364,0.0045,0.0,0.0,0.0,0.5805,0.7933,1.2244,0.0,0.0524,1.1247,0.0,0.3609,0.0227
2025,1610612747,97.5186,0.2733,0.2166,0.0839,0.1063,0.32,0.2686,0.6346,0.2577,0.1422,0.0791,0.0461,0.3599,0.3005,0.4263,116.8389,115.1187,1.7202,15677.0,LAL,-0.5813,-0.1106,-0.4013,0.4889,-0.0447,0.1775,1.8127,-0.074,-0.9238,-0.4886,-0.5982,-0.0411,0.141,Los Angeles Lakers,2016-present,Los Angeles Lakers_2025,0.6343,0.3677,0.0,0.0,0.0,0.2576,0.0302,1.7334,0.0,0.562,0.2928,0.0,1.0693,0.0528
2025,1610612748,96.058,0.256,0.2593,0.0559,0.1258,0.3029,0.2307,0.654,0.2503,0.1397,0.0837,0.0392,0.3676,0.3152,0.4288,113.7931,113.147,0.6461,15887.0,MIA,-1.345,-0.6455,0.9994,-0.7775,1.3576,-0.3602,-0.7003,0.4629,-1.1965,0.0799,-1.8963,0.3794,0.2117,Miami Heat,2016-present,Miami Heat_2025,0.2902,0.7804,0.0,0.0,0.0,0.578,0.3577,0.8768,0.0,0.0,0.5572,0.0,1.405,0.1546
2025,1610612749,98.8246,0.2753,0.1785,0.1221,0.1076,0.3164,0.2676,0.6067,0.2268,0.1346,0.074,0.0474,0.3781,0.3006,0.424,116.2351,114.1502,2.0849,16269.0,MIL,0.1015,-0.0458,-1.6543,2.2258,0.0501,0.0654,1.7452,-0.8445,-2.0526,-1.1118,-0.3429,-0.0371,0.0782,Milwaukee Bucks,2016-present,Milwaukee Bucks_2025,1.389,0.924,0.0,0.0,0.0,0.3091,0.0,0.8198,0.0,0.0534,0.4887,0.0,0.9677,0.0484
2025,1610612750,97.0953,0.2854,0.2074,0.0521,0.1193,0.3358,0.2491,0.6367,0.2886,0.1477,0.0816,0.0506,0.3629,0.2595,0.4551,116.8433,111.6899,5.1534,16045.0,MIN,-0.8027,0.2661,-0.7032,-0.9532,0.8901,0.6761,0.5185,-0.0134,0.2027,-0.1789,0.2567,-1.2115,0.9537,Minnesota Timberwolves,2016-present,Minnesota Timberwolves_2025,1.5071,0.5567,0.0,0.0,0.0,0.5743,0.0586,0.7225,0.0,0.5944,0.0,0.0,0.9313,0.055
2025,1610612751,95.8762,0.2836,0.2144,0.0434,0.127,0.3316,0.2381,0.668,0.2785,0.1576,0.0819,0.0451,0.3387,0.2578,0.4586,109.5442,115.9179,-6.3737,14917.0,BKN,-1.4401,0.209,-0.4736,-1.3467,1.4445,0.5434,-0.2097,0.8514,-0.1641,-0.1414,-0.7864,-1.2596,1.053,Brooklyn Nets,2016-present,Brooklyn Nets_2025,0.6328,0.0,0.0,0.0,0.0,1.1587,0.703,0.5747,0.0,0.0,0.4589,0.0,1.32,0.1518
2025,1610612752,96.5976,0.3108,0.2275,0.0794,0.1131,0.2691,0.232,0.6343,0.2916,0.1361,0.0838,0.0404,0.3496,0.3069,0.3823,118.6288,114.3321,4.2967,16003.0,NYK,-1.0629,1.0561,-0.0431,0.2847,0.4483,-1.4272,-0.6087,-0.0799,0.3139,0.0833,-1.6543,0.1418,-1.0987,New York Knicks,2016-present,New York Knicks_2025,1.4027,0.6409,0.0,0.0,0.0,0.4099,0.2967,0.5765,0.0,0.1594,1.1647,0.0,0.1918,0.1574
2025,1610612753,95.5813,0.2821,0.2213,0.0868,0.1125,0.2973,0.267,0.6021,0.289,0.1474,0.0944,0.0622,0.3447,0.3081,0.4098,110.3089,109.7952,0.5136,15340.0,ORL,-1.5943,0.1632,-0.2466,0.6207,0.4006,-0.537,1.7046,-0.9714,0.218,1.3892,2.4441,0.1764,-0.3222,Orlando Magic,2016-present,Orlando Magic_2025,0.2728,0.0,0.0,0.0,0.0,0.5879,0.5921,1.4931,0.0,0.3563,0.0,0.0,1.6952,0.0027
2025,1610612754,99.7593,0.2734,0.2325,0.0936,0.1046,0.2959,0.2413,0.671,0.2407,0.1313,0.084,0.0542,0.3476,0.3261,0.4005,116.7819,114.2287,2.5533,16506.0,IND,0.5902,-0.1059,0.1189,0.9328,-0.1677,-0.5814,0.0066,0.9323,-1.547,0.1076,0.9358,0.6906,-0.5852,Indiana Pacers,2016-present,Indiana Pacers_2025,1.0549,1.1758,0.0,0.0,0.0,0.5693,0.0,0.9725,0.0,0.0,0.5391,0.0,0.5917,0.0967
2025,1610612755,97.1922,0.305,0.1913,0.0802,0.0897,0.3337,0.2479,0.5864,0.2611,0.1404,0.0952,0.0466,0.3256,0.2716,0.4234,112.6971,118.3476,-5.6505,14468.0,PHI,-0.752,0.8756,-1.2324,0.3253,-1.2335,0.6099,0.4396,-1.4045,-0.7994,1.4824,-0.5037,-0.8667,0.0601,Philadelphia 76ers,2016-present,Philadelphia 76ers_2025,1.1401,0.0,0.0,0.0,0.0,0.4202,0.211,0.8618,0.0,0.2179,1.0455,0.0,0.6548,0.4487
2025,1610612756,97.2949,0.1856,0.2716,0.103,0.1363,0.3036,0.2404,0.6736,0.2514,0.143,0.074,0.0489,0.3617,0.3746,0.4399,115.9108,118.8202,-2.9094,16044.0,PHX,-0.6983,-2.8319,1.4036,1.3569,2.1072,-0.34,-0.055,1.0047,-1.1541,-1.1187,-0.0649,2.0747,0.5243,Phoenix Suns,2016-present,Phoenix Suns_2025,0.4872,0.1162,0.0,0.0,0.0,0.1205,0.4126,1.2785,0.0,0.53,1.1603,0.0,0.857,0.0375
2025,1610612757,98.6217,0.326,0.1833,0.0721,0.1038,0.3148,0.2457,0.5873,0.328,0.161,0.0834,0.0533,0.3371,0.2554,0.4186,111.7604,114.9347,-3.1744,16251.0,POR,-0.0046,1.5272,-1.4958,-0.0441,-0.225,0.0138,0.294,-1.3801,1.6442,0.0323,0.7677,-1.3283,-0.076,Portland Trail Blazers,2016-present,Portland Trail Blazers_2025,1.7804,0.3008,0.0,0.0,0.0,0.7306,0.0,0.5722,0.0,0.4242,0.951,0.0,0.121,0.1198
2025,1610612758,97.829,0.2229,0.2513,0.1349,0.0926,0.2983,0.2353,0.6146,0.2809,0.1347,0.0765,0.0441,0.3586,0.3862,0.3909,117.0882,116.6502,0.438,16207.0,SAC,-0.4191,-1.674,0.7384,2.8032,-1.024,-0.5065,-0.3902,-0.6249,-0.0785,-0.8044,-0.9738,2.4069,-0.8547,Sacramento Kings,2016-present,Sacramento Kings_2025,0.428,0.0,0.0,0.0,0.0,0.1784,0.8248,1.6905,0.0,0.0784,0.2888,0.0,1.4554,0.0558
2025,1610612759,99.2215,0.2999,0.1799,0.0789,0.1136,0.3277,0.2335,0.6859,0.2687,0.1391,0.0827,0.0559,0.353,0.2588,0.4413,114.3541,117.3427,-2.9886,16287.0,SAS,0.309,0.7164,-1.6081,0.2651,0.4822,0.4196,-0.5121,1.3446,-0.5228,-0.0455,1.2596,-1.2312,0.5643,San Antonio Spurs,2016-present,San Antonio Spurs_2025,0.6559,0.3835,0.0,0.0,0.0,1.4459,0.5851,0.1478,0.0,0.098,0.6122,0.0,1.0515,0.0201
2025,1610612760,99.8935,0.2593,0.2411,0.0809,0.093,0.3258,0.2178,0.6031,0.2713,0.1169,0.1036,0.0567,0.3664,0.322,0.4187,120.2403,107.6914,12.549,16121.0,OKC,0.6604,-0.5449,0.4017,0.3565,-0.9984,0.3593,-1.5527,-0.943,-0.4263,2.5159,1.3982,0.5737,-0.0713,Oklahoma City Thunder,2016-present,Oklahoma City Thunder_2025,0.7782,0.2276,0.0,0.0,0.0,0.8849,0.4057,1.237,0.0,0.0,0.0,0.0,1.4607,0.0058
2025,1610612761,99.8933,0.3269,0.2418,0.0566,0.1107,0.2641,0.2336,0.6877,0.3012,0.1511,0.0812,0.0427,0.3476,0.2984,0.3748,111.5632,114.1348,-2.5716,14950.0,TOR,0.6603,1.5537,0.4244,-0.7476,0.2716,-1.5863,-0.5033,1.394,0.664,-0.2351,-1.2383,-0.1017,-1.3103,Toronto Raptors,2016-present,Toronto Raptors_2025,0.5932,0.0,0.0,0.0,0.0,0.6932,1.0983,1.2684,0.0,0.0,0.5015,0.0,0.7043,0.1411
2025,1610612762,100.2098,0.231,0.2694,0.0504,0.1267,0.3224,0.2458,0.6332,0.3056,0.1713,0.0669,0.0439,0.3598,0.3198,0.4491,111.7112,120.4235,-8.7122,15195.0,UTA,0.8257,-1.4212,1.3328,-1.0274,1.4236,0.2528,0.2999,-0.1116,0.8257,-1.9786,-1.0,0.512,0.7851,Utah Jazz,2016-present,Utah Jazz_2025,0.4902,0.3183,0.0,0.0,0.0,0.5244,0.1433,1.2227,0.0,0.4494,0.5511,0.0,1.1953,0.1054
2025,1610612763,102.5616,0.2611,0.293,0.04,0.1073,0.2987,0.2503,0.6333,0.3262,0.1509,0.0865,0.0537,0.3622,0.333,0.4059,119.733,112.9692,6.7638,15569.0,MEM,2.0554,-0.4892,2.1077,-1.5006,0.0273,-0.4954,0.6018,-0.1095,1.5779,0.4181,0.846,0.8878,-0.4318,Memphis Grizzlies,2016-present,Memphis Grizzlies_2025,0.9625,0.5786,0.0,0.0,0.0,0.5269,0.7005,0.9671,0.0,0.0,0.3985,0.0,0.832,0.0338
2025,1610612764,100.6437,0.2631,0.2327,0.0687,0.0782,0.3573,0.2279,0.6363,0.263,0.1542,0.0756,0.0509,0.3513,0.3014,0.4355,107.0527,119.3741,-12.3214,16450.0,WAS,1.0526,-0.4261,0.1261,-0.1968,-2.0617,1.3557,-0.8828,-0.027,-0.7305,-0.915,0.3138,-0.0143,0.401,Washington Wizards,2016-present,Washington Wizards_2025,1.301,0.5973,0.0,0.0,0.0,0.2556,0.2896,0.737,0.0,0.1321,0.7694,0.0,0.8583,0.0598
2025,1610612765,99.1689,0.2926,0.2481,0.0652,0.0967,0.2974,0.2481,0.6181,0.2969,0.149,0.0796,0.0527,0.3573,0.3133,0.3941,115.7193,113.7918,1.9275,16367.0,DET,0.2815,0.4904,0.6315,-0.357,-0.7295,-0.5358,0.4525,-0.5285,0.5072,-0.4217,0.6433,0.3243,-0.7652,Detroit Pistons,2016-present,Detroit Pistons_2025,0.3711,0.5818,0.0,0.0,0.0,0.4261,0.8091,0.8014,0.0,0.5134,0.0,0.0,1.4675,0.0295
2025,1610612766,97.4112,0.2739,0.2333,0.0622,0.1062,0.3245,0.2147,0.6414,0.2994,0.1532,0.0762,0.0467,0.3665,0.2955,0.4306,110.1959,115.1319,-4.936,13883.0,CHA,-0.6375,-0.0913,0.1472,-0.495,-0.0522,0.3186,-1.7583,0.1141,0.5973,-0.8397,-0.4787,-0.1836,0.264,Charlotte Hornets,2016-present,Charlotte Hornets_2025,0.6725,0.5358,0.0,0.0,0.0,0.4261,0.5293,0.4627,0.0,0.4106,0.8511,0.0,0.7705,0.3414
