player_id,season,team,salary
youngtr01,2025,ATL,43031940
capelca01,2025,ATL,22265280
leverca01,2025,ATL,16615384
okongon01,2025,ATL,14000000
risacza01,2025,ATL,12569040
mannte01,2025,ATL,11423077
nancela02,2025,ATL,11205000
niangge01,2025,ATL,8500000
daniedy01,2025,ATL,6059520
johnsja05,2025,ATL,4510905
bufkiko01,2025,ATL,4299000
hylanbo01,2025,ATL,4158439
roddyda01,2025,ATL,2847240
mathega01,2025,ATL,2230253
krejcvi01,2025,ATL,2162606
gueyemo02,2025,ATL,1891857
barlodo01,2025,ATL,491887
harrike01,2025,ATL,119972
brownja02,2025,BOS,49205800
tatumja01,2025,BOS,34848340
holidjr01,2025,BOS,30000000
porzikr01,2025,BOS,29268293
whitede01,2025,BOS,20071429
horfoal01,2025,BOS,9500000
pritcpa01,2025,BOS,6696429
scheiba01,2025,BOS,2494320
tillmxa01,2025,BOS,2237691
quetane01,2025,BOS,2162606
hausesa01,2025,BOS,2092344
kornelu01,2025,BOS,2087519
walshjo01,2025,BOS,1891857
craigto01,2025,BOS,779820
davisjd01,2025,BOS,11997
simmobe01,2025,BRK,39256083
claxtni01,2025,BRK,27556817
johnsca02,2025,BRK,22500000
bogdabo02,2025,BRK,19032850
russeda01,2025,BRK,18692307
meltode01,2025,BRK,12822000
willizi02,2025,BRK,6133005
thomaca02,2025,BRK,4041249
sharpda01,2025,BRK,3989122
clownno01,2025,BRK,3244080
whiteda01,2025,BRK,3114240
watfotr01,2025,BRK,2726603
johnske07,2025,BRK,2162606
lewisma05,2025,BRK,1891857
wilsoja03,2025,BRK,1891857
martity01,2025,BRK,635853
hayeski01,2025,BRK,119972
timmedr01,2025,BRK,113055
balllo01,2025,CHI,21395348
vucevni01,2025,CHI,20000000
willipa01,2025,CHI,18000000
huertke01,2025,CHI,16830357
colliza01,2025,CHI,16741200
whiteco01,2025,CHI,12000000
jonestr01,2025,CHI,9104167
smithja04,2025,CHI,8571429
giddejo01,2025,CHI,8352367
dosunay01,2025,CHI,7000000
carteje01,2025,CHI,6500000
duartch01,2025,CHI,5893768
buzelma01,2025,CHI,5195520
terryda01,2025,CHI,3510480
craigto01,2025,CHI,2845342
hortota01,2025,CHI,2087519
phillju01,2025,CHI,1891857
ballla01,2025,CHO,35147000
bridgmi02,2025,CHO,27173913
nurkiju01,2025,CHO,18125000
willigr01,2025,CHO,13025250
greenjo02,2025,CHO,12654321
millebr02,2025,CHO,11424600
okogijo01,2025,CHO,8250000
salauti01,2025,CHO,7488720
bertada01,2025,CHO,5250000
manntr01,2025,CHO,4908373
willima07,2025,CHO,4094280
grahade01,2025,CHO,2850000
smithni01,2025,CHO,2587200
jeffrda01,2025,CHO,2425404
brownch02,2025,CHO,2237692
washidu02,2025,CHO,2162607
curryse01,2025,CHO,2087519
gibsota01,2025,CHO,2087519
jacksre01,2025,CHO,1946229
diabamo01,2025,CHO,957763
paytoel01,2025,CHO,119972
paytoel01,2025,CHO,119972
flynnma01,2025,CHO,119972
garrema01,2025,CHO,107027
simsja01,2025,CHO,66503
simsja01,2025,CHO,6650
garlada01,2025,CLE,36725670
mitchdo01,2025,CLE,35410310
huntede01,2025,CLE,21696429
allenja01,2025,CLE,20000000
strusma01,2025,CLE,15212068
mobleev01,2025,CLE,11227657
okorois01,2025,CLE,10185186
wadede01,2025,CLE,6166667
tysonja01,2025,CLE,3326160
jeromty01,2025,CLE,2560975
merrisa01,2025,CLE,2164993
thomptr01,2025,CLE,2087519
portecr01,2025,CLE,1891857
greenja02,2025,CLE,599862
rubiori01,2025,CLE,424672
okekech01,2025,CLE,115743
tomlina01,2025,CLE,66503
davisan02,2025,DAL,43219440
irvinky01,2025,DAL,41000000
thompkl01,2025,DAL,15873016
washipj01,2025,DAL,15500000
gaffoda01,2025,DAL,13394160
martica02,2025,DAL,9186594
marshna01,2025,DAL,8571429
chrisma02,2025,DAL,7142857
livelde01,2025,DAL,5014560
poweldw01,2025,DAL,4000000
exumda01,2025,DAL,3150000
prospol01,2025,DAL,2870400
mcgeeja01,2025,DAL,2208856
dinwisp01,2025,DAL,2087519
hardyja02,2025,DAL,2019699
brownmo01,2025,DAL,119972
willibr03,2025,DAL,47989
jokicni01,2025,DEN,51415938
murraja01,2025,DEN,36016200
portemi01,2025,DEN,35859950
gordoaa01,2025,DEN,22841455
nnajize01,2025,DEN,8888889
saricda01,2025,DEN,5168000
westbru01,2025,DEN,3303771
braunch01,2025,DEN,3089640
holmeda01,2025,DEN,3065640
strawju01,2025,DEN,2552520
watsope01,2025,DEN,2413560
cancavl01,2025,DEN,2087519
jordade01,2025,DEN,2087519
tysonhu01,2025,DEN,1891857
pickeja02,2025,DEN,1891857
harrito02,2025,DET,25365854
hardati02,2025,DET,16193183
stewais01,2025,DET,15000000
cunnica01,2025,DET,13940809
schrode01,2025,DET,13025250
thompau01,2025,DET,8376000
hollaro01,2025,DET,8245320
iveyja01,2025,DET,7977240
fontesi01,2025,DET,7692308
beaslma01,2025,DET,6000000
durenja01,2025,DET,4536840
sassema01,2025,DET,2755080
dedmode01,2025,DET,2748674
moorewe01,2025,DET,2537040
reedpa01,2025,DET,2485563
waterli01,2025,DET,2196970
reedpa01,2025,DET,1427671
klintbo01,2025,DET,1257153
mccoyja01,2025,DET,47265
curryst01,2025,GSW,55761216
butleji01,2025,GSW,48798677
greendr01,2025,GSW,24107143
paytoga02,2025,GSW,9130000
hieldbu01,2025,GSW,8780488
looneke01,2025,GSW,8000000
kuminjo01,2025,GSW,7636307
moodymo01,2025,GSW,5803269
podzibr01,2025,GSW,3519960
santogu01,2025,GSW,1891857
jackstr02,2025,GSW,1891857
postqu01,2025,GSW,438920
spencpa01,2025,GSW,438810
knoxke01,2025,GSW,263939
knoxke01,2025,GSW,119972
knoxke01,2025,GSW,119972
colliyu01,2025,GSW,66503
keybr01,2025,GSW,11997
vanvlfr01,2025,HOU,42846615
brookdi01,2025,HOU,22255493
adamsst01,2025,HOU,12600000
greenja05,2025,HOU,12483048
sheppre01,2025,HOU,10098960
smithja05,2025,HOU,9770880
thompam01,2025,HOU,9249960
greenje02,2025,HOU,8000000
landajo01,2025,HOU,8000000
tateja01,2025,HOU,7565217
sengual01,2025,HOU,5424654
holidaa01,2025,HOU,4668000
sprinja01,2025,HOU,4018363
easonta01,2025,HOU,3695160
zelleco01,2025,HOU,3500000
whitmca01,2025,HOU,3379080
willije02,2025,HOU,515881
griffaj01,2025,HOU,250000
siakapa01,2025,IND,42176400
halibty01,2025,IND,42176400
turnemy01,2025,IND,19928500
toppiob01,2025,IND,12975000
nesmiaa01,2025,IND,11000000
mccontj01,2025,IND,9300000
mathube01,2025,IND,7245720
walkeja02,2025,IND,6362520
jacksis01,2025,IND,4435381
sheppbe01,2025,IND,2663880
bryanth01,2025,IND,2087519
johnsja01,2025,IND,2087519
nembhan01,2025,IND,2019699
furphjo01,2025,IND,1850842
stausni01,2025,IND,702310
morgaju01,2025,IND,576229
fittsma01,2025,IND,555216
bradlto01,2025,IND,330394
brownmo01,2025,IND,306660
bradlto01,2025,IND,150179
okafoja01,2025,IND,119972
bradlto01,2025,IND,119972
leonaka01,2025,LAC,49205800
hardeja01,2025,LAC,33653846
powelno01,2025,LAC,19241379
bogdabo01,2025,LAC,17260000
zubaciv01,2025,LAC,11743210
jonesde02,2025,LAC,9523810
dunnkr01,2025,LAC,5168000
eubandr01,2025,LAC,5000000
batumni01,2025,LAC,4668000
coffeam01,2025,LAC,3938271
beaucma01,2025,LAC,2733720
brownko01,2025,LAC,2533920
millspa02,2025,LAC,2087519
chrisca02,2025,LAC,1157153
millejo02,2025,LAC,1050000
primojo01,2025,LAC,1000000
simmobe01,2025,LAC,755826
jamesle01,2025,LAL,48728845
doncilu01,2025,LAL,43031940
hachiru01,2025,LAL,17000000
finnedo01,2025,LAL,14924167
reaveau01,2025,LAL,12976362
klebima01,2025,LAL,11000000
vincega01,2025,LAL,11000000
vandeja01,2025,LAL,10714286
knechda01,2025,LAL,3819120
woodch01,2025,LAL,3036040
miltosh01,2025,LAL,2875000
hayesja02,2025,LAL,2463946
reddica01,2025,LAL,2463946
morrima02,2025,LAL,2087519
jamesbr02,2025,LAL,1157153
lenal01,2025,LAL,743829
goodwjo01,2025,LAL,223718
moranja01,2025,MEM,36725670
banede01,2025,MEM,34005250
jacksja02,2025,MEM,25257798
baglema01,2025,MEM,12500000
clarkbr01,2025,MEM,12500000
kennalu01,2025,MEM,9250000
konchjo01,2025,MEM,6165000
edeyza01,2025,MEM,5756880
davisjo06,2025,MEM,5291160
aldamsa01,2025,MEM,3960531
willivi01,2025,MEM,2120693
huffja01,2025,MEM,2088033
pippesc02,2025,MEM,2087519
chandke01,2025,MEM,2019699
jacksgg01,2025,MEM,1891857
wellsja01,2025,MEM,1157153
diakima01,2025,MEM,464050
stevela01,2025,MEM,383912
stevela01,2025,MEM,119972
stevela01,2025,MEM,119972
adebaba01,2025,MIA,34848340
herroty01,2025,MIA,29000000
wiggian01,2025,MIA,26276786
roziete01,2025,MIA,24924126
robindu01,2025,MIA,19406000
anderky01,2025,MIA,8780488
mitchda01,2025,MIA,6451077
highsha01,2025,MIA,5200000
wareke01,2025,MIA,4231800
loveke01,2025,MIA,3850000
jaqueja01,2025,MIA,3685800
jovicni01,2025,MIA,2464200
burksal01,2025,MIA,2087519
larsspe01,2025,MIA,1157153
johnske10,2025,MIA,724883
antetgi01,2025,MIL,48787676
lillada01,2025,MIL,48787676
kuzmaky01,2025,MIL,24456061
lopezbr01,2025,MIL,23000000
portibo01,2025,MIL,12578286
connapa01,2025,MIL,9423869
porteke02,2025,MIL,2366937
greenaj01,2025,MIL,2120693
simsje01,2025,MIL,2092344
princta02,2025,MIL,2087519
trentga02,2025,MIL,2087519
jacksan01,2025,MIL,1891857
livinch01,2025,MIL,1891857
smithty02,2025,MIL,1157153
rolliry01,2025,MIL,491887
goberru01,2025,MIN,43827586
edwaran01,2025,MIN,42176400
randlju01,2025,MIN,33073920
mcdanja02,2025,MIN,23017242
reidna01,2025,MIN,13986432
divindo01,2025,MIN,11445000
conlemi01,2025,MIN,9975962
dilliro01,2025,MIN,6262920
alexani01,2025,MIN,4312500
bateske01,2025,MIN,2654644
shannte01,2025,MIN,2546640
garzalu01,2025,MIN,2162606
inglejo01,2025,MIN,2087519
minotjo01,2025,MIN,2019699
millele01,2025,MIN,1891857
doziepj01,2025,MIN,1051255
clarkja02,2025,MIN,492323
willizi01,2025,NOP,36725670
mccolcj01,2025,NOP,33333333
murrade01,2025,NOP,29517135
brownbr01,2025,NOP,23000000
joneshe01,2025,NOP,12976362
olynyke01,2025,NOP,12804878
murphtr02,2025,NOP,5159854
hawkijo01,2025,NOP,4525680
missiyv01,2025,NOP,3193200
robinje02,2025,NOP,2196970
alvarjo01,2025,NOP,1988598
greenja02,2025,NOP,1728488
matkoka01,2025,NOP,1407153
reevean01,2025,NOP,1157153
bostobr01,2025,NOP,596581
nowelja01,2025,NOP,278782
paytoel01,2025,NOP,274809
paytoel01,2025,NOP,119972
paytoel01,2025,NOP,119972
bambamo01,2025,NOP,119972
kelleky01,2025,NOP,66503
paytoel01,2025,NOP,34351
kelleky01,2025,NOP,6650
townska01,2025,NYK,49205800
anunoog01,2025,NYK,36637932
brunsja01,2025,NYK,24960001
bridgmi01,2025,NYK,23300000
hartjo01,2025,NYK,18144000
robinmi01,2025,NYK,14318182
achiupr01,2025,NYK,6000000
mcbrimi01,2025,NYK,4710144
wrighde01,2025,NYK,2087519
kolekty01,2025,NYK,2087519
payneca01,2025,NYK,2087519
dadiepa01,2025,NYK,1808080
shamela01,2025,NYK,1343690
hukpoar01,2025,NYK,1064049
ryanma01,2025,NYK,621439
tuckepj01,2025,NYK,246833
tuckepj01,2025,NYK,119972
tuckepj01,2025,NYK,119972
gilgesh01,2025,OKC,35859950
harteis01,2025,OKC,30000000
dortlu01,2025,OKC,16500000
joeis01,2025,OKC,12991650
holmgch01,2025,OKC,10880640
wiggiaa01,2025,OKC,10514017
carusal01,2025,OKC,9890000
willike04,2025,OKC,6669000
wallaca01,2025,OKC,5555880
diengou01,2025,OKC,5027040
topicni01,2025,OKC,4935960
willija06,2025,OKC,4775760
mitchaj01,2025,OKC,3000000
jonesdi01,2025,OKC,2622360
theisda01,2025,OKC,2087519
willija07,2025,OKC,2019699
porteke02,2025,OKC,1000000
carlsbr01,2025,OKC,365767
leonsma01,2025,OKC,126356
carlsbr01,2025,OKC,65376
carlsbr01,2025,OKC,65376
isaacjo01,2025,ORL,25000000
caldwke01,2025,ORL,22757000
anthoco01,2025,ORL,12900000
banchpa01,2025,ORL,12160800
cartewe01,2025,ORL,11950000
wagnemo01,2025,ORL,11000000
suggsja01,2025,ORL,9188385
bitadgo01,2025,ORL,9057971
blackan01,2025,ORL,7607760
harriga01,2025,ORL,7500000
wagnefr01,2025,ORL,7007092
howarje01,2025,ORL,5278320
dasiltr01,2025,ORL,3628440
josepco01,2025,ORL,3303771
houstca01,2025,ORL,2019699
embiijo01,2025,PHI,51415938
georgpa01,2025,PHI,49205800
maxeyty01,2025,PHI,35147000
oubreke01,2025,PHI,7983000
drumman01,2025,PHI,5000000
grimequ01,2025,PHI,4296682
mccaija01,2025,PHI,4020360
gordoer01,2025,PHI,3303771
lowryky01,2025,PHI,2087519
yabusgu01,2025,PHI,2087519
councri01,2025,PHI,1891857
bonaad01,2025,PHI,1157153
walkelo01,2025,PHI,780932
butleja02,2025,PHI,745726
edwarju01,2025,PHI,425619
brissos01,2025,PHI,119972
okekech01,2025,PHI,119972
okekech01,2025,PHI,119972
roddyda01,2025,PHI,119972
castlco01,2025,PHI,107027
wheelph02,2025,PHI,66503
baglema02,2025,PHI,66503
baglema02,2025,PHI,59853
mobleis01,2025,PHI,11997
duranke01,2025,PHO,51179021
bealbr01,2025,PHO,50203930
bookede01,2025,PHO,49205800
allengr01,2025,PHO,15625000
onealro01,2025,PHO,9375000
martico01,2025,PHO,8120000
micicva01,2025,PHO,7723000
richani01,2025,PHO,5000000
littlna01,2025,PHO,3107143
dunnry01,2025,PHO,2530800
leeda03,2025,PHO,2087519
jonesty01,2025,PHO,2087519
plumlma01,2025,PHO,2087519
morrimo01,2025,PHO,2087519
bolbo01,2025,PHO,2087519
ighodos01,2025,PHO,1157153
liddeej01,2025,PHO,706898
aytonde01,2025,POR,34005126
grantje01,2025,POR,29793104
simonan01,2025,POR,25892857
avdijde01,2025,POR,15625000
williro04,2025,POR,12428571
thybuma01,2025,POR,11025000
hendesc01,2025,POR,10259160
clingdo01,2025,POR,6836400
sharpsh01,2025,POR,6614160
murrakr01,2025,POR,2990040
bantoda01,2025,POR,2196970
reathdu01,2025,POR,2048780
walkeja01,2025,POR,2019699
camarto01,2025,POR,1891857
ruperra01,2025,POR,1891857
bledser01,2025,POR,1300000
louzama01,2025,POR,268032
lavinza01,2025,SAC,44531940
sabondo01,2025,SAC,40500000
derozde01,2025,SAC,23400000
monkma01,2025,SAC,17405203
valanjo01,2025,SAC,9900000
murrake02,2025,SAC,8809560
lylestr01,2025,SAC,8000000
cartede02,2025,SAC,4689000
laravja01,2025,SAC,3352680
elliske01,2025,SAC,2120693
mcderdo01,2025,SAC,2087519
crowdja01,2025,SAC,1655619
robinor01,2025,SAC,959779
fultzma01,2025,SAC,731831
jonesis01,2025,SAC,152957
nixda01,2025,SAC,119972
labissk01,2025,SAC,119972
taylote01,2025,SAC,119972
daviste02,2025,SAC,64301
foxde01,2025,SAS,34848340
vassede01,2025,SAS,29347826
johnske04,2025,SAS,19000000
barneha02,2025,SAS,18000000
wembavi01,2025,SAS,12768960
paulch01,2025,SAS,10460000
castlst01,2025,SAS,9105120
sochaje01,2025,SAS,5570040
mcdanja01,2025,SAS,4741800
branhma01,2025,SAS,3217920
champju02,2025,SAS,3000000
weslebl01,2025,SAS,2624280
baldwpa01,2025,SAS,2448840
mclaujo01,2025,SAS,2087519
bassech01,2025,SAS,2087519
mamuksa01,2025,SAS,2087519
biyombi01,2025,SAS,503884
biyombi01,2025,SAS,143967
biyombi01,2025,SAS,143967
ingrabr01,2025,TOR,36016200
quickim01,2025,TOR,32500000
barrerj01,2025,TOR,25794643
poeltja01,2025,TOR,19500000
tuckepj01,2025,TOR,11539000
bouchch01,2025,TOR,10810000
barnesc01,2025,TOR,10130980
dickgr01,2025,TOR,4763760
agbajoc01,2025,TOR,4310280
walteja01,2025,TOR,3465000
wisemja01,2025,TOR,2237691
templga01,2025,TOR,2087519
sheadja01,2025,TOR,1862265
mogbojo01,2025,TOR,1862265
fernabr01,2025,TOR,1115128
battlja01,2025,TOR,1000000
robinor01,2025,TOR,491887
swideco01,2025,TOR,119972
omorueu01,2025,TOR,119972
robinor01,2025,TOR,119972
robinor01,2025,TOR,119972
rhodeja01,2025,TOR,119972
swideco01,2025,TOR,107975
castlco01,2025,TOR,107027
castlco01,2025,TOR,107027
lawsoaj01,2025,TOR,100000
castlco01,2025,TOR,100000
freemja01,2025,TOR,100000
markkla01,2025,UTA,42176400
collijo01,2025,UTA,26580000
sextoco01,2025,UTA,18350000
clarkjo01,2025,UTA,14092577
martike04,2025,UTA,7975000
hendrta01,2025,UTA,5848680
willico04,2025,UTA,5469120
georgke01,2025,UTA,4084200
hoodsja01,2025,UTA,3879840
mykhasv01,2025,UTA,3500000
juzanjo01,2025,UTA,3087519
richajo01,2025,UTA,3051153
filipky01,2025,UTA,3000000
kesslwa01,2025,UTA,2965920
sensabr01,2025,UTA,2571480
colliis01,2025,UTA,2512680
westbru01,2025,UTA,2327525
bambamo01,2025,UTA,2087519
sprinja01,2025,UTA,634437
sprinja01,2025,UTA,119972
middlkh01,2025,WAS,31000000
poolejo01,2025,WAS,29651786
brogdma01,2025,WAS,22500000
smartma01,2025,WAS,20210284
holmeri01,2025,WAS,12648321
sarral01,2025,WAS,11245680
coulibi01,2025,WAS,6945240
beysa01,2025,WAS,6440678
kispeco01,2025,WAS,5705887
carrica01,2025,WAS,4454880
georgky01,2025,WAS,2825520
johnsaj01,2025,WAS,2795294
gillan01,2025,WAS,2237691
jonesco02,2025,WAS,2120693
lenal01,2025,WAS,2087519
jacksre01,2025,WAS,2087519
cissosi01,2025,WAS,1891857
champju01,2025,WAS,1800000
rolliry01,2025,WAS,600000
nowelja01,2025,WAS,167961
mcdanja01,2025,WAS,119972
steveer01,2025,WAS,66503
youngtr01,2024,ATL,40064220
capelca01,2024,ATL,20616000
huntede01,2024,ATL,20089286
bogdabo01,2024,ATL,18700000
murrade01,2024,ATL,18214000
okongon01,2024,ATL,8109063
millspa02,2024,ATL,6802950
beysa01,2024,ATL,4556983
bufkiko01,2024,ATL,4094280
griffaj01,2024,ATL,3712920
johnsja05,2024,ATL,2925360
fernabr01,2024,ATL,2581522
matthwe02,2024,ATL,2019706
mathega01,2024,ATL,2000000
gueyemo02,2024,ATL,1119563
joineja01,2024,ATL,1119563
forretr01,2024,ATL,533945
holidjr01,2024,BOS,36861707
porzikr01,2024,BOS,36016200
tatumja01,2024,BOS,32600060
brownja02,2024,BOS,31830357
whitede01,2024,BOS,18357143
horfoal01,2024,BOS,10000000
pritcpa01,2024,BOS,4037277
kornelu01,2024,BOS,2413304
sprinja01,2024,BOS,2226240
brissos01,2024,BOS,2165000
mykhasv01,2024,BOS,2019706
tillmxa01,2024,BOS,1930681
hausesa01,2024,BOS,1927896
walshjo01,2024,BOS,1119563
jacksde01,2024,BOS,92857
quetane01,2024,BOS,81253
simmobe01,2024,BRK,37893408
johnsca02,2024,BRK,25679348
bridgmi01,2024,BRK,21700000
finnedo01,2024,BRK,13932008
schrode01,2024,BRK,12405000
claxtni01,2024,BRK,9625000
youngth01,2024,BRK,8000000
clownno01,2024,BRK,3089520
whiteda01,2024,BRK,2966040
bateske01,2024,BRK,2346614
thomaca02,2024,BRK,2240160
sharpda01,2024,BRK,2210040
smithde03,2024,BRK,2019706
gilesha01,2024,BRK,2019706
watfotr01,2024,BRK,2019706
walkelo01,2024,BRK,2019706
goodwjo01,2024,BRK,1927896
wilsoja03,2024,BRK,850000
lavinza01,2024,CHI,40064220
derozde01,2024,CHI,28600000
balllo01,2024,CHI,20465117
vucevni01,2024,CHI,18518519
whiteco01,2024,CHI,11111111
willipa01,2024,CHI,9835881
carusal01,2024,CHI,9460000
dosunay01,2024,CHI,6481482
carteje01,2024,CHI,6190476
jonesde02,2024,CHI,3360000
drumman01,2024,CHI,3360000
terryda01,2024,CHI,3350760
craigto01,2024,CHI,2528233
taylote01,2024,CHI,2019706
phillju01,2024,CHI,1600000
bitimon01,2024,CHI,500000
greenja02,2024,CHI,127683
greenja02,2024,CHI,116075
lowryky01,2024,CHO,29682540
bertada01,2024,CHO,17000000
willigr01,2024,CHO,12405000
ballla01,2024,CHO,10900635
millebr02,2024,CHO,10880400
bridgmi02,2024,CHO,7921300
micicva01,2024,CHO,7723000
martico01,2024,CHO,7560000
richani01,2024,CHO,5000000
bouknja01,2024,CHO,4570080
curryse01,2024,CHO,4000000
willima07,2024,CHO,3908160
manntr01,2024,CHO,3191400
joneska01,2024,CHO,3047880
smithni01,2024,CHO,2463960
ntilila01,2024,CHO,2019706
smithis01,2024,CHO,2019706
thorjt01,2024,CHO,1836096
mcgowbr01,2024,CHO,1719864
pokusal01,2024,CHO,565176
boldema01,2024,CHO,116075
garlada01,2024,CLE,34005250
mitchdo01,2024,CLE,33162030
allenja01,2024,CLE,20000000
leverca01,2024,CLE,15384616
strusma01,2024,CLE,14487684
okorois01,2024,CLE,8920795
mobleev01,2024,CLE,8882640
niangge01,2024,CLE,8800000
wadede01,2024,CLE,5709877
rubiori01,2024,CLE,3695311
jonesda03,2024,CLE,2586665
jeromty01,2024,CLE,2439025
thomptr01,2024,CLE,2019706
merrisa01,2024,CLE,1997238
portecr01,2024,CLE,1500000
morrima03,2024,CLE,197328
smithzh01,2024,CLE,139290
morrima03,2024,CLE,116075
coopesh01,2024,CLE,103550
nancepe01,2024,CLE,64343
doncilu01,2024,DAL,40064220
irvinky01,2024,DAL,37037037
hardati02,2024,DAL,17897728
washipj01,2024,DAL,16847826
gaffoda01,2024,DAL,12402000
klebima01,2024,DAL,11000000
livelde01,2024,DAL,4775640
greenjo02,2024,DAL,4765339
poweldw01,2024,DAL,4000000
exumda01,2024,DAL,3000000
prospol01,2024,DAL,2733720
mcgeeja01,2024,DAL,2348324
jonesde02,2024,DAL,2019706
morrima02,2024,DAL,2019706
hardyja02,2024,DAL,1719864
lawsoaj01,2024,DAL,1000000
jokicni01,2024,DEN,47607350
murraja01,2024,DEN,33833400
portemi01,2024,DEN,33386850
gordoaa01,2024,DEN,22266182
caldwke01,2024,DEN,14704938
jacksre01,2024,DEN,5000000
nnajize01,2024,DEN,4306281
braunch01,2024,DEN,2949120
strawju01,2024,DEN,2431080
watsope01,2024,DEN,2303520
cancavl01,2024,DEN,2234359
jordade01,2024,DEN,2019706
holidju01,2024,DEN,2019706
pickeja02,2024,DEN,1708143
tysonhu01,2024,DEN,1119563
harrijo01,2024,DET,19928571
fournev01,2024,DET,18857143
wisemja01,2024,DET,12119440
cunnica01,2024,DET,11055360
thompau01,2024,DET,7977480
iveyja01,2024,DET,7614480
hayeski01,2024,DET,7413955
gallida01,2024,DET,6802950
stewais01,2024,DET,5266713
miltosh01,2024,DET,5000000
durenja01,2024,DET,4330680
houseda01,2024,DET,4310250
browntr01,2024,DET,4000000
flynnma01,2024,DET,3873025
muscami01,2024,DET,3500000
fontesi01,2024,DET,3044872
dedmode01,2024,DET,2748674
sassema01,2024,DET,2624040
grimequ01,2024,DET,2385720
arcidry01,2024,DET,2019706
umudest01,2024,DET,538460
gibsota01,2024,DET,348225
metuch01,2024,DET,215781
nowelja01,2024,DET,116075
metuch01,2024,DET,116075
gibsota01,2024,DET,116075
evbuoto01,2024,DET,70777
nowelja01,2024,DET,24885
curryst01,2024,GSW,51915615
thompkl01,2024,GSW,43219440
paulch01,2024,GSW,30800000
wiggian01,2024,GSW,24330357
greendr01,2024,GSW,22321429
paytoga02,2024,GSW,8715000
looneke01,2024,GSW,7500000
kuminjo01,2024,GSW,6012840
moodymo01,2024,GSW,3918480
podzibr01,2024,GSW,3352440
saricda01,2024,GSW,2019706
jackstr02,2024,GSW,1119563
santogu01,2024,GSW,1029483
quinole01,2024,GSW,548815
garubus01,2024,GSW,11608
vanvlfr01,2024,HOU,40806300
brookdi01,2024,HOU,22627671
adamsst01,2024,HOU,12600000
greenja05,2024,HOU,9891480
greenje02,2024,HOU,9600000
smithja05,2024,HOU,9326520
thompam01,2024,HOU,8809320
landajo01,2024,HOU,8000000
walljo01,2024,HOU,6802950
tateja01,2024,HOU,6500000
sengual01,2024,HOU,3536280
easonta01,2024,HOU,3527160
whitmca01,2024,HOU,3218160
holidaa01,2024,HOU,2019706
marjabo01,2024,HOU,2019706
bullore01,2024,HOU,2019706
robinje02,2024,HOU,1900000
siakapa01,2024,IND,37893408
turnemy01,2024,IND,20975000
mcderdo01,2024,IND,13750000
mccontj01,2024,IND,8700000
theisda01,2024,IND,6928876
mathube01,2024,IND,6916080
toppiob01,2024,IND,6803012
walkeja02,2024,IND,6059520
halibty01,2024,IND,5808435
nesmiaa01,2024,IND,5634257
korkmfu01,2024,IND,5370370
smithja04,2024,IND,5043773
jacksis01,2024,IND,2696280
sheppbe01,2024,IND,2537160
johnsja01,2024,IND,2241188
nembhan01,2024,IND,2131905
josepco01,2024,IND,2019706
brownke03,2024,IND,1100000
johnsja01,2024,IND,777703
stausni01,2024,IND,702311
morgaju01,2024,IND,576230
fittsma01,2024,IND,555217
johnsja01,2024,IND,183704
johnsja01,2024,IND,183704
leonaka01,2024,LAC,45640084
georgpa01,2024,LAC,45640084
hardeja01,2024,LAC,35680595
powelno01,2024,LAC,18000000
tuckepj01,2024,LAC,11014500
zubaciv01,2024,LAC,10933333
mannte01,2024,LAC,10576923
plumlma01,2024,LAC,5000000
westbru01,2024,LAC,3835738
coffeam01,2024,LAC,3666667
brownko01,2024,LAC,2413320
hylanbo01,2024,LAC,2306400
bostobr01,2024,LAC,1836096
primojo01,2024,LAC,1764341
theisda01,2024,LAC,1741126
joneska01,2024,LAC,11608
jamesle01,2024,LAL,47607350
davisan02,2024,LAL,40600080
russeda01,2024,LAL,17307693
hachiru01,2024,LAL,15740741
reaveau01,2024,LAL,12015150
vincega01,2024,LAL,10500000
vandeja01,2024,LAL,4698000
princta02,2024,LAL,4516000
hoodsja01,2024,LAL,3695040
woodch01,2024,LAL,2709849
hayesja02,2024,LAL,2165000
reddica01,2024,LAL,2165000
chrisma02,2024,LAL,1719864
dinwisp01,2024,LAL,1554654
lewisma05,2024,LAL,1119563
moranja01,2024,MEM,34005250
jacksja02,2024,MEM,27102202
smartma01,2024,MEM,18833713
kennalu01,2024,MEM,14763636
clarkbr01,2024,MEM,12500000
oladivi01,2024,MEM,9450000
biyombi01,2024,MEM,5000000
willizi02,2024,MEM,4810200
banede01,2024,MEM,3845083
laravja01,2024,MEM,3199920
rosede01,2024,MEM,3196448
chrisjo01,2024,MEM,2485200
konchjo01,2024,MEM,2400000
watanyu01,2024,MEM,2346614
willivi01,2024,MEM,2232308
aldamsa01,2024,MEM,2194200
metuch01,2024,MEM,2019706
stevela01,2024,MEM,2019706
jacksgg01,2024,MEM,1991428
toddis01,2024,MEM,1836096
chandke01,2024,MEM,1719864
loftoke01,2024,MEM,1719864
gabriwe01,2024,MEM,116075
harrish01,2024,MEM,116075
goodwjo01,2024,MEM,116075
nowelja01,2024,MEM,116075
nowelja01,2024,MEM,116075
simpsza01,2024,MEM,103550
jarrede01,2024,MEM,103550
jarrede01,2024,MEM,103550
pereima01,2024,MEM,64343
hurtma01,2024,MEM,64343
jemistr01,2024,MEM,64343
evbuoto01,2024,MEM,64343
hurtma01,2024,MEM,64343
pereima01,2024,MEM,64343
simpsza01,2024,MEM,62130
whiteja03,2024,MEM,62130
allenti01,2024,MEM,57908
butleji01,2024,MIA,45183960
adebaba01,2024,MIA,32600060
herroty01,2024,MIA,27000000
roziete01,2024,MIA,23205221
robindu01,2024,MIA,18154000
martica02,2024,MIA,6802950
loveke01,2024,MIA,3835738
jaqueja01,2024,MIA,3510600
richajo01,2024,MIA,2891467
bryanth01,2024,MIA,2528233
jovicni01,2024,MIA,2352000
highsha01,2024,MIA,1902137
smithdr01,2024,MIA,1801769
robinor01,2024,MIA,1801769
wrighde01,2024,MIA,661628
millspa02,2024,MIA,464300
antetgi01,2024,MIL,45640084
lillada01,2024,MIL,45640084
middlkh01,2024,MIL,29320988
lopezbr01,2024,MIL,25000000
portibo01,2024,MIL,11710818
connapa01,2024,MIL,9423869
beaucma01,2024,MIL,2609400
beaslma01,2024,MIL,2019706
antetth01,2024,MIL,2019706
crowdja01,2024,MIL,2019706
beverpa01,2024,MIL,2019706
greenaj01,2024,MIL,1901769
livinch01,2024,MIL,1119563
jacksan01,2024,MIL,1119563
gallida01,2024,MIL,661628
goberru01,2024,MIN,41000000
townska01,2024,MIN,36016200
conlemi01,2024,MIN,24360000
edwaran01,2024,MIN,13534817
reidna01,2024,MIN,12950400
morrimo01,2024,MIN,9800926
anderky01,2024,MIN,9219512
alexani01,2024,MIN,4687500
mcdanja02,2024,MIN,3901399
moorewe01,2024,MIN,2421720
mclaujo01,2024,MIN,2320000
millele01,2024,MIN,1800000
minotjo01,2024,MIN,1719864
warretj01,2024,MIN,220543
garzalu01,2024,MIN,127683
jacksju01,2024,MIN,116075
warretj01,2024,MIN,116075
warretj01,2024,MIN,116075
mccolcj01,2024,NOP,35802469
willizi01,2024,NOP,34005250
ingrabr01,2024,NOP,33833400
valanjo01,2024,NOP,15435000
joneshe01,2024,NOP,12015150
nancela02,2024,NOP,10375000
daniedy01,2024,NOP,5784120
hawkijo01,2024,NOP,4310160
murphtr02,2024,NOP,3359280
zelleco01,2024,NOP,2019706
marshna01,2024,NOP,1930681
alvarjo01,2024,NOP,1836096
liddeej01,2024,NOP,1801769
ryanma01,2024,NOP,1500000
robinje02,2024,NOP,684843
hillma01,2024,NOP,116075
crutcja01,2024,NOP,64343
brockiz01,2024,NOP,64343
randlju01,2024,NYK,28226880
brunsja01,2024,NYK,26346666
bogdabo02,2024,NYK,20000000
anunoog01,2024,NYK,18642857
robinmi01,2024,NYK,15681818
hartjo01,2024,NYK,12960000
divindo01,2024,NYK,10900000
burksal01,2024,NYK,10489600
harteis01,2024,NYK,9245121
achiupr01,2024,NYK,4379527
windldy01,2024,NYK,2019706
simsje01,2024,NYK,1927896
mcbrimi01,2024,NYK,1836096
jeffrda01,2024,NYK,831385
gibsota01,2024,NYK,477630
miltosh01,2024,NYK,475908
jeffrda01,2024,NYK,261293
diakima01,2024,NYK,252525
gibsota01,2024,NYK,183704
gibsota01,2024,NYK,183704
jeffrda01,2024,NYK,116075
diakima01,2024,NYK,116075
jeffrda01,2024,NYK,116075
toppija01,2024,NYK,64343
gilgesh01,2024,OKC,33386850
haywago01,2024,OKC,33319397
porteke02,2024,OKC,15860000
dortlu01,2024,OKC,15277778
holmgch01,2024,OKC,10386000
giddejo01,2024,OKC,6587040
gayru01,2024,OKC,6479000
willike04,2024,OKC,6175000
wallaca01,2024,OKC,5291400
pokusal01,2024,OKC,5009633
diengou01,2024,OKC,4798440
willija06,2024,OKC,4558680
garubus01,2024,OKC,2588400
washity02,2024,OKC,2320440
willija07,2024,OKC,2000000
joeis01,2024,OKC,1997238
wiggiaa01,2024,OKC,1836096
waterli01,2024,OKC,766095
biyombi01,2024,OKC,754488
whiteja03,2024,OKC,600000
muscami01,2024,OKC,510730
isaacjo01,2024,ORL,17400000
fultzma01,2024,ORL,17000000
cartewe01,2024,ORL,13050000
harriga01,2024,ORL,13000000
banchpa01,2024,ORL,11608080
inglejo01,2024,ORL,11000000
wagnemo01,2024,ORL,8000000
suggsja01,2024,ORL,7252080
blackan01,2024,ORL,7245480
anthoco01,2024,ORL,5539771
wagnefr01,2024,ORL,5508720
okekech01,2024,ORL,5266713
howarje01,2024,ORL,5026800
bitadgo01,2024,ORL,2066585
houstca01,2024,ORL,2000000
embiijo01,2024,PHI,47607350
harrito02,2024,PHI,39270150
hieldbu01,2024,PHI,19845098
batumni01,2024,PHI,11710818
covinro01,2024,PHI,11692308
meltode01,2024,PHI,8000000
reedpa01,2024,PHI,7723000
maxeyty01,2024,PHI,4343920
lowryky01,2024,PHI,2795839
dowtije01,2024,PHI,2196970
bambamo01,2024,PHI,2019706
harremo01,2024,PHI,2019706
payneca01,2024,PHI,2019706
oubreke01,2024,PHI,2019706
martike04,2024,PHI,1930681
councri01,2024,PHI,864353
greenda02,2024,PHI,200000
dowtije01,2024,PHI,127683
bazleda01,2024,PHI,116075
joneska01,2024,PHI,116075
wilsodj01,2024,PHI,116075
duranke01,2024,PHO,47649433
bealbr01,2024,PHO,46741590
bookede01,2024,PHO,36016200
nurkiju01,2024,PHO,16875000
onealro01,2024,PHO,9500000
allengr01,2024,PHO,8925000
littlna01,2024,PHO,6250000
gordoer01,2024,PHO,3196448
okogijo01,2024,PHO,2815937
johnske07,2024,PHO,2808720
roddyda01,2024,PHO,2718240
leeda03,2024,PHO,2528233
eubandr01,2024,PHO,2346614
bolbo01,2024,PHO,2019706
youngth01,2024,PHO,638413
thomais02,2024,PHO,116075
thomais02,2024,PHO,116075
thomais02,2024,PHO,69645
aytonde01,2024,POR,32459438
grantje01,2024,POR,27586207
simonan01,2024,POR,24107143
brogdma01,2024,POR,22500000
williro04,2024,POR,11571429
thybuma01,2024,POR,10500000
hendesc01,2024,POR,9770880
sharpsh01,2024,POR,6313800
murrakr01,2024,POR,2847480
nichoan01,2024,POR,2844430
bantoda01,2024,POR,2019706
brownmo01,2024,POR,2019706
reathdu01,2024,POR,1951220
wainris01,2024,POR,1927896
mayssk01,2024,POR,1799163
walkeja01,2024,POR,1719864
bledser01,2024,POR,1300000
ruperra01,2024,POR,1119563
camarto01,2024,POR,1119563
louzama01,2024,POR,268032
haganas01,2024,POR,103550
mooreta02,2024,POR,64343
mooreta02,2024,POR,6434
foxde01,2024,SAC,32600060
sabondo01,2024,SAC,30600000
barneha02,2024,SAC,17000000
huertke01,2024,SAC,15669643
monkma01,2024,SAC,9945830
murrake02,2024,SAC,8409000
lylestr01,2024,SAC,8000000
vezenal01,2024,SAC,6341464
mitchda01,2024,SAC,5063640
duartch01,2024,SAC,4124400
lopezro01,2024,SAC,2019706
mcgeeja01,2024,SAC,2019706
lenal01,2024,SAC,2019706
jonesco02,2024,SAC,2019706
edwarke02,2024,SAC,1927896
elliske01,2024,SAC,683430
petrufi01,2024,SAC,559782
toscaju01,2024,SAC,323506
noelne01,2024,SAC,300000
quetane01,2024,SAC,250000
toscaju01,2024,SAC,116075
johnske04,2024,SAS,20000000
morrima03,2024,SAS,17116279
wembavi01,2024,SAS,12160680
grahade01,2024,SAS,12100000
bullore01,2024,SAS,11014080
jonestr01,2024,SAS,9895833
colliza01,2024,SAS,7700000
birchkh01,2024,SAS,6985000
osmande01,2024,SAS,6718842
payneca01,2024,SAS,6500000
vassede01,2024,SAS,5887899
sochaje01,2024,SAS,5316960
primojo01,2024,SAS,4341600
branhma01,2024,SAS,3071880
champju02,2024,SAS,3000000
bassech01,2024,SAS,2600000
weslebl01,2024,SAS,2504640
mamuksa01,2024,SAS,2019706
cissosi01,2024,SAS,1119563
barlodo01,2024,SAS,455620
stevela01,2024,SAS,400000
barrerj01,2024,TOR,23883929
brownbr01,2024,TOR,22000000
dinwisp01,2024,TOR,20357143
poeltja01,2024,TOR,19500000
trentga02,2024,TOR,18560000
olynyke01,2024,TOR,12195122
bouchch01,2024,TOR,11750000
barnesc01,2024,TOR,8008680
dickgr01,2024,TOR,4536720
mcdanja01,2024,TOR,4516000
quickim01,2024,TOR,4171548
agbajoc01,2024,TOR,4114200
nworajo01,2024,TOR,3000000
templga01,2024,TOR,2019706
kolokch01,2024,TOR,1719864
freemja01,2024,TOR,289542
simmoko01,2024,TOR,116075
ramseja01,2024,TOR,116075
winslju01,2024,TOR,116075
ramseja01,2024,TOR,116075
willima11,2024,TOR,64343
gueyemo01,2024,TOR,64343
cartodj01,2024,TOR,64343
willima11,2024,TOR,12869
collijo01,2024,UTA,25340000
clarkjo01,2024,UTA,23487629
sextoco01,2024,UTA,17325000
markkla01,2024,UTA,17259999
hortota01,2024,UTA,11020000
porteot01,2024,UTA,6300000
lewiski01,2024,UTA,5722116
hendrta01,2024,UTA,5569920
georgke01,2024,UTA,3889800
kesslwa01,2024,UTA,2831160
yurtsom01,2024,UTA,2800000
dunnkr01,2024,UTA,2586665
sensabr01,2024,UTA,2448600
samanlu01,2024,UTA,2066585
knoxke01,2024,UTA,1845593
loftoke01,2024,UTA,500000
bazleda01,2024,UTA,500000
kinseta02,2024,UTA,64343
poolejo01,2024,WAS,27455357
kuzmaky01,2024,WAS,25568182
jonesty01,2024,WAS,14000000
baglema01,2024,WAS,12500000
holmeri01,2024,WAS,12046020
shamela01,2024,WAS,10250000
wrighde01,2024,WAS,8195122
coulibi01,2024,WAS,6614280
avdijde01,2024,WAS,6263188
davisjo06,2024,WAS,5050800
kispeco01,2024,WAS,3722040
vukcetr01,2024,WAS,2424892
baldwpa01,2024,WAS,2337720
gibsota01,2024,WAS,2019706
gillan01,2024,WAS,1997238
liveris01,2024,WAS,1836096
cooksxa01,2024,WAS,1719864
rolliry01,2024,WAS,1719864
butleja02,2024,WAS,1250000
omorueu01,2024,WAS,900000
diallha01,2024,WAS,116075
champju01,2024,WAS,116075
hamptrj01,2024,WAS,116075
jemistr01,2024,WAS,64343
youngtr01,2023,ATL,37096500
collijo01,2023,ATL,23500000
capelca01,2023,ATL,18706897
bogdabo01,2023,ATL,18000000
murrade01,2023,ATL,16571120
huntede01,2023,ATL,9835881
okongon01,2023,ATL,6395160
griffaj01,2023,ATL,3536160
beysa01,2023,ATL,2959080
johnsja05,2023,ATL,2792640
fernabr01,2023,ATL,2717391
mathega01,2023,ATL,2000000
holidaa01,2023,ATL,1836090
krejcvi01,2023,ATL,1563518
martity01,2023,ATL,1017781
favorde01,2023,ATL,105522
tatumja01,2023,BOS,30351780
brownja02,2023,BOS,28741071
horfoal01,2023,BOS,26500000
brogdma01,2023,BOS,22600000
smartma01,2023,BOS,17457142
whitede01,2023,BOS,16892857
williro04,2023,BOS,10937502
gallida01,2023,BOS,6479000
willigr01,2023,BOS,4306281
muscami01,2023,BOS,3500000
pritcpa01,2023,BOS,2239200
kornelu01,2023,BOS,2133278
griffbl01,2023,BOS,1836090
hausesa01,2023,BOS,1637966
jacksde01,2023,BOS,92857
champju01,2023,BOS,28241
simmobe01,2023,BRK,35448672
bridgmi01,2023,BRK,20100000
dinwisp01,2023,BRK,19500000
harrijo01,2023,BRK,18642857
finnedo01,2023,BRK,12939848
onealro01,2023,BRK,9200000
claxtni01,2023,BRK,8500000
curryse01,2023,BRK,8496653
millspa02,2023,BRK,6479000
johnsca02,2023,BRK,5887899
carteje01,2023,BRK,3925000
thomaca02,2023,BRK,2138160
sharpda01,2023,BRK,2109480
sumneed01,2023,BRK,1968175
watanyu01,2023,BRK,1836090
brownmo01,2023,BRK,105522
brownmo01,2023,BRK,105522
noelne01,2023,BRK,105522
dukeda01,2023,BRK,28241
lavinza01,2023,CHI,37096500
derozde01,2023,CHI,27300000
vucevni01,2023,CHI,22000000
balllo01,2023,CHI,19534884
carusal01,2023,CHI,9030000
willipa01,2023,CHI,7775400
whiteco01,2023,CHI,7413955
drumman01,2023,CHI,3200000
jonesde02,2023,CHI,3200000
terryda01,2023,CHI,3191400
bradlto01,2023,CHI,2036318
dragigo01,2023,CHI,1836090
greenja02,2023,CHI,1815677
simonma01,2023,CHI,1563518
dosunay01,2023,CHI,1563518
beverpa01,2023,CHI,506508
jonesca03,2023,CHI,357717
haywago01,2023,CHO,30075000
roziete01,2023,CHO,21486316
oubreke01,2023,CHO,12600000
jacksre01,2023,CHO,10876844
batumni01,2023,CHO,8856969
ballla01,2023,CHO,8623920
martico01,2023,CHO,7000000
washipj01,2023,CHO,5808435
bouknja01,2023,CHO,4362240
willima07,2023,CHO,3722040
joneska01,2023,CHO,2909040
mykhasv01,2023,CHO,1836090
smithde03,2023,CHO,1836090
richani01,2023,CHO,1782621
thorjt01,2023,CHO,1563518
mcgowbr01,2023,CHO,1075000
sneedxa01,2023,CHO,94136
simmoko01,2023,CHO,32795
mitchdo01,2023,CLE,30913750
loveke01,2023,CLE,27442830
allenja01,2023,CLE,20000000
leverca01,2023,CLE,18796296
garlada01,2023,CLE,8920795
mobleev01,2023,CLE,8478720
osmande01,2023,CLE,7426088
okorois01,2023,CLE,7040880
rubiori01,2023,CLE,5853659
windldy01,2023,CLE,4037278
greenda02,2023,CLE,2000000
wadede01,2023,CLE,1930681
netora01,2023,CLE,1836090
lopezro01,2023,CLE,1836090
stevela01,2023,CLE,1782621
merrisa01,2023,CLE,850000
merrisa01,2023,CLE,105522
irvinky01,2023,DAL,38917057
doncilu01,2023,DAL,37096500
hardati02,2023,DAL,19602273
bertada01,2023,DAL,16000000
woodch01,2023,DAL,14317459
poweldw01,2023,DAL,11080125
bullore01,2023,DAL,10012800
klebima01,2023,DAL,9000000
mcgeeja01,2023,DAL,5461219
greenjo02,2023,DAL,3098400
ntilila01,2023,DAL,2036318
pinsoth01,2023,DAL,1836090
morrima02,2023,DAL,1836090
hardyja02,2023,DAL,1017781
walkeke02,2023,DAL,684712
holidju01,2023,DAL,569821
campafa01,2023,DAL,464299
silvach01,2023,DAL,105522
silvach01,2023,DAL,105522
jokicni01,2023,DEN,33047803
murraja01,2023,DEN,31650600
portemi01,2023,DEN,30913750
gordoaa01,2023,DEN,19690909
caldwke01,2023,DEN,14004703
brownbr01,2023,DEN,6479000
smithis01,2023,DEN,4725000
greenje02,2023,DEN,4500000
braunch01,2023,DEN,2808600
nnajize01,2023,DEN,2617800
cancavl01,2023,DEN,2234359
watsope01,2023,DEN,2193960
bryanth01,2023,DEN,1836090
jordade01,2023,DEN,1836090
jacksre01,2023,DEN,580373
bogdabo02,2023,DET,19550000
baglema01,2023,DET,12500000
cunnica01,2023,DET,10552800
burksal01,2023,DET,10012800
wisemja01,2023,DET,9603360
noelne01,2023,DET,9240000
walkeke02,2023,DET,9165471
jordade01,2023,DET,7827907
iveyja01,2023,DET,7252200
hayeski01,2023,DET,5837760
diallha01,2023,DET,5200000
josepco01,2023,DET,5155500
durenja01,2023,DET,4124280
stewais01,2023,DET,3433320
dedmode01,2023,DET,2748674
mcgruro01,2023,DET,1836090
liveris01,2023,DET,1563518
hamptrj01,2023,DET,485403
omorueu01,2023,DET,269445
omorueu01,2023,DET,94136
omorueu01,2023,DET,94136
umudest01,2023,DET,58493
curryst01,2023,GSW,48070014
thompkl01,2023,GSW,40600080
wiggian01,2023,GSW,33616770
greendr01,2023,GSW,25806468
paytoga02,2023,GSW,8300000
looneke01,2023,GSW,8000000
kuminjo01,2023,GSW,5739840
divindo01,2023,GSW,4500000
poolejo01,2023,GSW,3901399
moodymo01,2023,GSW,3740160
baldwpa01,2023,GSW,2226000
greenja01,2023,GSW,1836090
iguodan01,2023,GSW,1836090
rolliry01,2023,GSW,1017781
lamban01,2023,GSW,253254
quinole01,2023,GSW,58493
walljo01,2023,HOU,40866760
favorde01,2023,HOU,10183800
greenda02,2023,HOU,9710528
greenja05,2023,HOU,9441840
smithja05,2023,HOU,8882640
tateja01,2023,HOU,7065217
walljo01,2023,HOU,6479000
holidju01,2023,HOU,6292440
harklma01,2023,HOU,4564980
jeromty01,2023,HOU,4220057
marjabo01,2023,HOU,3500000
sengual01,2023,HOU,3375360
easonta01,2023,HOU,3359160
porteke02,2023,HOU,3217631
garubus01,2023,HOU,2471160
chrisjo01,2023,HOU,2372160
washity02,2023,HOU,2210040
maledth01,2023,HOU,1900000
kaminfr01,2023,HOU,1836090
martike04,2023,HOU,1782621
nixda01,2023,HOU,1563518
marjabo01,2023,HOU,601478
augusdj01,2023,HOU,333333
augusdj01,2023,HOU,189940
willitr02,2023,HOU,122741
caulewi01,2023,HOU,105522
caulewi01,2023,HOU,10552
turnemy01,2023,IND,35069500
hieldbu01,2023,IND,21177750
theisda01,2023,IND,8694369
mccontj01,2023,IND,8100000
mathube01,2023,IND,6586800
bitadgo01,2023,IND,4765339
smithja04,2023,IND,4670160
halibty01,2023,IND,4215120
hillge01,2023,IND,4000000
duartch01,2023,IND,3936960
nesmiaa01,2023,IND,3804360
nworajo01,2023,IND,2800000
jacksis01,2023,IND,2573760
nembhan01,2023,IND,2244111
brissos01,2023,IND,1846738
ibakase01,2023,IND,1836090
johnsja01,2023,IND,1836090
taylote01,2023,IND,1563518
stausni01,2023,IND,702311
johnsja01,2023,IND,590926
morgaju01,2023,IND,576230
fittsma01,2023,IND,555217
leonaka01,2023,LAC,42492492
georgpa01,2023,LAC,42492492
gordoer01,2023,LAC,19568360
powelno01,2023,LAC,16758621
morrima03,2023,LAC,16372093
covinro01,2023,LAC,12307692
batumni01,2023,LAC,10843350
zubaciv01,2023,LAC,10123457
plumlma01,2023,LAC,9080417
coffeam01,2023,LAC,3395062
hylanbo01,2023,LAC,2201520
mannte01,2023,LAC,1930681
bostobr01,2023,LAC,1563518
prestja01,2023,LAC,1563518
westbru01,2023,LAC,495955
jamesle01,2023,LAL,44474988
davisan02,2023,LAL,37980720
russeda01,2023,LAL,31377750
beaslma01,2023,LAL,15558035
bambamo01,2023,LAL,10300000
walkelo01,2023,LAL,6479000
hachiru01,2023,LAL,6263188
vandeja01,2023,LAL,4374000
reedda01,2023,LAL,1902133
gabriwe01,2023,LAL,1878720
browntr01,2023,LAL,1836090
schrode01,2023,LAL,1836090
reaveau01,2023,LAL,1563518
chrisma02,2023,LAL,1017781
ryanma01,2023,LAL,442439
brownst02,2023,LAL,105522
harrish01,2023,LAL,12260
thomptr01,2023,LAL,10552
jacksja02,2023,MEM,28946605
adamsst01,2023,MEM,17926829
jonesty01,2023,MEM,15000000
kennalu01,2023,MEM,14415545
moranja01,2023,MEM,12119440
brookdi01,2023,MEM,11400000
willizi02,2023,MEM,4591680
clarkbr01,2023,MEM,4343920
laravja01,2023,MEM,3047640
roddyda01,2023,MEM,2588640
konchjo01,2023,MEM,2300000
banede01,2023,MEM,2130240
aldamsa01,2023,MEM,2094120
tilliki02,2023,MEM,1901625
tillmxa01,2023,MEM,1782621
chandke01,2023,MEM,1200000
loftoke01,2023,MEM,1000000
butleji01,2023,MIA,37653300
adebaba01,2023,MIA,30351780
lowryky01,2023,MIA,28333334
robindu01,2023,MIA,16902000
oladivi01,2023,MIA,8750000
martica02,2023,MIA,6479000
herroty01,2023,MIA,5722116
loveke01,2023,MIA,3114138
jovicni01,2023,MIA,2239920
hasleud01,2023,MIA,1836090
vincega01,2023,MIA,1815677
strusma01,2023,MIA,1815677
highsha01,2023,MIA,1752638
yurtsom01,2023,MIA,1752638
zelleco01,2023,MIA,517060
bouyeja01,2023,MIA,58493
antetgi01,2023,MIL,42492492
middlkh01,2023,MIL,37948276
holidjr01,2023,MIL,33665040
lopezbr01,2023,MIL,13906976
portibo01,2023,MIL,10843350
crowdja01,2023,MIL,10183800
allengr01,2023,MIL,8500000
inglejo01,2023,MIL,6479000
connapa01,2023,MIL,5728393
beaucma01,2023,MIL,2485200
carteje01,2023,MIL,2100000
antetth01,2023,MIL,1878720
matthwe02,2023,MIL,1836090
dragigo01,2023,MIL,390433
leoname01,2023,MIL,284911
leoname01,2023,MIL,105522
leoname01,2023,MIL,105522
goberru01,2023,MIN,38172414
townska01,2023,MIN,33833400
conlemi01,2023,MIN,22680000
edwaran01,2023,MIN,10733400
anderky01,2023,MIN,8780488
princta02,2023,MIN,7295000
alexani01,2023,MIN,5009633
moorewe01,2023,MIN,2306520
mcdanja02,2023,MIN,2161440
mclaujo01,2023,MIN,2160000
reidna01,2023,MIN,1930681
nowelja01,2023,MIN,1930681
forbebr01,2023,MIN,1836090
riverau01,2023,MIN,1836090
knighna01,2023,MIN,1836090
minotjo01,2023,MIN,1017781
mccolcj01,2023,NOP,33333333
ingrabr01,2023,NOP,31650600
valanjo01,2023,NOP,14700000
willizi01,2023,NOP,13534817
richajo01,2023,NOP,12196094
nancela02,2023,NOP,9672727
hayesja02,2023,NOP,6803012
daniedy01,2023,NOP,5508600
templga01,2023,NOP,5155500
lewiski01,2023,NOP,4004280
murphtr02,2023,NOP,3206520
hernawi01,2023,NOP,2443581
joneshe01,2023,NOP,1785000
marshna01,2023,NOP,1782621
alvarjo01,2023,NOP,1563518
brunsja01,2023,NYK,27733332
randlju01,2023,NYK,23760000
fournev01,2023,NYK,18000000
robinmi01,2023,NYK,17045454
rosede01,2023,NYK,14520730
hartjo01,2023,NYK,12960000
barrerj01,2023,NYK,10900635
harteis01,2023,NYK,7804879
toppiob01,2023,NYK,5348280
quickim01,2023,NYK,2316240
grimequ01,2023,NYK,2277000
simsje01,2023,NYK,1639842
mcbrimi01,2023,NYK,1563518
robyis01,2023,NYK,400000
jeffrda01,2023,NYK,300000
jeffrda01,2023,NYK,105522
jeffrda01,2023,NYK,105522
keelstr01,2023,NYK,58493
gilgesh01,2023,OKC,30913750
walkeke02,2023,OKC,27431078
dortlu01,2023,OKC,15277778
holmgch01,2023,OKC,9891240
saricda01,2023,OKC,9240000
giddejo01,2023,OKC,6287400
greenja01,2023,OKC,5571403
nwabada01,2023,OKC,5022000
diengou01,2023,OKC,4569840
willija06,2023,OKC,4341480
burketr01,2023,OKC,3423750
pokusal01,2023,OKC,3261480
manntr01,2023,OKC,3046200
brownst02,2023,OKC,3000000
chrisma01,2023,OKC,2193920
willike04,2023,OKC,2000000
willija07,2023,OKC,2000000
robinje02,2023,OKC,2000000
waterli01,2023,OKC,1927896
joeis01,2023,OKC,1836090
jacksju01,2023,OKC,1836090
wiggiaa01,2023,OKC,1563518
singlky01,2023,OKC,999200
omorueu01,2023,OKC,555402
woodaro01,2023,OKC,300000
isaacjo01,2023,ORL,17400000
fultzma01,2023,ORL,16500000
cartewe01,2023,ORL,14150000
harriga01,2023,ORL,13000000
beverpa01,2023,ORL,13000000
banchpa01,2023,ORL,11055120
rosste01,2023,ORL,10581484
suggsja01,2023,ORL,6922320
wagnefr01,2023,ORL,5258280
anthoco01,2023,ORL,3613680
okekech01,2023,ORL,3433320
hamptrj01,2023,ORL,2412840
bolbo01,2023,ORL,2200000
houstca01,2023,ORL,2000000
wagnemo01,2023,ORL,1878720
cartemi01,2023,ORL,652829
bitadgo01,2023,ORL,612181
schofad01,2023,ORL,506508
harrito02,2023,PHI,37633050
embiijo01,2023,PHI,33616770
hardeja01,2023,PHI,33000000
tuckepj01,2023,PHI,10490000
meltode01,2023,PHI,8250000
korkmfu01,2023,PHI,5000000
houseda01,2023,PHI,4105000
niangge01,2023,PHI,3465000
maxeyty01,2023,PHI,2726880
harremo01,2023,PHI,2463490
sprinja01,2023,PHI,2125200
miltosh01,2023,PHI,1997718
mcdanja01,2023,PHI,1930681
reedpa01,2023,PHI,1782621
dedmode01,2023,PHI,580373
queentr01,2023,PHI,330000
bassech01,2023,PHI,74742
duranke01,2023,PHO,44119845
bookede01,2023,PHO,33833400
aytonde01,2023,PHO,30913750
paulch01,2023,PHO,28400000
shamela01,2023,PHO,9500000
payneca01,2023,PHO,6000000
craigto01,2023,PHO,5121951
bazleda01,2023,PHO,4264629
biyombi01,2023,PHO,1836090
warretj01,2023,PHO,1836090
okogijo01,2023,PHO,1836090
leeda03,2023,PHO,1836090
landajo01,2023,PHO,1563518
rosste01,2023,PHO,580373
wainris01,2023,PHO,474851
leesa01,2023,PHO,105522
leesa01,2023,PHO,105522
lillada01,2023,POR,42492492
simonan01,2023,POR,22321429
grantje01,2023,POR,20955000
nurkiju01,2023,POR,15625000
sharpsh01,2023,POR,6012960
reddica01,2023,POR,5954454
thybuma01,2023,POR,4379527
littlna01,2023,POR,4171548
winslju01,2023,POR,4097561
knoxke01,2023,POR,3000000
nichoan01,2023,POR,2844430
johnske07,2023,POR,2681040
arcidry01,2023,POR,1836090
eubandr01,2023,POR,1836090
browngr01,2023,POR,1563518
watfotr01,2023,POR,1563518
bledser01,2023,POR,1300000
walkeja01,2023,POR,1017781
louzama01,2023,POR,268032
harrish01,2023,POR,105522
mayssk01,2023,POR,105522
willije02,2023,POR,52644
minayju01,2023,POR,35096
mayssk01,2023,POR,10552
comanch01,2023,POR,5849
foxde01,2023,SAC,30351780
sabondo01,2023,SAC,18500000
barneha02,2023,SAC,18352273
huertke01,2023,SAC,14508929
holmeri01,2023,SAC,11215260
monkma01,2023,SAC,9472219
murrake02,2023,SAC,8008440
mitchda01,2023,SAC,4833600
daviste02,2023,SAC,4000000
lenal01,2023,SAC,3918600
lylestr01,2023,SAC,2625000
metuch01,2023,SAC,1910860
okpalkz01,2023,SAC,1902133
dellama01,2023,SAC,1836090
edwarke02,2023,SAC,1637966
doziepj01,2023,SAC,539450
monekch01,2023,SAC,500000
merrisa01,2023,SAC,150000
doziepj01,2023,SAC,105522
doziepj01,2023,SAC,105522
burtode02,2023,SAC,105522
stewadj01,2023,SAC,50000
mcderdo01,2023,SAS,13750000
gallida01,2023,SAS,13000000
grahade01,2023,SAS,11550000
colliza01,2023,SAS,7350000
birchkh01,2023,SAS,6667500
langfro01,2023,SAS,5634257
sochaje01,2023,SAS,5063520
dedmode01,2023,SAS,4700000
vassede01,2023,SAS,4437000
primojo01,2023,SAS,4144320
johnske04,2023,SAS,3873025
branhma01,2023,SAS,2925600
bassech01,2023,SAS,2600000
weslebl01,2023,SAS,2385480
wieskjo01,2023,SAS,2175000
robyis01,2023,SAS,1930681
bateske01,2023,SAS,1878720
dienggo01,2023,SAS,1836090
jonestr01,2023,SAS,1782621
johnsst04,2023,SAS,1245164
vonleno01,2023,SAS,1160955
dienggo01,2023,SAS,622582
mamuksa01,2023,SAS,357717
johnsal02,2023,SAS,192293
halljo02,2023,SAS,175479
dienggo01,2023,SAS,105522
dienggo01,2023,SAS,105522
siakapa01,2023,TOR,35448672
vanvlfr01,2023,TOR,21250000
trentga02,2023,TOR,17505000
anunoog01,2023,TOR,17357143
bouchch01,2023,TOR,12690000
poeltja01,2023,TOR,9398148
youngth01,2023,TOR,8000000
barnesc01,2023,TOR,7644600
porteot01,2023,TOR,6000000
achiupr01,2023,TOR,2840160
flynnma01,2023,TOR,2145720
mykhasv01,2023,TOR,1878720
hernaju01,2023,TOR,1836090
bantoda01,2023,TOR,1563518
kolokch01,2023,TOR,1500000
champju01,2023,TOR,825000
wieskjo01,2023,TOR,545989
bartowi01,2023,TOR,432642
wilsodj01,2023,TOR,250000
wainris01,2023,TOR,125000
wieskjo01,2023,TOR,94136
wieskjo01,2023,TOR,94136
brookar01,2023,TOR,50000
leesa01,2023,TOR,10492
westbru01,2023,UTA,46295265
sextoco01,2023,UTA,16500000
markkla01,2023,UTA,16475454
clarkjo01,2023,UTA,13340000
olynyke01,2023,UTA,12804878
hortota01,2023,UTA,10260000
gayru01,2023,UTA,6184500
agbajoc01,2023,UTA,3918360
fontesi01,2023,UTA,3205128
kesslwa01,2023,UTA,2696400
bolmale01,2023,UTA,2471160
johnsst04,2023,UTA,2351521
jonesda03,2023,UTA,2298385
azubuud01,2023,UTA,2174880
toscaju01,2023,UTA,1836090
leesa01,2023,UTA,1752638
butleja02,2023,UTA,1563518
dunnkr01,2023,UTA,735819
samanlu01,2023,UTA,432795
jacksfr01,2023,UTA,105522
dunnkr01,2023,UTA,105522
dunnkr01,2023,UTA,105522
brantja01,2023,UTA,105522
samanlu01,2023,UTA,105522
careyve01,2023,UTA,100000
bealbr01,2023,WAS,43279250
porzikr01,2023,WAS,33833400
bartowi01,2023,WAS,14375000
kuzmaky01,2023,WAS,13000000
morrimo01,2023,WAS,9125000
wrighde01,2023,WAS,7804878
nunnke01,2023,WAS,5250000
avdijde01,2023,WAS,4916160
davisjo06,2023,WAS,4810320
kispeco01,2023,WAS,3552840
gaffoda01,2023,WAS,1930681
gillan01,2023,WAS,1836090
gibsota01,2023,WAS,1836090
careyve01,2023,WAS,1782621
toddis01,2023,WAS,1575000
goodwjo01,2023,WAS,900000
cooksxa01,2023,WAS,140384
bouyeja01,2023,WAS,58493
collijo01,2022,ATL,23000000
gallida01,2022,ATL,20475000
bogdabo01,2022,ATL,18000000
capelca01,2022,ATL,17103448
wrighde01,2022,ATL,8526316
youngtr01,2022,ATL,8326471
huntede01,2022,ATL,7775400
okongon01,2022,ATL,6104280
knoxke01,2022,ATL,5845978
willilo02,2022,ATL,5000000
huertke01,2022,ATL,4253357
dienggo01,2022,ATL,4000000
johnsja05,2022,ATL,2659560
luwawti01,2022,ATL,1939350
stephla01,2022,ATL,138019
iwundwe01,2022,ATL,102831
clemoch01,2022,ATL,95930
oliveca01,2022,ATL,85578
hillma01,2022,ATL,53176
ellisma01,2022,ATL,53176
tillmju01,2022,ATL,53176
brownch05,2022,ATL,53176
barbeca01,2022,ATL,53176
mayssk01,2022,ATL,34231
coopesh01,2022,ATL,0
tatumja01,2022,BOS,28103550
horfoal01,2022,BOS,27000000
brownja02,2022,BOS,24830357
whitede01,2022,BOS,15178571
smartma01,2022,BOS,13839285
theisda01,2022,BOS,8280351
williro04,2022,BOS,3661976
nesmiaa01,2022,BOS,3631200
willigr01,2022,BOS,2617800
pritcpa01,2022,BOS,2137440
parkeja01,2022,BOS,1168288
yabusgu01,2022,BOS,1039080
kornelu01,2022,BOS,606702
stausni01,2022,BOS,423536
fittsma01,2022,BOS,402218
hausesa01,2022,BOS,313737
martike03,2022,BOS,191860
milescj01,2022,BOS,151821
aminual01,2022,BOS,151821
johnsjo02,2022,BOS,151821
morgaju01,2022,BOS,115116
jacksju01,2022,BOS,102831
pelleno01,2022,BOS,95930
jacksde01,2022,BOS,92857
ryanma01,2022,BOS,0
thomabr01,2022,BOS,0
duranke01,2022,BRK,40918900
irvinky01,2022,BRK,34916200
simmobe01,2022,BRK,33003936
harrijo01,2022,BRK,17357143
curryse01,2022,BRK,8207518
millspa02,2022,BRK,5890000
brownbr01,2022,BRK,4736102
carteje01,2022,BRK,3650000
johnsja01,2022,BRK,2641691
griffbl01,2022,BRK,2641691
aldrila01,2022,BRK,2641691
drumman01,2022,BRK,2401537
sumneed01,2022,BRK,2320000
okafoja01,2022,BRK,2130023
thomaca02,2022,BRK,2036280
sharpda01,2022,BRK,2009040
bembrde01,2022,BRK,1939350
claxtni01,2022,BRK,1782621
dragigo01,2022,BRK,728742
gallola01,2022,BRK,257418
harrish01,2022,BRK,205662
ennisja01,2022,BRK,126528
gabriwe01,2022,BRK,99380
edwarke02,2022,BRK,5318
dukeda01,2022,BRK,0
derozde01,2022,CHI,26000000
vucevni01,2022,CHI,24000000
lavinza01,2022,CHI,19500000
balllo01,2022,CHI,18604651
jonesde02,2022,CHI,9720900
carusal01,2022,CHI,8604651
willipa01,2022,CHI,7422000
whiteco01,2022,CHI,5837760
browntr01,2022,CHI,5170564
bradlto01,2022,CHI,1789256
greenja02,2022,CHI,1669178
thomama02,2022,CHI,1669178
mckinal01,2022,CHI,1293926
thomptr01,2022,CHI,1000000
dosunay01,2022,CHI,925258
simonma01,2022,CHI,925258
johnsal02,2022,CHI,705598
ilyaser01,2022,CHI,151821
johnsst04,2022,CHI,120083
mccluma01,2022,CHI,106352
belljo01,2022,CHI,102831
hillma01,2022,CHI,53176
dotsode01,2022,CHI,0
cookty01,2022,CHI,0
haywago01,2022,CHO,29925000
roziete01,2022,CHO,17905263
oubreke01,2022,CHO,12000000
harremo01,2022,CHO,9720900
batumni01,2022,CHO,8856969
ballla01,2022,CHO,8231760
plumlma01,2022,CHO,8137500
bridgmi02,2022,CHO,5421493
washipj01,2022,CHO,4215120
bouknja01,2022,CHO,4154400
joneska01,2022,CHO,2770560
iwundwe01,2022,CHO,1824003
martico01,2022,CHO,1782621
mcdanja01,2022,CHO,1782621
richani01,2022,CHO,1517981
thorjt01,2022,CHO,1250000
thomais02,2022,CHO,552077
lewissc01,2022,CHO,0
kulboar01,2022,CHO,0
loveke01,2022,CLE,31258256
allenja01,2022,CLE,20000000
leverca01,2022,CLE,17500000
markkla01,2022,CLE,15690909
osmande01,2022,CLE,8133334
mobleev01,2022,CLE,8075160
garlada01,2022,CLE,7040880
okorois01,2022,CLE,6720720
sextoco01,2022,CLE,6349671
davised01,2022,CLE,2641691
rondora01,2022,CLE,2641691
windldy01,2022,CLE,2239200
wadede01,2022,CLE,1782621
pangoke01,2022,CLE,1669178
stevela01,2022,CLE,1517981
smithjr01,2022,CLE,1456666
brownmo01,2022,CLE,211046
fraziti01,2022,CLE,128709
anderju01,2022,CLE,111457
kornelu01,2022,CLE,102831
goodwbr01,2022,CLE,99380
newmama01,2022,CLE,85578
nembhrj01,2022,CLE,58493
scotttr01,2022,CLE,53176
fallta01,2022,CLE,0
hardati02,2022,DAL,21306816
dinwisp01,2022,DAL,17142857
bertada01,2022,DAL,16000000
poweldw01,2022,DAL,11080125
doncilu01,2022,DAL,10174391
bullore01,2022,DAL,9536000
klebima01,2022,DAL,8750000
caulewi01,2022,DAL,4100000
finnedo01,2022,DAL,4000000
marjabo01,2022,DAL,3500000
burketr01,2022,DAL,3150000
brownst02,2022,DAL,3000000
greenjo02,2022,DAL,2957520
brunsja01,2022,DAL,1802057
ntilila01,2022,DAL,1789256
brownmo01,2022,DAL,1701593
terryty01,2022,DAL,1517981
chrisma01,2022,DAL,1292900
knighbr03,2022,DAL,276038
pinsoth01,2022,DAL,197076
thomais02,2022,DAL,138019
brownch02,2022,DAL,95930
kingge03,2022,DAL,85578
jonesca03,2022,DAL,53176
wrighmo01,2022,DAL,0
omorueu01,2022,DAL,0
mclauja01,2022,DAL,0
hintona01,2022,DAL,0
jokicni01,2022,DEN,30510423
murraja01,2022,DEN,29467800
gordoaa01,2022,DEN,16409091
bartowi01,2022,DEN,15625000
morrimo01,2022,DEN,8849071
greenja01,2022,DEN,8200000
portemi01,2022,DEN,5258735
greenje02,2022,DEN,4500000
forbebr01,2022,DEN,4500000
campafa01,2022,DEN,2975000
nnajize01,2022,DEN,2498760
riverau01,2022,DEN,2401537
hylanbo01,2022,DEN,2096880
cancavl01,2022,DEN,1782621
couside01,2022,DEN,1138659
reedda01,2022,DEN,286164
ennisja01,2022,DEN,128709
tuckera01,2022,DEN,95930
jonesca03,2022,DEN,53176
howarma02,2022,DEN,0
cornepe01,2022,DEN,0
griffbl01,2022,DET,29764126
grantje01,2022,DET,20002500
olynyke01,2022,DET,12195122
baglema01,2022,DET,11312114
cunnica01,2022,DET,10050120
jordade01,2022,DET,7875533
josepco01,2022,DET,7310000
hayeski01,2022,DET,5572680
diallha01,2022,DET,5200000
stewais01,2022,DET,3277080
jacksfr01,2022,DET,3000000
dedmode01,2022,DET,2866667
beysa01,2022,DET,2824320
mcgruro01,2022,DET,1939350
sirvyde01,2022,DET,1603559
leesa01,2022,DET,1489065
liveris01,2022,DET,1057260
garzalu01,2022,DET,925258
stanlca01,2022,DET,256734
diallch01,2022,DET,102831
waltode01,2022,DET,95930
robinju01,2022,DET,95930
edwarca01,2022,DET,76744
pottemi01,2022,DET,53176
palmetr01,2022,DET,53176
paigeja01,2022,DET,53176
keybr01,2022,DET,53176
pickeja01,2022,DET,0
smithch07,2022,DET,0
curryst01,2022,GSW,45780966
thompkl01,2022,GSW,37980720
wiggian01,2022,GSW,31579390
greendr01,2022,GSW,24026712
wisemja01,2022,GSW,9166800
kuminjo01,2022,GSW,5466360
looneke01,2022,GSW,5178572
moodymo01,2022,GSW,3562080
iguodan01,2022,GSW,2641691
porteot01,2022,GSW,2389641
poolejo01,2022,GSW,2161440
bjeline01,2022,GSW,2089448
paytoga02,2022,GSW,1939350
leeda03,2022,GSW,1910860
toscaju01,2022,GSW,1701593
livinsh01,2022,GSW,666667
weathqu01,2022,GSW,95930
dowtije01,2022,GSW,0
chiozch01,2022,GSW,0
walljo01,2022,HOU,44310840
gordoer01,2022,HOU,18218818
woodch01,2022,HOU,13666667
greenja05,2022,HOU,8992200
augusdj01,2022,HOU,7000000
schrode01,2022,HOU,5890000
nwabada01,2022,HOU,4650000
doumbse01,2022,HOU,3613680
sengual01,2022,HOU,3214680
kanteen01,2022,HOU,2641691
garubus01,2022,HOU,2353320
chrisjo01,2022,HOU,2259240
mathega01,2022,HOU,2000000
fernabr01,2022,HOU,1782621
porteke02,2022,HOU,1782621
martike04,2022,HOU,1517981
tateja01,2022,HOU,1517981
brookar01,2022,HOU,1489065
houseda01,2022,HOU,1387498
nixda01,2022,HOU,612000
willitr02,2022,HOU,122741
jarrede01,2022,HOU,53176
kabenmf01,2022,HOU,19186
lamban01,2022,HOU,0
queentr01,2022,HOU,0
beyty01,2022,HOU,0
hieldbu01,2022,IND,22477273
brogdma01,2022,IND,21700000
rubiori01,2022,IND,17800000
turnemy01,2022,IND,17500000
warretj01,2022,IND,12690000
thomptr01,2022,IND,8946611
mccontj01,2022,IND,7500000
smithja04,2022,IND,4458000
halibty01,2022,IND,4023600
duartch01,2022,IND,3749520
bitadgo01,2022,IND,3098400
jacksis01,2022,IND,2451120
ellismo01,2022,IND,2245400
brissos01,2022,IND,1701593
stephla01,2022,IND,1476806
washidu02,2022,IND,950000
wanambr01,2022,IND,715538
taylote01,2022,IND,600000
sykeske01,2022,IND,558345
anderju01,2022,IND,334371
perryre01,2022,IND,85578
hintona01,2022,IND,85578
caverah01,2022,IND,53176
jarrede01,2022,IND,0
yorkga01,2022,IND,0
georgpa01,2022,LAC,39344970
leonaka01,2022,LAC,39344900
morrima03,2022,LAC,15627907
powelno01,2022,LAC,15517242
covinro01,2022,LAC,12975471
kennalu01,2022,LAC,12727273
jacksre01,2022,LAC,10384500
zubaciv01,2022,LAC,7518518
batumni01,2022,LAC,3170029
hoodro01,2022,LAC,2239544
ojelese01,2022,LAC,1789256
mannte01,2022,LAC,1782621
harteis01,2022,LAC,1729217
prestja01,2022,LAC,1062303
bostobr01,2022,LAC,925258
gabriwe01,2022,LAC,198760
moonxa01,2022,LAC,159528
coffeam01,2022,LAC,153488
ennisja01,2022,LAC,128709
wrighmo01,2022,LAC,53176
scrubja01,2022,LAC,0
westbru01,2022,LAL,44211146
jamesle01,2022,LAL,41180544
davisan02,2022,LAL,35361360
hortota01,2022,LAL,9500000
nunnke01,2022,LAL,5000000
denglu01,2022,LAL,5000000
howardw01,2022,LAL,2641691
jordade01,2022,LAL,2641691
anthoca01,2022,LAL,2641691
ellinwa01,2022,LAL,2641691
bradlav01,2022,LAL,2641691
arizatr01,2022,LAL,2641691
bazemke01,2022,LAL,2401537
monkma01,2022,LAL,1789256
johnsst04,2022,LAL,1248865
reaveau01,2022,LAL,925258
augusdj01,2022,LAL,622467
collida01,2022,LAL,151821
thomais02,2022,LAL,138019
jonesje01,2022,LAL,85578
gabriwe01,2022,LAL,29814
doumbse01,2022,LAL,0
brownch05,2022,LAL,0
huffja01,2022,LAL,0
jonesma05,2022,LAL,0
mccluma01,2022,LAL,0
adamsst01,2022,MEM,17073171
brookdi01,2022,MEM,12200000
anderky01,2022,MEM,9937150
moranja01,2022,MEM,9603360
jacksja02,2022,MEM,9180560
meltode01,2022,MEM,8805976
jonesty01,2022,MEM,7600000
culveja01,2022,MEM,6395160
dunnkr01,2022,MEM,5005350
rondora01,2022,MEM,4858309
willizi02,2022,MEM,4373160
clarkbr01,2022,MEM,2726880
gasolma01,2022,MEM,2692991
konchjo01,2022,MEM,2200000
banede01,2022,MEM,2033160
aldamsa01,2022,MEM,1994520
tilliki02,2022,MEM,1901625
edwarca01,2022,MEM,1782621
merrisa01,2022,MEM,1517981
oturuda01,2022,MEM,1517981
tillmxa01,2022,MEM,1517981
portejo01,2022,MEM,300000
mathida01,2022,MEM,106352
harrish01,2022,MEM,102831
jeffrda01,2022,MEM,95930
terryty01,2022,MEM,85578
buchash01,2022,MEM,53176
sneedxa01,2022,MEM,53176
teskejo01,2022,MEM,53176
ponsyv01,2022,MEM,0
butleji01,2022,MIA,36016200
adebaba01,2022,MIA,28103550
lowryky01,2022,MIA,26984128
robindu01,2022,MIA,15560000
tuckepj01,2022,MIA,7000000
anderry01,2022,MIA,5214584
herroty01,2022,MIA,4004280
hasleud01,2022,MIA,2641691
morrima02,2022,MIA,2641691
dedmode01,2022,MIA,2389641
oladivi01,2022,MIA,2389641
vincega01,2022,MIA,1669178
strusma01,2022,MIA,1669178
yurtsom01,2022,MIA,1489065
highsha01,2022,MIA,547701
martica02,2022,MIA,527615
silvach01,2022,MIA,383720
guyky01,2022,MIA,191860
chalmma01,2022,MIA,138019
stausni01,2022,MIA,111457
cheatzy01,2022,MIA,85578
holmaar01,2022,MIA,53176
smartja01,2022,MIA,0
muldemy01,2022,MIA,0
garrema01,2022,MIA,0
antetgi01,2022,MIL,39344970
middlkh01,2022,MIL,35500000
holidjr01,2022,MIL,30133333
lopezbr01,2022,MIL,13302325
ibakase01,2022,MIL,9720900
connapa01,2022,MIL,5333333
portibo01,2022,MIL,4347600
allengr01,2022,MIL,4054695
hillge01,2022,MIL,4000000
leuerjo01,2022,MIL,3169347
matthwe02,2022,MIL,1958501
sandela01,2022,MIL,1865547
antetth01,2022,MIL,1729217
nworajo01,2022,MIL,1517981
couside01,2022,MIL,607285
bembrde01,2022,MIL,601867
kalaige01,2022,MIL,462629
carteje01,2022,MIL,457149
monrogr01,2022,MIL,138019
gallola01,2022,MIL,128709
kornelu01,2022,MIL,102831
dowtije01,2022,MIL,53176
delauja01,2022,MIL,53176
vildolu01,2022,MIL,42789
tuckera01,2022,MIL,28779
mamuksa01,2022,MIL,0
robinju01,2022,MIL,0
smartja01,2022,MIL,0
wiggili01,2022,MIL,0
townska01,2022,MIN,31650600
russeda01,2022,MIN,30013500
beaslma01,2022,MIN,14391964
beverpa01,2022,MIN,14320988
princta02,2022,MIN,13000000
edwaran01,2022,MIN,10245480
okogijo01,2022,MIN,4087904
vandeja01,2022,MIN,4000000
laymaja01,2022,MIN,3940184
bolmale01,2022,MIN,2353320
mcdanja02,2022,MIN,2063280
mclaujo01,2022,MIN,2000000
nowelja01,2022,MIN,1782621
reidna01,2022,MIN,1782621
monrogr01,2022,MIN,193227
silvach01,2022,MIN,95930
tuckera01,2022,MIN,95930
knighna01,2022,MIN,0
wrighmc01,2022,MIN,0
mccolcj01,2022,NOP,30864198
ingrabr01,2022,NOP,29467800
valanjo01,2022,NOP,14000000
grahade01,2022,NOP,11000000
willizi01,2022,NOP,10733400
nancela02,2022,NOP,10690909
hayesja02,2022,NOP,5348280
templga01,2022,NOP,4910000
lewiski01,2022,NOP,3822240
murphtr02,2022,NOP,3053760
snellto01,2022,NOP,2389641
hernawi01,2022,NOP,2327220
joneshe01,2022,NOP,1700000
marshna01,2022,NOP,1517981
alvarjo01,2022,NOP,1500000
clarkga01,2022,NOP,377645
johnsal02,2022,NOP,198760
wallaty01,2022,NOP,191860
gabriwe01,2022,NOP,99380
jamesju01,2022,NOP,95930
onimi01,2022,NOP,95930
harpeja01,2022,NOP,95930
cheatzy01,2022,NOP,89057
huntfe01,2022,NOP,53176
hommeda01,2022,NOP,0
tollian01,2022,NOP,0
randlju01,2022,NYK,19800000
fournev01,2022,NYK,17142857
rosede01,2022,NYK,13445120
burksal01,2022,NYK,9536000
noelne01,2022,NYK,8800000
walkeke02,2022,NYK,8729020
barrerj01,2022,NYK,8623920
noahjo01,2022,NYK,6431666
toppiob01,2022,NYK,5105160
gibsota01,2022,NYK,4910000
reddica01,2022,NYK,4670160
hillso01,2022,NYK,2389641
quickim01,2022,NYK,2210640
grimequ01,2022,NYK,2168760
robinmi01,2022,NYK,1802057
mcbrimi01,2022,NYK,925258
valende01,2022,NYK,902801
arcidry01,2022,NYK,791798
seldewa01,2022,NYK,785102
dotsoda01,2022,NYK,205662
moonema01,2022,NYK,171156
houseda01,2022,NYK,111457
hallty01,2022,NYK,53176
huntfe01,2022,NYK,0
samanlu01,2022,NYK,0
simsje01,2022,NYK,0
walkeke02,2022,OKC,26238422
favorde01,2022,OKC,9720900
giddejo01,2022,OKC,5988000
gilgesh01,2022,OKC,5495532
muscami01,2022,OKC,3500000
pokusal01,2022,OKC,3113160
manntr01,2022,OKC,2901240
bazleda01,2022,OKC,2513040
jeromty01,2022,OKC,2412840
willike04,2022,OKC,2000000
robinje02,2022,OKC,2000000
maledth01,2022,OKC,2000000
robyis01,2022,OKC,1782621
dortlu01,2022,OKC,1782621
okpalkz01,2022,OKC,1782621
deckga01,2022,OKC,1690507
diakima01,2022,OKC,1040234
wiggiaa01,2022,OKC,1000000
singlky01,2022,OKC,999200
krejcvi01,2022,OKC,925258
pattepa01,2022,OKC,737066
schofad01,2022,OKC,300000
hoardja01,2022,OKC,191860
sarrol01,2022,OKC,106352
hopsosc01,2022,OKC,99380
kalaige01,2022,OKC,53176
simpsza01,2022,OKC,53176
edwarro01,2022,OKC,53176
onimi01,2022,OKC,51225
waterli01,2022,OKC,0
watsopa01,2022,OKC,0
frazime01,2022,OKC,0
halljo01,2022,OKC,0
harriga01,2022,ORL,20482143
isaacjo01,2022,ORL,17400000
fultzma01,2022,ORL,16500000
rosste01,2022,ORL,12500000
bambamo01,2022,ORL,7568742
cartewe01,2022,ORL,6920027
suggsja01,2022,ORL,6592920
mozgoti01,2022,ORL,5573334
wagnefr01,2022,ORL,5007840
lopezro01,2022,ORL,5000000
anthoco01,2022,ORL,3449400
cartemi01,2022,ORL,3300000
okekech01,2022,ORL,3277080
mooreet01,2022,ORL,2641691
hamptrj01,2022,ORL,2303040
bolbo01,2022,ORL,2161152
doziepj01,2022,ORL,1910860
wagnemo01,2022,ORL,1729217
fraziti01,2022,ORL,257418
cannade01,2022,ORL,185578
gillefr01,2022,ORL,171156
schofad01,2022,ORL,171156
graveha01,2022,ORL,106352
johnsbj01,2022,ORL,95930
fordal03,2022,ORL,53176
dowtije01,2022,ORL,53176
muldemy01,2022,ORL,0
brazdig01,2022,ORL,0
hardeja01,2022,PHI,44310840
harrito02,2022,PHI,35995950
embiijo01,2022,PHI,31579390
greenda02,2022,PHI,10000000
korkmfu01,2022,PHI,4629630
niangge01,2022,PHI,3300000
thybuma01,2022,PHI,2840160
millspa01,2022,PHI,2641691
maxeyty01,2022,PHI,2602920
sprinja01,2022,PHI,2023680
miltosh01,2022,PHI,1846738
reedpa01,2022,PHI,1517981
joeis01,2022,PHI,1517981
hillge01,2022,PHI,1275491
bassech01,2022,PHI,925258
jordade01,2022,PHI,592103
johnsty01,2022,PHI,128709
caulewi01,2022,PHI,120083
brownch02,2022,PHI,95930
keybr01,2022,PHI,53176
rillegr01,2022,PHI,0
powelmy01,2022,PHI,0
henryaa01,2022,PHI,0
tuckera01,2022,PHI,0
bookede01,2022,PHO,31650600
paulch01,2022,PHO,30800000
aytonde01,2022,PHO,12632950
crowdja01,2022,PHO,9720900
saricda01,2022,PHO,8510000
payneca01,2022,PHO,6500000
bridgmi01,2022,PHO,5557725
mcgeeja01,2022,PHO,5000000
craigto01,2022,PHO,4878049
johnsca02,2022,PHO,4437000
holidaa01,2022,PHO,3980551
shamela01,2022,PHO,3768342
paytoel01,2022,PHO,2239544
kaminfr01,2022,PHO,2089448
naderab01,2022,PHO,2000000
biyombi01,2022,PHO,1518213
jacksju01,2022,PHO,205662
basspa01,2022,PHO,106352
terryem01,2022,PHO,85578
walkemj01,2022,PHO,53176
wainris01,2022,PHO,8558
lundbga01,2022,PHO,0
hutchch01,2022,PHO,0
lillada01,2022,POR,39344900
bledser01,2022,POR,18125000
inglejo01,2022,POR,12436364
nurkiju01,2022,POR,12000000
hartjo01,2022,POR,12000000
simonan01,2022,POR,3938818
winslju01,2022,POR,3902439
nichoan01,2022,POR,2844430
johnske07,2022,POR,2553240
zelleco01,2022,POR,2389641
mclembe01,2022,POR,2389641
littlna01,2022,POR,2316240
smithde03,2022,POR,1789256
louzama01,2022,POR,1786878
hugheel01,2022,POR,1517981
ellebcj01,2022,POR,1517981
browngr01,2022,POR,925258
eubandr01,2022,POR,477024
watfotr01,2022,POR,436482
dunnkr01,2022,POR,312079
perryre01,2022,POR,188272
mcgrica01,2022,POR,53176
cumbeja01,2022,POR,53176
willibr03,2022,POR,53176
blevike01,2022,POR,0
foxde01,2022,SAC,28103500
barneha02,2022,SAC,20284091
sabondo01,2022,SAC,18500000
lambje01,2022,SAC,10500000
holmeri01,2022,SAC,10384500
holidju01,2022,SAC,6006420
jacksjo02,2022,SAC,5005350
divindo01,2022,SAC,4675830
mitchda01,2022,SAC,4603200
harklma01,2022,SAC,4347600
daviste02,2022,SAC,4000000
lenal01,2022,SAC,3732000
lylestr01,2022,SAC,2500000
jonesda03,2022,SAC,1977011
metuch01,2022,SAC,1762796
ramseja01,2022,SAC,1517981
woodaro01,2022,SAC,1517981
mudiaem01,2022,SAC,111457
robinju01,2022,SAC,94304
murkead01,2022,SAC,53176
kinglo02,2022,SAC,0
quetane01,2022,SAC,0
dragigo01,2022,SAS,18620165
murrade01,2022,SAS,15428880
mcderdo01,2022,SAS,13750000
richajo01,2022,SAS,11615328
aminual01,2022,SAS,10183800
satorto01,2022,SAS,9531881
poeltja01,2022,SAS,8750000
colliza01,2022,SAS,7000000
walkelo01,2022,SAS,4447896
vassede01,2022,SAS,4235160
hutchch01,2022,SAS,4019459
primojo01,2022,SAS,3946800
langfro01,2022,SAS,3804360
samanlu01,2022,SAS,2959080
johnske04,2022,SAS,2145720
bateske01,2022,SAS,1729217
jonestr01,2022,SAS,1517981
carrode01,2022,SAS,1242340
landajo01,2022,SAS,925258
cacokde01,2022,SAS,364533
wieskjo01,2022,SAS,202068
johnsty01,2022,SAS,128709
morrija01,2022,SAS,95930
lamban01,2022,SAS,85578
stewadj02,2022,SAS,0
woodaro01,2022,SAS,0
siakapa01,2022,TOR,33003936
vanvlfr01,2022,TOR,19675926
anunoog01,2022,TOR,16071429
trentga02,2022,TOR,16000000
youngth01,2022,TOR,14190000
barnesc01,2022,TOR,7280400
bouchch01,2022,TOR,7020000
birchkh01,2022,TOR,6350000
achiupr01,2022,TOR,2711280
flynnma01,2022,TOR,2048040
eubandr01,2022,TOR,1762796
watanyu01,2022,TOR,1762796
mykhasv01,2022,TOR,1729217
bongais01,2022,TOR,1729217
bantoda01,2022,TOR,925258
brookar01,2022,TOR,421156
dekkesa01,2022,TOR,350000
wilsodj01,2022,TOR,308493
wainris01,2022,TOR,250000
morgaju01,2022,TOR,95930
watertr01,2022,TOR,95930
oturuda01,2022,TOR,85578
johnsda08,2022,TOR,0
champju01,2022,TOR,0
goberru01,2022,UTA,35344828
mitchdo01,2022,UTA,28103500
conlemi01,2022,UTA,21000000
bogdabo02,2022,UTA,18502000
clarkjo01,2022,UTA,12420000
onealro01,2022,UTA,8800000
hernaju01,2022,UTA,6175440
gayru01,2022,UTA,5890000
alexani01,2022,UTA,3261480
whiteha01,2022,UTA,2401537
azubuud01,2022,UTA,2075880
pascher01,2022,UTA,1782621
houseda01,2022,UTA,991967
butleja02,2022,UTA,925258
monrogr01,2022,UTA,138019
valende01,2022,UTA,111457
pelleno01,2022,UTA,95930
cheatzy01,2022,UTA,89057
brantja01,2022,UTA,84414
forretr01,2022,UTA,8558
fittsma01,2022,UTA,0
jamesju01,2022,UTA,0
sneedxa01,2022,UTA,0
bealbr01,2022,WAS,33724200
porzikr01,2022,WAS,31650600
caldwke01,2022,WAS,13038862
kuzmaky01,2022,WAS,13000000
bryanth01,2022,WAS,8666667
hachiru01,2022,WAS,4916160
avdijde01,2022,WAS,4692840
smithis01,2022,WAS,4500000
kispeco01,2022,WAS,3383640
netora01,2022,WAS,2089448
gaffoda01,2022,WAS,1782621
gillan01,2022,WAS,1517981
careyve01,2022,WAS,1517981
toddis01,2022,WAS,1500000
satorto01,2022,WAS,468119
monrogr01,2022,WAS,138019
johnsal02,2022,WAS,99380
wanambr01,2022,WAS,99380
watertr01,2022,WAS,95930
goodwjo01,2022,WAS,53176
echenja01,2022,WAS,53176
schakjo01,2022,WAS,53176
swordcr01,2022,WAS,53176
winstca01,2022,WAS,0
ayayijo01,2022,WAS,0
gallida01,2021,ATL,19500000
bogdabo01,2021,ATL,18000000
capelca01,2021,ATL,16000000
snellto01,2021,ATL,12178571
willilo02,2021,ATL,8000000
huntede01,2021,ATL,7422000
youngtr01,2021,ATL,6571800
okongon01,2021,ATL,5813640
dunnkr01,2021,ATL,4767000
reddica01,2021,ATL,4458000
collijo01,2021,ATL,4137302
huertke01,2021,ATL,2761920
goodwbr01,2021,ATL,1701593
hillso01,2021,ATL,1620564
fernabr01,2021,ATL,1517981
thomakh01,2021,ATL,744684
knighna01,2021,ATL,0
mayssk01,2021,ATL,0
walkeke02,2021,BOS,34379100
brownja02,2021,BOS,23437500
fournev01,2021,BOS,17450000
smartma01,2021,BOS,13446428
tatumja01,2021,BOS,9897120
thomptr01,2021,BOS,9258000
langfro01,2021,BOS,3631200
nesmiaa01,2021,BOS,3458400
willigr01,2021,BOS,2498760
kornelu01,2021,BOS,2250000
wagnemo01,2021,BOS,2161920
pritcpa01,2021,BOS,2035800
williro04,2021,BOS,2029920
ojelese01,2021,BOS,1752950
edwarca01,2021,BOS,1517981
yabusgu01,2021,BOS,1039080
parkeja01,2021,BOS,430729
jacksde01,2021,BOS,92857
watertr01,2021,BOS,0
fallta01,2021,BOS,0
hardeja01,2021,BRK,41254920
duranke01,2021,BRK,39058950
irvinky01,2021,BRK,33460350
harrijo01,2021,BRK,16071429
dinwisp01,2021,BRK,11454048
jordade01,2021,BRK,10375678
greenje02,2021,BRK,2564753
shamela01,2021,BRK,2090040
luwawti01,2021,BRK,1824003
brownbr01,2021,BRK,1663861
johnsty01,2021,BRK,1620564
claxtni01,2021,BRK,1517981
griffbl01,2021,BRK,776983
johnsal02,2021,BRK,621587
shumpim01,2021,BRK,558153
aldrila01,2021,BRK,554988
roberan03,2021,BRK,274816
vonleno01,2021,BRK,263995
jamesmi02,2021,BRK,237648
pelleno01,2021,BRK,217845
cookty01,2021,BRK,99020
chiozch01,2021,BRK,0
perryre01,2021,BRK,0
vucevni01,2021,CHI,26000000
lavinza01,2021,CHI,19500000
youngth01,2021,CHI,13545000
satorto01,2021,CHI,10000000
aminual01,2021,CHI,9720900
feliccr01,2021,CHI,7529020
willipa01,2021,CHI,7068360
markkla01,2021,CHI,6731508
whiteco01,2021,CHI,5572680
theisda01,2021,CHI,5000000
templga01,2021,CHI,4767000
valende01,2021,CHI,4642800
browntr01,2021,CHI,3372840
arcidry01,2021,CHI,3000000
greenja02,2021,CHI,1517981
mokokad01,2021,CHI,0
dotsode01,2021,CHI,0
haywago01,2021,CHO,28500000
roziete01,2021,CHO,18900000
zelleco01,2021,CHO,15415730
batumni01,2021,CHO,8856969
ballla01,2021,CHO,7839960
monkma01,2021,CHO,5345687
washipj01,2021,CHO,4023600
bridgmi02,2021,CHO,3934320
biyombi01,2021,CHO,3500000
wanambr01,2021,CHO,2250000
grahade01,2021,CHO,1663861
martica02,2021,CHO,1517981
martico01,2021,CHO,1517981
mcdanja01,2021,CHO,1517981
careyve01,2021,CHO,1350000
richani01,2021,CHO,1000000
darlina01,2021,CHO,0
rillegr01,2021,CHO,0
loveke01,2021,CLE,31258256
drumman01,2021,CLE,27957238
princta02,2021,CLE,12250000
nancela02,2021,CLE,11709091
osmande01,2021,CLE,8840580
garlada01,2021,CLE,6720720
okorois01,2021,CLE,6400920
sextoco01,2021,CLE,4991880
allenja01,2021,CLE,3909902
windldy01,2021,CLE,2137440
dotsoda01,2021,CLE,2000000
dellama01,2021,CLE,1620564
harteis01,2021,CLE,1620564
wadede01,2021,CLE,1517981
smithjr01,2021,CLE,1456667
stevela01,2021,CLE,652366
kabenmf01,2021,CLE,356473
tuckera01,2021,CLE,340000
makerth01,2021,CLE,309355
cookqu01,2021,CLE,221996
varejan01,2021,CLE,144297
ferreyo01,2021,CLE,110998
martije02,2021,CLE,0
thomabr01,2021,CLE,0
boldema01,2021,CLE,0
porzikr01,2021,DAL,29467800
hardati02,2021,DAL,18975000
redicjj01,2021,DAL,13013700
poweldw01,2021,DAL,11080125
richajo01,2021,DAL,10865952
klebima01,2021,DAL,8325000
doncilu01,2021,DAL,8049360
caulewi01,2021,DAL,4100000
finnedo01,2021,DAL,4000000
mellini01,2021,DAL,3897436
marjabo01,2021,DAL,3500000
burketr01,2021,DAL,3000000
greenjo02,2021,DAL,2816760
brunsja01,2021,DAL,1663861
bareajo01,2021,DAL,1620564
terryty01,2021,DAL,1289846
hintona01,2021,DAL,0
beyty01,2021,DAL,0
jokicni01,2021,DEN,29542010
murraja01,2021,DEN,27285000
gordoaa01,2021,DEN,18136364
bartowi01,2021,DEN,13723214
millspa01,2021,DEN,10000000
greenja01,2021,DEN,7199760
mcgeeja01,2021,DEN,4200000
portemi01,2021,DEN,3550800
campafa01,2021,DEN,3100000
nnajize01,2021,DEN,2379840
bolbo01,2021,DEN,2058240
clarkga01,2021,DEN,2000000
doziepj01,2021,DEN,1762796
morrimo01,2021,DEN,1723707
cancavl01,2021,DEN,1517981
riverau01,2021,DEN,299694
whittgr01,2021,DEN,0
howarma02,2021,DEN,0
harrish01,2021,DEN,0
griffbl01,2021,DET,32670565
grantje01,2021,DET,19050000
josepco01,2021,DET,12600000
plumlma01,2021,DET,8000000
smithde03,2021,DET,5686677
hayeski01,2021,DET,5307120
mcgruro01,2021,DET,5192307
jacksjo02,2021,DET,4767000
doumbse01,2021,DET,3449400
stewais01,2021,DET,3121080
dedmode01,2021,DET,2866667
beysa01,2021,DET,2689920
ellinwa01,2021,DET,2564753
musadz01,2021,DET,2002800
okafoja01,2021,DET,1882867
diallha01,2021,DET,1663861
sirvyde01,2021,DET,898310
cookty01,2021,DET,594121
jacksfr01,2021,DET,0
leesa01,2021,DET,0
curryst01,2021,GSW,43006362
thompkl01,2021,GSW,35361360
wiggian01,2021,GSW,29542010
greendr01,2021,GSW,22246956
oubreke01,2021,GSW,14375000
wisemja01,2021,GSW,8730240
looneke01,2021,GSW,4821429
poolejo01,2021,GSW,2063280
leeda03,2021,GSW,1762796
bazemke01,2021,GSW,1620564
muldemy01,2021,GSW,1517981
pascher01,2021,GSW,1517981
smailal01,2021,GSW,1517981
livinsh01,2021,GSW,666667
toscaju01,2021,GSW,358295
paytoga02,2021,GSW,233894
mannini01,2021,GSW,0
belljo01,2021,GSW,0
walljo01,2021,HOU,41254920
gordoer01,2021,HOU,16869276
woodch01,2021,HOU,13015874
olynyke01,2021,HOU,12819649
exumda01,2021,HOU,9600000
augusdj01,2021,HOU,6666667
bradlav01,2021,HOU,5635000
wilsodj01,2021,HOU,4548280
houseda01,2021,HOU,3717000
mclembe01,2021,HOU,2283034
nwabada01,2021,HOU,1824003
porteke02,2021,HOU,1717981
brownst02,2021,HOU,1620564
couside01,2021,HOU,1620564
clemoch01,2021,HOU,1517981
tateja01,2021,HOU,1445967
martike04,2021,HOU,898310
cabocbr01,2021,HOU,361256
thomakh01,2021,HOU,360998
willitr02,2021,HOU,122741
jonesma05,2021,HOU,61528
grantje02,2021,HOU,50000
oliveca01,2021,HOU,43070
reynoca01,2021,HOU,33299
pattoju01,2021,HOU,0
lamban01,2021,HOU,0
brookar01,2021,HOU,0
brogdma01,2021,IND,20700000
sabondo01,2021,IND,19800000
turnemy01,2021,IND,17500000
leverca01,2021,IND,16203704
warretj01,2021,IND,12000000
lambje01,2021,IND,10500000
mcderdo01,2021,IND,7333333
holidju01,2021,IND,5720400
mccontj01,2021,IND,3500000
bitadgo01,2021,IND,2957520
holidaa01,2021,IND,2345640
ellismo01,2021,IND,2245400
sumneed01,2021,IND,2160000
sampsja02,2021,IND,1620564
lecquja01,2021,IND,1517981
brissos01,2021,IND,955493
martike03,2021,IND,801900
brimaam01,2021,IND,0
stanlca01,2021,IND,0
bowenbr02,2021,IND,0
georgpa01,2021,LAC,35450412
leonaka01,2021,LAC,34379100
morrima03,2021,LAC,14883721
beverpa01,2021,LAC,13333333
ibakase01,2021,LAC,9258000
rondora01,2021,LAC,8250000
zubaciv01,2021,LAC,7000000
kennalu01,2021,LAC,5273826
pattepa01,2021,LAC,3077704
jacksre01,2021,LAC,1620564
batumni01,2021,LAC,1620564
mannte01,2021,LAC,1517984
oturuda01,2021,LAC,898310
couside01,2021,LAC,455091
ferreyo01,2021,LAC,325167
fittsma01,2021,LAC,61528
coffeam01,2021,LAC,0
scrubja01,2021,LAC,0
jamesle01,2021,LAL,39219566
davisan02,2021,LAL,32742000
schrode01,2021,LAL,16000000
caldwke01,2021,LAL,12073020
harremo01,2021,LAL,9258000
denglu01,2021,LAL,5000000
matthwe02,2021,LAL,3623000
kuzmaky01,2021,LAL,3562178
carusal01,2021,LAL,2750000
gasolma01,2021,LAL,2564753
cookqu01,2021,LAL,1797183
mckinal01,2021,LAL,1762796
dudleja01,2021,LAL,1620564
morrima02,2021,LAL,1620564
hortota01,2021,LAL,1517981
belljo01,2021,LAL,580062
drumman01,2021,LAL,554988
mclembe01,2021,LAL,455090
jonesda03,2021,LAL,221996
antetko01,2021,LAL,0
cacokde01,2021,LAL,0
dienggo01,2021,MEM,16587688
valanjo01,2021,MEM,15000000
winslju01,2021,MEM,13000000
waitedi01,2021,MEM,12650000
brookdi01,2021,MEM,11400000
meltode01,2021,MEM,9571712
anderky01,2021,MEM,9505100
moranja01,2021,MEM,9166800
jonesty01,2021,MEM,7965100
jacksja02,2021,MEM,7257360
gudurma01,2021,MEM,2750000
clarkbr01,2021,MEM,2602920
allengr01,2021,MEM,2545320
konchjo01,2021,MEM,2100000
hezonma01,2021,MEM,1977011
banede01,2021,MEM,1936440
portejo01,2021,MEM,1900000
tillmxa01,2021,MEM,1300000
fraziti01,2021,MEM,518612
johnsda04,2021,MEM,459414
mcderse01,2021,MEM,0
tilliki02,2021,MEM,0
butleji01,2021,MIA,34379100
oladivi01,2021,MIA,21000000
dragigo01,2021,MIA,18000000
iguodan01,2021,MIA,15000000
arizatr01,2021,MIA,12800000
bjeline01,2021,MIA,7150000
anderry01,2021,MIA,5214583
adebaba01,2021,MIA,5115492
herroty01,2021,MIA,3822240
achiupr01,2021,MIA,2582160
robindu01,2021,MIA,1663861
nunnke01,2021,MIA,1663861
hasleud01,2021,MIA,1620564
okpalkz01,2021,MIA,1517981
dedmode01,2021,MIA,432890
hammoaj01,2021,MIA,350087
yurtsom01,2021,MIA,18458
strusma01,2021,MIA,0
vincega01,2021,MIA,0
middlkh01,2021,MIL,33051724
antetgi01,2021,MIL,27528088
holidjr01,2021,MIL,25876111
lopezbr01,2021,MIL,12697675
tuckepj01,2021,MIL,7969537
connapa01,2021,MIL,4938273
portibo01,2021,MIL,3623000
leuerjo01,2021,MIL,3169348
divindo01,2021,MIL,3044160
forbebr01,2021,MIL,2337145
sandela01,2021,MIL,1865546
kurucro01,2021,MIL,1780152
antetth01,2021,MIL,1701593
merrisa01,2021,MIL,898310
nworajo01,2021,MIL,898310
teaguje01,2021,MIL,510589
diakima01,2021,MIL,160173
bryanel01,2021,MIL,24611
jacksju01,2021,MIL,0
toupaax01,2021,MIL,0
townska01,2021,MIN,29467800
russeda01,2021,MIN,28649250
rubiori01,2021,MIN,17000000
beaslma01,2021,MIN,13425895
edwaran01,2021,MIN,9757440
culveja01,2021,MIN,6104280
hernaju01,2021,MIN,5718000
davised01,2021,MIN,5005350
laymaja01,2021,MIN,3761085
okogijo01,2021,MIN,2651040
mcdanja02,2021,MIN,1964760
vandeja01,2021,MIN,1663861
nowelja01,2021,MIN,1517981
reidna01,2021,MIN,1517981
aldrico01,2021,MIN,685340
mclaujo01,2021,MIN,0
adamsst01,2021,NOP,29592695
ingrabr01,2021,NOP,27285000
bledser01,2021,NOP,16875000
johnsja01,2021,NOP,16047100
balllo01,2021,NOP,11003782
willizi01,2021,NOP,10245480
hayesja02,2021,NOP,5105160
lewiski01,2021,NOP,3640200
hartjo01,2021,NOP,3491159
alexani01,2021,NOP,3113160
iwundwe01,2021,NOP,1678854
hernawi01,2021,NOP,1620564
gabriwe01,2021,NOP,1620564
thornsi01,2021,NOP,943480
louzama01,2021,NOP,123056
marshna01,2021,NOP,120000
thomais02,2021,NOP,110998
magnawi01,2021,NOP,0
nunnaja01,2021,NOP,0
randlju01,2021,NYK,18900000
barrerj01,2021,NYK,8231760
rosede01,2021,NYK,7682926
noahjo01,2021,NYK,6431667
ntilila01,2021,NYK,6176578
burksal01,2021,NYK,6000000
paytoel01,2021,NYK,5767000
noelne01,2021,NYK,5000000
toppiob01,2021,NYK,4862040
knoxke01,2021,NYK,4588680
bullore01,2021,NYK,4200000
fergute01,2021,NYK,3944013
vildolu01,2021,NYK,3500000
poirivi01,2021,NYK,2619207
gibsota01,2021,NYK,2442968
quickim01,2021,NYK,2105520
evansja02,2021,NYK,2017320
spellom01,2021,NYK,1988280
robinmi01,2021,NYK,1663861
ellinwa01,2021,NYK,1000000
pelleno01,2021,NYK,698040
hensojo01,2021,NYK,110998
harpeja01,2021,NYK,99020
hallty01,2021,NYK,25000
whitean01,2021,NYK,25000
pinsoth01,2021,NYK,0
powelmy01,2021,NYK,0
horfoal01,2021,OKC,27500000
leoname01,2021,OKC,9400000
milleda01,2021,OKC,7000000
jacksju01,2021,OKC,5029650
leaftj01,2021,OKC,4326825
gilgesh01,2021,OKC,4141320
deckga01,2021,OKC,3870370
bradlto01,2021,OKC,3542060
riverau01,2021,OKC,3500000
pokusal01,2021,OKC,2964840
bazleda01,2021,OKC,2399160
jeromty01,2021,OKC,2303040
muscami01,2021,OKC,2283034
willike04,2021,OKC,2000000
maledth01,2021,OKC,2000000
mykhasv01,2021,OKC,1663861
grayjo01,2021,OKC,1620564
dortlu01,2021,OKC,1517981
robyis01,2021,OKC,1517981
schofad01,2021,OKC,1517981
cheatzy01,2021,OKC,1445697
brownmo01,2021,OKC,1250000
singlky01,2021,OKC,999200
pattepa01,2021,OKC,737067
jacksfr01,2021,OKC,250000
brownch02,2021,OKC,217844
robinju01,2021,OKC,198040
halljo01,2021,OKC,0
hoardja01,2021,OKC,0
porteot01,2021,ORL,28489239
harriga01,2021,ORL,19160714
rosste01,2021,ORL,13500000
fultzma01,2021,ORL,12288697
isaacjo01,2021,ORL,7362566
bambamo01,2021,ORL,5969040
cartewe01,2021,ORL,5448840
cartemi01,2021,ORL,3300000
ennisja01,2021,ORL,3300000
anthoco01,2021,ORL,3285120
okekech01,2021,ORL,3121080
birchkh01,2021,ORL,2586036
hamptrj01,2021,ORL,2193480
bacondw01,2021,ORL,1678854
teaguje01,2021,ORL,1620564
halldo01,2021,ORL,277256
wagnemo01,2021,ORL,221995
frankro01,2021,ORL,198040
brazdig01,2021,ORL,148530
cannade01,2021,ORL,61528
maneka01,2021,ORL,0
randlch01,2021,ORL,0
thornsi01,2021,ORL,0
harrito02,2021,PHI,34358850
simmobe01,2021,PHI,30559200
embiijo01,2021,PHI,29542010
greenda02,2021,PHI,15365853
hillge01,2021,PHI,9590602
curryse01,2021,PHI,7834449
scottmi01,2021,PHI,5005350
thybuma01,2021,PHI,2711280
maxeyty01,2021,PHI,2478840
korkmfu01,2021,PHI,1762796
miltosh01,2021,PHI,1701593
howardw01,2021,PHI,1620564
brazdig01,2021,PHI,1517981
joeis01,2021,PHI,898310
reedpa01,2021,PHI,609128
tollian01,2021,PHI,485498
anderju01,2021,PHI,125000
tuckera01,2021,PHI,0
jonesma05,2021,PHI,0
clarkga01,2021,PHI,0
paulch01,2021,PHO,41358814
bookede01,2021,PHO,29467800
aytonde01,2021,PHO,10018200
crowdja01,2021,PHO,9258000
saricda01,2021,PHO,9250000
bridgmi01,2021,PHO,4359000
smithja04,2021,PHO,4245720
johnsca02,2021,PHO,4235160
carteje01,2021,PHO,3925000
payneca01,2021,PHO,1977011
naderab01,2021,PHO,1752950
gallola01,2021,PHO,1620564
kaminfr01,2021,PHO,1620564
mooreet01,2021,PHO,1620564
craigto01,2021,PHO,1620564
jonesda03,2021,PHO,785285
alexaty01,2021,PHO,0
lillada01,2021,POR,31626953
mccolcj01,2021,POR,29354152
nurkiju01,2021,POR,12888889
covinro01,2021,POR,12138345
powelno01,2021,POR,10865952
jonesde02,2021,POR,9258000
colliza01,2021,POR,5406255
kanteen01,2021,POR,5005350
nichoan01,2021,POR,2844430
simonan01,2021,POR,2252040
littlna01,2021,POR,2210640
varejan01,2021,POR,1913345
anthoca01,2021,POR,1620564
gilesha01,2021,POR,1620564
ellebcj01,2021,POR,898310
holliro01,2021,POR,432891
leaftj01,2021,POR,0
blevike01,2021,POR,0
hieldbu01,2021,SAC,24701834
barneha02,2021,SAC,22215909
wrighde01,2021,SAC,9000000
baglema01,2021,SAC,8963640
foxde01,2021,SAC,8099627
parkeja01,2021,SAC,6500000
holmeri01,2021,SAC,5005350
halibty01,2021,SAC,3831840
harklma01,2021,SAC,3623000
kabenmf01,2021,SAC,2075880
whiteha01,2021,SAC,1620564
daviste02,2021,SAC,1517981
jamesju01,2021,SAC,1517981
silvach01,2021,SAC,1517981
woodaro01,2021,SAC,1500000
ramseja01,2021,SAC,1000000
robingl02,2021,SAC,930930
metuch01,2021,SAC,750000
jonesda03,2021,SAC,459961
pelleno01,2021,SAC,99020
kinglo02,2021,SAC,0
guyky01,2021,SAC,0
derozde01,2021,SAS,27739975
aldrila01,2021,SAS,16750000
gayru01,2021,SAS,14500000
murrade01,2021,SAS,14286000
millspa02,2021,SAS,13535714
poeltja01,2021,SAS,8101852
carrode01,2021,SAS,6119676
lylestr01,2021,SAS,5500000
vassede01,2021,SAS,4033440
whitede01,2021,SAS,3516284
walkelo01,2021,SAS,2892000
samanlu01,2021,SAS,2824320
johnske04,2021,SAS,2048040
chrisma01,2021,SAS,1824003
eubandr01,2021,SAS,1620564
jeffrda01,2021,SAS,1445697
dienggo01,2021,SAS,1000000
jonestr01,2021,SAS,898310
reynoca01,2021,SAS,110998
weathqu01,2021,SAS,0
bateske01,2021,SAS,0
siakapa01,2021,TOR,30559200
lowryky01,2021,TOR,30500000
vanvlfr01,2021,TOR,21250000
hoodro01,2021,TOR,10047450
baynear01,2021,TOR,7000000
bouchch01,2021,TOR,6500000
mccawpa01,2021,TOR,4000000
anunoog01,2021,TOR,3872215
johnsst04,2021,TOR,3804150
lenal01,2021,TOR,2258000
flynnma01,2021,TOR,1950600
bembrde01,2021,TOR,1737145
trentga02,2021,TOR,1663861
watsopa01,2021,TOR,1445697
birchkh01,2021,TOR,410691
watanyu01,2021,TOR,321893
brissos01,2021,TOR,300000
gillefr01,2021,TOR,239959
ellenhe01,2021,TOR,160998
halldo01,2021,TOR,99020
harrija01,2021,TOR,0
conlemi01,2021,UTA,34504132
goberru01,2021,UTA,27525281
bogdabo02,2021,UTA,17661000
clarkjo01,2021,UTA,11500000
inglejo01,2021,UTA,10863637
favorde01,2021,UTA,9258000
onealro01,2021,UTA,8500000
mitchdo01,2021,UTA,5195501
azubuud01,2021,UTA,1977000
niangge01,2021,UTA,1783557
thomama02,2021,UTA,1517981
onimi01,2021,UTA,1517981
morgaju01,2021,UTA,1517981
hugheel01,2021,UTA,898310
harrish01,2021,UTA,770433
ilyaser01,2021,UTA,754783
forretr01,2021,UTA,0
brantja01,2021,UTA,0
westbru01,2021,WAS,41358814
bealbr01,2021,WAS,28751774
bertada01,2021,WAS,15000000
bryanth01,2021,WAS,8333333
lopezro01,2021,WAS,7300000
smithis01,2021,WAS,6000000
hachiru01,2021,WAS,4692840
avdijde01,2021,WAS,4469160
robinje01,2021,WAS,3737520
hutchch01,2021,WAS,2443440
bongais01,2021,WAS,1663861
netora01,2021,WAS,1620564
gaffoda01,2021,WAS,1517981
lenal01,2021,WAS,1265372
gillan01,2021,WAS,898310
pasecan01,2021,WAS,374297
belljo01,2021,WAS,221996
homesca01,2021,WAS,20000
mathega01,2021,WAS,0
winstca01,2021,WAS,0
parsoch01,2020,ATL,25102511
teaguje01,2020,ATL,19000000
capelca01,2020,ATL,14896552
dedmode01,2020,ATL,13333333
huntede01,2020,ATL,7068360
youngtr01,2020,ATL,6273000
reddica01,2020,ATL,4245720
collijo01,2020,ATL,2686560
huertke01,2020,ATL,2636280
bembrde01,2020,ATL,2603982
hilarne01,2020,ATL,2564753
cartevi01,2020,ATL,2564753
labissk01,2020,ATL,2338847
jonesda03,2020,ATL,2305057
grahatr01,2020,ATL,1645357
waltode01,2020,ATL,1445697
fernabr01,2020,ATL,1400000
goodwbr01,2020,ATL,522738
wallaty01,2020,ATL,502491
adamsja01,2020,ATL,100000
watsopa01,2020,ATL,50752
brownch02,2020,ATL,0
walkeke02,2020,BOS,32742000
haywago01,2020,BOS,32700690
smartma01,2020,BOS,11768879
tatumja01,2020,BOS,7830000
brownja02,2020,BOS,6534829
theisda01,2020,BOS,5000000
kanteen01,2020,BOS,4767000
langfro01,2020,BOS,3458400
poirivi01,2020,BOS,2505793
willigr01,2020,BOS,2379840
williro04,2020,BOS,1937520
ojelese01,2020,BOS,1618520
wanambr01,2020,BOS,1355341
edwarca01,2020,BOS,1228026
yabusgu01,2020,BOS,1039080
greenja02,2020,BOS,898310
strusma01,2020,BOS,415414
jacksde01,2020,BOS,92857
watertr01,2020,BOS,0
fallta01,2020,BOS,0
duranke01,2020,BRK,37199000
irvinky01,2020,BRK,31742000
dinwisp01,2020,BRK,10605600
jordade01,2020,BRK,9881598
harrijo01,2020,BRK,7666667
willide01,2020,BRK,5474787
templga01,2020,BRK,4767000
princta02,2020,BRK,3481986
leverca01,2020,BRK,2625718
chandwi01,2020,BRK,2564753
allenja01,2020,BRK,2376840
musadz01,2020,BRK,1911600
kurucro01,2020,BRK,1699236
nwabada01,2020,BRK,1678854
claxtni01,2020,BRK,898310
luwawti01,2020,BRK,844170
shumpim01,2020,BRK,419443
anderju01,2020,BRK,294432
crawfja01,2020,BRK,289803
thomala01,2020,BRK,262152
johnsty01,2020,BRK,212753
halldo01,2020,BRK,101504
martije02,2020,BRK,0
chiozch01,2020,BRK,0
porteot01,2020,CHI,27250576
lavinza01,2020,CHI,19500000
youngth01,2020,CHI,12900000
satorto01,2020,CHI,9375000
feliccr01,2020,CHI,8156500
dunnkr01,2020,CHI,5348007
whiteco01,2020,CHI,5307120
markkla01,2020,CHI,5300400
cartewe01,2020,CHI,5201400
valende01,2020,CHI,3377569
asikom01,2020,CHI,3000000
arcidry01,2020,CHI,3000000
hutchch01,2020,CHI,2332320
kornelu01,2020,CHI,2250000
blakean01,2020,CHI,1488231
harrish01,2020,CHI,898310
gaffoda01,2020,CHI,898310
mokokad01,2020,CHI,0
strusma01,2020,CHI,0
batumni01,2020,CHO,25565217
roziete01,2020,CHO,19894737
biyombi01,2020,CHO,17000000
zelleco01,2020,CHO,14471910
willima02,2020,CHO,14049901
kiddgmi01,2020,CHO,12189237
monkma01,2020,CHO,4028400
washipj01,2020,CHO,3831840
bridgmi02,2020,CHO,3755400
hernawi01,2020,CHO,1676735
bacondw01,2020,CHO,1618520
grahade01,2020,CHO,1416852
martico01,2020,CHO,1173310
mcdanja01,2020,CHO,898310
martica02,2020,CHO,842166
chealjo01,2020,CHO,163356
simmoko01,2020,CHO,0
spaldra01,2020,CHO,0
loveke01,2020,CLE,28942830
drumman01,2020,CLE,27093019
thomptr01,2020,CLE,18539130
nancela02,2020,CLE,12727273
dellama01,2020,CLE,9607500
exumda01,2020,CLE,9600000
garlada01,2020,CLE,6400920
sextoco01,2020,CLE,4764960
osmande01,2020,CLE,2907143
mckinal01,2020,CLE,2391985
zizican01,2020,CLE,2281800
windldy01,2020,CLE,2035800
smithjr01,2020,CLE,1456667
porteke02,2020,CLE,1290960
wadede01,2020,CLE,375000
belljo01,2020,CLE,250000
cookty01,2020,CLE,151504
macurjp01,2020,CLE,106184
mcclesh01,2020,CLE,91557
newmama01,2020,CLE,65978
boldema01,2020,CLE,50752
pointsi01,2020,CLE,50752
moonema01,2020,CLE,0
porzikr01,2020,DAL,27285000
hardati02,2020,DAL,18150000
leeco01,2020,DAL,12759670
poweldw01,2020,DAL,10259375
wrighde01,2020,DAL,9473684
klebima01,2020,DAL,8000000
doncilu01,2020,DAL,7683360
curryse01,2020,DAL,7461380
finnedo01,2020,DAL,4000000
marjabo01,2020,DAL,3500000
jacksju01,2020,DAL,3280920
bareajo01,2020,DAL,2564753
caulewi01,2020,DAL,2177483
pattoju01,2020,DAL,1620564
brunsja01,2020,DAL,1416852
broekry01,2020,DAL,1416852
kiddgmi01,2020,DAL,810763
burketr01,2020,DAL,229220
clevean01,2020,DAL,0
reavejo02,2020,DAL,0
millspa01,2020,DEN,30500000
jokicni01,2020,DEN,26573595
harriga01,2020,DEN,17839286
plumlma01,2020,DEN,14041096
bartowi01,2020,DEN,12776786
grantje01,2020,DEN,9346153
murraja01,2020,DEN,4444746
portemi01,2020,DEN,3389400
greenge01,2020,DEN,2564753
vonleno01,2020,DEN,2000000
craigto01,2020,DEN,2000000
morrimo01,2020,DEN,1588231
bateske01,2020,DEN,1416852
cancavl01,2020,DEN,898310
danietr01,2020,DEN,481000
doziepj01,2020,DEN,183115
cookty01,2020,DEN,0
bolbo01,2020,DEN,0
griffbl01,2020,DET,34234964
jacksre01,2020,DET,17286956
knighbr03,2020,DET,15643750
snellto01,2020,DET,11392857
hensojo01,2020,DET,9732396
gallola01,2020,DET,7333333
rosede01,2020,DET,7317073
smithjo03,2020,DET,5331729
kennalu01,2020,DET,3827160
makerth01,2020,DET,3569643
doumbse01,2020,DET,3285120
morrima02,2020,DET,2241808
fraziti01,2020,DET,1882867
woodch01,2020,DET,1645357
mcraejo01,2020,DET,1645357
thomakh01,2020,DET,1416852
brownbr01,2020,DET,1416852
mykhasv01,2020,DET,1416852
johnsjo02,2020,DET,220000
halldo01,2020,DET,101504
waltode01,2020,DET,81678
kinglo02,2020,DET,0
bonejo01,2020,DET,0
curryst01,2020,GSW,40231758
thompkl01,2020,GSW,32742000
wiggian01,2020,GSW,27504630
greendr01,2020,GSW,18539130
looneke01,2020,GSW,4464286
poolejo01,2020,GSW,1964760
chrisma01,2020,GSW,1413272
smailal01,2020,GSW,898310
pascher01,2020,GSW,898310
leeda03,2020,GSW,842327
livinsh01,2020,GSW,666667
bowmaky01,2020,GSW,350189
toscaju01,2020,GSW,350189
muldemy01,2020,GSW,238534
bendedr01,2020,GSW,189702
randlch01,2020,GSW,91557
pargoje01,2020,GSW,91557
norveza01,2020,GSW,50752
westbru01,2020,HOU,38506482
hardeja01,2020,HOU,38199000
gordoer01,2020,HOU,14057730
covinro01,2020,HOU,11301219
tuckepj01,2020,HOU,8349039
houseda01,2020,HOU,3540000
sefolth01,2020,HOU,2564753
chandty01,2020,HOU,2564753
riverau01,2020,HOU,2174318
mclembe01,2020,HOU,2028594
cabocbr01,2020,HOU,1845301
harteis01,2020,HOU,1416852
nwabada01,2020,HOU,903111
greenje02,2020,HOU,840427
carrode01,2020,HOU,811447
clarkga01,2020,HOU,708426
clemoch01,2020,HOU,563347
anderry01,2020,HOU,500000
mbahalu01,2020,HOU,289803
willitr02,2020,HOU,122741
bennean01,2020,HOU,6000
howarwi01,2020,HOU,0
frazimi01,2020,HOU,0
oladivi01,2020,IND,21000000
brogdma01,2020,IND,20000000
turnemy01,2020,IND,17500000
warretj01,2020,IND,10810000
lambje01,2020,IND,10500000
mcderdo01,2020,IND,7333334
holidju01,2020,IND,4767000
sabondo01,2020,IND,3529555
mccontj01,2020,IND,3500000
bitadgo01,2020,IND,2816760
leaftj01,2020,IND,2813280
ellismo01,2020,IND,2245400
holidaa01,2020,IND,2239200
sumneed01,2020,IND,2000000
sampsja02,2020,IND,1737145
johnsal02,2020,IND,1416852
mitrona01,2020,IND,0
bowenbr02,2020,IND,0
georgpa01,2020,LAC,33005556
leonaka01,2020,LAC,32742000
morrima03,2020,LAC,15000000
beverpa01,2020,LAC,12345679
willilo02,2020,LAC,8000000
zubaciv01,2020,LAC,6481482
harremo01,2020,LAC,6000000
mcgruro01,2020,LAC,4807693
greenja01,2020,LAC,4767000
pattepa01,2020,LAC,2331593
thomais02,2020,LAC,2320044
shamela01,2020,LAC,1995120
kabenmf01,2020,LAC,1977000
mannte01,2020,LAC,1000000
jacksre01,2020,LAC,734025
noahjo01,2020,LAC,434704
pattoju01,2020,LAC,183115
motlejo01,2020,LAC,0
coffeam01,2020,LAC,0
jamesle01,2020,LAL,37436858
davisan02,2020,LAL,27093019
greenda02,2020,LAL,14634146
caldwke01,2020,LAL,8089282
denglu01,2020,LAL,5000000
bradlav01,2020,LAL,4767000
mcgeeja01,2020,LAL,4000000
couside01,2020,LAL,3500000
cookqu01,2020,LAL,3000000
carusal01,2020,LAL,2750000
dudleja01,2020,LAL,2564753
rondora01,2020,LAL,2564753
howardw01,2020,LAL,2564753
danietr01,2020,LAL,2028594
kuzmaky01,2020,LAL,1974600
morrima02,2020,LAL,1750000
hortota01,2020,LAL,898310
waitedi01,2020,LAL,503656
smithjr01,2020,LAL,289803
jacksde01,2020,LAL,18312
caroljo01,2020,LAL,6000
antetko01,2020,LAL,0
cacokde01,2020,LAL,0
dienggo01,2020,MEM,16229213
valanjo01,2020,MEM,16000000
winslju01,2020,MEM,13000000
plumlmi01,2020,MEM,12500000
waitedi01,2020,MEM,12100000
anderky01,2020,MEM,9073050
moranja01,2020,MEM,8730240
jonesty01,2020,MEM,8400000
jacksjo02,2020,MEM,7059480
jacksja02,2020,MEM,6927480
howardw01,2020,MEM,3039097
gudurma01,2020,MEM,2625000
clarkbr01,2020,MEM,2478840
allengr01,2020,MEM,2277563
bradlav01,2020,MEM,2000000
belljo01,2020,MEM,1620564
brookdi01,2020,MEM,1618520
meltode01,2020,MEM,1416852
johnsda04,2020,MEM,459414
tollian01,2020,MEM,434704
rabbiv01,2020,MEM,371758
portejo01,2020,MEM,197933
hannadu01,2020,MEM,81678
uthofja01,2020,MEM,81678
konchjo01,2020,MEM,0
watanyu01,2020,MEM,0
butleji01,2020,MIA,32742000
dragigo01,2020,MIA,19217900
iguodan01,2020,MIA,17185185
hillso01,2020,MIA,12758781
olynyke01,2020,MIA,11667885
leoname01,2020,MIA,11286515
crowdja01,2020,MIA,7815533
anderry01,2020,MIA,5214583
herroty01,2020,MIA,3640200
adebaba01,2020,MIA,3454080
hasleud01,2020,MIA,2564753
jonesde02,2020,MIA,1645357
nunnke01,2020,MIA,1416852
robindu01,2020,MIA,1416852
okpalkz01,2020,MIA,898310
silvach01,2020,MIA,466918
hammoaj01,2020,MIA,350087
matenya01,2020,MIA,100000
vincega01,2020,MIA,0
alexaky01,2020,MIA,0
middlkh01,2020,MIL,30603448
antetgi01,2020,MIL,25842697
bledser01,2020,MIL,15625000
lopezbr01,2020,MIL,12093024
hillge01,2020,MIL,10133907
ilyaser01,2020,MIL,7000000
lopezro01,2020,MIL,4767000
teletmi01,2020,MIL,3500000
leuerjo01,2020,MIL,3169348
wilsodj01,2020,MIL,2961120
divindo01,2020,MIL,2905800
korveky01,2020,MIL,2564753
matthwe02,2020,MIL,2564753
hawessp01,2020,MIL,2007058
sandela01,2020,MIL,1865547
connapa01,2020,MIL,1723050
bendedr01,2020,MIL,1678854
brownst02,2020,MIL,1618520
antetth01,2020,MIL,1445697
willima02,2020,MIL,956349
masonfr01,2020,MIL,0
reynoca01,2020,MIL,0
townska01,2020,MIN,27285000
russeda01,2020,MIN,27285000
turneev01,2020,MIN,18606557
crabbal01,2020,MIN,17818456
johnsja01,2020,MIN,15349400
culveja01,2020,MIN,5813640
laymaja01,2020,MIN,3581986
hernaju01,2020,MIN,3321030
beaslma01,2020,MIN,2731714
okogijo01,2020,MIN,2530680
evansja02,2020,MIN,1925880
spellom01,2020,MIN,1897800
vandeja01,2020,MIN,1416852
nowelja01,2020,MIN,1400000
reidna01,2020,MIN,898310
aldrico01,2020,MIN,685340
mclaujo01,2020,MIN,0
martike03,2020,MIN,0
holidjr01,2020,NOP,26131111
favorde01,2020,NOP,17650000
redicjj01,2020,NOP,13486300
willizi01,2020,NOP,9757440
balllo01,2020,NOP,8719320
mooreet01,2020,NOP,8664928
ingrabr01,2020,NOP,7265485
milleda01,2020,NOP,7250000
hayesja02,2020,NOP,4862040
mellini01,2020,NOP,4102564
alexani01,2020,NOP,2964840
hartjo01,2020,NOP,1934160
okafoja01,2020,NOP,1702486
jacksfr01,2020,NOP,1618520
willike04,2020,NOP,1416852
thornsi01,2020,NOP,183115
grayjo01,2020,NOP,0
cheatzy01,2020,NOP,0
randlju01,2020,NYK,18000000
portibo01,2020,NYK,15000000
harklma01,2020,NYK,11511234
gibsota01,2020,NYK,9800000
ellinwa01,2020,NYK,8000000
paytoel01,2020,NYK,8000000
barrerj01,2020,NYK,7839960
noahjo01,2020,NYK,6431666
ntilila01,2020,NYK,4855800
smithde03,2020,NYK,4463640
knoxke01,2020,NYK,4380120
bullore01,2020,NYK,4000000
trieral01,2020,NYK,3551100
dotsoda01,2020,NYK,1618520
robinmi01,2020,NYK,1559712
pinsoth01,2020,NYK,1445697
brazdig01,2020,NYK,898310
harpeja01,2020,NYK,0
wooteke01,2020,NYK,0
paulch01,2020,OKC,38506482
adamsst01,2020,OKC,25842697
gallida01,2020,OKC,22615559
schrode01,2020,OKC,15500000
roberan03,2020,OKC,10740741
gilgesh01,2020,OKC,3952920
fergute01,2020,OKC,2475840
bazleda01,2020,OKC,2284800
muscami01,2020,OKC,2028594
noelne01,2020,OKC,2028594
naderab01,2020,OKC,1618520
robyis01,2020,OKC,1500000
burtode02,2020,OKC,1416852
diallha01,2020,OKC,1416852
singlky01,2020,OKC,999200
pattepa01,2020,OKC,737067
dortlu01,2020,OKC,155647
herveke01,2020,OKC,0
hallde01,2020,OKC,0
vucevni01,2020,ORL,28000000
gordoaa01,2020,ORL,19863636
fournev01,2020,ORL,17000000
rosste01,2020,ORL,12500000
fultzma01,2020,ORL,9745200
aminual01,2020,ORL,9258000
augusdj01,2020,ORL,7250000
isaacjo01,2020,ORL,5806440
bambamo01,2020,ORL,5697600
mozgoti01,2020,ORL,5573333
birchkh01,2020,ORL,3000000
cartemi01,2020,ORL,2028594
ennisja01,2020,ORL,1882867
iwundwe01,2020,ORL,1618520
jeffeam01,2020,ORL,1519851
frazime01,2020,ORL,1416852
clarkga01,2020,ORL,718765
watsocj01,2020,ORL,333333
magetjo01,2020,ORL,81678
johnsbj01,2020,ORL,0
lawvi01,2020,ORL,0
harrito02,2020,PHI,32742000
horfoal01,2020,PHI,28000000
embiijo01,2020,PHI,27504630
richajo01,2020,PHI,10116576
simmobe01,2020,PHI,8113930
scottmi01,2020,PHI,4767000
smithzh01,2020,PHI,3058800
thybuma01,2020,PHI,2582160
burksal01,2020,PHI,2320044
burketr01,2020,PHI,2028594
oquinky01,2020,PHI,2028594
robingl02,2020,PHI,1882867
netora01,2020,PHI,1737145
boldejo01,2020,PHI,1698450
korkmfu01,2020,PHI,1620564
miltosh01,2020,PHI,1445697
pelleno01,2020,PHI,350189
shayoma01,2020,PHI,0
broekry01,2020,PHI,0
bookede01,2020,PHO,27285000
johnsty01,2020,PHO,19245370
rubiori01,2020,PHO,16200000
oubreke01,2020,PHO,15625000
aytonde01,2020,PHO,9562920
baynear01,2020,PHO,5453280
kaminfr01,2020,PHO,4767000
bridgmi01,2020,PHO,4161000
johnsca02,2020,PHO,4033440
saricda01,2020,PHO,3481986
korveky01,2020,PHO,3440000
jeromty01,2020,PHO,2193480
diallch01,2020,PHO,1678854
carteje01,2020,PHO,1416852
okoboel01,2020,PHO,1416852
lecquja01,2020,PHO,898310
payneca01,2020,PHO,196288
boldejo01,2020,PHO,81678
owensta01,2020,PHO,0
lillada01,2020,POR,29802321
mccolcj01,2020,POR,27556959
whiteha01,2020,POR,27093018
arizatr01,2020,POR,12200000
nurkiju01,2020,POR,12000000
hoodro01,2020,POR,5718000
colliza01,2020,POR,4240200
nichoan01,2020,POR,2844430
anthoca01,2020,POR,2159029
simonan01,2020,POR,2149560
littlna01,2020,POR,2105520
swanica01,2020,POR,2033160
varejan01,2020,POR,1913345
hezonma01,2020,POR,1737145
gabriwe01,2020,POR,1445697
trentga02,2020,POR,1416852
gasolpa01,2020,POR,463684
ezelife01,2020,POR,333333
adamsja01,2020,POR,163356
hoardja01,2020,POR,0
brownmo01,2020,POR,0
barneha02,2020,SAC,24147727
bazemke01,2020,SAC,19269662
josepco01,2020,SAC,12000000
baglema01,2020,SAC,8556120
bogdabo01,2020,SAC,8529386
bjeline01,2020,SAC,6825000
parkeja01,2020,SAC,6500000
foxde01,2020,SAC,6392760
hieldbu01,2020,SAC,4861208
holmeri01,2020,SAC,4767000
lenal01,2020,SAC,4160000
ferreyo01,2020,SAC,3150000
gilesha01,2020,SAC,2578800
tollian01,2020,SAC,2419852
barnema02,2020,SAC,2133541
jamesju01,2020,SAC,898310
breweco01,2020,SAC,289803
mikaer01,2020,SAC,50752
lydonty01,2020,SAC,50000
thompho01,2020,SAC,50000
ulisty01,2020,SAC,50000
jeffrda01,2020,SAC,0
derozde01,2020,SAS,27739975
aldrila01,2020,SAS,26000000
gayru01,2020,SAS,14000000
millspa02,2020,SAS,12428571
carrode01,2020,SAS,6842307
belinma01,2020,SAS,5846154
lylestr01,2020,SAS,5500000
gasolpa01,2020,SAS,5074856
poeltja01,2020,SAS,3754886
forbebr01,2020,SAS,2875000
walkelo01,2020,SAS,2760480
samanlu01,2020,SAS,2689920
murrade01,2020,SAS,2321735
johnske04,2020,SAS,1950600
whitede01,2020,SAS,1948080
metuch01,2020,SAS,1416852
zellety01,2020,SAS,245686
eubandr01,2020,SAS,0
weathqu01,2020,SAS,0
lowryky01,2020,TOR,33296296
gasolma01,2020,TOR,25595700
ibakase01,2020,TOR,23271604
powelno01,2020,TOR,10116576
vanvlfr01,2020,TOR,9346153
mccawpa01,2020,TOR,4000000
johnsst04,2020,TOR,3623000
holliro01,2020,TOR,2500000
siakapa01,2020,TOR,2351839
anunoog01,2020,TOR,2281800
millema01,2020,TOR,1588231
bouchch01,2020,TOR,1488967
hamilju01,2020,TOR,1000000
hernade01,2020,TOR,898310
daviste02,2020,TOR,898310
thomama02,2020,TOR,898310
payneca01,2020,TOR,150000
taylois01,2020,TOR,50000
brissos01,2020,TOR,0
watsopa01,2020,TOR,0
conlemi01,2020,UTA,32511623
goberru01,2020,UTA,25008427
bogdabo02,2020,UTA,17000000
clarkjo01,2020,UTA,13437500
inglejo01,2020,UTA,11207387
davised01,2020,UTA,4767000
mitchdo01,2020,UTA,3635760
greenje02,2020,UTA,2564753
bradlto01,2020,UTA,1962360
mudiaem01,2020,UTA,1737145
niangge01,2020,UTA,1678854
onealro01,2020,UTA,1618520
willini01,2020,UTA,1500000
onimi01,2020,UTA,842166
morgaju01,2020,UTA,746054
tuckera01,2020,UTA,578573
kiddst01,2020,UTA,250000
howarwi01,2020,UTA,50000
brantja01,2020,UTA,0
wrighju02,2020,UTA,0
walljo01,2020,WAS,38199000
bealbr01,2020,WAS,25399705
mahinia01,2020,WAS,15450051
milescj01,2020,WAS,8730158
bryanth01,2020,WAS,8000000
bertada01,2020,WAS,7000000
smithis01,2020,WAS,6000000
hachiru01,2020,WAS,4469160
robinje01,2020,WAS,3567720
browntr01,2020,WAS,3219480
wagnemo01,2020,WAS,2063520
napiesh01,2020,WAS,1845301
bongais01,2020,WAS,1416852
paytoga02,2020,WAS,1090781
schofad01,2020,WAS,1000000
simmojo02,2020,WAS,1000000
pasecan01,2020,WAS,482144
robinju01,2020,WAS,395866
jonesje01,2020,WAS,199000
grantje02,2020,WAS,196288
uthofja01,2020,WAS,163356
willijo04,2020,WAS,106181
mathega01,2020,WAS,0
anthoca01,2019,ATL,25534253
bazemke01,2019,ATL,18089887
linje01,2019,ATL,13071063
plumlmi01,2019,ATL,12500000
dedmode01,2019,ATL,7200000
youngtr01,2019,ATL,5356440
lenal01,2019,ATL,4350000
princta02,2019,ATL,2526840
anderju01,2019,ATL,2516048
cartevi01,2019,ATL,2393887
crawfja01,2019,ATL,2304226
collijo01,2019,ATL,2299080
huertke01,2019,ATL,2250960
bembrde01,2019,ATL,1634640
spellom01,2019,ATL,1620480
hamilda02,2019,ATL,1349383
birdja01,2019,ATL,1349383
adamsja01,2019,ATL,236854
davisde01,2019,ATL,196553
zellety01,2019,ATL,106974
johnsbj01,2019,ATL,94742
humphis01,2019,ATL,47371
siberjo01,2019,ATL,47371
poythal01,2019,ATL,0
haywago01,2019,BOS,31214295
horfoal01,2019,BOS,28928710
irvinky01,2019,BOS,20099189
smartma01,2019,BOS,11660716
tatumja01,2019,BOS,6700800
morrima03,2019,BOS,5375000
baynear01,2019,BOS,5193600
brownja02,2019,BOS,5169960
roziete01,2019,BOS,3050390
yabusgu01,2019,BOS,2667600
williro04,2019,BOS,1654440
ojelese01,2019,BOS,1378242
theisda01,2019,BOS,1378242
wanambr01,2019,BOS,838464
monrogr01,2019,BOS,122344
jacksde01,2019,BOS,92857
gibsojo01,2019,BOS,17092
hunterj01,2019,BOS,0
doziepj01,2019,BOS,0
howardw01,2019,BRK,18919725
crabbal01,2019,BRK,18500000
carrode01,2019,BRK,15400000
farieke01,2019,BRK,13764045
dudleja01,2019,BRK,9530000
harrijo01,2019,BRK,8333333
russeda01,2019,BRK,7019698
willide01,2019,BRK,5474787
davised01,2019,BRK,4449000
holliro01,2019,BRK,2470357
monrogr01,2019,BRK,2165481
allenja01,2019,BRK,2034120
napiesh01,2019,BRK,1942422
leverca01,2019,BRK,1702800
dinwisp01,2019,BRK,1656092
musadz01,2019,BRK,1632240
kurucro01,2019,BRK,1618320
grahatr01,2019,BRK,1512601
creekmi01,2019,BRK,94742
mccalta01,2019,BRK,47371
pinsoth01,2019,BRK,4737
willial03,2019,BRK,0
porteot01,2019,CHI,26011913
lavinza01,2019,CHI,19500000
lopezro01,2019,CHI,14357750
asikom01,2019,CHI,11286516
feliccr01,2019,CHI,8470980
markkla01,2019,CHI,4536120
cartewe01,2019,CHI,4441200
dunnkr01,2019,CHI,4221000
payneca01,2019,CHI,3263295
anthoca01,2019,CHI,2393887
valende01,2019,CHI,2280600
hutchch01,2019,CHI,1991520
brookma01,2019,CHI,1656092
luwawti01,2019,CHI,1544951
seldewa01,2019,CHI,1544951
blakean01,2019,CHI,1349383
arcidry01,2019,CHI,1349383
harrish01,2019,CHI,1311265
cartemi01,2019,CHI,1200000
lemonwa01,2019,CHI,99107
sampsja02,2019,CHI,88531
sampsbr01,2019,CHI,0
alkinra01,2019,CHI,0
batumni01,2019,CHO,24000000
biyombi01,2019,CHO,17000000
willima02,2019,CHO,14087500
zelleco01,2019,CHO,13528090
kiddgmi01,2019,CHO,13000000
walkeke02,2019,CHO,12000000
lambje01,2019,CHO,7488372
parketo01,2019,CHO,5000000
kaminfr01,2019,CHO,3627842
monkma01,2019,CHO,3447480
bridgmi02,2019,CHO,3206640
macksh01,2019,CHO,2029463
hernawi01,2019,CHO,1544951
bacondw01,2019,CHO,1378242
grahade01,2019,CHO,988464
chealjo01,2019,CHO,0
macurjp01,2019,CHO,0
loveke01,2019,CLE,24119025
thomptr01,2019,CLE,17469565
smithjr01,2019,CLE,14720000
knighbr03,2019,CLE,14631250
clarkjo01,2019,CLE,12500000
hensojo01,2019,CLE,11327466
dellama01,2019,CLE,9607500
sextoco01,2019,CLE,4068600
chrisma01,2019,CLE,3206160
osmande01,2019,CLE,2775000
fryech01,2019,CLE,2393887
nancela02,2019,CLE,2272391
zizican01,2019,CLE,1952760
nwabada01,2019,CLE,1512601
taylois01,2019,CLE,950000
stausni01,2019,CLE,540472
mccawpa01,2019,CLE,323529
payneca01,2019,CLE,177062
simmoko01,2019,CLE,76236
blossja01,2019,CLE,0
adelde01,2019,CLE,0
hardati02,2019,DAL,17325000
leeco01,2019,DAL,12253780
randoza01,2019,DAL,11692308
poweldw01,2019,DAL,9631250
doncilu01,2019,DAL,6560640
porzikr01,2019,DAL,5697054
nowitdi01,2019,DAL,5000000
bareajo01,2019,DAL,3710850
jacksju01,2019,DAL,2807880
harride01,2019,DAL,2393887
mejrisa01,2019,DAL,2098196
burketr01,2019,DAL,1795015
finnedo01,2019,DAL,1544951
onuakch01,2019,DAL,1544951
klebima01,2019,DAL,1378242
brunsja01,2019,DAL,1230000
spaldra01,2019,DAL,838464
broekry01,2019,DAL,838464
larrite01,2019,DAL,6000
yanyudi01,2019,DAL,4737
maconda01,2019,DAL,0
antetko01,2019,DAL,0
millspa01,2019,DEN,29230769
jokicni01,2019,DEN,24605181
harriga01,2019,DEN,16517857
plumlma01,2019,DEN,12917808
bartowi01,2019,DEN,11830358
murraja01,2019,DEN,3499800
lylestr01,2019,DEN,3364249
portemi01,2019,DEN,2894160
hernaju01,2019,DEN,2166360
thomais02,2019,DEN,2029463
craigto01,2019,DEN,2000000
lydonty01,2019,DEN,1874640
beaslma01,2019,DEN,1773840
morrimo01,2019,DEN,1349383
vandeja01,2019,DEN,838464
youngni01,2019,DEN,311070
goodwbr01,2019,DEN,66319
terryem01,2019,DEN,35000
welshth01,2019,DEN,0
griffbl01,2019,DET,32088932
drumman01,2019,DET,25434263
jacksre01,2019,DET,17043478
leuerjo01,2019,DET,10002681
gallola01,2019,DET,7000000
smithis01,2019,DET,6000000
smithjo03,2019,DET,5331729
robingl02,2019,DET,4075000
kennalu01,2019,DET,3275280
makerth01,2019,DET,2799720
caldejo01,2019,DET,2393887
pachuza01,2019,DET,2393887
ellinwa01,2019,DET,2383076
ellenhe01,2019,DET,1857480
mykhasv01,2019,DET,1487694
brownbr01,2019,DET,838464
thomakh01,2019,DET,838464
lucaska01,2019,DET,0
whiteis01,2019,DET,0
curryst01,2019,GSW,37457154
duranke01,2019,GSW,30000000
thompkl01,2019,GSW,18988725
greendr01,2019,GSW,17469565
iguodan01,2019,GSW,16000000
livinsh01,2019,GSW,8307692
couside01,2019,GSW,5337000
jerebjo01,2019,GSW,2165481
evansja02,2019,GSW,1644240
looneke01,2019,GSW,1567007
cookqu01,2019,GSW,1544951
jonesda03,2019,GSW,1544951
belljo01,2019,GSW,1378242
mckinal01,2019,GSW,1349383
thompja02,2019,GSW,945126
bogutan01,2019,GSW,486892
derrima01,2019,GSW,0
leeda03,2019,GSW,0
paulch01,2019,HOU,35654150
hardeja01,2019,HOU,30421854
capelca01,2019,HOU,15293104
gordoer01,2019,HOU,13500375
shumpim01,2019,HOU,11011234
tuckepj01,2019,HOU,7969537
hilarne01,2019,HOU,3651480
greenge01,2019,HOU,2393887
riverau01,2019,HOU,1155323
farieke01,2019,HOU,917272
harteis01,2019,HOU,838464
clarkga01,2019,HOU,596873
qizh01,2019,HOU,506134
houseda01,2019,HOU,341830
joneste01,2019,HOU,198580
chiozch01,2019,HOU,137376
willitr02,2019,HOU,122741
nunnaja01,2019,HOU,76236
frazimi01,2019,HOU,23685
edwarvi01,2019,HOU,0
duvaltr01,2019,HOU,0
oladivi01,2019,IND,21000000
youngth01,2019,IND,13764045
evansty01,2019,IND,12400000
bogdabo02,2019,IND,10500000
collida01,2019,IND,10000000
josepco01,2019,IND,7945000
mcderdo01,2019,IND,7333334
oquinky01,2019,IND,4449000
jeffeal01,2019,IND,4000000
turnemy01,2019,IND,3410284
sabondo01,2019,IND,2659800
leaftj01,2019,IND,2407560
ellismo01,2019,IND,2245400
holidaa01,2019,IND,1911960
stausni01,2019,IND,1621415
baldwwa01,2019,IND,1544951
anigbik01,2019,IND,1378242
johnsal02,2019,IND,838464
matthwe02,2019,IND,737715
sumneed01,2019,IND,449794
moorebe01,2019,IND,160096
hicksst01,2019,IND,47371
reedda01,2019,IND,0
gallida01,2019,LAC,21587579
gortama01,2019,LAC,13565218
chandwi01,2019,LAC,12800562
willilo02,2019,LAC,8000000
templga01,2019,LAC,8000000
greenja01,2019,LAC,7666667
teodomi01,2019,LAC,6300000
harremo01,2019,LAC,6000000
ajincal01,2019,LAC,5285394
beverpa01,2019,LAC,5027028
mbahalu01,2019,LAC,4320500
beaslmi01,2019,LAC,3500000
gilgesh01,2019,LAC,3375360
robinje01,2019,LAC,3046200
shamela01,2019,LAC,1703640
mcgruro01,2019,LAC,1544951
zubaciv01,2019,LAC,1544951
evansja01,2019,LAC,1378242
thornsi01,2019,LAC,1378242
wallaty01,2019,LAC,1349383
delfica01,2019,LAC,650000
radulmi01,2019,LAC,252043
bibbsju01,2019,LAC,94742
motlejo01,2019,LAC,0
delgaan01,2019,LAC,0
jamesle01,2019,LAL,35654150
denglu01,2019,LAL,14354067
caldwke01,2019,LAL,12000000
rondora01,2019,LAL,9000000
balllo01,2019,LAL,7461960
ingrabr01,2019,LAL,5757120
muscami01,2019,LAL,5000000
stephla01,2019,LAL,4449000
bullore01,2019,LAL,2500000
chandty01,2019,LAL,2393887
mcgeeja01,2019,LAL,2393887
wagnemo01,2019,LAL,1762080
kuzmaky01,2019,LAL,1689840
hartjo01,2019,LAL,1655160
bongais01,2019,LAL,1000000
machasc01,2019,LAL,76236
ingraan01,2019,LAL,76236
jonesje01,2019,LAL,52108
carusal01,2019,LAL,0
willijo04,2019,LAL,0
conlemi01,2019,MEM,30521116
parsoch01,2019,MEM,24107258
valanjo01,2019,MEM,16539326
bradlav01,2019,MEM,12000000
anderky01,2019,MEM,8641000
milescj01,2019,MEM,8333333
jacksja02,2019,MEM,5915040
holidju01,2019,MEM,4384616
wrighde01,2019,MEM,2536898
casspom01,2019,MEM,2176260
noahjo01,2019,MEM,1731173
dorsety01,2019,MEM,1378242
zagorra01,2019,MEM,1378242
rabbiv01,2019,MEM,1378242
brookdi01,2019,MEM,1378242
carteje01,2019,MEM,838464
cabocbr01,2019,MEM,705361
johnsda04,2019,MEM,459414
harrian01,2019,MEM,200000
frankja01,2019,MEM,163296
zellety01,2019,MEM,64185
hannadu01,2019,MEM,47371
watanyu01,2019,MEM,0
washbju01,2019,MEM,0
boshch01,2019,MIA,26837720
whiteha01,2019,MIA,25434263
anderry01,2019,MIA,20421546
dragigo01,2019,MIA,18109175
johnsja01,2019,MIA,14651700
olynyke01,2019,MIA,12137527
waitedi01,2019,MIA,11550000
richajo01,2019,MIA,9367200
winslju01,2019,MIA,3448926
adebaba01,2019,MIA,2955840
hasleud01,2019,MIA,2393887
wadedw01,2019,MIA,2393887
jonesde02,2019,MIA,1512601
hammoaj01,2019,MIA,350088
cookech01,2019,MIA,76236
terryem01,2019,MIA,47371
matenya01,2019,MIA,14211
robindu01,2019,MIA,9474
nunnke01,2019,MIA,4737
antetgi01,2019,MIL,24157304
hillge01,2019,MIL,19000000
bledser01,2019,MIL,15000000
middlkh01,2019,MIL,13000000
mirotni01,2019,MIL,12500000
snellto01,2019,MIL,10607143
ilyaser01,2019,MIL,7000000
teletmi01,2019,MIL,3500000
meeksjo01,2019,MIL,3454500
lopezbr01,2019,MIL,3382000
wilsodj01,2019,MIL,2534280
divindo01,2019,MIL,2481000
hawessp01,2019,MIL,2007058
sandela01,2019,MIL,1865547
connapa01,2019,MIL,1641000
brogdma01,2019,MIL,1544951
brownst02,2019,MIL,1378242
gasolpa01,2019,MIL,527467
fraziti01,2019,MIL,210692
canaais01,2019,MIL,99290
colsobo01,2019,MIL,0
wiggian01,2019,MIN,25467250
teaguje01,2019,MIN,19000000
dienggo01,2019,MIN,15170787
gibsota01,2019,MIN,14000000
covinro01,2019,MIN,10464092
bayleje01,2019,MIN,8575916
townska01,2019,MIN,7839435
tollian01,2019,MIN,5750000
saricda01,2019,MIN,2526840
jonesty01,2019,MIN,2444053
denglu01,2019,MIN,2393887
rosede01,2019,MIN,2176260
okogijo01,2019,MIN,2160720
martike02,2019,MIN,1360304
bateske01,2019,MIN,838464
aldrico01,2019,MIN,685341
nunnaja01,2019,MIN,655632
reynoca01,2019,MIN,203695
canaais01,2019,MIN,198580
creekmi01,2019,MIN,56845
terreja01,2019,MIN,0
willicj01,2019,MIN,0
holidjr01,2019,NOP,25976111
davisan02,2019,NOP,25434262
hillso01,2019,NOP,12252928
mooreet01,2019,NOP,8808685
randlju01,2019,NOP,8641000
morrima02,2019,NOP,8600000
smithja02,2019,NOP,5450000
johnsst04,2019,NOP,3940402
paytoel01,2019,NOP,3000000
milleda01,2019,NOP,2205000
clarkia01,2019,NOP,1757429
fraziti01,2019,NOP,1621415
okafoja01,2019,NOP,1567007
diallch01,2019,NOP,1544951
woodch01,2019,NOP,1512601
jacksfr01,2019,NOP,1378242
willike04,2019,NOP,838464
bertada02,2019,NOP,194220
greenga02,2019,NOP,50000
willitr02,2019,NOP,34183
bluietr01,2019,NOP,0
jordade01,2019,NYK,22897200
kanteen01,2019,NYK,18622514
matthwe02,2019,NYK,18622514
noahjo01,2019,NYK,18530000
thomala01,2019,NYK,7119650
hezonma01,2019,NYK,6500000
bakerro01,2019,NYK,4544400
mudiaem01,2019,NYK,4294480
ntilila01,2019,NYK,4155720
smithde03,2019,NYK,3819960
knoxke01,2019,NYK,3739920
trieral01,2019,NYK,3382000
vonleno01,2019,NYK,1621415
kornelu01,2019,NYK,1619260
robinmi01,2019,NYK,1485440
dotsoda01,2019,NYK,1378242
jenkijo01,2019,NYK,585810
ellenhe01,2019,NYK,427289
garrebi01,2019,NYK,42634
allenka01,2019,NYK,0
hicksis01,2019,NYK,0
westbru01,2019,OKC,35654150
georgpa01,2019,OKC,30560700
adamsst01,2019,OKC,24157304
schrode01,2019,OKC,15500000
roberan03,2019,OKC,10000000
grantje01,2019,OKC,8653847
pattepa01,2019,OKC,5451600
abrinal01,2019,OKC,3575183
feltora01,2019,OKC,2393887
fergute01,2019,OKC,2118840
noelne01,2019,OKC,1757429
naderab01,2019,OKC,1378242
singlky01,2019,OKC,999200
diallha01,2019,OKC,838464
morrima02,2019,OKC,573295
burtode02,2019,OKC,151587
hopsosc01,2019,OKC,85458
solomri01,2019,OKC,47371
grantdo01,2019,OKC,0
evansja01,2019,OKC,0
gordoaa01,2019,ORL,21590909
fournev01,2019,ORL,17000000
mozgoti01,2019,ORL,16000000
vucevni01,2019,ORL,12750000
rosste01,2019,ORL,10500000
fultzma01,2019,ORL,8339880
augusdj01,2019,ORL,7250000
isaacjo01,2019,ORL,4969080
bambamo01,2019,ORL,4865040
grantje02,2019,ORL,2639314
martija01,2019,ORL,2416222
iwundwe01,2019,ORL,1378242
birchkh01,2019,ORL,1378242
frazime01,2019,ORL,1050000
macksh01,2019,ORL,1000000
briscis01,2019,ORL,838464
watsocj01,2019,ORL,333333
cartemi01,2019,ORL,268083
caupatr01,2019,ORL,0
jeffeam01,2019,ORL,0
embiijo01,2019,PHI,25467250
butleji01,2019,PHI,20445779
harrito02,2019,PHI,14800000
redicjj01,2019,PHI,12250000
marjabo01,2019,PHI,7000000
simmobe01,2019,PHI,6434520
simmojo02,2019,PHI,6000000
scottmi01,2019,PHI,4320500
pattoju01,2019,PHI,2667600
smithzh01,2019,PHI,2611800
johnsam01,2019,PHI,2393887
korkmfu01,2019,PHI,1740000
boldejo01,2019,PHI,1690000
ennisja01,2019,PHI,1621415
mccontj01,2019,PHI,1600520
richama01,2019,PHI,1569360
breweco01,2019,PHI,270496
monrogr01,2019,PHI,59820
miltosh01,2019,PHI,0
highsha01,2019,PHI,0
johnsty01,2019,PHO,19245370
riverau01,2019,PHO,12000000
warretj01,2019,PHO,11750000
chandty01,2019,PHO,11475133
aytonde01,2019,PHO,8165160
arthuda01,2019,PHO,7464912
ellinwa01,2019,PHO,6270000
jacksjo02,2019,PHO,6041520
bendedr01,2019,PHO,4661280
bridgmi01,2019,PHO,3552960
bookede01,2019,PHO,3314365
danietr01,2019,PHO,3258539
oubreke01,2019,PHO,3208630
crawfja01,2019,PHO,2393887
holmeri01,2019,PHO,1600520
reedda01,2019,PHO,1378242
okoboel01,2019,PHO,1238464
meltode01,2019,PHO,949000
canaais01,2019,PHO,456733
moreler01,2019,PHO,239035
spaldra01,2019,PHO,232117
acyqu01,2019,PHO,213948
fredeji01,2019,PHO,198580
harrish01,2019,PHO,50000
terryem01,2019,PHO,47371
kingge03,2019,PHO,0
lillada01,2019,POR,27977689
mccolcj01,2019,POR,25759766
turneev01,2019,POR,17868853
nurkiju01,2019,POR,11111111
harklma01,2019,POR,10837079
leoname01,2019,POR,10595506
aminual01,2019,POR,6957105
colliza01,2019,POR,3628920
hoodro01,2019,POR,3472888
nichoan01,2019,POR,2844430
curryse01,2019,POR,2795000
varejan01,2019,POR,1913345
simonan01,2019,POR,1835520
laymaja01,2019,POR,1544951
labissk01,2019,POR,1544951
trentga02,2019,POR,838464
kanteen01,2019,POR,653556
ezelife01,2019,POR,333333
barneha02,2019,SAC,24107258
burksal01,2019,SAC,11536515
bogdabo01,2019,SAC,9000000
koufoko01,2019,SAC,8739500
baglema01,2019,SAC,7305600
bjeline01,2019,SAC,6500000
foxde01,2019,SAC,5470920
mclembe01,2019,SAC,5460000
caulewi01,2019,SAC,4696875
hieldbu01,2019,SAC,3833760
ferreyo01,2019,SAC,3000000
breweco01,2019,SAC,2270496
gilesha01,2019,SAC,2207040
barnema02,2019,SAC,2133542
papagge01,2019,SAC,2000400
swanica01,2019,SAC,1740000
davisde01,2019,SAC,1544951
masonfr01,2019,SAC,1378242
butleca01,2019,SAC,517219
dempsco01,2019,SAC,47371
johnsbj01,2019,SAC,47371
gabriwe01,2019,SAC,0
willitr02,2019,SAC,0
derozde01,2019,SAS,27739975
aldrila01,2019,SAS,22347015
gasolpa01,2019,SAS,15925144
millspa02,2019,SAS,11571429
gayru01,2019,SAS,10087200
bertada01,2019,SAS,7000000
belinma01,2019,SAS,6153846
forbebr01,2019,SAS,3125000
poeltja01,2019,SAS,2947320
ginobma01,2019,SAS,2500000
cunnida01,2019,SAS,2487000
walkelo01,2019,SAS,2357160
pondequ01,2019,SAS,2165481
duncati01,2019,SAS,1881250
whitede01,2019,SAS,1667160
murrade01,2019,SAS,1544951
metuch01,2019,SAS,838464
motiedo01,2019,SAS,59820
eubandr01,2019,SAS,0
moorebe01,2019,SAS,0
lowryky01,2019,TOR,31200000
gasolma01,2019,TOR,24119025
leonaka01,2019,TOR,23114067
ibakase01,2019,TOR,21666667
greenda02,2019,TOR,10000000
powelno01,2019,TOR,9367200
vanvlfr01,2019,TOR,8653847
anunoog01,2019,TOR,1952760
siakapa01,2019,TOR,1544951
hamilju01,2019,TOR,1000000
brownlo01,2019,TOR,800000
mccawpa01,2019,TOR,786211
linje01,2019,TOR,697000
millema01,2019,TOR,457418
bouchch01,2019,TOR,457418
meeksjo01,2019,TOR,319677
moreler01,2019,TOR,106237
loydjo01,2019,TOR,0
goberru01,2019,UTA,23241573
favorde01,2019,UTA,16000000
rubiori01,2019,UTA,14975000
inglejo01,2019,UTA,13045455
exumda01,2019,UTA,9100000
korveky01,2019,UTA,7560000
crowdja01,2019,UTA,7305825
sefolth01,2019,UTA,5250000
udohek01,2019,UTA,3360000
mitchdo01,2019,UTA,3111480
netora01,2019,UTA,2150000
allengr01,2019,UTA,2074320
bradlto01,2019,UTA,1679520
niangge01,2019,UTA,1512601
onealro01,2019,UTA,1378242
mitrona01,2019,UTA,0
cavanty01,2019,UTA,0
bealbr01,2019,WAS,25434262
parkeja01,2019,WAS,20000000
walljo01,2019,WAS,19169800
mahinia01,2019,WAS,15944154
arizatr01,2019,WAS,15000000
johnswe01,2019,WAS,6134520
howardw01,2019,WAS,5337000
satorto01,2019,WAS,3129187
dekkesa01,2019,WAS,2760095
browntr01,2019,WAS,2749080
portibo01,2019,WAS,2494346
greenje02,2019,WAS,2393887
bryanth01,2019,WAS,1378242
randlch01,2019,WAS,991072
webstma02,2019,WAS,833333
whiteok01,2019,WAS,264919
bakerro01,2019,WAS,170915
jenkijo01,2019,WAS,99290
paytoga02,2019,WAS,85458
mcraejo01,2019,WAS,17092
phillta01,2019,WAS,9474
robinde01,2019,WAS,0
bazemke01,2018,ATL,16910113
schrode01,2018,ATL,15500000
plumlmi01,2018,ATL,12500000
crawfja01,2018,ATL,10942762
belinma01,2018,ATL,6306060
dedmode01,2018,ATL,6000000
ilyaser01,2018,ATL,5434282
muscami01,2018,ATL,5000000
delanma01,2018,ATL,2500000
jefferi01,2018,ATL,2500000
princta02,2018,ATL,2422560
collijo01,2018,ATL,1936920
dunlemi02,2018,ATL,1662500
bembrde01,2018,ATL,1567200
whiteok01,2018,ATL,1312611
taylois01,2018,ATL,1312611
stonedi01,2018,ATL,1312611
mcclesh01,2018,ATL,1312611
brussni01,2018,ATL,905249
dorsety01,2018,ATL,815615
cavanty01,2018,ATL,729919
clevean01,2018,ATL,225792
morrija01,2018,ATL,193536
leeda03,2018,ATL,138240
evansje01,2018,ATL,133129
cookqu01,2018,ATL,100000
liggide01,2018,ATL,26773
magetjo01,2018,ATL,0
whitean01,2018,ATL,0
haywago01,2018,BOS,29727900
horfoal01,2018,BOS,27734405
irvinky01,2018,BOS,18868625
tatumja01,2018,BOS,5645400
morrima03,2018,BOS,5000000
monrogr01,2018,BOS,5000000
brownja02,2018,BOS,4956480
smartma01,2018,BOS,4538020
baynear01,2018,BOS,4328000
yabusgu01,2018,BOS,2247480
roziete01,2018,BOS,1988520
larkish01,2018,BOS,1471382
ojelese01,2018,BOS,1291892
naderab01,2018,BOS,1167333
theisda01,2018,BOS,815615
jacksde01,2018,BOS,92858
eddieja01,2018,BOS,83129
silasxa01,2018,BOS,74159
gibsojo01,2018,BOS,44495
birdja01,2018,BOS,0
allenka01,2018,BOS,0
crabbal01,2018,BRK,19332500
mozgoti01,2018,BRK,15280000
carrode01,2018,BRK,14800000
linje01,2018,BRK,12000000
russeda01,2018,BRK,5562360
willide01,2018,BRK,5474787
okafoja01,2018,BRK,4995120
stausni01,2018,BRK,3807147
cunnida01,2018,BRK,2300000
allenja01,2018,BRK,1713720
acyqu01,2018,BRK,1709538
leverca01,2018,BRK,1632480
kilpase01,2018,BRK,1524305
harrijo01,2018,BRK,1524305
dinwisp01,2018,BRK,1524305
holliro01,2018,BRK,1471382
whiteis01,2018,BRK,1312611
ouattya01,2018,BRK,0
doylemi01,2018,BRK,0
webbja01,2018,BRK,0
wileyja01,2018,BRK,0
wadedw01,2018,CHI,15550000
lopezro01,2018,CHI,13788500
asikom01,2018,CHI,10595505
feliccr01,2018,CHI,7843500
holidju01,2018,CHI,4615385
dunnkr01,2018,CHI,4046760
pondequ01,2018,CHI,3853931
markkla01,2018,CHI,3821640
vonleno01,2018,CHI,3505233
lavinza01,2018,CHI,3202217
rondora01,2018,CHI,3000000
payneca01,2018,CHI,2203440
valende01,2018,CHI,2186400
kilpase01,2018,CHI,2163006
grantje02,2018,CHI,1713840
portibo01,2018,CHI,1516320
reedwi02,2018,CHI,1471382
allento01,2018,CHI,1471382
zipsepa01,2018,CHI,1312611
nwabada01,2018,CHI,1312611
feldeka01,2018,CHI,489448
canaais01,2018,CHI,200000
eddieja01,2018,CHI,100353
johnsja04,2018,CHI,87552
faircj02,2018,CHI,82944
stonedi01,2018,CHI,50000
blakean01,2018,CHI,0
arcidry01,2018,CHI,0
howardw01,2018,CHO,23500000
batumni01,2018,CHO,22434783
willima02,2018,CHO,13168750
kiddgmi01,2018,CHO,13000000
zelleco01,2018,CHO,12584270
walkeke02,2018,CHO,12000000
lambje01,2018,CHO,7000000
monkma01,2018,CHO,2904480
kaminfr01,2018,CHO,2847600
cartemi01,2018,CHO,2700000
stoneju01,2018,CHO,1524305
hernawi01,2018,CHO,1435750
grahatr01,2018,CHO,1312611
bacondw01,2018,CHO,815615
mathima01,2018,CHO,0
paigema01,2018,CHO,0
jamesle01,2018,CLE,33285709
loveke01,2018,CLE,22642350
hillge01,2018,CLE,20000000
thomptr01,2018,CLE,16400000
smithjr01,2018,CLE,13760000
clarkjo01,2018,CLE,11562500
korveky01,2018,CLE,7000000
osmande01,2018,CLE,2642857
hoodro01,2018,CLE,2386864
greenje02,2018,CLE,2116955
zizican01,2018,CLE,1645200
nancela02,2018,CLE,1471382
caldejo01,2018,CLE,1471382
rosede01,2018,CLE,1356709
whiteok01,2018,CLE,111238
thornma02,2018,CLE,46080
perkike01,2018,CLE,13156
perralo01,2018,CLE,0
hollajo02,2018,CLE,0
barneha02,2018,DAL,23112004
matthwe02,2018,DAL,17884176
poweldw01,2018,DAL,9003125
mcrobjo01,2018,DAL,6021175
nowitdi01,2018,DAL,5000000
noelne01,2018,DAL,4187599
bareajo01,2018,DAL,3903900
mcderdo01,2018,DAL,3294994
smithde03,2018,DAL,3218280
curryse01,2018,DAL,3028410
witheje01,2018,DAL,1577320
mejrisa01,2018,DAL,1471382
finnedo01,2018,DAL,1312611
ferreyo01,2018,DAL,1312611
klebima01,2018,DAL,815615
colliky01,2018,DAL,382464
mekelga01,2018,DAL,315760
harriaa01,2018,DAL,174571
hopsosc01,2018,DAL,74159
warneja01,2018,DAL,46080
jonesja04,2018,DAL,0
motlejo01,2018,DAL,0
clevean01,2018,DAL,0
clavegi01,2018,DAL,0
millspa01,2018,DEN,31269231
plumlma01,2018,DEN,14041096
farieke01,2018,DEN,12921348
chandwi01,2018,DEN,12016854
arthuda01,2018,DEN,7464912
nelsoja01,2018,DEN,4736050
harride01,2018,DEN,4402546
bartowi01,2018,DEN,3533333
murraja01,2018,DEN,3355320
harriga01,2018,DEN,2550055
lylestr01,2018,DEN,2441400
hernaju01,2018,DEN,2076840
beaslma01,2018,DEN,1700640
lydonty01,2018,DEN,1579440
jokicni01,2018,DEN,1471382
jefferi01,2018,DEN,1454756
morrimo01,2018,DEN,0
craigto01,2018,DEN,0
griffbl01,2018,DET,29727900
drumman01,2018,DET,23775506
jacksre01,2018,DET,16000000
leuerjo01,2018,DET,10497319
gallola01,2018,DET,6666667
smithis01,2018,DET,6000000
smithjo03,2018,DET,5331729
tollian01,2018,DET,3290000
johnsst04,2018,DET,3097800
ennisja01,2018,DET,3028410
kennalu01,2018,DET,2759280
bullore01,2018,DET,2500000
ellenhe01,2018,DET,1780800
moreler01,2018,DET,1739333
nelsoja01,2018,DET,1429818
buyckdw01,2018,DET,748160
gbinimi01,2018,DET,500000
udrihbe01,2018,DET,25000
montelu01,2018,DET,0
hearnre01,2018,DET,0
feldeka01,2018,DET,0
curryst01,2018,GSW,34682550
duranke01,2018,GSW,25000000
thompkl01,2018,GSW,17826150
greendr01,2018,GSW,16400000
iguodan01,2018,GSW,14814815
livinsh01,2018,GSW,7692308
youngni01,2018,GSW,5192000
pachuza01,2018,GSW,3477600
casspom01,2018,GSW,1471382
looneke01,2018,GSW,1471382
mcgeeja01,2018,GSW,1471382
westda01,2018,GSW,1471382
jonesda03,2018,GSW,1312611
mccawpa01,2018,GSW,1312611
thompja02,2018,GSW,945126
belljo01,2018,GSW,815615
cookqu01,2018,GSW,14832
bouchch01,2018,GSW,0
hardeja01,2018,HOU,28299399
paulch01,2018,HOU,24599495
anderry01,2018,HOU,19578455
gordoer01,2018,HOU,12943020
tuckepj01,2018,HOU,7590035
arizatr01,2018,HOU,7420912
hilarne01,2018,HOU,3477600
blackta01,2018,HOU,3290000
capelca01,2018,HOU,2334520
willitr02,2018,HOU,1471382
mbahalu01,2018,HOU,1471382
onuakch01,2018,HOU,1312611
brownbo02,2018,HOU,1230186
greenge01,2018,HOU,872854
qizh01,2018,HOU,815615
wrighbr03,2018,HOU,490461
johnsjo02,2018,HOU,473835
oliveca01,2018,HOU,300000
quartti01,2018,HOU,96406
jacksde01,2018,HOU,74159
canaais01,2018,HOU,53465
nashle01,2018,HOU,46080
johnsch04,2018,HOU,25000
jacksaa01,2018,HOU,4608
hunterj01,2018,HOU,0
weberbr01,2018,HOU,0
brownma02,2018,HOU,0
oladivi01,2018,IND,21000000
youngth01,2018,IND,14796348
bogdabo02,2018,IND,10500000
collida01,2018,IND,10000000
jeffeal01,2018,IND,9769821
josepco01,2018,IND,7630000
stephla01,2018,IND,4180000
turnemy01,2018,IND,2569920
sabondo01,2018,IND,2550000
ellismo01,2018,IND,2245400
leaftj01,2018,IND,2028360
robingl02,2018,IND,1524305
youngjo01,2018,IND,1471382
wilkida02,2018,IND,1016617
anigbik01,2018,IND,950000
poythal01,2018,IND,778668
booketr01,2018,IND,332516
chrisra01,2018,IND,172552
niangge01,2018,IND,100000
mckintr01,2018,IND,46080
uthofja01,2018,IND,7416
sumneed01,2018,IND,0
moorebe01,2018,IND,0
jordade01,2018,LAC,22642350
gallida01,2018,LAC,20559599
harrito02,2018,LAC,16000000
riverau01,2018,LAC,11825000
bradlav01,2018,LAC,8808989
marjabo01,2018,LAC,7000000
willilo02,2018,LAC,7000000
teodomi01,2018,LAC,6000000
johnswe01,2018,LAC,5881260
beverpa01,2018,LAC,5513514
dekkesa01,2018,LAC,1794600
harremo01,2018,LAC,1471382
piercpa01,2018,LAC,1096080
evansja01,2018,LAC,815615
thornsi01,2018,LAC,815615
delfica01,2018,LAC,650000
farmajo01,2018,LAC,510921
willicj01,2018,LAC,375000
radulmi01,2018,LAC,252043
kilpase01,2018,LAC,166258
wallaty01,2018,LAC,0
wilsoja02,2018,LAC,0
lopezbr01,2018,LAL,22642350
caldwke01,2018,LAL,17745894
denglu01,2018,LAL,17190000
fryech01,2018,LAL,7420912
breweco01,2018,LAL,6879366
balllo01,2018,LAL,6286560
thomais02,2018,LAL,6261395
ingrabr01,2018,LAL,5519400
randlju01,2018,LAL,4149242
ennisty01,2018,LAL,1524305
kuzmaky01,2018,LAL,1423560
hartjo01,2018,LAL,1394520
zubaciv01,2018,LAL,1312611
bogutan01,2018,LAL,1105123
bryanth01,2018,LAL,815615
weartr01,2018,LAL,296636
willide02,2018,LAL,83129
weberbr01,2018,LAL,50000
beachvj01,2018,LAL,50000
blueva01,2018,LAL,50000
hayesni01,2018,LAL,46080
ingraan01,2018,LAL,13824
paytoga02,2018,LAL,0
carusal01,2018,LAL,0
conlemi01,2018,MEM,28530608
parsoch01,2018,MEM,23112004
gasolma01,2018,MEM,22642350
greenja01,2018,MEM,8533333
mclembe01,2018,MEM,5200000
wrighbr03,2018,MEM,5179760
evansty01,2018,MEM,3290000
chalmma01,2018,MEM,2106407
baldwwa01,2018,MEM,1874400
martija01,2018,MEM,1471382
johnsbr02,2018,MEM,1331160
harrian01,2018,MEM,1312611
seldewa01,2018,MEM,1312611
davisde01,2018,MEM,1312611
zagorra01,2018,MEM,950000
rabbiv01,2018,MEM,950000
brookdi01,2018,MEM,815615
brookma01,2018,MEM,332477
frankja01,2018,MEM,163296
teaguma01,2018,MEM,157945
weberbr01,2018,MEM,83129
rathaxa01,2018,MEM,46080
johnsom01,2018,MEM,27648
simmoko01,2018,MEM,0
huntevi01,2018,MEM,0
henrymy01,2018,MEM,0
boshch01,2018,MIA,25289390
whiteha01,2018,MIA,23775506
dragigo01,2018,MIA,17000450
johnsja01,2018,MIA,13954000
waitedi01,2018,MIA,11000000
olynyke01,2018,MIA,10607169
ellinwa01,2018,MIA,6270000
johnsty01,2018,MIA,5881260
winslju01,2018,MIA,2705040
adebaba01,2018,MIA,2490360
babbilu01,2018,MIA,1974159
mickejo01,2018,MIA,1471382
richajo01,2018,MIA,1471382
wadedw01,2018,MIA,1471382
hasleud01,2018,MIA,1471382
mcgruro01,2018,MIA,1312611
hammoaj01,2018,MIA,1312611
jonesde02,2018,MIA,0
waltode01,2018,MIA,0
willima05,2018,MIA,0
antetgi01,2018,MIL,22471910
bledser01,2018,MIL,14500000
middlkh01,2018,MIL,14100000
hensojo01,2018,MIL,11422536
teletmi01,2018,MIL,10500000
snellto01,2018,MIL,9821429
dellama01,2018,MIL,9607500
parkeja01,2018,MIL,6782392
makerth01,2018,MIL,2684160
wilsodj01,2018,MIL,2135040
hawessp01,2018,MIL,2007059
sandela01,2018,MIL,1865547
zellety01,2018,MIL,1709538
terryja01,2018,MIL,1471382
brogdma01,2018,MIL,1312611
brownst02,2018,MIL,815615
kilpase01,2018,MIL,789725
liggide01,2018,MIL,757427
muhamsh01,2018,MIL,324203
jennibr01,2018,MIL,297169
munfoxa02,2018,MIL,0
paytoga02,2018,MIL,0
plumlma02,2018,MIL,0
mooreja02,2018,MIL,0
bolomjo01,2018,MIL,0
butleji01,2018,MIN,19301070
teaguje01,2018,MIN,19000000
dienggo01,2018,MIN,14112360
gibsota01,2018,MIN,14000000
wiggian01,2018,MIN,7574322
aldrico01,2018,MIN,7300000
townska01,2018,MIN,6216840
crawfja01,2018,MIN,4328000
bjeline01,2018,MIN,3949999
pattoju01,2018,MIN,2247480
jonesty01,2018,MIN,1471382
brookaa01,2018,MIN,1471382
martike02,2018,MIN,1360305
georgma01,2018,MIN,1312611
muhamsh01,2018,MIN,1238616
rosede01,2018,MIN,290951
jeffeam01,2018,MIN,4608
brownan02,2018,MIN,0
holidjr01,2018,NOP,25686667
davisan02,2018,NOP,23775506
couside01,2018,NOP,18063850
mirotni01,2018,NOP,12500000
hillso01,2018,NOP,12236535
mooreet01,2018,NOP,8445024
ajincal01,2018,NOP,4961798
rondora01,2018,NOP,3300000
milleda01,2018,NOP,2100000
vaughra01,2018,NOP,1889040
clarkia01,2018,NOP,1471382
diallch01,2018,NOP,1312611
jacksfr01,2018,NOP,815615
okafoem01,2018,NOP,774914
liggide01,2018,NOP,754378
crawfjo02,2018,NOP,308190
smithjo03,2018,NOP,210500
drewla02,2018,NOP,148318
lemonwa01,2018,NOP,92160
cookqu01,2018,NOP,25000
toupaax01,2018,NOP,25000
jamesmi02,2018,NOP,0
cookech01,2018,NOP,0
kanteen01,2018,NYK,20566802
noahjo01,2018,NYK,17765000
hardati02,2018,NYK,16500000
leeco01,2018,NYK,11747890
thomala01,2018,NYK,6655325
porzikr01,2018,NYK,4503600
bakerro01,2018,NYK,4328000
oquinky01,2018,NYK,4087500
ntilila01,2018,NYK,3501120
mudiaem01,2018,NYK,3381480
kuzmimi01,2018,NYK,3025035
obryajo01,2018,NYK,1524305
beaslmi01,2018,NYK,1471382
sessira01,2018,NYK,1471382
jackja01,2018,NYK,1471382
dotsoda01,2018,NYK,1100000
burketr01,2018,NYK,784160
willitr02,2018,NYK,370794
plumlma02,2018,NYK,100000
hayesni01,2018,NYK,50000
kornelu01,2018,NYK,0
hicksis01,2018,NYK,0
westbru01,2018,OKC,28530608
anthoca01,2018,OKC,26243760
adamsst01,2018,OKC,22471910
georgpa01,2018,OKC,19508958
roberan03,2018,OKC,9259259
abrinal01,2018,OKC,5725000
pattepa01,2018,OKC,5192000
singlky01,2018,OKC,4666500
pricero01,2018,OKC,2442455
collini01,2018,OKC,2328652
fergute01,2018,OKC,1785000
grantje01,2018,OKC,1524305
feltora01,2018,OKC,1471382
huestjo01,2018,OKC,1471382
johnsda04,2018,OKC,815615
breweco01,2018,OKC,340829
doziepj01,2018,OKC,0
hamilda02,2018,OKC,0
biyombi01,2018,ORL,17000000
fournev01,2018,ORL,17000000
vucevni01,2018,ORL,12250000
rosste01,2018,ORL,10500000
augusdj01,2018,ORL,7250000
simmojo02,2018,ORL,6300000
macksh01,2018,ORL,6000000
gordoaa01,2018,ORL,5504420
isaacjo01,2018,ORL,4186320
hezonma01,2018,ORL,4078320
afflaar01,2018,ORL,1471382
speigma01,2018,ORL,1471382
iwundwe01,2018,ORL,1050000
birchkh01,2018,ORL,815615
watsocj01,2018,ORL,333334
vaughra01,2018,ORL,166258
purviro01,2018,ORL,161280
paynead01,2018,ORL,0
artisja01,2018,ORL,0
redicjj01,2018,PHI,23000000
covinro01,2018,PHI,16698103
johnsam01,2018,PHI,11000000
bayleje01,2018,PHI,9000000
booketr01,2018,PHI,8725000
fultzma01,2018,PHI,7026240
simmobe01,2018,PHI,6168840
embiijo01,2018,PHI,6100266
saricda01,2018,PHI,2422560
anderju01,2018,PHI,1579440
holmeri01,2018,PHI,1471382
mccontj01,2018,PHI,1471382
korkmfu01,2018,PHI,1465920
luwawti01,2018,PHI,1386600
hendege02,2018,PHI,1000000
belinma01,2018,PHI,776217
pleisti01,2018,PHI,500000
ilyaser01,2018,PHI,357454
drewla02,2018,PHI,74159
youngja01,2018,PHI,0
pulleja01,2018,PHI,0
mcadoja01,2018,PHI,0
jacksde01,2018,PHI,0
monrogr01,2018,PHO,16384175
knighbr03,2018,PHO,13618750
chandty01,2018,PHO,13000000
dudleja01,2018,PHO,10000000
willial03,2018,PHO,6000000
jacksjo02,2018,PHO,5090040
bendedr01,2018,PHO,4468800
lenal01,2018,PHO,4187599
danietr01,2018,PHO,3408520
paytoel01,2018,PHO,3332340
warretj01,2018,PHO,3152931
chrisma01,2018,PHO,3073800
bookede01,2018,PHO,2319360
ulisty01,2018,PHO,1312611
canaais01,2018,PHO,997547
reedda01,2018,PHO,815615
barbole01,2018,PHO,500000
jonesde02,2018,PHO,400458
harrish01,2018,PHO,267160
grayjo01,2018,PHO,101376
jamesmi02,2018,PHO,87552
houseda01,2018,PHO,0
peteral01,2018,PHO,0
lillada01,2018,POR,26153057
mccolcj01,2018,POR,23962573
turneev01,2018,POR,17131148
harklma01,2018,POR,10162922
leoname01,2018,POR,9904495
aminual01,2018,POR,7319035
davised01,2018,POR,6352531
colliza01,2018,POR,3057240
nurkiju01,2018,POR,2947305
nichoan01,2018,POR,2844429
napiesh01,2018,POR,2361360
varejan01,2018,POR,1913345
connapa01,2018,POR,1471382
swanica01,2018,POR,1465920
laymaja01,2018,POR,1312611
ezelife01,2018,POR,333334
papagge01,2018,POR,259556
baldwwa01,2018,POR,229892
rushbr01,2018,POR,83129
wilcocj01,2018,POR,0
randoza01,2018,SAC,12307692
shumpim01,2018,SAC,10337079
johnsjo02,2018,SAC,9505000
bogdabo01,2018,SAC,9470614
koufoko01,2018,SAC,8393000
templga01,2018,SAC,8000000
cartevi01,2018,SAC,8000000
foxde01,2018,SAC,4609200
caulewi01,2018,SAC,3704160
hieldbu01,2018,SAC,3675480
cabocbr01,2018,SAC,2451225
jacksju01,2018,SAC,2365560
papagge01,2018,SAC,2301360
barnema02,2018,SAC,2133542
tollian01,2018,SAC,2000000
gilesha01,2018,SAC,1859400
afflaar01,2018,SAC,1500000
labissk01,2018,SAC,1312611
masonfr01,2018,SAC,1184385
butleca01,2018,SAC,517220
hayesni01,2018,SAC,55296
cooleja01,2018,SAC,0
sampsja02,2018,SAC,0
aldrila01,2018,SAS,21461010
leonaka01,2018,SAS,18868625
gasolpa01,2018,SAS,16000000
parketo01,2018,SAS,15453126
millspa02,2018,SAS,10714286
greenda02,2018,SAS,10000000
gayru01,2018,SAS,8406000
ginobma01,2018,SAS,2500000
anderky01,2018,SAS,2151704
duncati01,2018,SAS,1881250
lauvejo01,2018,SAS,1524305
whitede01,2018,SAS,1404600
forbebr01,2018,SAS,1312611
murrade01,2018,SAS,1312611
bertada01,2018,SAS,1312611
jeancli01,2018,SAS,1035200
paulbr01,2018,SAS,815615
hillida01,2018,SAS,0
costema01,2018,SAS,0
lowryky01,2018,TOR,28703704
derozde01,2018,TOR,27739975
ibakase01,2018,TOR,20061729
valanjo01,2018,TOR,15460675
milescj01,2018,TOR,7936509
noguelu01,2018,TOR,2947305
poeltja01,2018,TOR,2825640
wrighde01,2018,TOR,1645200
anunoog01,2018,TOR,1645200
richama01,2018,TOR,1504560
powelno01,2018,TOR,1471382
siakapa01,2018,TOR,1312611
vanvlfr01,2018,TOR,1312611
hamilju01,2018,TOR,1000000
mckinal01,2018,TOR,815615
mcdankj01,2018,TOR,100000
hayesni01,2018,TOR,92160
millema01,2018,TOR,0
brownlo01,2018,TOR,0
goberru01,2018,UTA,21974719
rubiori01,2018,UTA,14275000
inglejo01,2018,UTA,14136364
favorde01,2018,UTA,12000000
burksal01,2018,UTA,10845506
crowdja01,2018,UTA,6796117
sefolth01,2018,UTA,5250000
exumda01,2018,UTA,4992385
jerebjo01,2018,UTA,4000000
udohek01,2018,UTA,3200000
mitchdo01,2018,UTA,2621280
netora01,2018,UTA,1471382
bradlto01,2018,UTA,1414920
bolomjo01,2018,UTA,1312611
onealro01,2018,UTA,815615
rosede01,2018,UTA,749761
stockda01,2018,UTA,192813
mitrona01,2018,UTA,92160
niangge01,2018,UTA,0
mccreer01,2018,UTA,0
griffer01,2018,UTA,0
woltena01,2018,UTA,0
porteot01,2018,WAS,24773250
bealbr01,2018,WAS,23775506
walljo01,2018,WAS,18063850
mahinia01,2018,WAS,16661641
gortama01,2018,WAS,12782609
morrima02,2018,WAS,8000000
smithja02,2018,WAS,5225000
meeksjo01,2018,WAS,3290000
satorto01,2018,WAS,3000000
oubreke01,2018,WAS,2093040
fraziti01,2018,WAS,2000000
mcculch01,2018,WAS,1471382
scottmi01,2018,WAS,1471382
webstma02,2018,WAS,833333
sessira01,2018,WAS,390706
felixca01,2018,WAS,140902
ochefda01,2018,WAS,50000
lawsoty01,2018,WAS,8313
robinde01,2018,WAS,0
youngmi02,2018,WAS,0
howardw01,2017,ATL,23180275
millspa01,2017,ATL,20072033
bazemke01,2017,ATL,15730338
ilyaser01,2017,ATL,8400000
dunlemi02,2017,ATL,4837500
humphkr01,2017,ATL,4000000
sefolth01,2017,ATL,3850000
schrode01,2017,ATL,2708582
delanma01,2017,ATL,2500000
princta02,2017,ATL,2318280
hardati02,2017,ATL,2281605
jackja01,2017,ATL,1551659
bembrde01,2017,ATL,1499760
muscami01,2017,ATL,1015696
tavarwa01,2017,ATL,1000000
kellyry01,2017,ATL,418228
caldejo01,2017,ATL,392478
pattela01,2017,ATL,128623
nealga01,2017,ATL,72193
costema01,2017,ATL,50000
horfoal01,2017,BOS,26540100
johnsam01,2017,BOS,12000000
bradlav01,2017,BOS,8269663
zellety01,2017,BOS,8000000
thomais02,2017,BOS,6587132
crowdja01,2017,BOS,6286408
jerebjo01,2017,BOS,5000000
brownja02,2017,BOS,4743000
smartma01,2017,BOS,3578880
olynyke01,2017,BOS,3094014
roziete01,2017,BOS,1906440
youngja01,2017,BOS,1825200
jacksde01,2017,BOS,1450000
greenge01,2017,BOS,1410598
mickejo01,2017,BOS,1223653
hunterj01,2017,BOS,1200240
bentibe01,2017,BOS,250000
leeda03,2017,BOS,50000
jonesja04,2017,BOS,25000
georgma01,2017,BOS,25000
lopezbr01,2017,BRK,21165675
linje01,2017,BRK,11483254
booketr01,2017,BRK,9250000
nichoan01,2017,BRK,6088993
willide01,2017,BRK,5500000
scolalu01,2017,BRK,5000000
vasqugr01,2017,BRK,4347826
mcdankj01,2017,BRK,3333333
hamilju01,2017,BRK,3000000
foyera01,2017,BRK,2500000
acyqu01,2017,BRK,1914544
leverca01,2017,BRK,1562280
holliro01,2017,BRK,1395600
thornma01,2017,BRK,1315448
whiteis01,2017,BRK,1074145
bennean01,2017,BRK,1015696
harrijo01,2017,BRK,980431
kilpase01,2017,BRK,980431
dinwisp01,2017,BRK,726672
jackja01,2017,BRK,500000
bargnan01,2017,BRK,323599
ferreyo01,2017,BRK,202300
goodwar01,2017,BRK,194494
mockeeg01,2017,BRK,100000
alexacl01,2017,BRK,51449
beechbe01,2017,BRK,45000
ibehpr01,2017,BRK,31969
wadedw01,2017,CHI,23200000
butleji01,2017,CHI,17552209
rondora01,2017,CHI,14000000
lopezro01,2017,CHI,13219250
mirotni01,2017,CHI,5782450
morroan01,2017,CHI,3488000
cartemi01,2017,CHI,3183526
payneca01,2017,CHI,2112480
valende01,2017,CHI,2092200
lauvejo01,2017,CHI,1709720
grantje02,2017,CHI,1643040
portibo01,2017,CHI,1453680
canaais01,2017,CHI,1015696
feliccr01,2017,CHI,874636
zipsepa01,2017,CHI,750000
hunterj01,2017,CHI,425000
walkuth01,2017,CHI,69500
batumni01,2017,CHO,20869566
kiddgmi01,2017,CHO,13000000
willima02,2017,CHO,12250000
walkeke02,2017,CHO,12000000
lambje01,2017,CHO,6511628
belinma01,2017,CHO,6333333
sessira01,2017,CHO,6000000
zelleco01,2017,CHO,5318313
kaminfr01,2017,CHO,2730000
anderch01,2017,CHO,1551659
roberbr01,2017,CHO,1050961
woodch01,2017,CHO,874636
grahatr01,2017,CHO,543471
harriaa01,2017,CHO,375579
obryajo01,2017,CHO,276827
weberbr01,2017,CHO,231521
tobeymi01,2017,CHO,138938
mccalra01,2017,CHO,119494
jamesle01,2017,CLE,30963450
loveke01,2017,CLE,21165675
irvinky01,2017,CLE,17638063
thomptr01,2017,CLE,15330435
smithjr01,2017,CLE,12800000
shumpim01,2017,CLE,9700000
fryech01,2017,CLE,7806971
korveky01,2017,CLE,5239437
jefferi01,2017,CLE,2500000
jonesja02,2017,CLE,1551659
mcraejo01,2017,CLE,874636
feldeka01,2017,CLE,543471
willide02,2017,CLE,402043
willide01,2017,CLE,259626
bogutan01,2017,CLE,242224
sandela01,2017,CLE,207722
jonesda02,2017,CLE,24022
tavarwa01,2017,CLE,5145
nowitdi01,2017,DAL,25000000
barneha02,2017,DAL,22116750
matthwe02,2017,DAL,17100000
willide01,2017,DAL,9000000
poweldw01,2017,DAL,8375000
noelne01,2017,DAL,4384490
harride01,2017,DAL,4228000
bareajo01,2017,DAL,4096950
curryse01,2017,DAL,2898000
acyqu01,2017,DAL,1050961
liggide01,2017,DAL,1015696
mejrisa01,2017,DAL,874636
gibsojo01,2017,DAL,680937
hammoaj01,2017,DAL,650000
finnedo01,2017,DAL,543471
brussni01,2017,DAL,543471
ndourma01,2017,DAL,437318
mekelga01,2017,DAL,315760
ferreyo01,2017,DAL,239767
harrima01,2017,DAL,119494
jackspi01,2017,DAL,105498
colliky01,2017,DAL,70000
uthofja01,2017,DAL,63938
cookqu01,2017,DAL,31969
bentibe01,2017,DAL,31969
warneja01,2017,DAL,20000
gallida01,2017,DEN,15050000
farieke01,2017,DEN,12078652
chandwi01,2017,DEN,11200000
arthuda01,2017,DEN,8070175
hibbero01,2017,DEN,5000000
nelsoja01,2017,DEN,4540525
bartowi01,2017,DEN,3533333
millemi01,2017,DEN,3500000
mudiaem01,2017,DEN,3241800
murraja01,2017,DEN,3210840
plumlma01,2017,DEN,2328530
willima01,2017,DEN,2200000
hernaju01,2017,DEN,1987440
harriga01,2017,DEN,1655880
beaslma01,2017,DEN,1627320
jokicni01,2017,DEN,1358500
johnsni01,2017,DEN,980431
geeal01,2017,DEN,495227
hummero01,2017,DEN,150000
stokeja01,2017,DEN,150000
obryajo01,2017,DEN,115344
kennedj01,2017,DEN,50000
woltena01,2017,DEN,50000
drumman01,2017,DET,22116750
harrito02,2017,DET,17200000
jacksre01,2017,DET,14956522
leuerjo01,2017,DET,10991957
marjabo01,2017,DET,7000000
baynear01,2017,DET,6500000
smithis01,2017,DET,6000000
smithjo03,2017,DET,5400000
morrima03,2017,DET,4625000
caldwke01,2017,DET,3678319
johnsst04,2017,DET,2969880
bullore01,2017,DET,2255644
ellenhe01,2017,DET,1704120
udrihbe01,2017,DET,1551659
hillida01,2017,DET,874636
gbinimi01,2017,DET,650000
grayaa01,2017,DET,452059
jovanni01,2017,DET,30000
mccalra01,2017,DET,11949
duranke01,2017,GSW,26540100
thompkl01,2017,GSW,16663575
greendr01,2017,GSW,15330435
curryst01,2017,GSW,12112359
iguodan01,2017,GSW,11131368
livinsh01,2017,GSW,5782450
pachuza01,2017,GSW,2898000
westda01,2017,GSW,1551659
varejan01,2017,GSW,1551659
mcgeeja01,2017,GSW,1403611
looneke01,2017,GSW,1182840
jonesda03,2017,GSW,1171560
clarkia01,2017,GSW,1015696
mcadoja01,2017,GSW,980431
thompja02,2017,GSW,945126
mccawpa01,2017,GSW,543471
barnema02,2017,GSW,383351
williel01,2017,GSW,250000
weberbr01,2017,GSW,102898
jonesca02,2017,GSW,50000
cookel01,2017,GSW,50000
woodsc01,2017,GSW,50000
pressph01,2017,GSW,35000
hardeja01,2017,HOU,26540100
anderry01,2017,HOU,18735364
gordoer01,2017,HOU,12385364
arizatr01,2017,HOU,7806971
willilo02,2017,HOU,7000000
beverpa01,2017,HOU,6000000
hilarne01,2017,HOU,2898000
dekkesa01,2017,HOU,1720560
huertma01,2017,HOU,1500000
capelca01,2017,HOU,1296240
prigipa01,2017,HOU,1050961
harremo01,2017,HOU,1045000
brownbo02,2017,HOU,934293
onuakch01,2017,HOU,543471
paytoga02,2017,HOU,543471
taylois01,2017,HOU,305000
willitr02,2017,HOU,181969
hairspj02,2017,HOU,11534
georgpa01,2017,IND,18314532
youngth01,2017,IND,14153652
ellismo01,2017,IND,10770000
jeffeal01,2017,IND,10230179
teaguje01,2017,IND,8800000
stuckro01,2017,IND,7000000
milescj01,2017,IND,4583450
allenla01,2017,IND,4000000
stephla01,2017,IND,4000000
brookaa01,2017,IND,2700000
turnemy01,2017,IND,2463840
serapke01,2017,IND,1800000
evansje01,2017,IND,1227286
chrisra01,2017,IND,1052342
youngjo01,2017,IND,1052342
robingl02,2017,IND,1050500
niangge01,2017,IND,650000
stoneju01,2017,IND,50000
bentibe01,2017,IND,50000
poythal01,2017,IND,35381
zeislni01,2017,IND,25000
paulch01,2017,LAC,22868827
jordade01,2017,LAC,21165675
griffbl01,2017,LAC,20140838
crawfja01,2017,LAC,13253012
riverau01,2017,LAC,11000000
redicjj01,2017,LAC,7377500
johnswe01,2017,LAC,5628000
piercpa01,2017,LAC,3500000
mbahalu01,2017,LAC,2203000
feltora01,2017,LAC,1551659
bassbr01,2017,LAC,1551659
speigma01,2017,LAC,1403611
anderal01,2017,LAC,1315448
johnsbr02,2017,LAC,1273920
delfica01,2017,LAC,650000
stonedi01,2017,LAC,543471
farmajo01,2017,LAC,510921
radulmi01,2017,LAC,300000
denglu01,2017,LAL,18000000
mozgoti01,2017,LAL,16000000
clarkjo01,2017,LAL,12500000
caldejo01,2017,LAL,7708427
breweco01,2017,LAL,7600000
blackta01,2017,LAL,6191000
youngni01,2017,LAL,5443918
russeda01,2017,LAL,5332800
ingrabr01,2017,LAL,5281680
randlju01,2017,LAL,3267120
ennisty01,2017,LAL,1733880
artesro01,2017,LAL,1551659
nancela02,2017,LAL,1207680
robinth01,2017,LAL,1050961
zubaciv01,2017,LAL,1034956
brownan02,2017,LAL,874636
jianlyi01,2017,LAL,250000
nwabada01,2017,LAL,137466
augusza01,2017,LAL,60000
conlemi01,2017,MEM,26540100
parsoch01,2017,MEM,22116750
gasolma01,2017,MEM,21165675
randoza01,2017,MEM,10361445
wrighbr03,2017,MEM,5700000
allento01,2017,MEM,5505618
cartevi01,2017,MEM,4264057
danietr01,2017,MEM,3332940
ennisja01,2017,MEM,2898000
baldwwa01,2017,MEM,1793760
adamsjo01,2017,MEM,1465080
davisde01,2017,MEM,1369229
martija01,2017,MEM,1286160
greenja01,2017,MEM,980431
harrian01,2017,MEM,945000
douglto01,2017,MEM,603558
willitr02,2017,MEM,543471
frankja01,2017,MEM,163296
seldewa01,2017,MEM,83119
stephdj01,2017,MEM,35000
costema01,2017,MEM,31500
wroteto01,2017,MEM,25000
boshch01,2017,MIA,23741060
whiteha01,2017,MIA,22116750
dragigo01,2017,MIA,15890000
ellinwa01,2017,MIA,6000000
mcrobjo01,2017,MIA,5782450
johnsty01,2017,MIA,5628000
willide02,2017,MIA,4598000
hasleud01,2017,MIA,4000000
johnsja01,2017,MIA,4000000
waitedi01,2017,MIA,2898000
winslju01,2017,MIA,2593440
babbilu01,2017,MIA,1227000
reedwi02,2017,MIA,1015696
richajo01,2017,MIA,874636
mcgruro01,2017,MIA,543471
whiteok01,2017,MIA,374933
weberbr01,2017,MIA,328000
jankost01,2017,MIA,100000
bensoke02,2017,MIA,75000
georgma01,2017,MIA,31969
monrogr01,2017,MIL,17100000
middlkh01,2017,MIL,15200000
hensojo01,2017,MIL,12517606
plumlmi01,2017,MIL,12500000
teletmi01,2017,MIL,10500000
dellama01,2017,MIL,9607500
hawessp01,2017,MIL,6348759
parkeja01,2017,MIL,5374320
antetgi01,2017,MIL,2995421
makerth01,2017,MIL,2568600
snellto01,2017,MIL,2368327
sandela01,2017,MIL,1865547
vaughra01,2017,MIL,1811040
novakst01,2017,MIL,1551659
terryja01,2017,MIL,1551659
beaslmi01,2017,MIL,1403611
brogdma01,2017,MIL,925000
joneste01,2017,MIL,236457
toupaax01,2017,MIL,51449
paytoga02,2017,MIL,35166
rubiori01,2017,MIN,13550000
pekovni01,2017,MIN,12100000
garneke01,2017,MIN,8000000
aldrico01,2017,MIN,7643979
wiggian01,2017,MIN,6006600
townska01,2017,MIN,5960160
hilljo01,2017,MIN,3911380
dunnkr01,2017,MIN,3872520
bjeline01,2017,MIN,3800000
rushbr01,2017,MIN,3500000
muhamsh01,2017,MIN,3046299
dienggo01,2017,MIN,2348783
lavinza01,2017,MIN,2240880
paynead01,2017,MIN,2022240
martike02,2017,MIN,1360305
jonesty01,2017,MIN,1339680
lucasjo02,2017,MIN,635753
stephla01,2017,MIN,144386
casspom01,2017,MIN,138414
davisan02,2017,NOP,22116750
couside01,2017,NOP,16957900
holidjr01,2017,NOP,11286518
hillso01,2017,NOP,11241218
asikom01,2017,NOP,9904494
mooreet01,2017,NOP,8081363
ajincal01,2017,NOP,4600000
pondequ01,2017,NOP,3617978
casspom01,2017,NOP,3000000
cunnida01,2017,NOP,2978250
fraziti01,2017,NOP,2090000
geeal01,2017,NOP,1400000
stephla01,2017,NOP,1227286
joneste01,2017,NOP,1050961
motiedo01,2017,NOP,576724
diallch01,2017,NOP,543471
willire02,2017,NOP,252676
crawfjo02,2017,NOP,234915
thompho01,2017,NOP,119494
brownan02,2017,NOP,108043
goodwar01,2017,NOP,95600
jackja01,2017,NOP,91274
cookqu01,2017,NOP,79922
seldewa01,2017,NOP,31969
toupaax01,2017,NOP,20580
anthoca01,2017,NYK,24559380
rosede01,2017,NYK,21323250
noahjo01,2017,NYK,17000000
leeco01,2017,NYK,11242000
thomala01,2017,NYK,6191000
jennibr01,2017,NYK,4837318
porzikr01,2017,NYK,4317720
oquinky01,2017,NYK,3900000
kuzmimi01,2017,NYK,2898000
amundlo01,2017,NYK,1551659
vujacsa01,2017,NYK,1410598
hernawi01,2017,NYK,1375000
holidju01,2017,NYK,1015696
ndourma01,2017,NYK,543471
plumlma02,2017,NYK,543471
bakerro01,2017,NYK,543471
randlch01,2017,NYK,243860
tokotjp01,2017,NYK,100000
westbru01,2017,OKC,26540100
kanteen01,2017,OKC,17145838
gibsota01,2017,OKC,8950000
oladivi01,2017,OKC,6552960
abrinal01,2017,OKC,5994764
singlky01,2017,OKC,4837500
collini01,2017,OKC,3750000
adamsst01,2017,OKC,3140517
pricero01,2017,OKC,2557545
mcderdo01,2017,OKC,2483040
sabondo01,2017,OKC,2440200
roberan03,2017,OKC,2183072
mcgarmi01,2017,OKC,1526040
huestjo01,2017,OKC,1191480
grantje01,2017,OKC,980431
chrisse01,2017,OKC,543471
coleno01,2017,OKC,247991
wrighch01,2017,OKC,100000
tarczka01,2017,OKC,75000
carusal01,2017,OKC,50000
willire02,2017,OKC,50000
biyombi01,2017,ORL,17000000
fournev01,2017,ORL,17000000
greenje02,2017,ORL,15000000
vucevni01,2017,ORL,11750000
rosste01,2017,ORL,10000000
augusdj01,2017,ORL,7250000
meeksjo01,2017,ORL,6540000
watsocj01,2017,ORL,5000000
gordoaa01,2017,ORL,4351320
hezonma01,2017,ORL,3909840
paytoel01,2017,ORL,2613600
wilcocj01,2017,ORL,1209680
rudezda01,2017,ORL,980431
zimmest01,2017,ORL,950000
onuakar01,2017,ORL,440078
brownan02,2017,ORL,51449
georgma01,2017,ORL,31969
garinpa01,2017,ORL,31969
bogutan01,2017,PHI,11027027
bayleje01,2017,PHI,9424084
hendege02,2017,PHI,9000000
splitti01,2017,PHI,8550000
rodrise01,2017,PHI,8000000
landrca01,2017,PHI,6500000
simmobe01,2017,PHI,5903160
embiijo01,2017,PHI,4826160
okafoja01,2017,PHI,4788840
pleisti01,2017,PHI,3000000
stausni01,2017,PHI,2993040
saricda01,2017,PHI,2318280
anderju01,2017,PHI,1514160
kaunsa01,2017,PHI,1333420
luwawti01,2017,PHI,1326960
holmeri01,2017,PHI,1025831
covinro01,2017,PHI,1015696
brandel01,2017,PHI,1000000
mccontj01,2017,PHI,874636
thompho01,2017,PHI,442126
randlch01,2017,PHI,297311
paulbr01,2017,PHI,155000
longsh01,2017,PHI,96969
webbja01,2017,PHI,65000
harpeju01,2017,PHI,57672
chrisdi01,2017,PHI,50000
barbeca01,2017,PHI,50000
poythal01,2017,PHI,38903
bledser01,2017,PHO,14000000
knighbr03,2017,PHO,12606250
chandty01,2017,PHO,12415000
dudleja01,2017,PHO,10470000
sullija01,2017,PHO,5628000
lenal01,2017,PHO,4823621
bendedr01,2017,PHO,4276320
barbole01,2017,PHO,4000000
scottmi01,2017,PHO,3333334
chrisma01,2017,PHO,2941440
bookede01,2017,PHO,2223600
warretj01,2017,PHO,2128920
goodwar01,2017,PHO,2094089
ulisty01,2017,PHO,918369
willial03,2017,PHO,874636
beaslmi01,2017,PHO,777777
jonesde02,2017,PHO,543471
jenkijo01,2017,PHO,469841
pricero01,2017,PHO,465143
eddieja01,2017,PHO,102898
millsel01,2017,PHO,23069
lillada01,2017,POR,24328425
crabbal01,2017,POR,18500000
turneev01,2017,POR,16393443
leoname01,2017,POR,9213484
harklma01,2017,POR,8988764
aminual01,2017,POR,7680965
ezelife01,2017,POR,7400000
davised01,2017,POR,6666667
mccolcj01,2017,POR,3219579
vonleno01,2017,POR,2751360
varejan01,2017,POR,1984005
nurkiju01,2017,POR,1921320
napiesh01,2017,POR,1350120
connapa01,2017,POR,874636
laymaja01,2017,POR,600000
gayru01,2017,SAC,13333333
afflaar01,2017,SAC,12500000
evansty01,2017,SAC,10661286
koufoko01,2017,SAC,8046500
tollian01,2017,SAC,8000000
templga01,2017,SAC,8000000
barnema02,2017,SAC,6125000
collida01,2017,SAC,5229454
gallola01,2017,SAC,5200000
mclembe01,2017,SAC,4008882
caulewi01,2017,SAC,3551160
hieldbu01,2017,SAC,3517200
papagge01,2017,SAC,2202240
richama01,2017,SAC,1439880
lawsoty01,2017,SAC,1315448
labissk01,2017,SAC,1188840
ellinwa01,2017,SAC,923670
butleca01,2017,SAC,517220
cousiis01,2017,SAC,100000
pattela01,2017,SAC,100000
farmajo01,2017,SAC,82979
aldrila01,2017,SAS,20575005
leonaka01,2017,SAS,17638063
gasolpa01,2017,SAS,15500000
parketo01,2017,SAS,14445313
ginobma01,2017,SAS,14000000
greenda02,2017,SAS,10000000
millspa02,2017,SAS,3578948
dedmode01,2017,SAS,2898000
duncati01,2017,SAS,1881250
leeda02,2017,SAS,1551659
anderky01,2017,SAS,1192080
jeancli01,2017,SAS,1188840
murrade01,2017,SAS,1180080
simmojo02,2017,SAS,874636
anthojo01,2017,SAS,663810
forbebr01,2017,SAS,543471
bertada01,2017,SAS,543471
laproni01,2017,SAS,210995
garinpa01,2017,SAS,100000
arcidry01,2017,SAS,75000
derozde01,2017,TOR,26540100
valanjo01,2017,TOR,14382022
carrode01,2017,TOR,14200000
ibakase01,2017,TOR,12250000
lowryky01,2017,TOR,12000000
josepco01,2017,TOR,7330000
pattepa01,2017,TOR,6050000
tuckepj01,2017,TOR,5300000
poeltja01,2017,TOR,2703960
noguelu01,2017,TOR,1921320
cabocbr01,2017,TOR,1589640
wrighde01,2017,TOR,1577280
siakapa01,2017,TOR,1196040
powelno01,2017,TOR,874636
vanvlfr01,2017,TOR,543471
heslibr01,2017,TOR,56500
moreiya01,2017,TOR,50000
singlej01,2017,TOR,50000
uthofja01,2017,TOR,50000
haywago01,2017,UTA,16073140
favorde01,2017,UTA,11050000
johnsjo02,2017,UTA,11000000
burksal01,2017,UTA,10154495
hillge01,2017,UTA,8000000
diawbo01,2017,UTA,7000000
exumda01,2017,UTA,3940320
macksh01,2017,UTA,2433334
lylestr01,2017,UTA,2340600
inglejo01,2017,UTA,2250000
goberru01,2017,UTA,2121288
hoodro01,2017,UTA,1406520
witheje01,2017,UTA,1015696
netora01,2017,UTA,937800
bolomjo01,2017,UTA,600000
paigema01,2017,UTA,125000
fordqu01,2017,UTA,75000
simshe01,2017,UTA,75000
bealbr01,2017,WAS,22116750
walljo01,2017,WAS,16957900
mahinia01,2017,WAS,15944154
gortama01,2017,WAS,12000000
morrima02,2017,WAS,7400000
porteot01,2017,WAS,5893981
smithja02,2017,WAS,5000000
bogdabo02,2017,WAS,3730653
burketr01,2017,WAS,3386598
satorto01,2017,WAS,2870813
oubreke01,2017,WAS,2006640
jennibr01,2017,WAS,1200000
mcculch01,2017,WAS,1191480
webstma02,2017,WAS,830000
ochefda01,2017,WAS,543471
mcclesh01,2017,WAS,543471
houseda01,2017,WAS,543471
eddieja01,2017,WAS,175000
millspa01,2016,ATL,19000000
horfoal01,2016,ATL,12000000
splitti01,2016,ATL,8500000
teaguje01,2016,ATL,8000000
korveky01,2016,ATL,5746479
sefolth01,2016,ATL,4000000
scottmi01,2016,ATL,3333333
hinriki01,2016,ATL,2870000
bazemke01,2016,ATL,2000000
schrode01,2016,ATL,1763400
hardati02,2016,ATL,1304520
tavarwa01,2016,ATL,1000000
muscami01,2016,ATL,947276
pattela01,2016,ATL,525093
humphkr01,2016,ATL,388025
pettete01,2016,ATL,75000
leeda02,2016,BOS,15493680
johnsam01,2016,BOS,12000000
bradlav01,2016,BOS,7730337
thomais02,2016,BOS,6912869
crowdja01,2016,BOS,6000000
jerebjo01,2016,BOS,5000000
smartma01,2016,BOS,3431040
turneev01,2016,BOS,3425510
zellety01,2016,BOS,2616975
sullija01,2016,BOS,2269260
olynyke01,2016,BOS,2165160
dragizo01,2016,BOS,2050397
jonespe01,2016,BOS,2038206
roziete01,2016,BOS,1824360
youngja01,2016,BOS,1749840
mickejo01,2016,BOS,1200000
hunterj01,2016,BOS,1148640
clarkco01,2016,BOS,61776
randole01,2016,BOS,25000
waldeco01,2016,BOS,25000
millema01,2016,BOS,25000
hollajo02,2016,BOS,9266
johnsjo02,2016,BRK,24894863
lopezbr01,2016,BRK,20000000
youngth01,2016,BRK,11200000
jackja01,2016,BRK,6300000
willide01,2016,BRK,5500000
bogdabo02,2016,BRK,3425510
karasse01,2016,BRK,1599840
larkish01,2016,BRK,1500000
ellinwa01,2016,BRK,1500000
holliro01,2016,BRK,1335480
mcculch01,2016,BRK,1140240
bargnan01,2016,BRK,1039298
sloando01,2016,BRK,1015421
robinth01,2016,BRK,981300
reedwi02,2016,BRK,947276
brownma02,2016,BRK,845059
kilpase01,2016,BRK,320594
simshe01,2016,BRK,161622
boatrry01,2016,BRK,75000
millequ01,2016,BRK,50000
rosede01,2016,CHI,20093063
butleji01,2016,CHI,15260000
noahjo01,2016,CHI,13400000
gibsota01,2016,CHI,8500000
gasolpa01,2016,CHI,7448760
mirotni01,2016,CHI,5543725
dunlemi02,2016,CHI,4500000
mcderdo01,2016,CHI,2380440
brookaa01,2016,CHI,2000000
snellto01,2016,CHI,1535880
portibo01,2016,CHI,1391160
mooreet01,2016,CHI,1015421
holidju01,2016,CHI,947300
bairsca01,2016,CHI,845059
feliccr01,2016,CHI,525090
jeffeal01,2016,CHO,13833333
batumni01,2016,CHO,12235750
walkeke02,2016,CHO,12000000
willima02,2016,CHO,7000000
kiddgmi01,2016,CHO,6331404
leeco01,2016,CHO,5675000
hawessp01,2016,CHO,5543725
zelleco01,2016,CHO,4204200
lambje01,2016,CHO,3034356
kaminfr01,2016,CHO,2612500
linje01,2016,CHO,2100000
hansbty01,2016,CHO,1185784
danietr01,2016,CHO,947276
harriaa01,2016,CHO,525093
gutiejo01,2016,CHO,301444
williel01,2016,CHO,80000
jamesle01,2016,CLE,22971000
loveke01,2016,CLE,19500000
irvinky01,2016,CLE,14746000
thomptr01,2016,CLE,14260870
shumpim01,2016,CLE,9000000
fryech01,2016,CLE,7807579
smithjr01,2016,CLE,5000000
mozgoti01,2016,CLE,4950000
willima01,2016,CLE,2100000
jefferi01,2016,CLE,1499000
jonesja02,2016,CLE,1499000
kaunsa01,2016,CLE,1300000
dellama01,2016,CLE,1147280
mcraejo01,2016,CLE,172972
jonesda02,2016,CLE,8819
matthwe02,2016,DAL,16400000
parsoch01,2016,DAL,15361500
nowitdi01,2016,DAL,8333334
willide01,2016,DAL,5500000
pachuza01,2016,DAL,5200000
harride01,2016,DAL,4053000
bareajo01,2016,DAL,4000000
feltora01,2016,DAL,3950313
leeda02,2016,DAL,2102224
villach01,2016,DAL,1499187
dalemsa01,2016,DAL,1499187
anderju01,2016,DAL,1449000
mcgeeja01,2016,DAL,1270964
evansje01,2016,DAL,1100602
poweldw01,2016,DAL,845059
ndourma01,2016,DAL,525094
mejrisa01,2016,DAL,525093
mekelga01,2016,DAL,315760
wilsoja02,2016,DAL,50000
ashlebr01,2016,DAL,50000
famouja01,2016,DAL,10000
gallida01,2016,DEN,14000000
farieke01,2016,DEN,11235955
chandwi01,2016,DEN,10500000
hicksjj01,2016,DEN,5613500
nelsoja01,2016,DEN,4500000
novakst01,2016,DEN,3750000
bartowi01,2016,DEN,3333333
mudiaem01,2016,DEN,3102240
augusdj01,2016,DEN,3000000
arthuda01,2016,DEN,2814000
nurkiju01,2016,DEN,1842000
lauvejo01,2016,DEN,1709720
harriga01,2016,DEN,1587480
millemi01,2016,DEN,1499187
jokicni01,2016,DEN,1300000
dorsejo01,2016,DEN,1015421
johnsni01,2016,DEN,845059
papanko01,2016,DEN,350000
sampsja02,2016,DEN,285489
toupaax01,2016,DEN,123552
greener01,2016,DEN,100000
kilpase01,2016,DEN,99418
harrito02,2016,DET,16000000
jacksre01,2016,DET,14000000
baynear01,2016,DET,6500000
meeksjo01,2016,DET,6270000
smithjo03,2016,DET,5400000
morrima03,2016,DET,5000000
drumman01,2016,DET,3272091
tollian01,2016,DET,3000000
caldwke01,2016,DET,2891760
johnsst04,2016,DET,2841960
anthojo01,2016,DET,2500000
grangda01,2016,DET,2170465
blakest01,2016,DET,2170465
martica01,2016,DET,1270964
bullore01,2016,DET,1252440
dinwisp01,2016,DET,845059
hillida01,2016,DET,525093
grayaa01,2016,DET,452059
brownlo01,2016,DET,117016
harpeju01,2016,DET,99418
thomaad01,2016,DET,60000
thompkl01,2016,GSW,15500000
greendr01,2016,GSW,14300000
bogutan01,2016,GSW,12000000
iguodan01,2016,GSW,11710456
curryst01,2016,GSW,11370786
thompja02,2016,GSW,6431250
livinsh01,2016,GSW,5543725
barneha02,2016,GSW,3873398
speigma01,2016,GSW,3815000
barbole01,2016,GSW,2500000
ezelife01,2016,GSW,2008748
rushbr01,2016,GSW,1270964
looneke01,2016,GSW,1131960
clarkia01,2016,GSW,947276
mcadoja01,2016,GSW,845059
varejan01,2016,GSW,458575
howardw01,2016,HOU,22359364
hardeja01,2016,HOU,15756438
lawsoty01,2016,HOU,12404495
breweco01,2016,HOU,8200000
arizatr01,2016,HOU,8193030
beverpa01,2016,HOU,6500000
mcdankj01,2016,HOU,3333333
joneste01,2016,HOU,2489530
motiedo01,2016,HOU,2288205
dekkesa01,2016,HOU,1646400
terryja01,2016,HOU,1499187
smithjo03,2016,HOU,1499000
capelca01,2016,HOU,1242720
thornma01,2016,HOU,1186000
harremo01,2016,HOU,1000000
beaslmi01,2016,HOU,306527
goudean01,2016,HOU,200600
hayesch01,2016,HOU,83583
georgpa01,2016,IND,17120106
ellismo01,2016,IND,10300000
hillge01,2016,IND,8000000
stuckro01,2016,IND,6500000
budinch01,2016,IND,5000000
milescj01,2016,IND,4394225
hilljo01,2016,IND,4000000
mahinia01,2016,IND,4000000
allenla01,2016,IND,3700000
turnemy01,2016,IND,2357760
hillso01,2016,IND,1358880
chrisra01,2016,IND,1000000
youngjo01,2016,IND,1000000
whittsh01,2016,IND,845059
robingl02,2016,IND,845000
douglto01,2016,IND,600000
lawsoty01,2016,IND,265058
paulch01,2016,LAC,21468696
jordade01,2016,LAC,19500000
griffbl01,2016,LAC,18907725
greenje02,2016,LAC,9200000
redicjj01,2016,LAC,6867000
crawfja01,2016,LAC,5675000
piercpa01,2016,LAC,3400000
riverau01,2016,LAC,3100000
mbahalu01,2016,LAC,1270964
wilcocj01,2016,LAC,1159680
johnswe01,2016,LAC,1100600
aldrico01,2016,LAC,1100600
prigipa01,2016,LAC,981348
delfica01,2016,LAC,650000
dawsobr01,2016,LAC,525093
pendeje02,2016,LAC,317232
radulmi01,2016,LAC,300000
stephal01,2016,LAC,61776
bryanko01,2016,LAL,25000000
hibbero01,2016,LAL,15500000
willilo02,2016,LAL,7000000
youngni01,2016,LAL,5219169
russeda01,2016,LAL,5103120
randlju01,2016,LAL,3132240
bassbr01,2016,LAL,3000000
kellyry01,2016,LAL,1724250
artesro01,2016,LAL,1499187
nancela02,2016,LAL,1155600
sacrero01,2016,LAL,981348
clarkjo01,2016,LAL,845059
blackta01,2016,LAL,845059
brownan02,2016,LAL,700000
huertma01,2016,LAL,525093
holmejo01,2016,LAL,100000
frazimi01,2016,LAL,50000
upsharo01,2016,LAL,35000
gasolma01,2016,MEM,19700000
randoza01,2016,MEM,9638555
conlemi01,2016,MEM,9588426
stephla01,2016,MEM,9000000
wrighbr03,2016,MEM,5500000
allento01,2016,MEM,5168539
anderch01,2016,MEM,5000000
chalmma01,2016,MEM,4300000
cartevi01,2016,MEM,4088091
barnema02,2016,MEM,3542500
adamsjo01,2016,MEM,1404600
martija01,2016,MEM,1230840
hairspj02,2016,MEM,1201440
greenja01,2016,MEM,845059
ennisja01,2016,MEM,845059
smithru01,2016,MEM,816482
holliry01,2016,MEM,593056
farmajo01,2016,MEM,191456
frankja01,2016,MEM,163296
mccalra01,2016,MEM,111444
munfoxa02,2016,MEM,89588
cottobr01,2016,MEM,64622
williel01,2016,MEM,55722
stephal01,2016,MEM,30888
weberbr01,2016,MEM,30888
boshch01,2016,MIA,22192730
wadedw01,2016,MIA,20000000
dragigo01,2016,MIA,14780000
denglu01,2016,MIA,10151612
mcrobjo01,2016,MIA,5543725
hasleud01,2016,MIA,2854940
winslju01,2016,MIA,2481720
udrihbe01,2016,MIA,2170465
stoudam01,2016,MIA,1499187
greenge01,2016,MIA,1356000
whiteha01,2016,MIA,981348
johnsty01,2016,MIA,845059
richajo01,2016,MIA,525093
johnsjo02,2016,MIA,414481
wrighdo01,2016,MIA,17637
weberbr01,2016,MIA,12355
monrogr01,2016,MIL,16400000
middlkh01,2016,MIL,15000000
mayooj01,2016,MIL,8000000
vasqugr01,2016,MIL,6600000
parkeja01,2016,MIL,5152440
bayleje01,2016,MIL,3000000
hensojo01,2016,MIL,2943221
cartemi01,2016,MIL,2399040
plumlmi01,2016,MIL,2109294
antetgi01,2016,MIL,1953960
sandela01,2016,MIL,1865547
vaughra01,2016,MIL,1733040
ennisty01,2016,MIL,1662360
inglida01,2016,MIL,855000
obryajo01,2016,MIL,845059
novakst01,2016,MIL,416886
cunnija01,2016,MIL,57726
rubiori01,2016,MIN,12365000
pekovni01,2016,MIN,12100000
garneke01,2016,MIN,8500000
martike02,2016,MIN,7085000
wiggian01,2016,MIN,5758680
townska01,2016,MIN,5703600
bjeline01,2016,MIN,4000000
bennean01,2016,MIN,3650000
lavinza01,2016,MIN,2148360
muhamsh01,2016,MIN,2056920
paynead01,2016,MIN,1938840
millean02,2016,MIN,1499187
princta01,2016,MIN,1499187
dienggo01,2016,MIN,1474440
jonesty01,2016,MIN,1282080
rudezda01,2016,MIN,1149500
smithgr02,2016,MIN,247623
gordoer01,2016,NOP,15514031
evansty01,2016,NOP,11227000
asikom01,2016,NOP,11000000
holidjr01,2016,NOP,10595507
anderry01,2016,NOP,8500000
davisan02,2016,NOP,7070730
ajincal01,2016,NOP,4300000
pondequ01,2016,NOP,3382023
coleno01,2016,NOP,3036927
cunnida01,2016,NOP,3000000
perkike01,2016,NOP,1499200
geeal01,2016,NOP,1375000
douglto01,2016,NOP,1164858
babbilu01,2016,NOP,1100000
stokeja01,2016,NOP,845059
dejeabr01,2016,NOP,281659
fraziti01,2016,NOP,144157
hamiljo02,2016,NOP,119462
ennisja01,2016,NOP,74564
johnsor01,2016,NOP,55722
fredeji01,2016,NOP,54812
robinna01,2016,NOP,44000
anthoca01,2016,NYK,22875000
lopezro01,2016,NYK,13000000
afflaar01,2016,NYK,8000000
caldejo01,2016,NYK,7402812
willide02,2016,NYK,4900000
porzikr01,2016,NYK,4131720
oquinky01,2016,NYK,3750000
serapke01,2016,NYK,2800000
amundlo01,2016,NYK,1650000
thomala01,2016,NYK,1650000
grantje02,2016,NYK,1572360
vujacsa01,2016,NYK,1356146
gallola01,2016,NYK,845059
earlycl01,2016,NYK,845059
wroteto01,2016,NYK,167406
antetth01,2016,NYK,105888
saundwe01,2016,NYK,75000
atkinda01,2016,NYK,75000
fredeji01,2016,NYK,59731
tricetr01,2016,NYK,50000
duranke01,2016,OKC,20158622
westbru01,2016,OKC,16744218
kanteen01,2016,OKC,16400000
ibakase01,2016,OKC,12350000
waitedi01,2016,OKC,5138430
singlky01,2016,OKC,5000000
collini01,2016,OKC,3750000
morroan01,2016,OKC,3344000
foyera01,2016,OKC,3270000
adamsst01,2016,OKC,2279040
payneca01,2016,OKC,2021520
mcgarmi01,2016,OKC,1463040
roberan03,2016,OKC,1210800
huestjo01,2016,OKC,1140240
mohamna01,2016,OKC,352750
vucevni01,2016,ORL,11250000
jennibr01,2016,ORL,8344497
ilyaser01,2016,ORL,7900000
oladivi01,2016,ORL,5192520
watsocj01,2016,ORL,5000000
smithja02,2016,ORL,4300000
gordoaa01,2016,ORL,4171680
hezonma01,2016,ORL,3741480
paytoel01,2016,ORL,2505720
nichoan01,2016,ORL,2380594
fournev01,2016,ORL,2288205
napiesh01,2016,ORL,1294440
copelch01,2016,ORL,1100000
cunnija01,2016,ORL,981348
dedmode01,2016,ORL,947278
harrijo01,2016,ORL,845059
marblde01,2016,ORL,845059
applike01,2016,ORL,161776
siberjo01,2016,ORL,100000
mcgeeja01,2016,PHI,12000000
wallage01,2016,PHI,10105855
landrca01,2016,PHI,6500000
embiijo01,2016,PHI,4626960
okafoja01,2016,PHI,4582680
noelne01,2016,PHI,3457800
aldemfu01,2016,PHI,3000000
stausni01,2016,PHI,2869440
weemsso01,2016,PHI,2800000
wroteto01,2016,PHI,2179354
marshke01,2016,PHI,2144722
smithis01,2016,PHI,1100602
holmeri01,2016,PHI,1050000
covinro01,2016,PHI,1000000
thompho01,2016,PHI,947276
canaais01,2016,PHI,947276
brandel01,2016,PHI,890693
sampsja02,2016,PHI,845059
grantje01,2016,PHI,845059
jackspi01,2016,PHI,750000
mccontj01,2016,PHI,525093
woodch01,2016,PHI,305789
pressph01,2016,PHI,172739
bledser01,2016,PHO,13086957
chandty01,2016,PHO,13000000
knighbr03,2016,PHO,12000000
teletmi01,2016,PHO,5500000
tuckepj01,2016,PHO,5500000
humphkr01,2016,PHO,4600000
lenal01,2016,PHO,3807120
bookede01,2016,PHO,2127840
warretj01,2016,PHO,2041080
blairde01,2016,PHO,2000000
pricero01,2016,PHO,1499187
goodwar01,2016,PHO,1160160
leuerjo01,2016,PHO,1035000
jenkijo01,2016,PHO,981000
jeffeco01,2016,PHO,421449
budinch01,2016,PHO,258082
cottobr01,2016,PHO,228663
willial03,2016,PHO,114285
pressph01,2016,PHO,111444
brownlo01,2016,PHO,111444
mcraejo01,2016,PHO,61776
johnsor01,2016,PHO,55722
varejan01,2016,POR,9638554
aminual01,2016,POR,7500000
davised01,2016,POR,7000000
hendege02,2016,POR,6000000
kamanch01,2016,POR,5000000
lillada01,2016,POR,4236287
leoname01,2016,POR,3075880
harklma01,2016,POR,2894059
millemi01,2016,POR,2854940
roberbr01,2016,POR,2854940
vonleno01,2016,POR,2637720
mccolcj01,2016,POR,2525160
plumlma01,2016,POR,1415520
crabbal01,2016,POR,947276
fraziti01,2016,POR,845059
alexacl01,2016,POR,525093
montelu01,2016,POR,525093
connapa01,2016,POR,525093
couside01,2016,SAC,14728844
gayru01,2016,SAC,12403101
rondora01,2016,SAC,9500000
koufoko01,2016,SAC,7500000
belinma01,2016,SAC,6333333
collida01,2016,SAC,5013559
caulewi01,2016,SAC,3398280
mclembe01,2016,SAC,3156600
casspom01,2016,SAC,3000000
butleca01,2016,SAC,1499187
anderja01,2016,SAC,1015421
acyqu01,2016,SAC,981348
curryse01,2016,SAC,947276
ellinwa01,2016,SAC,923670
moreler01,2016,SAC,845059
dukandu01,2016,SAC,525093
hendema01,2016,SAC,35000
huntevi01,2016,SAC,35000
aldrila01,2016,SAS,19500000
leonaka01,2016,SAS,16500000
parketo01,2016,SAS,13437500
greenda02,2016,SAS,10000000
diawbo01,2016,SAS,7000000
duncati01,2016,SAS,5000000
millspa02,2016,SAS,3578947
ginobma01,2016,SAS,2814000
bonnema01,2016,SAS,1499187
butlera01,2016,SAS,1499187
westda01,2016,SAS,1499000
marjabo01,2016,SAS,1200000
anderky01,2016,SAS,1142879
mccalra01,2016,SAS,947276
simmojo02,2016,SAS,525093
fredeji01,2016,SAS,507711
millean02,2016,SAS,396844
martike02,2016,SAS,317475
carrode01,2016,TOR,13500000
lowryky01,2016,TOR,12000000
derozde01,2016,TOR,9500000
josepco01,2016,TOR,7000000
pattepa01,2016,TOR,6268675
valanjo01,2016,TOR,4660482
rosste01,2016,TOR,3553917
biyombi01,2016,TOR,3000000
scolalu01,2016,TOR,3000000
johnsja01,2016,TOR,2500000
noguelu01,2016,TOR,1842000
cabocbr01,2016,TOR,1524000
wrighde01,2016,TOR,1509360
bennean01,2016,TOR,947276
powelno01,2016,TOR,650000
thompja02,2016,TOR,328955
roberro01,2016,TOR,75000
kysermi01,2016,TOR,25000
scottsh02,2016,TOR,25000
toupaax01,2016,TOR,25000
haywago01,2016,UTA,15409570
favorde01,2016,UTA,11933333
burksal01,2016,UTA,9213484
booketr01,2016,UTA,4775000
exumda01,2016,UTA,3777720
pleisti01,2016,UTA,3000000
burketr01,2016,UTA,2658240
macksh01,2016,UTA,2433333
inglejo01,2016,UTA,2250000
lylestr01,2016,UTA,2239800
hoodro01,2016,UTA,1348440
goberru01,2016,UTA,1175880
netora01,2016,UTA,1000000
johnsch04,2016,UTA,981348
jerregr01,2016,UTA,947276
witheje01,2016,UTA,947276
millsel01,2016,UTA,362878
obriejj01,2016,UTA,105888
greener01,2016,UTA,99418
grahatr01,2016,UTA,75000
singlej01,2016,UTA,50000
walljo01,2016,WAS,15851950
hilarne01,2016,WAS,13000000
gortama01,2016,WAS,11217391
morrima02,2016,WAS,8000000
bealbr01,2016,WAS,5694674
webstma02,2016,WAS,5613500
porteot01,2016,WAS,4662960
dudleja01,2016,WAS,4250000
anderal01,2016,WAS,4000000
goodedr01,2016,WAS,3300000
sessira01,2016,WAS,2170465
nealga01,2016,WAS,2100000
oubreke01,2016,WAS,1920240
templga01,2016,WAS,1100602
eddieja01,2016,WAS,561716
hicksjj01,2016,WAS,366337
thornma01,2016,WAS,251107
holliry01,2016,WAS,176375
horfoal01,2015,ATL,12000000
millspa01,2015,ATL,9500000
teaguje01,2015,ATL,8000000
korveky01,2015,ATL,6253521
sefolth01,2015,ATL,4150000
scottmi01,2015,ATL,3333333
carrode01,2015,ATL,2442455
macksh01,2015,ATL,2433333
bazemke01,2015,ATL,2000000
brandel01,2015,ATL,2000000
schrode01,2015,ATL,1690680
jenkijo01,2015,ATL,1312920
anticpe01,2015,ATL,1250000
salmojo01,2015,ATL,1000000
muscami01,2015,ATL,816482
dayeau01,2015,ATL,125104
eddieja01,2015,ATL,29843
wallage01,2015,BOS,10105855
thomais02,2015,BOS,7238606
bradlav01,2015,BOS,7191011
bassbr01,2015,BOS,6900000
jerebjo01,2015,BOS,4500000
smartma01,2015,BOS,3283320
turneev01,2015,BOS,3278000
bynumwi01,2015,BOS,2915908
robinna01,2015,BOS,2106720
favervi01,2015,BOS,2090000
olynyke01,2015,BOS,2075760
datomlu01,2015,BOS,1750000
zellety01,2015,BOS,1703760
youngja01,2015,BOS,1674480
sullija01,2015,BOS,1424520
crowdja01,2015,BOS,915243
douglch01,2015,BOS,915243
pressph01,2015,BOS,816482
murpher01,2015,BOS,100000
dawkian01,2015,BOS,59686
babbch01,2015,BOS,48028
johnsjo02,2015,BRK,23180790
willide01,2015,BRK,19754465
lopezbr01,2015,BRK,15719063
youngth01,2015,BRK,9410870
jackja01,2015,BRK,6300000
outlatr01,2015,BRK,4000000
teletmi01,2015,BRK,3368100
bogdabo02,2015,BRK,3278000
karasse01,2015,BRK,1533840
plumlma01,2015,BRK,1357080
anderal01,2015,BRK,1276061
jordaje01,2015,BRK,915243
morrida01,2015,BRK,702756
brownma02,2015,BRK,507336
jeffeco01,2015,BRK,507336
clarkea01,2015,BRK,62552
rosede01,2015,CHI,18862875
boozeca01,2015,CHI,13550000
noahjo01,2015,CHI,12200000
gibsota01,2015,CHI,8000000
gasolpa01,2015,CHI,7128000
mirotni01,2015,CHI,5305000
dunlemi02,2015,CHI,3326235
hinriki01,2015,CHI,2730000
mcderdo01,2015,CHI,2277960
butleji01,2015,CHI,2008748
snellto01,2015,CHI,1472400
mohamna01,2015,CHI,1448490
brookaa01,2015,CHI,1145685
mooreet01,2015,CHI,948163
bairsca01,2015,CHI,507336
hamilri01,2015,CHI,333333
jeffeal01,2015,CHO,13666667
thomaty01,2015,CHO,9388000
stephla01,2015,CHO,9000000
willima02,2015,CHO,7000000
hendege02,2015,CHO,6000000
kiddgmi01,2015,CHO,5016960
zelleco01,2015,CHO,4030560
biyombi01,2015,CHO,3873398
willima01,2015,CHO,3750000
walkeke02,2015,CHO,3272091
roberbr01,2015,CHO,2732000
vonleno01,2015,CHO,2524200
pargoja01,2015,CHO,1448490
maxieja01,2015,CHO,1316809
hairspj02,2015,CHO,1149720
tayloje03,2015,CHO,915243
danietr01,2015,CHO,816482
williel01,2015,CHO,53838
jamesle01,2015,CLE,20644400
loveke01,2015,CLE,15719062
varejan01,2015,CLE,9704595
irvinky01,2015,CLE,7070730
smithjr01,2015,CLE,6516000
thomptr01,2015,CLE,5138430
mozgoti01,2015,CLE,4650000
millemi01,2015,CLE,2732000
shumpim01,2015,CLE,2616975
haywobr01,2015,CLE,2213688
mariosh01,2015,CLE,1448490
jonesja02,2015,CLE,1448490
harrijo01,2015,CLE,884879
dellama01,2015,CLE,816482
perkike01,2015,CLE,434547
parsoch01,2015,DAL,14700000
chandty01,2015,DAL,14598888
rondora01,2015,DAL,12909091
ellismo01,2015,DAL,8360000
nowitdi01,2015,DAL,7974482
haywobr01,2015,DAL,7798000
harride01,2015,DAL,3878000
feltora01,2015,DAL,3793693
jefferi01,2015,DAL,1448490
villach01,2015,DAL,1316809
bareajo01,2015,DAL,1310286
aminual01,2015,DAL,981084
smithgr02,2015,DAL,948163
jamesbe01,2015,DAL,915243
mekelga01,2015,DAL,816482
ledori01,2015,DAL,816482
poweldw01,2015,DAL,507336
stoudam01,2015,DAL,485670
jamesbe01,2015,DAL,236866
griffer01,2015,DAL,150000
johnsiv01,2015,DAL,25000
lawsoty01,2015,DEN,11595506
gallida01,2015,DEN,10854850
chandwi01,2015,DEN,6757913
hicksjj01,2015,DEN,5381750
arthuda01,2015,DEN,3457149
foyera01,2015,DEN,3135000
nelsoja01,2015,DEN,2732000
farieke01,2015,DEN,2249768
lauvejo01,2015,DEN,1790280
nurkiju01,2015,DEN,1762680
harriga01,2015,DEN,1519200
clavevi01,2015,DEN,1370000
randosh01,2015,DEN,1227985
bartowi01,2015,DEN,915243
clarkia01,2015,DEN,816482
greener01,2015,DEN,507336
millequ01,2015,DEN,150000
benimje01,2015,DEN,35000
frankja01,2015,DEN,19914
smithjo03,2015,DET,14000000
jennibr01,2015,DET,8000000
ilyaser01,2015,DET,7900000
princta01,2015,DET,7707865
meeksjo01,2015,DET,6000000
monrogr01,2015,DET,5479934
anthojo01,2015,DET,3800000
tollian01,2015,DET,3000000
caldwke01,2015,DET,2772480
drumman01,2015,DET,2568360
jacksre01,2015,DET,2204370
grayaa01,2015,DET,1227985
martica01,2015,DET,1145685
dinwisp01,2015,DET,700000
lucasjo02,2015,DET,123827
millequ01,2015,DET,107676
leeda02,2015,GSW,15012000
bogutan01,2015,GSW,12972973
iguodan01,2015,GSW,12289544
curryst01,2015,GSW,10629213
livinsh01,2015,GSW,5305000
speigma01,2015,GSW,3657500
thompkl01,2015,GSW,3075880
barneha02,2015,GSW,3049920
barbole01,2015,GSW,1448490
rushbr01,2015,GSW,1145685
ezelife01,2015,GSW,1112880
nedovne01,2015,GSW,1104240
greendr01,2015,GSW,915243
holidju01,2015,GSW,816482
kuzmiog01,2015,GSW,816482
mcadoja01,2015,GSW,167122
craftaa01,2015,GSW,35000
wattmi01,2015,GSW,35000
kilpase01,2015,GSW,35000
howardw01,2015,HOU,21436271
hardeja01,2015,HOU,14728844
arizatr01,2015,HOU,8579089
scolalu01,2015,HOU,6541000
scolalu01,2015,HOU,6172538
terryja01,2015,HOU,5850313
papanko01,2015,HOU,4800000
breweco01,2015,HOU,4702500
smithjo03,2015,HOU,2077000
prigipa01,2015,HOU,1662961
joneste01,2015,HOU,1618680
motiedo01,2015,HOU,1483920
garcifr01,2015,HOU,1316809
capelca01,2015,HOU,1189200
smithis01,2015,HOU,981084
adrieje01,2015,HOU,981084
dorsejo01,2015,HOU,948163
beverpa01,2015,HOU,915243
johnsni01,2015,HOU,507336
mcdankj01,2015,HOU,507336
covinro01,2015,HOU,150000
mitchak01,2015,HOU,150000
georgpa01,2015,IND,15925680
hibbero01,2015,IND,14898938
westda01,2015,IND,12000000
hillge01,2015,IND,8000000
scolalu01,2015,IND,4868499
milescj01,2015,IND,4205000
mahinia01,2015,IND,4000000
copelch01,2015,IND,3135000
watsocj01,2015,IND,2106720
hillso01,2015,IND,1302840
stuckro01,2015,IND,1227985
rudezda01,2015,IND,1100000
allenla01,2015,IND,948163
sloando01,2015,IND,948163
whittsh01,2015,IND,507336
paulch01,2015,LAC,20068563
griffbl01,2015,LAC,17674612
jordade01,2015,LAC,11440124
redicjj01,2015,LAC,6583500
crawfja01,2015,LAC,5450000
hawessp01,2015,LAC,5305000
barnema02,2015,LAC,3396250
riverau01,2015,LAC,2439840
farmajo01,2015,LAC,2077000
turkohe01,2015,LAC,1448490
davisgl01,2015,LAC,1227985
wilcocj01,2015,LAC,1109760
udohek01,2015,LAC,981084
delfica01,2015,LAC,650000
jonesda02,2015,LAC,387632
radulmi01,2015,LAC,300000
robinna01,2015,LAC,154918
hamiljo02,2015,LAC,150591
hudsole01,2015,LAC,55774
bryanko01,2015,LAL,23500000
nashst01,2015,LAL,9701000
hilljo01,2015,LAL,9000000
linje01,2015,LAL,8374646
youngni01,2015,LAL,4994420
boozeca01,2015,LAL,3250000
randlju01,2015,LAL,2997360
kellyry01,2015,LAL,1650000
pricero01,2015,LAL,1316809
henryxa01,2015,LAL,1082000
ellinwa01,2015,LAL,1063384
johnswe01,2015,LAL,981084
davised01,2015,LAL,981084
sacrero01,2015,LAL,915243
clarkjo01,2015,LAL,507336
blackta01,2015,LAL,507336
buyckdw01,2015,LAL,48028
brownja01,2015,LAL,44765
randoza01,2015,MEM,16500000
gasolma01,2015,MEM,15829688
greenje02,2015,MEM,9445000
conlemi01,2015,MEM,8894216
leeco01,2015,MEM,5450000
allento01,2015,MEM,4831461
cartevi01,2015,MEM,3911981
koufoko01,2015,MEM,3000000
udrihbe01,2015,MEM,2077000
adamsjo01,2015,MEM,1344120
leuerjo01,2015,MEM,967500
calatni01,2015,MEM,816482
smithru01,2015,MEM,816482
stokeja01,2015,MEM,725000
melofa01,2015,MEM,437080
frankja01,2015,MEM,163296
thomaty01,2015,MEM,72234
greenja01,2015,MEM,59686
boshch01,2015,MIA,20644400
wadedw01,2015,MIA,15000000
denglu01,2015,MIA,9714461
dragigo01,2015,MIA,7500000
millemi01,2015,MIA,6600000
anderch01,2015,MIA,5375000
mcrobjo01,2015,MIA,5305000
chalmma01,2015,MIA,4000000
hasleud01,2015,MIA,2732000
dragizo01,2015,MIA,1962103
napiesh01,2015,MIA,1238640
whiteha01,2015,MIA,769881
ennisja01,2015,MIA,507336
johnsty01,2015,MIA,507336
beaslmi01,2015,MIA,330226
walkebi01,2015,MIA,115422
birchkh01,2015,MIA,50000
sandela01,2015,MIL,11000000
mayooj01,2015,MIL,8000000
goodedr01,2015,MIL,6680000
pachuza01,2015,MIL,5200000
parkeja01,2015,MIL,4930560
butleca01,2015,MIL,4500000
dudleja01,2015,MIL,4250000
bayleje01,2015,MIL,3000000
cartemi01,2015,MIL,2300040
hensojo01,2015,MIL,1987320
antetgi01,2015,MIL,1873200
ennisty01,2015,MIL,1590720
willish03,2015,MIL,1227985
plumlmi01,2015,MIL,1169880
middlkh01,2015,MIL,915243
inglida01,2015,MIL,820000
woltena01,2015,MIL,816482
obryajo01,2015,MIL,600000
martike01,2015,MIL,414551
johnsch04,2015,MIL,107674
gutiejo01,2015,MIL,59686
pekovni01,2015,MIN,12100000
garneke01,2015,MIN,12000000
martike02,2015,MIN,6792500
bennean01,2015,MIN,5563920
wiggian01,2015,MIN,5510640
rubiori01,2015,MIN,5070686
budinch01,2015,MIN,5000000
nealga01,2015,MIN,3250000
lavinza01,2015,MIN,2055840
muhamsh01,2015,MIN,1971960
paynead01,2015,MIN,1855320
dienggo01,2015,MIN,1413480
hummero01,2015,MIN,880000
hamilju01,2015,MIN,816482
brownlo01,2015,MIN,283367
radulmi01,2015,MIN,96100
onuakar01,2015,MIN,43226
kilpase01,2015,MIN,29843
gordoer01,2015,NOP,14898938
evansty01,2015,NOP,10763500
holidjr01,2015,NOP,9904495
anderry01,2015,NOP,8491500
asikom01,2015,NOP,8374646
davisan02,2015,NOP,5607240
pondequ01,2015,NOP,3146068
coleno01,2015,NOP,2038206
ajincal01,2015,NOP,981084
babbilu01,2015,NOP,981084
fredeji01,2015,NOP,948163
cunnida01,2015,NOP,831942
witheje01,2015,NOP,816482
mekelga01,2015,NOP,633974
milleda01,2015,NOP,400000
douglto01,2015,NOP,268974
williel01,2015,NOP,107676
youngpa01,2015,NOP,100000
woltena01,2015,NOP,96056
stoudam01,2015,NYK,23410988
anthoca01,2015,NYK,22458000
bargnan01,2015,NYK,11500000
caldejo01,2015,NYK,7097191
dalemsa01,2015,NYK,3867282
shvedal01,2015,NYK,3282056
smithja02,2015,NYK,3278000
larkish01,2015,NYK,1606080
hardati02,2015,NYK,1250640
moultar01,2015,NYK,1136160
aldrico01,2015,NYK,981084
acyqu01,2015,NYK,915243
earlycl01,2015,NYK,507336
weartr01,2015,NYK,507336
amundlo01,2015,NYK,409167
thomala01,2015,NYK,403784
gallola01,2015,NYK,235762
ledori01,2015,NYK,96056
kirkal01,2015,NYK,65000
sanchor01,2015,NYK,15000
duranke01,2015,OKC,18995624
westbru01,2015,OKC,15719062
ibakase01,2015,OKC,12350000
kanteen01,2015,OKC,5694674
waitedi01,2015,OKC,4062000
novakst01,2015,OKC,3445946
morroan01,2015,OKC,3200000
augusdj01,2015,OKC,3000000
collini01,2015,OKC,2242003
lambje01,2015,OKC,2202000
adamsst01,2015,OKC,2184960
mcgarmi01,2015,OKC,1400040
roberan03,2015,OKC,1160880
jonespe01,2015,OKC,1129200
singlky01,2015,OKC,1090000
telfase01,2015,OKC,915243
fryech01,2015,ORL,8175476
davisgl01,2015,ORL,6600000
oladivi01,2015,ORL,4978200
gordobe01,2015,ORL,4500000
gordoaa01,2015,ORL,3992040
harrial01,2015,ORL,3805000
vucevni01,2015,ORL,2751260
ridnolu01,2015,ORL,2750000
paytoel01,2015,ORL,2397840
harrito02,2015,ORL,2380594
harklma01,2015,ORL,1887840
randoan01,2015,ORL,1825359
nichoan01,2015,ORL,1545840
fournev01,2015,ORL,1483920
greenwi01,2015,ORL,1448490
oquinky01,2015,ORL,915243
marblde01,2015,ORL,884879
dedmode01,2015,ORL,816482
curryse01,2015,ORL,100000
sivape01,2015,ORL,100000
mcgeeja01,2015,PHI,11250000
richaja01,2015,PHI,6601125
embiijo01,2015,PHI,4427640
mbahalu01,2015,PHI,4382576
robinth01,2015,PHI,3678360
kirilan01,2015,PHI,3326235
noelne01,2015,PHI,3315120
outlatr01,2015,PHI,3000000
aldemfu01,2015,PHI,3000000
maynoer01,2015,PHI,2106720
turiaro01,2015,PHI,1500000
wroteto01,2015,PHI,1210080
teaguma01,2015,PHI,1120920
covinro01,2015,PHI,1000000
smithis01,2015,PHI,981084
simshe01,2015,PHI,915243
grantje01,2015,PHI,884879
thompho01,2015,PHI,816482
canaais01,2015,PHI,816482
sampsja02,2015,PHI,507336
robingl02,2015,PHI,507336
thomama01,2015,PHI,474000
jackspi01,2015,PHI,400000
varnaja01,2015,PHI,75000
drewla02,2015,PHI,59686
fraziti01,2015,PHI,59686
gordodr01,2015,PHI,40000
bledser01,2015,PHO,12173913
thornma01,2015,PHO,8575000
childjo01,2015,PHO,7317500
tuckepj01,2015,PHO,5700000
wrighbr03,2015,PHO,5000000
lenal01,2015,PHO,3649920
knighbr03,2015,PHO,3553917
greenge01,2015,PHO,3500000
morrima02,2015,PHO,2989239
morrima03,2015,PHO,2943221
grangda01,2015,PHO,2077000
salmojo01,2015,PHO,2000000
warretj01,2015,PHO,1953120
bullore01,2015,PHO,1200720
goodwar01,2015,PHO,1112280
marshke01,2015,PHO,915243
mitchto02,2015,PHO,816482
beaslmi01,2015,PHO,777778
barroea01,2015,PHO,107676
priceaj01,2015,PHO,62552
curryse01,2015,PHO,48028
mcneaje01,2015,PHO,29843
roybr01,2015,POR,19317326
aldrila01,2015,POR,16006000
batumni01,2015,POR,11765500
afflaar01,2015,POR,7750000
matthwe02,2015,POR,7245640
lopezro01,2015,POR,6124728
kamanch01,2015,POR,4800000
lillada01,2015,POR,3340920
wrighdo01,2015,POR,3150000
freeljo01,2015,POR,3013512
mccolcj01,2015,POR,2421000
leoname01,2015,POR,2317920
blakest01,2015,POR,2077000
geeal01,2015,POR,1063384
garredi02,2015,POR,915243
crabbal01,2015,POR,862000
fraziti01,2015,POR,50734
gayru01,2015,SAC,19317325
couside01,2015,SAC,13701250
landrca01,2015,SAC,6500000
willide02,2015,SAC,6331404
thompja02,2015,SAC,6037500
collida01,2015,SAC,4797664
millean02,2015,SAC,4625000
mclembe01,2015,SAC,3026280
stausni01,2015,SAC,2745840
evansre01,2015,SAC,1768653
holliry01,2015,SAC,1316809
casspom01,2015,SAC,1063384
ellinwa01,2015,SAC,923780
mccalra01,2015,SAC,816482
moreler01,2015,SAC,507336
millequ01,2015,SAC,107676
stockda01,2015,SAC,29843
wearda01,2015,SAC,29843
bhullsi01,2015,SAC,29843
parketo01,2015,SAS,12500000
duncati01,2015,SAS,10000000
splitti01,2015,SAS,9250000
diawbo01,2015,SAS,7500000
ginobma01,2015,SAS,7000000
greenda02,2015,SAS,4025000
millspa02,2015,SAS,3842105
leonaka01,2015,SAS,2894059
belinma01,2015,SAS,2873750
baynear01,2015,SAS,2077000
josepco01,2015,SAS,2023261
pendeje02,2015,SAS,1828750
bonnema01,2015,SAS,1448490
anderky01,2015,SAS,1093680
dayeau01,2015,SAS,1063384
willire02,2015,SAS,125104
cottobr01,2015,SAS,50000
davisjo03,2015,SAS,20000
lowryky01,2015,TOR,12000000
derozde01,2015,TOR,9500000
johnsam01,2015,TOR,7000000
vasqugr01,2015,TOR,6400000
fieldla01,2015,TOR,6250000
hayesch01,2015,TOR,5958750
pattepa01,2015,TOR,5831326
willilo02,2015,TOR,5450000
valanjo01,2015,TOR,3678360
hansbty01,2015,TOR,3326235
rosste01,2015,TOR,2793960
johnsja01,2015,TOR,2500000
noguelu01,2015,TOR,1762680
cabocbr01,2015,TOR,1458360
stiemgr01,2015,TOR,981084
cambyma01,2015,TOR,646609
cherrwi01,2015,TOR,25000
haywago01,2015,UTA,14746000
favorde01,2015,UTA,12833333
perkike01,2015,UTA,9654342
booketr01,2015,UTA,5000000
exumda01,2015,UTA,3615000
burksal01,2015,UTA,3034356
burketr01,2015,UTA,2548560
evansje01,2015,UTA,1794871
hoodro01,2015,UTA,1290360
goberru01,2015,UTA,1127400
felixca01,2015,UTA,816482
jerregr01,2015,UTA,816481
inglejo01,2015,UTA,507336
murryto01,2015,UTA,250000
millsel01,2015,UTA,241731
cooleja01,2015,UTA,187357
johnsch04,2015,UTA,166897
cottobr01,2015,UTA,152200
bostde01,2015,UTA,65000
bostde01,2015,UTA,65000
murphke01,2015,UTA,65000
williel01,2015,UTA,53838
benimje01,2015,UTA,29843
walljo01,2015,WAS,14746000
hilarne01,2015,WAS,13000000
gortama01,2015,WAS,10434782
blatcan01,2015,WAS,8471339
webstma02,2015,WAS,5381750
piercpa01,2015,WAS,5305000
bealbr01,2015,WAS,4505280
porteot01,2015,WAS,4470480
humphkr01,2015,WAS,4300000
serapke01,2015,WAS,3898692
sessira01,2015,WAS,2077000
blairde01,2015,WAS,2000000
butlera01,2015,WAS,1448490
goodedr01,2015,WAS,1448000
templga01,2015,WAS,981084
ricegl02,2015,WAS,400000
bynumwi01,2015,WAS,144468
murryto01,2015,WAS,96056
horfoal01,2014,ATL,12000000
millspa01,2014,ATL,9500000
teaguje01,2014,ATL,8000000
korveky01,2014,ATL,6760563
willilo02,2014,ATL,5225000
brandel01,2014,ATL,4000000
carrode01,2014,ATL,2557545
ayongu01,2014,ATL,1500000
schrode01,2014,ATL,1348200
jenkijo01,2014,ATL,1258800
cunnija01,2014,ATL,1208400
macksh01,2014,ATL,884293
scottmi01,2014,ATL,788872
muscami01,2014,ATL,161471
tylerje01,2014,ATL,100000
humphkr01,2014,BOS,12000000
rondora01,2014,BOS,11954545
wallage01,2014,BOS,10105855
greenje02,2014,BOS,8965000
bassbr01,2014,BOS,6450000
boganke01,2014,BOS,5058198
bradlav01,2014,BOS,2511432
crawfjo02,2014,BOS,2162419
olynyke01,2014,BOS,1986360
sullija01,2014,BOS,1365720
brookma01,2014,BOS,1210080
johnsjo02,2014,BRK,21466718
willide01,2014,BRK,18466130
piercpa01,2014,BRK,15333334
lopezbr01,2014,BRK,14693906
garneke01,2014,BRK,12443735
terryja01,2014,BRK,5625313
teletmi01,2014,BRK,3229050
kirilan01,2014,BRK,3183000
evansre01,2014,BRK,1695635
blatcan01,2014,BRK,1375604
plumlma01,2014,BRK,1298640
livinsh01,2014,BRK,1272279
anderal01,2014,BRK,947907
shengto01,2014,BRK,788872
tayloty01,2014,BRK,788872
jeffeal01,2014,CHA,13500000
gordobe01,2014,CHA,13200000
hendege02,2014,CHA,6000000
sessira01,2014,CHA,5000000
kiddgmi01,2014,CHA,4809840
zelleco01,2014,CHA,3857040
biyombi01,2014,CHA,3049920
mcrobjo01,2014,CHA,2652000
walkeke02,2014,CHA,2568360
haywobr01,2014,CHA,2050000
pargoja01,2014,CHA,1399507
tollian01,2014,CHA,1027424
adrieje01,2014,CHA,916099
tayloje03,2014,CHA,788872
rosede01,2014,CHI,17632688
boozeca01,2014,CHI,15300000
denglu01,2014,CHI,14275000
noahjo01,2014,CHI,11100000
gibsota01,2014,CHI,7550000
bynuman01,2014,CHI,6000000
hinriki01,2014,CHI,4059000
dunlemi02,2014,CHI,3183000
snellto01,2014,CHI,1409040
mohamna01,2014,CHI,1399507
butleji01,2014,CHI,1112880
teaguma01,2014,CHI,1074720
hamilri01,2014,CHI,1000000
varejan01,2014,CLE,9036364
jackja01,2014,CLE,6300000
irvinky01,2014,CLE,5607240
bennean01,2014,CLE,5324280
clarkea01,2014,CLE,4250000
thomptr01,2014,CLE,4062000
waitedi01,2014,CLE,3894240
geeal01,2014,CLE,3250000
milescj01,2014,CLE,2225000
zellety01,2014,CLE,1633440
karasse01,2014,CLE,1467840
felixca01,2014,CLE,510000
nowitdi01,2014,DAL,22721381
mariosh01,2014,DAL,9316796
ellismo01,2014,DAL,8000000
caldejo01,2014,DAL,6791570
wrighbr03,2014,DAL,5000000
dalemsa01,2014,DAL,3700748
cartevi01,2014,DAL,3180000
ellinwa01,2014,DAL,2652000
larkish01,2014,DAL,1536960
harride01,2014,DAL,1272279
blairde01,2014,DAL,947907
jamesbe01,2014,DAL,788872
crowdja01,2014,DAL,788872
melofa01,2014,DAL,788872
ledori01,2014,DAL,544000
lawsoty01,2014,DEN,10786517
mcgeeja01,2014,DEN,10750000
gallida01,2014,DEN,10146925
chandwi01,2014,DEN,6344164
hicksjj01,2014,DEN,5150000
millean02,2014,DEN,5000000
mozgoti01,2014,DEN,4400000
arthuda01,2014,DEN,3231683
foyera01,2014,DEN,3000000
robinna01,2014,DEN,2016000
randoan01,2014,DEN,1750000
fournev01,2014,DEN,1422720
farieke01,2014,DEN,1367640
hamiljo02,2014,DEN,1169880
millequ01,2014,DEN,788872
smithjo03,2014,DET,13500000
villach01,2014,DET,8580000
stuckro01,2014,DET,8500000
jennibr01,2014,DET,7655503
jerebjo01,2014,DET,4500000
monrogr01,2014,DET,4086454
bynumwi01,2014,DET,2790343
caldwke01,2014,DET,2653080
billuch01,2014,DET,2500000
drumman01,2014,DET,2462400
singlky01,2014,DET,1045000
harrejo01,2014,DET,884293
mitchto02,2014,DET,500000
bogutan01,2014,GSW,14000000
leeda02,2014,GSW,13878000
iguodan01,2014,GSW,12868632
curryst01,2014,GSW,9887642
speigma01,2014,GSW,3500000
barneha02,2014,GSW,2923920
thompkl01,2014,GSW,2317920
onealje01,2014,GSW,2000000
douglto01,2014,GSW,1600000
ezelife01,2014,GSW,1066920
nedovne01,2014,GSW,1056720
greendr01,2014,GSW,875500
bazemke01,2014,GSW,788872
howardw01,2014,HOU,20513178
hardeja01,2014,HOU,13701250
linje01,2014,HOU,8374646
asikom01,2014,HOU,8374646
joneste01,2014,HOU,1551840
motiedo01,2014,HOU,1422720
cambyma01,2014,HOU,1399507
garcifr01,2014,HOU,1265977
brewero02,2014,HOU,1186459
brookaa01,2014,HOU,1027424
casspom01,2014,HOU,947907
willire02,2014,HOU,947907
parsoch01,2014,HOU,926500
smithgr02,2014,HOU,884293
beverpa01,2014,HOU,788872
canaais01,2014,HOU,570515
honeyty01,2014,HOU,100000
hibbero01,2014,IND,14283844
westda01,2014,IND,12000000
hillge01,2014,IND,8000000
scolalu01,2014,IND,4508504
mahinia01,2014,IND,4000000
georgpa01,2014,IND,3282003
copelch01,2014,IND,3000000
watsocj01,2014,IND,2016000
hillso01,2014,IND,1246680
stephla01,2014,IND,1005000
sloando01,2014,IND,884293
johnsor01,2014,IND,788872
paulch01,2014,LAC,18668431
griffbl01,2014,LAC,16441500
jordade01,2014,LAC,10986550
redicjj01,2014,LAC,6300000
crawfja01,2014,LAC,5225000
dudleja01,2014,LAC,4250000
barnema02,2014,LAC,3250000
collida01,2014,LAC,1900000
greenwi01,2014,LAC,1399507
jamisan01,2014,LAC,1399507
holliry01,2014,LAC,1186459
bullore01,2014,LAC,1149000
mulleby01,2014,LAC,947907
bryanko01,2014,LAL,30453805
gasolpa01,2014,LAL,19285850
nashst01,2014,LAL,9300500
blakest01,2014,LAL,4000000
hilljo01,2014,LAL,3563600
kamanch01,2014,LAL,3183000
meeksjo01,2014,LAL,1550000
duhonch01,2014,LAL,1500000
youngni01,2014,LAL,1106942
farmajo01,2014,LAL,1106941
johnswe01,2014,LAL,916099
sacrero01,2014,LAL,788872
kellyry01,2014,LAL,490180
randoza01,2014,MEM,17800000
gasolma01,2014,MEM,14860523
conlemi01,2014,MEM,8000001
princta01,2014,MEM,7235955
leeco01,2014,MEM,5225000
allento01,2014,MEM,4494382
davised01,2014,MEM,3153860
bayleje01,2014,MEM,3135000
koufoko01,2014,MEM,3000000
pondequ01,2014,MEM,2225479
millemi01,2014,MEM,1399507
melofa01,2014,MEM,1311240
wroteto01,2014,MEM,1160040
akognjo01,2014,MEM,788872
frankja01,2014,MEM,535000
boshch01,2014,MIA,19067500
jamesle01,2014,MIA,19067500
wadedw01,2014,MIA,18673000
hasleud01,2014,MIA,4340000
chalmma01,2014,MIA,4000000
anthojo01,2014,MIA,3800000
battish01,2014,MIA,3270000
allenra02,2014,MIA,3229050
lewisra02,2014,MIA,1399507
anderch01,2014,MIA,1399507
coleno01,2014,MIA,1129200
odengr01,2014,MIA,1027424
beaslmi01,2014,MIA,1027424
varnaja01,2014,MIA,788872
mayooj01,2014,MIL,8000000
ilyaser01,2014,MIL,7900000
pachuza01,2014,MIL,5200000
udohek01,2014,MIL,4469548
ridnolu01,2014,MIL,4320000
delfica01,2014,MIL,3250000
nealga01,2014,MIL,3250000
sandela01,2014,MIL,3053368
knighbr03,2014,MIL,2793960
hensojo01,2014,MIL,1905360
antetgi01,2014,MIL,1792560
kravtvi01,2014,MIL,1500000
smithis01,2014,MIL,951463
middlkh01,2014,MIL,788872
woltena01,2014,MIL,500000
loveke01,2014,MIN,14693906
pekovni01,2014,MIN,12100000
martike02,2014,MIN,6500000
willide02,2014,MIN,5016960
budinch01,2014,MIN,5000000
bareajo01,2014,MIN,4687000
breweco01,2014,MIN,4500000
rubiori01,2014,MIN,4002120
shvedal01,2014,MIN,3150000
cunnida01,2014,MIN,2180000
muhamsh01,2014,MIN,1887120
turiaro01,2014,MIN,1500000
dienggo01,2014,MIN,1352640
johnsch03,2014,MIN,916099
gordoer01,2014,NOP,14283844
evansty01,2014,NOP,10300000
holidjr01,2014,NOP,9213484
anderry01,2014,NOP,8308500
davisan02,2014,NOP,5375760
aminual01,2014,NOP,3700000
stiemgr01,2014,NOP,2676000
smithja02,2014,NOP,2500000
riverau01,2014,NOP,2339040
morroan01,2014,NOP,1027424
thomala01,2014,NOP,884293
roberbr01,2014,NOP,788872
milleda01,2014,NOP,788872
witheje01,2014,NOP,490180
jerregr01,2014,NOP,28834
anthoca01,2014,NYK,22407474
stoudam01,2014,NYK,21679893
chandty01,2014,NYK,14100538
bargnan01,2014,NYK,11862500
smithjr01,2014,NYK,5565000
feltora01,2014,NYK,3637073
shumpim01,2014,NYK,1703760
prigipa01,2014,NYK,1591350
artesro01,2014,NYK,1590000
martike01,2014,NYK,1399507
udrihbe01,2014,NYK,1272279
hardati02,2014,NYK,1196760
tylerje01,2014,NYK,884293
duranke01,2014,OKC,17832627
westbru01,2014,OKC,14693906
ibakase01,2014,OKC,12250000
perkike01,2014,OKC,8477437
sefolth01,2014,OKC,3900000
collini01,2014,OKC,2585668
lambje01,2014,OKC,2111160
adamsst01,2014,OKC,2090880
fishede01,2014,OKC,1399507
jacksre01,2014,OKC,1260360
thabeha01,2014,OKC,1200000
gomesry01,2014,OKC,1186459
roberan03,2014,OKC,1110840
jonespe01,2014,OKC,1082520
arenagi01,2014,ORL,22346536
turkohe01,2014,ORL,12000000
nelsoja01,2014,ORL,8600000
afflaar01,2014,ORL,7312500
davisgl01,2014,ORL,6400000
oladivi01,2014,ORL,4763760
harrial01,2014,ORL,3574300
richaqu01,2014,ORL,2808600
maxieja01,2014,ORL,2500000
harklma01,2014,ORL,1809840
vucevni01,2014,ORL,1793520
harrito02,2014,ORL,1545840
nichoan01,2014,ORL,1482000
pricero01,2014,ORL,1265977
mooreet01,2014,ORL,884293
lambdo01,2014,ORL,788872
oquinky01,2014,ORL,788872
grangda01,2014,PHI,14021788
youngth01,2014,PHI,8600000
turneev01,2014,PHI,6679867
hawessp01,2014,PHI,6500000
richaja01,2014,PHI,6204250
noelne01,2014,PHI,3172320
allenla01,2014,PHI,3060000
brownkw01,2014,PHI,2945901
cartemi01,2014,PHI,2200920
whitero03,2014,PHI,1719480
moultar01,2014,PHI,1089240
morrida01,2014,PHI,1046269
anderja01,2014,PHI,916099
ohlbrti01,2014,PHI,788872
okafoem01,2014,PHO,14487500
butleca01,2014,PHO,8000000
dragigo01,2014,PHO,7500000
fryech01,2014,PHO,6400000
beaslmi01,2014,PHO,4666667
brownsh01,2014,PHO,3500000
greenge01,2014,PHO,3500000
lenal01,2014,PHO,3492720
bledser01,2014,PHO,2626473
morrima02,2014,PHO,2091840
marshke01,2014,PHO,2005560
morrima03,2014,PHO,1987320
plumlmi01,2014,PHO,1121520
goodwar01,2014,PHO,1064400
leema01,2014,PHO,884293
tuckepj01,2014,PHO,884293
haddaha01,2014,PHO,200000
roybr01,2014,POR,17888932
aldrila01,2014,POR,14128000
batumni01,2014,POR,11295250
matthwe02,2014,POR,6875480
lopezro01,2014,POR,5904261
robinth01,2014,POR,3526440
lillada01,2014,POR,3202920
wrighdo01,2014,POR,3000000
freeljo01,2014,POR,2897976
willima01,2014,POR,2652000
mccolcj01,2014,POR,2316720
leoname01,2014,POR,2222160
watsoea01,2014,POR,1399507
clavevi01,2014,POR,1330000
crabbal01,2014,POR,825000
bartowi01,2014,POR,788872
gayru01,2014,SAC,17888931
thornma01,2014,SAC,8050000
salmojo01,2014,SAC,7583000
landrca01,2014,SAC,6500000
hayesch01,2014,SAC,5722500
thompja02,2014,SAC,5643750
couside01,2014,SAC,4916974
mbahalu01,2014,SAC,4588384
brookaa01,2014,SAC,3396250
pattepa01,2014,SAC,3105302
outlatr01,2014,SAC,3000000
mclembe01,2014,SAC,2895960
fredeji01,2014,SAC,2439840
vasqugr01,2014,SAC,2150188
thomais02,2014,SAC,884293
parketo01,2014,SAS,12500000
duncati01,2014,SAS,10361446
splitti01,2014,SAS,10000000
ginobma01,2014,SAS,7500000
diawbo01,2014,SAS,4702500
bonnema01,2014,SAS,3945000
greenda02,2014,SAS,3762500
belinma01,2014,SAS,2750000
leonaka01,2014,SAS,1887840
pendeje02,2014,SAS,1750000
decolna01,2014,SAS,1463000
millspa02,2014,SAS,1133950
josepco01,2014,SAS,1120920
baynear01,2014,SAS,788872
derozde01,2014,TOR,9500000
johnsam01,2014,TOR,6500000
fieldla01,2014,TOR,6250000
lowryky01,2014,TOR,6210000
cambyma01,2014,TOR,4383773
novakst01,2014,TOR,3750000
valanjo01,2014,TOR,3526440
hansbty01,2014,TOR,3183000
grayaa01,2014,TOR,2690875
rosste01,2014,TOR,2678640
richaqu01,2014,TOR,1399507
augusdj01,2014,TOR,1267000
dayeau01,2014,TOR,947907
acyqu01,2014,TOR,788872
jefferi01,2014,UTA,11046000
biedran01,2014,UTA,9000000
willima02,2014,UTA,7500000
favorde01,2014,UTA,6008196
kanteen01,2014,UTA,4505280
rushbr01,2014,UTA,4000000
haywago01,2014,UTA,3452183
burketr01,2014,UTA,2438760
burksal01,2014,UTA,2202000
evansje01,2014,UTA,1660257
lucasjo02,2014,UTA,1600000
goberru01,2014,UTA,1078800
murpher01,2014,UTA,490180
hilarne01,2014,WAS,13000000
gortama01,2014,WAS,7727280
arizatr01,2014,WAS,7727280
walljo01,2014,WAS,7459925
webstma02,2014,WAS,5150000
bealbr01,2014,WAS,4319280
porteot01,2014,WAS,4278000
veselja01,2014,WAS,3340920
serapke01,2014,WAS,2761114
booketr01,2014,WAS,2350820
maynoer01,2014,WAS,2016000
singlch01,2014,WAS,1618680
harrial01,2014,WAS,1399507
templga01,2014,WAS,916099
ricegl02,2014,WAS,490180
smithjo03,2013,ATL,13200000
horfoal01,2013,ATL,12000000
harride01,2013,ATL,8500000
pachuza01,2013,ATL,5248750
korveky01,2013,ATL,5000000
willilo02,2013,ATL,5000000
petrojo01,2013,ATL,3500000
jonesda02,2013,ATL,2900000
teaguje01,2013,ATL,2433077
stevede01,2013,ATL,2240450
farmajo01,2013,ATL,1500000
jenkijo01,2013,ATL,1204560
johnsiv01,2013,ATL,962195
tollian01,2013,ATL,915852
tylerje01,2013,ATL,762195
willijo03,2013,ATL,762195
scottmi01,2013,ATL,473604
pargoja01,2013,ATL,165487
piercpa01,2013,BOS,16790345
garneke01,2013,BOS,11566265
rondora01,2013,BOS,11000000
greenje02,2013,BOS,8385000
bassbr01,2013,BOS,6000000
leeco01,2013,BOS,5000000
terryja01,2013,BOS,5000000
bradlav01,2013,BOS,1630800
wilcoch01,2013,BOS,1352181
doolike01,2013,BOS,1352181
sullija01,2013,BOS,1306920
melofa01,2013,BOS,1254720
crawfjo02,2013,BOS,1198680
willite01,2013,BOS,296776
whitedj01,2013,BOS,269368
josepkr01,2013,BOS,189442
milicda01,2013,BOS,159080
varnaja01,2013,BOS,33431
johnsjo02,2013,BRK,19752645
willide01,2013,BRK,17177795
lopezbr01,2013,BRK,13668750
humphkr01,2013,BRK,12000000
wallage01,2013,BRK,9682435
teletmi01,2013,BRK,3090000
evansre01,2013,BRK,1622617
stackje01,2013,BRK,1352181
boganke01,2013,BRK,1229225
brookma01,2013,BRK,1193280
blatcan01,2013,BRK,1146337
outlatr01,2013,BRK,1000000
shengto01,2013,BRK,473604
tayloty01,2013,BRK,473604
childjo01,2013,BRK,377474
jamesda01,2013,BRK,50258
gordobe01,2013,CHA,12400000
thomaty01,2013,CHA,8000000
diopde01,2013,CHA,7372200
sessira01,2013,CHA,5000000
kiddgmi01,2013,CHA,4602720
mcrobjo01,2013,CHA,3135000
hendege02,2013,CHA,3101327
biyombi01,2013,CHA,3007920
willire02,2013,CHA,2612500
walkeke02,2013,CHA,2532960
mulleby01,2013,CHA,2253306
haywobr01,2013,CHA,2050000
adrieje01,2013,CHA,804131
tayloje03,2013,CHA,575000
higgico01,2013,CHA,44835
rosede01,2013,CHI,16402500
boozeca01,2013,CHI,15000000
denglu01,2013,CHI,13305000
noahjo01,2013,CHI,11300000
hamilri01,2013,CHI,5000000
hinriki01,2013,CHI,3941000
gibsota01,2013,CHI,2155811
belinma01,2013,CHI,1957000
mohamna01,2013,CHI,1352181
radmavl01,2013,CHI,1352181
robinna01,2013,CHI,1146337
butleji01,2013,CHI,1097520
teaguma01,2013,CHI,1028400
cookda02,2013,CHI,589769
davisba01,2013,CLE,14850000
varejan01,2013,CLE,8368182
waltolu01,2013,CLE,6091363
irvinky01,2013,CLE,5530080
gibsoda01,2013,CLE,4792332
speigma01,2013,CLE,4200000
thomptr01,2013,CLE,4006080
waitedi01,2013,CLE,3726600
geeal01,2013,CLE,3500000
casspom01,2013,CLE,2277306
milescj01,2013,CLE,2225000
ellinwa01,2013,CLE,2083042
zellety01,2013,CLE,1563120
haranlu01,2013,CLE,1054389
azubuke01,2013,CLE,885120
livinsh01,2013,CLE,768720
pargoje01,2013,CLE,762195
selbyjo01,2013,CLE,762195
joneske01,2013,CLE,390027
samuesa01,2013,CLE,341756
sloando01,2013,CLE,251076
nowitdi01,2013,DAL,20907128
mariosh01,2013,DAL,8646364
kamanch01,2013,DAL,8000000
haywobr01,2013,DAL,6299000
mayooj01,2013,DAL,4020000
morroan01,2013,DAL,4000000
cartevi01,2013,DAL,3090000
collida01,2013,DAL,2319344
beaubro01,2013,DAL,2227333
brandel01,2013,DAL,2100500
jonesdo02,2013,DAL,1276560
cunnija01,2013,DAL,1156320
westde01,2013,DAL,992680
jamesmi01,2013,DAL,795401
crowdja01,2013,DAL,600491
jamesbe01,2013,DAL,473604
murphtr01,2013,DAL,214758
fishede01,2013,DAL,182942
douglch01,2013,DAL,72892
curryed01,2013,DAL,23852
iguodan01,2013,DEN,14968250
mcgeeja01,2013,DEN,10000000
gallida01,2013,DEN,9439000
chandwi01,2013,DEN,5930414
millean02,2013,DEN,5000000
anderch01,2013,DEN,4526000
breweco01,2013,DEN,3243000
mozgoti01,2013,DEN,3140429
koufoko01,2013,DEN,3000000
lawsoty01,2013,DEN,2544529
randoan01,2013,DEN,1674641
fournev01,2013,DEN,1361400
farieke01,2013,DEN,1348800
hamiljo02,2013,DEN,1153800
stoneju01,2013,DEN,762195
millequ01,2013,DEN,473604
caldejo01,2013,DET,11046591
maggeco01,2013,DET,10924138
stuckro01,2013,DET,8500000
villach01,2013,DET,8060000
maxieja01,2013,DET,5000000
jerebjo01,2013,DET,4500000
bynumwi01,2013,DET,3250000
monrogr01,2013,DET,3217680
knighbr03,2013,DET,2755560
drumman01,2013,DET,2356320
singlky01,2013,DET,1000000
engliki01,2013,DET,473604
middlkh01,2013,DET,473604
bogutan01,2013,GSW,13000000
leeda02,2013,GSW,12744000
jefferi01,2013,GSW,10164000
biedran01,2013,GSW,9000000
jackja01,2013,GSW,5400000
landrca01,2013,GSW,4000000
rushbr01,2013,GSW,4000000
curryst01,2013,GSW,3958742
barneha02,2013,GSW,2798040
thompkl01,2013,GSW,2286000
ezelife01,2013,GSW,1020960
greendr01,2013,GSW,850000
bazemke01,2013,GSW,473604
linje01,2013,HOU,8374646
asikom01,2013,HOU,8374646
garcifr01,2013,HOU,6100000
hardeja01,2013,HOU,5820417
scolalu01,2013,HOU,5259697
robinth01,2013,HOU,3374640
cookda02,2013,HOU,3090042
delfica01,2013,HOU,3000000
forbega01,2013,HOU,1500000
joneste01,2013,HOU,1485000
motiedo01,2013,HOU,1453520
haywala01,2013,HOU,1174080
johnsja02,2013,HOU,1120440
brockjo01,2013,HOU,1000000
livinsh01,2013,HOU,1000000
parsoch01,2013,HOU,888250
honeyty01,2013,HOU,809875
smithgr02,2013,HOU,762195
anderja01,2013,HOU,472427
beverpa01,2013,HOU,281377
machasc01,2013,HOU,192228
ohlbrti01,2013,HOU,144867
hibbero01,2013,IND,13686750
grangda01,2013,IND,13058606
westda01,2013,IND,10000000
hillge01,2013,IND,8000000
mahinia01,2013,IND,4000000
augusdj01,2013,IND,3500000
greenge01,2013,IND,3500000
hansbty01,2013,IND,3055259
georgpa01,2013,IND,2574120
pendeje02,2013,IND,1500000
plumlmi01,2013,IND,1073280
stephla01,2013,IND,870000
youngsa01,2013,IND,723716
johnsor01,2013,IND,550000
hansbbe01,2013,IND,473604
mcguido01,2013,IND,122625
paulch01,2013,LAC,17779458
jordade01,2013,LAC,10532977
odomla01,2013,LAC,8200000
butleca01,2013,LAC,8000000
griffbl01,2013,LAC,7226892
crawfja01,2013,LAC,5000000
billuch01,2013,LAC,4000000
gomesry01,2013,LAC,4000000
hillgr01,2013,LAC,1975000
bledser01,2013,LAC,1707720
greenwi01,2013,LAC,1475106
barnema02,2013,LAC,1229255
turiaro01,2013,LAC,1146337
holliry01,2013,LAC,1069509
thomptr02,2013,LAC,762195
leslitr01,2013,LAC,250000
bryanko01,2013,LAL,27849149
howardw01,2013,LAL,19536360
gasolpa01,2013,LAL,19000000
nashst01,2013,LAL,8900000
artesro01,2013,LAL,7258960
blakest01,2013,LAL,4000000
hilljo01,2013,LAL,3632527
duhonch01,2013,LAL,3500000
meeksjo01,2013,LAL,1500000
jamisan01,2013,LAL,1352181
clarkea01,2013,LAL,1240000
ebankde01,2013,LAL,1054389
morrida01,2013,LAL,962195
sacrero01,2013,LAL,473604
johnsda03,2013,LAL,192228
randoza01,2013,MEM,16500000
gasolma01,2013,MEM,13891359
conlemi01,2013,MEM,7305786
princta01,2013,MEM,6764045
allento01,2013,MEM,3300000
arthuda01,2013,MEM,3006217
bayleje01,2013,MEM,3000000
dayeau01,2013,MEM,2958077
davised01,2013,MEM,2207040
pondequ01,2013,MEM,1234320
wroteto01,2013,MEM,1110120
pittmde01,2013,MEM,854389
leuerjo01,2013,MEM,762195
johnsch04,2013,MEM,61290
boshch01,2013,MIA,17545000
jamesle01,2013,MIA,17545000
wadedw01,2013,MIA,17182000
millemi01,2013,MIA,5800000
hasleud01,2013,MIA,4060000
chalmma01,2013,MIA,4000000
anthojo01,2013,MIA,3750000
battish01,2013,MIA,3135000
allenra02,2013,MIA,3090000
jonesja02,2013,MIA,1500000
lewisra02,2013,MIA,1352181
coleno01,2013,MIA,1082520
anderch01,2013,MIA,699952
harrejo01,2013,MIA,354197
varnaja01,2013,MIA,275805
harrite01,2013,MIA,186656
ellismo01,2013,MIL,11000000
ilyaser01,2013,MIL,7900000
dalemsa01,2013,MIL,6698565
goodedr01,2013,MIL,6687400
redicjj01,2013,MIL,6190000
mbahalu01,2013,MIL,4795192
dunlemi02,2013,MIL,3750000
udohek01,2013,MIL,3524880
jennibr01,2013,MIL,3179493
sandela01,2013,MIL,1991760
hensojo01,2013,MIL,1823280
ayongu01,2013,MIL,1500000
przybjo01,2013,MIL,1352181
daniema01,2013,MIL,1229255
smithis01,2013,MIL,854389
loveke01,2013,MIN,13668750
kirilan01,2013,MIN,9779349
milicda01,2013,MIN,5228000
roybr01,2013,MIN,5100000
willide02,2013,MIN,4947840
pekovni01,2013,MIN,4837200
bareajo01,2013,MIN,4493500
ridnolu01,2013,MIN,4000000
rubiori01,2013,MIN,3741120
shvedal01,2013,MIN,2934610
stiemgr01,2013,MIN,2575000
cunnida01,2013,MIN,2090000
howarjo01,2013,MIN,1229255
amundlo01,2013,MIN,1069509
budinch01,2013,MIN,885120
leema01,2013,MIN,762195
webstma02,2013,MIN,600000
gelabmi01,2013,MIN,447298
johnsch03,2013,MIN,447298
conrowi01,2013,MIN,85439
haywala01,2013,MIN,80413
lewisra02,2013,NOH,13700000
gordoer01,2013,NOH,13668750
anderry01,2013,NOH,8700000
davisan02,2013,NOH,5144280
lopezro01,2013,NOH,4899293
carroma01,2013,NOH,3500000
aminual01,2013,NOH,2947800
smithja02,2013,NOH,2500000
henryxa01,2013,NOH,2323200
riverau01,2013,NOH,2238360
masonro01,2013,NOH,1223116
vasqugr01,2013,NOH,1191240
thomala01,2013,NOH,762195
milleda01,2013,NOH,473604
roberbr01,2013,NOH,473604
mcguido01,2013,NOH,110947
sloando01,2013,NOH,44835
stoudam01,2013,NYK,19948799
anthoca01,2013,NYK,19450000
chandty01,2013,NYK,13604188
cambyma01,2013,NYK,4590338
novakst01,2013,NYK,4054055
feltora01,2013,NYK,3480453
kiddja01,2013,NYK,3090000
smithjr01,2013,NYK,2806452
shumpim01,2013,NYK,1680360
balkmre01,2013,NYK,1675000
wallara01,2013,NYK,1352181
whiteja02,2013,NYK,854389
copelch01,2013,NYK,473604
prigipa01,2013,NYK,473604
martike01,2013,NYK,437470
duranke01,2013,OKC,16669630
westbru01,2013,OKC,13668750
martike02,2013,OKC,12439675
perkike01,2013,OKC,7800531
sefolth01,2013,OKC,3600000
collini01,2013,OKC,2929332
ibakase01,2013,OKC,2253062
lambje01,2013,OKC,2020200
jacksre01,2013,OKC,1243080
thabeha01,2013,OKC,1200000
brewero02,2013,OKC,1069509
jonespe01,2013,OKC,1035960
liggide01,2013,OKC,762195
ortonda01,2013,OKC,757712
fishede01,2013,OKC,413608
arenagi01,2013,ORL,20807922
turkohe01,2013,ORL,11815850
nelsoja01,2013,ORL,8600000
afflaar01,2013,ORL,7750000
udrihbe01,2013,ORL,7372000
harrial01,2013,ORL,6687400
davisgl01,2013,ORL,6400000
warriha01,2013,ORL,4000000
richaqu01,2013,ORL,2627400
vucevni01,2013,ORL,1768800
harklma01,2013,ORL,1731960
harrito02,2013,ORL,1524480
nichoan01,2013,ORL,1418160
eyengch01,2013,ORL,1174080
oquinky01,2013,ORL,788872
harpeju01,2013,ORL,762195
mooreet01,2013,ORL,762195
lambdo01,2013,ORL,650000
jonesde01,2013,ORL,473504
bynuman01,2013,PHI,16889000
brandel01,2013,PHI,16059854
hawessp01,2013,PHI,8500000
youngth01,2013,PHI,8289130
richaja01,2013,PHI,5799625
youngni01,2013,PHI,5600000
turneev01,2013,PHI,5293080
wrighdo01,2013,PHI,4106000
allenla01,2013,PHI,3000000
brownkw01,2013,PHI,2819044
holidjr01,2013,PHI,2674852
iveyro01,2013,PHI,1223166
wilkida02,2013,PHI,1223166
moultar01,2013,PHI,1042320
jenkich01,2013,PHI,762195
pargoje01,2013,PHI,443867
waynsma01,2013,PHI,217301
macksh01,2013,PHI,89670
dragigo01,2013,PHO,7500000
gortama01,2013,PHO,7258960
childjo01,2013,PHO,7000000
fryech01,2013,PHO,6000000
beaslmi01,2013,PHO,5750000
johnswe01,2013,PHO,4285560
dudleja01,2013,PHO,4250000
scolalu01,2013,PHO,4148510
brownsh01,2013,PHO,3500000
morrima02,2013,PHO,2063040
morrima03,2013,PHO,1959960
marshke01,2013,PHO,1919160
onealje01,2013,PHO,1352181
haddaha01,2013,PHO,1300000
millebr01,2013,PHO,848000
tuckepj01,2013,PHO,762195
garredi02,2013,PHO,473604
zellelu01,2013,PHO,473604
roybr01,2013,POR,16460538
aldrila01,2013,POR,13500000
batumni01,2013,POR,10850000
matthwe02,2013,POR,6505320
hicksjj01,2013,POR,4000000
lillada01,2013,POR,3065040
freeljo01,2013,POR,3013512
willish03,2013,POR,2600000
maynoer01,2013,POR,2338721
leoname01,2013,POR,2126520
babbilu01,2013,POR,1892280
jeffrja01,2013,POR,1475106
williel01,2013,POR,1442880
smithno01,2013,POR,1404960
clavevi01,2013,POR,1300000
pavloal01,2013,POR,1232713
bartowi01,2013,POR,550000
salmojo01,2013,SAC,8083000
thornma01,2013,SAC,7525000
hayesch01,2013,SAC,5486250
evansty01,2013,SAC,5251825
thompja02,2013,SAC,5250000
couside01,2013,SAC,3880800
brookaa01,2013,SAC,3250000
outlatr01,2013,SAC,3000000
johnsja01,2013,SAC,2812006
aldrico01,2013,SAC,2445480
fredeji01,2013,SAC,2406240
pattepa01,2013,SAC,2096760
douglto01,2013,SAC,2067880
thomais02,2013,SAC,762195
ginobma01,2013,SAS,14107492
parketo01,2013,SAS,12500000
jacksst02,2013,SAS,10059750
duncati01,2013,SAS,9638554
diawbo01,2013,SAS,4500000
splitti01,2013,SAS,3944000
bonnema01,2013,SAS,3630000
greenda02,2013,SAS,3500000
leonaka01,2013,SAS,1861920
decolna01,2013,SAS,1400000
josepco01,2013,SAS,1105560
millspa02,2013,SAS,1085120
blairde01,2013,SAS,1054000
nealga01,2013,SAS,854389
baynear01,2013,SAS,401170
anderja01,2013,SAS,145749
gayru01,2013,TOR,16460538
bargnan01,2013,TOR,10000000
fieldla01,2013,TOR,6250000
johnsam01,2013,TOR,6000000
lowryky01,2013,TOR,5750000
kleizli01,2013,TOR,4600000
valanjo01,2013,TOR,3627720
derozde01,2013,TOR,3344250
grayaa01,2013,TOR,2575000
rosste01,2013,TOR,2563320
telfase01,2013,TOR,1567500
lucasjo02,2013,TOR,1500000
pietrmi01,2013,TOR,1005097
anderal01,2013,TOR,885120
acyqu01,2013,TOR,665000
mcguido01,2013,TOR,181018
jeffeal01,2013,UTA,15000000
millspa01,2013,UTA,8603633
willima01,2013,UTA,8500000
willima02,2013,UTA,8287500
favorde01,2013,UTA,4753320
kanteen01,2013,UTA,4443360
bellra01,2013,UTA,3480000
haywago01,2013,UTA,2709720
foyera01,2013,UTA,2500000
burksal01,2013,UTA,2171640
watsoea01,2013,UTA,2000000
evansje01,2013,UTA,1794872
murphke01,2013,UTA,473604
okafoem01,2013,WAS,13490000
hilarne01,2013,WAS,13000000
arizatr01,2013,WAS,7258960
blatcan01,2013,WAS,7118502
walljo01,2013,WAS,5915880
bealbr01,2013,WAS,4133280
veselja01,2013,WAS,3294960
serapke01,2013,WAS,1797600
webstma02,2013,WAS,1600000
singlch01,2013,WAS,1596360
booketr01,2013,WAS,1385280
collija04,2013,WAS,1352181
barbole01,2013,WAS,1229255
martica01,2013,WAS,915852
priceaj01,2013,WAS,885120
templga01,2013,WAS,572943
barroea01,2013,WAS,358600
livinsh01,2013,WAS,256240
pargoja01,2013,WAS,115122
macksh01,2013,WAS,67253
johnsjo02,2012,ATL,18038573
smithjo03,2012,ATL,12400000
horfoal01,2012,ATL,12000000
hinriki01,2012,ATL,8100000
willima02,2012,ATL,7500000
pachuza01,2012,ATL,4750000
teaguje01,2012,ATL,1579920
collija04,2012,ATL,1352181
mcgratr01,2012,ATL,1352181
radmavl01,2012,ATL,1352181
stackje01,2012,ATL,1352181
greenwi01,2012,ATL,1223166
pargoja01,2012,ATL,1223166
dampier01,2012,ATL,850522
johnsiv01,2012,ATL,473604
sloando01,2012,ATL,122237
garneke01,2012,BOS,21247044
piercpa01,2012,BOS,15333334
rondora01,2012,BOS,10045455
allenra02,2012,BOS,10000000
onealje01,2012,BOS,6226200
bassbr01,2012,BOS,4250000
wilcoch01,2012,BOS,3000000
doolike01,2012,BOS,2246400
bradlav01,2012,BOS,1524480
daniema01,2012,BOS,1223166
pavloal01,2012,BOS,1223166
pietrmi01,2012,BOS,1223166
johnsja02,2012,BOS,1042320
stiemgr01,2012,BOS,762195
mooreet01,2012,BOS,473604
maggeco01,2012,CHA,10262069
diawbo01,2012,CHA,9000000
thomaty01,2012,CHA,7305765
diopde01,2012,CHA,6925400
carroma01,2012,CHA,3900000
augusdj01,2012,CHA,3236470
biyombi01,2012,CHA,2798040
najered01,2012,CHA,2750000
willire02,2012,CHA,2500000
walkeke02,2012,CHA,2356320
hendege02,2012,CHA,2250600
whitedj01,2012,CHA,2001167
mulleby01,2012,CHA,1288200
brownde04,2012,CHA,854389
higgico01,2012,CHA,473604
boozeca01,2012,CHI,13500000
denglu01,2012,CHI,12325000
noahjo01,2012,CHI,12000000
rosede01,2012,CHI,6993708
hamilri01,2012,CHI,5000000
korveky01,2012,CHI,5000000
brewero02,2012,CHI,4710000
watsocj01,2012,CHI,3400000
asikom01,2012,CHI,1857500
scalabr01,2012,CHI,1352181
gibsota01,2012,CHI,1195680
butleji01,2012,CHI,1020960
lucasjo02,2012,CHI,915852
jamesmi01,2012,CHI,277566
jamisan01,2012,CLE,15076715
davisba01,2012,CLE,13900000
varejan01,2012,CLE,7700000
irvinky01,2012,CLE,5144280
gibsoda01,2012,CLE,4403834
sessira01,2012,CLE,4257973
thomptr01,2012,CLE,3726600
holliry01,2012,CLE,2483333
parkean01,2012,CLE,2250000
casspom01,2012,CLE,1341960
eyengch01,2012,CLE,1097520
geeal01,2012,CLE,854389
erdense01,2012,CLE,762195
haranlu01,2012,CLE,762195
samuesa01,2012,CLE,762195
thompmy02,2012,CLE,168035
harrima01,2012,CLE,122942
uzohbe01,2012,CLE,61433
nowitdi01,2012,DAL,19092873
terryja01,2012,DAL,11158000
kiddja01,2012,DAL,10121000
odomla01,2012,DAL,8900000
mariosh01,2012,DAL,8022449
haywobr01,2012,DAL,7624500
cartevi01,2012,DAL,3000000
cardibr01,2012,DAL,1352181
beaubro01,2012,DAL,1236720
jonesdo02,2012,DAL,1193280
westde01,2012,DAL,1146337
jianlyi01,2012,DAL,827197
rautian01,2012,DAL,788872
hilarne01,2012,DEN,13000000
millean02,2012,DEN,7807728
afflaar01,2012,DEN,7562500
harrial01,2012,DEN,6226200
anderch01,2012,DEN,4234000
gallida01,2012,DEN,4190182
mozgoti01,2012,DEN,3343896
breweco01,2012,DEN,3059000
koufoko01,2012,DEN,2203792
fernaru01,2012,DEN,2180443
lawsoty01,2012,DEN,1654440
farieke01,2012,DEN,1254720
hamiljo02,2012,DEN,1073286
stoneju01,2012,DEN,473604
carrode01,2012,DEN,289382
hamilri01,2012,DET,12500000
gordobe01,2012,DET,11600000
stuckro01,2012,DET,8500000
villach01,2012,DET,7540000
princta01,2012,DET,6292135
maxieja01,2012,DET,5000000
jerebjo01,2012,DET,4500000
bynumwi01,2012,DET,3250000
monrogr01,2012,DET,3007920
knighbr03,2012,DET,2563320
wallabe01,2012,DET,2246400
dayeau01,2012,DET,1929600
wilkida02,2012,DET,1146337
macklve01,2012,DET,473604
russewa02,2012,DET,374289
leeda02,2012,GSW,11610000
ellismo01,2012,GSW,11000000
biedran01,2012,GSW,9000000
brownkw01,2012,GSW,6750000
bellch01,2012,GSW,4099920
wrighdo01,2012,GSW,3823000
udohek01,2012,GSW,3294960
curryst01,2012,GSW,3117120
rushbr01,2012,GSW,2956658
thompkl01,2012,GSW,2126520
robinna01,2012,GSW,983307
mcguido01,2012,GSW,915852
tylerje01,2012,GSW,650000
jenkich01,2012,GSW,473604
wrighch01,2012,GSW,473604
barroea01,2012,GSW,185588
smithis01,2012,GSW,116768
martike02,2012,HOU,11519840
scolalu01,2012,HOU,8591793
dalemsa01,2012,HOU,7000000
lowryky01,2012,HOU,5750000
thabeha01,2012,HOU,5127720
flynnjo01,2012,HOU,3414720
hilljo01,2012,HOU,2855760
willite01,2012,HOU,2369040
leeco01,2012,HOU,2225093
dragigo01,2012,HOU,2108000
pattepa01,2012,HOU,1959960
morrima03,2012,HOU,1823280
budinch01,2012,HOU,854389
parsoch01,2012,HOU,850000
smithgr02,2012,HOU,301733
adrieje01,2012,HOU,270427
grangda01,2012,IND,12015904
westda01,2012,IND,10000000
poseyja01,2012,IND,7595600
fosteje01,2012,IND,3000000
jonesda02,2012,IND,2700000
hibbero01,2012,IND,2588590
georgpa01,2012,IND,2406240
amundlo01,2012,IND,2403000
hansbty01,2012,IND,2138040
hillge01,2012,IND,2086360
pendeje02,2012,IND,1500000
collida01,2012,IND,1455960
priceaj01,2012,IND,854389
stephla01,2012,IND,810000
paulch01,2012,LAC,16359805
jordade01,2012,LAC,10079404
willima01,2012,LAC,8500000
butleca01,2012,LAC,8000000
griffbl01,2012,LAC,5731080
foyera01,2012,LAC,4250000
gomesry01,2012,LAC,4000000
martike01,2012,LAC,2500000
billuch01,2012,LAC,2000032
bledser01,2012,LAC,1596360
evansre01,2012,LAC,1229255
cookbr01,2012,LAC,1223166
simmobo01,2012,LAC,594836
leslitr01,2012,LAC,473604
thomptr02,2012,LAC,473604
jonesso01,2012,LAC,280234
fortsco01,2012,LAC,42009
bryanko01,2012,LAL,25244493
gasolpa01,2012,LAL,18714150
bynuman01,2012,LAL,14900000
artesro01,2012,LAL,6790640
waltolu01,2012,LAL,5680000
blakest01,2012,LAL,4000000
fishede01,2012,LAL,3400000
mcrobjo01,2012,LAL,3000000
barnema02,2012,LAL,1906200
murphtr01,2012,LAL,1352181
kaponja01,2012,LAL,1223166
ebankde01,2012,LAL,762195
goudean01,2012,LAL,473604
morrida01,2012,LAL,473604
caracde01,2012,LAL,270427
greenge01,2012,LAL,73818
randoza01,2012,MEM,15200000
gayru01,2012,MEM,15032144
gasolma01,2012,MEM,12922194
conlemi01,2012,MEM,6611571
mayooj01,2012,MEM,5632637
allento01,2012,MEM,3150000
speigma01,2012,MEM,2721255
arthuda01,2012,MEM,2027119
cunnida01,2012,MEM,2000000
haddaha01,2012,MEM,1300000
pondequ01,2012,MEM,1153800
pargoje01,2012,MEM,1000000
youngsa01,2012,MEM,947800
selbyjo01,2012,MEM,550000
davisjo02,2012,MEM,314041
arenagi01,2012,MEM,312342
skinnbr01,2012,MEM,65446
boshch01,2012,MIA,16022500
jamesle01,2012,MIA,16022500
wadedw01,2012,MIA,15691000
millemi01,2012,MIA,5400000
chalmma01,2012,MIA,4000000
hasleud01,2012,MIA,3780000
anthojo01,2012,MIA,3600000
battish01,2012,MIA,3000000
jonesja02,2012,MIA,1500000
howarju01,2012,MIA,1352181
curryed01,2012,MIA,1229255
coleno01,2012,MIA,1035960
pittmde01,2012,MIA,762195
harrite01,2012,MIA,473604
gladnmi01,2012,MIA,248263
bogutan01,2012,MIL,12000000
jacksst02,2012,MIL,9256500
udrihbe01,2012,MIL,6925400
goodedr01,2012,MIL,6226200
mbahalu01,2012,MIL,5000000
dunlemi02,2012,MIL,3750000
delfica01,2012,MIL,3500000
livinsh01,2012,MIL,3500000
ilyaser01,2012,MIL,2541000
jennibr01,2012,MIL,2493720
sandela01,2012,MIL,1861920
harrito02,2012,MIL,1418160
brockjo01,2012,MIL,1000000
leuerjo01,2012,MIL,473604
hobsoda01,2012,MIL,245884
beaslmi01,2012,MIN,6262347
webstma02,2012,MIN,5256000
milicda01,2012,MIN,4776500
millebr01,2012,MIN,4752000
loveke01,2012,MIN,4609701
willide02,2012,MIN,4602720
pekovni01,2012,MIN,4503600
bareajo01,2012,MIN,4300000
johnswe01,2012,MIN,4006080
ridnolu01,2012,MIN,3680000
rubiori01,2012,MIN,3480120
randoan01,2012,MIN,2911231
tollian01,2012,MIN,2050000
ellinwa01,2012,MIN,1154040
leema01,2012,MIN,500000
willide01,2012,NJN,16359805
okurme01,2012,NJN,10890000
humphkr01,2012,NJN,8000000
farmajo01,2012,NJN,4000000
morroan01,2012,NJN,4000000
outlatr01,2012,NJN,4000000
petrojo01,2012,NJN,3250000
lopezbr01,2012,NJN,3076983
willish03,2012,NJN,3000000
stevede01,2012,NJN,2500000
jamesda01,2012,NJN,1243080
brookma01,2012,NJN,1110120
willish02,2012,NJN,992680
gainesu01,2012,NJN,854389
boganke01,2012,NJN,848266
willijo03,2012,NJN,473604
greenge01,2012,NJN,443181
hornede01,2012,NJN,91642
owensla01,2012,NJN,86052
emmetan01,2012,NJN,61433
kamanch01,2012,NOH,14030000
okafoem01,2012,NOH,12541812
landrca01,2012,NOH,8500000
arizatr01,2012,NOH,6790640
jackja01,2012,NOH,5000000
gordoer01,2012,NOH,3831184
belinma01,2012,NOH,3377604
aminual01,2012,NOH,2755560
smithja02,2012,NOH,2500000
henryxa01,2012,NOH,2171640
ayongu01,2012,NOH,1567500
vasqugr01,2012,NOH,1113600
thomala01,2012,NOH,328444
summeda01,2012,NOH,303137
footeje01,2012,NOH,225341
johnsca01,2012,NOH,168035
jonesso01,2012,NOH,160119
sloando01,2012,NOH,76392
anthoca01,2012,NYK,18518574
stoudam01,2012,NYK,18217705
chandty01,2012,NYK,13107837
billuch01,2012,NYK,12199968
smithjr01,2012,NYK,2382353
balkmre01,2012,NYK,1675000
shumpim01,2012,NYK,1563120
bibbymi01,2012,NYK,1352181
davisba01,2012,NYK,1352181
jeffrja01,2012,NYK,1229255
douglto01,2012,NYK,1145640
novakst01,2012,NYK,992680
fieldla01,2012,NYK,762195
linje01,2012,NYK,762195
harrejo01,2012,NYK,473604
jordaje01,2012,NYK,473604
duranke01,2012,OKC,15506632
perkike01,2012,OKC,7123626
westbru01,2012,OKC,5082416
hardeja01,2012,OKC,4604760
robinna01,2012,OKC,4500000
mohamna01,2012,OKC,3750000
cookda02,2012,OKC,3341558
sefolth01,2012,OKC,3300000
collini01,2012,OKC,3272997
aldrico01,2012,OKC,2286000
maynoer01,2012,OKC,1516680
ibakase01,2012,OKC,1288200
iveyro01,2012,OKC,1200000
jacksre01,2012,OKC,1156320
haywala01,2012,OKC,1097520
reidry01,2012,OKC,475000
arenagi01,2012,ORL,19269307
howardw01,2012,ORL,18091770
turkohe01,2012,ORL,11015850
nelsoja01,2012,ORL,7800000
redicjj01,2012,ORL,6750000
davisgl01,2012,ORL,6300000
richaja01,2012,ORL,5395000
duhonch01,2012,ORL,3500000
richaqu01,2012,ORL,2446600
anderry01,2012,ORL,2244601
clarkea01,2012,ORL,1160000
ortonda01,2012,ORL,1105560
smithis01,2012,ORL,522486
harpeju01,2012,ORL,473604
liggide01,2012,ORL,473604
hughela01,2012,ORL,414443
brandel01,2012,PHI,17059727
iguodan01,2012,PHI,13531750
youngth01,2012,PHI,7478261
nocioan01,2012,PHI,6650000
willilo02,2012,PHI,5176000
turneev01,2012,PHI,4947840
hawessp01,2012,PHI,4051024
holidjr01,2012,PHI,1741440
vucevni01,2012,PHI,1645400
brackcr01,2012,PHI,1404960
battito01,2012,PHI,1352181
meeksjo01,2012,PHI,854389
allenla01,2012,PHI,473604
elsonfr01,2012,PHI,305792
nashst01,2012,PHO,11689062
gortama01,2012,PHO,6790640
hillgr01,2012,PHO,6500000
childjo01,2012,PHO,6000000
fryech01,2012,PHO,5600000
pietrmi01,2012,PHO,5300000
dudleja01,2012,PHO,4250000
cartevi01,2012,PHO,4000000
warriha01,2012,PHO,4000000
brownsh01,2012,PHO,3500000
lopezro01,2012,PHO,2862602
morrima02,2012,PHO,1919160
telfase01,2012,PHO,1500000
reddmi01,2012,PHO,1308506
pricero01,2012,PHO,1069509
silerga01,2012,PHO,51097
roybr01,2012,POR,15032144
aldrila01,2012,POR,12372000
cambyma01,2012,POR,11227250
wallage01,2012,POR,9500000
feltora01,2012,POR,7560000
matthwe02,2012,POR,6135160
crawfja01,2012,POR,5000000
batumni01,2012,POR,2155365
babbilu01,2012,POR,1768800
odengr01,2012,POR,1500000
williel01,2012,POR,1348800
smithno01,2012,POR,1306920
przybjo01,2012,POR,1145027
smithcr01,2012,POR,992680
johnsch03,2012,POR,762195
johnsar02,2012,POR,762195
salmojo01,2012,SAC,8500000
thornma01,2012,SAC,7000000
garcifr01,2012,SAC,5800000
hayesch01,2012,SAC,5250000
evansty01,2012,SAC,4151640
couside01,2012,SAC,3627720
thompja02,2012,SAC,3001284
outlatr01,2012,SAC,3000000
hicksjj01,2012,SAC,2354537
fredeji01,2012,SAC,2238360
greendo01,2012,SAC,2015896
honeyty01,2012,SAC,775000
whiteha01,2012,SAC,762195
thomais02,2012,SAC,473604
duncati01,2012,SAS,21164619
ginobma01,2012,SAS,12981038
parketo01,2012,SAS,12500000
jefferi01,2012,SAS,9282000
splitti01,2012,SAS,3672000
bonnema01,2012,SAS,3315000
mcdyean01,2012,SAS,2640000
leonaka01,2012,SAS,1731960
anderja01,2012,SAS,1463520
fordtj01,2012,SAS,1146337
josepco01,2012,SAS,1028400
blairde01,2012,SAS,986000
greenda02,2012,SAS,854389
nealga01,2012,SAS,762195
thomama01,2012,SAS,103104
dioguik01,2012,SAS,64028
dawsoer01,2012,SAS,38172
caldejo01,2012,TOR,9780992
bargnan01,2012,TOR,9250000
barbole01,2012,TOR,7600000
johnsam01,2012,TOR,5500000
kleizli01,2012,TOR,4605000
bayleje01,2012,TOR,3042280
derozde01,2012,TOR,2625000
grayaa01,2012,TOR,2500000
davised01,2012,TOR,2063040
johnsja01,2012,TOR,1833120
forbega01,2012,TOR,1500000
cartean01,2012,TOR,1352181
magloja01,2012,TOR,1352181
butlera01,2012,TOR,1229255
alabiso01,2012,TOR,830000
jeffeal01,2012,UTA,14000000
harride01,2012,UTA,9319000
millspa01,2012,UTA,8103435
favorde01,2012,UTA,4443360
kanteen01,2012,UTA,4133280
milescj01,2012,UTA,3700000
bellra01,2012,UTA,3240000
haywago01,2012,UTA,2532960
howarjo01,2012,UTA,2150000
burksal01,2012,UTA,2020200
watsoea01,2012,UTA,2000000
evansje01,2012,UTA,762195
carrode01,2012,UTA,544331
lewisra02,2012,WAS,21136631
blatcan01,2012,WAS,6442083
walljo01,2012,WAS,5530080
turiaro01,2012,WAS,4360000
youngni01,2012,WAS,3695857
veselja01,2012,WAS,3065040
mcgeeja01,2012,WAS,2462400
serapke01,2012,WAS,1680360
singlch01,2012,WAS,1485000
booketr01,2012,WAS,1294920
evansma01,2012,WAS,1223166
masonro01,2012,WAS,1146337
crawfjo02,2012,WAS,1120440
macksh01,2012,WAS,473604
ndiayha01,2012,WAS,270427
johnsjo02,2011,ATL,16324500
smithjo03,2011,ATL,11600000
crawfja01,2011,ATL,10800000
hinriki01,2011,ATL,9000000
willima02,2011,ATL,6712500
horfoal01,2011,ATL,5444857
pachuza01,2011,ATL,4251250
teaguje01,2011,ATL,1476840
collija04,2011,ATL,1352181
thomaet01,2011,ATL,1223166
poweljo01,2011,ATL,1069609
armsthi01,2011,ATL,992680
wilkida02,2011,ATL,748656
sypa01,2011,ATL,473604
garneke01,2011,BOS,18800000
piercpa01,2011,BOS,13876321
allenra02,2011,BOS,10000000
rondora01,2011,BOS,9090911
wallara01,2011,BOS,6322320
onealje01,2011,BOS,5765000
krstine01,2011,BOS,5543116
greenje02,2011,BOS,4455988
davisgl01,2011,BOS,3300000
bradlav01,2011,BOS,1418160
onealsh01,2011,BOS,1352181
westde01,2011,BOS,1069509
wafervo01,2011,BOS,915852
johnsch03,2011,BOS,136509
diawbo01,2011,CHA,9000000
jacksst02,2011,CHA,8453250
przybjo01,2011,CHA,7405300
petermo01,2011,CHA,6665000
thomaty01,2011,CHA,6611570
diopde01,2011,CHA,6478600
carroma01,2011,CHA,4300000
livinsh01,2011,CHA,3500000
najered01,2011,CHA,3000000
augusdj01,2011,CHA,2540400
hendege02,2011,CHA,2103840
marksse01,2011,CHA,1264687
brownkw01,2011,CHA,1229255
whitedj01,2011,CHA,1108680
mcguido01,2011,CHA,884120
brownde04,2011,CHA,762195
cunnida01,2011,CHA,762195
collish01,2011,CHA,473604
boozeca01,2011,CHI,14400000
denglu01,2011,CHI,11345000
rosede01,2011,CHI,5546160
korveky01,2011,CHI,5000000
brewero02,2011,CHI,4790000
noahjo01,2011,CHI,3128536
watsocj01,2011,CHI,3100000
asikom01,2011,CHI,1721000
boganke01,2011,CHI,1600000
thomaku01,2011,CHI,1352181
scalabr01,2011,CHI,1229255
gibsota01,2011,CHI,1117680
lucasjo02,2011,CHI,208264
jamisan01,2011,CLE,13358905
davisba01,2011,CLE,13000000
varejan01,2011,CLE,7281818
gibsoda01,2011,CLE,4015334
sessira01,2011,CLE,3964320
parkean01,2011,CLE,2855700
holliry01,2011,CLE,2333333
hicksjj01,2011,CLE,1528920
eyengch01,2011,CLE,1020960
grahajo01,2011,CLE,992680
powele01,2011,CLE,915852
samuesa01,2011,CLE,500000
geeal01,2011,CLE,479735
erdense01,2011,CLE,473604
haranlu01,2011,CLE,473604
harrima01,2011,CLE,473604
willija04,2011,CLE,321652
nowitdi01,2011,DAL,17278618
chandty01,2011,DAL,12600000
terryja01,2011,DAL,10650000
butleca01,2011,DAL,10561960
kiddja01,2011,DAL,8610500
mariosh01,2011,DAL,7305500
haywobr01,2011,DAL,6900000
stevede01,2011,DAL,4151786
bareajo01,2011,DAL,1815000
cardibr01,2011,DAL,1352181
beaubro01,2011,DAL,1156080
jonesdo02,2011,DAL,1110120
mahinia01,2011,DAL,762196
stojape01,2011,DAL,636320
novakst01,2011,DAL,384766
pavloal01,2011,DAL,134863
martike01,2011,DEN,16545454
hilarne01,2011,DEN,11360000
feltora01,2011,DEN,7500000
smithjr01,2011,DEN,6757851
harrial01,2011,DEN,5765000
anderch01,2011,DEN,4533300
mozgoti01,2011,DEN,3567096
gallida01,2011,DEN,3304560
chandwi01,2011,DEN,2130482
afflaar01,2011,DEN,1959577
lawsoty01,2011,DEN,1546560
koufoko01,2011,DEN,1352640
elyme01,2011,DEN,1223166
forbega01,2011,DEN,473604
hamilri01,2011,DET,12500000
princta01,2011,DET,11148760
gordobe01,2011,DET,10800000
villach01,2011,DET,7020000
maxieja01,2011,DET,5000000
bynumwi01,2011,DET,3250000
wilcoch01,2011,DET,3000000
monrogr01,2011,DET,2798040
stuckro01,2011,DET,2767126
wallabe01,2011,DET,2080000
dayeau01,2011,DET,1803720
mcgratr01,2011,DET,1352181
jerebjo01,2011,DET,762195
summeda01,2011,DET,762195
murphtr01,2011,GSW,11968253
ellismo01,2011,GSW,11000000
leeda02,2011,GSW,10800000
biedran01,2011,GSW,9000000
radmavl01,2011,GSW,6883800
bellch01,2011,GSW,4447792
wrighdo01,2011,GSW,3500000
udohek01,2011,GSW,3065040
curryst01,2011,GSW,2913840
amundlo01,2011,GSW,2225000
willire02,2011,GSW,762195
lawac01,2011,GSW,656030
linje01,2011,GSW,473604
carnero01,2011,GSW,377116
adrieje01,2011,GSW,342666
mingya01,2011,HOU,17686100
martike02,2011,HOU,11100005
scolalu01,2011,HOU,7775378
jeffrja01,2011,HOU,6883800
lowryky01,2011,HOU,5750000
thabeha01,2011,HOU,4793280
millebr01,2011,HOU,4400000
hilljo01,2011,HOU,2669520
willite01,2011,HOU,2214480
hayesch01,2011,HOU,1972500
dragigo01,2011,HOU,1972000
pattepa01,2011,HOU,1823280
leeco01,2011,HOU,1409040
carrode01,2011,HOU,1085400
budinch01,2011,HOU,780871
grangda01,2011,IND,10973202
dunlemi02,2011,IND,10561984
fordtj01,2011,IND,8500000
poseyja01,2011,IND,7148800
fosteje01,2011,IND,6655000
tinslja01,2011,IND,5500000
jonesda02,2011,IND,2500000
georgpa01,2011,IND,2238360
rushbr01,2011,IND,2069049
hansbty01,2011,IND,1998600
hibbero01,2011,IND,1685280
jonesso01,2011,IND,1500000
collida01,2011,IND,1361040
mcrobjo01,2011,IND,885120
priceaj01,2011,IND,762195
stephla01,2011,IND,750000
kamanch01,2011,LAC,11800000
willima01,2011,LAC,9300000
griffbl01,2011,LAC,5357280
foyera01,2011,LAC,4250000
gomesry01,2011,LAC,4000000
gordoer01,2011,LAC,3016680
moonja01,2011,LAC,3000000
aminual01,2011,LAC,2563320
butlera01,2011,LAC,2400000
smithcr01,2011,LAC,2300000
bledser01,2011,LAC,1485000
cookbr01,2011,LAC,1146337
jordade01,2011,LAC,854389
collija03,2011,LAC,643551
dioguik01,2011,LAC,608772
warrewi01,2011,LAC,500000
bryanko01,2011,LAL,24806250
gasolpa01,2011,LAL,17823000
bynuman01,2011,LAL,13700000
odomla01,2011,LAL,8200000
artesro01,2011,LAL,6322320
waltolu01,2011,LAL,5260000
blakest01,2011,LAL,4000000
fishede01,2011,LAL,3700000
brownsh01,2011,LAL,2200000
barnema02,2011,LAL,1765000
ratlith01,2011,LAL,1352181
smithjo02,2011,LAL,1352181
caracde01,2011,LAL,473604
ebankde01,2011,LAL,473604
randoza01,2011,MEM,17666666
gayru01,2011,MEM,13603750
jaricma01,2011,MEM,7625000
battish01,2011,MEM,7354500
conlemi01,2011,MEM,4913007
mayooj01,2011,MEM,4456200
gasolma01,2011,MEM,3480000
allento01,2011,MEM,3000000
henryxa01,2011,MEM,2020200
haddaha01,2011,MEM,1600000
arthuda01,2011,MEM,1123680
vasqugr01,2011,MEM,1035960
youngsa01,2011,MEM,886000
willija02,2011,MEM,524964
smithis01,2011,MEM,473604
carnero01,2011,MEM,274756
lawac01,2011,MEM,203057
jamesle01,2011,MIA,14500000
boshch01,2011,MIA,14500000
wadedw01,2011,MIA,14200000
millemi01,2011,MIA,5000000
hasleud01,2011,MIA,3500000
anthojo01,2011,MIA,3300000
houseed01,2011,MIA,1352181
howarju01,2011,MIA,1352181
ilgauzy01,2011,MIA,1352181
magloja01,2011,MIA,1229255
arroyca01,2011,MIA,1223166
dampier01,2011,MIA,1129469
jonesja02,2011,MIA,1069509
chalmma01,2011,MIA,854389
pittmde01,2011,MIA,473604
stackje01,2011,MIA,222712
reddmi01,2011,MIL,18300000
bogutan01,2011,MIL,11000000
maggeco01,2011,MIL,9600000
salmojo01,2011,MIL,8000000
goodedr01,2011,MIL,5760000
delfica01,2011,MIL,3500000
jennibr01,2011,MIL,2331120
ilyaser01,2011,MIL,2320500
doolike01,2011,MIL,2000000
sandela01,2011,MIL,1731960
boykiea01,2011,MIL,1352181
brockjo01,2011,MIL,1000000
douglch01,2011,MIL,854389
mbahalu01,2011,MIL,854389
skinnbr01,2011,MIL,270436
hobsoda01,2011,MIL,103078
templga01,2011,MIL,98637
curryed01,2011,MIN,11530592
beaslmi01,2011,MIN,4962240
webstma02,2011,MIN,4800000
milicda01,2011,MIN,4325000
pekovni01,2011,MIN,4000000
ridnolu01,2011,MIN,4000000
johnswe01,2011,MIN,3726600
loveke01,2011,MIN,3638280
flynnjo01,2011,MIN,3192000
telfase01,2011,MIN,2700000
tollian01,2011,MIN,2200000
randoan01,2011,MIN,1965720
ellinwa01,2011,MIN,1078800
haywala01,2011,MIN,1020960
gainesu01,2011,MIN,237626
agerma01,2011,MIN,83305
willide01,2011,NJN,14940152
gadzuda01,2011,NJN,7248325
outlatr01,2011,NJN,7000000
vujacsa01,2011,NJN,5475113
morroan01,2011,NJN,4000000
farmajo01,2011,NJN,3750000
wrighbr03,2011,NJN,3398072
petrojo01,2011,NJN,3250000
humphkr01,2011,NJN,3200000
lopezbr01,2011,NJN,2413320
jamesda01,2011,NJN,1156320
rossqu01,2011,NJN,1146337
grahast01,2011,NJN,992680
uzohbe01,2011,NJN,473604
greenor01,2011,NJN,52066
paulch01,2011,NOH,14940153
okafoem01,2011,NOH,11495000
westda01,2011,NOH,8287500
arizatr01,2011,NOH,6322320
banksma01,2011,NOH,4847586
jackja01,2011,NOH,4600000
greenwi01,2011,NOH,3976000
landrca01,2011,NOH,3000000
anderda03,2011,NOH,2500000
belinma01,2011,NOH,2380270
smithja02,2011,NOH,2187913
pondequ01,2011,NOH,1073280
mbengdj01,2011,NOH,1069509
grayaa01,2011,NOH,1028840
mensapo01,2011,NOH,364461
alexajo01,2011,NOH,90465
pavloal01,2011,NOH,67432
anthoca01,2011,NYK,17149243
stoudam01,2011,NYK,16486611
billuch01,2011,NYK,13150000
turiaro01,2011,NYK,4000000
breweco01,2011,NYK,3703472
azubuke01,2011,NYK,3300000
balkmre01,2011,NYK,1675000
masonro01,2011,NYK,1400000
cartean01,2011,NYK,1352181
douglto01,2011,NYK,1071000
willish02,2011,NYK,915852
willish03,2011,NYK,885210
walkebi01,2011,NYK,854389
rautian01,2011,NYK,600000
fieldla01,2011,NYK,473604
collini01,2011,OKC,13250000
mohamna01,2011,OKC,6883800
duranke01,2011,OKC,6053663
perkike01,2011,OKC,4640208
hardeja01,2011,OKC,4304520
robinna01,2011,OKC,4200000
westbru01,2011,OKC,4017720
sefolth01,2011,OKC,3250000
cookda02,2011,OKC,2169857
aldrico01,2011,OKC,2126520
maynoer01,2011,OKC,1417800
ibakase01,2011,OKC,1204200
mulleby01,2011,OKC,1204200
iveyro01,2011,OKC,1200000
arenagi01,2011,ORL,17730694
howardw01,2011,ORL,16647180
richaja01,2011,ORL,14444444
turkohe01,2011,ORL,10215850
nelsoja01,2011,ORL,7800000
redicjj01,2011,ORL,7250000
bassbr01,2011,ORL,4000000
duhonch01,2011,ORL,3500000
richaqu01,2011,ORL,2265000
clarkea01,2011,ORL,1898760
anderry01,2011,ORL,1409040
willija02,2011,ORL,1352181
allenma01,2011,ORL,1229255
ortonda01,2011,ORL,1028400
brandel01,2011,PHI,15959099
iguodan01,2011,PHI,12345250
nocioan01,2011,PHI,6850000
kaponja01,2011,PHI,6641440
willilo02,2011,PHI,5000000
songada01,2011,PHI,4818000
turneev01,2011,PHI,4602720
hawessp01,2011,PHI,2974320
youngth01,2011,PHI,2901241
speigma01,2011,PHI,1773960
holidjr01,2011,PHI,1627920
battito01,2011,PHI,1352181
brackcr01,2011,PHI,1306920
meeksjo01,2011,PHI,762195
cartevi01,2011,PHO,17300000
nashst01,2011,PHO,10310938
childjo01,2011,PHO,6500000
gortama01,2011,PHO,6322320
pietrmi01,2011,PHO,5300000
fryech01,2011,PHO,5200000
warriha01,2011,PHO,4250000
hillgr01,2011,PHO,3324000
dudleja01,2011,PHO,2151068
brookaa01,2011,PHO,2016692
lopezro01,2011,PHO,1867320
lawalga01,2011,PHO,473640
silerga01,2011,PHO,473640
dowdeza01,2011,PHO,242374
barroea01,2011,PHO,188558
roybr01,2011,POR,13520500
cambyma01,2011,POR,11749832
aldrila01,2011,POR,11244000
wallage01,2011,POR,10500000
millean02,2011,POR,7269264
odengr01,2011,POR,6760524
matthwe02,2011,POR,5765000
babbilu01,2011,POR,1645440
williel01,2011,POR,1254720
fernaru01,2011,POR,1246680
batumni01,2011,POR,1196760
obertfa01,2011,POR,992680
millspa02,2011,POR,937195
johnsar02,2011,POR,473604
johnsch03,2011,POR,27859
dalemsa01,2011,SAC,13428129
udrihbe01,2011,SAC,6478600
garcifr01,2011,SAC,5500000
evansty01,2011,SAC,3880920
couside01,2011,SAC,3374640
daniema01,2011,SAC,2470000
thompja02,2011,SAC,2178000
casspom01,2011,SAC,1254480
greendo01,2011,SAC,1116840
headlu01,2011,SAC,992680
wrighan01,2011,SAC,992680
jacksda01,2011,SAC,854389
tayloje02,2011,SAC,780871
thornma01,2011,SAC,762195
whiteha01,2011,SAC,730437
jetereu01,2011,SAC,473604
duncati01,2011,SAS,18700000
parketo01,2011,SAS,13500000
ginobma01,2011,SAS,11854584
jefferi01,2011,SAS,8400000
mcdyean01,2011,SAS,4860000
splitti01,2011,SAS,3400000
bonnema01,2011,SAS,3000000
anderja01,2011,SAS,1361400
hillge01,2011,SAS,1157160
blairde01,2011,SAS,918000
quinnch01,2011,SAS,861978
nealga01,2011,SAS,525000
novakst01,2011,SAS,350179
udokaim01,2011,SAS,264232
greenda02,2011,SAS,94154
geeal01,2011,SAS,76219
simmobo01,2011,SAS,71951
templga01,2011,SAS,71736
owensla01,2011,SAS,55718
stojape01,2011,TOR,14896000
caldejo01,2011,TOR,9000000
bargnan01,2011,TOR,8500000
barbole01,2011,TOR,7100000
evansre01,2011,TOR,5080000
johnsam01,2011,TOR,5000000
kleizli01,2011,TOR,4995000
wrighju01,2011,TOR,2858057
derozde01,2011,TOR,2453880
bayleje01,2011,TOR,2292600
davised01,2011,TOR,1919160
johnsja01,2011,TOR,1713600
ajincal01,2011,TOR,1467840
dorsejo01,2011,TOR,854389
weemsso01,2011,TOR,854389
alabiso01,2011,TOR,770000
gainesu01,2011,TOR,89670
johnstr01,2011,TOR,89670
duprero01,2011,TOR,58393
kirilan01,2011,UTA,17823000
jeffeal01,2011,UTA,13000000
okurme01,2011,UTA,9945000
harride01,2011,UTA,8981000
millspa01,2011,UTA,7600000
favorde01,2011,UTA,4133280
milescj01,2011,UTA,3700000
bellra01,2011,UTA,3000000
haywago01,2011,UTA,2356320
pricero01,2011,UTA,1380000
watsoea01,2011,UTA,1229255
elsonfr01,2011,UTA,1146337
fesenky01,2011,UTA,1087500
evansje01,2011,UTA,473604
lewisra02,2011,WAS,19573711
blatcan01,2011,WAS,5900000
bibbymi01,2011,WAS,5564767
walljo01,2011,WAS,5144280
jianlyi01,2011,WAS,4050499
howarjo01,2011,WAS,3000000
thornal01,2011,WAS,2814196
youngni01,2011,WAS,2630503
evansma01,2011,WAS,2500000
mcgeeja01,2011,WAS,1601040
serapke01,2011,WAS,1563120
booketr01,2011,WAS,1204560
crawfjo02,2011,WAS,1042320
martica01,2011,WAS,854389
ndiayha01,2011,WAS,473604
hudsole01,2011,WAS,192791
geeal01,2011,WAS,125538
shakumu01,2011,WAS,89670
johnsjo02,2010,ATL,14976754
smithjo03,2010,ATL,10800000
crawfja01,2010,ATL,9360000
willima02,2010,ATL,7500000
bibbymi01,2010,ATL,6217617
pachuza01,2010,ATL,4750000
horfoal01,2010,ATL,4307640
evansma01,2010,ATL,2500000
teaguje01,2010,ATL,1373880
smithjo02,2010,ATL,1306455
collija04,2010,ATL,1181803
morrira01,2010,ATL,855189
westma02,2010,ATL,446740
hunteot01,2010,ATL,307564
piercpa01,2010,BOS,19795712
allenra02,2010,BOS,18776860
garneke01,2010,BOS,16400000
wallara01,2010,BOS,5854000
perkike01,2010,BOS,4250000
robinna01,2010,BOS,4000000
scalabr01,2010,BOS,3413793
davisgl01,2010,BOS,3000000
allento01,2010,BOS,2500000
rondora01,2010,BOS,2094922
daniema01,2010,BOS,1990000
willish02,2010,BOS,825497
landrma01,2010,BOS,457588
hudsole01,2010,BOS,193802
chandty01,2010,CHA,11850000
wallage01,2010,CHA,9075000
diawbo01,2010,CHA,9000000
jacksst02,2010,CHA,7650000
mohamna01,2010,CHA,6466600
diopde01,2010,CHA,6031800
feltora01,2010,CHA,5501196
thomaty01,2010,CHA,4743598
augusdj01,2010,CHA,2385480
hendege02,2010,CHA,1957080
ajincal01,2010,CHA,1372080
ratlith01,2010,CHA,1306455
grahast01,2010,CHA,884881
brownde04,2010,CHA,457588
millebr01,2010,CHI,12250000
denglu01,2010,CHI,10370425
hinriki01,2010,CHI,9500000
jamesje01,2010,CHI,6600000
thomati01,2010,CHI,6466600
rosede01,2010,CHI,5184480
warriha01,2010,CHI,3000000
alexajo01,2010,CHI,2583360
noahjo01,2010,CHI,2455680
lawac01,2010,CHI,2216160
pargoja01,2010,CHI,2000000
murraro01,2010,CHI,1990000
johnsja01,2010,CHI,1594080
hunteli01,2010,CHI,1306455
brownde02,2010,CHI,1100000
gibsota01,2010,CHI,1039800
richach01,2010,CHI,43319
onealsh01,2010,CLE,20000000
jamesle01,2010,CLE,15779912
jamisan01,2010,CLE,11641095
willima01,2010,CLE,8860000
varejan01,2010,CLE,6300000
westde01,2010,CLE,4254250
gibsoda01,2010,CLE,4088500
moonja01,2010,CLE,2750000
parkean01,2010,CLE,2644230
telfase01,2010,CLE,2500000
hicksjj01,2010,CLE,1429200
powele01,2010,CLE,855189
jacksda01,2010,CLE,736420
willija04,2010,CLE,736420
greenda02,2010,CLE,457588
karlco01,2010,CLE,311896
jacksce01,2010,CLE,53834
nowitdi01,2010,DAL,19795714
dampier01,2010,DAL,12115500
terryja01,2010,DAL,9862500
butleca01,2010,DAL,9780970
kiddja01,2010,DAL,8000000
mariosh01,2010,DAL,6635068
haywobr01,2010,DAL,6000000
carroma01,2010,DAL,4700000
stevede01,2010,DAL,3886928
najered01,2010,DAL,3100000
bareajo01,2010,DAL,1657500
thomati01,2010,DAL,1306455
beaubro01,2010,DAL,1075440
buckngr01,2010,DAL,1000000
anthoca01,2010,DEN,15779912
martike01,2010,DEN,15363636
billuch01,2010,DEN,12100000
hilarne01,2010,DEN,10520000
smithjr01,2010,DEN,5508426
anderch01,2010,DEN,3650000
mcdyean01,2010,DEN,3000000
balkmre01,2010,DEN,2112417
lawsoty01,2010,DEN,1438690
cartean01,2010,DEN,1306455
allenma01,2010,DEN,1300000
afflaar01,2010,DEN,1086240
grahajo01,2010,DEN,884881
petrojo01,2010,DEN,884881
hamilri01,2010,DET,11625000
princta01,2010,DET,10324380
gordobe01,2010,DET,10000000
villach01,2010,DET,6500000
maxieja01,2010,DET,5000000
brownkw01,2010,DET,4100000
wilcoch01,2010,DET,3000000
stuckro01,2010,DET,1805040
obertfa01,2010,DET,1800000
dayeau01,2010,DET,1677840
atkinch01,2010,DET,1306455
wallabe01,2010,DET,1306445
bynumwi01,2010,DET,825497
jerebjo01,2010,DET,457588
summeda01,2010,DET,457588
ellismo01,2010,GSW,11000000
biedran01,2010,GSW,9000000
maggeco01,2010,GSW,8937931
radmavl01,2010,GSW,6466600
bellra01,2010,GSW,5250000
claxtsp01,2010,GSW,5209454
turiaro01,2010,GSW,4140000
azubuke01,2010,GSW,3132000
curryst01,2010,GSW,2710560
wrighbr03,2010,GSW,2671440
randoan01,2010,GSW,1837560
georgde01,2010,GSW,1600000
watsocj01,2010,GSW,1000497
morroan01,2010,GSW,736420
huntech01,2010,GSW,632455
mooremi01,2010,GSW,537952
tollian01,2010,GSW,359546
martica01,2010,GSW,86638
karlco01,2010,GSW,43319
mingya01,2010,HOU,16378325
martike02,2010,HOU,10180170
battish01,2010,HOU,6864200
jeffrja01,2010,HOU,6466600
arizatr01,2010,HOU,5854000
cookbr01,2010,HOU,3500000
scolalu01,2010,HOU,3375600
armsthi01,2010,HOU,2801198
hilljo01,2010,HOU,2483280
anderda03,2010,HOU,2300000
hayesch01,2010,HOU,2111750
barrybr01,2010,HOU,2062800
lowryky01,2010,HOU,2034997
brookaa01,2010,HOU,1118520
tayloje02,2010,HOU,725000
budinch01,2010,HOU,457588
mensapo01,2010,HOU,87406
harrimi01,2010,HOU,64978
conrowi01,2010,HOU,48559
murphtr01,2010,IND,11047619
grangda01,2010,IND,9930500
dunlemi02,2010,IND,9780992
fordtj01,2010,IND,8500000
fosteje01,2010,IND,6077500
tinslja01,2010,IND,5200000
watsoea01,2010,IND,2800000
jonesda02,2010,IND,2500000
rushbr01,2010,IND,1934160
hansbty01,2010,IND,1859160
dienetr01,2010,IND,1740000
jonesso01,2010,IND,1620000
hibbero01,2010,IND,1575360
headlu01,2010,IND,884881
mcrobjo01,2010,IND,825497
priceaj01,2010,IND,457588
davisba01,2010,LAC,12150000
kamanch01,2010,LAC,10400000
griffbl01,2010,LAC,4983480
blakest01,2010,LAC,4930000
goodedr01,2010,LAC,4500000
outlatr01,2010,LAC,4000000
butlera01,2010,LAC,3945000
madsema01,2010,LAC,2840000
gordoer01,2010,LAC,2819880
smithcr01,2010,LAC,2500000
davisri01,2010,LAC,2484000
collima01,2010,LAC,1867742
skinnbr01,2010,LAC,1306455
novakst01,2010,LAC,855189
brownbo02,2010,LAC,736420
jordade01,2010,LAC,736420
rushka01,2010,LAC,534906
curryja01,2010,LAC,26917
bryanko01,2010,LAL,23034375
gasolpa01,2010,LAL,16452000
bynuman01,2010,LAL,12526998
odomla01,2010,LAL,7500000
artesro01,2010,LAL,5854000
morriad01,2010,LAL,5257229
fishede01,2010,LAL,5048000
vujacsa01,2010,LAL,5000000
waltolu01,2010,LAL,4840000
brownsh01,2010,LAL,2000000
farmajo01,2010,LAL,1947240
johnsma02,2010,LAL,1000000
mbengdj01,2010,LAL,959111
poweljo01,2010,LAL,959111
randoza01,2010,MEM,16000000
jaricma01,2010,MEM,7100000
thabeha01,2010,MEM,4458840
mayooj01,2010,MEM,4165560
conlemi01,2010,MEM,3883800
huntest01,2010,MEM,3696000
gayru01,2010,MEM,3280997
gasolma01,2010,MEM,3240000
brewero02,2010,MEM,2717161
stackje01,2010,MEM,2000000
haddaha01,2010,MEM,1627779
arthuda01,2010,MEM,1050480
carrode01,2010,MEM,1009680
tinslja01,2010,MEM,990300
willima03,2010,MEM,855189
youngsa01,2010,MEM,824200
hudsole01,2010,MEM,199185
iversal01,2010,MEM,161386
gildetr01,2010,MEM,26917
onealje01,2010,MIA,23016000
wadedw01,2010,MIA,15779912
richaqu01,2010,MIA,9352400
hasleud01,2010,MIA,7100000
beaslmi01,2010,MIA,4638600
jonesja02,2010,MIA,4320000
wrighdo01,2010,MIA,2750000
cookda02,2010,MIA,1362120
magloja01,2010,MIA,1229225
arroyca01,2010,MIA,1107572
diawaya01,2010,MIA,945000
anthojo01,2010,MIA,825497
chalmma01,2010,MIA,773500
alstora01,2010,MIA,753133
randosh01,2010,MIA,255054
reddmi01,2010,MIL,17040000
bogutan01,2010,MIL,10000000
gadzuda01,2010,MIL,6749260
ridnolu01,2010,MIL,6500000
salmojo01,2010,MIL,5456000
thomaku01,2010,MIL,3800000
bellch01,2010,MIL,3596000
delfica01,2010,MIL,3500000
jennibr01,2010,MIL,2168520
ilyaser01,2010,MIL,2100000
bowenbr01,2010,MIL,2000000
brezepr01,2010,MIL,1107572
iveyro01,2010,MIL,1050000
mbahalu01,2010,MIL,736420
stackje01,2010,MIL,668598
ukicro01,2010,MIL,303232
jeffeal01,2010,MIN,12000000
blounma01,2010,MIN,7962500
milicda01,2010,MIN,7500000
daniean01,2010,MIN,5863580
gomesry01,2010,MIN,3867500
sessira01,2010,MIN,3670667
loveke01,2010,MIN,3401040
wilkida02,2010,MIN,3300000
flynnjo01,2010,MIN,2969280
breweco01,2010,MIN,2916120
holliry01,2010,MIN,2183333
pecheol01,2010,MIN,1547640
pavloal01,2010,MIN,1500000
tuckeal02,2010,MIN,1071720
ellinwa01,2010,MIN,1003560
atkinch01,2010,MIN,760000
jawaina01,2010,MIN,736420
simmobo01,2010,NJN,10560000
harride01,2010,NJN,8400000
battito01,2010,NJN,6292000
hassetr01,2010,NJN,4350000
alstora01,2010,NJN,4300000
doolike01,2010,NJN,3564000
humphkr01,2010,NJN,3200000
jianlyi01,2010,NJN,3194400
willish03,2010,NJN,2416067
lopezbr01,2010,NJN,2225880
hayesja01,2010,NJN,2062800
willite01,2010,NJN,2060040
boonejo01,2010,NJN,2056968
willise01,2010,NJN,1629120
leeco01,2010,NJN,1264440
quinnch01,2010,NJN,1055000
douglch01,2010,NJN,736000
paulch01,2010,NOH,13520500
stojape01,2010,NOH,13392000
okafoem01,2010,NOH,10538937
westda01,2010,NOH,9075000
petermo01,2010,NOH,6212960
poseyja01,2010,NOH,6031800
songada01,2010,NOH,4526000
wrighju01,2010,NOH,2000040
collida01,2010,NOH,1266120
marksse01,2010,NOH,1187686
grayaa01,2010,NOH,1000497
dioguik01,2010,NOH,884881
thornma01,2010,NOH,457888
hartja01,2010,NOH,69518
mcgratr01,2010,NYK,23239562
curryed01,2010,NYK,10500423
harrial01,2010,NYK,10026875
moblecu01,2010,NYK,9500000
leeda02,2010,NYK,7000000
cardibr01,2010,NYK,6750000
duhonch01,2010,NYK,6031800
gallida01,2010,NYK,3089040
houseed01,2010,NYK,2862000
rodrise01,2010,NYK,1892035
chandwi01,2010,NYK,1255440
giddejr01,2010,NYK,1028880
douglto01,2010,NYK,996240
bendejo01,2010,NYK,801361
walkebi01,2010,NYK,736420
thomaet01,2010,OKC,7350000
watsoea01,2010,OKC,6600000
harprma01,2010,OKC,6500000
collini01,2010,OKC,6250000
krstine01,2010,OKC,5400000
duranke01,2010,OKC,4796880
hardeja01,2010,OKC,4054160
westbru01,2010,OKC,3755640
greenje02,2010,OKC,3516960
sefolth01,2010,OKC,2759628
maynoer01,2010,OKC,1318920
ollieke01,2010,OKC,1306455
ibakase01,2010,OKC,1120200
mulleby01,2010,OKC,1120200
whitedj01,2010,OKC,1036440
weaveky01,2010,OKC,870968
livinsh01,2010,OKC,296695
bowenry01,2010,OKC,209592
wilksmi01,2010,OKC,175908
lewisra02,2010,ORL,18876000
cartevi01,2010,ORL,16300000
howardw01,2010,ORL,15202590
nelsoja01,2010,ORL,6138888
gortama01,2010,ORL,5854000
pietrmi01,2010,ORL,5300000
bassbr01,2010,ORL,4000000
redicjj01,2010,ORL,2839408
johnsan02,2010,ORL,2160000
barnema02,2010,ORL,1600000
anderry01,2010,ORL,1317120
foylead01,2010,ORL,1306455
willija02,2010,ORL,1306455
brandel01,2010,PHI,14858471
iguodan01,2010,PHI,12200000
dalemsa01,2010,PHI,12025694
kaponja01,2010,PHI,6212960
willilo02,2010,PHI,4972500
greenwi01,2010,PHI,3682000
youngth01,2010,PHI,2105400
elsonfr01,2010,PHI,1700000
speigma01,2010,PHI,1658280
holidjr01,2010,PHI,1514280
smithja02,2010,PHI,1418880
iversal01,2010,PHI,1029794
carnero01,2010,PHI,855189
meeksjo01,2010,PHI,650000
stoudam01,2010,PHO,16378325
richaja01,2010,PHO,13333333
nashst01,2010,PHO,13125000
wallabe01,2010,PHO,10000000
barbole01,2010,PHO,6600000
hillgr01,2010,PHO,3000000
fryech01,2010,PHO,2000000
dragigo01,2010,PHO,1836000
clarkea01,2010,PHO,1766280
lopezro01,2010,PHO,1745520
dudleja01,2010,PHO,1307640
pavloal01,2010,PHO,1250000
collija03,2010,PHO,1181803
amundlo01,2010,PHO,855189
griffta01,2010,PHO,457588
hartja01,2010,PHO,451866
milesda01,2010,POR,9000000
cambyma01,2010,POR,7650000
przybjo01,2010,POR,6857725
millean02,2010,POR,6730800
aldrila01,2010,POR,5844827
odengr01,2010,POR,5361240
webstma02,2010,POR,4344000
roybr01,2010,POR,3910816
bayleje01,2010,POR,2143080
howarju01,2010,POR,1306455
fernaru01,2010,POR,1165320
batumni01,2010,POR,1118760
cunnida01,2010,POR,457588
millspa02,2010,POR,457588
pendeje02,2010,POR,457588
randosh01,2010,POR,88488
tollian01,2010,POR,51983
hughela01,2010,SAC,13655268
thomake01,2010,SAC,8775000
nocioan01,2010,SAC,7500000
abdursh01,2010,SAC,6600000
udrihbe01,2010,SAC,6031800
garcifr01,2010,SAC,5800000
evansty01,2010,SAC,3610080
landrca01,2010,SAC,3000000
hawessp01,2010,SAC,2332800
thompja02,2010,SAC,2035920
mooremi01,2010,SAC,2000000
casspom01,2010,SAC,1167000
greendo01,2010,SAC,1044000
mayse01,2010,SAC,884881
dorsejo01,2010,SAC,881000
udokaim01,2010,SAC,838034
mcguido01,2010,SAC,825497
brockjo01,2010,SAC,457588
masonde01,2010,SAC,76850
duncati01,2010,SAS,22183220
jefferi01,2010,SAS,14200000
parketo01,2010,SAS,12600000
ginobma01,2010,SAS,10728130
mcdyean01,2010,SAS,4500000
masonro01,2010,SAS,3780000
bonnema01,2010,SAS,3240380
finlemi01,2010,SAS,2500000
hillge01,2010,SAS,1081680
mahinia01,2010,SAS,1079640
boganke01,2010,SAS,1033342
blairde01,2010,SAS,850000
haislma01,2010,SAS,825497
hairsma01,2010,SAS,736420
boshch01,2010,TOR,15779912
turkohe01,2010,TOR,9000000
caldejo01,2010,TOR,8219009
bargnan01,2010,TOR,6527491
evansre01,2010,TOR,4960000
banksma01,2010,TOR,4553793
jackja01,2010,TOR,4500000
johnsam01,2010,TOR,3666666
derozde01,2010,TOR,2282640
wrighan01,2010,TOR,2110550
nestera01,2010,TOR,1990000
obryapa01,2010,TOR,1620000
belinma01,2010,TOR,1547640
weemsso01,2010,TOR,736420
mensapo01,2010,TOR,242793
doubyqu01,2010,TOR,85519
kirilan01,2010,UTA,16452000
boozeca01,2010,UTA,13520500
willide01,2010,UTA,12323900
okurme01,2010,UTA,9000000
millspa01,2010,UTA,7692932
korveky01,2010,UTA,5155115
milescj01,2010,UTA,3700000
pricero01,2010,UTA,1250000
koufoko01,2010,UTA,1214040
fesenky01,2010,UTA,870000
matthwe02,2010,UTA,457588
gainesu01,2010,UTA,269169
arenagi01,2010,WAS,16192080
ilgauzy01,2010,WAS,11541074
howarjo01,2010,WAS,10890000
millemi01,2010,WAS,9750000
jamesmi01,2010,WAS,6466600
foyera01,2010,WAS,3575761
blatcan01,2010,WAS,3000000
obertfa01,2010,WAS,2100000
thornal01,2010,WAS,1900200
youngni01,2010,WAS,1714800
mcgeeja01,2010,WAS,1496640
crittja01,2010,WAS,1477920
boykiea01,2010,WAS,1191180
rossqu01,2010,WAS,1033342
singlja01,2010,WAS,1030189
davispa01,2010,WAS,80488
bibbymi01,2009,ATL,14983603
johnsjo02,2009,ATL,14232567
smithjo03,2009,ATL,10000000
claxtsp01,2009,ATL,5757818
willima02,2009,ATL,5636143
horfoal01,2009,ATL,4026720
pachuza01,2009,ATL,4000000
evansma01,2009,ATL,2500000
lawac01,2009,ATL,2071680
murraro01,2009,ATL,1500000
jonesso01,2009,ATL,797581
morrira01,2009,ATL,797581
gardnth01,2009,ATL,711517
westma02,2009,ATL,711517
hunteot01,2009,ATL,442114
garneke01,2009,BOS,24751934
allenra02,2009,BOS,18388430
piercpa01,2009,BOS,18077903
perkike01,2009,BOS,4578880
scalabr01,2009,BOS,3206897
houseed01,2009,BOS,2650000
allento01,2009,BOS,2500000
rondora01,2009,BOS,1315080
giddejr01,2009,BOS,957120
powele01,2009,BOS,797581
davisgl01,2009,BOS,711517
pruitga01,2009,BOS,711517
walkebi01,2009,BOS,542114
okafoem01,2009,CHA,9537500
wallage01,2009,CHA,9500000
diawbo01,2009,CHA,9000000
mohamna01,2009,CHA,6049400
radmavl01,2009,CHA,6049400
diopde01,2009,CHA,5585000
bellra01,2009,CHA,5000000
feltora01,2009,CHA,4148716
mayse01,2009,CHA,2661027
augusdj01,2009,CHA,2208960
ajincal01,2009,CHA,1276320
howarju01,2009,CHA,928143
singlse01,2009,CHA,442114
martica01,2009,CHA,200252
johnsli01,2009,CHA,125374
brownan01,2009,CHA,107908
jonesdw02,2009,CHA,46812
millebr01,2009,CHI,11375000
hinriki01,2009,CHI,10000000
denglu01,2009,CHI,9385000
gordobe01,2009,CHI,6404750
jamesje01,2009,CHI,6200000
thomati01,2009,CHI,6049400
salmojo01,2009,CHI,5104000
rosede01,2009,CHI,4822800
thomaty01,2009,CHI,3749880
noahjo01,2009,CHI,2295480
hunteli01,2009,CHI,1143473
roberan02,2009,CHI,797581
grayaa01,2009,CHI,711517
nichode01,2009,CHI,87893
wallabe01,2009,CLE,14500000
jamesle01,2009,CLE,14410581
szczewa02,2009,CLE,13775000
ilgauzy01,2009,CLE,10841615
willima01,2009,CLE,8353000
snower01,2009,CLE,7312500
varejan01,2009,CLE,5784480
pavloal01,2009,CLE,4500000
westde01,2009,CLE,3850000
gibsoda01,2009,CLE,3700000
hicksjj01,2009,CLE,1329480
wrighlo02,2009,CLE,1262275
kinseta01,2009,CLE,797581
jacksda01,2009,CLE,450000
willija04,2009,CLE,244463
johnstr01,2009,CLE,187258
kiddja01,2009,DAL,21372000
nowitdi01,2009,DAL,18077904
dampier01,2009,DAL,11553000
howarjo01,2009,DAL,9945000
terryja01,2009,DAL,9196000
stackje01,2009,DAL,7000000
carroma01,2009,DAL,5050000
mbengdj01,2009,DAL,1971941
wrighan01,2009,DAL,1800000
georgde01,2009,DAL,1600000
willish03,2009,DAL,1572960
bareajo01,2009,DAL,1500000
holliry01,2009,DAL,972581
mcleoke01,2009,DAL,926678
greenge01,2009,DAL,854957
bassbr01,2009,DAL,826269
singlja01,2009,DAL,826269
martike01,2009,DEN,14431816
anthoca01,2009,DEN,14410581
billuch01,2009,DEN,11050000
hilarne01,2009,DEN,9680000
smithjr01,2009,DEN,4985001
huntest01,2009,DEN,3862600
mcdyean01,2009,DEN,3000000
petrojo01,2009,DEN,1939893
kleizli01,2009,DEN,1824493
balkmre01,2009,DEN,1369920
cartean01,2009,DEN,1147533
anderch01,2009,DEN,998398
jonesda02,2009,DEN,926678
weemsso01,2009,DEN,442114
howarju01,2009,DEN,51976
iversal01,2009,DET,20840625
wallara01,2009,DET,13930000
hamilri01,2009,DET,10812500
princta01,2009,DET,9500000
brownkw01,2009,DET,4000000
johnsam01,2009,DET,3666667
herrmwa01,2009,DET,2000000
maxieja01,2009,DET,1877572
stuckro01,2009,DET,1687320
afflaar01,2009,DET,1015440
mcdyean01,2009,DET,950419
bynumwi01,2009,DET,711517
sharpwa01,2009,DET,442114
ellismo01,2009,GSW,11000000
biedran01,2009,GSW,9000000
crawfja01,2009,GSW,8640000
maggeco01,2009,GSW,8275862
jacksst02,2009,GSW,7140000
foylead01,2009,GSW,6800000
turiaro01,2009,GSW,4500000
azubuke01,2009,GSW,2900000
wrighbr03,2009,GSW,2497320
randoan01,2009,GSW,1709280
belinma01,2009,GSW,1446720
willima03,2009,GSW,1262520
watsocj01,2009,GSW,711517
morroan01,2009,GSW,442114
kurzro01,2009,GSW,429111
davidje01,2009,GSW,422725
nelsode01,2009,GSW,182047
mcgratr01,2009,HOU,20370437
mingya01,2009,HOU,15070550
artesro01,2009,HOU,7400000
battish01,2009,HOU,6448900
cookbr01,2009,HOU,3500000
scolalu01,2009,HOU,3100667
landrca01,2009,HOU,3000000
butleja01,2009,HOU,2552000
headlu01,2009,HOU,1962378
barrybr01,2009,HOU,1910000
hayesch01,2009,HOU,1768000
reedju01,2009,HOU,1573000
lowryky01,2009,HOU,1163520
brookaa01,2009,HOU,1045560
wafervo01,2009,HOU,826269
dorsejo01,2009,HOU,816500
mutomdi01,2009,HOU,794491
murphtr01,2009,IND,10126984
dunlemi02,2009,IND,9000000
nestera01,2009,IND,8400000
fordtj01,2009,IND,8000000
daniema01,2009,IND,6864200
tinslja01,2009,IND,6750000
fosteje01,2009,IND,5500000
grangda01,2009,IND,2329805
bastoma01,2009,IND,2272860
jackja01,2009,IND,2002623
jonesed02,2009,IND,2000000
rushbr01,2009,IND,1799160
dienetr01,2009,IND,1620000
hibbero01,2009,IND,1465400
grahast01,2009,IND,826269
mcrobjo01,2009,IND,711517
randoza01,2009,LAC,14666667
davisba01,2009,LAC,11250000
cambyma01,2009,LAC,10000000
kamanch01,2009,LAC,9500000
gordoer01,2009,LAC,2623200
hartja01,2009,LAC,2484000
davisri01,2009,LAC,2300000
thornal01,2009,LAC,1776240
willija02,2009,LAC,1262275
skinnbr01,2009,LAC,1262275
collima01,2009,LAC,1034760
novakst01,2009,LAC,797581
sambch01,2009,LAC,797581
ackeral01,2009,LAC,711517
jonesfr01,2009,LAC,622531
jordade01,2009,LAC,550000
taylomi01,2009,LAC,500000
davispa01,2009,LAC,328416
adamsha01,2009,LAC,297163
bryanko01,2009,LAL,21262500
gasolpa01,2009,LAL,15106000
odomla01,2009,LAL,14148596
fishede01,2009,LAL,4700000
vujacsa01,2009,LAL,4524887
waltolu01,2009,LAL,4420000
morriad01,2009,LAL,4159200
arizatr01,2009,LAL,3100000
bynuman01,2009,LAL,2769300
farmajo01,2009,LAL,1080000
johnsma02,2009,LAL,1000000
mbengdj01,2009,LAL,880658
poweljo01,2009,LAL,854957
brownsh01,2009,LAL,797581
yuesu01,2009,LAL,442114
walkean02,2009,MEM,8854475
milicda01,2009,MEM,7020000
jaricma01,2009,MEM,6575000
buckngr01,2009,MEM,4010005
mayooj01,2009,MEM,3875040
conlemi01,2009,MEM,3630480
gasolma01,2009,MEM,3093333
francst01,2009,MEM,2636550
gayru01,2009,MEM,2579400
mihmch01,2009,MEM,2500000
stoudda01,2009,MEM,2325000
warriha01,2009,MEM,2119102
haddaha01,2009,MEM,1572221
foylead01,2009,MEM,1262275
wilksmi01,2009,MEM,998398
arthuda01,2009,MEM,977160
rossqu01,2009,MEM,854957
milesda01,2009,MEM,704752
livinsh01,2009,MEM,370000
onealje01,2009,MIA,21372000
wadedw01,2009,MIA,14410581
blounma01,2009,MIA,8513916
hasleud01,2009,MIA,6575000
beaslmi01,2009,MIA,4314960
jonesja02,2009,MIA,4010000
wrighdo01,2009,MIA,2612835
parkesm01,2009,MIA,1660000
cookda02,2009,MIA,1273200
magloja01,2009,MIA,1141838
quinnch01,2009,MIA,972581
diawaya01,2009,MIA,875000
anthojo01,2009,MIA,711517
moonja01,2009,MIA,711517
chalmma01,2009,MIA,700000
reddmi01,2009,MIL,15780000
jefferi01,2009,MIL,13200000
ridnolu01,2009,MIL,6500000
bogutan01,2009,MIL,6294310
gadzuda01,2009,MIL,6250195
jonesda01,2009,MIL,4460186
villach01,2009,MIL,3448050
bellch01,2009,MIL,3354480
boganke01,2009,MIL,2565000
alexajo01,2009,MIL,2403120
griffad01,2009,MIL,1711000
elsonfr01,2009,MIL,1700000
allenma01,2009,MIL,1300000
mbahalu01,2009,MIL,757000
sessira01,2009,MIL,722517
croshau01,2009,MIL,527185
gilled01,2009,MIL,387613
jeffeal01,2009,MIN,11000000
millemi01,2009,MIN,9028575
howarju01,2009,MIN,7375500
cardibr01,2009,MIN,6300000
collija04,2009,MIN,6200000
gomesry01,2009,MIN,3650000
willish02,2009,MIN,3395760
loveke01,2009,MIN,3163680
foyera01,2009,MIN,2815560
breweco01,2009,MIN,2725920
madsema01,2009,MIN,2630000
smithcr01,2009,MIN,2500000
telfase01,2009,MIN,2300000
carnero01,2009,MIN,1655760
ollieke01,2009,MIN,1262275
brownbo02,2009,MIN,442114
cartevi01,2009,NJN,14724125
simmobo01,2009,NJN,10602667
harride01,2009,NJN,7800000
swiftst01,2009,NJN,6200000
hassetr01,2009,NJN,4350000
doolike01,2009,NJN,3300000
najered01,2009,NJN,3250000
jianlyi01,2009,NJN,2986080
lopezbr01,2009,NJN,2098560
hayesja01,2009,NJN,1910000
willise01,2009,NJN,1522920
anderry01,2009,NJN,1225200
boonejo01,2009,NJN,1212120
agerma01,2009,NJN,1042440
douglch01,2009,NJN,442411
stojape01,2009,NOH,12528000
chandty01,2009,NOH,11350000
westda01,2009,NOH,9862500
daniean01,2009,NOH,6200000
petermo01,2009,NOH,5592240
poseyja01,2009,NOH,5585000
paulch01,2009,NOH,4574189
butlera01,2009,NOH,3630000
armsthi01,2009,NOH,2032800
wrighju01,2009,NOH,1869600
bowenry01,2009,NOH,1141838
marksse01,2009,NOH,1141838
brownde02,2009,NOH,998398
elyme01,2009,NOH,998398
tollian01,2009,NOH,26007
marbust01,2009,NYK,20840625
hughela01,2009,NYK,12827676
curryed01,2009,NYK,9723983
harrial01,2009,NYK,9226250
moblecu01,2009,NYK,9100000
richaqu01,2009,NYK,8685500
wilcoch01,2009,NYK,6750000
jeffrja01,2009,NYK,6049400
duhonch01,2009,NYK,5585000
gallida01,2009,NYK,2873520
robinna01,2009,NYK,2020179
leeda02,2009,NYK,1788033
chandwi01,2009,NYK,1173480
rosema01,2009,OKC,7647500
collini01,2009,OKC,6350000
watsoea01,2009,OKC,6200000
marshdo01,2009,OKC,5950894
masonde01,2009,OKC,5300000
smithjo02,2009,OKC,4795000
krstine01,2009,OKC,4778548
duranke01,2009,OKC,4484040
swiftro01,2009,OKC,3579131
westbru01,2009,OKC,3493680
greenje02,2009,OKC,3287640
atkinch01,2009,OKC,3240000
wilkida02,2009,OKC,3100000
senesa01,2009,OKC,2252400
sefolth01,2009,OKC,1931160
whitedj01,2009,OKC,964080
weaveky01,2009,OKC,806452
hillst01,2009,OKC,148238
lucasjo02,2009,OKC,32842
lewisra02,2009,ORL,16447871
howardw01,2009,ORL,13758000
nelsoja01,2009,ORL,7700000
turkohe01,2009,ORL,6864200
battito01,2009,ORL,5746000
pietrmi01,2009,ORL,5300000
alstora01,2009,ORL,4900000
luety01,2009,ORL,2250000
redicjj01,2009,ORL,2139720
johnsan02,2009,ORL,1910000
leeco01,2009,ORL,1176240
richaje01,2009,ORL,769431
gortama01,2009,ORL,711517
brandel01,2009,PHI,13757844
iguodan01,2009,PHI,11300000
dalemsa01,2009,PHI,11238564
millean02,2009,PHI,10333334
evansre01,2009,PHI,4640000
willilo02,2009,PHI,4500000
greenwi01,2009,PHI,3388000
youngth01,2009,PHI,1968120
speigma01,2009,PHI,1542600
smithja02,2009,PHI,1326360
marshdo01,2009,PHI,1262275
ratlith01,2009,PHI,1262275
rushka01,2009,PHI,926678
iveyro01,2009,PHI,854957
onealsh01,2009,PHO,21000000
stoudam01,2009,PHO,15070550
nashst01,2009,PHO,12250000
richaja01,2009,PHO,12222221
barbole01,2009,PHO,6100000
hillgr01,2009,PHO,1976400
dragigo01,2009,PHO,1700000
lopezro01,2009,PHO,1623720
dudleja01,2009,PHO,1222320
tuckeal02,2009,PHO,1001880
barnema02,2009,PHO,926678
amundlo01,2009,PHO,797581
simsco01,2009,PHO,184648
brownde03,2009,PHO,54410
francst01,2009,POR,17180000
lafrera01,2009,POR,12722500
milesda01,2009,POR,9000000
przybjo01,2009,POR,6310150
odengr01,2009,POR,5011680
aldrila01,2009,POR,4631400
blakest01,2009,POR,4250000
outlatr01,2009,POR,4000000
webstma02,2009,POR,3771133
fryech01,2009,POR,3163769
roybr01,2009,POR,3084240
bayleje01,2009,POR,1993560
ruffimi01,2009,POR,1141838
fernaru01,2009,POR,1084080
rodrise01,2009,POR,1048800
batumni01,2009,POR,1040640
randosh01,2009,POR,826269
martike02,2009,SAC,8760335
thomake01,2009,SAC,8562500
nocioan01,2009,SAC,8000000
goodedr01,2009,SAC,7151183
jacksbo01,2009,SAC,6487888
mooremi01,2009,SAC,5632200
udrihbe01,2009,SAC,5585000
dioguik01,2009,SAC,2912823
mccanra01,2009,SAC,2620126
hawessp01,2009,SAC,2180760
garcifr01,2009,SAC,1983454
thompja02,2009,SAC,1893840
simmoce01,2009,SAC,1742760
doubyqu01,2009,SAC,1427040
boothca01,2009,SAC,1319651
cassesa01,2009,SAC,1262275
greendo01,2009,SAC,971160
solomwi01,2009,SAC,711517
duncati01,2009,SAS,20598704
parketo01,2009,SAS,11550000
ginobma01,2009,SAS,9905248
thomaku01,2009,SAS,4200000
bowenbr01,2009,SAS,4000000
obertfa01,2009,SAS,3600000
masonro01,2009,SAS,3500000
bonnema01,2009,SAS,2987000
finlemi01,2009,SAS,2500000
vaughja01,2009,SAS,1262275
udokaim01,2009,SAS,1080000
mahinia01,2009,SAS,1009200
hillge01,2009,SAS,1006200
hairsma01,2009,SAS,351091
tollian01,2009,SAS,187248
ahearbl01,2009,SAS,125562
farmede01,2009,SAS,83708
croshau01,2009,SAS,74251
mariosh01,2009,TOR,17810000
boshch01,2009,TOR,14410581
caldejo01,2009,TOR,7438018
kaponja01,2009,TOR,5784480
bargnan01,2009,TOR,5176440
parkean01,2009,TOR,4550000
garbajo01,2009,TOR,4350000
banksma01,2009,TOR,4260000
humphkr01,2009,TOR,3200000
grahajo01,2009,TOR,2449184
obryapa01,2009,TOR,1500000
ukicro01,2009,TOR,1250000
voskuja01,2009,TOR,826153
jawaina01,2009,TOR,442114
kirilan01,2009,UTA,15106000
boozeca01,2009,UTA,11593817
okurme01,2009,UTA,8500000
harprma01,2009,UTA,6000000
willide01,2009,UTA,5069449
korveky01,2009,UTA,4956818
milescj01,2009,UTA,3700000
collija03,2009,UTA,2074302
knighbr01,2009,UTA,2000000
brewero02,2009,UTA,1834680
pricero01,2009,UTA,1188000
koufoko01,2009,UTA,1129320
almonmo01,2009,UTA,1081440
fesenky01,2009,UTA,810000
millspa01,2009,UTA,797581
arenagi01,2009,WAS,14653466
jamisan01,2009,WAS,9923285
butleca01,2009,WAS,9249980
thomaet01,2009,WAS,6864200
jamesmi01,2009,WAS,6244093
haywobr01,2009,WAS,5500000
songada01,2009,WAS,4235000
stevede01,2009,WAS,3616072
blatcan01,2009,WAS,2739669
youngni01,2009,WAS,1602960
pecheol01,2009,WAS,1446720
mcgeeja01,2009,WAS,1392240
crittja01,2009,WAS,1381560
dixonju01,2009,WAS,998398
mcguido01,2009,WAS,711517
brownde03,2009,WAS,184157
bibbymi01,2008,ATL,13500000
johnsjo02,2008,ATL,13488377
claxtsp01,2008,ATL,6306182
willima02,2008,ATL,4466040
pachuza01,2008,ATL,4000000
horfoal01,2008,ATL,3745800
childjo01,2008,ATL,3631449
smithjo03,2008,ATL,2243543
lawac01,2008,ATL,1927080
stoudsa01,2008,ATL,783000
jonesso01,2008,ATL,729000
westma02,2008,ATL,427163
richaje01,2008,ATL,253499
garneke01,2008,BOS,23750000
piercpa01,2008,BOS,16360094
allenra02,2008,BOS,16000000
perkike01,2008,BOS,4480912
poseyja01,2008,BOS,3206000
scalabr01,2008,BOS,3000000
allento01,2008,BOS,1868141
houseed01,2008,BOS,1500000
rondora01,2008,BOS,1229280
pollasc01,2008,BOS,1219590
powele01,2008,BOS,687456
pruitga01,2008,BOS,650000
davisgl01,2008,BOS,427163
richaja01,2008,CHA,11111110
wallage01,2008,CHA,9500000
mohamna01,2008,CHA,5632200
carroma01,2008,CHA,5450000
okafoem01,2008,CHA,5427307
morriad01,2008,CHA,3887880
feltora01,2008,CHA,3274440
harriot01,2008,CHA,2376000
mayse01,2008,CHA,1862160
anderde01,2008,CHA,1219590
mcinnje01,2008,CHA,1219590
dudleja01,2008,CHA,1137000
holliry01,2008,CHA,687456
boykiea01,2008,CHA,533572
davidje01,2008,CHA,427163
hughela01,2008,CHI,12000084
hinriki01,2008,CHI,11250000
nocioan01,2008,CHI,8500000
goodedr01,2008,CHI,6453416
gordobe01,2008,CHI,4881669
thomaty01,2008,CHI,3505320
denglu01,2008,CHI,3320339
duhonch01,2008,CHI,3248000
noahjo01,2008,CHI,2135400
khryavi01,2008,CHI,1928598
sefolth01,2008,CHI,1805160
simmoce01,2008,CHI,1629120
brownsh01,2008,CHI,1044120
curryja01,2008,CHI,427163
grayaa01,2008,CHI,427163
nichode01,2008,CHI,427163
gardnth01,2008,CHI,101451
wallabe01,2008,CLE,15500000
jamesle01,2008,CLE,13041250
szczewa02,2008,CLE,12775000
ilgauzy01,2008,CLE,10142156
snower01,2008,CLE,6703125
varejan01,2008,CLE,5356000
smithjo02,2008,CLE,5200000
pavloal01,2008,CLE,4250000
jonesda01,2008,CLE,4172432
westde01,2008,CLE,1889760
brownde02,2008,CLE,1200000
jonesdw02,2008,CLE,770610
gibsoda01,2008,CLE,687456
dickeka01,2008,CLE,264897
thomabi01,2008,CLE,264897
kiddja01,2008,DAL,19728000
finlemi01,2008,DAL,18593750
nowitdi01,2008,DAL,16360094
dampier01,2008,DAL,10590500
howarjo01,2008,DAL,9000000
terryja01,2008,DAL,8898000
stackje01,2008,DAL,6750000
georgde01,2008,DAL,2369111
jonesed02,2008,DAL,1830000
mbengdj01,2008,DAL,1800000
wrighan01,2008,DAL,1680600
howarju01,2008,DAL,1211197
allenma01,2008,DAL,998398
bassbr01,2008,DAL,770610
bareajo01,2008,DAL,687456
fazekni01,2008,DAL,427163
iversal01,2008,DEN,19012500
martike01,2008,DEN,13250000
anthoca01,2008,DEN,13041250
cambyma01,2008,DEN,11250000
hilarne01,2008,DEN,8840000
najered01,2008,DEN,4952380
huntest01,2008,DEN,3248000
atkinch01,2008,DEN,3000000
smithjr01,2008,DEN,2134067
cartean01,2008,DEN,1103225
kleizli01,2008,DEN,1011360
diawaya01,2008,DEN,687456
jonesbo02,2008,DEN,687456
greenta01,2008,DEN,427163
wilksmi01,2008,DEN,162281
mccoyje01,2008,DEN,151089
wallara01,2008,DET,12540000
billuch01,2008,DET,10000000
hamilri01,2008,DET,10000000
princta01,2008,DET,8675620
mcdyean01,2008,DET,6373900
johnsam01,2008,DET,3666666
dixonju01,2008,DET,2550000
hunteli01,2008,DET,2250000
herrmwa01,2008,DET,1944000
murraro01,2008,DET,1890000
stuckro01,2008,DET,1569600
hayesja01,2008,DET,1200000
maxieja01,2008,DET,1041360
afflaar01,2008,DET,944520
duprero01,2008,DET,826046
sambch01,2008,DET,427163
davisba01,2008,GSW,16440000
foylead01,2008,GSW,8937500
harrial01,2008,GSW,8425625
jacksst02,2008,GSW,6630000
pietrmi01,2008,GSW,3470770
barnema02,2008,GSW,3000000
biedran01,2008,GSW,2636696
wrighbr03,2008,GSW,2323080
obryapa01,2008,GSW,2216400
perovko01,2008,GSW,1800000
belinma01,2008,GSW,1345800
croshau01,2008,GSW,1219590
hudsotr01,2008,GSW,1219590
ellismo01,2008,GSW,770610
azubuke01,2008,GSW,687456
webbech01,2008,GSW,602173
mbengdj01,2008,GSW,249478
watsocj01,2008,GSW,125479
lasmest01,2008,GSW,48056
mcgratr01,2008,HOU,19014187
mingya01,2008,HOU,13762775
battish01,2008,HOU,5883600
jacksbo01,2008,HOU,5670000
alstora01,2008,HOU,4550000
surabo01,2008,HOU,3840000
scolalu01,2008,HOU,2910000
francst01,2008,HOU,2430000
butleja01,2008,HOU,2350000
hayesch01,2008,HOU,1750000
greenge01,2008,HOU,1440960
reedju01,2008,HOU,1436500
mutomdi01,2008,HOU,1219590
headlu01,2008,HOU,1122000
brookaa01,2008,HOU,972720
novakst01,2008,HOU,687456
landrca01,2008,HOU,427163
onealje01,2008,IND,19728000
murphtr01,2008,IND,9206349
dunlemi02,2008,IND,8219008
daniema01,2008,IND,6373900
tinslja01,2008,IND,6300000
fosteje01,2008,IND,5500000
dioguik01,2008,IND,2286360
harrida01,2008,IND,1734316
grangda01,2008,IND,1516800
dienetr01,2008,IND,1500000
willish03,2008,IND,1470360
rushka01,2008,IND,854957
grahast01,2008,IND,770610
owensan01,2008,IND,687456
simsco01,2008,IND,112130
brandel01,2008,LAC,15344000
kamanch01,2008,LAC,8600000
moblecu01,2008,LAC,8350000
maggeco01,2008,LAC,7000000
cassesa01,2008,LAC,6150000
thomati01,2008,LAC,5632200
livinsh01,2008,LAC,4404629
williaa01,2008,LAC,1890000
thornal01,2008,LAC,1652280
knighbr01,2008,LAC,1600000
dickada01,2008,LAC,926678
rossqu01,2008,LAC,826046
poweljo01,2008,LAC,800000
davispa01,2008,LAC,687456
frahmri01,2008,LAC,623694
patteru01,2008,LAC,304897
diazgu01,2008,LAC,56065
bryanko01,2008,LAL,19490625
gasolpa01,2008,LAL,13735000
odomla01,2008,LAL,13248596
radmavl01,2008,LAL,5632200
fishede01,2008,LAL,4350000
waltolu01,2008,LAL,4000000
arizatr01,2008,LAL,3100000
mihmch01,2008,LAL,2500000
bynuman01,2008,LAL,2172000
vujacsa01,2008,LAL,1756951
farmajo01,2008,LAL,1009560
johnsma02,2008,LAL,1000000
turiaro01,2008,LAL,770610
mbengdj01,2008,LAL,434091
karlco01,2008,LAL,427163
brownkw01,2008,MEM,9075000
millemi01,2008,MEM,8376194
milicda01,2008,MEM,6500000
collija04,2008,MEM,6100000
cardibr01,2008,MEM,5850000
stoudda01,2008,MEM,4350000
conlemi01,2008,MEM,3377160
gayru01,2008,MEM,2411160
warriha01,2008,MEM,1376040
crittja01,2008,MEM,1285200
lowryky01,2008,MEM,1087680
jacobca01,2008,MEM,826269
mckieaa01,2008,MEM,750000
brownan01,2008,MEM,711517
vincima01,2008,MEM,687456
navarju01,2008,MEM,538090
richaje01,2008,MEM,511295
kinseta01,2008,MEM,219533
jonesbo02,2008,MEM,85932
mariosh01,2008,MIA,16440000
wadedw01,2008,MIA,13041250
willija02,2008,MIA,8937500
blounma01,2008,MIA,7901040
davisri01,2008,MIA,6819000
hasleud01,2008,MIA,6050000
banksma01,2008,MIA,3966207
mournal01,2008,MIA,2762500
parkesm01,2008,MIA,2250000
wrighdo01,2008,MIA,2040746
cookda02,2008,MIA,1184400
barroea01,2008,MIA,973328
johnsal01,2008,MIA,687456
quinnch01,2008,MIA,687456
anthojo01,2008,MIA,427163
hardaan01,2008,MIA,320142
jackslu02,2008,MIA,279415
reddmi01,2008,MIL,14520000
simmobo01,2008,MIL,9280000
willima01,2008,MIL,7750000
gadzuda01,2008,MIL,5751130
masonde01,2008,MIL,5000000
bogutan01,2008,MIL,4991520
bellch01,2008,MIL,3100000
voskuja01,2008,MIL,3000000
jianlyi01,2008,MIL,2777760
villach01,2008,MIL,2715000
ruffimi01,2008,MIL,1033930
iveyro01,2008,MIL,826046
storeaw01,2008,MIL,711517
noelda01,2008,MIL,687456
sessira01,2008,MIL,427163
ratlith01,2008,MIN,11666666
walkean02,2008,MIN,8329640
howarju01,2008,MIN,6883800
jaricma01,2008,MIN,6050000
hudsotr01,2008,MIN,5953000
buckngr01,2008,MIN,3750000
doleami01,2008,MIN,3120000
griffed01,2008,MIN,2900000
foyera01,2008,MIN,2631840
telfase01,2008,MIN,2562426
breweco01,2008,MIN,2535720
jeffeal01,2008,MIN,2480885
madsema01,2008,MIN,2420000
snydeki01,2008,MIN,2358433
mccanra01,2008,MIN,1769160
udrihbe01,2008,MIN,1747096
gomesry01,2008,MIN,770610
smithcr01,2008,MIN,687456
richach01,2008,MIN,427163
cartevi01,2008,NJN,13320000
jefferi01,2008,NJN,12200000
swiftst01,2008,NJN,5800000
hassetr01,2008,NJN,4350000
vanhoke01,2008,NJN,4300000
magloja01,2008,NJN,4000000
harride01,2008,NJN,3995003
nachbbo01,2008,NJN,2500000
diopde01,2008,NJN,2146000
krstine01,2008,NJN,1889760
willise01,2008,NJN,1416600
armstda01,2008,NJN,1219590
willima03,2008,NJN,1180200
boonejo01,2008,NJN,1133040
agerma01,2008,NJN,974400
thomabi01,2008,NJN,510529
robincl02,2008,NJN,500000
wesleda01,2008,NJN,250000
gilled01,2008,NJN,151089
stojape01,2008,NOH,11664000
westda01,2008,NOH,10650000
chandty01,2008,NOH,10250000
jamesmi01,2008,NOH,5632200
petermo01,2008,NOH,5356000
paulch01,2008,NOH,3615960
butlera01,2008,NOH,3315000
wellsbo01,2008,NOH,2284200
armsthi01,2008,NOH,1900200
pargoja01,2008,NOH,1830000
wrighju01,2008,NOH,1739160
robinbe01,2008,NOH,1080000
bowenry01,2008,NOH,1033930
elyme01,2008,NOH,895341
ilicmi01,2008,NOH,864000
macijar01,2008,NOH,500000
marbust01,2008,NYK,19012500
randoza01,2008,NYK,13333333
curryed01,2008,NYK,8947543
richaqu01,2008,NYK,8105500
crawfja01,2008,NYK,7920000
willije01,2008,NYK,7639400
rosema01,2008,NYK,7101250
jamesje01,2008,NYK,5800000
jeffrja01,2008,NYK,5632200
jonesfr01,2008,NYK,3300000
dickada01,2008,NYK,2990028
balkmre01,2008,NYK,1280640
robinna01,2008,NYK,1268160
chandwi01,2008,NYK,1091640
leeda02,2008,NYK,990600
collima01,2008,NYK,967320
morrira01,2008,NYK,810000
lewisra02,2008,ORL,14880000
turkohe01,2008,ORL,6373900
howardw01,2008,ORL,6061274
battito01,2008,ORL,5200000
arroyca01,2008,ORL,4100000
garripa01,2008,ORL,3818750
doolike01,2008,ORL,3596000
cookbr01,2008,ORL,3500000
boganke01,2008,ORL,2440000
redicjj01,2008,ORL,2000160
nelsoja01,2008,ORL,1961609
evansma01,2008,ORL,1740000
foylead01,2008,ORL,1219590
augusja01,2008,ORL,687456
gortama01,2008,ORL,427163
outlabo01,2008,ORL,160071
webbech01,2008,PHI,19000000
dalemsa01,2008,PHI,10250000
millean02,2008,PHI,9366666
mckieaa01,2008,PHI,7000000
evansre01,2008,PHI,4320000
giricgo01,2008,PHI,4000000
ollieke01,2008,PHI,3441900
greenwi01,2008,PHI,3094000
iguodan01,2008,PHI,2804889
buckngr01,2008,PHI,2080000
youngth01,2008,PHI,1830720
carnero01,2008,PHI,1547760
smithja02,2008,PHI,1233840
boothca01,2008,PHI,1103225
randosh01,2008,PHI,1080000
willilo02,2008,PHI,770610
amundlo01,2008,PHI,687456
onealsh01,2008,PHO,20000000
stoudam01,2008,PHO,13762775
nashst01,2008,PHO,11375000
diawbo01,2008,PHO,9000000
barbole01,2008,PHO,5600000
bellra01,2008,PHO,4750000
hillgr01,2008,PHO,1830000
piatker01,2008,PHO,1219590
skinnbr01,2008,PHO,1108718
marksse01,2008,PHO,1033930
tuckeal02,2008,PHO,931920
strawdj01,2008,PHO,427163
johnsli01,2008,PHO,283953
francst01,2008,POR,15070000
lafrera01,2008,POR,12440787
milesda01,2008,POR,8250000
przybjo01,2008,POR,5762575
odengr01,2008,POR,4662000
aldrila01,2008,POR,4329360
blakest01,2008,POR,4250000
outlatr01,2008,POR,4000000
webstma02,2008,POR,2974080
jonesja02,2008,POR,2900000
roybr01,2008,POR,2883120
fryech01,2008,POR,2487240
jackja01,2008,POR,1217400
rodrise01,2008,POR,817000
wafervo01,2008,POR,770610
mcrobjo01,2008,POR,427163
millebr01,2008,SAC,10500000
thomake01,2008,SAC,7875000
artesro01,2008,SAC,7400000
abdursh01,2008,SAC,5800000
mooremi01,2008,SAC,5356000
salmojo01,2008,SAC,4752000
luety01,2008,SAC,3500000
wrighlo02,2008,SAC,3250000
willish02,2008,SAC,3174240
johnsan02,2008,SAC,2860000
hawessp01,2008,SAC,2028600
martike02,2008,SAC,1808121
doubyqu01,2008,SAC,1333920
garcifr01,2008,SAC,1168800
williju01,2008,SAC,862456
udrihbe01,2008,SAC,788349
jonesda02,2008,SAC,753767
watkida01,2008,SAC,109461
shakumu01,2008,SAC,5450
duncati01,2008,SAS,19014188
parketo01,2008,SAS,10500000
ginobma01,2008,SAS,9079811
thomaku01,2008,SAS,8091188
bowenbr01,2008,SAS,4125000
horryro01,2008,SAS,3630000
obertfa01,2008,SAS,3600000
finlemi01,2008,SAS,3103000
bonnema01,2008,SAS,2678000
spanova01,2008,SAS,1944000
vaughja01,2008,SAS,1219950
udokaim01,2008,SAS,1000000
mahinia01,2008,SAS,938760
stoudda01,2008,SAS,556438
langfke01,2008,SAS,272316
washida01,2008,SAS,154847
richaje01,2008,SAS,85932
johnsde03,2008,SAS,42203
willima04,2008,SAS,12890
ridnolu01,2008,SEA,6500000
wilcoch01,2008,SEA,6500000
marshdo01,2008,SEA,6016965
watsoea01,2008,SEA,5800000
collini01,2008,SEA,5750000
barrybr01,2008,SEA,5544370
duranke01,2008,SEA,4171200
newblir01,2008,SEA,3441900
greenje02,2008,SEA,3058200
elsonfr01,2008,SEA,3000000
wilkida02,2008,SEA,2900000
swiftro01,2008,SEA,2601113
senesa01,2008,SEA,2105520
griffad01,2008,SEA,1593000
petrojo01,2008,SEA,1077120
gelabmi01,2008,SEA,802000
boshch01,2008,TOR,12455000
fordtj01,2008,TOR,8000000
nestera01,2008,TOR,7840000
kaponja01,2008,TOR,5356000
bargnan01,2008,TOR,4838880
willial02,2008,TOR,4516484
parkean01,2008,TOR,4350000
garbajo01,2008,TOR,4000000
brezepr01,2008,TOR,2750000
humphkr01,2008,TOR,2522913
caldejo01,2008,TOR,2471604
delfica01,2008,TOR,1868141
bastoma01,2008,TOR,1830000
grahajo01,2008,TOR,1596600
martida01,2008,TOR,1219590
moonja01,2008,TOR,427163
kirilan01,2008,UTA,13735000
boozeca01,2008,UTA,11260483
okurme01,2008,UTA,8500000
fishede01,2008,UTA,6373900
harprma01,2008,UTA,6000000
korveky01,2008,UTA,4400000
willide01,2008,UTA,4010640
collija03,2008,UTA,2350000
hartja01,2008,UTA,2300000
brewero02,2008,UTA,1715040
pricero01,2008,UTA,1100000
almonmo01,2008,UTA,1005960
milescj01,2008,UTA,770610
fesenky01,2008,UTA,750000
millspa01,2008,UTA,687456
jamisan01,2008,WAS,16360094
arenagi01,2008,WAS,11950400
butleca01,2008,WAS,8218990
thomaet01,2008,WAS,6373900
daniean01,2008,WAS,5800000
haywobr01,2008,WAS,5000000
songada01,2008,WAS,3942000
blatcan01,2008,WAS,2470000
youngni01,2008,WAS,1491240
pecheol01,2008,WAS,1345800
stevede01,2008,WAS,1033930
masonro01,2008,WAS,798328
mcguido01,2008,WAS,427163
wilksmi01,2008,WAS,67151
johnsjo02,2007,ATL,12744189
claxtsp01,2007,ATL,6854546
willima02,2007,ATL,4174800
pachuza01,2007,ATL,4000000
luety01,2007,ATL,3500000
wrighlo02,2007,ATL,3250000
willish02,2007,ATL,2952840
childjo01,2007,ATL,2863920
johnsan02,2007,ATL,2640000
smithjo03,2007,ATL,1460640
iveyro01,2007,ATL,744551
stoudsa01,2007,ATL,729000
jonesso01,2007,ATL,675000
batises01,2007,ATL,664209
medvest01,2007,ATL,625132
bozemce01,2007,ATL,412718
freijma01,2007,ATL,145961
thompdi01,2007,ATL,89101
richaje01,2007,ATL,55365
piercpa01,2007,BOS,15101625
szczewa02,2007,BOS,11775000
ratlith01,2007,BOS,11666666
bakervi01,2007,BOS,5243334
scalabr01,2007,BOS,2793103
jackslu02,2007,BOS,2091480
grantbr01,2007,BOS,1938870
telfase01,2007,BOS,1793160
perkike01,2007,BOS,1689409
jeffeal01,2007,BOS,1618320
greenge01,2007,BOS,1347000
rondora01,2007,BOS,1143600
olowomi01,2007,BOS,1103225
westde01,2007,BOS,1080480
allento01,2007,BOS,1037280
gomesry01,2007,BOS,664209
powele01,2007,BOS,432000
rayal01,2007,BOS,412718
wallage01,2007,CHA,5525000
knighbr01,2007,CHA,4400000
okafoem01,2007,CHA,4300560
willier01,2007,CHA,4296000
morriad01,2007,CHA,3616680
mcinnje01,2007,CHA,3600000
feltora01,2007,CHA,3060840
brezepr01,2007,CHA,2750000
harriot01,2007,CHA,2200000
voskuja01,2007,CHA,2000000
herrmwa01,2007,CHA,1800000
mayse01,2007,CHA,1740720
carroma01,2007,CHA,1188000
anderde01,2007,CHA,901397
holliry01,2007,CHA,412718
anderal01,2007,CHA,102131
burleke01,2007,CHA,70000
wallabe01,2007,CHI,16000000
brownpj01,2007,CHI,8560000
nocioan01,2007,CHI,3950000
gordobe01,2007,CHI,3862080
thomaty01,2007,CHI,3260760
hinriki01,2007,CHI,3192628
duhonch01,2007,CHI,3024000
sweetmi01,2007,CHI,2696956
denglu01,2007,CHI,2614440
allenma01,2007,CHI,1803600
sefolth01,2007,CHI,1679280
griffad01,2007,CHI,1475000
khryavi01,2007,CHI,1172400
barrean01,2007,CHI,744551
andrima01,2007,CHI,664209
schenlu01,2007,CHI,55000
hughela01,2007,CLE,13363012
ilgauzy01,2007,CLE,9442697
goodedr01,2007,CLE,6645402
snower01,2007,CLE,6093750
jamesle01,2007,CLE,5828090
marshdo01,2007,CLE,5633037
jonesda01,2007,CLE,3884678
newblir01,2007,CLE,3196050
pollasc01,2007,CLE,2200000
pavloal01,2007,CLE,1962206
wesleda01,2007,CLE,1750000
brownsh01,2007,CLE,971280
varejan01,2007,CLE,945600
jonesdw02,2007,CLE,664209
gibsoda01,2007,CLE,412718
finlemi01,2007,DAL,16141999
nowitdi01,2007,DAL,15101625
dampier01,2007,DAL,9628000
stackje01,2007,DAL,9296874
terryja01,2007,DAL,8100000
croshau01,2007,DAL,7300000
bradlsh01,2007,DAL,4800000
buckngr01,2007,DAL,3240741
harride01,2007,DAL,3153120
diopde01,2007,DAL,1998000
georgde01,2007,DAL,1974259
abdulta01,2007,DAL,1968750
howarjo01,2007,DAL,1667603
mbengdj01,2007,DAL,1628959
agerma01,2007,DAL,906480
podkopa01,2007,DAL,600000
bareajo01,2007,DAL,412718
mensapo01,2007,DAL,412718
ebind01,2007,DAL,90000
iversal01,2007,DEN,17184375
martike01,2007,DEN,12068182
cambyma01,2007,DEN,8800000
hilarne01,2007,DEN,8000000
anthoca01,2007,DEN,4694041
najered01,2007,DEN,4571428
evansre01,2007,DEN,4000000
smithjr01,2007,DEN,1387560
blakest01,2007,DEN,1330000
kleizli01,2007,DEN,945360
johnsde03,2007,DEN,865063
sampsja01,2007,DEN,771331
diawaya01,2007,DEN,412718
mcfariv01,2007,DEN,412718
wallara01,2007,DET,11650000
hamilri01,2007,DET,9187500
princta01,2007,DET,7851240
billuch01,2007,DET,6364400
mcdyean01,2007,DET,5883600
mohamna01,2007,DET,5215000
davisda01,2007,DET,3500000
hunteli01,2007,DET,2250000
murraro01,2007,DET,1750000
delfica01,2007,DET,1037280
maxieja01,2007,DET,973440
ackeral01,2007,DET,839209
duprero01,2007,DET,771331
johnsam01,2007,DET,664209
webbech01,2007,DET,661024
blalowi01,2007,DET,412718
davisba01,2007,GSW,15070000
richaja01,2007,GSW,9999999
foylead01,2007,GSW,8125000
harrial01,2007,GSW,7625000
jacksst02,2007,GSW,6120000
jasiksa01,2007,GSW,4000000
pietrmi01,2007,GSW,2535260
cabarza01,2007,GSW,2157097
obryapa01,2007,GSW,2061720
biedran01,2007,GSW,1986960
barnema02,2007,GSW,771331
wagneda02,2007,GSW,771331
poweljo01,2007,GSW,744551
owensan01,2007,GSW,676800
ellismo01,2007,GSW,664209
taftch01,2007,GSW,664209
brownde02,2007,GSW,500000
roberan02,2007,GSW,267111
azubuke01,2007,GSW,251657
majorre01,2007,GSW,20133
mcgratr01,2007,HOU,16901500
mingya01,2007,HOU,12455000
howarju01,2007,HOU,6392100
battish01,2007,HOU,5393300
alstora01,2007,HOU,4200000
surabo01,2007,HOU,3840000
tsakaja01,2007,HOU,2900000
mutomdi01,2007,HOU,2210000
wellsbo01,2007,HOU,2115000
spanova01,2007,HOU,1800000
snydeki01,2007,HOU,1537440
headlu01,2007,HOU,1048800
bowenry01,2007,HOU,998967
lucasjo02,2007,HOU,700000
hayesch01,2007,HOU,664209
novakst01,2007,HOU,600000
azubuke01,2007,HOU,50000
jacobca01,2007,HOU,31250
onealje01,2007,IND,18084000
murphtr01,2007,IND,8285714
dunlemi02,2007,IND,7438016
daniema01,2007,IND,5883600
tinslja01,2007,IND,5850000
fosteje01,2007,IND,5500000
dioguik01,2007,IND,2137200
grangda01,2007,IND,1417800
willish03,2007,IND,1367760
mcleoke01,2007,IND,1350000
armstda01,2007,IND,1178348
edwarjo01,2007,IND,1080000
harrida01,2007,IND,960840
bastoma01,2007,IND,744551
greenor01,2007,IND,664209
marshra01,2007,IND,664209
whiteja02,2007,IND,412718
brandel01,2007,LAC,14248000
moblecu01,2007,LAC,8125000
maggeco01,2007,LAC,7000000
cassesa01,2007,LAC,6850000
thomati01,2007,LAC,5215000
kamanch01,2007,LAC,3491768
livinsh01,2007,LAC,3481920
rebraze01,2007,LAC,3240000
korolya01,2007,LAC,1832280
williaa01,2007,LAC,1750000
ndongbo01,2007,LAC,839209
rossqu01,2007,LAC,771331
singlja01,2007,LAC,675000
ewingda01,2007,LAC,664209
davispa01,2007,LAC,412718
hartja01,2007,LAC,242640
chrisdo01,2007,LAC,158071
willial02,2007,LAC,103992
jackslu02,2007,LAC,40501
wafervo01,2007,LAC,24300
conrowi01,2007,LAC,15099
bryanko01,2007,LAL,17718750
grantbr01,2007,LAL,14848080
odomla01,2007,LAL,12348596
brownkw01,2007,LAL,8287500
radmavl01,2007,LAL,5215000
mihmch01,2007,LAL,4214241
mckieaa01,2007,LAL,2500000
bynuman01,2007,LAL,2030280
cookbr01,2007,LAL,1817141
willish01,2007,LAL,1750000
evansma01,2007,LAL,1620000
waltolu01,2007,LAL,1375000
johnsma02,2007,LAL,1000000
vujacsa01,2007,LAL,973920
farmajo01,2007,LAL,939120
parkesm01,2007,LAL,798112
turiaro01,2007,LAL,664209
jonesed02,2007,MEM,14863778
gasolpa01,2007,MEM,12364000
millemi01,2007,MEM,7623813
cardibr01,2007,MEM,5400000
swiftst01,2007,MEM,5400000
stoudda01,2007,MEM,4050000
atkinch01,2007,MEM,3000000
gayru01,2007,MEM,2242290
jonesda02,2007,MEM,1886113
warriha01,2007,MEM,1286280
lowryky01,2007,MEM,1011720
padgesc01,2007,MEM,932015
roberla01,2007,MEM,664209
johnsal01,2007,MEM,412718
kinseta01,2007,MEM,412718
harriju01,2007,MEM,390556
conrowi01,2007,MEM,20279
onealsh01,2007,MIA,20000000
willija02,2007,MIA,8250000
walkean02,2007,MIA,7606820
poseyja01,2007,MIA,6392100
hasleud01,2007,MIA,5525000
wadedw01,2007,MIA,3841443
doleami01,2007,MIA,2880000
mournal01,2007,MIA,2500000
wrighdo01,2007,MIA,1325160
kaponja01,2007,MIA,1188000
paytoga01,2007,MIA,1178348
simiewa01,2007,MIA,932760
barroea01,2007,MIA,744551
jonesed02,2007,MIA,531694
hitero01,2007,MIA,412718
quinnch01,2007,MIA,412718
anderde01,2007,MIA,400000
reddmi01,2007,MIL,13260000
simmobo01,2007,MIL,8640000
patteru01,2007,MIL,6807000
boothca01,2007,MIL,6629891
skinnbr01,2007,MIL,5400000
gadzuda01,2007,MIL,5252065
bogutan01,2007,MIL,4665960
boykiea01,2007,MIL,2950000
villach01,2007,MIL,2537880
willima01,2007,MIL,1920000
hodgeju01,2007,MIL,1234800
bellch01,2007,MIL,744551
seungha01,2007,MIL,744551
greerly01,2007,MIL,664209
ilyaser01,2007,MIL,664209
markoda01,2007,MIL,412718
noelda01,2007,MIL,412718
reineja01,2007,MIL,396905
mccrach01,2007,MIL,161061
garneke01,2007,MIN,21000000
blounma01,2007,MIN,7288165
davisri01,2007,MIN,6364400
hudsotr01,2007,MIN,5603000
jaricma01,2007,MIN,5525000
jamesmi01,2007,MIN,5215000
hassetr01,2007,MIN,4350000
griffed01,2007,MIN,2700000
foyera01,2007,MIN,2448240
madsema01,2007,MIN,2210000
mccanra01,2007,MIN,1653720
reedju01,2007,MIN,1300000
wrighbr02,2007,MIN,664209
smithcr01,2007,MIN,412718
bakervi01,2007,MIN,86221
kiddja01,2007,NJN,18084000
cartevi01,2007,NJN,15101625
jefferi01,2007,NJN,11200000
collija04,2007,NJN,5800000
nachbbo01,2007,NJN,2500000
robincl02,2007,NJN,1600000
wrighan01,2007,NJN,1570920
houseed01,2007,NJN,1400000
willima03,2007,NJN,1097880
krstine01,2007,NJN,1080480
mooremi01,2007,NJN,1071225
boonejo01,2007,NJN,1053960
robinbe01,2007,NJN,1000000
ilicmi01,2007,NJN,800000
padgesc01,2007,NJN,563302
adamsha01,2007,NJN,412718
planizo01,2007,NJN,150000
stojape01,2007,NOK,10800000
chandty01,2007,NOK,9150000
masonde01,2007,NOK,8037037
jacksbo01,2007,NOK,5259000
jacksma02,2007,NOK,4875000
paulch01,2007,NOK,3380160
butlera01,2007,NOK,3000000
westda01,2007,NOK,2051938
armsthi01,2007,NOK,1767600
simmoce01,2007,NOK,1515480
pargoja01,2007,NOK,1000000
johnsli01,2007,NOK,771331
bassbr01,2007,NOK,664209
brownde02,2007,NOK,564518
macijar01,2007,NOK,500000
vincima01,2007,NOK,412718
marbust01,2007,NYK,17184375
francst01,2007,NYK,15070000
roseja01,2007,NYK,14601500
curryed01,2007,NYK,8171103
richaqu01,2007,NYK,7525500
rosema01,2007,NYK,7525397
tayloma01,2007,NYK,7500000
andersh01,2007,NYK,7244726
crawfja01,2007,NYK,7200000
willije01,2007,NYK,7014400
jamesje01,2007,NYK,5400000
jeffrja01,2007,NYK,5215000
fryech01,2007,NYK,2325000
balkmre01,2007,NYK,1191240
robinna01,2007,NYK,1185480
catoke01,2007,NYK,1071225
leeda02,2007,NYK,926040
collima01,2007,NYK,899880
hillgr01,2007,ORL,16901500
turkohe01,2007,ORL,5883600
battito01,2007,ORL,5746000
milicda01,2007,ORL,5218622
howardw01,2007,ORL,4806720
arroyca01,2007,ORL,4100000
garripa01,2007,ORL,3525000
doolike01,2007,ORL,3348000
arizatr01,2007,ORL,3100000
boganke01,2007,ORL,2510000
redicjj01,2007,ORL,1860720
nelsoja01,2007,ORL,1272120
outlabo01,2007,ORL,1178348
kasunma01,2007,ORL,919551
dienetr01,2007,ORL,664209
augusja01,2007,ORL,412718
webbech01,2007,PHI,17600000
dalemsa01,2007,PHI,9464307
millean02,2007,PHI,8733333
smithjo02,2007,PHI,6807000
mckieaa01,2007,PHI,5570874
korveky01,2007,PHI,4018182
ollieke01,2007,PHI,3196050
huntest01,2007,PHI,3024000
greenwi01,2007,PHI,2800000
iguodan01,2007,PHI,2201640
buckngr01,2007,PHI,1941333
carnero01,2007,PHI,1439760
randosh01,2007,PHI,1000000
willilo02,2007,PHI,664209
jonesbo02,2007,PHI,412718
smithst03,2007,PHI,161061
amundlo01,2007,PHI,105696
mariosh01,2007,PHO,15070000
stoudam01,2007,PHO,12455000
nashst01,2007,PHO,10500000
thomaku01,2007,PHO,7821482
bellra01,2007,PHO,4500000
banksma01,2007,PHO,3672414
jonesja02,2007,PHO,2650000
diawbo01,2007,PHO,1870501
barbole01,2007,PHO,1679733
roseja01,2007,PHO,1540000
piatker01,2007,PHO,1178348
jonesju01,2007,PHO,998967
marksse01,2007,PHO,932015
burkepa01,2007,PHO,810000
eisleho01,2007,PHO,162660
randoza01,2007,POR,12000000
lafrera01,2007,POR,11532037
anderde01,2007,POR,9742500
magloja01,2007,POR,8433334
milesda01,2007,POR,7750000
przybjo01,2007,POR,5215000
aldrila01,2007,POR,4027320
jonesfr01,2007,POR,3100000
webstma02,2007,POR,2780160
dickada01,2007,POR,2753218
roybr01,2007,POR,2681880
outlatr01,2007,POR,1836426
jackja01,2007,POR,1137960
rodrise01,2007,POR,912000
udokaim01,2007,POR,744551
grahast01,2007,POR,259204
richaje01,2007,POR,120796
bibbymi01,2007,SAC,12500000
millebr01,2007,SAC,9625000
artesro01,2007,SAC,7526316
thomake01,2007,SAC,7187500
willico02,2007,SAC,6500000
abdursh01,2007,SAC,5400000
salmojo01,2007,SAC,4400000
potapvi01,2007,SAC,3674584
hartja01,2007,SAC,1680000
doubyqu01,2007,SAC,1240920
garcifr01,2007,SAC,1092600
tayloma01,2007,SAC,1065918
martike02,2007,SAC,1002840
pricero01,2007,SAC,664209
woodslo01,2007,SAC,300000
williju01,2007,SAC,261724
moniase01,2007,SAC,100000
amundlo01,2007,SAC,75000
duncati01,2007,SAS,17429672
parketo01,2007,SAS,9450000
ginobma01,2007,SAS,8254375
barrybr01,2007,SAS,5117880
bowenbr01,2007,SAS,3750000
horryro01,2007,SAS,3315000
elyme01,2007,SAS,3303813
elsonfr01,2007,SAS,3000000
finlemi01,2007,SAS,2889000
obertfa01,2007,SAS,2500000
butleja01,2007,SAS,2200000
bonnema01,2007,SAS,2000000
vaughja01,2007,SAS,1071225
udrihbe01,2007,SAS,967920
whiteja02,2007,SAS,405435
allenra02,2007,SEA,14611570
lewisra02,2007,SEA,9350649
fortsda01,2007,SEA,6596990
wilcoch01,2007,SEA,6250000
watsoea01,2007,SEA,5400000
wilkida02,2007,SEA,2700000
collini01,2007,SEA,2501070
ridnolu01,2007,SEA,2425878
senesa01,2007,SEA,1958640
swiftro01,2007,SEA,1887600
petrojo01,2007,SEA,1006800
gelabmi01,2007,SEA,802000
wilksmi01,2007,SEA,798112
farmede01,2007,SEA,275404
brownan01,2007,SEA,241591
glynian01,2007,SEA,161061
rushka01,2007,SEA,19466
nestera01,2007,TOR,7280000
petermo01,2007,TOR,4550000
bargnan01,2007,TOR,4501200
willial02,2007,TOR,4483516
boshch01,2007,TOR,4235220
mournal01,2007,TOR,4225433
parkean01,2007,TOR,4150000
garbajo01,2007,TOR,3750000
fordtj01,2007,TOR,2929467
dixonju01,2007,TOR,2550000
caldejo01,2007,TOR,2333334
humphkr01,2007,TOR,1703520
grahajo01,2007,TOR,1492440
martida01,2007,TOR,1178348
sowpa01,2007,TOR,744551
slokaur01,2007,TOR,412718
tuckepj01,2007,TOR,412718
whalero01,2007,TOR,83026
kirilan01,2007,UTA,12364000
boozeca01,2007,UTA,11260483
okurme01,2007,UTA,8250000
harprma01,2007,UTA,6500000
fishede01,2007,UTA,5883600
giricgo01,2007,UTA,4000000
willide01,2007,UTA,3749040
collija03,2007,UTA,2625698
araujra01,2007,UTA,2395200
brewero02,2007,UTA,1595400
hendeal01,2007,UTA,1178348
milescj01,2007,UTA,664209
millspa01,2007,UTA,625000
brownde03,2007,UTA,412718
powelro01,2007,UTA,412718
amundlo01,2007,UTA,35232
jamisan01,2007,WAS,15101625
arenagi01,2007,WAS,11096800
butleca01,2007,WAS,7438000
thomaet01,2007,WAS,5883600
daniean01,2007,WAS,5400000
haywobr01,2007,WAS,4500000
songada01,2007,WAS,3650000
hayesja01,2007,WAS,2564127
ruffimi01,2007,WAS,1803600
boothca01,2007,WAS,998967
stevede01,2007,WAS,932015
langja01,2007,WAS,771331
masonro01,2007,WAS,744551
blatcan01,2007,WAS,664209
taylodo01,2007,WAS,664209
ramospe01,2007,WAS,384776
hallmi01,2007,WAS,135895
johnsjo02,2006,ATL,12000000
harrial01,2006,ATL,6957500
pachuza01,2006,ATL,4000000
willima02,2006,ATL,3883560
luety01,2006,ATL,3500000
delkto01,2006,ATL,3375000
childjo01,2006,ATL,2677200
collija02,2006,ATL,1650000
smithjo03,2006,ATL,1365360
edwarjo01,2006,ATL,1000000
stoudsa01,2006,ATL,675000
iveyro01,2006,ATL,641748
smithdo04,2006,ATL,641748
batises01,2006,ATL,398762
thomajo02,2006,ATL,178675
piercpa01,2006,BOS,13843156
lafrera01,2006,BOS,10623288
davisri01,2006,BOS,5909800
blounma01,2006,BOS,5515875
bakervi01,2006,BOS,5333333
scalabr01,2006,BOS,2586207
dickada01,2006,BOS,2250000
borchcu01,2006,BOS,1969993
banksma01,2006,BOS,1724280
jeffeal01,2006,BOS,1512840
greenge01,2006,BOS,1253040
westde01,2006,BOS,1010040
allento01,2006,BOS,969696
perkike01,2006,BOS,936480
reedju01,2006,BOS,641748
gomesry01,2006,BOS,428762
greenor01,2006,BOS,398762
wallage01,2006,CHA,5000000
knighbr01,2006,CHA,4600000
okafoem01,2006,CHA,4020120
rushka01,2006,CHA,3000000
feltora01,2006,CHA,2847360
brezepr01,2006,CHA,2750000
elyme01,2006,CHA,2401027
voskuja01,2006,CHA,1937500
jonesju01,2006,CHA,1875000
mayse01,2006,CHA,1619280
carroma01,2006,CHA,1100000
boganke01,2006,CHA,869373
robinbe01,2006,CHA,641748
anderal01,2006,CHA,398762
burleke01,2006,CHA,398762
thomati01,2006,CHI,13975000
chandty01,2006,CHI,9000000
robined01,2006,CHI,5444444
gordobe01,2006,CHI,3610200
harriot01,2006,CHI,3500000
piatker01,2006,CHI,3000000
duhonch01,2006,CHI,2800000
nocioan01,2006,CHI,2775000
hinriki01,2006,CHI,2513880
denglu01,2006,CHI,2443920
songada01,2006,CHI,2200000
sweetmi01,2006,CHI,2116920
allenma01,2006,CHI,1670000
pargoja01,2006,CHI,895248
jacksje01,2006,CHI,771123
basdeed01,2006,CHI,398762
holcora01,2006,CHI,52033
hughela01,2006,CLE,10344900
ilgauzy01,2006,CLE,8740000
snower01,2006,CLE,5484375
marshdo01,2006,CLE,4799108
jamesle01,2006,CLE,4621800
goodedr01,2006,CLE,4065811
jonesda01,2006,CLE,3590000
newblir01,2006,CLE,2950200
jackslu02,2006,CLE,1955160
pavloal01,2006,CLE,1274160
hendeal01,2006,CLE,1138500
varejan01,2006,CLE,866800
wilksmi01,2006,CLE,745248
andrima01,2006,CLE,398762
hamilze01,2006,CLE,329138
finlemi01,2006,DAL,15937500
vanhoke01,2006,DAL,15694250
nowitdi01,2006,DAL,13843156
dampier01,2006,DAL,8662500
stackje01,2006,DAL,8367187
terryja01,2006,DAL,6666667
daniema01,2006,DAL,5393300
bradlsh01,2006,DAL,4500000
eschmev01,2006,DAL,3711400
abdulta01,2006,DAL,3656250
harride01,2006,DAL,2947440
diopde01,2006,DAL,1850000
chrisdo01,2006,DAL,1575000
podkopa01,2006,DAL,1141560
armstda01,2006,DAL,1138500
howarjo01,2006,DAL,923880
mbengdj01,2006,DAL,880000
griffad01,2006,DAL,768718
marshra01,2006,DAL,398762
poweljo01,2006,DAL,398762
martike01,2006,DEN,10636364
cambyma01,2006,DEN,9150000
millean02,2006,DEN,8100000
watsoea01,2006,DEN,5000000
najered01,2006,DEN,4190476
anthoca01,2006,DEN,3713640
lenarvo01,2006,DEN,3520000
hilarne01,2006,DEN,3039889
boykiea01,2006,DEN,2750000
buckngr01,2006,DEN,1670000
hodgeju01,2006,DEN,1148760
russebr01,2006,DEN,1138500
kleizli01,2006,DEN,879360
johnsde03,2006,DEN,835810
elsonfr01,2006,DEN,719373
wallara01,2006,DET,10860000
hamilri01,2006,DET,8625000
wallabe01,2006,DET,7500000
billuch01,2006,DET,5909800
mcdyean01,2006,DET,5393300
milicda01,2006,DET,4135200
arroyca01,2006,DET,4000000
davisda01,2006,DET,3500000
colemde01,2006,DET,2000000
princta01,2006,DET,1763115
hunteli01,2006,DET,1760000
evansma01,2006,DET,1500000
delfica01,2006,DET,969696
maxieja01,2006,DET,905640
ackeral01,2006,DET,398762
johnsam01,2006,DET,398762
davisba01,2006,GSW,13700000
richaja01,2006,GSW,8888888
murphtr01,2006,GSW,7365079
foylead01,2006,GSW,7312500
fishede01,2006,GSW,5393300
dunlemi02,2006,GSW,4506261
dioguik01,2006,GSW,1988160
pietrmi01,2006,GSW,1910520
biedran01,2006,GSW,1857360
cheanca01,2006,GSW,1760000
cabarza01,2006,GSW,1404360
ellismo01,2006,GSW,448762
taftch01,2006,GSW,423762
milesaa01,2006,GSW,155614
mcgratr01,2006,HOU,15694250
weathcl01,2006,HOU,6353200
howarju01,2006,HOU,5900400
mingya01,2006,HOU,5594906
wesleda01,2006,HOU,5070000
swiftst01,2006,HOU,5000000
norrimo01,2006,HOU,4200000
alstora01,2006,HOU,3850000
bakervi01,2006,HOU,3850000
surabo01,2006,HOU,3520000
mutomdi01,2006,HOU,2000000
wardch01,2006,HOU,1870000
barryjo01,2006,HOU,1800000
anderde01,2006,HOU,1670000
headlu01,2006,HOU,975600
bowenry01,2006,HOU,900498
baxtelo01,2006,HOU,745248
glovedi01,2006,HOU,163085
grahast01,2006,HOU,48630
lucasjo02,2006,HOU,34041
davisjo02,2006,HOU,17546
onealje01,2006,IND,16440000
croshau01,2006,IND,7900000
bendejo01,2006,IND,7175000
artesro01,2006,IND,6842105
pollasc01,2006,IND,6274937
millere01,2006,IND,6000000
jacksst02,2006,IND,5610000
tinslja01,2006,IND,5400000
fosteje01,2006,IND,5000000
jasiksa01,2006,IND,4000000
johnsan02,2006,IND,2420000
jonesfr01,2006,IND,2328843
grangda01,2006,IND,1318920
harrida01,2006,IND,898200
gilled01,2006,IND,819551
walkesa01,2006,IND,364223
brandel01,2006,LAC,13152000
moblecu01,2006,LAC,7200000
maggeco01,2006,LAC,7000000
cassesa01,2006,LAC,6875000
livinsh01,2006,LAC,3254880
rebraze01,2006,LAC,3000000
wilcoch01,2006,LAC,2812239
kamanch01,2006,LAC,2753760
korolya01,2006,LAC,1704480
mccarwa01,2006,LAC,1035000
rossqu01,2006,LAC,700000
singlja01,2006,LAC,625000
ewingda01,2006,LAC,450000
ndongbo01,2006,LAC,398762
eisleho01,2006,LAC,291567
goldwan01,2006,LAC,74652
dickeka01,2006,LAC,31305
bryanko01,2006,LAL,15946875
grantbr01,2006,LAL,14336220
odomla01,2006,LAL,11465333
brownkw01,2006,LAL,7500000
georgde01,2006,LAL,5000600
mihmch01,2006,LAL,3792817
medvest01,2006,LAL,3000000
mckieaa01,2006,LAL,2500000
divacvl01,2006,LAL,2000000
bynuman01,2006,LAL,1888680
waltolu01,2006,LAL,1250000
cookbr01,2006,LAL,1038960
johnsma02,2006,LAL,1000000
vujacsa01,2006,LAL,910440
parkesm01,2006,LAL,745248
profila01,2006,LAL,745248
greende01,2006,LAL,398762
wafervo01,2006,LAL,398762
jonesed02,2006,MEM,14576250
gasolpa01,2006,MEM,10993000
wrighlo02,2006,MEM,7700000
millemi01,2006,MEM,6750000
cardibr01,2006,MEM,5393300
battish01,2006,MEM,4903000
stoudda01,2006,MEM,3750000
jacksbo01,2006,MEM,3375000
tsakaja01,2006,MEM,2900000
lopezra01,2006,MEM,1744313
belltr01,2006,MEM,1478280
jonesda02,2006,MEM,1223160
warriha01,2006,MEM,1196520
burksan01,2006,MEM,641748
roberan02,2006,MEM,398762
roberla01,2006,MEM,398762
thomajo02,2006,MEM,103443
onealsh01,2006,MIA,20000000
willija02,2006,MIA,7562500
walkean02,2006,MIA,6880000
poseyja01,2006,MIA,5900400
hasleud01,2006,MIA,5000000
wadedw01,2006,MIA,3031920
doleami01,2006,MIA,2640000
persowe01,2006,MIA,1760000
wrighdo01,2006,MIA,1238640
mournal01,2006,MIA,1138500
paytoga01,2006,MIA,1138500
kaponja01,2006,MIA,1100000
andersh01,2006,MIA,1035000
simiewa01,2006,MIA,867720
emmetan01,2006,MIA,641748
barroea01,2006,MIA,398762
fitchge01,2006,MIA,359858
walshma01,2006,MIA,38904
reddmi01,2006,MIL,12000000
magloja01,2006,MIL,8533333
simmobo01,2006,MIL,8000000
boothca01,2006,MIL,6354600
smithjo02,2006,MIL,6353200
gadzuda01,2006,MIL,4750000
bogutan01,2006,MIL,4340520
fordtj01,2006,MIL,2303040
welscji01,2006,MIL,2177114
kukocto01,2006,MIL,2000000
willima01,2006,MIL,1760000
gainere01,2006,MIL,1556160
johnser02,2006,MIL,1138500
bellch01,2006,MIL,641748
jacksje01,2006,MIL,583944
ilyaser01,2006,MIL,398762
davisjo02,2006,MIL,131593
garneke01,2006,MIN,18000000
szczewa02,2006,MIN,10000000
olowomi01,2006,MIN,5900400
hudsotr01,2006,MIN,5253000
jaricma01,2006,MIN,5000000
hassetr01,2006,MIN,4350000
griffed01,2006,MIN,2500000
madsema01,2006,MIN,2000000
hoibefr01,2006,MIN,1760000
mccanra01,2006,MIN,1538400
ebind01,2006,MIN,964320
cartean01,2006,MIN,900498
tskitni01,2006,MIN,745248
duprero01,2006,MIN,719373
frahmri01,2006,MIN,719373
chalmli01,2006,MIN,682050
jonesdw02,2006,MIN,398762
wrighbr02,2006,MIN,398762
kiddja01,2006,NJN,16440000
cartevi01,2006,NJN,13843156
jefferi01,2006,NJN,10200000
collija04,2006,NJN,5500000
jacksma02,2006,NJN,4550000
mcinnje01,2006,NJN,3400000
robincl02,2006,NJN,2500000
mercero01,2006,NJN,1760000
padgesc01,2006,NJN,1670000
wrighan01,2006,NJN,1461360
murrala01,2006,NJN,1138500
planizo01,2006,NJN,1127280
vaughja01,2006,NJN,1094550
krstine01,2006,NJN,1010040
johnsli01,2006,NJN,719373
handlbe01,2006,NJN,35091
brownpj01,2006,NOK,8000000
masonde01,2006,NOK,7333333
claxtsp01,2006,NOK,3600000
anderch01,2006,NOK,3500000
lynchge01,2006,NOK,3200000
paulch01,2006,NOK,3144240
macijar01,2006,NOK,2500000
nachbbo01,2006,NOK,2500000
snydeki01,2006,NOK,1437240
westda01,2006,NOK,1334160
butlera01,2006,NOK,1300000
smithjr01,2006,NOK,1297080
lampema01,2006,NOK,900000
vromaja01,2006,NOK,682051
bassbr01,2006,NOK,398762
houstal01,2006,NYK,19125000
marbust01,2006,NYK,16453125
hardaan01,2006,NYK,15750000
davisan01,2006,NYK,13925000
tayloma01,2006,NYK,9100000
andersh01,2006,NYK,7900000
curryed01,2006,NYK,7390000
richaqu01,2006,NYK,6940000
willije01,2006,NYK,6620063
crawfja01,2006,NYK,6480000
rosema01,2006,NYK,6008750
jamesje01,2006,NYK,5000000
fryech01,2006,NYK,2162880
robinna01,2006,NYK,1102680
leeda02,2006,NYK,861360
arizatr01,2006,NYK,682051
woodsqy01,2006,NYK,599834
butleja01,2006,NYK,398762
barnema02,2006,NYK,131593
hillgr01,2006,ORL,15694250
francst01,2006,ORL,13700000
catoke01,2006,ORL,8640000
chrisdo01,2006,ORL,8200000
turkohe01,2006,ORL,5393300
battito01,2006,ORL,5200000
howardw01,2006,ORL,4493160
garripa01,2006,ORL,3231250
doolike01,2006,ORL,3100000
stevede01,2006,ORL,2750000
nelsoja01,2006,ORL,1189200
augmost01,2006,ORL,1138500
outlabo01,2006,ORL,1138500
morrite01,2006,ORL,835810
kasunma01,2006,ORL,682050
dienetr01,2006,ORL,398762
webbech01,2006,PHI,19125000
iversal01,2006,PHI,16453125
mashbja01,2006,PHI,10075000
dalemsa01,2006,PHI,8470000
maccuto01,2006,PHI,6353200
mckieaa01,2006,PHI,6000000
korveky01,2006,PHI,3630363
ollieke01,2006,PHI,2950200
huntest01,2006,PHI,2800000
iguodan01,2006,PHI,2058000
buckngr01,2006,PHI,1925926
salmojo01,2006,PHI,1669001
nailole01,2006,PHI,835810
bradlmi01,2006,PHI,819550
barnema02,2006,PHI,552269
willilo02,2006,PHI,450000
randosh01,2006,PHI,398762
thomaja02,2006,PHI,148698
gaide01,2006,PHI,92396
mariosh01,2006,PHO,13700000
nashst01,2006,PHO,9625000
thomaku01,2006,PHO,6620062
eisleho01,2006,PHO,5635417
bellra01,2006,PHO,4250000
jacksji01,2006,PHO,2640000
stoudam01,2006,PHO,2589023
jonesja02,2006,PHO,2400000
grantbr01,2006,PHO,1670000
diawbo01,2006,PHO,1174200
barbole01,2006,PHO,930600
houseed01,2006,PHO,835810
burkepa01,2006,PHO,750000
thompdi01,2006,PHO,398762
reineja01,2006,PHO,242612
fordsh02,2006,PHO,116711
davisjo02,2006,PHO,43864
ratlith01,2006,POR,11666666
randoza01,2006,POR,10666667
anderde01,2006,POR,9093000
milesda01,2006,POR,7250000
patteru01,2006,POR,6353200
webstma02,2006,POR,2586120
dixonju01,2006,POR,2500000
telfase01,2006,POR,1676280
przybjo01,2006,POR,1560000
khryavi01,2006,POR,1095960
outlatr01,2006,POR,1082160
jackja01,2006,POR,1058640
moniase01,2006,POR,1016400
blakest01,2006,POR,1000000
smithch04,2006,POR,771123
seungha01,2006,POR,641748
bibbymi01,2006,SAC,11500000
millebr01,2006,SAC,8750000
wellsbo01,2006,SAC,8000000
stojape01,2006,SAC,7500000
thomake01,2006,SAC,6500000
willico02,2006,SAC,6000000
abdursh01,2006,SAC,5000000
skinnbr01,2006,SAC,4950000
hartja01,2006,SAC,1540000
garcifr01,2006,SAC,1016400
martike02,2006,SAC,937440
sampsja01,2006,SAC,719373
pricero01,2006,SAC,398762
duncati01,2006,SAS,15845156
parketo01,2006,SAS,8400000
ginobma01,2006,SAS,7428937
nestera01,2006,SAS,6720000
mohamna01,2006,SAS,5500000
barrybr01,2006,SAS,4691390
bowenbr01,2006,SAS,3375000
horryro01,2006,SAS,3000000
finlemi01,2006,SAS,2675000
obertfa01,2006,SAS,2325000
vanexni01,2006,SAS,1138500
udrihbe01,2006,SAS,904800
marksse01,2006,SAS,835810
sandeme01,2006,SAS,24315
scaleal01,2006,SAS,24315
allenra02,2006,SEA,13223140
lewisra02,2006,SEA,8571429
fortsda01,2006,SEA,6207670
potapvi01,2006,SEA,3320000
radmavl01,2006,SEA,3166155
wilkida02,2006,SEA,2500000
collini01,2006,SEA,1815000
swiftro01,2006,SEA,1764480
kutluib01,2006,SEA,1760000
ridnolu01,2006,SEA,1638000
evansre01,2006,SEA,1100000
brunsri01,2006,SEA,1029873
mooremi01,2006,SEA,1020000
petrojo01,2006,SEA,936600
murraro01,2006,SEA,895248
cleavma01,2006,SEA,305784
roseja01,2006,TOR,15694250
willial02,2006,TOR,6300000
murrala01,2006,TOR,5250000
petermo01,2006,TOR,4550000
mournal01,2006,TOR,4000000
willier01,2006,TOR,3938000
jamesmi01,2006,TOR,3410000
williaa01,2006,TOR,3375000
boshch01,2006,TOR,3348000
villach01,2006,TOR,2360880
araujra01,2006,TOR,2238960
caldejo01,2006,TOR,2190000
bonnema01,2006,TOR,2000000
grahajo01,2006,TOR,1388400
martida01,2006,TOR,946646
woodslo01,2006,TOR,780000
sowpa01,2006,TOR,641748
boozeca01,2006,UTA,11593816
kirilan01,2006,UTA,10983000
okurme01,2006,UTA,8250000
harprma01,2006,UTA,5020000
ostergr01,2006,UTA,4400000
giricgo01,2006,UTA,4000000
willide01,2006,UTA,3487400
brownde02,2006,UTA,2500000
collija03,2006,UTA,1700000
humphkr01,2006,UTA,1592400
palacmi01,2006,UTA,1400000
mcleoke01,2006,UTA,1250000
milescj01,2006,UTA,398762
owensan01,2006,UTA,398762
whalero01,2006,UTA,398762
jamisan01,2006,WAS,13843156
arenagi01,2006,WAS,10243200
thomaet01,2006,WAS,5393300
daniean01,2006,WAS,5000000
atkinch01,2006,WAS,4500000
haywobr01,2006,WAS,4000000
butleca01,2006,WAS,2461617
jeffrja01,2006,WAS,2433824
hayesja01,2006,WAS,2011080
ruffimi01,2006,WAS,1670000
boothca01,2006,WAS,900498
ramospe01,2006,WAS,660000
storeaw01,2006,WAS,641748
blatcan01,2006,WAS,398762
taylodo01,2006,WAS,398762
walkean02,2005,ATL,14625000
harrial01,2005,ATL,6325000
crawfch01,2005,ATL,3250000
delkto01,2005,ATL,2700000
drobnpr01,2005,ATL,2550000
childjo01,2005,ATL,2490360
barryjo01,2005,ATL,1800000
collija02,2005,ATL,1500000
willike02,2005,ATL,1300000
smithjo03,2005,ATL,1270080
anderke01,2005,ATL,1100000
diawbo01,2005,ATL,1097640
iveyro01,2005,ATL,425000
smithdo04,2005,ATL,425000
mccoyje01,2005,ATL,167418
millean01,2005,ATL,34118
piercpa01,2005,BOS,12584688
lafrera01,2005,BOS,9714538
davisri01,2005,BOS,5455200
paytoga01,2005,BOS,5408700
bakervi01,2005,BOS,5333333
blounma01,2005,BOS,4903000
foxri01,2005,BOS,4800000
stewami01,2005,BOS,4800000
guglito01,2005,BOS,2700000
banksma01,2005,BOS,1611840
welscji01,2005,BOS,1419240
jeffeal01,2005,BOS,1407240
mccarwa01,2005,BOS,1337500
westde01,2005,BOS,939480
allento01,2005,BOS,901920
perkike01,2005,BOS,875400
reedju01,2005,BOS,385277
whiteja01,2005,CHA,6166466
okafoem01,2005,CHA,3739680
elyme01,2005,CHA,1742400
wallage01,2005,CHA,1652453
brezepr01,2005,CHA,1554326
hartja01,2005,CHA,1400000
rushka01,2005,CHA,1174200
smithst01,2005,CHA,1100000
knighbr01,2005,CHA,932546
houseed01,2005,CHA,825000
sampsja01,2005,CHA,695046
slayta01,2005,CHA,695046
boganke01,2005,CHA,620046
kaponja01,2005,CHA,620046
smithth01,2005,CHA,620046
robinbe01,2005,CHA,385277
davisan01,2005,CHI,12925000
pippesc01,2005,CHI,5408700
robined01,2005,CHI,5055556
chandty01,2005,CHI,4801102
curryed01,2005,CHI,3896402
gordobe01,2005,CHI,3358320
harriot01,2005,CHI,3150000
piatker01,2005,CHI,2750000
nocioan01,2005,CHI,2525000
hinriki01,2005,CHI,2349840
denglu01,2005,CHI,2273400
trybace01,2005,CHI,1700000
willija03,2005,CHI,1550551
willifr02,2005,CHI,957480
griffad01,2005,CHI,870046
wilksmi01,2005,CHI,720046
pargoja01,2005,CHI,695046
duhonch01,2005,CHI,385277
reineja01,2005,CHI,385277
ilgauzy01,2005,CLE,14625000
snower01,2005,CLE,4875000
jamesle01,2005,CLE,4320360
mcinnje01,2005,CLE,3600000
goodedr01,2005,CLE,3214080
newblir01,2005,CLE,2704350
diopde01,2005,CLE,2695164
wagneda02,2005,CLE,2643600
harrilu01,2005,CLE,2500000
jackslu02,2005,CLE,1818720
traylro01,2005,CLE,1600000
willisc01,2005,CLE,1600000
pavloal01,2005,CLE,1191000
huntest01,2005,CLE,1000000
varejan01,2005,CLE,788000
finlemi01,2005,DAL,14609375
nowitdi01,2005,DAL,12584688
hendeal01,2005,DAL,8273125
dampier01,2005,DAL,7700000
terryja01,2005,DAL,7500000
stackje01,2005,DAL,7437500
abdulta01,2005,DAL,6750000
boothca01,2005,DAL,5900700
daniema01,2005,DAL,4903000
bradlsh01,2005,DAL,4000000
eschmev01,2005,DAL,3407655
harride01,2005,DAL,2741880
armstda01,2005,DAL,2275000
johnsav01,2005,DAL,1100000
podkopa01,2005,DAL,1061880
howarjo01,2005,DAL,863640
mbengdj01,2005,DAL,800000
martike01,2005,DEN,9454546
cambyma01,2005,DEN,8500000
millean02,2005,DEN,7366667
anthoca01,2005,DEN,3471360
lenarvo01,2005,DEN,3250000
tskitni01,2005,DEN,2910600
boykiea01,2005,DEN,2500000
hilarne01,2005,DEN,2260280
whitero02,2005,DEN,1797845
russebr01,2005,DEN,1100000
buckngr01,2005,DEN,870046
popema01,2005,DEN,870046
johnsde03,2005,DEN,745046
elsonfr01,2005,DEN,620046
wallara01,2005,DET,9720000
hamilri01,2005,DET,7812500
wallabe01,2005,DET,7000000
billuch01,2005,DET,5455200
mcdyean01,2005,DET,4903000
colemde01,2005,DET,4500000
campbel01,2005,DET,4400000
milicda01,2005,DET,3865440
hunteli01,2005,DET,1600000
princta01,2005,DET,1038960
hamda01,2005,DET,932546
mccasam01,2005,DET,932546
delfica01,2005,DET,901920
parkesm01,2005,DET,695046
duprero01,2005,DET,620046
jenkiho01,2005,DET,385277
davisda01,2005,GSW,10068750
foylead01,2005,GSW,6500000
laettch01,2005,GSW,5500000
robincl02,2005,GSW,5287500
fishede01,2005,GSW,4903000
najered01,2005,GSW,3809524
dunlemi02,2005,GSW,3565080
richaja01,2005,GSW,3534018
claxtsp01,2005,GSW,3300000
murphtr01,2005,GSW,2231808
pietrmi01,2005,GSW,1785960
biedran01,2005,GSW,1727760
cheanca01,2005,GSW,1600000
sesayan01,2005,GSW,745046
florelu01,2005,GSW,385277
mcgratr01,2005,HOU,14487000
tayloma01,2005,HOU,8450000
weathcl01,2005,HOU,5899400
howarju01,2005,HOU,5408700
mutomdi01,2005,HOU,4496434
mingya01,2005,HOU,4436880
malonma01,2005,HOU,3237500
surabo01,2005,HOU,3200000
jacksji01,2005,HOU,2420000
wardch01,2005,HOU,1700000
luety01,2005,HOU,1600000
nachbbo01,2005,HOU,1493880
gainere01,2005,HOU,1454640
padgesc01,2005,HOU,807546
bowenry01,2005,HOU,807046
barrean01,2005,HOU,385277
onealje01,2005,IND,14796000
croshau01,2005,IND,8260000
bendejo01,2005,IND,6525000
artesro01,2005,IND,6157895
pollasc01,2005,IND,5792250
millere01,2005,IND,5500000
jacksst02,2005,IND,5100000
fosteje01,2005,IND,4500000
johnsan02,2005,IND,2200000
jonesfr01,2005,IND,1572480
tinslja01,2005,IND,1554326
currymi01,2005,IND,845122
harrida01,2005,IND,835560
gilled01,2005,IND,720046
jonesja02,2005,IND,620046
haislma01,2005,IND,576380
edwarjo01,2005,IND,385277
fowlktr01,2005,IND,79029
johnsbr01,2005,IND,45369
brandel01,2005,LAC,12056000
kittlke01,2005,LAC,9566667
maggeco01,2005,LAC,7000000
livinsh01,2005,LAC,3027840
kamanch01,2005,LAC,2574240
rebraze01,2005,LAC,2500000
wilcoch01,2005,LAC,2210880
jaricma01,2005,LAC,2100000
brunsri01,2005,LAC,932546
mooremi01,2005,LAC,870046
simmobo01,2005,LAC,825000
ndiayma02,2005,LAC,750000
rossqu01,2005,LAC,620046
chalmli01,2005,LAC,450000
bryanko01,2005,LAL,14175000
grantbr01,2005,LAL,13233434
odomla01,2005,LAL,10548596
divacvl01,2005,LAL,4903000
georgde01,2005,LAL,4546000
atkinch01,2005,LAL,4200000
mihmch01,2005,LAL,3371393
medvest01,2005,LAL,3000000
butleca01,2005,LAL,1930680
jonesju01,2005,LAL,1687500
johnsma02,2005,LAL,1000000
cookbr01,2005,LAL,971160
vujacsa01,2005,LAL,846840
brownti01,2005,LAL,720046
waltolu01,2005,LAL,620046
bobbito01,2005,LAL,305403
wellsbo01,2005,MEM,7700000
wrighlo02,2005,MEM,7150000
willija02,2005,MEM,6875000
outlabo01,2005,MEM,6573148
millemi01,2005,MEM,6000000
swiftst01,2005,MEM,5993105
poseyja01,2005,MEM,5408700
cardibr01,2005,MEM,4903000
gasolpa01,2005,MEM,4318481
battish01,2005,MEM,3212402
tsakaja01,2005,MEM,2900000
watsoea01,2005,MEM,1458000
belltr01,2005,MEM,1381920
humphry01,2005,MEM,1223160
jonesda02,2005,MEM,1143360
burksan01,2005,MEM,385277
emmetan01,2005,MEM,385277
onealsh01,2005,MIA,27696430
jonesed02,2005,MIA,13455000
wadedw01,2005,MIA,2834160
jonesda01,2005,MIA,2503000
doleami01,2005,MIA,2400000
allenma01,2005,MIA,1950625
persowe01,2005,MIA,1600000
butlera01,2005,MIA,1200000
wrighdo01,2005,MIA,1152240
laettch01,2005,MIA,1100000
andersh01,2005,MIA,873699
doolike01,2005,MIA,745046
zhizhwa01,2005,MIA,745046
beaslje01,2005,MIA,620046
hasleud01,2005,MIA,620046
freijma01,2005,MIA,28191
vanhoke01,2005,MIL,14487000
masonde01,2005,MIL,6529630
smithjo02,2005,MIL,5899400
masonan01,2005,MIL,4710435
caffeja01,2005,MIL,4148148
jamesmi01,2005,MIL,3100000
kukocto01,2005,MIL,3000000
reddmi01,2005,MIL,3000000
fordtj01,2005,MIL,2152800
stricer01,2005,MIL,1650000
willima01,2005,MIL,1600000
haislma01,2005,MIL,1400000
santida01,2005,MIL,1320000
gillke01,2005,MIL,912195
hamilze01,2005,MIL,807546
fizerma01,2005,MIL,735960
gadzuda01,2005,MIL,695046
pachuza01,2005,MIL,620046
houseed01,2005,MIL,563327
goldwan01,2005,MIL,116713
garneke01,2005,MIN,16000000
sprewla01,2005,MIN,14625000
szczewa02,2005,MIN,9000000
cassesa01,2005,MIN,6250000
olowomi01,2005,MIN,5408700
hudsotr01,2005,MIN,4903000
johnser02,2005,MIN,4837633
hassetr01,2005,MIN,4350000
hoibefr01,2005,MIN,1600000
ebind01,2005,MIN,901440
cartean01,2005,MIN,807546
madsema01,2005,MIN,745046
griffed01,2005,MIN,695046
mutomdi01,2005,NJN,14989285
kiddja01,2005,NJN,14796000
cartevi01,2005,NJN,12584688
jefferi01,2005,NJN,2266794
collija04,2005,NJN,1887864
mercero01,2005,NJN,1600000
planizo01,2005,NJN,1053720
besttr01,2005,NJN,1000000
krstine01,2005,NJN,939480
vaughja01,2005,NJN,932546
scalabr01,2005,NJN,900000
buforro01,2005,NJN,745046
smithja01,2005,NJN,720046
dickeka01,2005,NJN,483938
storeaw01,2005,NJN,84573
davisba01,2005,NOH,12330000
mashbja01,2005,NOH,9300000
magloja01,2005,NOH,8533333
brownpj01,2005,NOH,8000000
wesleda01,2005,NOH,4455000
lynchge01,2005,NOH,3000000
rogerro01,2005,NOH,2700000
anderch01,2005,NOH,1600000
westda01,2005,NOH,1247160
smithjr01,2005,NOH,1206600
dickada01,2005,NOH,893400
nailole01,2005,NOH,745046
harriju01,2005,NOH,695046
garcial01,2005,NOH,620046
baxtelo01,2005,NOH,542475
freijma01,2005,NOH,352388
edwarco01,2005,NOH,319498
houstal01,2005,NYK,17531250
hardaan01,2005,NYK,14625000
marbust01,2005,NYK,14625000
thomati01,2005,NYK,12900000
andersh01,2005,NYK,7300000
willije01,2005,NYK,6187500
thomaku01,2005,NYK,5884500
crawfja01,2005,NYK,5760000
mohamna01,2005,NYK,5250000
norrimo01,2005,NYK,3850000
bakervi01,2005,NYK,3500000
sweetmi01,2005,NYK,1978920
amaecjo01,2005,NYK,1200000
sundobr01,2005,NYK,870046
breweja01,2005,NYK,720046
arizatr01,2005,NYK,385277
hillgr01,2005,ORL,14487000
francst01,2005,ORL,12330000
catoke01,2005,ORL,7992000
moblecu01,2005,ORL,5884500
turkohe01,2005,ORL,4903000
battito01,2005,ORL,4800000
howardw01,2005,ORL,4179720
garripa01,2005,ORL,2937500
declean01,2005,ORL,2500000
stevede01,2005,ORL,2500000
nelsoja01,2005,ORL,1106160
augmost01,2005,ORL,1100000
bradlmi01,2005,ORL,720046
huntebr01,2005,ORL,620046
kasunma01,2005,ORL,385277
iversal01,2005,PHI,14625000
robingl01,2005,PHI,12071250
thomake01,2005,PHI,6000000
maccuto01,2005,PHI,5899400
mckieaa01,2005,PHI,5500000
willico02,2005,PHI,5500000
skinnbr01,2005,PHI,4500000
jacksma02,2005,PHI,4225000
ollieke01,2005,PHI,2704350
brownke01,2005,PHI,2332388
iguodan01,2005,PHI,1914480
buckngr01,2005,PHI,1777778
dalemsa01,2005,PHI,1599549
salmojo01,2005,PHI,925680
davisjo02,2005,PHI,620046
greenwi01,2005,PHI,620046
korveky01,2005,PHI,620046
rentzef01,2005,PHI,516865
mariosh01,2005,PHO,12330000
nashst01,2005,PHO,8750000
richaqu01,2005,PHO,5800000
eisleho01,2005,PHO,5201923
johnsjo02,2005,PHO,2358954
stoudam01,2005,PHO,2032200
voskuja01,2005,PHO,1687500
cabarza01,2005,PHO,1312800
jacobca01,2005,PHO,1082160
outlabo01,2005,PHO,1059756
lampema01,2005,PHO,900000
barbole01,2005,PHO,870000
huntest01,2005,PHO,720046
vromaja01,2005,PHO,385277
tabusyu01,2005,PHO,108066
abdursh01,2005,POR,14625000
stoudda01,2005,POR,12500000
vanexni01,2005,POR,11933252
ratlith01,2005,POR,10937500
anderde01,2005,POR,8443500
milesda01,2005,POR,6750000
patteru01,2005,POR,5899400
sabonar01,2005,POR,3000000
telfase01,2005,POR,1559280
randoza01,2005,POR,1504272
przybjo01,2005,POR,1500000
woodsqy01,2005,POR,1127280
stepavl01,2005,POR,1100000
khryavi01,2005,POR,1019400
outlatr01,2005,POR,1011600
frahmri01,2005,POR,695046
carlige01,2005,POR,65779
webbech01,2005,SAC,17531250
bibbymi01,2005,SAC,10500000
millebr01,2005,SAC,7875000
chrisdo01,2005,SAC,7550000
stojape01,2005,SAC,6875000
ostergr01,2005,SAC,4000000
jacksbo01,2005,SAC,3150000
songada01,2005,SAC,1600000
martike02,2005,SAC,872040
barnema02,2005,SAC,695046
evansma01,2005,SAC,695046
danieer01,2005,SAC,385277
alexaco02,2005,SAC,79029
duncati01,2005,SAS,14260641
ginobma01,2005,SAS,6603500
nestera01,2005,SAS,6160000
rosema01,2005,SAS,5462500
barrybr01,2005,SAS,4264900
bowenbr01,2005,SAS,3000000
parketo01,2005,SAS,1545441
horryro01,2005,SAS,1100000
masseto01,2005,SAS,1100000
udrihbe01,2005,SAS,841680
marksse01,2005,SAS,745046
wilksmi01,2005,SAS,720046
brownde02,2005,SAS,695046
johnsli01,2005,SAS,620046
allenra02,2005,SEA,14625000
lewisra02,2005,SEA,7792208
potapvi01,2005,SEA,6191250
fortsda01,2005,SEA,5818136
jamesje01,2005,SEA,5455200
radmavl01,2005,SEA,2300984
daniean01,2005,SEA,2200000
collini01,2005,SEA,1969680
swiftro01,2005,SEA,1641360
kutluib01,2005,SEA,1600000
ridnolu01,2005,SEA,1531200
evansre01,2005,SEA,880000
cleavma01,2005,SEA,735960
murraro01,2005,SEA,695046
wilkida02,2005,SEA,385277
roseja01,2005,TOR,14487000
willial02,2005,TOR,5850000
mournal01,2005,TOR,5408700
marshdo01,2005,TOR,5023850
murrala01,2005,TOR,4875000
petermo01,2005,TOR,4400000
williaa01,2005,TOR,3790257
willier01,2005,TOR,3580000
alstora01,2005,TOR,3500000
boshch01,2005,TOR,3129720
araujra01,2005,TOR,2082720
moisoje01,2005,TOR,1760000
huffmna01,2005,TOR,1280000
palacmi01,2005,TOR,807546
woodslo01,2005,TOR,755000
bonnema01,2005,TOR,385277
sowpa01,2005,TOR,385277
masonro01,2005,TOR,203428
boozeca01,2005,UTA,10967500
okurme01,2005,UTA,7500000
harprma01,2005,UTA,4690000
arroyca01,2005,UTA,4000000
giricgo01,2005,UTA,4000000
collija03,2005,UTA,1700000
kirilan01,2005,UTA,1671694
humphkr01,2005,UTA,1481400
snydeki01,2005,UTA,1336920
bellra01,2005,UTA,1320000
borchcu01,2005,UTA,1280880
eisleho01,2005,UTA,1100000
lopezra01,2005,UTA,997320
mcleoke01,2005,UTA,750000
radojal01,2005,UTA,720046
jamisan01,2005,WAS,12584688
arenagi01,2005,WAS,9389600
hughela01,2005,WAS,5455200
brownkw01,2005,WAS,5361873
thomaet01,2005,WAS,4903000
hayesja01,2005,WAS,1879920
jeffrja01,2005,WAS,1834080
haywobr01,2005,WAS,1735305
peelean01,2005,WAS,1600000
dixonju01,2005,WAS,1348200
walkesa01,2005,WAS,995046
profila01,2005,WAS,745046
ruffimi01,2005,WAS,745046
blakest01,2005,WAS,620046
ramospe01,2005,WAS,600000
abdursh01,2004,ATL,13500000
brandte01,2004,ATL,11100000
ratlith01,2004,ATL,10156250
terryja01,2004,ATL,8333333
hendeal01,2004,ATL,7682188
mohamna01,2004,ATL,5000000
crawfch01,2004,ATL,3000000
diawbo01,2004,ATL,1021080
glovedi01,2004,ATL,1000000
jacksst02,2004,ATL,1000000
dickada01,2004,ATL,835200
vaughja01,2004,ATL,813679
ekeziob01,2004,ATL,688679
hansetr01,2004,ATL,366931
bakervi01,2004,BOS,13500000
piercpa01,2004,BOS,11326219
lafrera01,2004,BOS,8178750
millsch01,2004,BOS,6600000
davisri01,2004,BOS,5000600
stewami01,2004,BOS,4480000
mihmch01,2004,BOS,2809494
jonesju01,2004,BOS,1500000
banksma01,2004,BOS,1499400
welscji01,2004,BOS,1326600
mccarwa01,2004,BOS,1200000
blounma01,2004,BOS,944922
perkike01,2004,BOS,814320
jamesmi01,2004,BOS,638679
huntebr01,2004,BOS,366931
davisan01,2004,CHI,12925000
robined01,2004,CHI,6204000
willije01,2004,CHI,5987500
pippesc01,2004,CHI,4917000
chandty01,2004,CHI,3804360
fizerma01,2004,CHI,3726994
willija03,2004,CHI,3710880
curryed01,2004,CHI,3080160
crawfja01,2004,CHI,2577937
hinriki01,2004,CHI,2185920
blounco01,2004,CHI,1680000
bagarda01,2004,CHI,1599076
gillke01,2004,CHI,1070000
jeffech01,2004,CHI,840360
brunsri01,2004,CHI,813679
johnsli01,2004,CHI,366931
ilgauzy01,2004,CLE,13500000
willier01,2004,CLE,5540000
battito01,2004,CLE,4400000
milesda01,2004,CLE,4130701
jamesle01,2004,CLE,4018920
wagneda02,2004,CLE,2471280
newblir01,2004,CLE,2458500
ollieke01,2004,CLE,2458500
diopde01,2004,CLE,2118840
brownke01,2004,CLE,1757640
colesbi01,2004,CLE,1050000
sundobr01,2004,CLE,751159
boozeca01,2004,CLE,563679
bremejr01,2004,CLE,563679
kaponja01,2004,CLE,366931
mccoyje01,2004,CLE,36643
walkean02,2004,DAL,13500000
finlemi01,2004,DAL,13281250
jamisan01,2004,DAL,11326219
nowitdi01,2004,DAL,11326219
abdulta01,2004,DAL,6187500
nashst01,2004,DAL,5750000
fortsda01,2004,DAL,5428602
bradlsh01,2004,DAL,3500000
najered01,2004,DAL,3428572
delkto01,2004,DAL,2925000
besttr01,2004,DAL,938679
howarjo01,2004,DAL,773400
boguemu01,2004,DAL,437420
daniema01,2004,DAL,366931
millean02,2004,DEN,8000000
cambyma01,2004,DEN,7250000
anthoca01,2004,DEN,3229200
barryjo01,2004,DEN,3000000
tskitni01,2004,DEN,2720760
boykiea01,2004,DEN,2500000
alexaco01,2004,DEN,2302778
hilarne01,2004,DEN,2102840
whitero02,2004,DEN,1947600
jacksma01,2004,DEN,1500000
bowenry01,2004,DEN,1250000
lenarvo01,2004,DEN,1200000
popema01,2004,DEN,751179
anderch01,2004,DEN,638679
trepaje01,2004,DEN,638679
elsonfr01,2004,DEN,366931
hamilri01,2004,DET,6500000
surabo01,2004,DET,6266666
wallabe01,2004,DET,5500000
billuch01,2004,DET,5000600
willico02,2004,DET,5000000
rebraze01,2004,DET,4200000
campbel01,2004,DET,4000000
atkinch01,2004,DET,3900000
milicda01,2004,DET,3595800
hunteli01,2004,DET,3000000
davishu01,2004,DET,2956250
okurme01,2004,DET,1100000
princta01,2004,DET,971160
hamda01,2004,DET,813679
fowlktr01,2004,DET,638679
vanexni01,2004,GSW,11956625
dampier01,2004,GSW,7842000
johnsav01,2004,GSW,5445600
robincl02,2004,GSW,4700000
foylead01,2004,GSW,4400000
dunlemi02,2004,GSW,3332520
eschmev01,2004,GSW,3017266
claxtsp01,2004,GSW,3000000
richaja01,2004,GSW,2789280
pietrmi01,2004,GSW,1527946
murphtr01,2004,GSW,1506960
cheanca01,2004,GSW,1070000
jonespo01,2004,GSW,1070000
cardibr01,2004,GSW,663679
sanchpe01,2004,GSW,663679
parksch02,2004,GSW,228946
lamplse01,2004,GSW,89364
langhda01,2004,GSW,72843
francst01,2004,HOU,10960000
tayloma01,2004,HOU,7800000
catoke01,2004,HOU,7344000
weathcl01,2004,HOU,5445600
moblecu01,2004,HOU,5394125
mingya01,2004,HOU,4147560
malonma01,2004,HOU,3006260
piatker01,2004,HOU,2500000
griffed01,2004,HOU,2312760
jacksji01,2004,HOU,2200000
nachbbo01,2004,HOU,1396440
griffad01,2004,HOU,751179
padgesc01,2004,HOU,688679
wilksmi01,2004,HOU,638679
fordal02,2004,HOU,586082
davisbe01,2004,HOU,176369
braggto01,2004,HOU,53697
onealje01,2004,IND,13152000
croshau01,2004,IND,7610000
bendejo01,2004,IND,5800000
harrial01,2004,IND,5692500
artesro01,2004,IND,5473684
pollasc01,2004,IND,5309563
millere01,2004,IND,5000000
fosteje01,2004,IND,4000000
jonesfr01,2004,IND,1506000
anderke01,2004,IND,1070000
brezepr01,2004,IND,861600
tinslja01,2004,IND,861600
johnsan02,2004,IND,813679
breweja01,2004,IND,638679
jonesja02,2004,IND,366931
brandel01,2004,LAC,10960000
maggeco01,2004,LAC,7000000
drobnpr01,2004,LAC,2500000
kamanch01,2004,LAC,2394600
doolike01,2004,LAC,2256444
zhizhwa01,2004,LAC,2090000
wilcoch01,2004,LAC,2066760
jaricma01,2004,LAC,1925000
richaqu01,2004,LAC,1805735
elyme01,2004,LAC,1628760
polynol01,2004,LAC,1070000
ricegl01,2004,LAC,1070000
houseed01,2004,LAC,750000
simmobo01,2004,LAC,638679
overtdo01,2004,LAC,591454
onealsh01,2004,LAL,24749999
bryanko01,2004,LAL,13500000
paytoga01,2004,LAL,4917000
foxri01,2004,LAL,4734797
georgde01,2004,LAL,4546000
fishede01,2004,LAL,3000000
medvest01,2004,LAL,1540000
malonka01,2004,LAL,1500000
rushka01,2004,LAL,1097640
grantho01,2004,LAL,1070000
russebr01,2004,LAL,1070000
johnsma02,2004,LAL,1000000
cookbr01,2004,LAL,903360
pargoja01,2004,LAL,563679
sampsja01,2004,LAL,563679
waltolu01,2004,LAL,366931
wellsbo01,2004,MEM,7000000
wrighlo02,2004,MEM,6600000
outlabo01,2004,MEM,6585000
dickemi01,2004,MEM,6187500
willija02,2004,MEM,6187500
poseyja01,2004,MEM,4917000
swiftst01,2004,MEM,4592418
gasolpa01,2004,MEM,3417000
millemi01,2004,MEM,3380457
battish01,2004,MEM,2533440
tsakaja01,2004,MEM,1580702
watsoea01,2004,MEM,1336500
belltr01,2004,MEM,1285440
humphry01,2004,MEM,1143360
jonesda02,2004,MEM,1063680
smithth01,2004,MEM,366931
jonesed02,2004,MIA,12333750
grantbr01,2004,MIA,12130648
odomla01,2004,MIA,9963596
wadedw01,2004,MIA,2636400
butleca01,2004,MIA,1804680
walkesa01,2004,MIA,1700000
allenma01,2004,MIA,1510000
colesbi01,2004,MIA,1070000
wallajo01,2004,MIA,813679
alstora01,2004,MIA,688679
woodslo01,2004,MIA,638679
butlera01,2004,MIA,563679
zhizhwa01,2004,MIA,530943
beaslje01,2004,MIA,366931
hasleud01,2004,MIA,366931
hillty01,2004,MIA,221829
penneki01,2004,MIA,8950
thomati01,2004,MIL,11825000
kukocto01,2004,MIL,9056250
caffeja01,2004,MIL,5687500
smithjo02,2004,MIL,5445600
masonan01,2004,MIL,4348094
reddmi01,2004,MIL,3000000
przybjo01,2004,MIL,2373309
fordtj01,2004,MIL,2002680
masonde01,2004,MIL,1898312
haislma01,2004,MIL,1547280
skinnbr01,2004,MIL,1500000
stricer01,2004,MIL,1500000
santida01,2004,MIL,1200000
jonesda01,2004,MIL,751179
gadzuda01,2004,MIL,563679
langhda01,2004,MIL,530943
garneke01,2004,MIN,28000000
sprewla01,2004,MIN,13500000
szczewa02,2004,MIN,8000000
cassesa01,2004,MIN,5062500
olowomi01,2004,MIN,4917000
johnser02,2004,MIN,4418156
hudsotr01,2004,MIN,2100000
hoibefr01,2004,MIN,938679
trentga01,2004,MIN,938679
ebind01,2004,MIN,838560
milleol01,2004,MIN,686838
madsema01,2004,MIN,663679
hassetr01,2004,MIN,638679
mcleoke01,2004,MIN,366931
lewisqu01,2004,MIN,202341
mutomdi01,2004,NJN,13626624
kiddja01,2004,NJN,13152000
kittlke01,2004,NJN,9266666
martike01,2004,NJN,5128689
mournal01,2004,NJN,4917000
rogerro01,2004,NJN,3075600
williaa01,2004,NJN,2925000
harrilu01,2004,NJN,2500000
jefferi01,2004,NJN,1586280
collija04,2004,NJN,1227480
childch01,2004,NJN,1166667
armstbr01,2004,NJN,995650
planizo01,2004,NJN,980280
packro01,2004,NJN,965610
scalabr01,2004,NJN,800000
slayta01,2004,NJN,563679
mooremi01,2004,NJN,513000
brownda02,2004,NJN,202508
overtdo01,2004,NJN,104390
davisba01,2004,NOH,10960000
mashbja01,2004,NOH,8525000
brownpj01,2004,NOH,8000000
wesleda01,2004,NOH,3960000
lynchge01,2004,NOH,2800000
armstda01,2004,NOH,2475000
augmost01,2004,NOH,2400000
alexaco02,2004,NOH,2168193
magloja01,2004,NOH,1726771
hastoki01,2004,NOH,1360080
drewbr01,2004,NOH,1300000
westda01,2004,NOH,1160160
rooksse01,2004,NOH,1070000
smithst01,2004,NOH,1070000
traylro01,2004,NOH,825000
houstal01,2004,NYK,15937500
mcdyean01,2004,NYK,13500000
vanhoke01,2004,NYK,13279750
andersh01,2004,NYK,6700000
wardch01,2004,NYK,6030000
eisleho01,2004,NYK,5843750
thomaku01,2004,NYK,5394125
knightr01,2004,NYK,4402500
mutomdi01,2004,NYK,4087667
norrimo01,2004,NYK,3500000
harriot01,2004,NYK,2925000
amaecjo01,2004,NYK,2610000
sweetmi01,2004,NYK,1840800
doleami01,2004,NYK,1540000
willifr02,2004,NYK,894960
lampema01,2004,NYK,829000
vranesl01,2004,NYK,129768
mcgratr01,2004,ORL,13279750
hillgr01,2004,ORL,13279750
howarju01,2004,ORL,4917000
goodedr01,2004,ORL,3004560
garripa01,2004,ORL,2643750
declean01,2004,ORL,2500000
giricgo01,2004,ORL,1540000
luety01,2004,ORL,1500000
huntest01,2004,ORL,1431600
gainere01,2004,ORL,1353120
sasseje01,2004,ORL,1125729
willimo01,2004,ORL,1000000
stricro02,2004,ORL,887317
willish01,2004,ORL,751179
archiro01,2004,ORL,563679
boganke01,2004,ORL,366931
pachuza01,2004,ORL,366931
johnsbr01,2004,ORL,44748
dialde01,2004,ORL,32375
iversal01,2004,PHI,13500000
robingl01,2004,PHI,10730000
thomake01,2004,PHI,5500000
maccuto01,2004,PHI,5445600
mckieaa01,2004,PHI,5000000
snower01,2004,PHI,4500000
colemde01,2004,PHI,4000000
jacksma02,2004,PHI,3900000
buckngr01,2004,PHI,2640000
rentzef01,2004,PHI,971160
dalemsa01,2004,PHI,887160
salmojo01,2004,PHI,865320
mccasam01,2004,PHI,688679
hamilze01,2004,PHI,485619
greenwi01,2004,PHI,366931
korveky01,2004,PHI,366931
hardaan01,2004,PHO,13500000
marbust01,2004,PHO,13500000
guglito01,2004,PHO,11670000
mariosh01,2004,PHO,10960000
whiteja01,2004,PHO,5676091
stoudam01,2004,PHO,1899720
johnsjo02,2004,PHO,1850160
trybace01,2004,PHO,1600000
voskuja01,2004,PHO,1500000
cabarza01,2004,PHO,1221240
willisc01,2004,PHO,1070000
jacobca01,2004,PHO,1011600
barbole01,2004,PHO,809280
harvedo01,2004,PHO,663679
wallara01,2004,POR,17000000
kempsh01,2004,POR,14941935
stoudda01,2004,POR,12375000
davisda01,2004,POR,9061875
anderde01,2004,POR,7794000
persowe01,2004,POR,7700000
patteru01,2004,POR,5445600
mcinnje01,2004,POR,3300000
randoza01,2004,POR,1172160
woodsqy01,2004,POR,1053720
outlatr01,2004,POR,941040
stepavl01,2004,POR,751179
boumtru01,2004,POR,663679
carroma01,2004,POR,349032
dickeka01,2004,POR,264011
murratr01,2004,POR,143537
webbech01,2004,SAC,15937500
divacvl01,2004,SAC,12051510
bibbymi01,2004,SAC,9500000
millebr01,2004,SAC,7000000
chrisdo01,2004,SAC,6900000
stojape01,2004,SAC,6250000
fundela01,2004,SAC,3600000
jacksbo01,2004,SAC,2925000
masseto01,2004,SAC,1070000
peelean01,2004,SAC,1070000
wallage01,2004,SAC,917520
smithja01,2004,SAC,638679
songada01,2004,SAC,366931
buforro01,2004,SAC,145686
duncati01,2004,SAS,12676125
mercero01,2004,SAS,6750000
nestera01,2004,SAS,5600000
rosema01,2004,SAS,4916250
horryro01,2004,SAS,4500000
bowenbr01,2004,SAS,3650000
turkohe01,2004,SAS,1995611
ginobma01,2004,SAS,1457500
willike02,2004,SAS,1070000
parketo01,2004,SAS,856200
cartean01,2004,SAS,751179
hartja01,2004,SAS,638679
marksse01,2004,SAS,596295
brownde02,2004,SAS,563679
garcial01,2004,SAS,366931
healsh01,2004,SAS,75615
allenra02,2004,SEA,13500000
lewisra02,2004,SEA,7012987
potapvi01,2004,SEA,5715000
boothca01,2004,SEA,5446800
barrybr01,2004,SEA,5400000
jamesje01,2004,SEA,5000600
daniean01,2004,SEA,2200000
radmavl01,2004,SEA,1669800
collini01,2004,SEA,1578240
ridnolu01,2004,SEA,1424400
fortejo01,2004,SEA,1080360
evansre01,2004,SEA,700000
sesayan01,2004,SEA,688679
murraro01,2004,SEA,563679
frahmri01,2004,SEA,366931
roseja01,2004,TOR,13279750
cartevi01,2004,TOR,11326219
olajuha01,2004,TOR,6326923
willial02,2004,TOR,5500000
marshdo01,2004,TOR,4605196
murrala01,2004,TOR,4500000
montrer01,2004,TOR,2960000
boshch01,2004,TOR,2911320
currymi01,2004,TOR,2800000
huffmna01,2004,TOR,1760000
petermo01,2004,TOR,1646079
moisoje01,2004,TOR,1600000
bradlmi01,2004,TOR,1292040
palacmi01,2004,TOR,688679
bateeme01,2004,TOR,636679
baxtelo01,2004,TOR,636679
masonro01,2004,TOR,563679
ostergr01,2004,UTA,8666666
ricegl01,2004,UTA,6815000
clarkke01,2004,UTA,5000600
harprma01,2004,UTA,4290000
stevede01,2004,UTA,1616087
collija03,2004,UTA,1250000
borchcu01,2004,UTA,1187240
pavloal01,2004,UTA,1107960
kirilan01,2004,UTA,955800
arroyca01,2004,UTA,800000
bellra01,2004,UTA,688679
ruffimi01,2004,UTA,663679
lopezra01,2004,UTA,621520
handlbe01,2004,UTA,366931
willima01,2004,UTA,366931
grantpa01,2004,UTA,350581
arenagi01,2004,WAS,8536000
stackje01,2004,WAS,6906250
laettch01,2004,WAS,5625000
hughela01,2004,WAS,5000600
knighbr01,2004,WAS,5000000
brownkw01,2004,WAS,4252080
thomaet01,2004,WAS,2200942
hayesja01,2004,WAS,1748760
jeffrja01,2004,WAS,1714440
dixonju01,2004,WAS,1260360
haywobr01,2004,WAS,1125360
whitnch01,2004,WAS,1070000
butlemi02,2004,WAS,876179
blakest01,2004,WAS,366931
abdursh01,2003,ATL,12375000
robingl01,2003,ATL,9860000
ratlith01,2003,ATL,9375000
hendeal01,2003,ATL,7091250
mohamna01,2003,ATL,4750000
crawfch01,2003,ATL,2750000
johnsde03,2003,ATL,2423280
terryja01,2003,ATL,2153934
glovedi01,2003,ATL,1584312
davisem01,2003,ATL,824935
dickada01,2003,ATL,776880
hamda01,2003,ATL,699935
newblir01,2003,ATL,587435
malonma01,2003,ATL,170716
mccasam01,2003,ATL,143277
harvean01,2003,ATL,60361
wilksmi01,2003,ATL,55402
shirlpa01,2003,ATL,29832
bakervi01,2003,BOS,12375000
walkean02,2003,BOS,12375000
piercpa01,2003,BOS,10067750
willier01,2003,BOS,5004000
battito01,2003,BOS,4000000
delkto01,2003,BOS,2700000
willish01,2003,BOS,2000000
brownke01,2003,BOS,1643040
mccarwa01,2003,BOS,762435
sundobr01,2003,BOS,637435
wolkoru01,2003,BOS,587435
bremejr01,2003,BOS,349458
mooremi01,2003,BOS,46642
roseja01,2003,CHI,12072500
robined01,2003,CHI,5687000
marshdo01,2003,CHI,4186542
chandty01,2003,CHI,3556200
willija03,2003,CHI,3451920
fizerma01,2003,CHI,2946240
curryed01,2003,CHI,2879280
crawfja01,2003,CHI,2026680
anthogr01,2003,CHI,1500000
blounco01,2003,CHI,1400000
hoibefr01,2003,CHI,1400000
bagarda01,2003,CHI,830947
brunsri01,2003,CHI,699935
barkler01,2003,CHI,682500
hassetr01,2003,CHI,512435
baxtelo01,2003,CHI,349458
masonro01,2003,CHI,349458
ilgauzy01,2003,CLE,12375000
hillty01,2003,CLE,6600000
anderni01,2003,CLE,6101906
davisri01,2003,CLE,4546000
stewami01,2003,CLE,4160000
milesda01,2003,CLE,3267960
colesbi01,2003,CLE,2400000
wagneda02,2003,CLE,2298840
mihmch01,2003,CLE,2212200
diopde01,2003,CLE,1980600
jonesju01,2003,CLE,1419026
reidjr01,2003,CLE,800000
palacmi01,2003,CLE,750000
boozeca01,2003,CLE,349458
parkesm01,2003,CLE,349458
finlemi01,2003,DAL,11953125
vanexni01,2003,DAL,11061234
nowitdi01,2003,DAL,10067750
lafrera01,2003,DAL,7270000
nashst01,2003,DAL,5750000
abdulta01,2003,DAL,5625000
johnsav01,2003,DAL,4991800
bradlsh01,2003,DAL,4000000
eschmev01,2003,DAL,3103800
najered01,2003,DAL,3047620
boguemu01,2003,DAL,1659120
jonespo01,2003,DAL,1030000
williwa02,2003,DAL,1030000
mannida01,2003,DAL,900000
griffad01,2003,DAL,637435
bellra01,2003,DAL,612435
harriad01,2003,DAL,140636
stricma01,2003,DAL,60361
howarju01,2003,DEN,20625000
cambyma01,2003,DEN,6750000
jacksma01,2003,DEN,3500000
whitnch01,2003,DEN,3000000
tskitni01,2003,DEN,2530920
alexaco01,2003,DEN,2149259
hilarne01,2003,DEN,1945520
whitero02,2003,DEN,1820520
bowenry01,2003,DEN,1111111
bryanma01,2003,DEN,1030000
hardati01,2003,DEN,1000000
harvedo01,2003,DEN,992040
blounma01,2003,DEN,762435
anderch01,2003,DEN,512435
harriju01,2003,DEN,349458
savovpr01,2003,DEN,349458
yarbrvi01,2003,DEN,349458
longar01,2003,DEN,193424
crottjo01,2003,DEN,138171
robincl02,2003,DET,8421875
wallabe01,2003,DET,5200000
billuch01,2003,DET,4546000
willico02,2003,DET,4500000
rebraze01,2003,DET,3850000
atkinch01,2003,DET,3600000
barryjo01,2003,DET,3175000
davishu01,2003,DET,2687500
hamilri01,2003,DET,2681783
currymi01,2003,DET,2600000
mooremi01,2003,DET,2412500
reiddo01,2003,DET,1100000
okurme01,2003,DET,1000000
princta01,2003,DET,903360
sanchpe01,2003,DET,587435
simmobo01,2003,DET,512435
jamisan01,2003,GSW,10067750
dampier01,2003,GSW,6858500
millsch01,2003,GSW,6000000
surabo01,2003,GSW,5639999
fortsda01,2003,GSW,5039068
foylead01,2003,GSW,4400000
dunlemi02,2003,GSW,3100080
richaja01,2003,GSW,2607360
murphtr01,2003,GSW,1408680
welscji01,2003,GSW,1234080
boykiea01,2003,GSW,528605
arenagi01,2003,GSW,512435
torreos01,2003,GSW,168729
olivede01,2003,GSW,118735
ruckegu01,2003,GSW,34946
guytoaj01,2003,GSW,18748
ricegl01,2003,HOU,9200000
tayloma01,2003,HOU,7150000
catoke01,2003,HOU,6696000
moblecu01,2003,HOU,4903750
francst01,2003,HOU,4383581
mingya01,2003,HOU,3858240
norrimo01,2003,HOU,3150000
malonma01,2003,HOU,2775000
griffed01,2003,HOU,2161920
poseyja01,2003,HOU,1723606
collija02,2003,HOU,1369440
nachbbo01,2003,HOU,1224000
hawkiju01,2003,HOU,587435
morrite01,2003,HOU,512435
maddoti01,2003,HOU,349458
millere01,2003,IND,12046473
croshau01,2003,IND,6960000
onealje01,2003,IND,6900000
mercero01,2003,IND,6750000
harrial01,2003,IND,5060000
millebr01,2003,IND,4800000
bendejo01,2003,IND,3226745
artesro01,2003,IND,1904860
fosteje01,2003,IND,1571335
jonesfr01,2003,IND,1367400
brezepr01,2003,IND,805320
tinslja01,2003,IND,805320
stricer01,2003,IND,762435
breweja01,2003,IND,512435
olowomi01,2003,LAC,6061213
brandel01,2003,LAC,4895656
stronde01,2003,LAC,4212000
odomla01,2003,LAC,3557585
piatker01,2003,LAC,3000000
rooksse01,2003,LAC,2640000
millean02,2003,LAC,2460709
maggeco01,2003,LAC,2069764
stithbr01,2003,LAC,2000000
wilcoch01,2003,LAC,1922520
zhizhwa01,2003,LAC,1900000
doolike01,2003,LAC,1769760
jaricma01,2003,LAC,1750000
elyme01,2003,LAC,1490120
richaqu01,2003,LAC,1174080
parksch02,2003,LAC,824935
boykiea01,2003,LAC,715000
fowlktr01,2003,LAC,512435
onealsh01,2003,LAL,23571429
bryanko01,2003,LAL,12375000
horryro01,2003,LAL,5300000
georgde01,2003,LAL,4546000
foxri01,2003,LAL,4340231
murratr01,2003,LAL,3740000
fishede01,2003,LAL,3000000
walkesa01,2003,LAL,1540000
medvest01,2003,LAL,1400000
shawbr01,2003,LAL,1030000
rushka01,2003,LAL,1021080
johnsma02,2003,LAL,1000000
madsema01,2003,LAL,813000
pargoja01,2003,LAL,349458
samakso01,2003,LAL,124984
reevebr01,2003,MEM,12999998
persowe01,2003,MEM,7000000
wrighlo02,2003,MEM,6050000
dickemi01,2003,MEM,5500000
willija02,2003,MEM,5500000
knighbr01,2003,MEM,5000000
swiftst01,2003,MEM,3639000
gasolpa01,2003,MEM,3193680
goodedr01,2003,MEM,2794920
battish01,2003,MEM,2368200
masseto01,2003,MEM,1800000
trybace01,2003,MEM,1500000
giricgo01,2003,MEM,1400000
watsoea01,2003,MEM,1215000
archiro01,2003,MEM,349458
batismi01,2003,MEM,349458
owensch01,2003,MEM,349458
mournal01,2003,MIA,20629800
jonesed02,2003,MIA,11212500
grantbr01,2003,MIA,11027862
cartean01,2003,MIA,3656250
ellisla01,2003,MIA,3100000
butleca01,2003,MIA,1678800
besttr01,2003,MIA,1400000
stepavl01,2003,MIA,1350000
houseed01,2003,MIA,637435
marksse01,2003,MIA,612435
allenma01,2003,MIA,512435
jamesmi01,2003,MIA,512435
butlera01,2003,MIA,349458
johnske03,2003,MIA,349458
lamplse01,2003,MIA,349458
allenra02,2003,MIL,12375000
thomati01,2003,MIL,10750000
kukocto01,2003,MIL,8050000
caffeja01,2003,MIL,5250000
cassesa01,2003,MIL,4850000
masonan01,2003,MIL,4370819
johnser02,2003,MIL,3998679
reddmi01,2003,MIL,3000000
przybjo01,2003,MIL,1862880
haislma01,2003,MIL,1439400
ollieke01,2003,MIL,1000000
gadzuda01,2003,MIL,349458
murraro01,2003,MIL,349458
sampsja01,2003,MIL,349458
garneke01,2003,MIN,25200000
brandte01,2003,MIN,10175000
smithjo02,2003,MIN,4991800
jacksma02,2003,MIN,3575000
peelean01,2003,MIN,3350812
szczewa02,2003,MIN,2933187
nestera01,2003,MIN,2436813
hudsotr01,2003,MIN,2000000
gillke01,2003,MIN,1030000
stricro02,2003,MIN,1030000
trentga01,2003,MIN,824935
woodslo01,2003,MIN,662435
lopezfe01,2003,MIN,637435
rakocig01,2003,MIN,349458
slatere01,2003,MIN,321926
mutomdi01,2003,NJN,16105264
kiddja01,2003,NJN,9265000
kittlke01,2003,NJN,8966667
mcilvji01,2003,NJN,4400000
martike01,2003,NJN,4067160
rogerro01,2003,NJN,2796000
williaa01,2003,NJN,2700000
harrilu01,2003,NJN,2640000
feickja01,2003,NJN,2600000
childch01,2003,NJN,1750000
jefferi01,2003,NJN,1482840
collija04,2003,NJN,1147440
armstbr01,2003,NJN,930720
johnsan02,2003,NJN,699935
scalabr01,2003,NJN,512435
slayta01,2003,NJN,349458
campbel01,2003,NOH,8050000
mashbja01,2003,NOH,7750000
brownpj01,2003,NOH,7044800
davisba01,2003,NOH,3942922
wesleda01,2003,NOH,3600000
lynchge01,2003,NOH,2600000
augmost01,2003,NOH,2400000
moisoje01,2003,NOH,1681200
alexaco02,2003,NOH,1517280
bullama01,2003,NOH,1430000
drewbr01,2003,NOH,1300000
hastoki01,2003,NOH,1271400
magloja01,2003,NOH,1121280
traylro01,2003,NOH,750000
houstal01,2003,NYK,14343750
mcdyean01,2003,NYK,12600000
sprewla01,2003,NYK,12375000
johnsla02,2003,NYK,9610714
longllu01,2003,NYK,6900000
andersh01,2003,NYK,6100000
wardch01,2003,NYK,5570000
eisleho01,2003,NYK,5312500
weathcl01,2003,NYK,4991800
thomaku01,2003,NYK,4903750
knightr01,2003,NYK,4000000
harriot01,2003,NYK,2700000
doleami01,2003,NYK,1400000
willifr02,2003,NYK,832560
popema01,2003,NYK,637435
nailole01,2003,NYK,587435
postela01,2003,NYK,587435
hillgr01,2003,ORL,12072500
mcgratr01,2003,ORL,12072500
armstda01,2003,ORL,4010000
buechju01,2003,ORL,3450000
declean01,2003,ORL,3262500
millemi01,2003,ORL,2668080
grantho01,2003,ORL,2661538
garripa01,2003,ORL,2350000
ewingpa01,2003,ORL,1850000
huntest01,2003,ORL,1338240
humphry01,2003,ORL,1063680
kempsh01,2003,ORL,1030000
sasseje01,2003,ORL,969480
vaughja01,2003,ORL,699935
oyedeol01,2003,ORL,587435
burkepa01,2003,ORL,349458
iversal01,2003,PHI,12375000
vanhoke01,2003,PHI,12072500
colemde01,2003,PHI,9380000
geigema01,2003,PHI,8768480
maccuto01,2003,PHI,4991800
mckieaa01,2003,PHI,4500000
snower01,2003,PHI,4125000
buckngr01,2003,PHI,2400000
thomake01,2003,PHI,1557684
rentzef01,2003,PHI,903360
willimo01,2003,PHI,887435
dalemsa01,2003,PHI,691100
salmojo01,2003,PHI,670800
skinnbr01,2003,PHI,637435
satteke01,2003,PHI,512435
hardaan01,2003,PHO,12375000
marbust01,2003,PHO,12375000
guglito01,2003,PHO,10892000
outlabo01,2003,PHO,6585000
brownra02,2003,PHO,2700000
mariosh01,2003,PHO,2265375
stoudam01,2003,PHO,1767120
johnsjo02,2003,PHO,1729560
willisc01,2003,PHO,1030000
jacobca01,2003,PHO,941040
tsakaja01,2003,PHO,877680
langhda01,2003,PHO,587435
voskuja01,2003,PHO,587435
fordal02,2003,PHO,512435
pippesc01,2003,POR,19727524
wallara01,2003,POR,16200000
kempsh01,2003,POR,12621028
stoudda01,2003,POR,12375000
davisda01,2003,POR,8055000
anderde01,2003,POR,7144500
sabonar01,2003,POR,6850000
wellsbo01,2003,POR,6300000
patteru01,2003,POR,4991800
daniean01,2003,POR,3375000
mcinnje01,2003,POR,3000000
randoza01,2003,POR,1095720
dudlech02,2003,POR,1030000
woodsqy01,2003,POR,980280
mccasam01,2003,POR,699935
smithch04,2003,POR,637435
boumtru01,2003,POR,512435
webbech01,2003,SAC,14343750
divacvl01,2003,SAC,11248076
bibbymi01,2003,SAC,8500000
chrisdo01,2003,SAC,6250000
stojape01,2003,SAC,5625000
pollasc01,2003,SAC,4826874
clarkke01,2003,SAC,4546000
pricebr01,2003,SAC,4048000
fundela01,2003,SAC,3300000
jacksbo01,2003,SAC,2700000
cleavma01,2003,SAC,1441440
turkohe01,2003,SAC,1300920
wallage01,2003,SAC,857760
jacksji01,2003,SAC,791341
jonesda01,2003,SAC,637435
duncati01,2003,SAS,12072500
robinda01,2003,SAS,10500000
smithst01,2003,SAS,9900000
ferryda01,2003,SAS,4546000
rosema01,2003,SAS,4370000
bowenbr01,2003,SAS,3550000
kerrst01,2003,SAS,2625000
ginobma01,2003,SAS,1325000
claxtsp01,2003,SAS,1076400
willike02,2003,SAS,1030000
parketo01,2003,SAS,800400
jacksst02,2003,SAS,699935
bateeme01,2003,SAS,512453
goldwan01,2003,SAS,139925
brownde02,2003,SAS,34946
paytoga01,2003,SEA,12636117
anderke01,2003,SEA,9185000
lewisra02,2003,SEA,6233766
potapvi01,2003,SEA,5238750
barrybr01,2003,SEA,5040000
boothca01,2003,SEA,4992900
jamesje01,2003,SEA,4546000
radmavl01,2003,SEA,1560840
masonde01,2003,SEA,1235880
fortejo01,2003,SEA,1009920
sesayan01,2003,SEA,612435
drobnpr01,2003,SEA,526413
evansre01,2003,SEA,349458
davisan01,2003,TOR,12000000
cartevi01,2003,TOR,10067750
olajuha01,2003,TOR,5694231
willial02,2003,TOR,5350000
willije01,2003,TOR,5250000
murrala01,2003,TOR,4125000
hunteli01,2003,TOR,3870912
montrer01,2003,TOR,2720000
bradlmi01,2003,TOR,1207800
petermo01,2003,TOR,1033320
ndiayma02,2003,TOR,848520
lenarvo01,2003,TOR,824935
jeffech01,2003,TOR,781800
mccoyje01,2003,TOR,637435
fostegr01,2003,TOR,401951
huffmna01,2003,TOR,349458
jacksje01,2003,TOR,171932
alstora01,2003,TOR,37344
longar01,2003,TOR,35819
malonka01,2003,UTA,19250000
stockjo01,2003,UTA,7875000
ostergr01,2003,UTA,7799996
harprma01,2003,UTA,4000000
amaecjo01,2003,UTA,2392500
collija03,2003,UTA,1150000
borchcu01,2003,UTA,1113720
jacksma01,2003,UTA,1030000
cheanca01,2003,UTA,1000000
marshdo01,2003,UTA,1000000
stevede01,2003,UTA,952320
kirilan01,2003,UTA,893400
masseto01,2003,UTA,741098
padgesc01,2003,UTA,612435
lopezra01,2003,UTA,578160
arroyca01,2003,UTA,546000
stackje01,2003,WAS,6375000
vaughlo01,2003,WAS,5364964
laettch01,2003,WAS,5062500
whiteja01,2003,WAS,4903750
hughela01,2003,WAS,4546000
brownkw01,2003,WAS,3974760
mccloge01,2003,WAS,2599900
willilo01,2003,WAS,2068000
luety01,2003,WAS,1870000
thomaet01,2003,WAS,1597200
jeffrja01,2003,WAS,1594920
russebr01,2003,WAS,1400000
dixonju01,2003,WAS,1172400
haywobr01,2003,WAS,1051920
jordami01,2003,WAS,1030000
oaklech01,2003,WAS,1030000
cardibr01,2003,WAS,587435
simmobo01,2003,WAS,337457
vardara01,2003,WAS,124984
abdursh01,2002,ATL,11250000
ratlith01,2002,ATL,9667969
kukocto01,2002,ATL,7906783
hendeal01,2002,ATL,6500312
mohamna01,2002,ATL,4500000
crawfch01,2002,ATL,2500000
johnsde03,2002,ATL,2265240
terryja01,2002,ATL,1689360
bowdlca01,2002,ATL,1179720
glovedi01,2002,ATL,1027440
davisem01,2002,ATL,715850
stricma01,2002,ATL,715850
vaughja01,2002,ATL,590850
slatere01,2002,ATL,523793
mottoha01,2002,ATL,465850
simpkdi01,2002,ATL,26190
walkean02,2002,BOS,11250000
anderke01,2002,BOS,8350000
potapvi01,2002,BOS,4762500
willier01,2002,BOS,4448000
battito01,2002,BOS,3600000
mccarwa01,2002,BOS,3125000
brownra02,2002,BOS,2475000
piercpa01,2002,BOS,2051271
johnsjo02,2002,BOS,1608840
brownke01,2002,BOS,1528440
mcleoro01,2002,BOS,1509001
fortejo01,2002,BOS,939360
palacmi01,2002,BOS,690000
stricer01,2002,BOS,637415
blounma01,2002,BOS,540850
campbel01,2002,CHH,7975000
mashbja01,2002,CHH,6975000
brownpj01,2002,CHH,6404800
phillbo01,2002,CHH,5220000
wesleda01,2002,CHH,3240000
davisba01,2002,CHH,3119400
traylro01,2002,CHH,2793505
augmost01,2002,CHH,2400000
lynchge01,2002,CHH,2400000
moisoje01,2002,CHH,1571640
bullama01,2002,CHH,1300000
drewbr01,2002,CHH,1300000
recasel01,2002,CHH,1300000
hastoki01,2002,CHH,1182600
magloja01,2002,CHH,1048080
jamesti01,2002,CHH,837720
nailole01,2002,CHH,465850
portech01,2002,CHH,465850
mercero01,2002,CHI,6750000
oaklech01,2002,CHI,6545000
robined01,2002,CHI,5170000
millebr01,2002,CHI,4400000
chandty01,2002,CHI,3308160
anthogr01,2002,CHI,3000000
fizerma01,2002,CHI,2754120
curryed01,2002,CHI,2678400
crawfja01,2002,CHI,1894560
hoibefr01,2002,CHI,1600000
artesro01,2002,CHI,1241760
bagarda01,2002,CHI,854640
ollieke01,2002,CHI,590850
ruffimi01,2002,CHI,540850
guytoaj01,2002,CHI,465850
samakso01,2002,CHI,465850
hassetr01,2002,CHI,332817
ilgauzy01,2002,CLE,11250000
hillty01,2002,CLE,6600000
persowe01,2002,CLE,6300000
murrala01,2002,CLE,3750000
colesbi01,2002,CLE,2200000
mihmch01,2002,CLE,2067960
doleami01,2002,CLE,2000856
stithbr01,2002,CLE,2000000
millean02,2002,CLE,1934520
diopde01,2002,CLE,1842480
langdtr01,2002,CLE,1604880
davisri01,2002,CLE,1496400
skinnbr01,2002,CLE,1483461
jonesju01,2002,CLE,786600
trepaje01,2002,CLE,332817
howarju01,2002,DAL,18750000
finlemi01,2002,DAL,10625000
nashst01,2002,DAL,5750000
bradlsh01,2002,DAL,4500000
hardati01,2002,DAL,3360390
eschmev01,2002,DAL,3038000
nowitdi01,2002,DAL,2157595
boguemu01,2002,DAL,1520860
mannida01,2002,DAL,1500000
buckngr01,2002,DAL,1200000
newmajo01,2002,DAL,1000000
harvedo01,2002,DAL,927360
martida01,2002,DAL,778350
griffad01,2002,DAL,565850
smithle01,2002,DAL,517360
elamikh01,2002,DAL,465850
najered01,2002,DAL,465850
zhizhwa01,2002,DAL,465850
cookom01,2002,DAL,292230
wolkoru01,2002,DAL,79535
mcdyean01,2002,DEN,11700000
vanexni01,2002,DEN,10164642
abdulta01,2002,DEN,5062500
willisc01,2002,DEN,4650000
johnsav01,2002,DEN,4538000
lenarvo01,2002,DEN,4252435
lafrera01,2002,DEN,3755142
mccloge01,2002,DEN,2400000
cheanca01,2002,DEN,2400000
alexaco01,2002,DEN,1995741
poseyja01,2002,DEN,1120680
bowenry01,2002,DEN,630850
scottsh01,2002,DEN,590850
hamilze01,2002,DEN,465850
satteke01,2002,DEN,332817
anderch01,2002,DEN,288171
rideris01,2002,DEN,112797
robincl02,2002,DET,7656250
stackje01,2002,DET,5843750
wallabe01,2002,DET,4700000
willico02,2002,DET,4000000
rebraze01,2002,DET,3500000
atkinch01,2002,DET,3300000
barryjo01,2002,DET,3175000
mooremi01,2002,DET,2531250
currymi01,2002,DET,2400000
whitero02,2002,DET,1693560
barroda01,2002,DET,1600000
alexavi01,2002,DET,653350
jonesda01,2002,DET,565850
cardibr01,2002,DET,465850
vardara01,2002,DET,332817
dampier01,2002,GSW,6235000
blaylmo01,2002,GSW,5400000
millsch01,2002,GSW,5400000
surabo01,2002,GSW,5213333
fortsda01,2002,GSW,4649534
foylead01,2002,GSW,4400000
jamisan01,2002,GSW,3388176
jacksma02,2002,GSW,3250000
hendece02,2002,GSW,3000000
richaja01,2002,GSW,2425440
hughela01,2002,GSW,2343635
murphtr01,2002,GSW,1310400
arenagi01,2002,GSW,332817
olivede01,2002,GSW,332817
ricegl01,2002,HOU,8800000
tayloma01,2002,HOU,6500000
catoke01,2002,HOU,6048000
williwa02,2002,HOU,5000000
moblecu01,2002,HOU,4413375
norrimo01,2002,HOU,3600000
francst01,2002,HOU,3473520
willike02,2002,HOU,3000000
malonma01,2002,HOU,2543750
griffed01,2002,HOU,2011080
collija02,2002,HOU,1280040
thomake01,2002,HOU,946920
langhda01,2002,HOU,465850
morrite01,2002,HOU,420000
brownti01,2002,HOU,332817
torreos01,2002,HOU,332817
millere01,2002,IND,12045075
roseja01,2002,IND,10865250
onealje01,2002,IND,6325000
croshau01,2002,IND,6310000
mckeyde01,2002,IND,6000000
besttr01,2002,IND,3375000
bendejo01,2002,IND,2546760
harrial01,2002,IND,1436982
fosteje01,2002,IND,986400
rogerca01,2002,IND,778350
brezepr01,2002,IND,749160
tinslja01,2002,IND,749160
sundobr01,2002,IND,565850
breweja01,2002,IND,332817
richano01,2002,IND,332817
olowomi01,2002,LAC,4662472
brandel01,2002,LAC,3882360
stronde01,2002,LAC,3861000
milesda01,2002,LAC,3054840
piatker01,2002,LAC,3000000
odomla01,2002,LAC,2812320
rooksse01,2002,LAC,2400000
delnevi01,2002,LAC,2275000
doolike01,2002,LAC,1654320
maggeco01,2002,LAC,1448400
perduwi01,2002,LAC,1320000
richaqu01,2002,LAC,1097520
boykiea01,2002,LAC,650000
jamisha01,2002,LAC,600000
mcinnje01,2002,LAC,590850
ekeziob01,2002,LAC,540850
onealsh01,2002,LAL,21428572
bryanko01,2002,LAL,11250000
horryro01,2002,LAL,5300000
foxri01,2002,LAL,3791250
hunteli01,2002,LAL,3425760
fishede01,2002,LAL,3000000
walkesa01,2002,LAL,1400000
richmmi01,2002,LAL,1000000
johnsma02,2002,LAL,1000000
shawbr01,2002,LAL,963415
georgde01,2002,LAL,834250
madsema01,2002,LAL,759960
mccoyje01,2002,LAL,565850
medvest01,2002,LAL,465850
crispjo01,2002,LAL,48705
penbemi01,2002,LAL,28405
reevebr01,2002,MEM,11555554
austiis01,2002,MEM,5695715
wrighlo02,2002,MEM,5500000
anderni01,2002,MEM,5401906
knighbr01,2002,MEM,4500000
swiftst01,2002,MEM,3401640
gasolpa01,2002,MEM,2970840
willija02,2002,MEM,2554072
longgr01,2002,MEM,2400000
battish01,2002,MEM,2203080
dickemi01,2002,MEM,1940702
masseto01,2002,MEM,1650000
buforro01,2002,MEM,481488
fotsian01,2002,MEM,332817
solomwi01,2002,MEM,332817
mournal01,2002,MIA,18754800
jonesed02,2002,MIA,10091250
grantbr01,2002,MIA,9925076
cartean01,2002,MIA,3250000
ellisla01,2002,MIA,3000000
gatlich01,2002,MIA,2504227
gillke01,2002,MIA,1538000
stricro02,2002,MIA,1000000
jacksji01,2002,MIA,789170
marksse01,2002,MIA,565850
stepavl01,2002,MIA,565850
houseed01,2002,MIA,465850
allenma01,2002,MIA,332817
browner01,2002,MIA,332817
macksa01,2002,MIA,174598
hamilta01,2002,MIA,60881
allenra02,2002,MIL,11250000
thomati01,2002,MIL,9675000
robingl01,2002,MIL,8990000
caffeja01,2002,MIL,4812500
masonan01,2002,MIL,4538000
cassesa01,2002,MIL,4350000
johnser02,2002,MIL,3670929
fostegr01,2002,MIL,1764247
hamda01,2002,MIL,1760000
przybjo01,2002,MIL,1741440
radojal01,2002,MIL,1524600
alstora01,2002,MIL,625000
popema01,2002,MIL,590850
hartja01,2002,MIL,465850
reddmi01,2002,MIL,465850
garneke01,2002,MIN,22400000
brandte01,2002,MIN,9300000
smithjo02,2002,MIN,4538000
garrede01,2002,MIN,3240000
peelean01,2002,MIN,2978500
billuch01,2002,MIN,2475000
szczewa02,2002,MIN,2313240
hammoto01,2002,MIN,1800000
nestera01,2002,MIN,1725788
averywi01,2002,MIN,1375920
mitchsa01,2002,MIN,1000000
trentga01,2002,MIN,715850
lopezfe01,2002,MIN,565850
evansma01,2002,MIN,332817
woodslo01,2002,MIN,332817
willija01,2002,NJN,15125000
vanhoke01,2002,NJN,10865250
kiddja01,2002,NJN,8447500
kittlke01,2002,NJN,8166667
dudlech02,2002,NJN,6200000
mcilvji01,2002,NJN,6000000
maccuto01,2002,NJN,4538000
martike01,2002,NJN,3801960
williaa01,2002,NJN,2475000
feickja01,2002,NJN,2400000
harrilu01,2002,NJN,2400000
jefferi01,2002,NJN,1379400
collija04,2002,NJN,1067400
armstbr01,2002,NJN,865800
dialde01,2002,NJN,540850
goodrst01,2002,NJN,465850
scalabr01,2002,NJN,332817
slatere01,2002,NJN,122218
houstal01,2002,NYK,12750000
johnsla02,2002,NYK,11335714
sprewla01,2002,NYK,11250000
cambyma01,2002,NYK,7300000
longllu01,2002,NYK,6325000
andersh01,2002,NYK,5500000
wardch01,2002,NYK,5110000
eisleho01,2002,NYK,4781250
weathcl01,2002,NYK,4638000
thomaku01,2002,NYK,4413375
jacksma01,2002,NYK,3860000
knightr01,2002,NYK,3600000
harriot01,2002,NYK,2475000
spencfe01,2002,NYK,1000000
robinla01,2002,NYK,715850
maxweve01,2002,NYK,473000
postela01,2002,NYK,465850
hillgr01,2002,ORL,10865250
mcgratr01,2002,ORL,10865250
armstda01,2002,ORL,4005000
buechju01,2002,ORL,3600000
declean01,2002,ORL,2900000
millemi01,2002,ORL,2494080
grantho01,2002,ORL,2419580
ewingpa01,2002,ORL,2118420
garripa01,2002,ORL,1569691
huntest01,2002,ORL,1244880
reiddo01,2002,ORL,1000000
sasseje01,2002,ORL,901800
willimo01,2002,ORL,778350
profila01,2002,ORL,630850
hudsotr01,2002,ORL,590850
mutomdi01,2002,PHI,14315790
iversal01,2002,PHI,11250000
colemde01,2002,PHI,8710000
geigema01,2002,PHI,8142160
mckieaa01,2002,PHI,4000000
snower01,2002,PHI,3750000
harprma01,2002,PHI,1908401
blounco01,2002,PHI,1609235
claxtsp01,2002,PHI,1006200
cummivo01,2002,PHI,810000
dalemsa01,2002,PHI,771480
bellra01,2002,PHI,540850
ruffimi01,2002,PHI,468297
brownda02,2002,PHI,332817
jonesal01,2002,PHI,332817
jamesti01,2002,PHI,105532
bowmair01,2002,PHI,19787
hardaan01,2002,PHO,11250000
marbust01,2002,PHO,11250000
guglito01,2002,PHO,10114000
outlabo01,2002,PHO,6000000
chapmre01,2002,PHO,3850000
wallajo01,2002,PHO,2630000
delkto01,2002,PHO,2475000
rogerro01,2002,PHO,2400000
mariosh01,2002,PHO,1778160
newmajo01,2002,PHO,1675000
majerda01,2002,PHO,1000000
tsakaja01,2002,PHO,820400
santida01,2002,PHO,465850
voskuja01,2002,PHO,465850
fordal02,2002,PHO,332817
bellch01,2002,PHO,89292
pippesc01,2002,POR,18083564
wallara01,2002,POR,14400000
kempsh01,2002,POR,12660000
stoudda01,2002,POR,12375000
davisda01,2002,POR,7010000
anderde01,2002,POR,6495000
patteru01,2002,POR,4538000
kerrst01,2002,POR,2406250
wellsbo01,2002,POR,2028239
randoza01,2002,POR,1019280
dudlech02,2002,POR,1000000
butlemi02,2002,POR,715850
barkler01,2002,POR,638000
brunsri01,2002,POR,590850
boumtru01,2002,POR,332817
webbech01,2002,SAC,12750000
divacvl01,2002,SAC,10444642
chrisdo01,2002,SAC,5200000
stojape01,2002,SAC,5000000
pollasc01,2002,SAC,4344187
bibbymi01,2002,SAC,4174893
pricebr01,2002,SAC,3680000
fundela01,2002,SAC,3025000
jacksbo01,2002,SAC,2475000
cleavma01,2002,SAC,1347480
turkohe01,2002,SAC,1216080
wallage01,2002,SAC,797880
smithja01,2002,SAC,465850
duncati01,2002,SAS,10865250
robinda01,2002,SAS,9500000
smithst01,2002,SAS,9000000
jacksja01,2002,SAS,3020834
daniean01,2002,SAS,3000000
portete01,2002,SAS,2400000
rosema01,2002,SAS,2285000
bryanma01,2002,SAS,1000000
ferryda01,2002,SAS,1000000
parketo01,2002,SAS,744480
bowenbr01,2002,SAS,715850
parksch02,2002,SAS,715850
jacksst02,2002,SAS,590850
smithch04,2002,SAS,540850
mccasam01,2002,SAS,465850
paytoga01,2002,SEA,12926493
bakervi01,2002,SEA,11250000
barrybr01,2002,SEA,4680000
boothca01,2002,SEA,4539000
lewisra02,2002,SEA,4413375
willish01,2002,SEA,1750000
radmavl01,2002,SEA,1452000
masonde01,2002,SEA,1155240
harvean01,2002,SEA,715850
drobnpr01,2002,SEA,478558
jamesje01,2002,SEA,465850
longar01,2002,SEA,465850
oyedeol01,2002,SEA,465850
wolkoru01,2002,SEA,465850
watsoea01,2002,SEA,332817
davisan01,2002,TOR,11000000
willial02,2002,TOR,5350000
childch01,2002,TOR,5200000
olajuha01,2002,TOR,5061539
willije01,2002,TOR,5000000
stewami01,2002,TOR,3840000
murratr01,2002,TOR,3400000
cartevi01,2002,TOR,3073032
montrer01,2002,TOR,2480000
curryde01,2002,TOR,2100000
clarkke01,2002,TOR,1971163
bradlmi01,2002,TOR,1123560
petermo01,2002,TOR,966000
macledo01,2002,TOR,965850
ndiayma02,2002,TOR,793200
arroyca01,2002,TOR,332817
malonka01,2002,UTA,17500000
stockjo01,2002,UTA,7000000
ostergr01,2002,UTA,6933328
marshdo01,2002,UTA,6510000
russebr01,2002,UTA,5142857
starkjo01,2002,UTA,2475000
amaecjo01,2002,UTA,2175000
lewisqu01,2002,UTA,1070280
crottjo01,2002,UTA,1000000
stevede01,2002,UTA,890280
kirilan01,2002,UTA,831120
padgesc01,2002,UTA,781680
collija03,2002,UTA,332817
richmmi01,2002,WAS,10000000
vaughlo01,2002,WAS,5222025
laettch01,2002,WAS,4500000
whiteja01,2002,WAS,4413375
stricro02,2002,WAS,3750000
brownkw01,2002,WAS,3697440
nesbyty01,2002,WAS,3260000
whitnch01,2002,WAS,2700000
davishu01,2002,WAS,2418750
smithmi02,2002,WAS,2400000
hamilri01,2002,WAS,2111640
willilo01,2002,WAS,1880000
luety01,2002,WAS,1700000
jonespo01,2002,WAS,1500000
thomaet01,2002,WAS,1493040
alexaco02,2002,WAS,1418400
jordami01,2002,WAS,1000000
haywobr01,2002,WAS,978600
simmobo01,2002,WAS,332817
mutomdi01,2001,ATL,14400000
hendeal01,2001,ATL,5910000
wrighlo02,2001,ATL,4950000
jacksji01,2001,ATL,2330000
crawfch01,2001,ATL,2200000
johnsde03,2001,ATL,2107200
terryja01,2001,ATL,1579080
johnsan02,2001,ATL,1200000
bowdlca01,2001,ATL,1102800
mcleoro01,2001,ATL,978600
glovedi01,2001,ATL,960480
malonma01,2001,ATL,611000
robinla01,2001,ATL,611000
mottoha01,2001,ATL,316969
millean01,2001,ATL,40000
walkean02,2001,BOS,10130000
anderke01,2001,BOS,7520000
stithbr01,2001,BOS,5920000
potapvi01,2001,BOS,4290000
willier01,2001,BOS,3890000
minorgr01,2001,BOS,3240000
battito01,2001,BOS,3200000
mccarwa01,2001,BOS,2670000
brownra02,2001,BOS,2250000
williho01,2001,BOS,2100000
piercpa01,2001,BOS,1608840
moisoje01,2001,BOS,1461960
carrch01,2001,BOS,1200000
overtdo01,2001,BOS,548500
griffad01,2001,BOS,498500
blounma01,2001,BOS,316969
herrech01,2001,BOS,316969
palacmi01,2001,BOS,316969
campbel01,2001,CHH,8050000
colemde01,2001,CHH,8000000
mashbja01,2001,CHH,6200000
brownpj01,2001,CHH,5740000
phillbo01,2001,CHH,4640000
davisba01,2001,CHH,2916000
wesleda01,2001,CHH,2880000
thorpot01,2001,CHH,2200000
hawkihe01,2001,CHH,1200000
recasel01,2001,CHH,1200000
magloja01,2001,CHH,975000
jamesti01,2001,CHH,783120
robined01,2001,CHH,600000
buforro01,2001,CHH,423500
nailole01,2001,CHH,316969
roberte01,2001,CHH,316969
mercero01,2001,CHI,5520000
millebr01,2001,CHI,4000000
brandel01,2001,CHI,3629160
hawkihe01,2001,CHI,3560000
fizerma01,2001,CHI,2562000
tarladr01,2001,CHI,2500000
crawfja01,2001,CHI,1762320
drewbr01,2001,CHI,1182600
artesro01,2001,CHI,1160760
hoibefr01,2001,CHI,880000
bagarda01,2001,CHI,795000
benjaco01,2001,CHI,749160
ruffimi01,2001,CHI,440000
elamikh01,2001,CHI,316969
guytoaj01,2001,CHI,316969
voskuja01,2001,CHI,316969
ilgauzy01,2001,CLE,10130000
persowe01,2001,CLE,5600000
gatlich01,2001,CLE,5550000
knighbr01,2001,CLE,4250000
murrala01,2001,CLE,3380000
hendece02,2001,CLE,2700000
colesbi01,2001,CLE,2250000
traylro01,2001,CLE,2203080
bryanma01,2001,CLE,2200000
reidjr01,2001,CLE,2200000
weathcl01,2001,CLE,2100000
mihmch01,2001,CLE,1923600
millean02,2001,CLE,1808400
langdtr01,2001,CLE,1500120
harprma01,2001,CLE,1244880
hawkimi01,2001,CLE,423500
grantga01,2001,CLE,316969
finlemi01,2001,DAL,8400000
bradlsh01,2001,DAL,8370000
laettch01,2001,DAL,6625000
nashst01,2001,DAL,5500000
vaughlo01,2001,DAL,4812025
eisleho01,2001,DAL,4250000
trentga01,2001,DAL,2400000
davishu01,2001,DAL,2100000
nowitdi01,2001,DAL,1693560
millste01,2001,DAL,1400000
thomaet01,2001,DAL,1388880
alexaco02,2001,DAL,1319400
buckngr01,2001,DAL,1100000
harvedo01,2001,DAL,862560
smithle01,2001,DAL,483680
curlebi01,2001,DAL,423500
najered01,2001,DAL,316969
mcdyean01,2001,DEN,10800000
vanexni01,2001,DEN,9200000
abdulta01,2001,DEN,4500000
packro01,2001,DEN,4320000
lenarvo01,2001,DEN,3780000
murratr01,2001,DEN,3060000
lafrera01,2001,DEN,2970840
stricma01,2001,DEN,2400000
cheanca01,2001,DEN,2200000
mccloge01,2001,DEN,2200000
alexaco01,2001,DEN,2160000
clarkke01,2001,DEN,1379400
poseyja01,2001,DEN,1047600
daviste01,2001,DEN,923500
ndiayma02,2001,DEN,737880
bowenry01,2001,DEN,510000
stackje01,2001,DET,5310000
wallabe01,2001,DET,4000000
barroda01,2001,DET,3700000
buechju01,2001,DET,3260000
atkinch01,2001,DET,3000000
willije01,2001,DET,2870000
mooremi01,2001,DET,2850000
smithjo02,2001,DET,2250000
montrer01,2001,DET,2240000
currymi01,2001,DET,2200000
wallajo01,2001,DET,2200000
murdoer01,2001,DET,2100000
owensbi01,2001,DET,2100000
cleavma01,2001,DET,1253400
sesayan01,2001,DET,508000
braggto01,2001,DET,316969
cardibr01,2001,DET,316969
dampier01,2001,GSW,5610000
blaylmo01,2001,GSW,4800000
millsch01,2001,GSW,4800000
surabo01,2001,GSW,4390000
fortsda01,2001,GSW,3950000
foylead01,2001,GSW,3580000
keefead01,2001,GSW,3390000
jamisan01,2001,GSW,2678400
cummite01,2001,GSW,2200000
delnevi01,2001,GSW,2100000
hughela01,2001,GSW,1842480
mullich01,2001,GSW,1000000
cummivo01,2001,GSW,757200
curlebi01,2001,GSW,611000
jacksma02,2001,GSW,316969
portech01,2001,GSW,316969
livinra01,2001,GSW,20000
olajuha01,2001,HOU,16700000
catoke01,2001,HOU,5330000
williwa02,2001,HOU,4250000
moblecu01,2001,HOU,3920000
francst01,2001,HOU,3246960
macledo01,2001,HOU,2380000
tayloma01,2001,HOU,2250000
andersh01,2001,HOU,2200000
rogerca01,2001,HOU,2200000
bullama01,2001,HOU,2100000
malonma01,2001,HOU,1790000
collija02,2001,HOU,1190760
thomake01,2001,HOU,885120
norrimo01,2001,HOU,523500
langhda01,2001,HOU,316969
millere01,2001,IND,10670000
roseja01,2001,IND,9660000
onealje01,2001,IND,5710000
mckeyde01,2001,IND,5400000
croshau01,2001,IND,5300000
mullich01,2001,IND,3650000
besttr01,2001,IND,3500000
bendejo01,2001,IND,2380680
perkisa01,2001,IND,2250000
kleinjo01,2001,IND,1200000
tabakza01,2001,IND,1200000
millste01,2001,IND,1000000
fosteje01,2001,IND,922080
harrial01,2001,IND,797880
edneyty01,2001,IND,523500
sundobr01,2001,IND,498500
ketnela01,2001,IND,423500
olowomi01,2001,LAC,3697440
stronde01,2001,LAC,3510000
milesda01,2001,LAC,2841720
odomla01,2001,LAC,2628960
piatker01,2001,LAC,2200000
rooksse01,2001,LAC,2160000
parksch02,2001,LAC,2100000
closske01,2001,LAC,1920000
robinja02,2001,LAC,1870000
doolike01,2001,LAC,1538880
maggeco01,2001,LAC,1353960
richaqu01,2001,LAC,1020960
skinnbr01,2001,LAC,901800
bohanet01,2001,LAC,523500
mcinnje01,2001,LAC,523500
boykiea01,2001,LAC,498500
hamilze01,2001,LAC,316969
onealsh01,2001,LAL,19285715
bryanko01,2001,LAL,10130000
grantho01,2001,LAL,6500000
horryro01,2001,LAL,4800000
foxri01,2001,LAL,3400000
fishede01,2001,LAL,3380000
shawbr01,2001,LAL,2250000
harpero01,2001,LAL,2200000
fostegr01,2001,LAL,1760000
persoch01,2001,LAL,1200000
johnsma02,2001,LAL,1000000
luety01,2001,LAL,865800
georgde01,2001,LAL,849720
rideris01,2001,LAL,736000
madsema01,2001,LAL,707040
medvest01,2001,LAL,316969
penbemi01,2001,LAL,316969
jacobsa01,2001,LAL,270000
mournal01,2001,MIA,16880000
hardati01,2001,MIA,12000000
jonesed02,2001,MIA,8960000
grantbr01,2001,MIA,8900000
masonan01,2001,MIA,5550000
majerda01,2001,MIA,4050000
causwdu01,2001,MIA,4000000
cebalce01,2001,MIA,3937500
ellisda01,2001,MIA,2290000
greenac01,2001,MIA,2250000
cartean01,2001,MIA,1200000
davisri01,2001,MIA,939360
macledo01,2001,MIA,798500
bowenbr01,2001,MIA,733000
fulleto02,2001,MIA,611000
houseed01,2001,MIA,316969
robinja03,2001,MIA,40000
brunsri01,2001,MIA,16000
allenra02,2001,MIL,10130000
thomati01,2001,MIL,8510000
robingl01,2001,MIL,8120000
mannida01,2001,MIL,6830000
caffeja01,2001,MIL,4380000
willisc01,2001,MIL,4200000
cassesa01,2001,MIL,4000000
johnser02,2001,MIL,2700000
hunteli01,2001,MIL,2650000
hamda01,2001,MIL,1700000
przybjo01,2001,MIL,1619880
kerseje01,2001,MIL,1000000
popema01,2001,MIL,498500
alstora01,2001,MIL,423500
bastoma01,2001,MIL,423500
hartja01,2001,MIL,316969
reddmi01,2001,MIL,316969
garneke01,2001,MIN,19610000
brandte01,2001,MIN,8330000
garrede01,2001,MIN,2880000
peelean01,2001,MIN,2740000
mitchsa01,2001,MIN,2370000
billuch01,2001,MIN,2250000
szczewa02,2001,MIN,2162280
averywi01,2001,MIN,1286160
ellisla01,2001,MIN,1200000
hammoto01,2001,MIN,1130000
nestera01,2001,MIN,1123560
dayto01,2001,MIN,736000
slatere01,2001,MIN,673500
jacobsa01,2001,MIN,498500
pattean01,2001,MIN,498500
willija01,2001,NJN,13800000
marbust01,2001,NJN,10130000
vanhoke01,2001,NJN,9000000
kittlke01,2001,NJN,7770000
gillke01,2001,NJN,7000000
mcilvji01,2001,NJN,5400000
martike01,2001,NJN,3536640
williaa01,2001,NJN,2250000
feickja01,2001,NJN,2200000
harrilu01,2001,NJN,2160000
newmajo01,2001,NJN,2000000
douglsh01,2001,NJN,1100000
perryel01,2001,NJN,1050000
ollieke01,2001,NJN,523500
eschmev01,2001,NJN,423500
jacksst02,2001,NJN,316969
samakso01,2001,NJN,316969
johnsla02,2001,NYK,11000000
sprewla01,2001,NYK,10125000
houstal01,2001,NYK,9000000
ricegl01,2001,NYK,7578900
cambyma01,2001,NYK,5750000
longllu01,2001,NYK,5750000
wardch01,2001,NYK,5040000
childch01,2001,NYK,4680000
thomaku01,2001,NYK,3680000
knightr01,2001,NYK,3200000
stricer01,2001,NYK,2560000
maxweve01,2001,NYK,1570000
turkcmi01,2001,NYK,1069400
spencfe01,2001,NYK,1000000
brunsri01,2001,NYK,523500
kernejo01,2001,NYK,423500
postela01,2001,NYK,316969
hillgr01,2001,ORL,9660000
mcgratr01,2001,ORL,9660000
outlabo01,2001,ORL,4500000
armstda01,2001,ORL,3100000
millemi01,2001,ORL,2320080
declean01,2001,ORL,1920000
doleami01,2001,ORL,1452000
garripa01,2001,ORL,1019280
brownde01,2001,ORL,1000000
willimo01,2001,ORL,1000000
reiddo01,2001,ORL,611000
amaecjo01,2001,ORL,600000
hudsotr01,2001,ORL,523500
perryel01,2001,ORL,94000
iversal01,2001,PHI,10130000
ratlith01,2001,PHI,7800000
geigema01,2001,PHI,7515840
hillty01,2001,PHI,7300000
kukocto01,2001,PHI,6000000
snower01,2001,PHI,3380000
lynchge01,2001,PHI,2200000
mckieaa01,2001,PHI,1818000
maxweve01,2001,PHI,1000000
claxtsp01,2001,PHI,936000
mohamna01,2001,PHI,739080
jonesju01,2001,PHI,735600
jacksje01,2001,PHI,423500
maccuto01,2001,PHI,423500
sanchpe01,2001,PHI,316969
hardaan01,2001,PHO,10130000
guglito01,2001,PHO,9360000
kiddja01,2001,PHO,7680000
robincl02,2001,PHO,6890000
dudlech02,2001,PHO,6200000
chapmre01,2001,PHO,3500000
delkto01,2001,PHO,2250000
rogerro01,2001,PHO,2200000
mariosh01,2001,PHO,1662240
blounco01,2001,PHO,1320000
eliema01,2001,PHO,1000000
tsakaja01,2001,PHO,763200
garceru01,2001,PHO,316969
mcphepa01,2001,PHO,316969
santida01,2001,PHO,316969
pippesc01,2001,POR,13750000
wallara01,2001,POR,12600000
kempsh01,2001,POR,11720000
sabonar01,2001,POR,11250000
stoudda01,2001,POR,11250000
smithst01,2001,POR,8100000
davisda01,2001,POR,6000000
anthogr01,2001,POR,3500000
perduwi01,2001,POR,2250000
schrede01,2001,POR,2200000
wellsbo01,2001,POR,1528440
grantga01,2001,POR,1000000
augmost01,2001,POR,923500
barkler01,2001,POR,712200
harvean01,2001,POR,611000
webbech01,2001,SAC,12000000
divacvl01,2001,SAC,9640000
pollasc01,2001,SAC,3920000
anderni01,2001,SAC,3750000
chrisdo01,2001,SAC,3140000
barryjo01,2001,SAC,2730000
fundela01,2001,SAC,2700000
jacksbo01,2001,SAC,2250000
willija02,2001,SAC,2011080
stojape01,2001,SAC,1480000
turkohe01,2001,SAC,1131240
martida01,2001,SAC,673500
rogerro02,2001,SAC,523500
smithja01,2001,SAC,316969
robinda01,2001,SAS,14700000
duncati01,2001,SAS,9660000
johnsav01,2001,SAS,8000000
elliose01,2001,SAS,5300000
walkesa01,2001,SAS,2960000
daniean01,2001,SAS,2820000
rosema01,2001,SAS,2570000
anderde01,2001,SAS,2250000
kerrst01,2001,SAS,2200000
portete01,2001,SAS,2200000
jacksja01,2001,SAS,1750000
ferryda01,2001,SAS,1200000
scottsh01,2001,SAS,548500
dialde01,2001,SAS,423500
newblir01,2001,SAS,316969
ewingpa01,2001,SEA,14000000
paytoga01,2001,SEA,12200000
bakervi01,2001,SEA,10130000
barrybr01,2001,SEA,4320000
lewisra02,2001,SEA,3920000
mccoyje01,2001,SEA,1110000
masonde01,2001,SEA,1074720
ellispe01,2001,SEA,1000000
wingada01,2001,SEA,1000000
patteru01,2001,SEA,990000
davisem01,2001,SEA,610000
willish01,2001,SEA,550000
oyedeol01,2001,SEA,316969
wolkoru01,2001,SEA,316969
oaklech01,2001,TOR,5760000
davisan01,2001,TOR,5500000
willico02,2001,TOR,3940000
jacksma01,2001,TOR,3570000
stewami01,2001,TOR,3520000
willike02,2001,TOR,2870000
cartevi01,2001,TOR,2425440
willial02,2001,TOR,2100000
curryde01,2001,TOR,2000000
boguemu01,2001,TOR,1740000
radojal01,2001,TOR,1425120
corbity01,2001,TOR,1000000
petermo01,2001,TOR,898560
stepavl01,2001,TOR,749160
davidko01,2001,TOR,498500
josepga01,2001,TOR,316969
malonka01,2001,UTA,15750000
stockjo01,2001,UTA,11000000
marshdo01,2001,UTA,5630000
ostergr01,2001,UTA,5200000
russebr01,2001,UTA,4570000
starkjo01,2001,UTA,2250000
polynol01,2001,UTA,2200000
vaughja01,2001,UTA,1500000
mannida01,2001,UTA,1200000
lewisqu01,2001,UTA,1000440
stevede01,2001,UTA,828120
crottjo01,2001,UTA,800000
benoida01,2001,UTA,736000
padgesc01,2001,UTA,730800
sundobr01,2001,UTA,498500
abdursh01,2001,VAN,10130000
reevebr01,2001,VAN,10110000
austiis01,2001,VAN,5500000
westdo01,2001,VAN,3680000
bibbymi01,2001,VAN,3308160
swiftst01,2001,VAN,3164280
pricebr01,2001,VAN,2880000
harriot01,2001,VAN,2250000
longgr01,2001,VAN,2200000
masseto01,2001,VAN,1360000
dickemi01,2001,VAN,1310400
edwarke01,2001,VAN,1000000
abdulma02,2001,VAN,798500
jonesda01,2001,VAN,710000
cunniwi01,2001,VAN,498500
howarju01,2001,WAS,16875000
richmmi01,2001,WAS,10000000
stricro02,2001,WAS,10000000
whiteja01,2001,WAS,3922000
nesbyty01,2001,WAS,2990000
jonespo01,2001,WAS,2812500
whitnch01,2001,WAS,2370000
smithmi02,2001,WAS,2200000
hamilri01,2001,WAS,1973880
willilo01,2001,WAS,1750000
scottde01,2001,WAS,1200000
lopezfe01,2001,WAS,831120
profila01,2001,WAS,508000
kingge02,2001,WAS,489500
boothca01,2001,WAS,423500
ekeziob01,2001,WAS,423500
smithmi03,2001,WAS,316969
mutomdi01,2000,ATL,12820249
rideris01,2000,ATL,5410000
hendeal01,2000,ATL,5318437
wrighlo02,2000,ATL,4400000
colesbi01,2000,ATL,2300000
crawfch01,2000,ATL,2000000
ellisla01,2000,ATL,1925000
jacksji01,2000,ATL,1925000
ferredu01,2000,ATL,1625000
terryja01,2000,ATL,1468920
pollasc01,2000,ATL,1063680
bowdlca01,2000,ATL,1025880
mcleoro01,2000,ATL,914760
glovedi01,2000,ATL,893400
rentzef01,2000,ATL,658700
sheppje01,2000,ATL,385000
willibr01,2000,ATL,35176
walkean02,2000,BOS,9000000
anderke01,2000,BOS,6680000
potapvi01,2000,BOS,3810000
barroda01,2000,BOS,3500000
willier01,2000,BOS,3336000
minorgr01,2000,BOS,2880000
ellispe01,2000,BOS,2750000
battito01,2000,BOS,2530920
mccarwa01,2000,BOS,2500000
radjadi01,2000,BOS,2270500
cheanca01,2000,BOS,2000000
fortsda01,2000,BOS,1678800
piercpa01,2000,BOS,1503960
washier01,2000,BOS,550000
overtdo01,2000,BOS,492000
griffad01,2000,BOS,385000
conloma01,2000,BOS,229059
turnewa01,2000,BOS,30000
thomaja01,2000,BOS,26636
campbel01,2000,CHH,7975000
colemde01,2000,CHH,7370000
masonan01,2000,CHH,4860100
phillbo01,2000,CHH,4060000
davisba01,2000,CHH,2712480
wesleda01,2000,CHH,2520000
jonesed02,2000,CHH,2500000
ellisda01,2000,CHH,2095250
recasel01,2000,CHH,1100000
davisri01,2000,CHH,878160
robined01,2000,CHH,600000
brownch01,2000,CHH,510000
fulleto02,2000,CHH,485000
hawkimi01,2000,CHH,465029
millebr01,2000,CHH,385000
hoodde01,2000,CHH,49721
miskija01,2000,CHH,15982
perduwi01,2000,CHI,5300000
hawkihe01,2000,CHI,4164100
starkjo01,2000,CHI,4000000
brandel01,2000,CHI,3375960
simpkdi01,2000,CHI,1500000
brownra02,2000,CHI,1200000
anstech01,2000,CHI,1113720
artesro01,2000,CHI,1079760
hoibefr01,2000,CHI,800000
boothke01,2000,CHI,776880
benjaco01,2000,CHI,696000
malonma01,2000,CHI,600000
armstbj01,2000,CHI,510000
bowenbr01,2000,CHI,510000
cottoja02,2000,CHI,460000
ruffimi01,2000,CHI,401875
davidko01,2000,CHI,175882
willode01,2000,CHI,134956
ketnela01,2000,CHI,92338
larueru01,2000,CHI,40588
reevekh01,2000,CHI,30309
carrch01,2000,CHI,30000
bastoma01,2000,CHI,20000
kempsh01,2000,CLE,10780000
ilgauzy01,2000,CLE,9000000
persowe01,2000,CLE,4900000
ferryda01,2000,CLE,4000000
surabo01,2000,CLE,3760000
murrala01,2000,CLE,3000000
hendece02,2000,CLE,2400000
bryanma01,2000,CLE,2000000
millean02,2000,CLE,1682280
declean01,2000,CLE,1680000
langdtr01,2000,CLE,1394280
knighbr01,2000,CLE,1234080
stackry01,2000,CLE,385000
benjabe01,2000,CLE,123529
bramlaj01,2000,CLE,118974
hendrma01,2000,CLE,62764
davidko01,2000,CLE,27059
bradlsh01,2000,DAL,7560000
finlemi01,2000,DAL,7200000
nashst01,2000,DAL,5500000
packro01,2000,DAL,4050000
cebalce01,2000,DAL,3500000
stricer01,2000,DAL,2240000
trentga01,2000,DAL,2000000
williho01,2000,DAL,1925000
rooksse01,2000,DAL,1920000
nowitdi01,2000,DAL,1583040
davishu01,2000,DAL,752500
sesayan01,2000,DAL,535000
smithle01,2000,DAL,449920
sundobr01,2000,DAL,385000
jacksra02,2000,DAL,115500
hugheri02,2000,DAL,115423
jonesda01,2000,DAL,106441
buckngr01,2000,DAL,47647
stewake01,2000,DAL,18941
bowmair01,2000,DAL,4529
ollieke01,2000,DAL,2853
sasseja01,2000,DAL,2706
mcdyean01,2000,DEN,9900000
vanexni01,2000,DEN,8354614
stithbr01,2000,DEN,5290000
gatlich01,2000,DEN,4875200
lafrera01,2000,DEN,2777160
jonespo01,2000,DEN,2531250
mccloge01,2000,DEN,2000000
alexaco01,2000,DEN,1980000
abdulta01,2000,DEN,1594920
clarkke01,2000,DEN,1289400
poseyja01,2000,DEN,974520
schindw01,2000,DEN,550000
rogerro02,2000,DEN,485000
bowenry01,2000,DEN,301875
herrech01,2000,DEN,301875
hillgr01,2000,DET,6939000
laettch01,2000,DET,6062500
delebi01,2000,DET,5770000
stackje01,2000,DET,4781250
vaughlo01,2000,DET,4180000
willije01,2000,DET,2550000
hunteli01,2000,DET,2350000
currymi01,2000,DET,2000000
montrer01,2000,DET,2000000
buechju01,2000,DET,1100000
harpede01,2000,DET,1100000
reiddo01,2000,DET,1000000
dumarjo01,2000,DET,510000
millste01,2000,DET,510000
crottjo01,2000,DET,477000
mooremi01,2000,DET,460000
jacksje01,2000,DET,302875
brownma01,2000,DET,43294
richapo01,2000,DET,5882
marshdo01,2000,GSW,5250000
dampier01,2000,GSW,4988000
blaylmo01,2000,GSW,4200000
millsch01,2000,GSW,4200000
caffeja01,2000,GSW,3937500
cummite01,2000,GSW,2600000
jamisan01,2000,GSW,2503800
owensbi01,2000,GSW,2090000
foylead01,2000,GSW,1922520
hughela01,2000,GSW,1722240
cummivo01,2000,GSW,704400
farmeto01,2000,GSW,510000
legleti01,2000,GSW,510000
macksa01,2000,GSW,315000
youngti01,2000,GSW,301875
curlebi01,2000,GSW,117867
jonesda01,2000,GSW,70206
barrydr01,2000,GSW,62765
carrch01,2000,GSW,60000
thomaja01,2000,GSW,31963
jacobsa01,2000,GSW,22647
mortojo01,2000,GSW,6735
davisma02,2000,GSW,6000
olajuha01,2000,HOU,14302001
barklch01,2000,HOU,9000000
williwa02,2000,HOU,3750000
augmost01,2000,HOU,3450000
francst01,2000,HOU,3020520
macledo01,2000,HOU,2800000
rogerca01,2000,HOU,2100000
malonma01,2000,HOU,2081250
andersh01,2000,HOU,2000000
bullama01,2000,HOU,1333333
catoke01,2000,HOU,1299000
masseto01,2000,HOU,1150000
drewbr01,2000,HOU,1105560
shawbr01,2000,HOU,1100000
johnsed03,2000,HOU,1000000
grayed01,2000,HOU,941040
thomake01,2000,HOU,823440
hamilth01,2000,HOU,510000
moblecu01,2000,HOU,385000
grayde01,2000,HOU,88223
millean01,2000,HOU,30000
smitsri01,2000,IND,12250000
millere01,2000,IND,9031850
mckeyde01,2000,IND,4800000
davisda01,2000,IND,4490000
mullich01,2000,IND,4079100
jacksma01,2000,IND,4000000
besttr01,2000,IND,3250000
roseja01,2000,IND,2437500
bendejo01,2000,IND,2214600
perkisa01,2000,IND,1925000
croshau01,2000,IND,1515120
tabakza01,2000,IND,1100000
fosteje01,2000,IND,857760
harrial01,2000,IND,745800
thompla01,2000,IND,510000
popema01,2000,IND,460000
scottbr01,2000,IND,385000
butlemi02,2000,IND,150000
caldwad01,2000,IND,50000
deherte01,2000,IND,50000
olowomi01,2000,LAC,3456240
nesbyty01,2000,LAC,2716667
odomla01,2000,LAC,2445480
piatker01,2000,LAC,2000000
murdoer01,2000,LAC,1925000
robinja02,2000,LAC,1866667
closske01,2000,LAC,1680000
anderde01,2000,LAC,1439400
tayloma01,2000,LAC,1367400
skinnbr01,2000,LAC,843000
smithch04,2000,LAC,779960
aventan01,2000,LAC,510000
richapo01,2000,LAC,500000
hudsotr01,2000,LAC,460000
jonesch03,2000,LAC,385000
conloma01,2000,LAC,114529
onealsh01,2000,LAL,17142858
bryanko01,2000,LAL,9000000
ricegl01,2000,LAL,7000000
horryro01,2000,LAL,4800000
foxri01,2000,LAL,3033000
fishede01,2000,LAL,3000000
knightr01,2000,LAL,2800000
harpero01,2000,LAL,2000000
greenac01,2000,LAL,1700000
johnsma02,2000,LAL,1000000
luety01,2000,LAL,809280
georgde01,2000,LAL,790440
jacobsa01,2000,LAL,721080
sallejo01,2000,LAL,510000
shawbr01,2000,LAL,510000
sealssh01,2000,LAL,385000
celesjo01,2000,LAL,301875
pankoan01,2000,LAL,5000
mournal01,2000,MIA,15004800
mashbja01,2000,MIA,5600000
brownpj01,2000,MIA,5124800
hardati01,2000,MIA,4800000
majerda01,2000,MIA,3600000
lenarvo01,2000,MIA,3308516
stricma01,2000,MIA,2302400
thorpot01,2000,MIA,2000000
weathcl01,2000,MIA,1925000
askinke01,2000,MIA,1752400
causwdu01,2000,MIA,1696387
waltere01,2000,MIA,1100000
jamesti01,2000,MIA,728520
anderwi01,2000,MIA,510000
edwarbl01,2000,MIA,510000
pincked01,2000,MIA,510000
mccasam01,2000,MIA,485000
cartean01,2000,MIA,385000
buforro01,2000,MIA,301875
jamisha01,2000,MIA,301875
watsoja01,2000,MIA,250000
davisma02,2000,MIA,100000
allenra02,2000,MIL,9000000
robingl01,2000,MIL,7250000
mannida01,2000,MIL,6833333
willisc01,2000,MIL,3750000
cassesa01,2000,MIL,3500000
johnser02,2000,MIL,2951029
thomati01,2000,MIL,2098560
traylro01,2000,MIL,2059320
reidjr01,2000,MIL,2000000
delnevi01,2000,MIL,1925000
grantpa01,2000,MIL,1021080
allenje01,2000,MIL,510000
piercri01,2000,MIL,510000
workmha01,2000,MIL,510000
hamda01,2000,MIL,460000
alstora01,2000,MIL,301875
garneke01,2000,MIN,16806300
brandte01,2000,MIN,7400000
garrede01,2000,MIN,2520000
peelean01,2000,MIN,2495500
smithjo02,2000,MIN,2100000
szczewa02,2000,MIN,2011440
mitchsa01,2000,MIN,2000000
hammoto01,2000,MIN,1800000
averywi01,2000,MIN,1196520
sealyma01,2000,MIN,1100000
nestera01,2000,MIN,1050240
jacksbo01,2000,MIN,903360
robinja02,2000,MIN,510000
pattean01,2000,MIN,385000
schayda01,2000,MIN,211765
roelo01,2000,MIN,97412
rileyer01,2000,MIN,50206
wintetr01,2000,MIN,4529
willija01,2000,NJN,12375000
marbust01,2000,NJN,9000000
kittlke01,2000,NJN,7166666
gillke01,2000,NJN,5600000
mcilvji01,2000,NJN,4800000
vanhoke01,2000,NJN,3451920
feickja01,2000,NJN,2000000
perryel01,2000,NJN,2000000
harrilu01,2000,NJN,1920000
newmajo01,2000,NJN,1100000
burresc01,2000,NJN,1000000
douglsh01,2000,NJN,1000000
cagemi01,2000,NJN,510000
haleyja01,2000,NJN,510000
muresgh01,2000,NJN,510000
eschmev01,2000,NJN,301875
ewingpa01,2000,NYK,15000000
johnsla02,2000,NYK,11910714
sprewla01,2000,NYK,9000000
houstal01,2000,NYK,8000000
dudlech02,2000,NYK,7100000
cambyma01,2000,NYK,5250000
wardch01,2000,NYK,4540000
childch01,2000,NYK,4160000
wallajo01,2000,NYK,2000000
thomaku01,2000,NYK,1925000
turkcmi01,2000,NYK,830745
langan01,2000,NYK,510000
wingada01,2000,NYK,510000
brunsri01,2000,NYK,485000
johnsde02,2000,NYK,111871
oliveji01,2000,NYK,7471
armstda01,2000,ORL,4125000
gilliar01,2000,ORL,3707200
stronde01,2000,ORL,3159000
billuch01,2000,ORL,3100080
wilkige01,2000,ORL,3000000
mercero01,2000,ORL,2298840
outlabo01,2000,ORL,2000000
daviste01,2000,ORL,1925000
dareyi01,2000,ORL,1893500
smithmi02,2000,ORL,1660000
doleami01,2000,ORL,1357320
maggeco01,2000,ORL,1259400
grantha01,2000,ORL,1200000
taylojo01,2000,ORL,1172400
harprma01,2000,ORL,1163760
legleti01,2000,ORL,1119000
johnsan02,2000,ORL,1100000
parkean01,2000,ORL,980280
garripa01,2000,ORL,952800
wallabe01,2000,ORL,893750
rhodero01,2000,ORL,600000
willimo01,2000,ORL,510000
mcinnje01,2000,ORL,460000
amaecjo01,2000,ORL,385000
atkinch01,2000,ORL,385000
ndiayma01,2000,ORL,385000
simonmi01,2000,ORL,385000
wilkido01,2000,ORL,250000
boykiea01,2000,ORL,88324
garriki01,2000,ORL,61147
iversal01,2000,PHI,9000000
ratlith01,2000,PHI,7031250
geigema01,2000,PHI,6889520
hillty01,2000,PHI,6422400
kukocto01,2000,PHI,4500000
snower01,2000,PHI,3000000
lynchge01,2000,PHI,2000000
mckieaa01,2000,PHI,1624000
mohamna01,2000,PHI,690960
jonesju01,2000,PHI,684000
mahorri01,2000,PHI,510000
honeyje01,2000,PHI,460000
ollieke01,2000,PHI,422235
maccuto01,2000,PHI,301875
rhodero01,2000,PHI,122000
roberst01,2000,PHI,102824
overtdo01,2000,PHI,100000
shawca01,2000,PHI,25000
goodrst01,2000,PHI,4529
hardaan01,2000,PHO,9000000
guglito01,2000,PHO,8558535
kiddja01,2000,PHO,6858335
robincl02,2000,PHO,6125000
longllu01,2000,PHO,5175000
chapmre01,2000,PHO,3150000
rogerro01,2000,PHO,2000000
mariosh01,2000,PHO,1546320
blounco01,2000,PHO,1100000
baileto01,2000,PHO,535000
dayto01,2000,PHO,510000
milleol01,2000,PHO,510000
westma01,2000,PHO,510000
livinra01,2000,PHO,485000
brownge02,2000,PHO,385000
davisbe01,2000,PHO,45847
brownmi01,2000,PHO,25000
pippesc01,2000,POR,14795642
wallara01,2000,POR,10800000
stoudda01,2000,POR,10125000
sabonar01,2000,POR,9818481
grantbr01,2000,POR,7680862
smithst01,2000,POR,7200000
onealje01,2000,POR,5075000
schrede01,2000,POR,2000000
wellsbo01,2000,POR,1428720
grantga01,2000,POR,1200000
anthogr01,2000,POR,1100000
crottjo01,2000,POR,760000
augmost01,2000,POR,510000
harvean01,2000,POR,510000
kleinjo01,2000,POR,510000
webbech01,2000,SAC,11000000
divacvl01,2000,SAC,8837774
anderni01,2000,SAC,5051906
willico02,2000,SAC,3560000
fundela01,2000,SAC,2400000
willija02,2000,SAC,1879920
gamblke01,2000,SAC,1868750
stojape01,2000,SAC,1310400
pollasc01,2000,SAC,1000000
barryjo01,2000,SAC,800000
martida01,2000,SAC,572500
corbity01,2000,SAC,510000
wennibi01,2000,SAC,510000
delkto01,2000,SAC,485000
roberry01,2000,SAC,301875
longar01,2000,SAC,25000
robinda01,2000,SAS,11592683
elliose01,2000,SAS,5433333
duncati01,2000,SAS,3858240
johnsav01,2000,SAS,3200000
daniean01,2000,SAS,2794920
walkesa01,2000,SAS,2716667
jacksja01,2000,SAS,2483333
rosema01,2000,SAS,2285000
portete01,2000,SAS,2000000
kerrst01,2000,SAS,1968750
eliema01,2000,SAS,1925000
kerseje01,2000,SAS,1000000
spencfe01,2000,SAS,510000
gazean01,2000,SAS,460000
dialde01,2000,SAS,301875
paytoga01,2000,SEA,11020473
bakervi01,2000,SEA,9000000
grantho01,2000,SEA,5952381
barrybr01,2000,SEA,3960000
fostegr01,2000,SEA,1603861
maxweve01,2000,SEA,1430000
mccoyje01,2000,SEA,1000000
patteru01,2000,SEA,900000
stepavl01,2000,SEA,700320
davisem01,2000,SEA,510000
persoch01,2000,SEA,510000
willish01,2000,SEA,500000
vinsofr01,2000,SEA,485000
lewisra02,2000,SEA,385000
borrela01,2000,SEA,301875
oaklech01,2000,TOR,5236000
davisan01,2000,TOR,4200000
brownde01,2000,TOR,4000000
stewami01,2000,TOR,3200000
chrisdo01,2000,TOR,2742600
willike02,2000,TOR,2625000
cartevi01,2000,TOR,2267280
curryde01,2000,TOR,2100000
willial02,2000,TOR,1925000
mcgratr01,2000,TOR,1767120
tylerbj01,2000,TOR,1614000
radojal01,2000,TOR,1325760
thomajo02,2000,TOR,832560
boguemu01,2000,TOR,510000
marksse01,2000,TOR,385000
malonka01,2000,UTA,14000000
stockjo01,2000,UTA,11000000
hornaje01,2000,UTA,5200000
ostergr01,2000,UTA,5200000
russebr01,2000,UTA,4000000
keefead01,2000,UTA,3000000
polynol01,2000,UTA,2000000
eisleho01,2000,UTA,1560000
lewisqu01,2000,UTA,930720
vaughja01,2000,UTA,781800
padgesc01,2000,UTA,679800
kirilan01,2000,UTA,632400
baileth01,2000,UTA,510000
chilcpe01,2000,UTA,510000
gilliar01,2000,UTA,312000
abdursh01,2000,VAN,9000000
reevebr01,2000,VAN,8666666
westdo01,2000,VAN,3295000
bibbymi01,2000,VAN,3092400
pricebr01,2000,VAN,2944000
harriot01,2000,VAN,2025000
longgr01,2000,VAN,2000000
parksch02,2000,VAN,1925000
dickemi01,2000,VAN,1224960
scottde01,2000,VAN,1100000
carran01,2000,VAN,1000000
wheatde01,2000,VAN,460000
ekeziob01,2000,VAN,301875
palacmi01,2000,VAN,301875
stephjo01,2000,VAN,88441
werdaro01,2000,VAN,7471
howarju01,2000,WAS,15000000
richmmi01,2000,WAS,10000000
stricro02,2000,WAS,10000000
austiis01,2000,WAS,4819451
murratr01,2000,WAS,2720000
smithmi02,2000,WAS,2000000
hamilri01,2000,WAS,1836240
whitnch01,2000,WAS,1680000
willilo01,2000,WAS,1540000
williaa01,2000,WAS,1100000
cokerjo01,2000,WAS,510000
jordare01,2000,WAS,510000
kingge02,2000,WAS,460000
whiteja01,2000,WAS,385000
boothca01,2000,WAS,301875
profila01,2000,WAS,301875
lawsoja01,2000,WAS,25000
kernejo01,2000,WAS,5000
mutomdi01,1999,ATL,11218000
smithst01,1999,ATL,6300000
hendeal01,1999,ATL,4725000
normake01,1999,ATL,3775000
blaylmo01,1999,ATL,3600000
longgr01,1999,ATL,2977000
corbity01,1999,ATL,2400000
ellisla01,1999,ATL,1750000
johnsan02,1999,ATL,1000000
westma01,1999,ATL,1000000
grayed01,1999,ATL,832440
mcleoro01,1999,ATL,740000
crawfch01,1999,ATL,350000
sheppje01,1999,ATL,287500
anderke01,1999,BOS,5845000
barroda01,1999,BOS,3500000
minorgr01,1999,BOS,2520000
radjadi01,1999,BOS,2500000
ellispe01,1999,BOS,2420000
jonespo01,1999,BOS,2381000
battito01,1999,BOS,2238000
walkean02,1999,BOS,2107000
mercero01,1999,BOS,2033000
potapvi01,1999,BOS,1339000
piercpa01,1999,BOS,1165000
mccarwa01,1999,BOS,975000
jonesdo01,1999,BOS,953856
schindw01,1999,BOS,662500
rileyer01,1999,BOS,537500
bowenbr01,1999,BOS,507000
garnema01,1999,BOS,287500
jonesda01,1999,BOS,287500
campbel01,1999,CHH,7000000
colemde01,1999,CHH,6667000
masonan01,1999,CHH,4165000
phillbo01,1999,CHH,3480000
jonesed02,1999,CHH,2200000
wesleda01,1999,CHH,2160000
persoch01,1999,CHH,1000000
wolfjo01,1999,CHH,1000000
brownch01,1999,CHH,850000
davisri01,1999,CHH,680000
beckco01,1999,CHH,425000
millebr01,1999,CHH,287500
harpero01,1999,CHI,5280000
kukocto01,1999,CHI,4610000
barrybr01,1999,CHI,3600000
langan01,1999,CHI,3068000
persoch01,1999,CHI,2860000
bryanma01,1999,CHI,2050000
brownra02,1999,CHI,1320000
wennibi01,1999,CHI,1000000
rogerro02,1999,CHI,862560
muursma01,1999,CHI,763200
boothke01,1999,CHI,687240
benjaco01,1999,CHI,540000
sandeje01,1999,CHI,475000
larueru01,1999,CHI,350000
wellsbu01,1999,CHI,312000
carrco01,1999,CHI,287500
davidko01,1999,CHI,287500
jonesch03,1999,CHI,287500
kempsh01,1999,CLE,9740000
persowe01,1999,CLE,4200000
ferryda01,1999,CLE,4000000
surabo01,1999,CLE,3133000
declean01,1999,CLE,1440000
anderde01,1999,CLE,1273000
knighbr01,1999,CLE,1092000
newmajo01,1999,CLE,1000000
blounco01,1999,CLE,537500
butlemi02,1999,CLE,537500
boykiea01,1999,CLE,287500
stackry01,1999,CLE,287500
hendece02,1999,CLE,250000
bradlsh01,1999,DAL,6750000
finlemi01,1999,DAL,6000000
greenac01,1999,DAL,5125088
packro01,1999,DAL,3780000
reevekh01,1999,DAL,2002000
stricer01,1999,DAL,1920000
williho01,1999,DAL,1750000
walkesa01,1999,DAL,1619880
nowitdi01,1999,DAL,1472640
nashst01,1999,DAL,1190760
trentga01,1999,DAL,1000000
anstech01,1999,DAL,985200
cebalce01,1999,DAL,750000
davishu01,1999,DAL,645000
sesayan01,1999,DAL,287500
sundobr01,1999,DAL,287500
mcdyean01,1999,DEN,9000000
stithbr01,1999,DEN,4666000
willier01,1999,DEN,2780000
billuch01,1999,DEN,2742000
lafrera01,1999,DEN,2150000
vanexni01,1999,DEN,1900000
fortsda01,1999,DEN,1485000
taylojo01,1999,DEN,1037000
clarkke01,1999,DEN,1000000
laudepr01,1999,DEN,712200
herreca01,1999,DEN,662500
washier01,1999,DEN,520000
meyerlo01,1999,DEN,450000
mccarke01,1999,DEN,287500
hillgr01,1999,DET,6675000
laettch01,1999,DET,5360000
delebi01,1999,DET,4860000
stackje01,1999,DET,3887000
vaughlo01,1999,DET,3830000
hunteli01,1999,DET,2050000
montrer01,1999,DET,1760000
dumarjo01,1999,DET,1000000
pollasc01,1999,DET,940920
childra01,1999,DET,866320
buechju01,1999,DET,850000
reiddo01,1999,DET,800000
willije01,1999,DET,737880
reevekh01,1999,DET,475000
obannch01,1999,DET,320000
youngko01,1999,DET,287500
marshdo01,1999,GSW,4370000
starkjo01,1999,GSW,4000000
caffeja01,1999,GSW,3675000
millsch01,1999,GSW,3600000
boguemu01,1999,GSW,2800000
colesbi01,1999,GSW,2000000
jamisan01,1999,GSW,1940000
foylead01,1999,GSW,1701000
spencfe01,1999,GSW,1650000
dampier01,1999,GSW,1538000
ferredu01,1999,GSW,1430000
cummite01,1999,GSW,1150000
delkto01,1999,GSW,1131000
olajuha01,1999,HOU,12943000
pippesc01,1999,HOU,11000000
pricebr01,1999,HOU,2240000
barklch01,1999,HOU,1000000
dickemi01,1999,HOU,949600
drewbr01,1999,HOU,857000
macksa01,1999,HOU,545000
millean01,1999,HOU,475000
moblecu01,1999,HOU,287500
smitsri01,1999,IND,8500000
millere01,1999,IND,6781000
mckeyde01,1999,IND,4200000
davisda01,1999,IND,4038000
jacksma01,1999,IND,3600000
mullich01,1999,IND,3510000
davisan01,1999,IND,3500000
besttr01,1999,IND,2750000
roseja01,1999,IND,2145000
perkisa01,1999,IND,1785000
workmha01,1999,IND,1440000
croshau01,1999,IND,1340000
hoibefr01,1999,IND,600000
harrial01,1999,IND,543000
popema01,1999,IND,382000
vrankst01,1999,LAC,4060000
murrala01,1999,LAC,3500000
richapo01,1999,LAC,3030000
rogerro01,1999,LAC,3000000
olowomi01,1999,LAC,2700000
douglsh01,1999,LAC,2200000
wrighlo02,1999,LAC,1923000
robinja02,1999,LAC,1800000
piatker01,1999,LAC,1650000
closske01,1999,LAC,1440000
tayloma01,1999,LAC,1209000
smithch04,1999,LAC,677080
skinnbr01,1999,LAC,653500
hudsotr01,1999,LAC,287500
nesbyty01,1999,LAC,287500
onealsh01,1999,LAL,15000000
ricegl01,1999,LAL,5248000
horryro01,1999,LAL,5000000
armstbj01,1999,LAL,2800000
knightr01,1999,LAL,2400000
foxri01,1999,LAL,1750000
rooksse01,1999,LAL,1680000
blounco01,1999,LAL,1625000
bryanko01,1999,LAL,1319000
harpede01,1999,LAL,1000000
rodmade01,1999,LAL,1000000
johnsma02,1999,LAL,1000000
fishede01,1999,LAL,795000
reidjr01,1999,LAL,780000
patteru01,1999,LAL,628500
jacobsa01,1999,LAL,559000
luety01,1999,LAL,287500
mournal01,1999,MIA,13130000
hardati01,1999,MIA,5600000
mashbja01,1999,MIA,5033000
brownpj01,1999,MIA,4480000
majerda01,1999,MIA,3290000
lenarvo01,1999,MIA,2837000
stricma01,1999,MIA,2100000
causwdu01,1999,MIA,1454000
millste01,1999,MIA,1145000
portete01,1999,MIA,1000000
edwarbl01,1999,MIA,850000
askinke01,1999,MIA,725000
conloma01,1999,MIA,662500
waltere01,1999,MIA,537500
robingl01,1999,MIL,6380000
gatlich01,1999,MIL,4266000
willisc01,1999,MIL,3300000
gilliar01,1999,MIL,3244000
cassesa01,1999,MIL,3000000
johnser02,1999,MIL,2594000
allenra02,1999,MIL,2320000
thomati01,1999,MIL,1856000
delnevi01,1999,MIL,1750000
traylro01,1999,MIL,1590000
curryde01,1999,MIL,1000000
grantpa01,1999,MIL,903240
workmha01,1999,MIL,600000
currymi01,1999,MIL,550000
jordaad01,1999,MIL,350000
garneke01,1999,MIN,14000000
brandte01,1999,MIN,6300000
peelean01,1999,MIN,2254000
garrede01,1999,MIN,2160000
smithjo02,1999,MIN,1750000
curlebi01,1999,MIN,1544000
sealyma01,1999,MIN,1000000
jacksbo01,1999,MIN,799200
scottde01,1999,MIN,725000
evansbr01,1999,MIN,686780
robinja02,1999,MIN,537500
pattean01,1999,MIN,287500
wintetr01,1999,MIN,287500
willija01,1999,NJN,11000000
gillke01,1999,NJN,5000000
seikaro01,1999,NJN,4252000
mcilvji01,1999,NJN,4200000
vanhoke01,1999,NJN,3054000
marbust01,1999,NJN,2562000
cagemi01,1999,NJN,2350000
perryel01,1999,NJN,2000000
kittlke01,1999,NJN,1762000
murdoer01,1999,NJN,1750000
harrilu01,1999,NJN,1680000
burresc01,1999,NJN,1000000
carrch01,1999,NJN,1000000
muresgh01,1999,NJN,475000
vaughda02,1999,NJN,450000
feickja01,1999,NJN,425000
hendrma01,1999,NJN,425000
cunniwi01,1999,NJN,350000
ewingpa01,1999,NYK,18500000
johnsla02,1999,NYK,10186000
sprewla01,1999,NYK,8300000
houstal01,1999,NYK,7000000
childch01,1999,NYK,3640000
cambyma01,1999,NYK,3164000
thomaku01,1999,NYK,1750000
willibu01,1999,NYK,1670000
wardch01,1999,NYK,1221000
scottde01,1999,NYK,1000000
willihe01,1999,NYK,1000000
wingada01,1999,NYK,1000000
turkcmi01,1999,NYK,739400
davisbe01,1999,NYK,425000
brunsri01,1999,NYK,350000
hardaan01,1999,ORL,8505000
grantho01,1999,ORL,7843000
pricema01,1999,ORL,5488000
austiis01,1999,ORL,5000000
anderni01,1999,ORL,3200000
stronde01,1999,ORL,3000000
armstda01,1999,ORL,2900000
wilkige01,1999,ORL,2000000
dareyi01,1999,ORL,1657000
outlabo01,1999,ORL,1150000
doleami01,1999,ORL,1050000
schayda01,1999,ORL,1000000
wilkido01,1999,ORL,1000000
harprma01,1999,ORL,900000
armstbj01,1999,ORL,850000
kernejo01,1999,ORL,287500
simonmi01,1999,ORL,287500
geigema01,1999,PHI,6800000
ratlith01,1999,PHI,6000000
colemde01,1999,PHI,5600000
hillty01,1999,PHI,5352000
iversal01,1999,PHI,3537000
shawbr01,1999,PHI,3400000
waltere01,1999,PHI,1625000
mckieaa01,1999,PHI,1430000
hughela01,1999,PHI,1330000
grantha01,1999,PHI,1000000
mahorri01,1999,PHI,1000000
lynchge01,1999,PHI,1000000
parkean01,1999,PHI,867120
snower01,1999,PHI,846300
overtdo01,1999,PHI,600000
mohamna01,1999,PHI,535000
honeyje01,1999,PHI,300000
shawca01,1999,PHI,287500
guglito01,1999,PHO,7800000
mannida01,1999,PHO,6833000
kiddja01,1999,PHO,6041000
longllu01,1999,PHO,4000000
robincl02,1999,PHO,3500000
chapmre01,1999,PHO,2800000
kleinjo01,1999,PHO,1000000
morrich01,1999,PHO,1000000
mccloge01,1999,PHO,750000
garripa01,1999,PHO,740000
llamaho01,1999,PHO,425000
milicma01,1999,PHO,350000
baileto01,1999,PHO,287500
brownge02,1999,PHO,287500
livinra01,1999,PHO,287500
stoudda01,1999,POR,9000000
wallara01,1999,POR,9000000
sabonar01,1999,POR,9000000
grantbr01,1999,POR,6000000
rideris01,1999,POR,4810000
augmost01,1999,POR,3200000
williwa02,1999,POR,3000000
rogerca01,1999,POR,2000000
jacksji01,1999,POR,1750000
catoke01,1999,POR,1149000
wellsbo01,1999,POR,1100000
onealje01,1999,POR,1075000
anthogr01,1999,POR,1000000
grantga01,1999,POR,1000000
shawbr01,1999,POR,850000
crottjo01,1999,POR,504000
webbech01,1999,SAC,10000000
divacvl01,1999,SAC,8300000
simmoli01,1999,SAC,4238500
gamblke01,1999,SAC,1645000
willija02,1999,SAC,1460000
abdulta01,1999,SAC,1411000
maxweve01,1999,SAC,1000000
barryjo01,1999,SAC,600000
milleol01,1999,SAC,600000
deherte01,1999,SAC,575000
willico02,1999,SAC,500000
robinch01,1999,SAC,375000
hawkimi01,1999,SAC,350000
pollasc01,1999,SAC,350000
jamesje01,1999,SAC,287500
robinda01,1999,SAS,14841000
elliose01,1999,SAS,5333000
smithch01,1999,SAS,4375143
perduwi01,1999,SAS,4373000
duncati01,1999,SAS,3413000
johnsav01,1999,SAS,3000000
daniean01,1999,SAS,2472000
kerrst01,1999,SAS,1774000
eliema01,1999,SAS,1750000
kerseje01,1999,SAS,1000000
rosema01,1999,SAS,425000
gazean01,1999,SAS,350000
kingge02,1999,SAS,287500
willibr01,1999,SAS,287500
paytoga01,1999,SEA,8715000
bakervi01,1999,SEA,4264000
hawkihe01,1999,SEA,3644000
schrede01,1999,SEA,3333000
macledo01,1999,SEA,2460000
ellisda01,1999,SEA,1750000
owensbi01,1999,SEA,1750000
polynol01,1999,SEA,1000000
crottjo01,1999,SEA,600000
williaa01,1999,SEA,575000
stepavl01,1999,SEA,543000
ehlocr01,1999,SEA,504082
barrydr01,1999,SEA,350000
norrimo01,1999,SEA,350000
lewisra02,1999,SEA,287500
mccoyje01,1999,SEA,287500
oaklech01,1999,TOR,10186000
wrighsh01,1999,TOR,4000000
brownde01,1999,TOR,3750000
willimi02,1999,TOR,2975000
chrisdo01,1999,TOR,2353000
willike02,1999,TOR,2100000
cartevi01,1999,TOR,1760000
mcgratr01,1999,TOR,1563000
tylerbj01,1999,TOR,1411000
wallajo01,1999,TOR,1021000
stewami01,1999,TOR,1000000
thomajo02,1999,TOR,737000
knighne01,1999,TOR,537500
slatere01,1999,TOR,400000
marksse01,1999,TOR,287500
malonka01,1999,UTA,6142000
ostergr01,1999,UTA,4333000
stockjo01,1999,UTA,4000000
hornaje01,1999,UTA,3455000
russebr01,1999,UTA,3428000
keefead01,1999,UTA,2650000
fulleto02,1999,UTA,1461000
eisleho01,1999,UTA,1400000
andersh01,1999,UTA,1300000
baileth01,1999,UTA,850000
vaughja01,1999,UTA,691560
fostegr01,1999,UTA,588000
reevebr01,1999,VAN,7222000
hurlebo01,1999,VAN,4030000
westdo01,1999,VAN,2915000
abdursh01,1999,VAN,2842000
bibbymi01,1999,VAN,2400000
smithmi02,1999,VAN,2180000
herreca01,1999,VAN,2080000
parksch02,1999,VAN,2000000
edwardo01,1999,VAN,1625000
maybele01,1999,VAN,1540000
masseto01,1999,VAN,900000
chilcpe01,1999,VAN,700000
rhodero01,1999,VAN,639300
lopezfe01,1999,VAN,600000
deherte01,1999,VAN,537500
brownma01,1999,VAN,500000
wheatde01,1999,VAN,350000
hendejr01,1999,VAN,287500
ndiayma01,1999,VAN,287500
howarju01,1999,WAS,13125000
thorpot01,1999,WAS,4400000
cheanca01,1999,WAS,4000000
richmmi01,1999,WAS,2500000
murratr01,1999,WAS,2380000
daviste01,1999,WAS,1750000
whitnch01,1999,WAS,1440000
legleti01,1999,WAS,1320000
willilo01,1999,WAS,1316000
wallabe01,1999,WAS,800000
cokerjo01,1999,WAS,350000
mcinnje01,1999,WAS,350000
jacksra02,1999,WAS,287500
mccolcj01,2026,ATL,30666666
johnsja05,2026,ATL,30000000
kuminjo01,2026,ATL,23799569
alexani01,2026,ATL,15161800
okongon01,2026,ATL,15000000
kispeco01,2026,ATL,13975000
risacza01,2026,ATL,13197720
vincega01,2026,ATL,11500000
hieldbu01,2026,ATL,9219512
daniedy01,2026,ATL,7707709
newelas01,2026,ATL,3237480
wallake01,2026,ATL,2296274
landajo01,2026,ATL,2296274
gueyemo02,2026,ATL,2221677
reathdu01,2026,ATL,2221677
nfalyda01,2026,ATL,2048494
djurini01,2026,ATL,1272870
houstca01,2026,ATL,699440
bradlto01,2026,ATL,92379
tatumja01,2026,BOS,54126450
brownja02,2026,BOS,53142264
whitede01,2026,BOS,28100000
vucevni01,2026,BOS,21481481
hausesa01,2026,BOS,10044644
pritcpa01,2026,BOS,7232143
gonzahu01,2026,BOS,2783880
scheiba01,2026,BOS,2619000
garzalu01,2026,BOS,2461463
quetane01,2026,BOS,2349578
davisjd01,2026,BOS,2270735
walshjo01,2026,BOS,2221677
william01,2026,BOS,490128
shulgma01,2026,BOS,212145
bassech01,2026,BOS,131970
bassech01,2026,BOS,131970
bantoda01,2026,BOS,131970
harpero02,2026,BOS,123045
tonjejo01,2026,BOS,73153
bantoda01,2026,BOS,28293
portemi01,2026,BRK,38333050
claxtni01,2026,BRK,25352272
mannte01,2026,BRK,15500000
demineg01,2026,BRK,6889200
agbajoc01,2026,BRK,6383525
willizi02,2026,BRK,6250000
sharpda01,2026,BRK,6250000
thomaca02,2026,BRK,5993172
highsha01,2026,BRK,5616000
bufkiko01,2026,BRK,4503720
traorno01,2026,BRK,3811560
clownno01,2026,BRK,3398640
poweldr01,2026,BRK,3372240
whiteda01,2026,BRK,3262560
sarafbe01,2026,BRK,2884560
wolfda01,2026,BRK,2801280
minotjo01,2026,BRK,2378870
johnske07,2026,BRK,2349578
wilsoja03,2026,BRK,2221677
tysonhu01,2026,BRK,2221677
martity01,2026,BRK,2191897
timmedr01,2026,BRK,1955377
scotttr01,2026,BRK,117730
muokada01,2026,BRK,85300
davisdr01,2026,BRK,85300
colliyu01,2026,BRK,85300
smithma02,2026,BRK,73153
nelsogr02,2026,BRK,73153
smithma02,2026,BRK,73153
smithma02,2026,BRK,65838
scotttr01,2026,BRK,45000
smithma02,2026,BRK,42650
roberte02,2026,BRK,25000
scotttr01,2026,BRK,11773
simonan01,2026,CHI,27678571
giddejo01,2026,CHI,25000000
sextoco01,2026,CHI,18975000
colliza01,2026,CHI,18080496
willipa01,2026,CHI,18000000
okorois01,2026,CHI,11000000
iveyja01,2026,CHI,10107163
smithja04,2026,CHI,9000000
jonestr01,2026,CHI,8000000
carteje01,2026,CHI,6809524
dilliro01,2026,CHI,6576120
yabusgu01,2026,CHI,5500000
buzelma01,2026,CHI,5455560
essenno01,2026,CHI,5429520
richani01,2026,CHI,5000000
millele01,2026,CHI,2221677
gueyemo01,2026,CHI,47092
ballla01,2026,CHO,37958760
bridgmi02,2026,CHO,25000000
greenjo02,2026,CHO,13666667
willigr01,2026,CHO,13645500
whiteco01,2026,CHO,12888889
millebr02,2026,CHO,11968800
conlemi01,2026,CHO,10774038
knuepko01,2026,CHO,10015680
connapa01,2026,CHO,9423869
manntr01,2026,CHO,8000000
salauti01,2026,CHO,7863240
branhma01,2026,CHO,4962033
mcneeli01,2026,CHO,2763960
smithni01,2026,CHO,2710680
tillmxa01,2026,CHO,2546675
kalkbry01,2026,CHO,2296274
jamessi01,2026,CHO,2296274
diabamo01,2026,CHO,2270735
connapa01,2026,CHO,1315814
mitchdo01,2026,CLE,46394100
mobleev01,2026,CLE,46394100
hardeja01,2026,CLE,39446090
allenja01,2026,CLE,20000000
strusma01,2026,CLE,15936452
schrode01,2026,CLE,14104000
merrisa01,2026,CLE,8482144
wadede01,2026,CLE,6623456
tysonja01,2026,CLE,3492480
elliske01,2026,CLE,2301587
nancela02,2026,CLE,2296274
bryanth01,2026,CLE,2296274
portecr01,2026,CLE,2221677
proctty01,2026,CLE,1272870
tomlina01,2026,CLE,718150
rubiori01,2026,CLE,424672
irvinky01,2026,DAL,36566002
middlkh01,2026,DAL,33296296
thompkl01,2026,DAL,16666667
gaffoda01,2026,DAL,14386320
washipj01,2026,DAL,14152174
flaggco01,2026,DAL,13825920
martica02,2026,DAL,9594044
marshna01,2026,DAL,9000000
chrisma02,2026,DAL,7714286
jonesty01,2026,DAL,7000000
livelde01,2026,DAL,5253360
poweldw01,2026,DAL,4000000
johnsaj01,2026,DAL,3090480
baglema01,2026,DAL,2296274
willibr03,2026,DAL,2270735
mcgeeja01,2026,DAL,2208856
prospol01,2026,DAL,1002360
nembhry01,2026,DAL,321875
robinje02,2026,DAL,131970
jokicni01,2026,DEN,55224526
murraja01,2026,DEN,46394100
gordoaa01,2026,DEN,22841455
johnsca02,2026,DEN,21057065
valanjo01,2026,DEN,10395000
nnajize01,2026,DEN,8177778
braunch01,2026,DEN,4921797
watsope01,2026,DEN,4356476
holmeda01,2026,DEN,3218760
strawju01,2026,DEN,2674200
brownbr01,2026,DEN,2296274
hardati02,2026,DEN,2296274
pickeja02,2026,DEN,2221677
jonessp01,2026,DEN,623967
jonesty01,2026,DEN,514682
cunnica01,2026,DET,46394100
harrito02,2026,DET,26634146
huertke01,2026,DET,17991071
robindu01,2026,DET,16834692
stewais01,2026,DET,15000000
leverca01,2026,DET,14104000
thompau01,2026,DET,8775000
hollaro01,2026,DET,8657280
durenja01,2026,DET,6483144
saricda01,2026,DET,5426400
reedpa01,2026,DET,5335894
jenkida01,2026,DET,3809524
sassema01,2026,DET,2886720
greenja02,2026,DET,2296274
jonesis01,2026,DET,1955377
klintbo01,2026,DET,1955377
laniech01,2026,DET,1372870
smithto05,2026,DET,70638
curryst01,2026,GSW,59606817
butleji01,2026,GSW,54126450
porzikr01,2026,GSW,30731707
greendr01,2026,GSW,25892857
moodymo01,2026,GSW,11574075
horfoal01,2026,GSW,5685000
podzibr01,2026,GSW,3687960
meltode01,2026,GSW,3080921
paytoga02,2026,GSW,2296274
santogu01,2026,GSW,2221677
postqu01,2026,GSW,1955377
curryse01,2026,GSW,1755198
richawi02,2026,GSW,1272870
spencpa01,2026,GSW,857804
yurtsom01,2026,GSW,131970
yurtsom01,2026,GSW,131970
bassech01,2026,GSW,105576
duranke01,2026,HOU,54708609
sengual01,2026,HOU,33944954
vanvlfr01,2026,HOU,25000000
adamsst01,2026,HOU,14130434
finnedo01,2026,HOU,12700000
smithja05,2026,HOU,12350392
sheppre01,2026,HOU,10603560
thompam01,2026,HOU,9690600
capelca01,2026,HOU,6700000
easonta01,2026,HOU,5675766
tateja01,2026,HOU,2296274
holidaa01,2026,HOU,2296274
greenje02,2026,HOU,2296274
okogijo01,2026,HOU,2296274
davisjd01,2026,HOU,82030
halibty01,2026,IND,45550512
siakapa01,2026,IND,45550512
zubaciv01,2026,IND,18893980
nembhan01,2026,IND,18102000
toppiob01,2026,IND,14000000
nesmiaa01,2026,IND,11000000
mccontj01,2026,IND,10200000
walkeja02,2026,IND,6665520
bradlto01,2026,IND,2940876
sheppbe01,2026,IND,2790720
brownko01,2026,IND,2654880
huffja01,2026,IND,2349578
furphjo01,2026,IND,1955377
pottemi01,2026,IND,1527805
joneska03,2026,IND,1272870
wisemja01,2026,IND,1000000
jacksqu01,2026,IND,601553
robinje02,2026,IND,325365
morrimo01,2026,IND,321184
mathega01,2026,IND,297355
mccluma01,2026,IND,164060
mathega01,2026,IND,131970
bradlto01,2026,IND,131970
bradlto01,2026,IND,131970
wisemja01,2026,IND,131970
mathega01,2026,IND,131970
robinje02,2026,IND,131970
martico01,2026,IND,131970
robinje02,2026,IND,131970
mcgloga01,2026,IND,73153
leonaka01,2026,LAC,50000000
garlada01,2026,LAC,39446090
collijo01,2026,LAC,26580000
bogdabo01,2026,LAC,16020000
jonesde02,2026,LAC,10000000
mathube01,2026,LAC,9187573
lopezbr01,2026,LAC,8750000
jacksis01,2026,LAC,7600000
batumni01,2026,LAC,5601600
dunnkr01,2026,LAC,5426400
bealbr01,2026,LAC,5354000
konanya01,2026,LAC,2743800
chrisca02,2026,LAC,1955377
millejo02,2026,LAC,712637
sandeko01,2026,LAC,475497
bantoda01,2026,LAC,131970
baldwpa01,2026,LAC,131970
jamesle01,2026,LAL,52627153
doncilu01,2026,LAL,45999660
hachiru01,2026,LAL,18259259
reaveau01,2026,LAL,13937574
vandeja01,2026,LAL,11571429
klebima01,2026,LAL,11000000
kennalu01,2026,LAL,11000000
aytonde01,2026,LAL,8104000
laravja01,2026,LAL,6000000
smartma01,2026,LAL,5134000
knechda01,2026,LAL,4010160
hayesja02,2026,LAL,3449323
jamesbr02,2026,LAL,1955377
thierad01,2026,LAL,1272870
bufkiko01,2026,LAL,844607
bufkiko01,2026,LAL,131970
smithni01,2026,LAL,13197
moranja01,2026,MEM,39446090
caldwke01,2026,MEM,21621500
aldamsa01,2026,MEM,18485916
clarkbr01,2026,MEM,12500000
anderky01,2026,MEM,9219512
jeromty01,2026,MEM,8781000
niangge01,2026,MEM,8200000
hendrta01,2026,MEM,6127080
edeyza01,2026,MEM,6045000
cowarce01,2026,MEM,5715120
claytwa01,2026,MEM,3991320
anthoco01,2026,MEM,3700000
spencca01,2026,MEM,2537989
gordoer01,2026,MEM,2296274
pippesc02,2026,MEM,2270735
jacksgg01,2026,MEM,2221677
wellsja01,2026,MEM,1955377
gibsota01,2026,MEM,960753
prospol01,2026,MEM,527879
diakima01,2026,MEM,464050
bassech01,2026,MEM,131970
whiteda01,2026,MEM,131970
jarrede01,2026,MEM,131970
jarrede01,2026,MEM,131970
ruperra01,2026,MEM,131970
kolokch01,2026,MEM,131970
kolokch01,2026,MEM,131970
bufkiko01,2026,MEM,131970
loverla01,2026,MEM,87784
burtoty01,2026,MEM,73153
burtoty01,2026,MEM,73153
balad01,2026,MEM,73153
willilu01,2026,MEM,73153
okanito01,2026,MEM,73153
balad01,2026,MEM,43892
willilu01,2026,MEM,21946
adebaba01,2026,MIA,37096620
herroty01,2026,MIA,31000000
wiggian01,2026,MIA,28223215
roziete01,2026,MIA,26643031
powelno01,2026,MIA,20482758
mitchda01,2026,MIA,11600000
fontesi01,2026,MIA,8307692
jovicni01,2026,MIA,4445417
wareke01,2026,MIA,4443360
jaqueja01,2026,MIA,3861600
jakucka01,2026,MIA,3658800
smithdr01,2026,MIA,2378870
johnske10,2026,MIA,1955377
larsspe01,2026,MIA,1955377
gardnmy01,2026,MIA,395029
youngja05,2026,MIA,23546
antetgi01,2026,MIL,54126450
turnemy01,2026,MIL,25318251
lillada01,2026,MIL,22516603
kuzmaky01,2026,MIL,22410605
portibo01,2026,MIL,13445754
diengou01,2026,MIL,6670882
porteke02,2026,MIL,5134000
rolliry01,2026,MIL,4000000
trentga02,2026,MIL,3697105
harriga01,2026,MIL,3634153
princta02,2026,MIL,3303774
simsje01,2026,MIL,2461463
greenaj01,2026,MIL,2301587
antetth01,2026,MIL,2296274
livinch01,2026,MIL,2296274
jacksan01,2026,MIL,2221677
hayesni01,2026,MIL,2048494
smithty02,2026,MIL,1955377
thomaca02,2026,MIL,844607
micicva01,2026,MIL,666667
nancepe01,2026,MIL,600000
edwaran01,2026,MIN,45550512
goberru01,2026,MIN,35000000
randlju01,2026,MIN,30864198
mcdanja02,2026,MIN,24393104
reidna01,2026,MIN,21551724
divindo01,2026,MIN,11990000
dosunay01,2026,MIN,7518518
berinjo01,2026,MIN,4201080
shannte01,2026,MIN,2674080
inglejo01,2026,MIN,2296274
hylanbo01,2026,MIN,2296274
phillju01,2026,MIN,2221677
clarkja02,2026,MIN,2191897
conlemi01,2026,MIN,725834
anderky01,2026,MIN,567470
willizi01,2026,NOP,39446090
poolejo01,2026,NOP,31848215
murrade01,2026,NOP,30801103
murphtr02,2026,NOP,25000000
joneshe01,2026,NOP,13937574
looneke01,2026,NOP,8000000
fearsje01,2026,NOP,7520040
beysa01,2026,NOP,6118644
terryda01,2026,NOP,5399118
queende01,2026,NOP,5157960
hawkijo01,2026,NOP,4741320
missiyv01,2026,NOP,3353040
jordade01,2026,NOP,2269880
matkoka01,2026,NOP,1955377
peavymi01,2026,NOP,1272870
mcgowbr01,2026,NOP,724598
sprinja01,2026,NOP,70732
townska01,2026,NYK,53142264
anunoog01,2026,NYK,39568966
brunsja01,2026,NYK,34944001
bridgmi01,2026,NYK,24900000
hartjo01,2026,NYK,19472240
robinmi01,2026,NYK,12954546
alvarjo01,2026,NYK,4500000
mcbrimi01,2026,NYK,4333333
dadiepa01,2026,NYK,2847600
clarkjo01,2026,NYK,2296274
shamela01,2026,NYK,2296274
kolekty01,2026,NYK,2191897
hukpoar01,2026,NYK,1955377
diawamo01,2026,NYK,1272870
sochaje01,2026,NYK,778622
gilgesh01,2026,OKC,38333050
harteis01,2026,OKC,28500000
dortlu01,2026,OKC,18222222
carusal01,2026,OKC,18102000
holmgch01,2026,OKC,13731368
joeis01,2026,OKC,12362338
wiggiaa01,2026,OKC,10102803
willija07,2026,OKC,8450704
willike04,2026,OKC,7163000
willija06,2026,OKC,6580997
wallaca01,2026,OKC,5820240
topicni01,2026,OKC,5182920
sorbeth01,2026,OKC,4655040
mccaija01,2026,OKC,4221360
mitchaj01,2026,OKC,3000000
plumlma01,2026,OKC,2296274
wagnefr01,2026,ORL,38661750
banede01,2026,ORL,36725670
suggsja01,2026,ORL,35000000
banchpa01,2026,ORL,15334769
isaacjo01,2026,ORL,15000000
cartewe01,2026,ORL,10850000
bitadgo01,2026,ORL,8333333
blackan01,2026,ORL,7970280
howarje01,2026,ORL,5529720
wagnemo01,2026,ORL,5000000
dasiltr01,2026,ORL,3809520
richaja02,2026,ORL,2983320
pendano01,2026,ORL,1272870
carteje01,2026,ORL,871000
cainja01,2026,ORL,328120
embiijo01,2026,PHI,55224526
georgpa01,2026,PHI,51666090
maxeyty01,2026,PHI,37958760
edgecvj01,2026,PHI,11108880
grimequ01,2026,PHI,8741209
oubreke01,2026,PHI,8382150
drumman01,2026,PHI,5000000
barlodo01,2026,PHI,3415000
watfotr01,2026,PHI,2461463
lowryky01,2026,PHI,2296274
edwarju01,2026,PHI,2048494
bonaad01,2026,PHI,1955377
broomjo01,2026,PHI,1272870
walkeja01,2026,PHI,724598
payneca01,2026,PHI,712637
baldwpa01,2026,PHI,131970
bassech01,2026,PHI,131970
bassech01,2026,PHI,131970
terryda01,2026,PHI,125931
batesem01,2026,PHI,15000
bookede01,2026,PHO,53142264
greenja05,2026,PHO,33584499
brookdi01,2026,PHO,21124110
bealbr01,2026,PHO,19383010
allengr01,2026,PHO,16875000
onealro01,2026,PHO,10125000
willima07,2026,PHO,6276531
maluakh01,2026,PHO,6016080
littlna01,2026,PHO,3107143
dunnry01,2026,PHO,2657760
goodwjo01,2026,PHO,2349578
gilleco01,2026,PHO,2296274
coffeam01,2026,PHO,2296274
anthoco01,2026,PHO,2296274
ighodos01,2026,PHO,1955377
flemira01,2026,PHO,1272870
highsha01,2026,PHO,827984
liddeej01,2026,PHO,706898
bouyeja01,2026,PHO,574210
holidjr01,2026,POR,32400000
grantje01,2026,POR,32000001
aytonde01,2026,POR,25550814
avdijde01,2026,POR,14375000
lillada01,2026,POR,14104000
williro04,2026,POR,13285713
thybuma01,2026,POR,11550000
hendesc01,2026,POR,10748040
sharpsh01,2026,POR,8399983
clingdo01,2026,POR,7178400
yangha01,2026,POR,4422360
murrakr01,2026,POR,3132000
krejcvi01,2026,POR,2349578
weslebl01,2026,POR,2296274
camarto01,2026,POR,2221677
ruperra01,2026,POR,2221677
cissosi01,2026,POR,686243
louzama01,2026,POR,268032
lavinza01,2026,SAC,47499660
sabondo01,2026,SAC,42336000
derozde01,2026,SAC,24570000
huntede01,2026,SAC,23303571
monkma01,2026,SAC,18797619
murrake02,2026,SAC,11144093
cartede02,2026,SAC,4923720
cliffni01,2026,SAC,3108120
eubandr01,2026,SAC,2296274
westbru01,2026,SAC,2296274
mcderdo01,2026,SAC,2296274
achiupr01,2026,SAC,2111516
raynama01,2026,SAC,1272870
hayeski01,2026,SAC,444658
hayeski01,2026,SAC,131970
hayeski01,2026,SAC,131970
jeffrda01,2026,SAC,131970
foxde01,2026,SAS,37096620
vassede01,2026,SAS,27000000
barneha02,2026,SAS,19000000
johnske04,2026,SAS,17500000
olynyke01,2026,SAS,13445122
wembavi01,2026,SAS,13376880
harpedy01,2026,SAS,12370320
kornelu01,2026,SAS,11000000
castlst01,2026,SAS,9560520
sochaje01,2026,SAS,7096231
bryanca01,2026,SAS,4900320
champju02,2026,SAS,3000000
mclaujo01,2026,SAS,2296274
waterli01,2026,SAS,2296274
biyombi01,2026,SAS,2296274
plumlma01,2026,SAS,593864
plumlma01,2026,SAS,131970
barnesc01,2026,TOR,38661750
ingrabr01,2026,TOR,38095238
quickim01,2026,TOR,32500000
barrerj01,2026,TOR,27705357
poeltja01,2026,TOR,19500000
murraco01,2026,TOR,6332520
dickgr01,2026,TOR,4990560
walteja01,2026,TOR,3638160
mamuksa01,2026,TOR,2461463
templga01,2026,TOR,2296274
paulch01,2026,TOR,2296274
jackstr02,2026,TOR,2221677
battlja01,2026,TOR,1955377
mogbojo01,2026,TOR,1955377
sheadja01,2026,TOR,1955377
bambamo01,2026,TOR,194771
fultzma01,2026,TOR,131970
keyty01,2026,TOR,51207
lawsoaj01,2026,TOR,26394
markkla01,2026,UTA,46394100
jacksja02,2026,UTA,35000000
nurkiju01,2026,UTA,19375000
clarkjo01,2026,UTA,10651561
balllo01,2026,UTA,10000000
baileac01,2026,UTA,9069840
konchjo01,2026,UTA,6165000
willico04,2026,UTA,5742480
kesslwa01,2026,UTA,4878938
georgke01,2026,UTA,4278960
loveke01,2026,UTA,4150000
mykhasv01,2026,UTA,3675000
filipky01,2026,UTA,3000000
sensabr01,2026,UTA,2693760
colliis01,2026,UTA,2638200
willivi01,2026,UTA,2301587
bouchch01,2026,UTA,2296274
bambamo01,2026,UTA,131970
bambamo01,2026,UTA,131970
chandke01,2026,UTA,117730
chandke01,2026,UTA,117730
garcian01,2026,UTA,73153
mbengbe01,2026,UTA,73153
mbengbe01,2026,UTA,73153
mbengbe01,2026,UTA,73153
grayha01,2026,UTA,14631
davisan02,2026,WAS,54126450
youngtr01,2026,WAS,46394100
smartma01,2026,WAS,14786855
sarral01,2026,WAS,11808240
johnstr03,2026,WAS,8237640
coulibi01,2026,WAS,7275600
hardyja02,2026,WAS,6000000
russeda01,2026,WAS,5685000
carrica01,2026,WAS,4677600
whitmca01,2026,WAS,3539760
rileywi01,2026,WAS,3512520
weslebl01,2026,WAS,3347458
georgky01,2026,WAS,2966760
vukcetr01,2026,WAS,2857143
jonesdi01,2026,WAS,2753280
champju01,2026,WAS,2349578
gillan01,2026,WAS,2296274
exumda01,2026,WAS,2296274
watkija01,2026,WAS,1131970
labissk01,2026,WAS,131970
willial06,2026,WAS,131970
gilbeke01,2026,WAS,73153
richmka01,2026,WAS,73153
